municipality,official_website_url,office_rows,schema_ready_rows,unresolved_rows,legal_source_urls,election_source_urls,results_source_urls,current_officeholder_verified_rows,known_vacancies,officeholder_unresolved_markers,person_validation_status,conflicts_notes,status
Abington,https://www.abingtonma.gov/,11,6,5,https://ecode360.com/34424196,https://www.abingtonma.gov/article/2162181,https://www.abingtonma.gov/article/2171924,0,0,0,schema-valid-for-serialized-persons,Charter Article III enumerates these offices; several seat/term details remain unresolved. | Charter Article III enumerates these offices; several seat/term details remain unresolved. | Charter Article III enumerates these offices; several seat/term details remain unresolved. | Charter Article III enumerates these offices; several seat/term details remain unresolved. | Charter Article III enumerates these offices; several seat/term details remain unresolved.,locally-researched-partial-or-substantial
Acton,,8,5,3,https://actonma.gov/election,https://actonma.gov/election,https://actonma.gov/598,0,0,0,schema-valid-for-serialized-persons,Assistant Moderator and specified fund trustees are elected at Annual Town Meeting rather than by ordinary ballot. Water District and library seat counts need further legal normalization. | Assistant Moderator and specified fund trustees are elected at Annual Town Meeting rather than by ordinary ballot. Water District and library seat counts need further legal normalization. | Assistant Moderator and specified fund trustees are elected at Annual Town Meeting rather than by ordinary ballot. Water District and library seat counts need further legal normalization.,locally-researched-partial-or-substantial
Acushnet,,13,13,0,https://acushnet.ma.us/1200/Elected-Officials | https://www.acushnet.ma.us/1291/Board-of-Selectmen | https://www.acushnet.ma.us/1206/Town-Clerk,https://www.acushnet.ma.us/1206/Town-Clerk,https://www.acushnet.ma.us/1928/2026-Annual-Town-Election-Results,0,0,0,schema-valid-for-serialized-persons,,locally-researched-partial-or-substantial
Adams,,15,7,8,https://www.town.adams.ma.us/town-administrator/pages/act-establishing-selectmen-administrator-form-government-town-adams | https://www.town.adams.ma.us/planning-board | https://www.town.adams.ma.us/board-selectmen/pages/what-we-do,https://www.town.adams.ma.us/town-clerk/pages/elections-voting,,0,0,0,schema-valid-for-serialized-persons,Elected status established by the Adams selectmen-administrator special act; total board/authority seat count still being normalized where null. | Elected status established by the Adams selectmen-administrator special act; total board/authority seat count still being normalized where null. | Elected status established by the Adams selectmen-administrator special act; total board/authority seat count still being normalized where null. | Elected status established by the Adams selectmen-administrator special act; total board/authority seat count still being normalized where null. | Elected status established by the Adams selectmen-administrator special act; total board/authority seat count still being normalized where null. | Elected status established by the Adams selectmen-administrator special act; total board/authority seat count still being normalized where null. | Elected status established by the Adams selectmen-administrator special act; total board/authority seat count still being normalized where null. | Representative Town Meeting; exact elected member count/precinct allocation remains to be normalized from the representative-town-meeting special act.,locally-researched-partial-or-substantial
Agawam,,3,3,0,https://www.agawam.ma.us/190/City-Council | https://ecode360.com/12065192 | https://ecode360.com/12065211?searchId=14400851291514820,https://www.agawam.ma.us/231/Election-Information,https://www.agawam.ma.us/231/Election-Information,0,0,0,schema-valid-for-serialized-persons,,locally-researched-partial-or-substantial
Alford,,4,1,3,https://www.townofalford.org/home/town-clerk-office/news/nomination-papers-available-annual-town-election-may-19-2026 | https://www.townofalford.org/select-board,https://www.townofalford.org/home/town-clerk-office/news/nomination-papers-available-annual-town-election-may-19-2026,,0,0,0,schema-valid-for-serialized-persons,2026 nomination notice confirms elected Finance Committee seats; total committee size remains unresolved.,locally-researched-partial-or-substantial
Amesbury,,5,2,3,https://malegislature.gov/Laws/SessionLaws/Acts/2021/Chapter46,https://www.amesburyma.gov/329/Elections,https://www.amesburyma.gov/329/Elections,0,0,0,schema-valid-for-serialized-persons,"School Committee has 6 elected citywide members plus Mayor ex officio, 7 total. | School Committee has 6 elected citywide members plus Mayor ex officio, 7 total. | School Committee has 6 elected citywide members plus Mayor ex officio, 7 total.",locally-researched-partial-or-substantial
Amherst,,6,6,0,https://www.amherstma.gov/1079/Running-for-Elected-Office,https://www.amherstma.gov/1079/Running-for-Elected-Office,,0,0,0,schema-valid-for-serialized-persons,,locally-researched-partial-or-substantial
Andover,,7,3,4,https://ecode360.com/15616144 | https://ecode360.com/15615550 | https://www.andoverma.gov/27/Governance,https://www.andoverma.gov/348/Elections,https://www.andoverma.gov/348/Elections,0,0,0,schema-valid-for-serialized-persons,"Elected at Town Meeting from the floor, not by ordinary ballot. | Charter/bylaw confirms elected status; total current elected trustee count not normalized in this pass.",locally-researched-partial-or-substantial
Aquinnah,,7,2,5,https://www.aquinnah-ma.gov/home/news/aq-annual-town-meeting-and-election-information-nominations-papers-are-available-0,https://www.aquinnah-ma.gov/home/news/aq-annual-town-meeting-and-election-information-nominations-papers-are-available-0,https://www.aquinnah-ma.gov/home/news/may-15th-2025-aquinnah-town-election-results,0,0,0,schema-valid-for-serialized-persons,2026 official nomination notice confirms this is an elected office; total board/committee size remains unresolved where seats is null. | 2026 official nomination notice confirms this is an elected office; total board/committee size remains unresolved where seats is null. | 2026 official nomination notice confirms this is an elected office; total board/committee size remains unresolved where seats is null. | 2026 official nomination notice confirms this is an elected office; total board/committee size remains unresolved where seats is null. | 2026 official nomination notice confirms this is an elected office; total board/committee size remains unresolved where seats is null.,locally-researched-partial-or-substantial
Arlington,,5,2,3,https://www.arlingtonma.gov/Home/Components/News/News/11488/191 | https://www.arlingtonma.gov/i-want-to/learn-about/arlington-history-facts,https://www.arlingtonma.gov/Home/Components/News/News/11488/191,https://www.arlingtonma.gov/i-want-to/advanced-components/custom-documents-images-calendar/-item-22885/-selcat-86/-sortn-EName/-folder-6426/-toggle-next30days/-sortd-asc,0,0,0,schema-valid-for-serialized-persons,,locally-researched-partial-or-substantial
Ashburnham,,7,7,0,https://www.ashburnham-ma.gov/350/Elected-Town-Officials | https://ecode360.com/38371406 | https://ashburnham-ma.gov/387/Select-Board,https://ashburnham-ma.gov/743/ELECTION-INFO---2026,https://ashburnham-ma.gov/743/ELECTION-INFO---2026,0,0,0,schema-valid-for-serialized-persons,,locally-researched-partial-or-substantial
Ashby,,11,4,7,https://www.ashbyma.gov/departments/town-clerk/elected-appointed-offices/ | https://www.ashbyma.gov/departments/selectboard/,https://www.ashbyma.gov/departments/town-clerk/elected-appointed-offices/,https://www.ashbyma.gov/,0,0,0,schema-valid-for-serialized-persons,Official elected/appointed office page confirms elected status and term; total board size unresolved where seats is null. | Official elected/appointed office page confirms elected status and term; total board size unresolved where seats is null. | Official elected/appointed office page confirms elected status and term; total board size unresolved where seats is null. | Official elected/appointed office page confirms elected status and term; total board size unresolved where seats is null. | Official elected/appointed office page confirms elected status and term; total board size unresolved where seats is null. | Official elected/appointed office page confirms elected status and term; total board size unresolved where seats is null. | Official elected/appointed office page confirms elected status and term; total board size unresolved where seats is null.,locally-researched-partial-or-substantial
Ashfield,,4,4,0,https://www.ashfield.org/2148/Board-of-Assessors | https://ashfield.org/2153/Board-of-Health | https://www.ashfield.org/2155/Planning-Board | https://www.ashfield.org/2151/Select-Board,https://www.ashfield.org/2379/Elections-Voting,,0,0,0,schema-valid-for-serialized-persons,,locally-researched-partial-or-substantial
Ashland,,8,8,0,https://ecode360.com/34030918 | https://ecode360.com/34030917 | https://ecode360.com/34030925,,,0,0,0,schema-valid-for-serialized-persons,,locally-researched-partial-or-substantial
Athol,,3,2,1,https://www.athol-ma.gov/m/newsflash/Home/Detail/27?arc=51 | https://www.athol-ma.gov/340/Town-Charter,https://www.athol-ma.gov/494/Election-Information,https://www.athol-ma.gov/m/newsflash/Home/Detail/27?arc=51,0,0,0,schema-valid-for-serialized-persons,2026 official results show Athol and Royalston-specific school committee seats; total allocation requires district-agreement normalization.,locally-researched-partial-or-substantial
Attleboro,,6,6,0,https://www.cityofattleboro.us/1862/Elected-Officials,,,0,0,0,schema-valid-for-serialized-persons,,locally-researched-partial-or-substantial
Auburn,,1,1,0,https://www.auburnma.gov/283/Select-Board,https://www.auburnma.gov/256/Voting-Elections,https://www.auburnma.gov/Archive.aspx?AMID=41,0,0,0,schema-valid-for-serialized-persons,,locally-researched-partial-or-substantial
Avon,,10,7,3,https://www.avon-ma.gov/1741/Board-of-Assessors | https://www.avon-ma.gov/1740/Board-of-Health | https://www.avon-ma.gov/DocumentCenter/View/7711/April-14-2026-Local-Election | https://www.avon-ma.gov/1779/Library-Trustees | https://www.avon-ma.gov/1722/Planning-Board | https://www.avon-ma.gov/1721/Redevelopment-Authority | https://www.avon-ma.gov/1720/School-Committee | https://www.avon-ma.gov/1718/Sewer-Commission,https://www.avon-ma.gov/1863/Voting-Elections,https://www.avon-ma.gov/DocumentCenter/View/7711/April-14-2026-Local-Election,0,0,0,schema-valid-for-serialized-persons,"2026 official result shows a three-year Constable contest, vote for two; total number of constable positions remains unresolved. | 2026 official result shows a three-year Parks and Recreation contest, vote for two; total board composition remains unresolved. | 2026 official election result confirms a Select Board seat with a three-year term; total current board composition still needs controlling-source normalization.",locally-researched-partial-or-substantial
Ayer,,11,2,9,https://www.ayer.ma.us/185/Offices-on-the-Ballot | https://www.ayer.ma.us/424/Select-Board,https://www.ayer.ma.us/185/Offices-on-the-Ballot,https://www.ayer.ma.us/173/Election-Voting-Town-Meeting-Information,0,0,0,schema-valid-for-serialized-persons,Annual election 'Offices on the Ballot' establishes elected status and regular term; total board/committee composition remains unresolved in this pass. | Annual election 'Offices on the Ballot' establishes elected status and regular term; total board/committee composition remains unresolved in this pass. | Annual election 'Offices on the Ballot' establishes elected status and regular term; total board/committee composition remains unresolved in this pass. | Annual election 'Offices on the Ballot' establishes elected status and regular term; total board/committee composition remains unresolved in this pass. | Annual election 'Offices on the Ballot' establishes elected status and regular term; total board/committee composition remains unresolved in this pass. | Annual election 'Offices on the Ballot' establishes elected status and regular term; total board/committee composition remains unresolved in this pass. | Annual election 'Offices on the Ballot' establishes elected status and regular term; total board/committee composition remains unresolved in this pass. | Annual election 'Offices on the Ballot' establishes elected status and regular term; total board/committee composition remains unresolved in this pass. | Annual election 'Offices on the Ballot' establishes elected status and regular term; total board/committee composition remains unresolved in this pass.,locally-researched-partial-or-substantial
Barnstable,,4,4,0,https://ecode360.com/6560163 | https://ecode360.com/12065316,https://www.townofbarnstable.us/Departments/TownClerk/Office_Information/Election-Information.asp,https://www.townofbarnstable.us/Departments/TownClerk/Office_Information/Election-Information.asp,0,0,0,schema-valid-for-serialized-persons,,locally-researched-partial-or-substantial
Barre,,12,6,6,https://www.townofbarre.com/assessors | https://www.townofbarre.com/vertical/sites/%7BBE114F1B-906E-45B0-8413-50FFE8B51C22%7D/uploads/2026-ATE-4-6-Results-8x11-pdf.pdf | https://www.townofbarre.com/health | https://www.townofbarre.com/planning | https://www.townofbarre.com/selectboard | https://www.townofbarre.com/sewer | https://www.townofbarre.com/water,https://www.townofbarre.com/index.asp?DE=1707B3CD-D60D-428F-98A7-EF4732C396A9&SEC=227CF36F-CC5B-4428-AE07-F3A7F07F34B0,https://www.townofbarre.com/vertical/sites/%7BBE114F1B-906E-45B0-8413-50FFE8B51C22%7D/uploads/2026-ATE-4-6-Results-8x11-pdf.pdf,0,0,0,schema-valid-for-serialized-persons,"2026 annual election result establishes an elected 1-year Associate Planning Board seat; total associate-seat structure remains unresolved. | 2026 annual election result establishes an elected 2-year Constable seat; total number of constable positions remains unresolved. | 2026 result contains Felton Field contests with 1-, 2-, and 3-year terms, consistent with vacancies/unexpired terms; total commission size and regular term require normalization. | 2026 annual election result establishes an elected 5-year Housing Authority seat; total locally elected seat count remains unresolved. | 2026 annual election result shows two Library Trustee seats with 3-year terms; total board size remains unresolved. | 2026 result establishes a 3-year Quabbin Regional School Committee seat; Barre's total allocation requires district-agreement normalization.",locally-researched-partial-or-substantial
Becket,https://www.townofbecket.org/,8,7,1,https://www.townofbecket.org/select-board | https://www.townofbecket.org/town-clerk/pages/town-meetings-elections | https://www.townofbecket.org/planning-board | https://www.townofbecket.org/board-health | https://www.townofbecket.org/board-assessors | https://www.townofbecket.org/school-committee-central-berkshire-regional-school-district,https://www.townofbecket.org/town-clerk/pages/town-meetings-elections,https://www.townofbecket.org/town-clerk/files/2026-annual-town-election-results,13,0,3,schema-valid-for-serialized-persons,The 2026 ballot confirms an elected three-year Finance Committee seat; total elected membership was not independently normalized.,locally-researched-partial-or-substantial
Bedford,,9,9,0,https://bedfordma.gov/1042/Elections-Elected-Town-Officials,https://www.bedfordma.gov/281/Elections,https://www.bedfordma.gov/282/Elections-Results,0,0,0,schema-valid-for-serialized-persons,,locally-researched-partial-or-substantial
Belchertown,,1,1,0,https://ecode360.com/9050369,https://www.belchertown.org/290/Running-For-Town-Office,,0,0,0,schema-valid-for-serialized-persons,,locally-researched-partial-or-substantial
Bellingham,,9,3,6,https://ecode360.com/15942725,https://www.bellinghamma.org/669/Elections,https://www.bellinghamma.org/669/Election-Results,0,0,0,schema-valid-for-serialized-persons,Charter Article 3 establishes elected status; total composition is unresolved here where seats is null. | Charter Article 3 establishes elected status; total composition is unresolved here where seats is null. | Charter Article 3 establishes elected status; total composition is unresolved here where seats is null. | Charter Article 3 establishes elected status; total composition is unresolved here where seats is null. | Charter Article 3 establishes elected status; total composition is unresolved here where seats is null. | Charter Article 3 establishes elected status; total composition is unresolved here where seats is null.,locally-researched-partial-or-substantial
Belmont,,9,5,4,https://ecode360.com/27111365 | https://ecode360.com/27111378 | https://www.belmont-ma.gov/List.aspx | https://ecode360.com/27127139 | https://ecode360.com/15794982 | https://www.belmontlight.com/about/governance/ | https://www.belmont-ma.gov/1959/Governance,,,0,0,0,schema-valid-for-serialized-persons,Representative Town Meeting members are elected by precinct; exact current total/precinct allocation is still being normalized.,locally-researched-partial-or-substantial
Berkley,,1,1,0,https://malegislature.gov/Laws/SessionLaws/Acts/2026/Chapter124,https://www.mma.org/community/berkley/,,0,0,0,schema-valid-for-serialized-persons,,locally-researched-partial-or-substantial
Berlin,,8,6,2,https://www.townofberlin.com/DocumentCenter/View/1612/2026-Local-Town-Election | https://www.townofberlin.com/1328/Cemetery-Commission | https://townofberlin.com/1209/Berlin-Public-Library | https://www.townofberlin.com/1314/Planning-Board | https://townofberlin.com/1312/Select-Board,https://www.townofberlin.com/1290/Elections,https://www.townofberlin.com/DocumentCenter/View/1612/2026-Local-Town-Election,0,0,0,schema-valid-for-serialized-persons,2026 result establishes an elected regular 3-year Assessor seat plus a separate 1-year unexpired Assessor contest; total assessor-board size remains unresolved. | 2026 local election result contains a Board of Health contest; total board size and regular term remain unresolved.,locally-researched-partial-or-substantial
Bernardston,,11,4,7,https://www.townofbernardston.org/town-clerk/page/2025-annual-town-election-results | https://www.townofbernardston.org/board-health | https://www.townofbernardston.org/cushman-library/page/cushman-library-board-trustees | https://www.townofbernardston.org/recreation-commission | https://www.townofbernardston.org/selectboard/page/employment-and-volunteer-opportunities | https://www.townofbernardston.org/selectboard,https://www.townofbernardston.org/town-clerk,https://www.townofbernardston.org/town-clerk/page/2025-annual-town-election-results,0,0,0,schema-valid-for-serialized-persons,Elected status established by official 2025 Annual Town Election results; current total seat count/term remains unresolved in this pass. | Elected status established by official 2025 Annual Town Election results; current total seat count/term remains unresolved in this pass. | Elected status established by official 2025 Annual Town Election results; current total seat count/term remains unresolved in this pass. | Official town volunteer page identifies School Committee as elected with a 4-year term; town allocation/total district seats remain unresolved. | Elected status established by official 2025 Annual Town Election results; current total seat count/term remains unresolved in this pass. | Elected status established by official 2025 Annual Town Election results; current total seat count/term remains unresolved in this pass. | Elected status established by official 2025 Annual Town Election results; current total seat count/term remains unresolved in this pass.,locally-researched-partial-or-substantial
Beverly,,1,1,0,https://www.beverlyma.gov/429/City-Council,,,0,0,0,schema-valid-for-serialized-persons,,locally-researched-partial-or-substantial
Billerica,,8,8,0,https://billerica.gov/wp-content/uploads/2025/04/Billerica-Town-Officials-7-1-25-thru-6-30-26-v2.pdf | https://billerica.gov/161/Town-Meeting,https://town.billerica.ma.us/377/Election-Results-Information,https://town.billerica.ma.us/377/Election-Results-Information,0,0,0,schema-valid-for-serialized-persons,,locally-researched-partial-or-substantial
Blackstone,,12,12,0,https://ecode360.com/12065790 | https://ecode360.com/12065778,https://www.townofblackstone.org/827/Annual-Town-Election---April-6-2026,https://www.townofblackstone.org/827/Annual-Town-Election---April-6-2026,0,0,0,schema-valid-for-serialized-persons,,locally-researched-partial-or-substantial
Blandford,,14,6,8,https://townofblandford.gov/2026/06/13/2026-annual-town-election-results/ | https://townofblandford.gov/2022/06/11/2022-election-results/ | https://townofblandford.gov/town-departments/library/,https://townofblandford.gov/tag/elections/,https://townofblandford.gov/2026/06/13/2026-annual-town-election-results/,0,0,0,schema-valid-for-serialized-persons,Elected status and regular term are established by official annual election notices/results; total board/office seat count remains unresolved where seats is null. | Elected status and regular term are established by official annual election notices/results; total board/office seat count remains unresolved where seats is null. | Elected status and regular term are established by official annual election notices/results; total board/office seat count remains unresolved where seats is null. | Elected status and regular term are established by official annual election notices/results; total board/office seat count remains unresolved where seats is null. | Elected status and regular term are established by official annual election notices/results; total board/office seat count remains unresolved where seats is null. | Elected status and regular term are established by official annual election notices/results; total board/office seat count remains unresolved where seats is null. | Elected status and regular term are established by official annual election notices/results; total board/office seat count remains unresolved where seats is null. | Elected status and regular term are established by official annual election notices/results; total board/office seat count remains unresolved where seats is null.,locally-researched-partial-or-substantial
Bolton,,11,3,8,https://www.townofbolton.com/home/news/2025-caucus-results | https://www.townofbolton.com/node/871/ajax/aggregate,https://www.townofbolton.com/node/346/news | https://www.townofbolton.com/home/news/2025-caucus-results,https://www.townofbolton.com/node/346/news | https://www.townofbolton.com/town-clerk,0,0,0,schema-valid-for-serialized-persons,Official caucus results establish elected status and regular term; total seat count remains unresolved. | Official caucus results establish elected status and regular term; total seat count remains unresolved. | Official caucus results establish elected status and regular term; total seat count remains unresolved. | Official caucus results establish elected status and regular term; total seat count remains unresolved. | Official caucus results establish elected status and regular term; total seat count remains unresolved. The 2025 ballot also contained two 1-year unexpired seats. | Official caucus results establish elected status and term; total composition remains unresolved. | Official caucus results establish elected status and regular term; total seat count remains unresolved. One additional 2-year unexpired regional-school seat appeared in 2025. | Official caucus results establish elected status and regular term; total seat count remains unresolved.,locally-researched-partial-or-substantial
Boston,,2,2,0,https://www.boston.gov/vi/departments/elections/state-and-city-boston-election-results,https://www.boston.gov/vi/departments/elections/state-and-city-boston-election-results,https://www.boston.gov/vi/departments/elections/state-and-city-boston-election-results,0,0,0,schema-valid-for-serialized-persons,,locally-researched-partial-or-substantial
Bourne,,12,12,0,https://malegislature.gov/Laws/SessionLaws/Acts/2012/Chapter117,https://www.bourne-ma.gov/1239/Clerk,https://www.bourne-ma.gov/1239/Clerk,0,0,0,schema-valid-for-serialized-persons,,locally-researched-partial-or-substantial
Boxborough,,5,5,0,https://boxborough-ma.gov/292/Board-of-Health | https://www.boxborough-ma.gov/383/Library-Board-of-Trustees | https://boxborough-ma.gov/306/Planning-Board | https://boxborough-ma.gov/354/School-Committee | https://www.boxborough-ma.gov/327/Select-Board,https://www.boxborough-ma.gov/211/Elections-Voting,https://www.boxborough-ma.gov/215/Election-Results-from-Previous-Elections,0,0,0,schema-valid-for-serialized-persons,,locally-researched-partial-or-substantial
Boxford,,2,2,0,https://www.boxfordma.gov/429/Library-Board-of-Trustees | https://www.boxfordma.gov/453/Select-Board,https://www.boxfordma.gov/457/Town-Meeting-Election-Results-Annual-Rep,https://www.boxfordma.gov/CivicAlerts.aspx?AID=240,0,0,0,schema-valid-for-serialized-persons,,locally-researched-partial-or-substantial
Boylston,,1,1,0,https://malegislature.gov/Laws/SessionLaws/Acts/2026/Chapter66,https://www.mma.org/community/boylston/,,0,0,0,schema-valid-for-serialized-persons,,locally-researched-partial-or-substantial
Braintree,,7,7,0,https://www.braintreema.gov/m/faq?cat=34 | https://www.braintreema.gov/m/faq | https://braintreema.gov/374/School-Committee | https://www.braintreema.gov/419/Town-Council,https://braintreema.gov/435/Election-Information,https://braintreema.gov/427/Election-Results,0,0,0,schema-valid-for-serialized-persons,,locally-researched-partial-or-substantial
Brewster,,12,9,3,https://www.brewster-ma.gov/board-health | https://www.brewster-ma.gov/home/news/elected-offices-2026-annual-town-election-ballot-0 | https://malegislature.gov/Laws/SessionLaws/Acts/2022/Chapter396 | https://www.brewster-ma.gov/planning-board-and-planning-office | https://www.brewster-ma.gov/recreation-commission-department | https://www.brewster-ma.gov/nauset-regional-school-district-committee | https://www.brewster-ma.gov/brewster-school-committee | https://www.brewster-ma.gov/select-boardtown-manager,https://www.brewster-ma.gov/home/news/elected-offices-2026-annual-town-election-ballot-0 | https://www.brewster-ma.gov/town-clerk/pages/town-meetings-elections,https://www.brewster-ma.gov/town-clerk/pages/town-meetings-elections,0,0,0,schema-valid-for-serialized-persons,"2026 ballot contains one 3-year Constable seat, but total number of Constable positions is not established by this source. | 2026 ballot establishes an elected 5-year Housing Authority seat; current authority page lists four members but does not identify which seats are elected versus appointed, so elected seat count remains unresolved. | Nauset Regional representatives elected as provided by regional agreement; local allocation/term unresolved.",locally-researched-partial-or-substantial
Bridgewater,,4,3,1,https://malegislature.gov/Laws/SessionLaws/Acts/2018/Chapter404 | https://www.bridgewaterma.gov/government/town_clerk/elections/campaign_finance_reports.php,https://www.bridgewaterma.gov/government/town_clerk/elections/election_results_specimen_ballots.php,https://www.bridgewaterma.gov/government/town_clerk/elections/election_results_specimen_ballots.php,0,0,0,schema-valid-for-serialized-persons,"2018 charter §3-1 explicitly retains the regional School Committee as an elected office, but Bridgewater's current allocation and term structure require the regional agreement/current administrative code.",locally-researched-partial-or-substantial
Brimfield,,1,1,0,https://www.brimfieldma.org/select-board,https://www.brimfieldma.org/town-clerk/news/preview-abev-local-election-ballot,https://www.brimfieldma.org/town-clerk/news/official-local-election-results-june-12-2025,0,0,0,schema-valid-for-serialized-persons,,locally-researched-partial-or-substantial
Brockton,,1,1,0,https://brockton.ma.us/city-departments/public-schools/,,,0,0,0,schema-valid-for-serialized-persons,,locally-researched-partial-or-substantial
Brookfield,,3,3,0,https://www.brookfieldma.us/boards/board-of-assessors/ | https://www.brookfieldma.us/boards/planning-board/ | https://www.brookfieldma.us/departments/town-collector/,https://www.brookfieldma.us/news/,https://www.brookfieldma.us/news/,0,0,0,schema-valid-for-serialized-persons,,locally-researched-partial-or-substantial
Brookline,,6,5,1,https://www.brooklinema.gov/3985/Town-Constables | https://www.brooklinema.gov/CivicAlerts.aspx?AID=2028&ARC=3997 | https://www.brooklinema.gov/1724/Moderator | https://www.brooklinema.gov/138/Election-Information | https://www.brooklinema.gov/343/Select-Board | https://www.brooklinema.gov/264/Town-Meeting,https://www.brooklinema.gov/138/Election-Information,https://www.brooklinema.gov/1028/Election-Results,0,0,0,schema-valid-for-serialized-persons,Official town-wide election materials establish School Committee as an elected town-wide office with regular three-year seats. Total committee size remains unresolved in this pass.,locally-researched-partial-or-substantial
Buckland,,7,5,2,https://www.town.buckland.ma.us/assessors | https://www.town.buckland.ma.us/board-health | https://www.town.buckland.ma.us/finance-committee | https://www.town.buckland.ma.us/home/news/nomination-papers-available-february-12th-june-2nd-annual-town-election | https://www.town.buckland.ma.us/select-board,https://www.town.buckland.ma.us/town-clerk/pages/voting-elections,https://www.town.buckland.ma.us/town-clerk/pages/voting-elections,0,0,0,schema-valid-for-serialized-persons,2026 election notice establishes elected status and 3-year term; total trustee-board size remains unresolved. | 2026 election notice establishes an elected 3-year regional-school seat; Buckland's total district allocation remains unresolved.,locally-researched-partial-or-substantial
Burlington,,13,5,8,https://www.burlington.org/757/Campaign-Finance-Reports | https://www.burlington.org/209/Board-of-Health-Elected-Board | https://www.burlington.org/407/Planning-Board | https://www.burlington.org/399/Town-Meetings,https://www.burlington.org/757/Campaign-Finance-Reports,,0,0,0,schema-valid-for-serialized-persons,Official municipal campaign-finance/election materials identify this as an elected local office. Total composition/regular term remains unresolved where not otherwise established. | Official municipal campaign-finance/election materials identify this as an elected local office. Total composition/regular term remains unresolved where not otherwise established. | Official municipal campaign-finance/election materials identify this as an elected local office. Total composition/regular term remains unresolved where not otherwise established. | Official municipal campaign-finance/election materials identify this as an elected local office. Total composition/regular term remains unresolved where not otherwise established. | Official municipal campaign-finance/election materials identify this as an elected local office. Total composition/regular term remains unresolved where not otherwise established. | Official municipal campaign-finance/election materials identify this as an elected local office. Total composition/regular term remains unresolved where not otherwise established. | Official municipal campaign-finance/election materials identify this as an elected local office. Total composition/regular term remains unresolved where not otherwise established. | Official municipal campaign-finance/election materials identify this as an elected local office. Total composition/regular term remains unresolved where not otherwise established.,locally-researched-partial-or-substantial
Cambridge,,2,2,0,https://www.cambridgema.gov/departments/electioncommission/cambridgemunicipalelections,https://www.cambridgema.gov/departments/electioncommission/cambridgemunicipalelections,,0,0,0,schema-valid-for-serialized-persons,,locally-researched-partial-or-substantial
Canton,,8,3,5,https://town.canton.ma.us/911/Elected-Boards-Committees | https://town.canton.ma.us/238/Planning-Board | https://town.canton.ma.us/243/School-Committee,https://www.town.canton.ma.us/988/Citizens-Guide---Town-of-Canton,,0,0,0,schema-valid-for-serialized-persons,Official town Elected Boards & Committees index establishes elected status; total elected seat count and term remain unresolved in this pass. | Official town Elected Boards & Committees index establishes elected status; total elected seat count and term remain unresolved in this pass. | Official town Elected Boards & Committees index establishes elected status; total elected seat count and term remain unresolved in this pass. | Official town Elected Boards & Committees index establishes elected status; total elected seat count and term remain unresolved in this pass. | Official town Elected Boards & Committees index establishes elected status; total elected seat count and term remain unresolved in this pass.,locally-researched-partial-or-substantial
Carlisle,,7,7,0,https://www.carlislema.gov/309/Elected-Officials,https://www.carlislema.gov/CivicAlerts.aspx?AID=695,,0,0,0,schema-valid-for-serialized-persons,,locally-researched-partial-or-substantial
Carver,,4,4,0,https://www.carverma.gov/library-trustees | https://www.carverma.gov/planning-board | https://www.carverma.gov/school-committee | https://www.carverma.gov/select-board,https://www.carverma.gov/town-clerk/news/april-25-2026-local-town-election,,0,0,0,schema-valid-for-serialized-persons,,locally-researched-partial-or-substantial
Charlemont,https://charlemont-ma.us/,11,6,5,https://charlemont-ma.us/p/24/Town-Clerk | https://charlemont-ma.us/files/January_2026_Newsletter.pdf | https://charlemont-ma.us/p/50/Board-of-Assessors | https://charlemont-ma.us/files/Town_Report__Year_end_2024_finished.pdf,https://charlemont-ma.us/files/January_2026_Newsletter.pdf,https://charlemont-ma.us/p/24/Town-Clerk,4,0,11,schema-valid-for-serialized-persons,,locally-researched-partial-or-substantial
Charlton,,13,13,0,https://www.townofcharlton.net/DocumentCenter/View/5762/Elected-Town-Officers-2026-PDF,https://www.townofcharlton.net/176/Elections,https://www.townofcharlton.net/DocumentCenter/View/5637/Annual-Town-Election---May-2026-PDF,0,0,0,schema-valid-for-serialized-persons,,locally-researched-partial-or-substantial
Chatham,,4,2,2,https://www.chatham-ma.gov/CivicSend/ViewMessage/Message/230039 | https://www.chatham-ma.gov/573/Whos-Who-at-Town-Meeting | https://www.chatham-ma.gov/CivicSend/ViewMessage/Message/282778 | https://chatham-ma.gov/367/Select-Board,https://www.chatham-ma.gov/342/Town-Meeting-Central,https://www.chatham-ma.gov/CivicSend/ViewMessage/Message/290355,0,0,0,schema-valid-for-serialized-persons,Official annual-election notice establishes an elected Chatham Housing Authority seat with a five-year regular term; total number of elected local seats remains unresolved. | Official 2026 nomination notice establishes elected Monomoy Regional School District Committee seats; Chatham's total allocation remains unresolved.,locally-researched-partial-or-substantial
Chelmsford,,10,10,0,https://www.chelmsfordma.gov/988/Board-Committee-Descriptions | https://www.chelmsfordma.gov/DocumentCenter/View/22323/OFFICIAL-RESULTS | https://www.chelmsfordma.gov/237/Elections-Voting-Campaign-Finance,https://www.chelmsfordma.gov/237/Elections-Voting-Campaign-Finance,https://www.chelmsfordma.gov/DocumentCenter/View/22323/OFFICIAL-RESULTS,0,0,0,schema-valid-for-serialized-persons,,locally-researched-partial-or-substantial
Chelsea,,2,2,0,https://library.municode.com/ma/chelsea/codes/code_of_ordinances?nodeId=PTICH_CHCHMA,https://library.municode.com/ma/chelsea/codes/code_of_ordinances?nodeId=PTICH_CHCHMA,,0,0,0,schema-valid-for-serialized-persons,,locally-researched-partial-or-substantial
Cheshire,,8,7,1,https://cheshire-ma.gov/board-of-assessors/ | https://cheshire-ma.gov/board-of-health/ | https://cheshire-ma.gov/cemetery-commission/ | https://cheshire-ma.gov/planning-board/ | https://cheshire-ma.gov/news-and-notices/official-results-annual-town-election-542026/ | https://cheshire-ma.gov/board-of-selectmen/ | https://cheshire-ma.gov/news-and-notices/annual-town-election-2/ | https://cheshire-ma.gov/water-department/,https://cheshire-ma.gov/elections/,https://cheshire-ma.gov/news-and-notices/official-results-annual-town-election-542026/,0,0,0,schema-valid-for-serialized-persons,Official annual-election results include Hoosac Valley Regional School District committee contests. Cheshire's exact current seat allocation remains unresolved.,locally-researched-partial-or-substantial
Chester,,7,5,2,https://townofchester.net/board-of-health/ | https://townofchester.net/2026/04/2026-annual-town-election/ | https://townofchester.net/municipal-electric-light/ | https://townofchester.net/schools/ | https://townofchester.net/water-department/,https://townofchester.net/2026/04/2026-annual-town-election/,https://townofchester.net/2025/05/town-election-results-may-3-2025-2/,0,0,0,schema-valid-for-serialized-persons,Official annual-election notices repeatedly put two Library Trustee seats on the ballot for regular three-year terms; current trustee page is incomplete for deriving the full statutory/elected seat count. | Official 2025/2026 election notices establish regular three-year Select Board seats; total current board size is not normalized because the current board page appears incomplete/stale.,locally-researched-partial-or-substantial
Chesterfield,,13,13,0,https://www.townofchesterfieldma.com/government/pages/contact-info-elected-and-appointed-officials,https://www.townofchesterfieldma.com/town-clerk,https://www.townofchesterfieldma.com/town-clerk/pages/annual-town-election-results,0,0,0,schema-valid-for-serialized-persons,,locally-researched-partial-or-substantial
Chicopee,,7,7,0,https://chicopeema.gov/149/Assessors-Office | https://ecode360.com/12595859 | https://chicopeema.gov/416/Elected-Officials | https://ecode360.com/12595888,https://www.chicopeema.gov/866/Election-Specimens,https://www.chicopeema.gov/850/Election-Results,0,0,0,schema-valid-for-serialized-persons,,locally-researched-partial-or-substantial
Chilmark,,3,2,1,https://www.chilmarkma.gov/select-board/agenda/select-board-46 | https://www.chilmarkma.gov/node/27031 | https://www.chilmarkma.gov/select-board,https://www.chilmarkma.gov/town-clerk/town-meeting/pages/annual-town-meeting-reports,https://www.chilmarkma.gov/town-clerk/files/town-chilmark-annual-town-election-final-tally-results-april-29-2026,0,0,0,schema-valid-for-serialized-persons,Official town job posting expressly identifies the Cemetery Commission as elected; total elected seats and terms remain unresolved.,locally-researched-partial-or-substantial
Clarksburg,,9,6,3,https://clarksburgma.gov/board-of-health | https://clarksburgma.gov/town-election-may-13th-2025 | https://clarksburgma.gov/departments/planning-board | https://clarksburgma.gov/departments/selectboard,https://clarksburgma.gov/town-elections,https://clarksburgma.gov/2026-town-election-results,0,0,0,schema-valid-for-serialized-persons,Official 2025 warrant and 2026 results establish elected three-year Library Trustee seats; total board size remains unresolved. | Official 2025 warrant and 2026 results establish elected three-year School Committee seats; total local committee allocation remains unresolved. | Official 2025 warrant and 2026 result establish elected War Memorial Trustee seats; total board size remains unresolved.,locally-researched-partial-or-substantial
Clinton,,7,6,1,https://www.clintonma.gov/176/Public-Health-Department | https://www.clintonma.gov/397/Library-Trustees | https://www.clintonma.gov/CivicAlerts.aspx?AID=290&ARC=669 | https://www.clintonma.gov/198/Boards-Commissions | https://www.clintonma.gov/212/Planning-Board | https://www.clintonma.gov/205/Select-Board,https://www.clintonma.gov/304/Election-Information,https://www.clintonma.gov/304/Election-Information,0,0,0,schema-valid-for-serialized-persons,Official 2024 nomination notice establishes two regular School Committee seats for three-year terms. Total committee size remains unresolved from accessible authoritative pages.,locally-researched-partial-or-substantial
Cohasset,,8,8,0,https://www.cohassetma.gov/155/Board-of-Assessors | https://www.cohassetma.gov/290/Board-of-Health | https://www.cohassetma.gov/287/Housing-Authority | https://www.cohassetma.gov/289/Paul-Pratt-Memorial-Library-Trustees | https://www.cohassetma.gov/214/Planning-Board | https://www.cohassetma.gov/294/School-Committee | https://www.cohassetma.gov/293/Select-Board,https://www.cohassetma.gov/827/Election-Information,https://www.cohassetma.gov/248/Election-Ballots-Warrants-and-Results,0,0,0,schema-valid-for-serialized-persons,,locally-researched-partial-or-substantial
Colrain,,5,0,5,https://colrain-ma.gov/ | https://www.mma.org/community/colrain/,https://colrain-ma.gov/,,0,0,0,schema-valid-for-serialized-persons,"2026 local election reporting identifies one three-year elected Assessor seat; official town site confirms municipal election administration but did not expose the ballot text to the crawler. Total Board of Assessors size remains unresolved. | 2026 local reporting identifies one three-year Constable seat. Total number of constable positions remains unresolved and primary ballot/result text was not retrievable. | 2026 local reporting identifies two regular three-year Griswold Memorial Library trustee seats on the ballot. Total trustee board size remains unresolved from retrievable primary sources. | 2026 local reporting identifies one three-year Mohawk Trail Regional School District Committee seat. Colrain's full seat allocation remains unresolved. | MMA confirms a three-member Select Board and May 12, 2026 municipal election. Local 2026 reporting states one regular three-year Select Board seat was on the ballot. Official clerk pages were not retrievable/indexed cleanly, so office-level term evidence remains non-primary.",locally-researched-partial-or-substantial
Concord,,4,4,0,https://www.concordma.gov/1096/Housing-Authority | https://concordma.gov/1233/Town-Charter-Sections,https://www.concordma.gov/375/Elections-Voting,https://www.concordma.gov/397/Election-Results,0,0,0,schema-valid-for-serialized-persons,,locally-researched-partial-or-substantial
Conway,,3,1,2,https://conwayma.gov/ | https://www.mma.org/community/conway/,https://conwayma.gov/,https://conwayma.gov/,0,0,0,schema-valid-for-serialized-persons,Official town homepage explicitly labels a current Board of Assessors vacancy as elected. Total board size and regular term remain unresolved. | Official town homepage explicitly labels a current Board of Health vacancy as elected. Total board size and regular term remain unresolved.,locally-researched-partial-or-substantial
Cummington,,2,1,1,https://cummington-ma.gov/MLPBoard/ | https://cummington-ma.gov/Profile.php,https://cummington-ma.gov/Profile.php,https://www.cummington-ma.gov/,0,0,0,schema-valid-for-serialized-persons,Official MLP page states the board has been elected under G.L. c.164 since the initial appointed phase; current elected board size/term not normalized.,locally-researched-partial-or-substantial
Dalton,,4,4,0,https://dalton-ma.gov/cemeteries/ | https://dalton-ma.gov/finance-committee/ | https://dalton-ma.gov/planning-board/ | https://dalton-ma.gov/select-board/,https://dalton-ma.gov/elections/,https://dalton-ma.gov/annual-town-meeting/,0,0,0,schema-valid-for-serialized-persons,,locally-researched-partial-or-substantial
Danvers,,5,5,0,https://danverslibrary.org/trustees-meeting-minutes/ | https://www.danversma.gov/448/Town-Meeting | https://danverspublicschools.org/school-committee/ | https://www.danversma.gov/242/Select-Board,https://www.danversma.gov/649/Election-Results | https://www.danversma.gov/594/Election-Information,https://www.danversma.gov/DocumentCenter/View/4650/May-5-2026-OFFICIAL-Annual-Town-Election-Results | https://www.danversma.gov/649/Election-Results,0,0,0,schema-valid-for-serialized-persons,,locally-researched-partial-or-substantial
Dartmouth,,10,4,6,https://ecode360.com/47392091,https://www.dartmouthma.gov/236/Election-Results,https://www.dartmouthma.gov/236/Election-Results,0,0,0,schema-valid-for-serialized-persons,"Official Election Results archive includes April 7, 2026 annual town election. | Official Election Results archive includes April 7, 2026 annual town election. | Official Election Results archive includes April 7, 2026 annual town election. | Official Election Results archive includes April 7, 2026 annual town election. | Official Election Results archive includes April 7, 2026 annual town election. | Official Election Results archive includes April 7, 2026 annual town election.",locally-researched-partial-or-substantial
Dedham,,12,10,2,https://ecode360.com/15734606,https://www.dedhamma.gov/town-departments/town-clerk/elections-voting/election-dates,https://www.dedham-ma.gov/Home/Components/News/News/5581/,0,0,0,schema-valid-for-serialized-persons,"Town offices elected at large except Town Meeting representatives, who are elected by precinct. Housing Authority composition requires c.121B reconciliation. | Town offices elected at large except Town Meeting representatives, who are elected by precinct. Housing Authority composition requires c.121B reconciliation.",locally-researched-partial-or-substantial
Deerfield,https://www.deerfieldma.us/,10,7,3,https://www.deerfieldma.us/244/Voting-Election-Info | https://www.deerfieldma.us/201/Public-Schools | https://deerfieldma.us/321/South-Deerfield-Water-Supply-District,https://www.deerfieldma.us/244/Voting-Election-Info | https://deerfieldma.us/321/South-Deerfield-Water-Supply-District,https://www.deerfieldma.us/DocumentCenter/View/3632,3,0,9,schema-valid-for-serialized-persons,Current election materials verify Deerfield-elected Frontier seats and three-year regular terms; the exact Deerfield allocation remains unresolved. | Current election materials verify elected Planning Board seats with three-year regular terms; total current regular membership remains unresolved.,locally-researched-partial-or-substantial
Dennis,,9,6,3,https://www.town.dennis.ma.us/376/Elected-Appointed-Officials,https://www.town.dennis.ma.us/377/Election-Information,https://www.town.dennis.ma.us/381/Election-Results,0,0,0,schema-valid-for-serialized-persons,"Official page lists five current Housing Authority members, but does not distinguish locally elected seats from state/tenant-appointed seats; elected seat count is deliberately unresolved. | Official elected-officials page lists five current Old King's Highway Regional Historic District members; local elected-seat allocation/terms require district-law normalization. | Official elected-officials page lists the regional committee, but Dennis's seat allocation and term structure require district-agreement normalization.",locally-researched-partial-or-substantial
Dighton,,8,5,3,https://www.dighton-ma.gov/216/Assessing | https://www.dighton-ma.gov/DocumentCenter/View/3919/Annual-Town-Election-Available-Positions-2026 | https://www.dighton-ma.gov/359/Library-Trustees | https://dighton-ma.gov/283/Planning-Board | https://www.dighton-ma.gov/370/Board-of-Selectmen | https://dighton-ma.gov/290/Sewer-Commission,https://www.dighton-ma.gov/665/2026-Elections-Center,https://www.dighton-ma.gov/DocumentCenter/View/4077/Annual-Town-Election-Results---2026,0,0,0,schema-valid-for-serialized-persons,"2026 election materials establish a locally elected Housing Authority seat with a 5-year term. Current authority page lists six people and does not cleanly distinguish elected/state/tenant seats, so elected seat count remains unresolved. | 2026 available-positions notice and certified results establish an elected 3-year Parks and Recreation seat; total commission size remains unresolved. | 2026 ballot had two Dighton-Rehoboth regional school committee positions, each 3-year terms. Total Dighton allocation remains unresolved.",locally-researched-partial-or-substantial
Douglas,,1,1,0,https://www.douglas-ma.gov/233/Board-of-Selectmen,https://www.douglas-ma.gov/410/Elections,https://douglas-ma.gov/Archive.aspx,0,0,0,schema-valid-for-serialized-persons,,locally-researched-partial-or-substantial
Dover,https://www.doverma.gov/,14,14,0,https://www.doverma.gov/DocumentCenter/View/5710 | https://www.doverma.gov/261/Board-of-Selectmen | https://www.doverma.gov/directory.aspx?EID=37 | https://www.doverma.gov/287/Board-of-Assessors | https://www.doverma.gov/334/School-Committees | https://www.doverma.gov/319/Board-of-Library-Trustees | https://www.doverma.gov/257/Planning-Board | https://www.doverma.gov/171/Board-of-Health | https://www.doverma.gov/293/Cemetery-Commission | https://www.doverma.gov/210/Park-Recreation-Commission | https://www.doverma.gov/DocumentCenter/View/3486/2024-Town-Meeting-Warrant,https://www.doverma.gov/241/Caucus | https://www.doverma.gov/DocumentCenter/View/3486/2024-Town-Meeting-Warrant,https://www.doverma.gov/DocumentCenter/View/5816/5-18-26-Final-Town-Election-Results | https://www.doverma.gov/DocumentCenter/View/4496/3_Town-Gov_Dover24_Report,29,1,5,schema-valid-for-serialized-persons,,locally-researched-partial-or-substantial
Dracut,https://www.dracutma.gov/,7,7,0,https://www.dracutma.gov/DocumentCenter/View/467/Dracut-Town-Charter-PDF | https://www.dracutwater.com/,https://www.dracutma.gov/CivicAlerts.aspx?AID=509 | https://www.dracutwater.com/home/news/annual-meeting-and-election-0,https://www.dracutma.gov/DocumentCenter/View/5766/Annual-Town-Election-2026-Official-Election-Results,11,0,5,schema-valid-for-serialized-persons,,locally-researched-partial-or-substantial
Dudley,https://www.dudleyma.gov/,12,8,4,https://www.dudleyma.gov/198/Board-of-Selectmen | https://ecode360.com/DU3778 | https://www.dudleyma.gov/187/Boards-Commissions | https://www.dudleyma.gov/DocumentCenter/View/1146/Dudley-Financial-Statements-2025 | https://www.dudleyma.gov/233/Town-Clerk | https://www.dudleyma.gov/DocumentCenter/View/849/KP_Personell_and_TA_Bylaws-PDF,https://www.dudleyma.gov/DocumentCenter/View/1072/ATE-OFFICES-TO-BE-ELECTED-June-15-2026-PDF,https://www.dudleyma.gov/DocumentCenter/View/1185/OFFICIAL-ATE-06152026-Tally-Sheet,20,0,6,schema-valid-for-serialized-persons,Elected status and regular three-year term are verified from the 2026 official election materials; total elected seat count remains unresolved. | Elected status and regular three-year term are verified from the 2026 official election materials; total commission seat count remains unresolved. | The 2026 ballot has a regular three-year seat and a separate one-year unexpired contest. Stable regular term is three years; total elected board seat count remains unresolved. | Current official Town financial statements establish that the Town elects Housing Authority governing board/member(s). The number of locally elected seats versus appointed seats remains unresolved.,locally-researched-partial-or-substantial
Dunstable,https://www.dunstable-ma.gov/,14,14,0,https://www.dunstable-ma.gov/select-board | https://www.dunstable-ma.gov/town-clerk/minutes/annual-town-meeting-may-15-2021 | https://www.dunstable-ma.gov/sites/g/files/vyhlif4361/f/uploads/2018_annual_town_report_complete_doc.pdf | https://www.dunstable-ma.gov/board-health | https://www.dunstable-ma.gov/board-selectmen/files/2010-town-report | https://www.dunstable-ma.gov/sites/g/files/vyhlif4361/f/pages/pressrelease_2026.05.19_ate.docx.pdf | https://www.dunstable-ma.gov/planning-board | https://www.dunstable-ma.gov/water-department | https://www.dunstable-ma.gov/home/news/school-committee-vacancy-and-appointment | https://www.dunstable-ma.gov/town-meeting-information,https://www.dunstable-ma.gov/sites/g/files/vyhlif4361/f/pages/pressrelease_2026.05.19_ate.docx.pdf | https://www.dunstable-ma.gov/annualtownelectionmay2024,https://www.dunstable-ma.gov/town-clerk/files/special-town-election-july-21-2026-official-results | https://www.dunstable-ma.gov/town-clerk/files/annual-town-election-official-results-may-19-2026 | https://www.dunstable-ma.gov/annualtownelectionmay2024,20,0,9,schema-valid-for-serialized-persons,,locally-researched-partial-or-substantial
Duxbury,https://www.town.duxbury.ma.us/,7,7,0,https://www.town.duxbury.ma.us/duxbury-selectboard | https://www.town.duxbury.ma.us/board-assessors | https://www.town.duxbury.ma.us/school-committee | https://www.town.duxbury.ma.us/planning-board | https://www.town.duxbury.ma.us/sites/g/files/vyhlif10506/f/uploads/general_by-laws_revised_08-13-2024_through_atm_2024.pdf | https://www.town.duxbury.ma.us/duxbury-housing-authority,https://www.town.duxbury.ma.us/home/news/2026-annual-town-election-notice-available-seats | https://www.town.duxbury.ma.us/town-moderator,https://www.town.duxbury.ma.us/town-clerk/pages/elections-voting,23,0,4,schema-valid-for-serialized-persons,,locally-researched-partial-or-substantial
East Bridgewater,https://www.eastbridgewaterma.gov/,9,7,2,https://www.eastbridgewaterma.gov/1708/Assessors-Department | https://www.eastbridgewaterma.gov/DocumentCenter/View/680/table_of_organization_-_department_informationpdf-PDF | https://www.eastbridgewaterma.gov/1939/Planning-Board | https://www.eastbridgewaterma.gov/1933/Select-Board,https://www.eastbridgewaterma.gov/2225/Candidates,https://www.eastbridgewaterma.gov/AgendaCenter/ViewFile/Agenda/_05162026-774,14,0,5,schema-valid-for-serialized-persons,Official organization chart verifies elected status and three-year terms; total elected seat count was not independently normalized in this batch. | Official organization chart verifies elected status and three-year regular terms; total elected committee size remains unresolved here.,locally-researched-partial-or-substantial
East Brookfield,https://www.eastbrookfieldma.us/,14,14,0,https://www.eastbrookfieldma.us/1300/Board-of-Selectmen | https://eastbrookfieldma.us/1201/Town-Clerk | https://eastbrookfieldma.us/DocumentCenter/View/329 | https://www.eastbrookfieldma.us/1297/Board-of-Assessors | https://eastbrookfieldma.us/DocumentCenter/View/345/Town-Government | https://www.eastbrookfieldma.us/1302/Planning-Board | https://www.eastbrookfieldma.us/1304/Library-Trustees-Committee | https://eastbrookfieldma.us/1307/Finance-Committee,https://www.eastbrookfieldma.us/1277/Annual-Town-Election | https://eastbrookfieldma.us/DocumentCenter/View/256/offices_to_be_on_ballotpdf,,20,1,8,schema-valid-for-serialized-persons,,locally-researched-partial-or-substantial
East Longmeadow,https://www.eastlongmeadowma.gov/,2,2,0,https://www.eastlongmeadowma.gov/650/Town-Council | https://www.eastlongmeadowma.gov/964/School-Committee,https://www.eastlongmeadowma.gov/DocumentCenter/View/18447,,12,0,0,schema-valid-for-serialized-persons,,locally-researched-partial-or-substantial
Eastham,https://www.eastham-ma.gov/,7,5,2,https://www.eastham-ma.gov/596/Select-Board | https://www.eastham-ma.gov/576/Town-Moderator | https://www.eastham-ma.gov/171/Town-Clerk | https://www.eastham-ma.gov/546/Board-of-Library-Trustees | https://www.nausetschools.org/page/eastham-school-committee | https://www.nausetschools.org/page/regional-school-committee-agendas-minutes | https://www.eastham-ma.gov/583/Housing-Authority,https://www.eastham-ma.gov/DocumentCenter/View/5218/May-19-2026-Annual-Town-Election-Final-Results,https://www.eastham-ma.gov/DocumentCenter/View/5218/May-19-2026-Annual-Town-Election-Final-Results,16,0,1,schema-valid-for-serialized-persons,Elected status and regular three-year term are verified; Eastham-specific total seat allocation remains unresolved. | The 2026 final election results verify an elected five-year Housing Authority seat. The locally elected versus appointed total composition remains unresolved and is not guessed.,locally-researched-partial-or-substantial
Easthampton,https://www.easthamptonma.gov/,3,3,0,https://www.easthamptonma.gov/DocumentCenter/View/5029/2025-Biennial-City-Election-Calendar,https://www.easthamptonma.gov/DocumentCenter/View/5029/2025-Biennial-City-Election-Calendar,https://www.easthamptonma.gov/327/Election-Results-Turnout-Statistics,16,0,0,schema-valid-for-serialized-persons,,locally-researched-partial-or-substantial
Easton,,7,1,6,https://ecode360.com/32308759,,,0,0,0,schema-valid-for-serialized-persons,Notable local exception: Finance Committee is identified as elected. | Notable local exception: Finance Committee is identified as elected. | Notable local exception: Finance Committee is identified as elected. | Notable local exception: Finance Committee is identified as elected. | Notable local exception: Finance Committee is identified as elected. | Notable local exception: Finance Committee is identified as elected.,locally-researched-partial-or-substantial
Edgartown,https://www.edgartown-ma.us/,9,6,3,https://www.edgartown-ma.us/selectboard | https://www.mvtimes.com/2026/02/26/2026-town-election-candidates/ | https://www.edgartown-ma.us/board-health | https://www.edgartown-ma.us/planning-board | https://www.edgartown-ma.us/parks | https://www.edgartown-ma.us/wastewater | https://www.edgartown-ma.us/financial-advisory-committee,https://www.mvtimes.com/2026/02/26/2026-town-election-candidates/,https://www.edgartown-ma.us/town-clerk,20,0,5,schema-valid-for-serialized-persons,2026 election candidate material verifies the office remains elected. Total current elected seat count and regular term remain unresolved. | 2026 town-election candidate material verifies current elective status; total elected seat count and regular term remain unresolved. | 2026 town-election candidate material verifies current elective status; total elected trustee count and regular term remain unresolved.,locally-researched-partial-or-substantial
Egremont,https://www.egremont-ma.gov/,10,10,0,https://www.egremont-ma.gov/182/Select-Board | https://www.egremont-ma.gov/164/Assessors | https://www.egremont-ma.gov/213/Cemetery-Commission | https://www.egremont-ma.gov/directory.aspx | https://www.egremont-ma.gov/191/Planning-Board | https://www.egremont-ma.gov/Calendar.aspx?EID=1051&PREVIEW=YES | https://www.egremont-ma.gov/209/Water-Commission | https://www.egremont-ma.gov/215/School-Committee,https://www.egremont-ma.gov/DocumentCenter/View/2864 | https://www.egremont-ma.gov/Archive.aspx?ADID=183 | https://www.egremont-ma.gov/Archive.aspx?ADID=188 | https://www.egremont-ma.gov/215/School-Committee,https://www.egremont-ma.gov/CivicAlerts.asp?AID=722&ARC=1230,24,0,1,schema-valid-for-serialized-persons,,locally-researched-partial-or-substantial
Erving,https://www.erving-ma.gov/,10,10,0,https://www.erving-ma.gov/Directory.aspx?did=32 | https://www.erving-ma.gov/Directory.aspx?did=43 | https://www.erving-ma.gov/directory.aspx | https://www.erving-ma.gov/DocumentCenter/View/2964 | https://www.erving-ma.gov/231/School-Committee | https://www.erving-ma.gov/229/Planning-Board | https://www.erving-ma.gov/498/Volunteer-Opportunities | https://www.erving-ma.gov/180/Boards-Committees,https://www.erving-ma.gov/Calendar.aspx?EID=3069,,26,1,3,schema-valid-for-serialized-persons,,locally-researched-partial-or-substantial
Essex,https://www.essexma.org/,8,5,3,https://www.essexma.org/DocumentCenter/View/2410/2026-Annual-Town-Meeting-Warrant | https://www.essexma.org/1315/Board-of-Selectmen | https://www.essexma.org/1319/Board-of-Health | https://www.essexma.org/1318/Board-of-Library-Trustees,https://www.essexma.org/DocumentCenter/View/2410/2026-Annual-Town-Meeting-Warrant,https://www.essexma.org/DocumentCenter/View/2441/May-11-2026-Local-Election--Unofficial-Results,8,0,6,schema-valid-for-serialized-persons,2026 warrant includes one regular three-year assessor seat plus one two-year unexpired assessor seat. Total elected board size was not independently normalized in this batch. | Current elected status and regular three-year term are verified; Essex-specific total representation remains unresolved. | Current warrant verifies a five-year elected Planning Board seat; total current regular membership is left unresolved rather than inferred from older reports.,locally-researched-partial-or-substantial
Everett,https://cityofeverett.com/,3,3,0,https://cityofeverett.com/wp-content/uploads/2025/02/02-27-2025-Charter-Review-Committee-Agenda.pdf | https://cityofeverett.com/city-hall/administration/city-council/ | https://cityofeverett.com/2025-municipal-election-results/,https://cityofeverett.com/2025-municipal-election-results/,https://cityofeverett.com/2025-municipal-election-results/,21,0,0,schema-valid-for-serialized-persons,,locally-researched-partial-or-substantial
Fairhaven,https://fairhaven-ma.gov/,10,8,2,https://fairhaven-ma.gov/select-board/ | https://fairhaven-ma.gov/planning-board/ | https://fairhaven-ma.gov/school-committee/ | https://fairhaven-ma.gov/board-of-public-works/ | https://fairhaven-ma.gov/board-of-health/ | https://fairhaven-ma.gov/commissioner-of-trust-funds/ | https://fairhaven-ma.gov/housing-authority-2/ | https://fairhaven-ma.gov/town-clerk/ | https://fairhaven-ma.gov/wp-content/uploads/2024/04/Fairhaven-Town-Code-Town-Meeting-Special-Acts.pdf | https://fairhaven-ma.gov/tree-department/,https://fairhaven-ma.gov/2026-election-information/ | https://fairhaven-ma.gov/elections-and-voting/,https://fairhaven-ma.gov/document/election-results/,23,0,7,schema-valid-for-serialized-persons,"Current official roster explicitly labels at least three elected members and one state appointee, but one member's selection method is not labeled. Total locally elected seats remain unresolved. | Representative Town Meeting members are elected by precinct for staggered three-year terms. Exact current total elected representative count remains unresolved.",locally-researched-partial-or-substantial
Fall River,https://fallriverma.gov/,3,3,0,https://fallriverma.gov/government/mayors_office/index.php | https://fallriverma.gov/government/city_council/current_council.php | https://www.fallriverschools.org/school-committee/sub-committee,https://fallriverma.gov/departments/elections/press_releases.php,https://fallriverma.gov/departments/elections/election_results.php,16,0,0,schema-valid-for-serialized-persons,,locally-researched-partial-or-substantial
Falmouth,,7,2,5,https://ecode360.com/16230397,,,0,0,0,schema-valid-for-serialized-persons,Charter distinguishes individual elected officers from elected boards. | Charter distinguishes individual elected officers from elected boards. | Charter distinguishes individual elected officers from elected boards. | Charter distinguishes individual elected officers from elected boards. | Charter distinguishes individual elected officers from elected boards.,locally-researched-partial-or-substantial
Fitchburg,https://www.fitchburgma.gov/,3,3,0,https://www.fitchburgma.gov/412/Mayors-Office | https://www.fitchburgma.gov/385/City-Council | https://www.fitchburgma.gov/718/School-Committee,https://www.fitchburgma.gov/913/Running-for-Local-Office,https://www.fitchburgma.gov/DocumentCenter/View/15944/2025-Municipal-Election-Official-Results,18,0,0,schema-valid-for-serialized-persons,,locally-researched-partial-or-substantial
Florida,https://www.townofflorida.org/,11,7,4,https://www.townofflorida.org/announcements.html | https://www.townofflorida.org/officials.html,https://www.townofflorida.org/announcements.html,https://www.townofflorida.org/announcements.html,18,0,4,schema-valid-for-serialized-persons,2026 official election establishes elected status and a regular three-year seat; total trustee count remains unresolved. | 2026 official election establishes elected status and a regular three-year seat; total committee size remains unresolved. | 2026 election filled two three-year trustee seats; total board size remains unresolved. | 2026 election verifies a regular five-year elected Planning Board seat; total board size remains unresolved.,locally-researched-partial-or-substantial
Foxborough,https://foxboroughma.gov/,9,6,3,https://foxboroughma.gov/boards_committees/select_board | https://foxboroughma.gov/boards_committees/open_seats___how_to_apply | https://foxboroughma.gov/boards_committees/board_of_health | https://foxboroughma.gov/departments/land_use | https://www.foxborough.k12.ma.us/school_committee/members_of_the_school_committee | https://foxboroughma.gov/boards_committees/board_of_water_sewer_commissioners | https://www.foxboroughma.gov/departments/town_clerk/town_meeting_minutes/2008_may_12_annual_town_meeting,https://foxboroughma.gov/boards_committees/open_seats___how_to_apply | https://foxboroughma.gov/departments/town_clerk,https://foxboroughma.gov/departments/town_clerk/election_information/election_results,22,0,3,schema-valid-for-serialized-persons,Current Town election/open-seat materials continue to identify Board of Assessors as a voter-filled body; total elected seat count was not independently normalized in this batch. | Current Town materials identify Boyden Library Trustees among bodies filled at Annual Town Election; total current elected trustee count remains unresolved. | Current Town materials continue to identify Housing Authority seats among election-filled bodies; locally elected versus appointed total composition remains unresolved.,locally-researched-partial-or-substantial
Framingham,https://www.framinghamma.gov/,5,5,0,https://www.framinghamma.gov/2703/Elected-Officials,https://www.framinghamma.gov/669/Elections-Voting,https://www.framinghamma.gov/2703/Elected-Officials,38,0,0,schema-valid-for-serialized-persons,,locally-researched-partial-or-substantial
Franklin,https://www.franklinma.gov/,8,8,0,https://www.franklinma.gov/DocumentCenter/View/9795/2013-Town-of-Franklin-Charter-Report | https://www.franklinma.gov/158/Boards-Committees,https://www.franklinma.gov/357/Elections-ArchiveOffice-of-Campaign-and-,https://www.franklinma.gov/DocumentCenter/View/7540/OFFICIAL-RESULTS---11-4-2025---LOCAL-BIENNIAL-ELECTION-11-5-2025,25,0,3,schema-valid-for-serialized-persons,,locally-researched-partial-or-substantial
Freetown,https://www.freetownma.gov/,15,15,0,https://www.freetownma.gov/1296/Elected-Officials-Federal-State-Local,https://www.freetownma.gov/DocumentCenter/View/1510/Annual-Census-Newsletter | https://www.freetownma.gov/1296/Elected-Officials-Federal-State-Local,https://www.freetownma.gov/1294/Election-Results,45,1,0,schema-valid-for-serialized-persons,,locally-researched-partial-or-substantial
Gardner,https://www.gardner-ma.gov/,3,3,0,https://www.gardner-ma.gov/DocumentCenter/View/274/City-Charter-As-Amended-Jan-2-2025?bidId=,https://www.gardner-ma.gov/1021/Elected-Officials,https://www.gardner-ma.gov/1021/Elected-Officials | https://www.gardner-ma.gov/324/City-Council | https://www.gardner-ma.gov/431/School-Committee,18,0,0,schema-valid-for-serialized-persons,,locally-researched-partial-or-substantial
Georgetown,https://www.georgetownma.gov/,8,7,1,https://www.georgetownma.gov/government/boards___commissions/board_of_selectmen/index.php | https://georgetownma.gov/government/boards___commissions/school_committee/index.php | https://www.georgetownma.gov/government/boards___commissions/planning_board/index.php | https://www.georgetownma.gov/government/boards___commissions/board_of_assessors/index.php | https://www.georgetownma.gov/government/boards___commissions/library_trustees/index.php | https://georgetownma.gov/government/boards___commissions/board_of_light_commissioners/index.php | https://www.georgetownma.gov/government/boards___commissions/water_commission/index.php | https://www.georgetownma.gov/government/boards___commissions/housing_authority.php,https://www.georgetownma.gov/departments/town_clerk/elections/index.php,https://www.georgetownma.gov/departments/town_clerk/elections/election_results.php,30,0,1,schema-valid-for-serialized-persons,"Current official roster lists four commissioners, but the locally elected versus appointed composition was not independently normalized; elected status is retained conservatively from the annual election layer, with seat count unresolved.",locally-researched-partial-or-substantial
Gill,https://gillmass.org/,8,8,0,https://gillmass.org/g/16/Selectboard | https://gillmass.org/g/2/Board-of-Assessors | https://gillmass.org/g/4/Cemetery-Commission | https://gillmass.org/p/36/Town-Clerk | https://gillmass.org/g/10/Board-of-Health,https://gillmass.org/p/36/Town-Clerk,https://gillmass.org/files/GillNews_2026_2SUMMER.pdf,14,0,3,schema-valid-for-serialized-persons,,locally-researched-partial-or-substantial
Gloucester,https://www.gloucester-ma.gov/,3,3,0,https://gloucester-ma.gov/documentcenter/view/1254 | https://www.gloucester-ma.gov/121/City-Council | https://www.gloucester-ma.gov/Archive/ViewFile/Item/19291,https://www.gloucester-ma.gov/337/Elections,https://www.gloucester-ma.gov/Archive/ViewFile/Item/19291,16,0,0,schema-valid-for-serialized-persons,,locally-researched-partial-or-substantial
Goshen,https://www.goshen-ma.us/,6,5,1,https://www.goshen-ma.us/departments/select-board/ | https://www.goshen-ma.us/departments/board-of-assessors/ | https://www.goshen-ma.us/departments/planning-board/ | https://www.goshen-ma.us/government/ | https://www.goshen-ma.us/elections/ | https://www.goshen-ma.us/events/,https://www.goshen-ma.us/elections/,https://www.goshen-ma.us/2026-annual-town-election-results/,6,1,5,schema-valid-for-serialized-persons,Current Town calendar and election layer verify an elected school-committee function; total seats and regular term remain unresolved.,locally-researched-partial-or-substantial
Gosnold,https://www.gosnold-ma.gov/,4,1,3,https://www.townofgosnold.org/DocumentCenter/View/619/Microsoft-Word---2024-Town-of-Gosnold-Town-Report---fy24_town_report_51125_1,https://www.townofgosnold.org/DocumentCenter/View/619/Microsoft-Word---2024-Town-of-Gosnold-Town-Report---fy24_town_report_51125_1,https://www.townofgosnold.org/DocumentCenter/View/619/Microsoft-Word---2024-Town-of-Gosnold-Town-Report---fy24_town_report_51125_1,3,0,3,schema-valid-for-serialized-persons,"2024 Annual Town Meeting elected two School Committee members for three-year terms; total committee size remains unresolved. | 2024 Annual Town Meeting elected two library trustees, one for a two-year transitional/unexpired seat and one for a regular three-year seat; total board size remains unresolved. | 2024 Annual Town Meeting elected two Harbor Committee members for three-year terms; total committee size remains unresolved.",locally-researched-partial-or-substantial
Grafton,https://www.grafton-ma.gov/,7,7,0,https://www.grafton-ma.gov/1358/Grafton-Home-Rule-Charter-PDF | https://www.grafton-ma.gov/DocumentCenter/View/19058/What-is-a-Town-Charter | https://www.grafton-ma.gov/611/School-Committee---Blackstone-Valley-Reg,https://www.grafton-ma.gov/DocumentCenter/View/18915 | https://www.grafton-ma.gov/295/Election-Results,https://www.grafton-ma.gov/295/Election-Results,17,0,4,schema-valid-for-serialized-persons,,locally-researched-partial-or-substantial
Granby,https://www.granby-ma.gov/,5,2,3,https://www.granby-ma.gov/selectboard | https://www.granby-ma.gov/boardofassessors | https://www.granby-ma.gov/planningboard | https://www.granby-ma.gov/librarytrustees | https://www.granby-ma.gov/electedandappointedofficials,https://www.granby-ma.gov/elections,https://www.granby-ma.gov/elections,3,0,4,schema-valid-for-serialized-persons,"Current elected/appointed-officials and election layer support the board's municipal-office status, but elected seat count and term are left unresolved pending better current ballot extraction. | Current official page advertises an unexpired Library Trustee term; elected seat count and regular term remain unresolved. | Current official municipal site maintains School Committee as a town governing body; exact elected seat count and term remain unresolved in this batch.",locally-researched-partial-or-substantial
Granville,https://www.granville-ma.gov/,6,6,0,https://www.granville-ma.gov/281/Boards-Committees | https://www.granville-ma.gov/364/Town-Clerk | https://www.granville-ma.gov/337/Moderator | https://www.granville-ma.gov/341/Planning-Board | https://www.granville-ma.gov/247/Library-Trustees | https://www.granville-ma.gov/352/Recreation-Commission,https://www.granville-ma.gov/370/Elections,https://www.granville-ma.gov/370/Elections,15,0,1,schema-valid-for-serialized-persons,,locally-researched-partial-or-substantial
Great Barrington,https://www.townofgbma.gov/,7,5,2,https://www.townofgbma.gov/362/Selectboard | https://www.townofgbma.gov/210/Planning-Board | https://www.townofgbma.gov/391/Library | https://www.townofgbma.gov/m/NewsFlash,https://www.townofgbma.gov/612/Town-Meetings-Elections-and-Budgets,https://www.townofgbma.gov/DocumentCenter/View/4524/Preliminary-Results-ATE-51226,16,0,4,schema-valid-for-serialized-persons,2026 election materials expressly list Finance Committee among voter-elected offices; total elected membership remains unresolved. | Current election layer confirms voter-filled Housing Authority seat(s); locally elected versus appointed total composition remains unresolved.,locally-researched-partial-or-substantial
Greenfield,https://greenfield-ma.gov/,5,5,0,https://greenfield-ma.gov/government/city_council/index.php | https://greenfield-ma.gov/government/boards_and_commissions/board_of_assessors.php | https://greenfield-ma.gov/government/boards_and_commissions/franklin_county_technical_school_committee.php,https://greenfield-ma.gov/government/city_council/index.php,https://greenfield-ma.gov/government/mayors_office/mayors_biography.php | https://greenfield-ma.gov/government/city_council/city_council_members.php | https://greenfield-ma.gov/government/city_council/index.php | https://greenfield-ma.gov/government/boards_and_commissions/board_of_assessors.php | https://greenfield-ma.gov/government/boards_and_commissions/franklin_county_technical_school_committee.php,21,0,1,schema-valid-for-serialized-persons,,locally-researched-partial-or-substantial
Groton,https://www.grotonma.gov/,12,10,2,https://www.grotonma.gov/election-information/town-election-nominations/ | https://www.grotonma.gov/government/boards-and-committees/board-of-health/ | https://www.grotonma.gov/government/boards-and-committees/planning-board/ | https://www.grotonma.gov/government/boards-and-committees/select-board/,https://www.grotonma.gov/election-information/town-election-nominations/,https://www.grotonma.gov/election-information/scheduled-elections/,15,0,9,schema-valid-for-serialized-persons,Current election page verifies an elected five-year Housing Authority seat; total locally elected composition remains unresolved.,locally-researched-partial-or-substantial
Groveland,https://www.grovelandma.com/,11,9,2,https://www.grovelandma.com/government/boards_committees/select_board/index.php | https://www.grovelandma.com/news_detail_T3_R58.php | https://www.grovelandma.com/government/boards_committees/board_of_assessors/index.php,https://www.grovelandma.com/news_detail_T3_R58.php,https://www.grovelandma.com/departments/clerk/elections_voting.php,5,0,10,schema-valid-for-serialized-persons,,locally-researched-partial-or-substantial
Hadley,https://www.hadleyma.org/,8,7,1,https://www.hadleyma.org/select-board | https://www.hadleyma.org/board-assessors | https://www.hadleyma.org/town-clerk,https://www.hadleyma.org/town-clerk,https://www.hadleyma.org/home/news/annual-town-election-results,12,0,6,schema-valid-for-serialized-persons,,locally-researched-partial-or-substantial
Halifax,https://www.halifaxma.gov/,10,8,2,https://www.halifaxma.gov/2000/Board-of-Selectmen | https://www.halifaxma.gov/DocumentCenter/View/7649,https://www.halifaxma.gov/DocumentCenter/View/7649,https://www.halifaxma.gov/2086/Election-Results,3,0,9,schema-valid-for-serialized-persons,2026 warrant includes one regular three-year seat and one two-year unexpired seat; total locally elected/appointed composition remains unresolved.,locally-researched-partial-or-substantial
Hamilton,https://www.hamiltonma.gov/,8,5,3,https://www.hamiltonma.gov/wp-content/uploads/2026/01/2026-Election-Dates-Open-Positions3.pdf | https://www.hamiltonma.gov/government/planning-board/ | https://www.hamiltonma.gov/government/hamilton-wenham-library-trustees/ | https://www.hamiltonma.gov/government/hamilton-wenham-school-committee/,https://www.hamiltonma.gov/wp-content/uploads/2026/01/2026-Election-Dates-Open-Positions3.pdf,https://www.hamiltonma.gov/wp-content/uploads/2026/01/2026-Election-Dates-Open-Positions3.pdf,19,0,4,schema-valid-for-serialized-persons,"2026 ballot confirms a Hamilton-designated three-year seat. Current joint board page labels multiple Hamilton and at-large-Hamilton members, so municipality-specific elected seat total is left unresolved. | 2026 election calendar lists two regular three-year and two transitional two-year district seats. Municipality-specific stable allocation is unresolved.",locally-researched-partial-or-substantial
Hampden,https://www.hampdenma.gov/,7,4,3,https://hampdenma.gov/DocumentCenter/View/1367/2026-Annual-Election-Warrant-PDF | https://hampdenma.gov/176/Selectboard | https://hampdenma.gov/166/Board-of-Assessors | https://hampdenma.gov/223/Housing-Authority,https://hampdenma.gov/DocumentCenter/View/1367/2026-Annual-Election-Warrant-PDF,https://hampdenma.gov/DocumentCenter/View/1367/2026-Annual-Election-Warrant-PDF,6,0,5,schema-valid-for-serialized-persons,,locally-researched-partial-or-substantial
Hancock,https://town.hancock.ma.us/,13,13,0,https://town.hancock.ma.us/files/2026/04/Hancock-Annual-Report-2025.pdf,https://town.hancock.ma.us/files/2026/04/Hancock-Annual-Report-2025.pdf,https://town.hancock.ma.us/files/2026/04/Hancock-Annual-Report-2025.pdf,34,1,0,schema-valid-for-serialized-persons,,locally-researched-partial-or-substantial
Hanover,https://www.hanover-ma.gov/,8,8,0,https://www.hanover-ma.gov/finance-department/town-clerk/news/nomination-papers-are-now-available-for-the-hanover-2026-annual | https://www.hanover-ma.gov/school-committee | https://www.hanover-ma.gov/home/news/nomination-papers-are-now-available-for-the-upcoming-hanover-2025-annual-town-election,https://www.hanover-ma.gov/finance-department/town-clerk/news/nomination-papers-are-now-available-for-the-hanover-2026-annual | https://www.hanover-ma.gov/finance-department/town-clerk/pages/election-results-and-election-workers,https://www.hanover-ma.gov/finance-department/town-clerk/pages/election-results-and-election-workers,8,0,8,schema-valid-for-serialized-persons,,locally-researched-partial-or-substantial
Hanson,https://www.hanson-ma.gov/,7,5,2,https://www.hanson-ma.gov/select-board | https://www.hanson-ma.gov/planning-boarddepartment | https://www.hanson-ma.gov/board-health | https://www.hanson-ma.gov/board-assessors | https://www.hanson-ma.gov/school-committee-whrsd | https://www.hanson-ma.gov/school-committee-south-shore-regional | https://www.hanson-ma.gov/boards,https://www.hanson-ma.gov/town-clerk/pages/town-meeting-and-election-schedule-2026,https://www.hanson-ma.gov/town-clerk/pages/election-results,10,0,7,schema-valid-for-serialized-persons,Hanson-designated regional seats are elected; total Hanson allocation remains unresolved in this batch. | Library Trustees are carried as voter-elected based on the annual election layer; total current elected seat count remains unresolved.,locally-researched-partial-or-substantial
Hardwick,https://www.hardwick-ma.gov/,3,2,1,https://www.hardwick-ma.gov/home-page/page/2026-annual-town-election-information | https://www.hardwick-ma.gov/town-clerk/page/election-files-0,https://www.hardwick-ma.gov/home-page/page/2026-annual-town-election-information,https://www.hardwick-ma.gov/home-page/page/2026-annual-town-election-results,1,0,3,schema-valid-for-serialized-persons,Official election archive confirms voter-elected Paige Memorial Library Trustee seats; total current elected board size remains unresolved.,locally-researched-partial-or-substantial
Harvard,https://www.harvard-ma.gov/,5,5,0,https://www.harvard-ma.gov/761/Volunteer-Handbook,https://www.harvard-ma.gov/373/Elected-Officials---Town,https://www.harvard-ma.gov/373/Elected-Officials---Town,23,0,0,schema-valid-for-serialized-persons,,locally-researched-partial-or-substantial
Harwich,https://www.harwich-ma.gov/,3,3,0,https://www.harwich-ma.gov/select-board | https://www.harwich-ma.gov/boards-committees | https://www.harwich-ma.gov/board-of-water-wastewater-commissioners,https://www.harwich-ma.gov/election-information,https://www.harwich-ma.gov/town-clerk,5,0,3,schema-valid-for-serialized-persons,,locally-researched-partial-or-substantial
Hatfield,https://www.townofhatfield.org/,11,4,7,https://www.townofhatfield.org/395/Select-Board | https://www.townofhatfield.org/DocumentCenter/View/3578,https://www.townofhatfield.org/371/Annual-Town-Meeting-Election-Information,https://www.townofhatfield.org/DocumentCenter/View/3578,7,0,6,schema-valid-for-serialized-persons,2026 ballot includes one regular three-year seat and one two-year seat; total committee size remains unresolved.,locally-researched-partial-or-substantial
Haverhill,https://www.haverhillma.gov/,3,3,0,https://www.haverhillma.gov/government/elections/elected-officials/ | https://www.haverhillma.gov/government/elections/ward-based-elections/,https://www.haverhillma.gov/government/elections/candidate-municipal-information/,https://www.haverhillma.gov/media/twxlnjtg/haverhill-general-municipal-election-unofficial-results.pdf | https://www.haverhillma.gov/government/mayor-and-council/city-councilors/ | https://www.haverhill-ps.org/school-committee/,22,0,0,schema-valid-for-serialized-persons,,locally-researched-partial-or-substantial
Hawley,https://townofhawley.com/,6,6,0,https://townofhawley.com/officials-boards-committees/select-board/ | https://townofhawley.com/a-cold-snap/ | https://townofhawley.com/hawley-assessors/ | https://townofhawley.com/reps-hawlemont-school-com/ | https://townofhawley.com/mtrsd-schl-comm/ | https://townofhawley.com/other-town-officials/,https://townofhawley.com/a-cold-snap/,https://townofhawley.com/town-meeting-is-coming/,10,0,2,schema-valid-for-serialized-persons,,locally-researched-partial-or-substantial
Heath,https://townofheath.org/,14,12,2,https://townofheath.org/g/46/Select-Board | https://townofheath.org/g/47/Board-of-Assessors | https://townofheath.org/g/42/Finance-Committee | https://townofheath.org/g/40/Planning-Board | https://townofheath.org/g/39/Library-Trustees | https://townofheath.org/p/50/Volunteering | https://townofheath.org/g/44/Municipal-Light-Board | https://townofheath.org/k/1/2026-Annual-Town-Elections | https://townofheath.org/files/2026_Annual_Town_Meeting_Minutes.pdf,https://townofheath.org/k/1/2026-Annual-Town-Elections | https://townofheath.org/files/2026_Annual_Town_Meeting_Minutes.pdf,https://townofheath.org/k/1/2026-Annual-Town-Elections | https://townofheath.org/files/2026_Annual_Town_Meeting_Minutes.pdf,23,0,7,schema-valid-for-serialized-persons,2026 ballot included a two-year remainder of a regular three-year term; total elected committee size remains unresolved.,locally-researched-partial-or-substantial
Hingham,https://www.hingham-ma.gov/,11,10,1,https://www.hingham-ma.gov/CivicAlerts.asp?AID=2191&ARC=3459 | https://www.hingham-ma.gov/224/Select-Board | https://www.hingham-ma.gov/626/Board-of-Assessors | https://www.hingham-ma.gov/625/Board-of-Health | https://www.hingham-ma.gov/DocumentCenter/View/27981/June-24-2026-Meeting-Packet | https://www.hingham-ma.gov/627/Elected-Boards | https://www.hingham-ma.gov/631/Planning-Board | https://www.hingham-ma.gov/636/Sewer-Commission | https://www.hingham-ma.gov/634/Recreation-Commission | https://www.hingham-ma.gov/409/Town-Clerk,https://www.hingham-ma.gov/CivicAlerts.asp?AID=2191&ARC=3459,https://www.hingham-ma.gov/DocumentCenter/View/27908/2026-Town-Election-Results,29,0,2,schema-valid-for-serialized-persons,"Housing Authority is listed as an elected board, but locally elected versus appointed seat composition remains unresolved.",locally-researched-partial-or-substantial
Hinsdale,https://www.hinsdalemass.com/,8,8,0,https://www.hinsdalemass.com/1379/Elected-Officials | https://www.hinsdalemass.com/DocumentCenter/View/494/Town-Bylaws | https://www.hinsdalemass.com/1246/School-Committee,https://www.hinsdalemass.com/DocumentCenter/View/3336 | https://www.hinsdalemass.com/1379/Elected-Officials,https://www.hinsdalemass.com/DocumentCenter/View/3336 | https://www.hinsdalemass.com/1246/School-Committee,18,0,5,schema-valid-for-serialized-persons,,locally-researched-partial-or-substantial
Holbrook,https://www.holbrookma.gov/,9,6,3,https://www.holbrookma.gov/Directory.aspx | https://www.holbrookma.gov/101/Departments | https://www.holbrookma.gov/305/Planning-Board | https://www.holbrookma.gov/228/Elections-Voting | https://www.holbrookma.gov/255/Board-of-Assessors | https://www.holbrookma.gov/27/Boards-Committees,https://holbrookma.gov/DocumentCenter/View/1609,https://holbrookma.gov/DocumentCenter/View/1609,12,0,5,schema-valid-for-serialized-persons,"2026 ballot verifies two three-year School Committee seats; total current elected committee size remains unresolved. | Current Town directory and annual-election layer establish voter-filled library trustees; total current elected seat count remains unresolved. | Housing Authority appears in the current municipal board/election layer, but locally elected versus appointed composition remains unresolved.",locally-researched-partial-or-substantial
Holden,https://www.holdenma.gov/,5,3,2,https://www.holdenma.gov/AgendaCenter/ViewFile/Minutes/_02022026-938 | https://www.holdenma.gov/510/Board-of-Selectmen,https://www.holdenma.gov/home/news/511-annual-town-election-voter-registration-and-absentee-ballot-information,https://www.holdenma.gov/AgendaCenter/ViewFile/Minutes/_02022026-938,5,0,4,schema-valid-for-serialized-persons,2026 election notice lists two three-year WRSD seats; Holden-specific total allocation remains unresolved. | 2026 election notice lists one five-year elected Housing Authority seat; total locally elected composition remains unresolved.,locally-researched-partial-or-substantial
Holland,https://www.town.holland.ma.us/,4,3,1,https://www.town.holland.ma.us/select-board | https://www.town.holland.ma.us/sites/g/files/vyhlif3266/f/uploads/town_of_holland_bylaws_2024.pdf | https://www.town.holland.ma.us/sites/g/files/vyhlif3266/f/alerts/election_6.30.2020_town_results.pdf | https://www.town.holland.ma.us/,https://www.town.holland.ma.us/sites/g/files/vyhlif3266/f/alerts/election_6.30.2020_town_results.pdf | https://www.town.holland.ma.us/,https://www.town.holland.ma.us/,0,0,4,schema-valid-for-serialized-persons,Official election archive verifies voter-elected Cemetery Commissioner seats; total commission size remains unresolved.,locally-researched-partial-or-substantial
Holliston,https://www.townofholliston.us/,11,11,0,https://www.townofholliston.us/Archive/ViewFile/Item/284,https://www.townofholliston.us/CivicAlerts.aspx?CID=1,https://www.townofholliston.us/Archive/ViewFile/Item/284,43,1,0,schema-valid-for-serialized-persons,,locally-researched-partial-or-substantial
Holyoke,https://www.holyoke.org/,4,4,0,https://www.holyoke.org/departments/mayors-office/ | https://www.holyoke.org/departments/city-council/ | https://www.holyoke.org/holyoke-city-clerk-brenna-murphy-leary-announces-preliminary-and-municipal-election-races/ | https://www.holyoke.org/departments/city-clerk/,https://www.holyoke.org/holyoke-city-clerk-brenna-murphy-leary-announces-preliminary-and-municipal-election-races/,https://www.holyoke.org/departments/mayors-office/ | https://www.holyoke.org/city-council-members/ | https://www.holyoke.org/people?filter_categories%5B%5D=57 | https://www.holyoke.org/departments/city-clerk/,14,0,2,schema-valid-for-serialized-persons,,locally-researched-partial-or-substantial
Hopedale,https://www.hopedale-ma.gov/,9,2,7,https://www.hopedale-ma.gov/1220/Board-of-Health | https://www.hopedale-ma.gov/DocumentCenter/View/5564 | https://hopedale-ma.gov/1223/Administrator,https://www.hopedale-ma.gov/DocumentCenter/View/5564,https://www.hopedale-ma.gov/DocumentCenter/View/5564,6,0,7,schema-valid-for-serialized-persons,,locally-researched-partial-or-substantial
Hopkinton,https://www.hopkintonma.gov/,11,4,7,https://www.hopkintonma.gov/departments/town_manager___select_board/index.php | https://www.hopkintonma.gov/departments/town_clerk/election_information.php | https://www.hopkintonma.gov/depts___directory/library_trustees/index.php | https://www.hopkintonma.gov/departments/department_of_public_works/cemeteries.php | https://www.hopkintonma.gov/boards___committees/e_-_p/planning_board.php,https://www.hopkintonma.gov/departments/town_clerk/election_information.php,https://www.hopkintonma.gov/departments/town_clerk/election_information.php,5,0,10,schema-valid-for-serialized-persons,,locally-researched-partial-or-substantial
Hubbardston,https://www.hubbardstonma.us/,10,1,9,https://www.hubbardstonma.gov/349/How-to-Pull-Nomination-Papers-for-Annual | https://www.hubbardstonma.gov/273/Town-Meeting,https://www.hubbardstonma.gov/349/How-to-Pull-Nomination-Papers-for-Annual,https://www.hubbardstonma.gov/DocumentCenter/View/1516,14,0,4,schema-valid-for-serialized-persons,,locally-researched-partial-or-substantial
Hudson,https://www.townofhudson.org/,13,3,10,https://www.townofhudson.org/682/Select-Board | https://www.townofhudson.org/DocumentCenter/View/6617/Specimen-Ballot--May-11-2026 | https://www.townofhudson.org/639/Hudson-Public-School-Committee | https://www.townofhudson.org/674/Planning-Board,https://www.townofhudson.org/DocumentCenter/View/6617/Specimen-Ballot--May-11-2026,https://www.townofhudson.org/DocumentCenter/View/6617/Specimen-Ballot--May-11-2026,16,0,10,schema-valid-for-serialized-persons,,locally-researched-partial-or-substantial
Hull,https://www.town.hull.ma.us/,9,3,6,https://www.town.hull.ma.us/464/Select-Board | https://www.town.hull.ma.us/DocumentCenter/View/2877/2026-Annual-Town-Election-Official-Results-PDF | https://www.town.hull.ma.us/583/Planning-Board | https://www.town.hull.ma.us/169/Town-Clerk,https://www.town.hull.ma.us/DocumentCenter/View/2877/2026-Annual-Town-Election-Official-Results-PDF,https://www.town.hull.ma.us/DocumentCenter/View/2877/2026-Annual-Town-Election-Official-Results-PDF,21,1,6,schema-valid-for-serialized-persons,2026 election included both a regular five-year seat and a three-year vacancy/unexpired contest; total authority size remains unresolved.,locally-researched-partial-or-substantial
Huntington,https://www.huntingtonma.us/,11,3,8,https://www.huntingtonma.us/selectboard | https://www.huntingtonma.us/town-clerk/page/annual-town-election-nomination-papers-available,https://www.huntingtonma.us/town-clerk/page/annual-town-election-nomination-papers-available,https://www.huntingtonma.us/town-clerk/page/elections,3,0,10,schema-valid-for-serialized-persons,,locally-researched-partial-or-substantial
Ipswich,https://www.ipswichma.gov/,6,6,0,https://www.ipswichma.gov/DocumentCenter/View/18804/2026-04-06_Ipswich_ATM_Warrant_DRAFT?bidId=,https://www.ipswichma.gov/DocumentCenter/View/18925/May-19-2026-Annual-Town-Election-DRAFT-Results | https://www.ipswichma.gov/DocumentCenter/View/18804/2026-04-06_Ipswich_ATM_Warrant_DRAFT?bidId=,https://www.ipswichma.gov/Directory.aspx?did=29 | https://www.ipswichma.gov/DocumentCenter/View/18925/May-19-2026-Annual-Town-Election-DRAFT-Results | https://www.ipswichma.gov/DocumentCenter/View/1177/Master-Boards--Committees-Listing-?bidId=,18,0,2,schema-valid-for-serialized-persons,,locally-researched-partial-or-substantial
Kingston,https://kingstonma.gov/,12,4,8,https://kingstonma.gov/207/Voting-Election-Information | https://kingstonma.gov/Directory.aspx?did=30 | https://kingstonma.gov/269/Planning-Board,https://kingstonma.gov/207/Voting-Election-Information,https://kingstonma.gov/207/Voting-Election-Information,10,0,10,schema-valid-for-serialized-persons,,locally-researched-partial-or-substantial
Lakeville,https://www.lakevillema.org/,11,11,0,https://www.lakevillema.org/678/Election-Elected-Town-Officials | https://www.lakevillema.org/183/Board-of-Health | https://www.lakevillema.org/196/Planning-Board,https://www.lakevillema.org/678/Election-Elected-Town-Officials,https://www.lakevillema.org/678/Election-Elected-Town-Officials,38,0,0,schema-valid-for-serialized-persons,,locally-researched-partial-or-substantial
Lancaster,https://www.ci.lancaster.ma.us/,8,6,2,https://www.ci.lancaster.ma.us/418/Select-Board | https://www.ci.lancaster.ma.us/DocumentCenter/View/3849/May-11-2026-Annual-Town-Election-Sample-Ballot | https://www.ci.lancaster.ma.us/276/Board-of-Public-Works | https://www.ci.lancaster.ma.us/359/Finance-Committee | https://www.ci.lancaster.ma.us/392/Planning-Board | https://www.ci.lancaster.ma.us/467/Board-of-Library-Trustees,https://www.ci.lancaster.ma.us/DocumentCenter/View/3849/May-11-2026-Annual-Town-Election-Sample-Ballot,https://www.ci.lancaster.ma.us/DocumentCenter/View/4008/2026-May-11-Annual-Town-Election-Final-Results,26,0,2,schema-valid-for-serialized-persons,,locally-researched-partial-or-substantial
Lanesborough,https://www.lanesborough-ma.gov/,7,7,0,https://malegislature.gov/Laws/SessionLaws/Acts/2025/Chapter51 | https://cms5.revize.com/revize/lanesboroughma/2024%20Lanesborough%20Town%20Report%20Revised%20post%20print%20copy.pdf | https://www.mgrhs.org/page/school-committee | https://mccanntech.org/school-committee/,https://ecode360.com/34365847,https://cms5.revize.com/revize/lanesboroughma/2024%20Lanesborough%20Town%20Report%20Revised%20post%20print%20copy.pdf | https://www.mgrhs.org/page/school-committee | https://mccanntech.org/school-committee/,1,0,6,schema-valid-for-serialized-persons,,locally-researched-partial-or-substantial
Lawrence,https://www.cityoflawrence.com/,4,4,0,https://www.cityoflawrence.com/DocumentCenter/View/448/Lawrence-City-Charter-PDF | https://malegislature.gov/Laws/SessionLaws/Acts/2024/Chapter314 | https://www.glts.net/apps/pages/index.jsp?uREC_ID=1804538&type=d&pREC_ID=2013589,https://www.cityoflawrence.com/351/Election-Results,https://www.cityoflawrence.com/694/Elected-Officials | https://www.glts.net/apps/pages/index.jsp?uREC_ID=1804538&type=d&pREC_ID=2013589,16,0,0,schema-valid-for-serialized-persons,,locally-researched-partial-or-substantial
Lee,https://www.lee.ma.us/,6,5,1,https://www.lee.ma.us/sites/g/files/vyhlif12726/f/uploads/fy23_annual_town_report_final.pdf | https://www.lee.ma.us/planning-board,https://www.lee.ma.us/town-clerk/pages/election-results,https://www.lee.ma.us/town-clerk/pages/election-results | https://www.lee.ma.us/planning-board,3,0,6,schema-valid-for-serialized-persons,Elected status and five-year cycle are supported by Town election materials; locally elected versus appointed composition remains unresolved.,locally-researched-partial-or-substantial
Leicester,https://www.leicesterma.org/,9,8,1,https://www.leicesterma.org/222/Board-of-Assessors | https://www.leicesterma.org/223/Board-of-Health | https://www.leicesterma.org/DocumentCenter/View/4408/Elected-Town-Officials-2025 | https://www.leicesterma.org/227/Select-Board | https://www.leicesterma.org/229/Town-Clerk | https://www.leicesterma.org/225/Planning-Board | https://www.leicesterma.org/230/Library-Trustees,https://www.leicesterma.org/DocumentCenter/View/4408/Elected-Town-Officials-2025,https://www.leicesterma.org/222/Board-of-Assessors | https://www.leicesterma.org/223/Board-of-Health | https://www.leicesterma.org/DocumentCenter/View/4408/Elected-Town-Officials-2025 | https://www.leicesterma.org/227/Select-Board | https://www.leicesterma.org/229/Town-Clerk | https://www.leicesterma.org/225/Planning-Board | https://www.leicesterma.org/230/Library-Trustees,23,1,3,schema-valid-for-serialized-persons,"Current elected-official list confirms elected Housing Authority positions, but stable locally elected seat count remains unresolved.",locally-researched-partial-or-substantial
Lenox,https://www.townoflenox.com/,7,6,1,https://www.townoflenox.com/DocumentCenter/View/5875/May-4-2026-Annual-Town-Election-Results | https://www.townoflenox.com/164/Select-Board | https://www.townoflenox.com/150/Board-of-Assessors | https://www.townoflenox.com/170/School-Committee | https://www.townoflenox.com/166/Planning-Board | https://www.townoflenox.com/157/Housing-Authority,https://www.townoflenox.com/DocumentCenter/View/5875/May-4-2026-Annual-Town-Election-Results,https://www.townoflenox.com/DocumentCenter/View/5875/May-4-2026-Annual-Town-Election-Results | https://www.townoflenox.com/164/Select-Board | https://www.townoflenox.com/150/Board-of-Assessors | https://www.townoflenox.com/170/School-Committee | https://www.townoflenox.com/166/Planning-Board | https://www.townoflenox.com/157/Housing-Authority,26,0,1,schema-valid-for-serialized-persons,2026 election confirms a regular three-year elected Board of Health seat; total elected board size remains unresolved.,locally-researched-partial-or-substantial
Ludlow,https://ludlow.ma.us/,11,11,0,https://ludlow.ma.us/wp-content/uploads/sites/2/2025/12/All-openings-available-2026-updated-2025-12-08-pdf.pdf | https://malegislature.gov/Laws/GeneralLaws/PartI/TitleXVII/Chapter121B/Section5,https://ludlow.ma.us/wp-content/uploads/sites/2/2025/12/All-openings-available-2026-updated-2025-12-08-pdf.pdf,https://ludlow.ma.us/wp-content/uploads/sites/2/2026/03/March-23-2026-Official-Local-Election-Results-1.pdf,32,0,1,schema-valid-for-serialized-persons,,locally-researched-partial-or-substantial
Lunenburg,https://www.lunenburgma.gov/,14,13,1,https://ecode360.com/29816400 | https://malegislature.gov/Laws/GeneralLaws/PartI/TitleXVII/Chapter121B/Section5,https://lunenburgma.gov/DocumentCenter/View/4247/5162026-Annual-Town-Election-Official-Results-PDF,https://lunenburgma.gov/DocumentCenter/View/4247/5162026-Annual-Town-Election-Official-Results-PDF,49,3,0,schema-valid-for-serialized-persons,"Authority conflict: charter §3-2(d) places constables among Select Board appointments and §3-1 omits constable from the elected-office list, while official annual-election materials and the FY2025 annual report treat a three-year Constable as elected. Preserved as research-only pending legal reconciliation.",locally-researched-partial-or-substantial
Lynn,https://www.lynnma.gov/,3,3,0,https://malegislature.gov/Laws/SessionLaws/Acts/2025/Chapter84,https://www.lynnma.gov/city_government/cityclerk/elections,,18,0,0,schema-valid-for-serialized-persons,,locally-researched-partial-or-substantial
Lynnfield,https://www.lynnfieldma.gov/,7,7,0,https://ecode360.com/28618395 | https://ecode360.com/28618409 | https://malegislature.gov/Laws/GeneralLaws/PartI/TitleXVII/Chapter121B/Section5 | https://ecode360.com/28618365,https://ecode360.com/28618464,https://www.lynnfieldma.gov/AgendaCenter/ViewFile/Minutes/_04142026-1487,24,1,0,schema-valid-for-serialized-persons,,locally-researched-partial-or-substantial
Malden,https://www.cityofmalden.org/,4,4,0,https://www.cityofmalden.org/197/City-Charter | https://www.cityofmalden.org/259/Elected-Officials,https://www.cityofmalden.org/259/Elected-Officials | https://www.cityofmalden.org/DocumentCenter/View/11665/2026-State-Election-Candidates-English-PDF,https://www.cityofmalden.org/DocumentCenter/View/9312/Election-Results-Nov-5-2024-PDF,21,0,0,schema-valid-for-serialized-persons,,locally-researched-partial-or-substantial
Manchester-by-the-Sea,https://www.manchester.ma.us/,7,6,1,https://www.manchester.ma.us/DocumentCenter/View/8219/How-to-Run-for-Office-2026?bidId= | https://malegislature.gov/Laws/GeneralLaws/PartI/TitleXVII/Chapter121b/Section5,https://www.manchester.ma.us/DocumentCenter/View/8219/How-to-Run-for-Office-2026?bidId=,https://www.manchester.ma.us/DocumentCenter/View/9524/Annual-Town-Report-2025 | https://www.manchester.ma.us/DocumentCenter/View/9727/2026-May-19-Annual-Town-Election-Results,24,1,1,schema-valid-for-serialized-persons,"The 2026 local guide and ballot continue to describe/operate four elected seats plus one state appointee, while current M.G.L. c.121B §5 mandates three elected, one tenant-appointed, and one state-appointed member. Current elected-seat identity is not serialized pending transition reconciliation.",locally-researched-partial-or-substantial
Mansfield,https://www.mansfieldma.com/,5,4,1,https://malegislature.gov/Laws/GeneralLaws/PartI/TitleXVII/Chapter121b/Section5 | https://ecode360.com/28866340 | https://www.mansfieldma.com/DocumentCenter/View/11487/Annual-Town-Report-2024-PDF,https://www.mansfieldma.com/DocumentCenter/View/13029/Nomination-Papers-Available-PDF | https://www.mansfieldma.com/DocumentCenter/View/11487/Annual-Town-Report-2024-PDF,https://www.mansfieldma.com/DocumentCenter/View/14694/Unofficial-Results-5-12-26-ATE | https://www.mansfieldma.com/DocumentCenter/View/11487/Annual-Town-Report-2024-PDF,12,0,1,schema-valid-for-serialized-persons,"Current municipal Housing Authority materials retain four local non-state seats and local elections continued in 2026, while current M.G.L. c.121B §5 requires three elected plus a tenant appointee and state appointee. Which current local seat is the tenant-transition seat is unresolved; no Post is serialized.",locally-researched-partial-or-substantial
Marblehead,https://marbleheadma.gov/,13,13,0,https://marbleheadma.gov/wp-content/uploads/2026/04/Annual-Town-Report-2025.pdf | https://malegislature.gov/Laws/SessionLaws/Acts/2025/Chapter90 | https://malegislature.gov/Laws/GeneralLaws/PartI/TitleXVII/Chapter121b/Section5,https://marbleheadma.gov/wp-content/uploads/2026/06/Town-election-official-results-June-9-2026.pdf,https://marbleheadma.gov/wp-content/uploads/2026/06/Town-election-official-results-June-9-2026.pdf,52,0,0,schema-valid-for-serialized-persons,,locally-researched-partial-or-substantial
Marion,https://www.marionma.gov/,9,9,0,https://www.marionma.gov/DocumentCenter/View/2345/Annual-Report-2024-PDF?bidId=,https://www.marionma.gov/762/Town-Meeting-Information | https://www.marionma.gov/DocumentCenter/View/2345/Annual-Report-2024-PDF?bidId=,https://marionma.gov/DocumentCenter/View/2746/Copy-of-Unofficial-ATE-Results?bidId= | https://www.marionma.gov/DocumentCenter/View/2345/Annual-Report-2024-PDF?bidId=,31,0,0,schema-valid-for-serialized-persons,,locally-researched-partial-or-substantial
Marlborough,https://www.marlborough-ma.gov/,3,3,0,https://www.marlborough-ma.gov/CivicAlerts.aspx?AID=86 | https://www.marlborough-ma.gov/387/City-Council | https://www.mps-edu.org/page/school-committee,https://www.marlborough-ma.gov/CivicAlerts.aspx?AID=86,https://www.marlborough-ma.gov/DocumentCenter/View/3476/2025-11-04-Municipal-Election-Results,18,0,0,schema-valid-for-serialized-persons,,locally-researched-partial-or-substantial
Marshfield,https://www.marshfield-ma.gov/,10,9,1,https://ecode360.com/30029163 | https://malegislature.gov/Laws/GeneralLaws/PartI/TitleXVII/Chapter121b/Section5,https://959watd.com/blog/2026/05/smith-wins-marshfield-select-board-seat/,https://www.southshore.news/p/new-leadership-for-marshfield-select | https://www.marshfield-ma.gov/Documents/Government/Boards%20Commissions/Town%20Meeting/marshfield_tr_23_web_cc.pdf,19,0,8,schema-valid-for-serialized-persons,"Older local materials reflect the pre-2024 structure. Current M.G.L. c.121B §5 requires three elected, one tenant-appointed, and one state-appointed member; current elected-seat identity remains transition-unresolved.",locally-researched-partial-or-substantial
Mashpee,https://www.mashpeema.gov/,9,8,1,https://mashpeema.gov/DocumentCenter/View/4928/Charter-as-of-2026 | https://mashpeema.gov/DocumentCenter/View/1296/2007-Annual-Report | https://malegislature.gov/Laws/GeneralLaws/PartI/TitleXVII/Chapter121b/Section5,https://www.mashpeema.gov/DocumentCenter/View/4144,https://www.mashpeema.gov/town-clerk/files/may-10-2025-annual-town-election-unofficial-results | https://www.mashpeema.gov/1436/Planning-Board,19,1,3,schema-valid-for-serialized-persons,Current state-law transition prevents safe serialization of the local elected-seat identity without a complete transition chain.,locally-researched-partial-or-substantial
Mattapoisett,https://www.mattapoisett.gov/,13,12,1,https://www.mattapoisett.gov/DocumentCenter/View/2229/Annual-Town-Election-2026-Candidate-List | https://mattapoisett.gov/317/Select-Board | https://www.mattapoisett.gov/257/Board-of-Assessors | https://www.mattapoisett.gov/258/Board-of-Health | https://www.oldrochester.org/district/sc | https://www.mattapoisett.gov/328/ORR-District-School-Committee | https://mattapoisett.gov/314/Library-Trustees | https://mattapoisett.gov/345/Water-Sewer-Commissioners | https://mattapoisett.gov/329/Planning-Board | https://www.mattapoisett.gov/263/Community-Preservation-Committee | https://www.mattapoisett.gov/188/Highway-Department | https://malegislature.gov/Laws/GeneralLaws/PartI/TitleXVII/Chapter121b/Section5,https://www.mattapoisett.gov/DocumentCenter/View/2229/Annual-Town-Election-2026-Candidate-List | https://www.mattapoisett.gov/188/Highway-Department,https://www.mattapoisett.gov/584/2026-Annual-Town-Election-Information | https://www.mattapoisett.gov/188/Highway-Department,40,0,1,schema-valid-for-serialized-persons,"Current election materials prove the office remains on the ballot, but elected-seat composition is held unresolved pending c.121B transition reconciliation.",locally-researched-partial-or-substantial
Maynard,https://www.townofmaynard-ma.gov/,6,6,0,https://www.townofmaynard-ma.gov/261/Select-Board | https://townofmaynard-ma.gov/AgendaCenter/ViewFile/Agenda/_07232026-2180 | https://www.townofmaynard-ma.gov/ArchiveCenter/ViewFile/Item/371 | https://www.townofmaynard-ma.gov/DocumentCenter/View/4386/Presentation-for-Annual-Town-Meeting-May-18-2026 | https://malegislature.gov/Laws/GeneralLaws/PartI/TitleXVII/Chapter121b/Section5,https://www.townofmaynard-ma.gov/m/newsflash/Home/Detail/522 | https://www.townofmaynard-ma.gov/ArchiveCenter/ViewFile/Item/371,https://www.townofmaynard-ma.gov/m/newsflash/Home/Detail/522 | https://www.townofmaynard-ma.gov/ArchiveCenter/ViewFile/Item/371,18,0,0,schema-valid-for-serialized-persons,,locally-researched-partial-or-substantial
Medfield,https://www.town.medfield.net/,10,9,1,https://www.town.medfield.net/DocumentCenter/View/9436/Select-Board-Meeting-Packet_03032026 | https://town.medfield.net/293/Select-Board | https://www.town.medfield.net/257/Board-of-Assessors | https://www.town.medfield.net/240/Planning-Board | https://www.town.medfield.net/2483/2026-Annual-Town-Meeting | https://malegislature.gov/Laws/GeneralLaws/PartI/TitleXVII/Chapter121b/Section5,https://www.town.medfield.net/DocumentCenter/View/9436/Select-Board-Meeting-Packet_03032026,https://www.town.medfield.net/2036/Election-Results,22,0,4,schema-valid-for-serialized-persons,2026 local warrant labels one Housing Authority seat as a three-year election while current c.121B uses a three-elected/tenant/state structure with transition rules. Current local elected-seat mapping and normal term cycle are held unresolved.,locally-researched-partial-or-substantial
Medford,https://www.medfordma.org/,3,3,0,https://www.medfordma.org/boards-commissions/charter-study-committee | https://www.medfordma.org/citycouncil,https://www.medfordma.org/departments/elections-commission,https://www.medfordma.org/mayors-office/ | https://www.medfordma.org/citycouncil | https://www.mps02155.org/about/school-committee,14,0,0,schema-valid-for-serialized-persons,,locally-researched-partial-or-substantial
Medway,https://medwayma.gov/,10,10,0,https://storage.googleapis.com/juniper-media-library/117/2024/08/medway_charter_for_posting.pdf | https://malegislature.gov/Laws/GeneralLaws/PartI/TitleXVII/Chapter121b/Section5,https://medwayma.gov/2026-town-election-nomination-papers/,https://medwayma.gov/select-board/ | https://medwayma.gov/news-and-notices/town-election-results/ | https://www.medwayschools.org/page/school-committee | https://www.medwaylib.org/library-trustees/ | https://medwayma.gov/planning-economic-development-board/ | https://www.medwayma.gov/board-of-health/ | https://www.medwayma.gov/dpw-water-sewer/ | https://medwayma.gov/housing-authority/ | https://medwayma.gov/dpw-parks-commission/ | https://medwayma.gov/redevelopment-authority/,35,0,2,schema-valid-for-serialized-persons,,locally-researched-partial-or-substantial
Melrose,https://www.cityofmelrose.org/,4,4,0,https://www.cityofmelrose.org/336/City-of-Melrose-Charter-Administrative-C | https://northeastmetrotech.com/77018_2,https://www.cityofmelrose.org/m/newsflash/home/detail/52,https://www.cityofmelrose.org/196/Mayor | https://www.cityofmelrose.org/513/City-Council | https://www.cityofmelrose.org/m/NewsFlash/Home/Detail/74 | https://northeastmetrotech.com/77018_2,19,0,0,schema-valid-for-serialized-persons,,locally-researched-partial-or-substantial
Mendon,https://www.mendonma.gov/,13,13,0,https://www.mendonma.gov/AgendaCenter/ViewFile/Minutes/_04292026-1515 | https://www.mendonma.gov/sites/g/files/vyhlif881/f/pages/2024_annual_town_report.pdf | https://www.mendonma.gov/161/Tree-Warden | https://malegislature.gov/Laws/GeneralLaws/PartI/TitleXVII/Chapter121b/Section5,https://www.mendonma.gov/AgendaCenter/ViewFile/Minutes/_04292026-1515 | https://www.mendonma.gov/sites/g/files/vyhlif881/f/pages/2024_annual_town_report.pdf,https://www.mendonma.gov/AgendaCenter/ViewFile/Minutes/_05192026-1520 | https://mendonma.gov/210/Select-Board | https://www.mendonma.gov/227/Board-of-Assessors | https://www.mendonma.gov/226/Board-of-Health | https://www.mursd.org/o/mendon-upton-regional-school-district/page/school-committee-members | https://www.valleytech.k12.ma.us/school-committee | https://mendonma.gov/207/Taft-Library-Trustees | https://www.mendonma.gov/204/Water-Commission | https://www.mendonma.gov/212/Parks-Commission | https://www.mendonma.gov/211/Planning-Board | https://www.mendonma.gov/sites/g/files/vyhlif881/f/pages/2024_annual_town_report.pdf | https://www.mendonma.gov/161/Tree-Warden | https://mendonma.gov/169/Housing-Authority,37,0,0,schema-valid-for-serialized-persons,,locally-researched-partial-or-substantial
Merrimac,https://townofmerrimac.com/,13,13,0,https://townofmerrimac.com/wp-content/uploads/2026/05/2025-Annual-Town-Report.pdf | https://malegislature.gov/Laws/GeneralLaws/PartI/TitleXVII/Chapter121b/Section5 | https://townofmerrimac.com/wp-content/uploads/2026/01/MERRIMAC.-Election-schedule-2026.pdf,https://townofmerrimac.com/annual-local-election-information/,https://townofmerrimac.com/select-board/ | https://townofmerrimac.com/wp-content/uploads/2026/05/PCT-1-05042026.pdf | https://townofmerrimac.com/wp-content/uploads/2026/05/2025-Annual-Town-Report.pdf | https://townofmerrimac.com/elections-and-voting/,42,0,0,schema-valid-for-serialized-persons,,locally-researched-partial-or-substantial
Plainville,,10,1,9,https://ecode360.com/37942496,,,0,0,0,schema-valid-for-serialized-persons,Charter identifies listed offices/bodies as elective. | Charter identifies listed offices/bodies as elective. | Charter identifies listed offices/bodies as elective. | Charter identifies listed offices/bodies as elective. | Charter identifies listed offices/bodies as elective. | Charter identifies listed offices/bodies as elective. | Charter identifies listed offices/bodies as elective. | Charter identifies listed offices/bodies as elective. | Charter identifies listed offices/bodies as elective.,locally-researched-partial-or-substantial
South Hadley,,10,10,0,https://ecode360.com/30052008,https://ecode360.com/30052008,,0,0,0,schema-valid-for-serialized-persons,,locally-researched-partial-or-substantial
Southbridge,,7,6,1,https://ecode360.com/42276724,https://ecode360.com/42276730,,0,0,0,schema-valid-for-serialized-persons,"Charter text reviewed says regular election last Tuesday in June and general 3-year terms; MMA reported June 9 for 2026, so timing has a source conflict requiring amendment/bylaw reconciliation.",locally-researched-partial-or-substantial
Wakefield,,13,5,8,https://ecode360.com/13594234,https://ecode360.com/13594234,,0,0,0,schema-valid-for-serialized-persons,Charter text reviewed establishes regular election fourth Tuesday in April unless changed by bylaw. | Charter text reviewed establishes regular election fourth Tuesday in April unless changed by bylaw. | Charter text reviewed establishes regular election fourth Tuesday in April unless changed by bylaw. | Charter text reviewed establishes regular election fourth Tuesday in April unless changed by bylaw. | Charter text reviewed establishes regular election fourth Tuesday in April unless changed by bylaw. | Charter text reviewed establishes regular election fourth Tuesday in April unless changed by bylaw. | Charter text reviewed establishes regular election fourth Tuesday in April unless changed by bylaw. | Charter text reviewed establishes regular election fourth Tuesday in April unless changed by bylaw.,locally-researched-partial-or-substantial
Winchester,,8,1,7,https://ecode360.com/42156736,,,0,0,0,schema-valid-for-serialized-persons,Charter identifies listed offices/bodies as elective. | Charter identifies listed offices/bodies as elective. | Charter identifies listed offices/bodies as elective. | Charter identifies listed offices/bodies as elective. | Charter identifies listed offices/bodies as elective. | Charter identifies listed offices/bodies as elective. | Charter identifies listed offices/bodies as elective.,locally-researched-partial-or-substantial
Methuen,https://www.cityofmethuen.net/,6,6,0,https://www.cityofmethuen.net/DocumentCenter/View/3804/Methuen-Home-Rule-Charter-as-of-December-12-2024-PDF | https://www.cityofmethuen.net/894/Candidate-Information,https://www.cityofmethuen.net/894/Candidate-Information,https://www.cityofmethuen.net/DocumentCenter/View/4874/Official-Certified-Municipal-Election-Results--11425-PDF?bidId=,21,0,1,schema-valid-for-serialized-persons,Second elected Housing Authority seat remains unresolved because certified 2025 winner Ellen Barrie Weinhold is absent from the current official roster; no replacement/appointment was inferred.,locally-researched-substantial
Middleborough,https://www.middleboroughma.gov/,9,9,0,https://ecode360.com/30717659 | https://ecode360.com/30455948 | https://ecode360.com/30718444 | https://www.middleboroughma.gov/852/Annual-Town-Election,https://www.middleboroughma.gov/852/Annual-Town-Election,https://www.middleboroughma.gov/DocumentCenter/View/8607/ELECTED-OFFICIALS?bidId=,42,0,0,schema-valid-for-serialized-persons,Current official 2026 elected-official roster permits full seat reconciliation. Planning Board associate and Housing Authority state appointee are excluded.,locally-researched-substantial
Middlefield,https://www.middlefield-ma.gov/,10,10,0,https://www.middlefield-ma.gov/DocumentCenter/View/275/Bylaws-Enacted-in-1987-PDF | https://www.middlefield-ma.gov/DocumentCenter/View/280/May-07-2022-Article13-PDF | https://www.middlefield-ma.gov/230/Town-Clerk | https://www.middlefield-ma.gov/232/Treasurer | https://www.middlefield-ma.gov/218/Zoning-Board-of-Appeals,https://www.middlefield-ma.gov/CivicAlerts.aspx | https://www.middlefield-ma.gov/m/newsflash/home/detail/36,https://www.middlefield-ma.gov/m/newsflash/home/detail/36 | https://www.middlefield-ma.gov/DocumentCenter/View/304/May-04-2024-Election-Results-PDF,22,0,6,schema-valid-for-serialized-persons,"Current official pages supersede obsolete 1987 bylaw text for Treasurer, Tax Collector, ZBA, and Town Clerk term. Current Planning Board page names four of five legal seats; Finance, Cemetery, and second Constable current holders are not fully reconciled. No shortage is treated as a vacancy.",locally-researched-substantial-with-source-conflicts
Middleton,https://middletonma.gov/,11,11,0,https://middletonma.gov/537/Town-Officials---Elected,https://middletonma.gov/315/Election-Results,https://middletonma.gov/315/Election-Results,37,1,0,schema-valid-for-serialized-persons,One elected Assessor seat is explicitly vacant. Only three locally elected Housing Authority seats are modeled.,locally-researched-substantial
Milford,https://www.milfordma.gov/,17,17,0,https://milfordma.gov/DocumentCenter/View/297/Town-of-Milford-By-Laws-PDF | https://malegislature.gov/Laws/SessionLaws/Acts/2026/Chapter15 | https://malegislature.gov/Laws/SessionLaws/Acts/2026/Chapter17 | https://www.valleytech.k12.ma.us/about/district/schoolcommittee,https://www.milfordma.gov/475/Election-Results,https://milfordma.gov/DocumentCenter/View/3047/Official-Results-2026-Annual-Town-Election,54,0,240,schema-valid-for-serialized-persons,Highway Surveyor is excluded as appointive under Acts 2026 c.15. Representative Town Meeting is 240 elected seats; all 240 holder slots remain seat-level unresolved pending complete three-cohort roster reconciliation.,locally-researched-substantial-with-officeholder-backfill
Millbury,https://www.millburyma.gov/,10,10,0,https://www.millburyma.gov/board-selectmen/files/annual-town-report-fy2025,https://www.millburyma.gov/board-selectmen/files/annual-town-report-fy2025,https://www.millburyma.gov/board-selectmen/files/annual-town-report-fy2025 | https://www.millburyma.gov/AgendaCenter/ViewFile/Agenda/_06232026-696 | https://www.valleytech.k12.ma.us/about/district/schoolcommittee,35,2,1,schema-valid-for-serialized-persons,Two explicit vacancies are preserved (Redevelopment Authority and locally elected Housing Authority). One Library Trustee seat remains unresolved and is not treated as vacant.,locally-researched-substantial
Millis,https://www.millisma.gov/,9,9,0,https://www.millisma.gov/home-rule-charter | https://www.millisma.gov/sites/g/files/vyhlif901/f/uploads/millis2024_final_tr.pdf | https://www.millisma.gov/finance-committee/minutes/finance-committee-meeting-minutes-october-1-2025,https://www.millisma.gov/town-clerk/pages/elections-voting,https://www.millisma.gov/sites/g/files/vyhlif901/f/uploads/millis2024_final_tr.pdf,4,0,23,schema-valid-for-serialized-persons,"Town Clerk remains modeled as elected; a proposed conversion was not treated as enacted. Assessors, Treasurer/Collector, Finance Committee, and Tree Warden are excluded as appointed. Current holder backfill remains incomplete except Select Board and Moderator.",locally-researched-substantial-with-officeholder-backfill
Millville,https://www.millvillema.org/,12,11,1,https://www.millvillema.org/home/files/2019-annual-town-report | https://www.millvillema.org/home/news/annual-town-election-unofficial-results-positions-specimen-ballot | https://www.millvillema.org/sites/g/files/vyhlif906/f/uploads/atm_warrant_5_11_26_with_explanations_and_recommendations_final.pdf,https://www.millvillema.org/home/news/annual-town-election-unofficial-results-positions-specimen-ballot | https://www.millvillema.org/news,https://www.millvillema.org/town-clerk/minutes/official-results-local-election | https://www.millvillema.org/news,20,0,14,schema-valid-for-serialized-persons,"Highway Surveyor is preserved as a research-only transition row and not schema-serialized because the post-April-2026 elected/appointed status could not be conclusively established from accessible authoritative material. The signed April 21, 2026 Select Board warrant is preferred over older staff-directory names.",locally-researched-substantial-with-structural-transition
Milton,https://www.miltonma.gov/,14,14,0,https://www.miltonma.gov/1057/How-to-Run-for-Town-Election | https://www.miltonma.gov/478/Town-Meeting | https://www.miltonma.gov/399/Select-Board | https://miltonma.gov/718/Planning-Board,https://miltonma.gov/1292/Annual-Town-Election--APRIL-28-2026,https://www.miltonma.gov/DocumentCenter/View/10279/1-Elected-Officials-2026--2027-5182026,48,1,279,schema-valid-for-serialized-persons,279 elected representative Town Meeting seats; ex-officio participants excluded. One Library Trustee resignation is preserved as an explicit vacancy.,locally-researched-substantial-with-officeholder-backfill
Monroe,,9,9,0,https://recorder.com/2026/05/05/monroe-town-election-results/,https://recorder.com/2026/05/05/monroe-town-election-results/,https://recorder.com/2026/05/05/monroe-town-election-results/ | https://recorder.com/2025/07/02/975k-budget-approved-in-monroe-62121236/,14,1,4,schema-valid-for-serialized-persons,Mass.gov confirms Monroe has no municipal website. Structure/current holders therefore rely on successive local election reporting; one 2026 Library Trustee seat is explicitly vacant.,locally-researched-substantial-source-limited
Monson,https://www.monson-ma.gov/,11,11,0,https://malegislature.gov/Laws/SessionLaws/Acts/2026/Chapter69 | https://www.monson-ma.gov/DocumentCenter/View/3022/ELECTED-TOWN-OFFICIALS-2025 | https://pathfindertech.org/school-committe/,https://www.monson-ma.gov/DocumentCenter/View/3715/Annual-Town-Election-Official-Results-06-09-26,https://www.monson-ma.gov/DocumentCenter/View/3715/Annual-Town-Election-Official-Results-06-09-26,28,0,2,schema-valid-for-serialized-persons,Acts 2026 c.69 controls the five-seat Select Board structure even though current roster material still reflects three incumbents; two transition seats remain unresolved.,locally-researched-substantial-with-structural-transition
Montague,https://montague-ma.gov/,11,11,0,https://montague-ma.gov/files/FY2023_ANNUAL_REPORT_-_Final_-_WEBSITE.pdf | https://montague-ma.gov/files/Nomination_Papers_Due_2026_-NEWSPAPER.pdf | https://www.gmrsd.org/school-committee-2,https://montague-ma.gov/files/Nomination_Papers_Due_2026_-NEWSPAPER.pdf,https://montague-ma.gov/files/2024-05-21_ANNUAL_ELECTION_RESULTS-FINAL.pdf | https://montague-ma.gov/files/Town_Election_2025-05-20.pdf | https://montague-ma.gov/files/2026-06-15__Selectboard_Meeting_Materials.pdf,29,0,135,schema-valid-for-serialized-persons,"Town Clerk, Treasurer/Tax Collector, and Tree Warden are excluded as appointed. Representative Town Meeting has 126 elected precinct seats; all holder slots remain unresolved pending full roster reconciliation.",locally-researched-substantial-with-officeholder-backfill
Monterey,https://www.montereyma.gov/,15,15,0,https://www.montereyma.gov/sites/g/files/vyhlif3496/f/uploads/monterey_elected_offices_post_on_website.pdf | https://www.montereyma.gov/about-monterey/files/fy22-elected-officials | https://www.montereyma.gov/sites/g/files/vyhlif3496/f/uploads/monterey_ma_atm_2025_05_03_cover_letter_and_warrant_001.pdf,https://www.montereyma.gov/town-clerk/pages/election-ballots-and-results,https://www.montereyma.gov/town-clerk/pages/election-ballots-and-results,19,0,29,schema-valid-for-serialized-persons,"Current 2026 election-result attachment was not fully retrievable, so post-2026 holders are conservatively left unresolved where not supported by current official pages or retained-term evidence. Town Clerk and Planning Board associate are excluded as non-elected.",locally-researched-substantial-with-officeholder-backfill
Nantucket,https://nantucket-ma.gov/,9,2,7,https://ecode360.com/11766101 | https://nantucket-ma.gov/3574/Running-for-Office,https://nantucket-ma.gov/3574/Running-for-Office,https://nantucket-ma.gov/DocumentCenter/View/55809/2026-Annual-Town-Election-Results-PDF,14,0,3,schema-valid-for-serialized-persons,See inventory notes; unresolved totals and roster conflicts are preserved conservatively.,locally-researched-substantial-with-officeholder-backfill
Natick,https://www.natickma.gov/,12,12,0,https://www.natickma.gov/DocumentCenter/View/15009/Complete-Charter-April-2023,https://www.natickma.gov/2299/Annual-Town-Election-3312026,https://www.natickma.gov/2299/Annual-Town-Election-3312026,14,0,210,schema-valid-for-serialized-persons,See inventory notes; unresolved totals and roster conflicts are preserved conservatively.,locally-researched-substantial-with-officeholder-backfill
Needham,https://www.needhamma.gov/,14,14,0,https://www.needhamma.gov/DocumentCenter/View/1859/General-By-LawsCharter-2021-PDF?bidId=,https://needhamma.gov/5755/2026-Annual-Town-Election-Candidates,https://needhamma.gov/DocumentCenter/View/61963/Final-Tally-4142026-Annual-Town-Election,47,1,244,schema-valid-for-serialized-persons,See inventory notes; unresolved totals and roster conflicts are preserved conservatively.,locally-researched-substantial-with-officeholder-backfill
New Bedford,https://www.newbedford-ma.gov/,3,3,0,https://library.municode.com/ma/new_bedford/codes/code_of_ordinances?nodeId=COOR_CH2AD_ARTIINGE_S2-7ADREFE | https://library.municode.com/ma/new_bedford/codes/code_of_ordinances?nodeId=COOR_CH2AD_ARTIIICICO_DIV1GE,https://www.sec.state.ma.us/divisions/elections/voter-resources/find-my-local-election-office.htm,https://stories.opengov.com/newbedfordma/published/nntClIy7M | https://newbedford.ss16.sharpschool.com/cms/one.aspx?pageId=159932,16,0,2,schema-valid-for-serialized-persons,See inventory notes; unresolved totals and roster conflicts are preserved conservatively.,locally-researched-substantial-with-officeholder-backfill
New Braintree,https://www.newbraintree.org/,10,8,2,https://www.newbraintree.org/warrant.html,https://www.newbraintree.org/warrant.html,https://www.newbraintree.org/warrant.html,13,0,1,schema-valid-for-serialized-persons,See inventory notes; unresolved totals and roster conflicts are preserved conservatively.,locally-researched-substantial-with-officeholder-backfill
New Marlborough,https://www.newmarlboroughma.gov/,12,12,0,https://www.newmarlboroughma.gov/1336/Town-By-Laws,https://www.newmarlboroughma.gov/DocumentCenter/View/3625,https://www.newmarlboroughma.gov/DocumentCenter/View/3645/OFFICIAL-RESULTS-OF-ANNUAL-TOWN-ELECTION-51126,32,1,0,schema-valid-for-serialized-persons,"See inventory notes; unresolved totals, stale rosters, and source conflicts are preserved conservatively.",locally-researched-substantial-with-officeholder-backfill
New Salem,https://www.newsalemma.org/,8,5,3,https://www.newsalemma.org/1495/2023-Annual-Town-Meeting-Warrant,https://www.newsalemma.org/1455/Town-Clerk,https://www.newsalemma.org/1455/Town-Clerk,5,0,6,schema-valid-for-serialized-persons,"See inventory notes; unresolved totals, stale rosters, and source conflicts are preserved conservatively.",locally-researched-substantial-with-officeholder-backfill
Newbury,https://www.newburyma.gov/,12,6,6,https://malegislature.gov/Laws/SessionLaws/Acts/2008/Chapter460,https://www.newburyma.gov/DocumentCenter/View/3342/ATM-2026-Electoral-Openings,https://www.newburyma.gov/AgendaCenter/ViewFile/Agenda/_05122026-1041,19,0,4,schema-valid-for-serialized-persons,"See inventory notes; unresolved totals, stale rosters, and source conflicts are preserved conservatively.",locally-researched-substantial-with-officeholder-backfill
Newburyport,https://www.cityofnewburyport.com/,3,3,0,https://www.cityofnewburyport.com/charter-review-committee/pages/charter-related-laws,https://www.cityofnewburyport.com/city-clerk/files/november-4-2025-election-warrant,https://www.cityofnewburyport.com/city-clerk/files/municipal-election-11-4-25-results,14,0,4,schema-valid-for-serialized-persons,"See inventory notes; unresolved totals, stale rosters, and source conflicts are preserved conservatively.",locally-researched-substantial-with-officeholder-backfill
Newton,https://www.newtonma.gov/,8,6,2,https://www.newtonma.gov/home/showpublisheddocument/29895/637268617822670000 | https://www.newtonma.gov/government/neighborhood-area-councils/newton-highlands | https://www.newtonma.gov/government/neighborhood-area-councils/newtonville | https://www.newtonma.gov/government/neighborhood-area-councils/newton-upper-falls | https://www.newtonma.gov/government/neighborhood-area-councils/waban,https://www.newtonma.gov/government/elections/running-for-office,https://www.newtonma.gov/home/showpublisheddocument/137615/638979188998130000 | https://www.newtonma.gov/government/elections/running-for-office,40,0,11,schema-valid-for-serialized-persons,"See inventory notes; unresolved totals, stale rosters, and source conflicts are preserved conservatively.",locally-researched-substantial-with-officeholder-backfill
Norfolk,https://www.norfolkmass.gov/,12,11,1,https://cms5.revize.com/revize/norfolk/Document_Center/Government/Boards%20%26%20Committees/Select%20Board/Town%20Meetings/Warrants/May%202025/2025%20ATM%20Warrant%20for%20Printer-FINAL%204.17.25.pdf | https://www.kingphilip.org/about/school-committee/ | https://cms5.revize.com/revize/norfolk/Document_Center/Departments/Government/Boards%20%26%20Committees/Select%20Board/Town%20Meetings/Warrants/May%202023/Spring%202023%20-%20ATM%20Warrant%20FINAL%20for%20Printer.pdf,https://cms5.revize.com/revize/norfolk/Document_Center/Government/Boards%20%26%20Committees/Select%20Board/Town%20Meetings/Warrants/May%202025/2025%20ATM%20Warrant%20for%20Printer-FINAL%204.17.25.pdf,https://cms5.revize.com/revize/norfolk/Document_Center/Departments/Town%20Clerk/Annual%20Town%20Reports/2020-2029/Final-2024%20Annual%20Report%20-%20Lane%20Printing%204%209%2025.pdf,31,0,4,schema-valid-for-serialized-persons,"Elected Constable status is verified, but total elected seats/composition remains unresolved because official materials also list appointed precinct constables. Library Trustee structure is verified, but the official roster appears stale for current-holder purposes.",locally-researched-substantial-with-documented-unresolved-items
North Adams,https://www.northadams-ma.gov/,4,4,0,https://ecode360.com/27084000 | https://www.mccanntech.org/about/history,https://www.northadams-ma.gov/government/departments_offices/city_clerk/2025_elections.php,https://www.northadams-ma.gov/government/departments_offices/city_clerk/2025_elections.php,15,0,6,schema-valid-for-serialized-persons,Current School Committee officeholder roster/vacancy chain could not be fully reconciled from the official dynamic school site; six holder markers remain unresolved.,locally-researched-substantial-with-documented-unresolved-items
North Andover,https://www.northandoverma.gov/,5,5,0,https://northandoverma.gov/592/About-Our-Town | https://www.northandoverpublicschools.com/school-committee | https://www.northandoverha.com/documents/policies/NAHAPersonnelPolicy.pdf | https://www.northandoverma.gov/683/Greater-Lawrence-Representatives,https://www.northandoverma.gov/218/Election-Town-Meeting-Voter-Information,https://www.northandoverma.gov/218/Election-Town-Meeting-Voter-Information,12,0,4,schema-valid-for-serialized-persons,"Housing Authority structure is verified as four elected plus one state-appointed seat, but the current official board roster was inaccessible during retrieval; four holder markers remain unresolved.",locally-researched-substantial-with-documented-unresolved-items
North Attleborough,https://www.northattleborough.gov/,5,5,0,https://nattleboro.com/DocumentCenter/View/1450/Town-of-North-Attleborough-Charter-PDF,https://www.northattleborough.gov/1051/April-7-2026-Town-Election,https://www.northattleborough.gov/772/Legal-Ads-and-Public-Notices,31,0,0,schema-valid-for-serialized-persons,2026 Park Commission election materials and term-ending documentation present a cycle-level inconsistency; the charter/current roster still establish five elected commissioners with regular three-year rotating terms.,locally-researched-substantial
North Brookfield,https://www.northbrookfield.net/,13,13,0,https://www.northbrookfield.net/m/newsflash?cat=29 | https://www.northbrookfield.net/sites/g/files/vyhlif3576/f/news/offices_for_election_2022.pdf | https://www.northbrookfield.net/1285/Town-Clerk | https://northbrookfield.net/1361/Board-of-Assessors | https://www.northbrookfield.net/sites/g/files/vyhlif3576/f/news/regional_agreement_north_brookfield_clean_10-9-24_.pdf | https://northbrookfield.net/1368/Board-of-Health | https://www.northbrookfield.net/sites/g/files/vyhlif3576/f/uploads/north_brookfield_master_plan_2022.pdf,https://www.northbrookfield.net/sites/g/files/vyhlif3576/f/news/official_ballot.pdf | https://www.northbrookfield.net/sites/g/files/vyhlif3576/f/news/offices_for_election_2022.pdf | https://www.northbrookfield.net/sites/g/files/vyhlif3576/f/news/offices_for_election_1.pdf,https://www.northbrookfield.net/m/newsflash?cat=29,32,0,10,schema-valid-for-serialized-persons,"Current Assessor roster says 'Justine Floria' while 2026 election results use 'Tina Floria' in vacancy contests; identity linkage requires human review. Older official ballots show Tree Warden elected, but current controlling election status was not established. School Committee structure is transitional under the regionalization agreement through June 30, 2027.",locally-researched-substantial-with-documented-unresolved-items
North Reading,https://www.northreadingma.gov/,6,6,0,https://www.northreadingma.gov/DocumentCenter/View/7102/Elected-Officials-2026,https://www.northreadingma.gov/m/newsflash/home/detail/50 | https://www.northreadingma.gov/DocumentCenter/View/7102/Elected-Officials-2026,https://www.northreadingma.gov/555/Voting-Elections---Results,21,0,0,schema-valid-for-serialized-persons,Four locally elected Housing Authority seats are modeled; the state-appointed fifth seat is excluded.,locally-researched-substantial
Northampton,https://www.northamptonma.gov/,9,9,0,https://ecode360.com/26839049 | https://ecode360.com/26839016 | https://www.northamptonma.gov/1992/Our-Citys-Elected-Offices,https://www.northamptonma.gov/1992/Our-Citys-Elected-Offices,https://northamptonma.gov/DocumentCenter/View/35208/Municipal-Election-Results-Final-Report---November-4-2025,32,0,0,schema-valid-for-serialized-persons,"Current elected-offices directory is dated January 5, 2026; current City Council was cross-checked against a newer official council page and the 2025 final municipal election results support the remaining current cohort.",locally-researched-substantial
Northborough,https://www.northboroughma.gov/,6,6,0,https://ecode360.com/41986273,https://www.northboroughma.gov/home/files/2026-annual-town-election-candidate-tracking-sheet | https://www.assabet.org/Do-More/Administration/School-Committee/index.html,https://www.northboroughma.gov/town-clerk/pages/elections-voting,17,0,5,schema-valid-for-serialized-persons,"Official results archive did not list the May 12, 2026 town-election result at retrieval. Two Select Board seats, two Planning Board seats, and the Moderator seat remain holder-unresolved; office structure itself is established.",locally-researched-substantial-source-conflict
Northbridge,https://www.northbridgemass.org/,7,7,0,https://www.northbridgemass.org/town-clerk/files/town-charter,https://www.northbridgemass.org/196/Elected-Officials | https://www.valleytech.k12.ma.us/about/district/schoolcommittee,https://www.northbridgemass.org/town-clerk/files/2025-town-election,25,1,0,schema-valid-for-serialized-persons,Memorial-trustee body consists of five elected trustees plus Select Board chair ex officio. Current roster explicitly marks one elected veteran trustee seat vacant and an incumbent on another elected seat as appointed to fill the seat.,locally-researched-substantial
Northfield,https://www.northfieldma.gov/,11,11,0,https://www.northfieldma.gov/162/Boards-Committees | https://www.northfieldma.gov/179/Board-of-Library-Trustees | https://malegislature.gov/Laws/SessionLaws/Acts/2024/Chapter242 | https://www.northfieldma.gov/165/Select-Board | https://www.northfieldma.gov/board-trustees-veterans-memorials-veterans-services-information | https://www.northfieldma.gov/sites/g/files/vyhlif991/f/uploads/northfield_fy26_budget_and_annual_town_report_final_0.pdf | https://www.northfieldma.gov/DocumentCenter/View/586 | https://www.pvrsdk12.org/school-committee/members-elections,https://www.northfieldma.gov/DocumentCenter/View/586 | https://www.pvrsdk12.org/school-committee/members-elections,https://www.northfieldma.gov/DocumentCenter/View/606/2026-Annual-Town-Election-Results-PDF?bidId=,43,0,1,schema-valid-for-serialized-persons,"Acts of 2024, c. 242 fixes the Sewer Commission at five elected seats, but the current town directory lists six apparent members and omits 2024-elected Thomas E. Walker. Four sewer holders are verified from current directory/election chain; the fifth seat is unresolved. 2026 ballot question converted constables from elected to appointed.",locally-researched-substantial-source-conflict
Norton,https://www.nortonma.org/,8,8,0,https://www.nortonma.org/sites/g/files/vyhlif3606/f/uploads/norton_tr_22_web_cc_1.pdf | https://www.nortonma.org/sites/g/files/vyhlif3606/f/uploads/2023.10.31_water_rules_and_regulations.pdf,https://www.nortonma.org/town-clerk/files/2026-candidate-packet | https://www.nortonma.org/town-clerk | https://www.nortonma.org/sites/g/files/vyhlif3606/f/uploads/norton_tr_22_web_cc_1.pdf,https://www.nortonma.org/town-clerk,0,0,29,schema-valid-for-serialized-persons,"Official Town Clerk pages advertise April 11, 2026 official results, but the result target was not fetchable through current redirects; holder identities remain unresolved rather than inferred.",locally-researched-substantial-source-conflict
Norwell,https://www.townofnorwell.net/,11,11,0,https://ecode360.com/32140065 | https://ecode360.com/32057784 | https://ecode360.com/32140096,https://www.townofnorwell.net/town-clerk,https://www.townofnorwell.net/town-clerk,0,0,37,schema-valid-for-serialized-persons,Office structure is authoritative from current codified Chapter 3. Current-holder identities were not normalized from a sufficiently current post-election official roster in this batch.,locally-researched-substantial-source-conflict
Norwood,https://www.norwoodma.gov/,10,9,1,https://ecode360.com/42511213 | https://malegislature.gov/Laws/SessionLaws/Acts/2025/Chapter98 | https://cms5.revize.com/revize/norwoodma/document_center/Town%20Reports/2020%20Annual%20Report%20Final.pdf | https://ecode360.com/42512619 | https://www.norwoodma.gov/document_center/Town%20Meeting/ARTICLE%20XXXIV%20Rules%20of%20Procedure%20for%20Norwood%20Representative%20Town%20Meeting.pdf,https://www.norwoodma.gov/departments/town_clerk/elections.php,https://www.norwoodma.gov/departments/town_clerk/elections.php | https://www.bluehills.org/administration/district-school-committee/dsc-contact-information,1,0,34,schema-valid-for-serialized-persons,Representative Town Meeting elected status is verified but current total elected seat count is unresolved. Historical elected constables are not carried forward because the 2023 official report classifies current constables as appointed.,locally-researched-substantial-source-conflict
Oak Bluffs,https://www.oakbluffsma.gov/,14,14,0,https://www.oakbluffsma.gov/DocumentCenter/View/12986/Town-of-Oak-Bluffs-FY26-Budget | https://www.oakbluffsma.gov/179/Finance-Advisory-Committee | https://www.oakbluffswaterdistrict.com/about-the-oak-bluffs-water-district/,https://www.oakbluffsma.gov/DocumentCenter/View/13109/April-14-2026-STMATM-Town-of-Oak-Bluffs-Warrant | https://www.oakbluffsma.gov/DocumentCenter/View/11342/April-9-2024-STM-ATM-Warrant | https://www.oakbluffsma.gov/160/Elections,https://www.oakbluffsma.gov/160/Elections,30,0,14,schema-valid-for-serialized-persons,"Finance & Advisory Committee is legally nine seats, but the current official page lists only seven names; two holder markers remain unresolved. FY26 budget redundantly lists Planning Board among elected and appointed categories; 2026 ballot confirms regular Planning Board seats are elected.",locally-researched-substantial-source-conflict
Oakham,https://www.oakham-ma.gov/,10,10,0,https://www.oakham-ma.gov/sites/g/files/vyhlif6136/f/pages/fy2024_annual_town_report.pdf,https://www.oakham-ma.gov/DocumentCenter/View/1012/SPECIMEN-BALLOT-5-18-26?bidId= | https://www.oakham-ma.gov/sites/g/files/vyhlif6136/f/pages/fy2024_annual_town_report.pdf,https://www.oakham-ma.gov/209/Board-of-Selectmen | https://www.oakham-ma.gov/207/Board-of-Assessors | https://www.oakham-ma.gov/ | https://www.oakham-ma.gov/215/Planning-Board,9,0,20,schema-valid-for-serialized-persons,"May 18, 2026 annual election occurred without a properly issued election warrant. S.3148/HD.6263 seeks validation and remained pending in August 2026; current official rosters are preserved but 2026-election legal validity is flagged.",locally-researched-substantial-source-conflict
