municipality,office_id,role,local_title,elected,seats,seat_structure,term_years,staggered_terms,partisan,legal_source_url,election_source_url,results_source_url,verification_status,notes
Abington,abington-ma/assessor,Assessor,Assessor,True,3,at-large,3,True,,https://ecode360.com/34424196,https://www.abingtonma.gov/article/2162181,https://www.abingtonma.gov/article/2171924,schema-ready,Charter Article III enumerates these offices; several seat/term details remain unresolved.
Abington,abington-ma/board-of-health-member,Board of Health Member,Board of Health Member,True,5,at-large,3,True,,https://ecode360.com/34424196,https://www.abingtonma.gov/article/2162181,https://www.abingtonma.gov/article/2171924,schema-ready,Charter Article III enumerates these offices; several seat/term details remain unresolved.
Abington,abington-ma/housing-authority-member,Housing Authority Member,Housing Authority Member,True,,at-large,,,,https://ecode360.com/34424196,https://www.abingtonma.gov/article/2162181,https://www.abingtonma.gov/article/2171924,elected-status-verified-seat-count-unresolved,Charter Article III enumerates these offices; several seat/term details remain unresolved.
Abington,abington-ma/library-trustee,Library Trustee,Library Trustee,True,9,at-large,3,True,,https://ecode360.com/34424196,https://www.abingtonma.gov/article/2162181,https://www.abingtonma.gov/article/2171924,schema-ready,Charter Article III enumerates these offices; several seat/term details remain unresolved.
Abington,abington-ma/moderator,Moderator,Moderator,True,1,at-large,,False,,https://ecode360.com/34424196,https://www.abingtonma.gov/article/2162181,https://www.abingtonma.gov/article/2171924,schema-ready,Charter Article III enumerates these offices; several seat/term details remain unresolved.
Abington,abington-ma/planning-board-member,Planning Board Member,Planning Board Member,True,,at-large,,,,https://ecode360.com/34424196,https://www.abingtonma.gov/article/2162181,https://www.abingtonma.gov/article/2171924,elected-status-verified-seat-count-unresolved,Charter Article III enumerates these offices; several seat/term details remain unresolved.
Abington,abington-ma/school-committee-member,School Committee Member,School Committee Member,True,5,at-large,3,True,,https://ecode360.com/34424196,https://www.abingtonma.gov/article/2162181,https://www.abingtonma.gov/article/2171924,schema-ready,Charter Article III enumerates these offices; several seat/term details remain unresolved.
Abington,abington-ma/select-board-member,Select Board Member,Select Board Member,True,,at-large,,,,https://ecode360.com/34424196,https://www.abingtonma.gov/article/2162181,https://www.abingtonma.gov/article/2171924,elected-status-verified-seat-count-unresolved,Charter Article III enumerates these offices; several seat/term details remain unresolved.
Abington,abington-ma/sewer-commissioner,Sewer Commissioner,Sewer Commissioner,True,,at-large,,,,https://ecode360.com/34424196,https://www.abingtonma.gov/article/2162181,https://www.abingtonma.gov/article/2171924,elected-status-verified-seat-count-unresolved,Charter Article III enumerates these offices; several seat/term details remain unresolved.
Abington,abington-ma/town-clerk,Town Clerk,Town Clerk,True,1,at-large,,False,,https://ecode360.com/34424196,https://www.abingtonma.gov/article/2162181,https://www.abingtonma.gov/article/2171924,schema-ready,Charter Article III enumerates these offices; several seat/term details remain unresolved.
Abington,abington-ma/water-commissioner,Water Commissioner,Water Commissioner,True,,at-large,,,,https://ecode360.com/34424196,https://www.abingtonma.gov/article/2162181,https://www.abingtonma.gov/article/2171924,elected-status-verified-seat-count-unresolved,Charter Article III enumerates these offices; several seat/term details remain unresolved.
Acton,acton-ma/assistant-moderator,Assistant Moderator,Assistant Moderator,True,1,at-large,,False,,https://actonma.gov/election,https://actonma.gov/election,https://actonma.gov/598,schema-ready,Assistant Moderator and specified fund trustees are elected at Annual Town Meeting rather than by ordinary ballot. Water District and library seat counts need further legal normalization.
Acton,acton-ma/housing-authority-member,Housing Authority Member,Housing Authority Member,True,3,at-large,,,,https://actonma.gov/election,https://actonma.gov/election,https://actonma.gov/598,schema-ready,Assistant Moderator and specified fund trustees are elected at Annual Town Meeting rather than by ordinary ballot. Water District and library seat counts need further legal normalization.
Acton,acton-ma/library-trustee,Library Trustee,Library Trustee,True,,at-large,,,,https://actonma.gov/election,https://actonma.gov/election,https://actonma.gov/598,elected-status-verified-seat-count-unresolved,Assistant Moderator and specified fund trustees are elected at Annual Town Meeting rather than by ordinary ballot. Water District and library seat counts need further legal normalization.
Acton,acton-ma/moderator,Moderator,Moderator,True,1,at-large,,False,,https://actonma.gov/election,https://actonma.gov/election,https://actonma.gov/598,schema-ready,Assistant Moderator and specified fund trustees are elected at Annual Town Meeting rather than by ordinary ballot. Water District and library seat counts need further legal normalization.
Acton,acton-ma/municipal-fund-trustee,Municipal Fund Trustee,Municipal Fund Trustee,True,,at-large,,,,https://actonma.gov/election,https://actonma.gov/election,https://actonma.gov/598,elected-status-verified-seat-count-unresolved,Assistant Moderator and specified fund trustees are elected at Annual Town Meeting rather than by ordinary ballot. Water District and library seat counts need further legal normalization.
Acton,acton-ma/regional-school-committee-member,Regional School Committee Member,Regional School Committee Member,True,7,at-large,,,,https://actonma.gov/election,https://actonma.gov/election,https://actonma.gov/598,schema-ready,Assistant Moderator and specified fund trustees are elected at Annual Town Meeting rather than by ordinary ballot. Water District and library seat counts need further legal normalization.
Acton,acton-ma/select-board-member,Select Board Member,Select Board Member,True,5,at-large,3,True,,https://actonma.gov/election,https://actonma.gov/election,https://actonma.gov/598,schema-ready,Assistant Moderator and specified fund trustees are elected at Annual Town Meeting rather than by ordinary ballot. Water District and library seat counts need further legal normalization.
Acton,acton-ma/water-district-official,Water District Official,Water District Official,True,,district,,,,https://actonma.gov/election,https://actonma.gov/election,https://actonma.gov/598,elected-status-verified-seat-count-unresolved,Assistant Moderator and specified fund trustees are elected at Annual Town Meeting rather than by ordinary ballot. Water District and library seat counts need further legal normalization.
Acushnet,acushnet-ma/assessor,Assessor,Assessor,True,3,at-large,,,,https://acushnet.ma.us/1200/Elected-Officials,https://www.acushnet.ma.us/1206/Town-Clerk,https://www.acushnet.ma.us/1928/2026-Annual-Town-Election-Results,schema-ready,
Acushnet,acushnet-ma/board-of-health-member,Board of Health Member,Board of Health Member,True,3,at-large,,,,https://acushnet.ma.us/1200/Elected-Officials,https://www.acushnet.ma.us/1206/Town-Clerk,https://www.acushnet.ma.us/1928/2026-Annual-Town-Election-Results,schema-ready,
Acushnet,acushnet-ma/cemetery-board-member,Cemetery Board Member,Cemetery Board Member,True,3,at-large,,,,https://acushnet.ma.us/1200/Elected-Officials,https://www.acushnet.ma.us/1206/Town-Clerk,https://www.acushnet.ma.us/1928/2026-Annual-Town-Election-Results,schema-ready,
Acushnet,acushnet-ma/commissioner-of-trust-funds,Commissioner of Trust Funds,Commissioner of Trust Funds,True,3,at-large,,,,https://acushnet.ma.us/1200/Elected-Officials,https://www.acushnet.ma.us/1206/Town-Clerk,https://www.acushnet.ma.us/1928/2026-Annual-Town-Election-Results,schema-ready,
Acushnet,acushnet-ma/housing-authority-member,Housing Authority Member,Housing Authority Member,True,3,at-large,,,,https://acushnet.ma.us/1200/Elected-Officials,https://www.acushnet.ma.us/1206/Town-Clerk,https://www.acushnet.ma.us/1928/2026-Annual-Town-Election-Results,schema-ready,"Official elected-official list shows five authority members, of whom one is Governor-appointed and one is tenant-appointed; three are treated here as locally elected seats."
Acushnet,acushnet-ma/library-trustee,Library Trustee,Library Trustee,True,6,at-large,,,,https://acushnet.ma.us/1200/Elected-Officials,https://www.acushnet.ma.us/1206/Town-Clerk,https://www.acushnet.ma.us/1928/2026-Annual-Town-Election-Results,schema-ready,
Acushnet,acushnet-ma/moderator,Moderator,Moderator,True,1,at-large,,,,https://acushnet.ma.us/1200/Elected-Officials,https://www.acushnet.ma.us/1206/Town-Clerk,https://www.acushnet.ma.us/1928/2026-Annual-Town-Election-Results,schema-ready,
Acushnet,acushnet-ma/park-commissioner,Park Commissioner,Park Commissioner,True,3,at-large,,,,https://acushnet.ma.us/1200/Elected-Officials,https://www.acushnet.ma.us/1206/Town-Clerk,https://www.acushnet.ma.us/1928/2026-Annual-Town-Election-Results,schema-ready,
Acushnet,acushnet-ma/planning-board-member,Planning Board Member,Planning Board Member,True,5,at-large,,,,https://acushnet.ma.us/1200/Elected-Officials,https://www.acushnet.ma.us/1206/Town-Clerk,https://www.acushnet.ma.us/1928/2026-Annual-Town-Election-Results,schema-ready,
Acushnet,acushnet-ma/school-committee-member,School Committee Member,School Committee Member,True,5,at-large,,,,https://acushnet.ma.us/1200/Elected-Officials,https://www.acushnet.ma.us/1206/Town-Clerk,https://www.acushnet.ma.us/1928/2026-Annual-Town-Election-Results,schema-ready,
Acushnet,acushnet-ma/select-board-member,Select Board Member,Board of Selectmen,True,3,at-large,3,True,,https://www.acushnet.ma.us/1291/Board-of-Selectmen,https://www.acushnet.ma.us/1206/Town-Clerk,https://www.acushnet.ma.us/1928/2026-Annual-Town-Election-Results,schema-ready,
Acushnet,acushnet-ma/town-clerk,Town Clerk,Town Clerk,True,1,at-large,3,,,https://www.acushnet.ma.us/1206/Town-Clerk,https://www.acushnet.ma.us/1206/Town-Clerk,https://www.acushnet.ma.us/1928/2026-Annual-Town-Election-Results,schema-ready,
Acushnet,acushnet-ma/tree-warden,Tree Warden,Tree Warden,True,1,at-large,,,,https://acushnet.ma.us/1200/Elected-Officials,https://www.acushnet.ma.us/1206/Town-Clerk,https://www.acushnet.ma.us/1928/2026-Annual-Town-Election-Results,schema-ready,
Adams,adams-ma/assessor,Assessor,Assessor,True,1,at-large,,,,https://www.town.adams.ma.us/town-administrator/pages/act-establishing-selectmen-administrator-form-government-town-adams,https://www.town.adams.ma.us/town-clerk/pages/elections-voting,,schema-ready,Elected status established by the Adams selectmen-administrator special act; total board/authority seat count still being normalized where null.
Adams,adams-ma/board-of-health-member,Board of Health Member,Board of Health Member,True,,at-large,,,,https://www.town.adams.ma.us/town-administrator/pages/act-establishing-selectmen-administrator-form-government-town-adams,https://www.town.adams.ma.us/town-clerk/pages/elections-voting,,elected-status-verified-seat-count-unresolved,Elected status established by the Adams selectmen-administrator special act; total board/authority seat count still being normalized where null.
Adams,adams-ma/cemetery-commissioner,Cemetery Commissioner,Cemetery Commissioner,True,1,at-large,,,,https://www.town.adams.ma.us/town-administrator/pages/act-establishing-selectmen-administrator-form-government-town-adams,https://www.town.adams.ma.us/town-clerk/pages/elections-voting,,schema-ready,Elected status established by the Adams selectmen-administrator special act; total board/authority seat count still being normalized where null.
Adams,adams-ma/housing-authority-member,Housing Authority Member,Housing Authority Member,True,,at-large,,,,https://www.town.adams.ma.us/town-administrator/pages/act-establishing-selectmen-administrator-form-government-town-adams,https://www.town.adams.ma.us/town-clerk/pages/elections-voting,,elected-status-verified-seat-count-unresolved,Elected status established by the Adams selectmen-administrator special act; total board/authority seat count still being normalized where null.
Adams,adams-ma/library-trustee,Library Trustee,Library Trustee,True,,at-large,,,,https://www.town.adams.ma.us/town-administrator/pages/act-establishing-selectmen-administrator-form-government-town-adams,https://www.town.adams.ma.us/town-clerk/pages/elections-voting,,elected-status-verified-seat-count-unresolved,Elected status established by the Adams selectmen-administrator special act; total board/authority seat count still being normalized where null.
Adams,adams-ma/moderator,Moderator,Moderator,True,1,at-large,1,,,https://www.town.adams.ma.us/town-administrator/pages/act-establishing-selectmen-administrator-form-government-town-adams,https://www.town.adams.ma.us/town-clerk/pages/elections-voting,,schema-ready,
Adams,adams-ma/park-commissioner,Park Commissioner,Park Commissioner,True,,at-large,,,,https://www.town.adams.ma.us/town-administrator/pages/act-establishing-selectmen-administrator-form-government-town-adams,https://www.town.adams.ma.us/town-clerk/pages/elections-voting,,elected-status-verified-seat-count-unresolved,Elected status established by the Adams selectmen-administrator special act; total board/authority seat count still being normalized where null.
Adams,adams-ma/planning-board-member,Planning Board Member,Planning Board Member,True,5,at-large,5,True,,https://www.town.adams.ma.us/planning-board,https://www.town.adams.ma.us/town-clerk/pages/elections-voting,,schema-ready,
Adams,adams-ma/redevelopment-authority-member,Redevelopment Authority Member,Redevelopment Authority Member,True,,at-large,,,,https://www.town.adams.ma.us/town-administrator/pages/act-establishing-selectmen-administrator-form-government-town-adams,https://www.town.adams.ma.us/town-clerk/pages/elections-voting,,elected-status-verified-seat-count-unresolved,Elected status established by the Adams selectmen-administrator special act; total board/authority seat count still being normalized where null.
Adams,adams-ma/regional-school-committee-member,Regional School Committee Member,Regional School Committee Member,True,,at-large,,,,https://www.town.adams.ma.us/town-administrator/pages/act-establishing-selectmen-administrator-form-government-town-adams,https://www.town.adams.ma.us/town-clerk/pages/elections-voting,,elected-status-verified-seat-count-unresolved,Elected status established by the Adams selectmen-administrator special act; total board/authority seat count still being normalized where null.
Adams,adams-ma/regional-vocational-school-committee-member,Regional Vocational School Committee Member,Regional Vocational School Committee Member,True,,at-large,,,,https://www.town.adams.ma.us/town-administrator/pages/act-establishing-selectmen-administrator-form-government-town-adams,https://www.town.adams.ma.us/town-clerk/pages/elections-voting,,elected-status-verified-seat-count-unresolved,Elected status established by the Adams selectmen-administrator special act; total board/authority seat count still being normalized where null.
Adams,adams-ma/select-board-member,Select Board Member,Board of Selectmen,True,5,at-large,3,True,,https://www.town.adams.ma.us/board-selectmen/pages/what-we-do,https://www.town.adams.ma.us/town-clerk/pages/elections-voting,,schema-ready,
Adams,adams-ma/town-clerk,Town Clerk,Town Clerk,True,1,at-large,,,,https://www.town.adams.ma.us/town-administrator/pages/act-establishing-selectmen-administrator-form-government-town-adams,https://www.town.adams.ma.us/town-clerk/pages/elections-voting,,schema-ready,Elected status established by the Adams selectmen-administrator special act; total board/authority seat count still being normalized where null.
Adams,adams-ma/town-meeting-member,Town Meeting Member,Town Meeting Member,True,,district,,,,https://www.town.adams.ma.us/town-administrator/pages/act-establishing-selectmen-administrator-form-government-town-adams,https://www.town.adams.ma.us/town-clerk/pages/elections-voting,,elected-status-verified-seat-count-unresolved,Representative Town Meeting; exact elected member count/precinct allocation remains to be normalized from the representative-town-meeting special act.
Adams,adams-ma/treasurer-collector,Treasurer-Collector,Treasurer-Collector,True,1,at-large,,,,https://www.town.adams.ma.us/town-administrator/pages/act-establishing-selectmen-administrator-form-government-town-adams,https://www.town.adams.ma.us/town-clerk/pages/elections-voting,,schema-ready,Elected status established by the Adams selectmen-administrator special act; total board/authority seat count still being normalized where null.
Agawam,agawam-ma/city-council-member,City Council Member,City Council Member,True,11,at-large,2,,,https://www.agawam.ma.us/190/City-Council,https://www.agawam.ma.us/231/Election-Information,https://www.agawam.ma.us/231/Election-Information,schema-ready,
Agawam,agawam-ma/mayor,Mayor,Mayor,True,1,at-large,2,,,https://ecode360.com/12065192,https://www.agawam.ma.us/231/Election-Information,https://www.agawam.ma.us/231/Election-Information,schema-ready,
Agawam,agawam-ma/school-committee-member,School Committee Member,School Committee Member,True,6,at-large,2,,,https://ecode360.com/12065211?searchId=14400851291514820,https://www.agawam.ma.us/231/Election-Information,https://www.agawam.ma.us/231/Election-Information,schema-ready,School Committee has seven total members; six are elected at-large and the Mayor serves ex officio as chair.
Alford,alford-ma/assessor,Assessor,Assessor,True,,at-large,3,,,https://www.townofalford.org/home/town-clerk-office/news/nomination-papers-available-annual-town-election-may-19-2026,https://www.townofalford.org/home/town-clerk-office/news/nomination-papers-available-annual-town-election-may-19-2026,,elected-status-verified-seat-count-unresolved,
Alford,alford-ma/finance-committee-member,Finance Committee Member,Finance Committee Member,True,,at-large,3,,,https://www.townofalford.org/home/town-clerk-office/news/nomination-papers-available-annual-town-election-may-19-2026,https://www.townofalford.org/home/town-clerk-office/news/nomination-papers-available-annual-town-election-may-19-2026,,elected-status-verified-seat-count-unresolved,2026 nomination notice confirms elected Finance Committee seats; total committee size remains unresolved.
Alford,alford-ma/planning-board-member,Planning Board Member,Planning Board Member,True,,at-large,3,,,https://www.townofalford.org/home/town-clerk-office/news/nomination-papers-available-annual-town-election-may-19-2026,https://www.townofalford.org/home/town-clerk-office/news/nomination-papers-available-annual-town-election-may-19-2026,,elected-status-verified-seat-count-unresolved,
Alford,alford-ma/select-board-member,Select Board Member,Select Board Member,True,3,at-large,3,True,,https://www.townofalford.org/select-board,https://www.townofalford.org/home/town-clerk-office/news/nomination-papers-available-annual-town-election-may-19-2026,,schema-ready,
Amesbury,amesbury-ma/city-council-member,City Council Member,City Council Member,True,,mixed,,,,https://malegislature.gov/Laws/SessionLaws/Acts/2021/Chapter46,https://www.amesburyma.gov/329/Elections,https://www.amesburyma.gov/329/Elections,elected-status-verified-seat-count-unresolved,"School Committee has 6 elected citywide members plus Mayor ex officio, 7 total."
Amesbury,amesbury-ma/library-position,Library Position,Library Position,True,,at-large,,,,https://malegislature.gov/Laws/SessionLaws/Acts/2021/Chapter46,https://www.amesburyma.gov/329/Elections,https://www.amesburyma.gov/329/Elections,elected-status-verified-seat-count-unresolved,"School Committee has 6 elected citywide members plus Mayor ex officio, 7 total."
Amesbury,amesbury-ma/mayor,Mayor,Mayor,True,1,at-large,,False,,https://malegislature.gov/Laws/SessionLaws/Acts/2021/Chapter46,https://www.amesburyma.gov/329/Elections,https://www.amesburyma.gov/329/Elections,schema-ready,"School Committee has 6 elected citywide members plus Mayor ex officio, 7 total."
Amesbury,amesbury-ma/planning-board-member,Planning Board Member,Planning Board Member,True,,at-large,,,,https://malegislature.gov/Laws/SessionLaws/Acts/2021/Chapter46,https://www.amesburyma.gov/329/Elections,https://www.amesburyma.gov/329/Elections,elected-status-verified-seat-count-unresolved,"School Committee has 6 elected citywide members plus Mayor ex officio, 7 total."
Amesbury,amesbury-ma/school-committee-member,School Committee Member,School Committee Member,True,6,at-large,4,True,,https://malegislature.gov/Laws/SessionLaws/Acts/2021/Chapter46,https://www.amesburyma.gov/329/Elections,https://www.amesburyma.gov/329/Elections,schema-ready,"School Committee has 6 elected citywide members plus Mayor ex officio, 7 total."
Amherst,amherst-ma/councilor-at-large,Councilor-at-Large,Councilor-at-Large,True,3,at-large,2,False,,https://www.amherstma.gov/1079/Running-for-Elected-Office,https://www.amherstma.gov/1079/Running-for-Elected-Office,,schema-ready,
Amherst,amherst-ma/district-councilor,District Councilor,District Councilor,True,10,district,2,False,,https://www.amherstma.gov/1079/Running-for-Elected-Office,https://www.amherstma.gov/1079/Running-for-Elected-Office,,schema-ready,Two councilors elected from each of five districts.
Amherst,amherst-ma/housing-authority-member,Housing Authority Member,Housing Authority Member,True,3,at-large,2,False,,https://www.amherstma.gov/1079/Running-for-Elected-Office,https://www.amherstma.gov/1079/Running-for-Elected-Office,,schema-ready,Official Amherst materials state three seats are elected; one resident/participant seat and one state-appointed seat are not elected by town voters.
Amherst,amherst-ma/library-trustee,Library Trustee,Library Trustee,True,6,at-large,2,False,,https://www.amherstma.gov/1079/Running-for-Elected-Office,https://www.amherstma.gov/1079/Running-for-Elected-Office,,schema-ready,
Amherst,amherst-ma/oliver-smith-will-elector,Oliver Smith Will Elector,Oliver Smith Will Elector,True,1,at-large,2,False,,https://www.amherstma.gov/1079/Running-for-Elected-Office,https://www.amherstma.gov/1079/Running-for-Elected-Office,,schema-ready,
Amherst,amherst-ma/school-committee-member,School Committee Member,School Committee Member,True,5,at-large,2,False,,https://www.amherstma.gov/1079/Running-for-Elected-Office,https://www.amherstma.gov/1079/Running-for-Elected-Office,,schema-ready,
Andover,andover-ma/cornell-fund-trustee,Cornell Fund Trustee,Cornell Fund Trustee,True,,at-large,,,,https://ecode360.com/15616144,https://www.andoverma.gov/348/Elections,https://www.andoverma.gov/348/Elections,elected-status-verified-seat-count-unresolved,"Elected at Town Meeting from the floor, not by ordinary ballot."
Andover,andover-ma/housing-authority-member,Housing Authority Member,Housing Authority Member,True,,at-large,,,,https://ecode360.com/15615550,https://www.andoverma.gov/348/Elections,https://www.andoverma.gov/348/Elections,elected-status-verified-seat-count-unresolved,
Andover,andover-ma/moderator,Moderator,Moderator,True,1,at-large,,,,https://ecode360.com/15615550,https://www.andoverma.gov/348/Elections,https://www.andoverma.gov/348/Elections,schema-ready,
Andover,andover-ma/punchard-free-school-trustee,Punchard Free School Trustee,Punchard Free School Trustee,True,,at-large,,,,https://ecode360.com/15615550,https://www.andoverma.gov/348/Elections,https://www.andoverma.gov/348/Elections,elected-status-verified-seat-count-unresolved,Charter/bylaw confirms elected status; total current elected trustee count not normalized in this pass.
Andover,andover-ma/regional-vocational-school-committee-member,Regional Vocational School Committee Member,Regional Vocational School Committee Member,True,,at-large,,,,https://ecode360.com/15616144,https://www.andoverma.gov/348/Elections,https://www.andoverma.gov/348/Elections,elected-status-verified-seat-count-unresolved,
Andover,andover-ma/school-committee-member,School Committee Member,School Committee Member,True,5,at-large,,,,https://www.andoverma.gov/27/Governance,https://www.andoverma.gov/348/Elections,https://www.andoverma.gov/348/Elections,schema-ready,
Andover,andover-ma/select-board-member,Select Board Member,Select Board Member,True,5,at-large,3,True,,https://ecode360.com/15615550,https://www.andoverma.gov/348/Elections,https://www.andoverma.gov/348/Elections,schema-ready,
Aquinnah,aquinnah-ma/board-of-health-member,Board of Health Member,Board of Health Member,True,,at-large,,,,https://www.aquinnah-ma.gov/home/news/aq-annual-town-meeting-and-election-information-nominations-papers-are-available-0,https://www.aquinnah-ma.gov/home/news/aq-annual-town-meeting-and-election-information-nominations-papers-are-available-0,https://www.aquinnah-ma.gov/home/news/may-15th-2025-aquinnah-town-election-results,elected-status-verified-seat-count-unresolved,2026 official nomination notice confirms this is an elected office; total board/committee size remains unresolved where seats is null.
Aquinnah,aquinnah-ma/constable,Constable,Constable,True,1,at-large,,,,https://www.aquinnah-ma.gov/home/news/aq-annual-town-meeting-and-election-information-nominations-papers-are-available-0,https://www.aquinnah-ma.gov/home/news/aq-annual-town-meeting-and-election-information-nominations-papers-are-available-0,https://www.aquinnah-ma.gov/home/news/may-15th-2025-aquinnah-town-election-results,schema-ready,2026 official nomination notice confirms this is an elected office; total board/committee size remains unresolved where seats is null.
Aquinnah,aquinnah-ma/library-trustee,Library Trustee,Library Trustee,True,,at-large,,,,https://www.aquinnah-ma.gov/home/news/aq-annual-town-meeting-and-election-information-nominations-papers-are-available-0,https://www.aquinnah-ma.gov/home/news/aq-annual-town-meeting-and-election-information-nominations-papers-are-available-0,https://www.aquinnah-ma.gov/home/news/may-15th-2025-aquinnah-town-election-results,elected-status-verified-seat-count-unresolved,2026 official nomination notice confirms this is an elected office; total board/committee size remains unresolved where seats is null.
Aquinnah,aquinnah-ma/planning-board-member,Planning Board Member,Planning Board Member,True,,at-large,,,,https://www.aquinnah-ma.gov/home/news/aq-annual-town-meeting-and-election-information-nominations-papers-are-available-0,https://www.aquinnah-ma.gov/home/news/aq-annual-town-meeting-and-election-information-nominations-papers-are-available-0,https://www.aquinnah-ma.gov/home/news/may-15th-2025-aquinnah-town-election-results,elected-status-verified-seat-count-unresolved,2026 official nomination notice confirms this is an elected office; total board/committee size remains unresolved where seats is null.
Aquinnah,aquinnah-ma/school-committee-representative,School Committee Representative,School Committee Representative,True,,at-large,,,,https://www.aquinnah-ma.gov/home/news/aq-annual-town-meeting-and-election-information-nominations-papers-are-available-0,https://www.aquinnah-ma.gov/home/news/aq-annual-town-meeting-and-election-information-nominations-papers-are-available-0,https://www.aquinnah-ma.gov/home/news/may-15th-2025-aquinnah-town-election-results,elected-status-verified-seat-count-unresolved,2026 official nomination notice confirms this is an elected office; total board/committee size remains unresolved where seats is null.
Aquinnah,aquinnah-ma/select-board-member,Select Board Member,Select Board Member,True,,at-large,,,,https://www.aquinnah-ma.gov/home/news/aq-annual-town-meeting-and-election-information-nominations-papers-are-available-0,https://www.aquinnah-ma.gov/home/news/aq-annual-town-meeting-and-election-information-nominations-papers-are-available-0,https://www.aquinnah-ma.gov/home/news/may-15th-2025-aquinnah-town-election-results,elected-status-verified-seat-count-unresolved,2026 official nomination notice confirms this is an elected office; total board/committee size remains unresolved where seats is null.
Aquinnah,aquinnah-ma/town-clerk,Town Clerk,Town Clerk,True,1,at-large,,,,https://www.aquinnah-ma.gov/home/news/aq-annual-town-meeting-and-election-information-nominations-papers-are-available-0,https://www.aquinnah-ma.gov/home/news/aq-annual-town-meeting-and-election-information-nominations-papers-are-available-0,https://www.aquinnah-ma.gov/home/news/may-15th-2025-aquinnah-town-election-results,schema-ready,2026 official nomination notice confirms this is an elected office; total board/committee size remains unresolved where seats is null.
Arlington,arlington-ma/assessor,Assessor,Assessor,True,,at-large,3,,,https://www.arlingtonma.gov/Home/Components/News/News/11488/191,https://www.arlingtonma.gov/Home/Components/News/News/11488/191,https://www.arlingtonma.gov/i-want-to/advanced-components/custom-documents-images-calendar/-item-22885/-selcat-86/-sortn-EName/-folder-6426/-toggle-next30days/-sortd-asc,elected-status-verified-seat-count-unresolved,
Arlington,arlington-ma/housing-authority-member,Housing Authority Member,Housing Authority Member,True,,at-large,5,,,https://www.arlingtonma.gov/Home/Components/News/News/11488/191,https://www.arlingtonma.gov/Home/Components/News/News/11488/191,https://www.arlingtonma.gov/i-want-to/advanced-components/custom-documents-images-calendar/-item-22885/-selcat-86/-sortn-EName/-folder-6426/-toggle-next30days/-sortd-asc,elected-status-verified-seat-count-unresolved,
Arlington,arlington-ma/school-committee-member,School Committee Member,School Committee Member,True,,at-large,3,,,https://www.arlingtonma.gov/Home/Components/News/News/11488/191,https://www.arlingtonma.gov/Home/Components/News/News/11488/191,https://www.arlingtonma.gov/i-want-to/advanced-components/custom-documents-images-calendar/-item-22885/-selcat-86/-sortn-EName/-folder-6426/-toggle-next30days/-sortd-asc,elected-status-verified-seat-count-unresolved,
Arlington,arlington-ma/select-board-member,Select Board Member,Select Board Member,True,5,at-large,3,True,,https://www.arlingtonma.gov/i-want-to/learn-about/arlington-history-facts,https://www.arlingtonma.gov/Home/Components/News/News/11488/191,https://www.arlingtonma.gov/i-want-to/advanced-components/custom-documents-images-calendar/-item-22885/-selcat-86/-sortn-EName/-folder-6426/-toggle-next30days/-sortd-asc,schema-ready,
Arlington,arlington-ma/town-meeting-member,Town Meeting Member,Town Meeting Member,True,252,district,,,,https://www.arlingtonma.gov/i-want-to/learn-about/arlington-history-facts,https://www.arlingtonma.gov/Home/Components/News/News/11488/191,https://www.arlingtonma.gov/i-want-to/advanced-components/custom-documents-images-calendar/-item-22885/-selcat-86/-sortn-EName/-folder-6426/-toggle-next30days/-sortd-asc,schema-ready,252 representatives elected from 21 precincts.
Ashburnham,ashburnham-ma/board-of-health-member,Board of Health Member,Board of Health Member,True,5,at-large,,,,https://www.ashburnham-ma.gov/350/Elected-Town-Officials,https://ashburnham-ma.gov/743/ELECTION-INFO---2026,https://ashburnham-ma.gov/743/ELECTION-INFO---2026,schema-ready,
Ashburnham,ashburnham-ma/library-trustee,Library Trustee,Library Trustee,True,6,at-large,,,,https://www.ashburnham-ma.gov/350/Elected-Town-Officials,https://ashburnham-ma.gov/743/ELECTION-INFO---2026,https://ashburnham-ma.gov/743/ELECTION-INFO---2026,schema-ready,
Ashburnham,ashburnham-ma/moderator,Moderator,Moderator,True,1,at-large,,,,https://ecode360.com/38371406,https://ashburnham-ma.gov/743/ELECTION-INFO---2026,https://ashburnham-ma.gov/743/ELECTION-INFO---2026,schema-ready,
Ashburnham,ashburnham-ma/municipal-light-board-member,Municipal Light Board Member,Municipal Light Board Member,True,3,at-large,,,,https://www.ashburnham-ma.gov/350/Elected-Town-Officials,https://ashburnham-ma.gov/743/ELECTION-INFO---2026,https://ashburnham-ma.gov/743/ELECTION-INFO---2026,schema-ready,
Ashburnham,ashburnham-ma/planning-board-member,Planning Board Member,Planning Board Member,True,5,at-large,,,,https://www.ashburnham-ma.gov/350/Elected-Town-Officials,https://ashburnham-ma.gov/743/ELECTION-INFO---2026,https://ashburnham-ma.gov/743/ELECTION-INFO---2026,schema-ready,
Ashburnham,ashburnham-ma/regional-school-committee-member,Regional School Committee Member,Regional School Committee Member,True,5,at-large,3,True,,https://www.ashburnham-ma.gov/350/Elected-Town-Officials,https://ashburnham-ma.gov/743/ELECTION-INFO---2026,https://ashburnham-ma.gov/743/ELECTION-INFO---2026,schema-ready,Five Ashburnham seats are shown on the regional committee listing.
Ashburnham,ashburnham-ma/select-board-member,Select Board Member,Select Board Member,True,3,at-large,3,True,,https://ashburnham-ma.gov/387/Select-Board,https://ashburnham-ma.gov/743/ELECTION-INFO---2026,https://ashburnham-ma.gov/743/ELECTION-INFO---2026,schema-ready,
Ashby,ashby-ma/assessor,Assessor,Assessor,True,,at-large,3,,,https://www.ashbyma.gov/departments/town-clerk/elected-appointed-offices/,https://www.ashbyma.gov/departments/town-clerk/elected-appointed-offices/,https://www.ashbyma.gov/,elected-status-verified-seat-count-unresolved,Official elected/appointed office page confirms elected status and term; total board size unresolved where seats is null.
Ashby,ashby-ma/board-of-health-member,Board of Health Member,Board of Health Member,True,,at-large,3,,,https://www.ashbyma.gov/departments/town-clerk/elected-appointed-offices/,https://www.ashbyma.gov/departments/town-clerk/elected-appointed-offices/,https://www.ashbyma.gov/,elected-status-verified-seat-count-unresolved,Official elected/appointed office page confirms elected status and term; total board size unresolved where seats is null.
Ashby,ashby-ma/cemetery-commissioner,Cemetery Commissioner,Cemetery Commissioner,True,,at-large,3,,,https://www.ashbyma.gov/departments/town-clerk/elected-appointed-offices/,https://www.ashbyma.gov/departments/town-clerk/elected-appointed-offices/,https://www.ashbyma.gov/,elected-status-verified-seat-count-unresolved,Official elected/appointed office page confirms elected status and term; total board size unresolved where seats is null.
Ashby,ashby-ma/moderator,Moderator,Moderator,True,1,at-large,3,,,https://www.ashbyma.gov/departments/town-clerk/elected-appointed-offices/,https://www.ashbyma.gov/departments/town-clerk/elected-appointed-offices/,https://www.ashbyma.gov/,schema-ready,Official elected/appointed office page confirms elected status and term; total board size unresolved where seats is null.
Ashby,ashby-ma/park-commissioner,Park Commissioner,Park Commissioner,True,,at-large,3,,,https://www.ashbyma.gov/departments/town-clerk/elected-appointed-offices/,https://www.ashbyma.gov/departments/town-clerk/elected-appointed-offices/,https://www.ashbyma.gov/,elected-status-verified-seat-count-unresolved,Official elected/appointed office page confirms elected status and term; total board size unresolved where seats is null.
Ashby,ashby-ma/planning-board-member,Planning Board Member,Planning Board Member,True,,at-large,5,,,https://www.ashbyma.gov/departments/town-clerk/elected-appointed-offices/,https://www.ashbyma.gov/departments/town-clerk/elected-appointed-offices/,https://www.ashbyma.gov/,elected-status-verified-seat-count-unresolved,Official elected/appointed office page confirms elected status and term; total board size unresolved where seats is null.
Ashby,ashby-ma/regional-school-district-committee-at-large-member,Regional School District Committee At-Large Member,Regional School District Committee At-Large Member,True,,at-large,3,,,https://www.ashbyma.gov/departments/town-clerk/elected-appointed-offices/,https://www.ashbyma.gov/departments/town-clerk/elected-appointed-offices/,https://www.ashbyma.gov/,elected-status-verified-seat-count-unresolved,Official elected/appointed office page confirms elected status and term; total board size unresolved where seats is null.
Ashby,ashby-ma/regional-school-district-committee-member,Regional School District Committee Member,Regional School District Committee Member,True,,at-large,3,,,https://www.ashbyma.gov/departments/town-clerk/elected-appointed-offices/,https://www.ashbyma.gov/departments/town-clerk/elected-appointed-offices/,https://www.ashbyma.gov/,elected-status-verified-seat-count-unresolved,Official elected/appointed office page confirms elected status and term; total board size unresolved where seats is null.
Ashby,ashby-ma/select-board-member,Select Board Member,Select Board Member,True,3,at-large,3,True,,https://www.ashbyma.gov/departments/selectboard/,https://www.ashbyma.gov/departments/town-clerk/elected-appointed-offices/,https://www.ashbyma.gov/,schema-ready,
Ashby,ashby-ma/town-clerk,Town Clerk,Town Clerk,True,1,at-large,3,,,https://www.ashbyma.gov/departments/town-clerk/elected-appointed-offices/,https://www.ashbyma.gov/departments/town-clerk/elected-appointed-offices/,https://www.ashbyma.gov/,schema-ready,Official elected/appointed office page confirms elected status and term; total board size unresolved where seats is null.
Ashby,ashby-ma/treasurer,Treasurer,Treasurer,True,1,at-large,3,,,https://www.ashbyma.gov/departments/town-clerk/elected-appointed-offices/,https://www.ashbyma.gov/departments/town-clerk/elected-appointed-offices/,https://www.ashbyma.gov/,schema-ready,Official elected/appointed office page confirms elected status and term; total board size unresolved where seats is null.
Ashfield,ashfield-ma/assessor,Assessor,Assessor,True,3,at-large,,,,https://www.ashfield.org/2148/Board-of-Assessors,https://www.ashfield.org/2379/Elections-Voting,,schema-ready,
Ashfield,ashfield-ma/board-of-health-member,Board of Health Member,Board of Health Member,True,3,at-large,,,,https://ashfield.org/2153/Board-of-Health,https://www.ashfield.org/2379/Elections-Voting,,schema-ready,Current member list supports three-member composition; elected status still should be tied to the controlling local/general-law source in a later legal-normalization pass.
Ashfield,ashfield-ma/planning-board-member,Planning Board Member,Planning Board Member,True,5,at-large,,,,https://www.ashfield.org/2155/Planning-Board,https://www.ashfield.org/2379/Elections-Voting,,schema-ready,
Ashfield,ashfield-ma/select-board-member,Select Board Member,Select Board Member,True,3,at-large,3,True,,https://www.ashfield.org/2151/Select-Board,https://www.ashfield.org/2379/Elections-Voting,,schema-ready,
Ashland,ashland-ma/assessor,Assessor,Assessor,True,3,at-large,3,True,,https://ecode360.com/34030918,,,schema-ready,
Ashland,ashland-ma/board-of-health-member,Board of Health Member,Board of Health Member,True,5,at-large,3,True,,https://ecode360.com/34030918,,,schema-ready,
Ashland,ashland-ma/housing-authority-member,Housing Authority Member,Housing Authority Member,True,4,at-large,5,True,,https://ecode360.com/34030917,,,schema-ready,Housing Authority has five total members; four are elected and the fifth is appointed under state law.
Ashland,ashland-ma/library-trustee,Library Trustee,Library Trustee,True,5,at-large,3,True,,https://ecode360.com/34030917,,,schema-ready,
Ashland,ashland-ma/moderator,Moderator,Moderator,True,1,at-large,3,False,,https://ecode360.com/34030918,,,schema-ready,
Ashland,ashland-ma/planning-board-member,Planning Board Member,Planning Board Member,True,5,at-large,5,True,,https://ecode360.com/34030918,,,schema-ready,
Ashland,ashland-ma/school-committee-member,School Committee Member,School Committee Member,True,5,at-large,3,True,,https://ecode360.com/34030925,,,schema-ready,
Ashland,ashland-ma/select-board-member,Select Board Member,Select Board Member,True,5,at-large,3,True,,https://ecode360.com/34030918,,,schema-ready,
Athol,athol-ma/moderator,Moderator,Moderator,True,1,at-large,,,,https://www.athol-ma.gov/m/newsflash/Home/Detail/27?arc=51,https://www.athol-ma.gov/494/Election-Information,https://www.athol-ma.gov/m/newsflash/Home/Detail/27?arc=51,schema-ready,
Athol,athol-ma/regional-school-committee-member,Regional School Committee Member,Regional School Committee Member,True,,district,3,,,https://www.athol-ma.gov/m/newsflash/Home/Detail/27?arc=51,https://www.athol-ma.gov/494/Election-Information,https://www.athol-ma.gov/m/newsflash/Home/Detail/27?arc=51,elected-status-verified-seat-count-unresolved,2026 official results show Athol and Royalston-specific school committee seats; total allocation requires district-agreement normalization.
Athol,athol-ma/select-board-member,Select Board Member,Select Board Member,True,5,at-large,3,True,,https://www.athol-ma.gov/340/Town-Charter,https://www.athol-ma.gov/494/Election-Information,https://www.athol-ma.gov/m/newsflash/Home/Detail/27?arc=51,schema-ready,
Attleboro,attleboro-ma/city-clerk,City Clerk,City Clerk,True,1,at-large,,False,,https://www.cityofattleboro.us/1862/Elected-Officials,,,schema-ready,Council: 5 at-large + 6 ward. School Committee: 3 at-large + 6 ward. Creation authority still needs charter/special-act citation.
Attleboro,attleboro-ma/city-collector,City Collector,City Collector,True,1,at-large,,False,,https://www.cityofattleboro.us/1862/Elected-Officials,,,schema-ready,Council: 5 at-large + 6 ward. School Committee: 3 at-large + 6 ward. Creation authority still needs charter/special-act citation.
Attleboro,attleboro-ma/city-council-member,City Council Member,City Council Member,True,11,mixed,,,,https://www.cityofattleboro.us/1862/Elected-Officials,,,schema-ready,Council: 5 at-large + 6 ward. School Committee: 3 at-large + 6 ward. Creation authority still needs charter/special-act citation.
Attleboro,attleboro-ma/city-treasurer,City Treasurer,City Treasurer,True,1,at-large,,False,,https://www.cityofattleboro.us/1862/Elected-Officials,,,schema-ready,Council: 5 at-large + 6 ward. School Committee: 3 at-large + 6 ward. Creation authority still needs charter/special-act citation.
Attleboro,attleboro-ma/mayor,Mayor,Mayor,True,1,at-large,,False,,https://www.cityofattleboro.us/1862/Elected-Officials,,,schema-ready,Council: 5 at-large + 6 ward. School Committee: 3 at-large + 6 ward. Creation authority still needs charter/special-act citation.
Attleboro,attleboro-ma/school-committee-member,School Committee Member,School Committee Member,True,9,mixed,,,,https://www.cityofattleboro.us/1862/Elected-Officials,,,schema-ready,Council: 5 at-large + 6 ward. School Committee: 3 at-large + 6 ward. Creation authority still needs charter/special-act citation.
Auburn,auburn-ma/select-board-member,Select Board Member,Select Board Member,True,5,at-large,3,True,,https://www.auburnma.gov/283/Select-Board,https://www.auburnma.gov/256/Voting-Elections,https://www.auburnma.gov/Archive.aspx?AMID=41,schema-ready,Other elected offices remain to be extracted from Auburn's charter/local elected-official PDF; only the Select Board is schema-ready in this pass.
Avon,avon-ma/assessor,Assessor,Assessor,True,3,at-large,3,True,,https://www.avon-ma.gov/1741/Board-of-Assessors,https://www.avon-ma.gov/1863/Voting-Elections,https://www.avon-ma.gov/DocumentCenter/View/7711/April-14-2026-Local-Election,schema-ready,"Official board page states three elected assessors, staggered so one is elected each year."
Avon,avon-ma/board-of-health-member,Board of Health Member,Board of Health Member,True,3,at-large,3,True,,https://www.avon-ma.gov/1740/Board-of-Health,https://www.avon-ma.gov/1863/Voting-Elections,https://www.avon-ma.gov/DocumentCenter/View/7711/April-14-2026-Local-Election,schema-ready,Official board page expressly states three elected members serving three-year terms.
Avon,avon-ma/constable,Constable,Constable,True,,at-large,3,,,https://www.avon-ma.gov/DocumentCenter/View/7711/April-14-2026-Local-Election,https://www.avon-ma.gov/1863/Voting-Elections,https://www.avon-ma.gov/DocumentCenter/View/7711/April-14-2026-Local-Election,elected-status-verified-seat-count-unresolved,"2026 official result shows a three-year Constable contest, vote for two; total number of constable positions remains unresolved."
Avon,avon-ma/library-trustee,Library Trustee,Library Trustee,True,3,at-large,3,True,,https://www.avon-ma.gov/1779/Library-Trustees,https://www.avon-ma.gov/1863/Voting-Elections,https://www.avon-ma.gov/DocumentCenter/View/7711/April-14-2026-Local-Election,schema-ready,Official page expressly states a three-member elected board with staggered three-year terms.
Avon,avon-ma/park-and-recreation-member,Park and Recreation Member,Park and Recreation Member,True,,at-large,3,,,https://www.avon-ma.gov/DocumentCenter/View/7711/April-14-2026-Local-Election,https://www.avon-ma.gov/1863/Voting-Elections,https://www.avon-ma.gov/DocumentCenter/View/7711/April-14-2026-Local-Election,elected-status-verified-seat-count-unresolved,"2026 official result shows a three-year Parks and Recreation contest, vote for two; total board composition remains unresolved."
Avon,avon-ma/planning-board-member,Planning Board Member,Planning Board Member,True,5,at-large,5,True,,https://www.avon-ma.gov/1722/Planning-Board,https://www.avon-ma.gov/1863/Voting-Elections,https://www.avon-ma.gov/DocumentCenter/View/7711/April-14-2026-Local-Election,schema-ready,2026 official election result establishes elected status and five-year term; current board page shows five members with successive expirations.
Avon,avon-ma/redevelopment-authority-member,Redevelopment Authority Member,Redevelopment Authority Member,True,4,at-large,5,True,,https://www.avon-ma.gov/1721/Redevelopment-Authority,https://www.avon-ma.gov/1863/Voting-Elections,https://www.avon-ma.gov/DocumentCenter/View/7711/April-14-2026-Local-Election,schema-ready,Five-member authority: four members elected by Avon voters for staggered five-year terms; fifth member appointed under general law.
Avon,avon-ma/school-committee-member,School Committee Member,School Committee Member,True,5,at-large,3,True,,https://www.avon-ma.gov/1720/School-Committee,https://www.avon-ma.gov/1863/Voting-Elections,https://www.avon-ma.gov/DocumentCenter/View/7711/April-14-2026-Local-Election,schema-ready,2026 official election result confirms School Committee ballot seats; current committee page shows five members.
Avon,avon-ma/select-board-member,Select Board Member,Select Board Member,True,,at-large,3,,,https://www.avon-ma.gov/DocumentCenter/View/7711/April-14-2026-Local-Election,https://www.avon-ma.gov/1863/Voting-Elections,https://www.avon-ma.gov/DocumentCenter/View/7711/April-14-2026-Local-Election,elected-status-verified-seat-count-unresolved,2026 official election result confirms a Select Board seat with a three-year term; total current board composition still needs controlling-source normalization.
Avon,avon-ma/sewer-commissioner,Sewer Commissioner,Sewer Commissioner,True,3,at-large,3,True,,https://www.avon-ma.gov/1718/Sewer-Commission,https://www.avon-ma.gov/1863/Voting-Elections,https://www.avon-ma.gov/DocumentCenter/View/7711/April-14-2026-Local-Election,schema-ready,2026 official result confirms elected Sewer Commission seat; current board page shows three members with successive term expirations.
Ayer,ayer-ma/assessor,Assessor,Assessor,True,,at-large,3,,,https://www.ayer.ma.us/185/Offices-on-the-Ballot,https://www.ayer.ma.us/185/Offices-on-the-Ballot,https://www.ayer.ma.us/173/Election-Voting-Town-Meeting-Information,elected-status-verified-seat-count-unresolved,Annual election 'Offices on the Ballot' establishes elected status and regular term; total board/committee composition remains unresolved in this pass.
Ayer,ayer-ma/board-of-health-member,Board of Health Member,Board of Health Member,True,,at-large,3,,,https://www.ayer.ma.us/185/Offices-on-the-Ballot,https://www.ayer.ma.us/185/Offices-on-the-Ballot,https://www.ayer.ma.us/173/Election-Voting-Town-Meeting-Information,elected-status-verified-seat-count-unresolved,Annual election 'Offices on the Ballot' establishes elected status and regular term; total board/committee composition remains unresolved in this pass.
Ayer,ayer-ma/commissioner-of-trust-funds,Commissioner of Trust Funds,Commissioner of Trust Funds,True,,at-large,3,,,https://www.ayer.ma.us/185/Offices-on-the-Ballot,https://www.ayer.ma.us/185/Offices-on-the-Ballot,https://www.ayer.ma.us/173/Election-Voting-Town-Meeting-Information,elected-status-verified-seat-count-unresolved,Annual election 'Offices on the Ballot' establishes elected status and regular term; total board/committee composition remains unresolved in this pass.
Ayer,ayer-ma/constable,Constable,Constable,True,,at-large,3,,,https://www.ayer.ma.us/185/Offices-on-the-Ballot,https://www.ayer.ma.us/185/Offices-on-the-Ballot,https://www.ayer.ma.us/173/Election-Voting-Town-Meeting-Information,elected-status-verified-seat-count-unresolved,Annual election 'Offices on the Ballot' establishes elected status and regular term; total board/committee composition remains unresolved in this pass.
Ayer,ayer-ma/housing-authority-member,Housing Authority Member,Housing Authority Member,True,,at-large,5,,,https://www.ayer.ma.us/185/Offices-on-the-Ballot,https://www.ayer.ma.us/185/Offices-on-the-Ballot,https://www.ayer.ma.us/173/Election-Voting-Town-Meeting-Information,elected-status-verified-seat-count-unresolved,Annual election 'Offices on the Ballot' establishes elected status and regular term; total board/committee composition remains unresolved in this pass.
Ayer,ayer-ma/library-trustee,Library Trustee,Library Trustee,True,,at-large,3,,,https://www.ayer.ma.us/185/Offices-on-the-Ballot,https://www.ayer.ma.us/185/Offices-on-the-Ballot,https://www.ayer.ma.us/173/Election-Voting-Town-Meeting-Information,elected-status-verified-seat-count-unresolved,Annual election 'Offices on the Ballot' establishes elected status and regular term; total board/committee composition remains unresolved in this pass.
Ayer,ayer-ma/moderator,Moderator,Moderator,True,1,at-large,3,,,https://www.ayer.ma.us/185/Offices-on-the-Ballot,https://www.ayer.ma.us/185/Offices-on-the-Ballot,https://www.ayer.ma.us/173/Election-Voting-Town-Meeting-Information,schema-ready,
Ayer,ayer-ma/park-commissioner,Park Commissioner,Park Commissioner,True,,at-large,3,,,https://www.ayer.ma.us/185/Offices-on-the-Ballot,https://www.ayer.ma.us/185/Offices-on-the-Ballot,https://www.ayer.ma.us/173/Election-Voting-Town-Meeting-Information,elected-status-verified-seat-count-unresolved,Annual election 'Offices on the Ballot' establishes elected status and regular term; total board/committee composition remains unresolved in this pass.
Ayer,ayer-ma/planning-board-member,Planning Board Member,Planning Board Member,True,,at-large,3,,,https://www.ayer.ma.us/185/Offices-on-the-Ballot,https://www.ayer.ma.us/185/Offices-on-the-Ballot,https://www.ayer.ma.us/173/Election-Voting-Town-Meeting-Information,elected-status-verified-seat-count-unresolved,Annual election 'Offices on the Ballot' establishes elected status and regular term; total board/committee composition remains unresolved in this pass.
Ayer,ayer-ma/regional-school-district-committee-member,Regional School District Committee Member,Regional School District Committee Member,True,,at-large,3,,,https://www.ayer.ma.us/185/Offices-on-the-Ballot,https://www.ayer.ma.us/185/Offices-on-the-Ballot,https://www.ayer.ma.us/173/Election-Voting-Town-Meeting-Information,elected-status-verified-seat-count-unresolved,Annual election 'Offices on the Ballot' establishes elected status and regular term; total board/committee composition remains unresolved in this pass.
Ayer,ayer-ma/select-board-member,Select Board Member,Select Board Member,True,3,at-large,3,True,,https://www.ayer.ma.us/424/Select-Board,https://www.ayer.ma.us/185/Offices-on-the-Ballot,https://www.ayer.ma.us/173/Election-Voting-Town-Meeting-Information,schema-ready,
Barnstable,barnstable-ma/housing-authority-member,Housing Authority Member,Housing Authority Member,True,4,at-large,4,True,,https://ecode360.com/6560163,https://www.townofbarnstable.us/Departments/TownClerk/Office_Information/Election-Information.asp,https://www.townofbarnstable.us/Departments/TownClerk/Office_Information/Election-Information.asp,schema-ready,Five-member authority total; four seats are elective and one is state-appointed.
Barnstable,barnstable-ma/school-committee-member,School Committee Member,School Committee Member,True,5,at-large,4,True,,https://ecode360.com/6560163,https://www.townofbarnstable.us/Departments/TownClerk/Office_Information/Election-Information.asp,https://www.townofbarnstable.us/Departments/TownClerk/Office_Information/Election-Information.asp,schema-ready,
Barnstable,barnstable-ma/town-clerk,Town Clerk,Town Clerk,True,1,at-large,4,False,,https://ecode360.com/6560163,https://www.townofbarnstable.us/Departments/TownClerk/Office_Information/Election-Information.asp,https://www.townofbarnstable.us/Departments/TownClerk/Office_Information/Election-Information.asp,schema-ready,
Barnstable,barnstable-ma/town-council-member,Town Council Member,Town Council Member,True,13,district,4,True,,https://ecode360.com/12065316,https://www.townofbarnstable.us/Departments/TownClerk/Office_Information/Election-Information.asp,https://www.townofbarnstable.us/Departments/TownClerk/Office_Information/Election-Information.asp,schema-ready,Barnstable has 13 precinct-based council seats; terms alternate by odd/even precinct groups.
Barre,barre-ma/assessor,Assessor,Assessor,True,3,at-large,3,True,,https://www.townofbarre.com/assessors,https://www.townofbarre.com/index.asp?DE=1707B3CD-D60D-428F-98A7-EF4732C396A9&SEC=227CF36F-CC5B-4428-AE07-F3A7F07F34B0,https://www.townofbarre.com/vertical/sites/%7BBE114F1B-906E-45B0-8413-50FFE8B51C22%7D/uploads/2026-ATE-4-6-Results-8x11-pdf.pdf,schema-ready,
Barre,barre-ma/associate-planning-board-member,Associate Planning Board Member,Associate Planning Board Member,True,,at-large,1,,,https://www.townofbarre.com/vertical/sites/%7BBE114F1B-906E-45B0-8413-50FFE8B51C22%7D/uploads/2026-ATE-4-6-Results-8x11-pdf.pdf,https://www.townofbarre.com/index.asp?DE=1707B3CD-D60D-428F-98A7-EF4732C396A9&SEC=227CF36F-CC5B-4428-AE07-F3A7F07F34B0,https://www.townofbarre.com/vertical/sites/%7BBE114F1B-906E-45B0-8413-50FFE8B51C22%7D/uploads/2026-ATE-4-6-Results-8x11-pdf.pdf,elected-status-verified-seat-count-unresolved,2026 annual election result establishes an elected 1-year Associate Planning Board seat; total associate-seat structure remains unresolved.
Barre,barre-ma/board-of-health-member,Board of Health Member,Board of Health Member,True,3,at-large,3,True,,https://www.townofbarre.com/health,https://www.townofbarre.com/index.asp?DE=1707B3CD-D60D-428F-98A7-EF4732C396A9&SEC=227CF36F-CC5B-4428-AE07-F3A7F07F34B0,https://www.townofbarre.com/vertical/sites/%7BBE114F1B-906E-45B0-8413-50FFE8B51C22%7D/uploads/2026-ATE-4-6-Results-8x11-pdf.pdf,schema-ready,
Barre,barre-ma/constable,Constable,Constable,True,,at-large,2,,,https://www.townofbarre.com/vertical/sites/%7BBE114F1B-906E-45B0-8413-50FFE8B51C22%7D/uploads/2026-ATE-4-6-Results-8x11-pdf.pdf,https://www.townofbarre.com/index.asp?DE=1707B3CD-D60D-428F-98A7-EF4732C396A9&SEC=227CF36F-CC5B-4428-AE07-F3A7F07F34B0,https://www.townofbarre.com/vertical/sites/%7BBE114F1B-906E-45B0-8413-50FFE8B51C22%7D/uploads/2026-ATE-4-6-Results-8x11-pdf.pdf,elected-status-verified-seat-count-unresolved,2026 annual election result establishes an elected 2-year Constable seat; total number of constable positions remains unresolved.
Barre,barre-ma/felton-field-commissioner,Felton Field Commissioner,Felton Field Commissioner,True,,at-large,,,,https://www.townofbarre.com/vertical/sites/%7BBE114F1B-906E-45B0-8413-50FFE8B51C22%7D/uploads/2026-ATE-4-6-Results-8x11-pdf.pdf,https://www.townofbarre.com/index.asp?DE=1707B3CD-D60D-428F-98A7-EF4732C396A9&SEC=227CF36F-CC5B-4428-AE07-F3A7F07F34B0,https://www.townofbarre.com/vertical/sites/%7BBE114F1B-906E-45B0-8413-50FFE8B51C22%7D/uploads/2026-ATE-4-6-Results-8x11-pdf.pdf,elected-status-verified-seat-count-unresolved,"2026 result contains Felton Field contests with 1-, 2-, and 3-year terms, consistent with vacancies/unexpired terms; total commission size and regular term require normalization."
Barre,barre-ma/housing-authority-member,Housing Authority Member,Housing Authority Member,True,,at-large,5,,,https://www.townofbarre.com/vertical/sites/%7BBE114F1B-906E-45B0-8413-50FFE8B51C22%7D/uploads/2026-ATE-4-6-Results-8x11-pdf.pdf,https://www.townofbarre.com/index.asp?DE=1707B3CD-D60D-428F-98A7-EF4732C396A9&SEC=227CF36F-CC5B-4428-AE07-F3A7F07F34B0,https://www.townofbarre.com/vertical/sites/%7BBE114F1B-906E-45B0-8413-50FFE8B51C22%7D/uploads/2026-ATE-4-6-Results-8x11-pdf.pdf,elected-status-verified-seat-count-unresolved,2026 annual election result establishes an elected 5-year Housing Authority seat; total locally elected seat count remains unresolved.
Barre,barre-ma/library-trustee,Library Trustee,Library Trustee,True,,at-large,3,,,https://www.townofbarre.com/vertical/sites/%7BBE114F1B-906E-45B0-8413-50FFE8B51C22%7D/uploads/2026-ATE-4-6-Results-8x11-pdf.pdf,https://www.townofbarre.com/index.asp?DE=1707B3CD-D60D-428F-98A7-EF4732C396A9&SEC=227CF36F-CC5B-4428-AE07-F3A7F07F34B0,https://www.townofbarre.com/vertical/sites/%7BBE114F1B-906E-45B0-8413-50FFE8B51C22%7D/uploads/2026-ATE-4-6-Results-8x11-pdf.pdf,elected-status-verified-seat-count-unresolved,2026 annual election result shows two Library Trustee seats with 3-year terms; total board size remains unresolved.
Barre,barre-ma/planning-board-member,Planning Board Member,Planning Board Member,True,5,at-large,5,True,,https://www.townofbarre.com/planning,https://www.townofbarre.com/index.asp?DE=1707B3CD-D60D-428F-98A7-EF4732C396A9&SEC=227CF36F-CC5B-4428-AE07-F3A7F07F34B0,https://www.townofbarre.com/vertical/sites/%7BBE114F1B-906E-45B0-8413-50FFE8B51C22%7D/uploads/2026-ATE-4-6-Results-8x11-pdf.pdf,schema-ready,"Official Planning Board page states five elected members, each serving five-year terms."
Barre,barre-ma/regional-school-committee-member,Regional School Committee Member,Quabbin Regional School Committee Member,True,,district,3,,,https://www.townofbarre.com/vertical/sites/%7BBE114F1B-906E-45B0-8413-50FFE8B51C22%7D/uploads/2026-ATE-4-6-Results-8x11-pdf.pdf,https://www.townofbarre.com/index.asp?DE=1707B3CD-D60D-428F-98A7-EF4732C396A9&SEC=227CF36F-CC5B-4428-AE07-F3A7F07F34B0,https://www.townofbarre.com/vertical/sites/%7BBE114F1B-906E-45B0-8413-50FFE8B51C22%7D/uploads/2026-ATE-4-6-Results-8x11-pdf.pdf,elected-status-verified-seat-count-unresolved,2026 result establishes a 3-year Quabbin Regional School Committee seat; Barre's total allocation requires district-agreement normalization.
Barre,barre-ma/select-board-member,Select Board Member,Select Board Member,True,3,at-large,3,True,,https://www.townofbarre.com/selectboard,https://www.townofbarre.com/index.asp?DE=1707B3CD-D60D-428F-98A7-EF4732C396A9&SEC=227CF36F-CC5B-4428-AE07-F3A7F07F34B0,https://www.townofbarre.com/vertical/sites/%7BBE114F1B-906E-45B0-8413-50FFE8B51C22%7D/uploads/2026-ATE-4-6-Results-8x11-pdf.pdf,schema-ready,Current official Select Board page lists three members with successive expiration years; 2026 annual election result includes a 3-year Select Board seat.
Barre,barre-ma/sewer-commissioner,Sewer Commissioner,Sewer Commissioner,True,3,at-large,3,True,,https://www.townofbarre.com/sewer,https://www.townofbarre.com/index.asp?DE=1707B3CD-D60D-428F-98A7-EF4732C396A9&SEC=227CF36F-CC5B-4428-AE07-F3A7F07F34B0,https://www.townofbarre.com/vertical/sites/%7BBE114F1B-906E-45B0-8413-50FFE8B51C22%7D/uploads/2026-ATE-4-6-Results-8x11-pdf.pdf,schema-ready,
Barre,barre-ma/water-commissioner,Water Commissioner,Water Commissioner,True,3,at-large,3,True,,https://www.townofbarre.com/water,https://www.townofbarre.com/index.asp?DE=1707B3CD-D60D-428F-98A7-EF4732C396A9&SEC=227CF36F-CC5B-4428-AE07-F3A7F07F34B0,https://www.townofbarre.com/vertical/sites/%7BBE114F1B-906E-45B0-8413-50FFE8B51C22%7D/uploads/2026-ATE-4-6-Results-8x11-pdf.pdf,schema-ready,
Bedford,bedford-ma/assessor,Assessor,Assessor,True,3,at-large,,,,https://bedfordma.gov/1042/Elections-Elected-Town-Officials,https://www.bedfordma.gov/281/Elections,https://www.bedfordma.gov/282/Elections-Results,schema-ready,
Bedford,bedford-ma/board-of-health-member,Board of Health Member,Board of Health Member,True,5,at-large,,,,https://bedfordma.gov/1042/Elections-Elected-Town-Officials,https://www.bedfordma.gov/281/Elections,https://www.bedfordma.gov/282/Elections-Results,schema-ready,
Bedford,bedford-ma/housing-authority-member,Housing Authority Member,Housing Authority Member,True,3,at-large,,,,https://bedfordma.gov/1042/Elections-Elected-Town-Officials,https://www.bedfordma.gov/281/Elections,https://www.bedfordma.gov/282/Elections-Results,schema-ready,Current official list shows three local members and one state appointee; verify whether a resident/tenant appointed seat is presently vacant/omitted before finalizing total authority composition.
Bedford,bedford-ma/library-trustee,Library Trustee,Library Trustee,True,7,at-large,,,,https://bedfordma.gov/1042/Elections-Elected-Town-Officials,https://www.bedfordma.gov/281/Elections,https://www.bedfordma.gov/282/Elections-Results,schema-ready,
Bedford,bedford-ma/moderator,Moderator,Moderator,True,1,at-large,,,,https://bedfordma.gov/1042/Elections-Elected-Town-Officials,https://www.bedfordma.gov/281/Elections,https://www.bedfordma.gov/282/Elections-Results,schema-ready,
Bedford,bedford-ma/planning-board-member,Planning Board Member,Planning Board Member,True,5,at-large,,,,https://bedfordma.gov/1042/Elections-Elected-Town-Officials,https://www.bedfordma.gov/281/Elections,https://www.bedfordma.gov/282/Elections-Results,schema-ready,
Bedford,bedford-ma/regional-school-committee-member,Regional School Committee Member,Regional School Committee Member,True,2,at-large,,,,https://bedfordma.gov/1042/Elections-Elected-Town-Officials,https://www.bedfordma.gov/281/Elections,https://www.bedfordma.gov/282/Elections-Results,schema-ready,
Bedford,bedford-ma/school-committee-member,School Committee Member,School Committee Member,True,5,at-large,,,,https://bedfordma.gov/1042/Elections-Elected-Town-Officials,https://www.bedfordma.gov/281/Elections,https://www.bedfordma.gov/282/Elections-Results,schema-ready,
Bedford,bedford-ma/select-board-member,Select Board Member,Select Board Member,True,5,at-large,,,,https://bedfordma.gov/1042/Elections-Elected-Town-Officials,https://www.bedfordma.gov/281/Elections,https://www.bedfordma.gov/282/Elections-Results,schema-ready,
Belchertown,belchertown-ma/town-clerk,Town Clerk,Town Clerk,True,1,at-large,3,,,https://ecode360.com/9050369,https://www.belchertown.org/290/Running-For-Town-Office,,schema-ready,Local bylaw explicitly establishes elected Town Clerk. Other elected boards/offices still require extraction from the annual open-offices list and controlling legal sources.
Bellingham,bellingham-ma/constable,Constable,Constable,True,,at-large,,,,https://ecode360.com/15942725,https://www.bellinghamma.org/669/Elections,https://www.bellinghamma.org/669/Election-Results,elected-status-verified-seat-count-unresolved,Charter Article 3 establishes elected status; total composition is unresolved here where seats is null.
Bellingham,bellingham-ma/housing-authority-member,Housing Authority Member,Housing Authority Member,True,3,at-large,,,,https://ecode360.com/15942725,https://www.bellinghamma.org/669/Elections,https://www.bellinghamma.org/669/Election-Results,schema-ready,Charter explicitly states three locally elected Housing Authority members.
Bellingham,bellingham-ma/library-trustee,Library Trustee,Library Trustee,True,,at-large,,,,https://ecode360.com/15942725,https://www.bellinghamma.org/669/Elections,https://www.bellinghamma.org/669/Election-Results,elected-status-verified-seat-count-unresolved,Charter Article 3 establishes elected status; total composition is unresolved here where seats is null.
Bellingham,bellingham-ma/moderator,Moderator,Moderator,True,1,at-large,,,,https://ecode360.com/15942725,https://www.bellinghamma.org/669/Elections,https://www.bellinghamma.org/669/Election-Results,schema-ready,Charter Article 3 establishes elected status; total composition is unresolved here where seats is null.
Bellingham,bellingham-ma/planning-board-member,Planning Board Member,Planning Board Member,True,,at-large,,,,https://ecode360.com/15942725,https://www.bellinghamma.org/669/Elections,https://www.bellinghamma.org/669/Election-Results,elected-status-verified-seat-count-unresolved,Charter Article 3 establishes elected status; total composition is unresolved here where seats is null.
Bellingham,bellingham-ma/regional-vocational-school-committee-member,Regional Vocational School Committee Member,Regional Vocational School Committee Member,True,,at-large,,,,https://ecode360.com/15942725,https://www.bellinghamma.org/669/Elections,https://www.bellinghamma.org/669/Election-Results,elected-status-verified-seat-count-unresolved,Charter Article 3 establishes elected status; total composition is unresolved here where seats is null.
Bellingham,bellingham-ma/school-committee-member,School Committee Member,School Committee Member,True,,at-large,,,,https://ecode360.com/15942725,https://www.bellinghamma.org/669/Elections,https://www.bellinghamma.org/669/Election-Results,elected-status-verified-seat-count-unresolved,Charter Article 3 establishes elected status; total composition is unresolved here where seats is null.
Bellingham,bellingham-ma/select-board-member,Select Board Member,Select Board Member,True,,at-large,,,,https://ecode360.com/15942725,https://www.bellinghamma.org/669/Elections,https://www.bellinghamma.org/669/Election-Results,elected-status-verified-seat-count-unresolved,Charter Article 3 establishes elected status; total composition is unresolved here where seats is null.
Bellingham,bellingham-ma/town-clerk,Town Clerk,Town Clerk,True,1,at-large,,,,https://ecode360.com/15942725,https://www.bellinghamma.org/669/Elections,https://www.bellinghamma.org/669/Election-Results,schema-ready,Charter Article 3 establishes elected status; total composition is unresolved here where seats is null.
Belmont,belmont-ma/board-of-health-member,Board of Health Member,Board of Health Member,True,,at-large,,,,https://ecode360.com/27111365,,,elected-status-verified-seat-count-unresolved,
Belmont,belmont-ma/cemetery-commissioner,Cemetery Commissioner,Cemetery Commissioner,True,3,at-large,3,True,,https://ecode360.com/27111378,,,schema-ready,
Belmont,belmont-ma/housing-authority-member,Housing Authority Member,Housing Authority Member,True,,at-large,,,,https://www.belmont-ma.gov/List.aspx,,,elected-status-verified-seat-count-unresolved,
Belmont,belmont-ma/library-trustee,Library Trustee,Library Trustee,True,6,at-large,3,True,,https://ecode360.com/27127139,,,schema-ready,
Belmont,belmont-ma/moderator,Moderator,Moderator,True,1,at-large,,,,https://ecode360.com/15794982,,,schema-ready,
Belmont,belmont-ma/municipal-light-board-member,Municipal Light Board Member,Municipal Light Board Member,True,5,at-large,3,True,,https://www.belmontlight.com/about/governance/,,,schema-ready,Belmont Light states the separate elected five-member Municipal Light Board was first elected in 2022; members serve staggered three-year terms.
Belmont,belmont-ma/school-committee-member,School Committee Member,School Committee Member,True,,at-large,,,,https://www.belmont-ma.gov/1959/Governance,,,elected-status-verified-seat-count-unresolved,
Belmont,belmont-ma/select-board-member,Select Board Member,Select Board Member,True,3,at-large,3,True,,https://ecode360.com/27127139,,,schema-ready,
Belmont,belmont-ma/town-meeting-member,Town Meeting Member,Town Meeting Member,True,,district,,,,https://www.belmont-ma.gov/1959/Governance,,,elected-status-verified-seat-count-unresolved,Representative Town Meeting members are elected by precinct; exact current total/precinct allocation is still being normalized.
Berkley,berkley-ma/select-board-member,Select Board Member,Select Board Member,True,5,at-large,3,True,,https://malegislature.gov/Laws/SessionLaws/Acts/2026/Chapter124,https://www.mma.org/community/berkley/,,schema-ready,"Acts of 2026, c.124 expanded the Board of Selectmen from 3 to 5 members. Transitional election provisions apply at the first annual election occurring at least 64 days after July 7, 2026; thereafter all seats are 3-year terms."
Berlin,berlin-ma/assessor,Assessor,Assessor,True,,at-large,3,,,https://www.townofberlin.com/DocumentCenter/View/1612/2026-Local-Town-Election,https://www.townofberlin.com/1290/Elections,https://www.townofberlin.com/DocumentCenter/View/1612/2026-Local-Town-Election,elected-status-verified-seat-count-unresolved,2026 result establishes an elected regular 3-year Assessor seat plus a separate 1-year unexpired Assessor contest; total assessor-board size remains unresolved.
Berlin,berlin-ma/board-of-health-member,Board of Health Member,Board of Health Member,True,,at-large,,,,https://www.townofberlin.com/DocumentCenter/View/1612/2026-Local-Town-Election,https://www.townofberlin.com/1290/Elections,https://www.townofberlin.com/DocumentCenter/View/1612/2026-Local-Town-Election,elected-status-verified-seat-count-unresolved,2026 local election result contains a Board of Health contest; total board size and regular term remain unresolved.
Berlin,berlin-ma/cemetery-commissioner,Cemetery Commissioner,Cemetery Commissioner,True,3,at-large,3,True,,https://www.townofberlin.com/1328/Cemetery-Commission,https://www.townofberlin.com/1290/Elections,https://www.townofberlin.com/DocumentCenter/View/1612/2026-Local-Town-Election,schema-ready,Official page explicitly states Cemetery Commissioners are elected to staggered 3-year terms and lists three positions.
Berlin,berlin-ma/library-trustee,Library Trustee,Library Trustee,True,3,at-large,,True,,https://townofberlin.com/1209/Berlin-Public-Library,https://www.townofberlin.com/1290/Elections,https://www.townofberlin.com/DocumentCenter/View/1612/2026-Local-Town-Election,schema-ready,2026 election result establishes elected status; town library page identifies three trustees. Regular term length remains unresolved in this pass.
Berlin,berlin-ma/moderator,Moderator,Moderator,True,1,at-large,,False,,https://www.townofberlin.com/DocumentCenter/View/1612/2026-Local-Town-Election,https://www.townofberlin.com/1290/Elections,https://www.townofberlin.com/DocumentCenter/View/1612/2026-Local-Town-Election,schema-ready,
Berlin,berlin-ma/planning-board-member,Planning Board Member,Planning Board Member,True,5,at-large,5,True,,https://www.townofberlin.com/1314/Planning-Board,https://www.townofberlin.com/1290/Elections,https://www.townofberlin.com/DocumentCenter/View/1612/2026-Local-Town-Election,schema-ready,Official page explicitly identifies the Planning Board as elected and shows five sequentially expiring member seats; regular 5-year structure inferred from the five-year stagger pattern and retained with source note.
Berlin,berlin-ma/select-board-member,Select Board Member,Select Board Member,True,3,at-large,3,True,,https://townofberlin.com/1312/Select-Board,https://www.townofberlin.com/1290/Elections,https://www.townofberlin.com/DocumentCenter/View/1612/2026-Local-Town-Election,schema-ready,Official Select Board page explicitly states three members elected for staggered three-year terms.
Berlin,berlin-ma/town-clerk,Town Clerk,Town Clerk,True,1,at-large,,False,,https://www.townofberlin.com/DocumentCenter/View/1612/2026-Local-Town-Election,https://www.townofberlin.com/1290/Elections,https://www.townofberlin.com/DocumentCenter/View/1612/2026-Local-Town-Election,schema-ready,
Bernardston,bernardston-ma/assessor,Assessor,Assessor,True,,at-large,,,,https://www.townofbernardston.org/town-clerk/page/2025-annual-town-election-results,https://www.townofbernardston.org/town-clerk,https://www.townofbernardston.org/town-clerk/page/2025-annual-town-election-results,elected-status-verified-seat-count-unresolved,Elected status established by official 2025 Annual Town Election results; current total seat count/term remains unresolved in this pass.
Bernardston,bernardston-ma/board-of-health-member,Board of Health Member,Board of Health Member,True,3,at-large,,,,https://www.townofbernardston.org/board-health,https://www.townofbernardston.org/town-clerk,https://www.townofbernardston.org/town-clerk/page/2025-annual-town-election-results,schema-ready,Official Board of Health page identifies members as elected officials; current directory shows three members.
Bernardston,bernardston-ma/constable,Constable,Constable,True,,at-large,,,,https://www.townofbernardston.org/town-clerk/page/2025-annual-town-election-results,https://www.townofbernardston.org/town-clerk,https://www.townofbernardston.org/town-clerk/page/2025-annual-town-election-results,elected-status-verified-seat-count-unresolved,Elected status established by official 2025 Annual Town Election results; current total seat count/term remains unresolved in this pass.
Bernardston,bernardston-ma/library-trustee,Library Trustee,Cushman Library Board of Trustees,True,12,at-large,3,True,,https://www.townofbernardston.org/cushman-library/page/cushman-library-board-trustees,https://www.townofbernardston.org/town-clerk,https://www.townofbernardston.org/town-clerk/page/2025-annual-town-election-results,schema-ready,Official page states twelve people have been elected to the Board of Trustees; volunteer-opportunity page gives 3-year terms.
Bernardston,bernardston-ma/powers-institute-trustee,Powers Institute Trustee,Powers Institute Trustee,True,,at-large,,,,https://www.townofbernardston.org/town-clerk/page/2025-annual-town-election-results,https://www.townofbernardston.org/town-clerk,https://www.townofbernardston.org/town-clerk/page/2025-annual-town-election-results,elected-status-verified-seat-count-unresolved,Elected status established by official 2025 Annual Town Election results; current total seat count/term remains unresolved in this pass.
Bernardston,bernardston-ma/recreation-commissioner,Recreation Commissioner,Recreation Commissioner,True,6,at-large,3,True,,https://www.townofbernardston.org/recreation-commission,https://www.townofbernardston.org/town-clerk,https://www.townofbernardston.org/town-clerk/page/2025-annual-town-election-results,schema-ready,Official page states six elected members serving 3-year terms.
Bernardston,bernardston-ma/school-committee-member,School Committee Member,School Committee Member,True,,district,4,,,https://www.townofbernardston.org/selectboard/page/employment-and-volunteer-opportunities,https://www.townofbernardston.org/town-clerk,https://www.townofbernardston.org/town-clerk/page/2025-annual-town-election-results,elected-status-verified-seat-count-unresolved,Official town volunteer page identifies School Committee as elected with a 4-year term; town allocation/total district seats remain unresolved.
Bernardston,bernardston-ma/select-board-member,Select Board Member,Select Board Member,True,3,at-large,3,True,,https://www.townofbernardston.org/selectboard,https://www.townofbernardston.org/town-clerk,https://www.townofbernardston.org/town-clerk/page/2025-annual-town-election-results,schema-ready,"Official Selectboard page states three elected members, usually staggered 3-year terms."
Bernardston,bernardston-ma/tax-collector,Tax Collector,Tax Collector,True,,at-large,,,,https://www.townofbernardston.org/town-clerk/page/2025-annual-town-election-results,https://www.townofbernardston.org/town-clerk,https://www.townofbernardston.org/town-clerk/page/2025-annual-town-election-results,elected-status-verified-seat-count-unresolved,Elected status established by official 2025 Annual Town Election results; current total seat count/term remains unresolved in this pass.
Bernardston,bernardston-ma/tree-warden,Tree Warden,Tree Warden,True,,at-large,,,,https://www.townofbernardston.org/town-clerk/page/2025-annual-town-election-results,https://www.townofbernardston.org/town-clerk,https://www.townofbernardston.org/town-clerk/page/2025-annual-town-election-results,elected-status-verified-seat-count-unresolved,Elected status established by official 2025 Annual Town Election results; current total seat count/term remains unresolved in this pass.
Bernardston,bernardston-ma/warner-trust-fund-trustee,Warner Trust Fund Trustee,Warner Trust Fund Trustee,True,,at-large,,,,https://www.townofbernardston.org/town-clerk/page/2025-annual-town-election-results,https://www.townofbernardston.org/town-clerk,https://www.townofbernardston.org/town-clerk/page/2025-annual-town-election-results,elected-status-verified-seat-count-unresolved,Elected status established by official 2025 Annual Town Election results; current total seat count/term remains unresolved in this pass.
Beverly,beverly-ma/city-council-member,City Council Member,City Council Member,True,9,mixed,2,False,,https://www.beverlyma.gov/429/City-Council,,,schema-ready,Council composition: 3 at-large + 6 ward councilors. Other elected offices were not fully inventoried in the completed research.
Billerica,billerica-ma/housing-authority-member,Housing Authority Member,Housing Authority Member,True,3,at-large,5,True,,https://billerica.gov/wp-content/uploads/2025/04/Billerica-Town-Officials-7-1-25-thru-6-30-26-v2.pdf,https://town.billerica.ma.us/377/Election-Results-Information,https://town.billerica.ma.us/377/Election-Results-Information,schema-ready,"Official directory explains current c.121B structure: three elected, one tenant member appointed by town, one Governor-appointed; 5-year overlapping terms."
Billerica,billerica-ma/moderator,Moderator,Moderator,True,1,at-large,,,,https://billerica.gov/wp-content/uploads/2025/04/Billerica-Town-Officials-7-1-25-thru-6-30-26-v2.pdf,https://town.billerica.ma.us/377/Election-Results-Information,https://town.billerica.ma.us/377/Election-Results-Information,schema-ready,
Billerica,billerica-ma/planning-board-member,Planning Board Member,Planning Board Member,True,7,at-large,3,True,,https://billerica.gov/wp-content/uploads/2025/04/Billerica-Town-Officials-7-1-25-thru-6-30-26-v2.pdf,https://town.billerica.ma.us/377/Election-Results-Information,https://town.billerica.ma.us/377/Election-Results-Information,schema-ready,"Official directory cites 1979 Charter §§3-1(a), 3-7 and states seven elected members, 3-year terms."
Billerica,billerica-ma/regional-vocational-school-district-committee-member,Regional Vocational School District Committee Member,Regional Vocational School District Committee Member,True,2,district,,,,https://billerica.gov/wp-content/uploads/2025/04/Billerica-Town-Officials-7-1-25-thru-6-30-26-v2.pdf,https://town.billerica.ma.us/377/Election-Results-Information,https://town.billerica.ma.us/377/Election-Results-Information,schema-ready,Official elected-officials directory lists two regional vocational district committee members for Billerica; exact term cycle is not normalized here.
Billerica,billerica-ma/school-committee-member,School Committee Member,School Committee Member,True,5,at-large,3,True,,https://billerica.gov/wp-content/uploads/2025/04/Billerica-Town-Officials-7-1-25-thru-6-30-26-v2.pdf,https://town.billerica.ma.us/377/Election-Results-Information,https://town.billerica.ma.us/377/Election-Results-Information,schema-ready,"Official directory cites 1979 Charter §3-4(a): five elected members, 3-year staggered terms."
Billerica,billerica-ma/select-board-member,Select Board Member,Select Board Member,True,5,at-large,3,True,,https://billerica.gov/wp-content/uploads/2025/04/Billerica-Town-Officials-7-1-25-thru-6-30-26-v2.pdf,https://town.billerica.ma.us/377/Election-Results-Information,https://town.billerica.ma.us/377/Election-Results-Information,schema-ready,Town's 2025-26 official directory lists five elected Select Board members with staggered expirations.
Billerica,billerica-ma/town-clerk,Town Clerk,Town Clerk,True,1,at-large,3,False,,https://billerica.gov/wp-content/uploads/2025/04/Billerica-Town-Officials-7-1-25-thru-6-30-26-v2.pdf,https://town.billerica.ma.us/377/Election-Results-Information,https://town.billerica.ma.us/377/Election-Results-Information,schema-ready,Official directory lists Town Clerk as elected; current clerk elected April 2023 with term expiring April 2026.
Billerica,billerica-ma/town-meeting-member,Town Meeting Member,Town Meeting Member,True,240,district,3,True,,https://billerica.gov/161/Town-Meeting,https://town.billerica.ma.us/377/Election-Results-Information,https://town.billerica.ma.us/377/Election-Results-Information,schema-ready,Official town page says representative Town Meeting comprises roughly 240 representatives from 12 precincts; MMA reports size 240. Representative terms are treated as 3-year overlapping under the representative-town-meeting framework; precinct allocation should be normalized separately.
Blackstone,blackstone-ma/assessor,Assessor,Assessor,True,3,at-large,3,True,False,https://ecode360.com/12065790,https://www.townofblackstone.org/827/Annual-Town-Election---April-6-2026,https://www.townofblackstone.org/827/Annual-Town-Election---April-6-2026,schema-ready,
Blackstone,blackstone-ma/board-of-health-member,Board of Health Member,Board of Health Member,True,3,at-large,3,True,False,https://ecode360.com/12065790,https://www.townofblackstone.org/827/Annual-Town-Election---April-6-2026,https://www.townofblackstone.org/827/Annual-Town-Election---April-6-2026,schema-ready,
Blackstone,blackstone-ma/collector-treasurer,Collector-Treasurer,Collector-Treasurer,True,1,at-large,3,False,False,https://ecode360.com/12065790,https://www.townofblackstone.org/827/Annual-Town-Election---April-6-2026,https://www.townofblackstone.org/827/Annual-Town-Election---April-6-2026,schema-ready,
Blackstone,blackstone-ma/constable,Constable,Constable,True,5,at-large,3,True,False,https://ecode360.com/12065790,https://www.townofblackstone.org/827/Annual-Town-Election---April-6-2026,https://www.townofblackstone.org/827/Annual-Town-Election---April-6-2026,schema-ready,
Blackstone,blackstone-ma/housing-authority-member,Housing Authority Member,Housing Authority Member,True,4,at-large,5,True,False,https://ecode360.com/12065790,https://www.townofblackstone.org/827/Annual-Town-Election---April-6-2026,https://www.townofblackstone.org/827/Annual-Town-Election---April-6-2026,schema-ready,
Blackstone,blackstone-ma/moderator,Moderator,Moderator,True,1,at-large,3,False,False,https://ecode360.com/12065790,https://www.townofblackstone.org/827/Annual-Town-Election---April-6-2026,https://www.townofblackstone.org/827/Annual-Town-Election---April-6-2026,schema-ready,
Blackstone,blackstone-ma/parks-and-recreation-commissioner,Parks and Recreation Commissioner,Parks and Recreation Commissioner,True,5,at-large,,True,False,https://ecode360.com/12065790,https://www.townofblackstone.org/827/Annual-Town-Election---April-6-2026,https://www.townofblackstone.org/827/Annual-Town-Election---April-6-2026,schema-ready,"Charter Article IV states 5-year terms, but the official 2026 positions-available notice lists two Parks & Recreation seats as 3-year terms. Seat count/elected status are retained; term length is deliberately unresolved pending amendment reconciliation."
Blackstone,blackstone-ma/planning-board-member,Planning Board Member,Planning Board Member,True,5,at-large,5,True,False,https://ecode360.com/12065790,https://www.townofblackstone.org/827/Annual-Town-Election---April-6-2026,https://www.townofblackstone.org/827/Annual-Town-Election---April-6-2026,schema-ready,
Blackstone,blackstone-ma/regional-school-district-committee-member,Regional School District Committee Member,Blackstone-Millville Regional School District Committee Member,True,4,district,4,True,False,https://ecode360.com/12065790,https://www.townofblackstone.org/827/Annual-Town-Election---April-6-2026,https://www.townofblackstone.org/827/Annual-Town-Election---April-6-2026,schema-ready,
Blackstone,blackstone-ma/regional-vocational-school-representative,Regional Vocational School Representative,Blackstone Valley Regional Vocational School Representative,True,1,district,3,False,False,https://ecode360.com/12065790,https://www.townofblackstone.org/827/Annual-Town-Election---April-6-2026,https://www.townofblackstone.org/827/Annual-Town-Election---April-6-2026,schema-ready,
Blackstone,blackstone-ma/select-board-member,Select Board Member,Board of Selectmen,True,5,at-large,3,True,False,https://ecode360.com/12065778,https://www.townofblackstone.org/827/Annual-Town-Election---April-6-2026,https://www.townofblackstone.org/827/Annual-Town-Election---April-6-2026,schema-ready,Five-member elected executive board; current town roster/election years support staggered 3-year terms. Charter town elections are nonpartisan.
Blackstone,blackstone-ma/town-clerk,Town Clerk,Town Clerk,True,1,at-large,3,False,False,https://ecode360.com/12065790,https://www.townofblackstone.org/827/Annual-Town-Election---April-6-2026,https://www.townofblackstone.org/827/Annual-Town-Election---April-6-2026,schema-ready,
Blandford,blandford-ma/assessor,Assessor,Assessor,True,,at-large,3,,,https://townofblandford.gov/2026/06/13/2026-annual-town-election-results/,https://townofblandford.gov/tag/elections/,https://townofblandford.gov/2026/06/13/2026-annual-town-election-results/,elected-status-verified-seat-count-unresolved,Elected status and regular term are established by official annual election notices/results; total board/office seat count remains unresolved where seats is null.
Blandford,blandford-ma/board-of-health-member,Board of Health Member,Board of Health Member,True,,at-large,3,,,https://townofblandford.gov/2026/06/13/2026-annual-town-election-results/,https://townofblandford.gov/tag/elections/,https://townofblandford.gov/2026/06/13/2026-annual-town-election-results/,elected-status-verified-seat-count-unresolved,Elected status and regular term are established by official annual election notices/results; total board/office seat count remains unresolved where seats is null.
Blandford,blandford-ma/cemetery-commissioner,Cemetery Commissioner,Cemetery Commissioner,True,,at-large,3,,,https://townofblandford.gov/2026/06/13/2026-annual-town-election-results/,https://townofblandford.gov/tag/elections/,https://townofblandford.gov/2026/06/13/2026-annual-town-election-results/,elected-status-verified-seat-count-unresolved,Elected status and regular term are established by official annual election notices/results; total board/office seat count remains unresolved where seats is null.
Blandford,blandford-ma/fence-viewer,Fence Viewer,Fence Viewer,True,,at-large,2,,,https://townofblandford.gov/2026/06/13/2026-annual-town-election-results/,https://townofblandford.gov/tag/elections/,https://townofblandford.gov/2026/06/13/2026-annual-town-election-results/,elected-status-verified-seat-count-unresolved,Elected status and regular term are established by official annual election notices/results; total board/office seat count remains unresolved where seats is null.
Blandford,blandford-ma/field-driver,Field Driver,Field Driver,True,1,at-large,3,,,https://townofblandford.gov/2022/06/11/2022-election-results/,https://townofblandford.gov/tag/elections/,https://townofblandford.gov/2026/06/13/2026-annual-town-election-results/,schema-ready,Elected status and regular term are established by official annual election notices/results; total board/office seat count remains unresolved where seats is null.
Blandford,blandford-ma/library-trustee,Library Trustee,Library Trustee,True,3,at-large,3,True,,https://townofblandford.gov/town-departments/library/,https://townofblandford.gov/tag/elections/,https://townofblandford.gov/2026/06/13/2026-annual-town-election-results/,schema-ready,
Blandford,blandford-ma/moderator,Moderator,Moderator,True,1,at-large,3,,,https://townofblandford.gov/2026/06/13/2026-annual-town-election-results/,https://townofblandford.gov/tag/elections/,https://townofblandford.gov/2026/06/13/2026-annual-town-election-results/,schema-ready,Elected status and regular term are established by official annual election notices/results; total board/office seat count remains unresolved where seats is null.
Blandford,blandford-ma/municipal-light-board-member,Municipal Light Board Member,Municipal Light Board Member,True,,at-large,3,,,https://townofblandford.gov/2026/06/13/2026-annual-town-election-results/,https://townofblandford.gov/tag/elections/,https://townofblandford.gov/2026/06/13/2026-annual-town-election-results/,elected-status-verified-seat-count-unresolved,Elected status and regular term are established by official annual election notices/results; total board/office seat count remains unresolved where seats is null.
Blandford,blandford-ma/planning-board-member,Planning Board Member,Planning Board Member,True,,at-large,5,,,https://townofblandford.gov/2026/06/13/2026-annual-town-election-results/,https://townofblandford.gov/tag/elections/,https://townofblandford.gov/2026/06/13/2026-annual-town-election-results/,elected-status-verified-seat-count-unresolved,Elected status and regular term are established by official annual election notices/results; total board/office seat count remains unresolved where seats is null.
Blandford,blandford-ma/school-committee-member,School Committee Member,School Committee Member,True,,at-large,3,,,https://townofblandford.gov/2026/06/13/2026-annual-town-election-results/,https://townofblandford.gov/tag/elections/,https://townofblandford.gov/2026/06/13/2026-annual-town-election-results/,elected-status-verified-seat-count-unresolved,Elected status and regular term are established by official annual election notices/results; total board/office seat count remains unresolved where seats is null.
Blandford,blandford-ma/select-board-member,Select Board Member,Select Board Member,True,3,at-large,3,True,,https://townofblandford.gov/2026/06/13/2026-annual-town-election-results/,https://townofblandford.gov/tag/elections/,https://townofblandford.gov/2026/06/13/2026-annual-town-election-results/,schema-ready,Official election archive shows recurring Select Board contests; town material supports a three-member board with staggered 3-year terms.
Blandford,blandford-ma/town-clerk,Town Clerk,Town Clerk,True,1,at-large,3,,,https://townofblandford.gov/2026/06/13/2026-annual-town-election-results/,https://townofblandford.gov/tag/elections/,https://townofblandford.gov/2026/06/13/2026-annual-town-election-results/,schema-ready,Elected status and regular term are established by official annual election notices/results; total board/office seat count remains unresolved where seats is null.
Blandford,blandford-ma/tree-warden,Tree Warden,Tree Warden,True,1,at-large,3,,,https://townofblandford.gov/2026/06/13/2026-annual-town-election-results/,https://townofblandford.gov/tag/elections/,https://townofblandford.gov/2026/06/13/2026-annual-town-election-results/,schema-ready,Elected status and regular term are established by official annual election notices/results; total board/office seat count remains unresolved where seats is null.
Blandford,blandford-ma/water-commissioner,Water Commissioner,Water Commissioner,True,,at-large,3,,,https://townofblandford.gov/2026/06/13/2026-annual-town-election-results/,https://townofblandford.gov/tag/elections/,https://townofblandford.gov/2026/06/13/2026-annual-town-election-results/,elected-status-verified-seat-count-unresolved,Elected status and regular term are established by official annual election notices/results; total board/office seat count remains unresolved where seats is null.
Bolton,bolton-ma/assessor,Assessor,Assessor,True,,at-large,3,,,https://www.townofbolton.com/home/news/2025-caucus-results,https://www.townofbolton.com/node/346/news,https://www.townofbolton.com/node/346/news,elected-status-verified-seat-count-unresolved,Official caucus results establish elected status and regular term; total seat count remains unresolved.
Bolton,bolton-ma/board-of-health-member,Board of Health Member,Board of Health Member,True,,at-large,3,,,https://www.townofbolton.com/home/news/2025-caucus-results,https://www.townofbolton.com/node/346/news,https://www.townofbolton.com/node/346/news,elected-status-verified-seat-count-unresolved,Official caucus results establish elected status and regular term; total seat count remains unresolved.
Bolton,bolton-ma/cemetery-committee-member,Cemetery Committee Member,Cemetery Committee Member,True,,at-large,3,,,https://www.townofbolton.com/home/news/2025-caucus-results,https://www.townofbolton.com/node/346/news,https://www.townofbolton.com/node/346/news,elected-status-verified-seat-count-unresolved,Official caucus results establish elected status and regular term; total seat count remains unresolved.
Bolton,bolton-ma/constable,Constable,Constable,True,5,at-large,3,True,,https://www.townofbolton.com/home/news/2025-caucus-results,https://www.townofbolton.com/node/346/news,https://www.townofbolton.com/node/346/news,schema-ready,"Official 2025 caucus results list five incumbent Constable positions, each with a 3-year term."
Bolton,bolton-ma/library-trustee,Library Trustee,Library Trustee,True,,at-large,3,,,https://www.townofbolton.com/home/news/2025-caucus-results,https://www.townofbolton.com/node/346/news,https://www.townofbolton.com/node/346/news,elected-status-verified-seat-count-unresolved,Official caucus results establish elected status and regular term; total seat count remains unresolved.
Bolton,bolton-ma/moderator,Moderator,Moderator,True,1,at-large,1,False,,https://www.townofbolton.com/home/news/2025-caucus-results,https://www.townofbolton.com/node/346/news,https://www.townofbolton.com/node/346/news,schema-ready,
Bolton,bolton-ma/parks-and-recreation-member,Parks and Recreation Member,Parks and Recreation Member,True,,at-large,3,,,https://www.townofbolton.com/home/news/2025-caucus-results,https://www.townofbolton.com/node/346/news,https://www.townofbolton.com/node/346/news,elected-status-verified-seat-count-unresolved,Official caucus results establish elected status and regular term; total seat count remains unresolved. The 2025 ballot also contained two 1-year unexpired seats.
Bolton,bolton-ma/planning-board-member,Planning Board Member,Planning Board Member,True,5,at-large,5,True,,https://www.townofbolton.com/node/871/ajax/aggregate,https://www.townofbolton.com/node/346/news,https://www.townofbolton.com/node/346/news,schema-ready,"Official Planning Board page states five elected members, one seat opening each year; one separate associate member is appointed and is not counted."
Bolton,bolton-ma/regional-school-committee-representative,Regional School Committee Representative,Regional School Committee Representative,True,,district,3,,,https://www.townofbolton.com/home/news/2025-caucus-results,https://www.townofbolton.com/home/news/2025-caucus-results,https://www.townofbolton.com/town-clerk,elected-status-verified-seat-count-unresolved,Official caucus results establish elected status and term; total composition remains unresolved.
Bolton,bolton-ma/regional-school-district-committee-member,Regional School District Committee Member,Regional School District Committee Member,True,,district,3,,,https://www.townofbolton.com/home/news/2025-caucus-results,https://www.townofbolton.com/node/346/news,https://www.townofbolton.com/node/346/news,elected-status-verified-seat-count-unresolved,Official caucus results establish elected status and regular term; total seat count remains unresolved. One additional 2-year unexpired regional-school seat appeared in 2025.
Bolton,bolton-ma/select-board-member,Select Board Member,Select Board Member,True,,at-large,3,,,https://www.townofbolton.com/home/news/2025-caucus-results,https://www.townofbolton.com/node/346/news,https://www.townofbolton.com/node/346/news,elected-status-verified-seat-count-unresolved,Official caucus results establish elected status and regular term; total seat count remains unresolved.
Boston,boston-ma/city-council-member,City Council Member,City Council Member,True,13,mixed,,,,https://www.boston.gov/vi/departments/elections/state-and-city-boston-election-results,https://www.boston.gov/vi/departments/elections/state-and-city-boston-election-results,https://www.boston.gov/vi/departments/elections/state-and-city-boston-election-results,schema-ready,Council structure reflected in official results: 4 at-large + Districts 1-9. Do not infer an elected School Committee.
Boston,boston-ma/mayor,Mayor,Mayor,True,1,at-large,,False,,https://www.boston.gov/vi/departments/elections/state-and-city-boston-election-results,https://www.boston.gov/vi/departments/elections/state-and-city-boston-election-results,https://www.boston.gov/vi/departments/elections/state-and-city-boston-election-results,schema-ready,Council structure reflected in official results: 4 at-large + Districts 1-9. Do not infer an elected School Committee.
Bourne,bourne-ma/board-of-health-member,Board of Health Member,Board of Health Member,True,5,at-large,3,True,False,https://malegislature.gov/Laws/SessionLaws/Acts/2012/Chapter117,https://www.bourne-ma.gov/1239/Clerk,https://www.bourne-ma.gov/1239/Clerk,schema-ready,
Bourne,bourne-ma/constable,Constable,Constable,True,1,at-large,3,False,False,https://malegislature.gov/Laws/SessionLaws/Acts/2012/Chapter117,https://www.bourne-ma.gov/1239/Clerk,https://www.bourne-ma.gov/1239/Clerk,schema-ready,
Bourne,bourne-ma/housing-authority-member,Housing Authority Member,Housing Authority Member,True,4,at-large,3,True,False,https://malegislature.gov/Laws/SessionLaws/Acts/2012/Chapter117,https://www.bourne-ma.gov/1239/Clerk,https://www.bourne-ma.gov/1239/Clerk,schema-ready,Five-member authority: four elected plus one state-appointed; counts elected seats only.
Bourne,bourne-ma/library-trustee,Library Trustee,Library Trustee,True,6,at-large,3,True,False,https://malegislature.gov/Laws/SessionLaws/Acts/2012/Chapter117,https://www.bourne-ma.gov/1239/Clerk,https://www.bourne-ma.gov/1239/Clerk,schema-ready,
Bourne,bourne-ma/moderator,Moderator,Moderator,True,1,at-large,1,False,False,https://malegislature.gov/Laws/SessionLaws/Acts/2012/Chapter117,https://www.bourne-ma.gov/1239/Clerk,https://www.bourne-ma.gov/1239/Clerk,schema-ready,
Bourne,bourne-ma/planning-board-member,Planning Board Member,Planning Board Member,True,9,at-large,3,True,False,https://malegislature.gov/Laws/SessionLaws/Acts/2012/Chapter117,https://www.bourne-ma.gov/1239/Clerk,https://www.bourne-ma.gov/1239/Clerk,schema-ready,
Bourne,bourne-ma/recreation-authority-member,Recreation Authority Member,Recreation Authority Member,True,4,at-large,3,True,False,https://malegislature.gov/Laws/SessionLaws/Acts/2012/Chapter117,https://www.bourne-ma.gov/1239/Clerk,https://www.bourne-ma.gov/1239/Clerk,schema-ready,Five-member authority: four elected plus one gubernatorial appointee; counts elected seats only.
Bourne,bourne-ma/regional-vocational-school-committee-member,Regional Vocational School Committee Member,Regional Vocational School Committee Member,True,2,district,4,True,False,https://malegislature.gov/Laws/SessionLaws/Acts/2012/Chapter117,https://www.bourne-ma.gov/1239/Clerk,https://www.bourne-ma.gov/1239/Clerk,schema-ready,
Bourne,bourne-ma/school-committee-member,School Committee Member,School Committee Member,True,7,at-large,3,True,False,https://malegislature.gov/Laws/SessionLaws/Acts/2012/Chapter117,https://www.bourne-ma.gov/1239/Clerk,https://www.bourne-ma.gov/1239/Clerk,schema-ready,
Bourne,bourne-ma/select-board-member,Select Board Member,Select Board Member,True,5,at-large,3,True,False,https://malegislature.gov/Laws/SessionLaws/Acts/2012/Chapter117,https://www.bourne-ma.gov/1239/Clerk,https://www.bourne-ma.gov/1239/Clerk,schema-ready,
Bourne,bourne-ma/town-clerk,Town Clerk,Town Clerk,True,1,at-large,3,False,False,https://malegislature.gov/Laws/SessionLaws/Acts/2012/Chapter117,https://www.bourne-ma.gov/1239/Clerk,https://www.bourne-ma.gov/1239/Clerk,schema-ready,
Bourne,bourne-ma/trustee-of-soldiers-memorials,Trustee of Soldiers Memorials,Trustee of Soldiers Memorials,True,5,at-large,3,True,False,https://malegislature.gov/Laws/SessionLaws/Acts/2012/Chapter117,https://www.bourne-ma.gov/1239/Clerk,https://www.bourne-ma.gov/1239/Clerk,schema-ready,Six-person body includes five elected trustees plus Select Board chair ex officio.
Boxborough,boxborough-ma/board-of-health-member,Board of Health Member,Board of Health Member,True,3,at-large,3,True,,https://boxborough-ma.gov/292/Board-of-Health,https://www.boxborough-ma.gov/211/Elections-Voting,https://www.boxborough-ma.gov/215/Election-Results-from-Previous-Elections,schema-ready,
Boxborough,boxborough-ma/library-trustee,Library Trustee,Library Trustee,True,6,at-large,3,True,,https://www.boxborough-ma.gov/383/Library-Board-of-Trustees,https://www.boxborough-ma.gov/211/Elections-Voting,https://www.boxborough-ma.gov/215/Election-Results-from-Previous-Elections,schema-ready,
Boxborough,boxborough-ma/planning-board-member,Planning Board Member,Planning Board Member,True,5,at-large,3,True,,https://boxborough-ma.gov/306/Planning-Board,https://www.boxborough-ma.gov/211/Elections-Voting,https://www.boxborough-ma.gov/215/Election-Results-from-Previous-Elections,schema-ready,Five elected Planning Board members; separate associate member is appointed and excluded.
Boxborough,boxborough-ma/school-committee-member,School Committee Member,School Committee Member,True,4,district,,True,,https://boxborough-ma.gov/354/School-Committee,https://www.boxborough-ma.gov/211/Elections-Voting,https://www.boxborough-ma.gov/215/Election-Results-from-Previous-Elections,schema-ready,Town page identifies four current Boxborough representatives on the elected Acton-Boxborough Regional School Committee. Standard term length is not set here pending regional-agreement reconciliation.
Boxborough,boxborough-ma/select-board-member,Select Board Member,Select Board Member,True,5,at-large,3,True,,https://www.boxborough-ma.gov/327/Select-Board,https://www.boxborough-ma.gov/211/Elections-Voting,https://www.boxborough-ma.gov/215/Election-Results-from-Previous-Elections,schema-ready,
Boxford,boxford-ma/library-trustee,Library Trustee,Library Trustee,True,7,at-large,3,True,,https://www.boxfordma.gov/429/Library-Board-of-Trustees,https://www.boxfordma.gov/457/Town-Meeting-Election-Results-Annual-Rep,https://www.boxfordma.gov/CivicAlerts.aspx?AID=240,schema-ready,Official page states seven elected trustees serving 3-year terms.
Boxford,boxford-ma/select-board-member,Select Board Member,Select Board Member,True,5,at-large,3,True,,https://www.boxfordma.gov/453/Select-Board,https://www.boxfordma.gov/457/Town-Meeting-Election-Results-Annual-Rep,https://www.boxfordma.gov/CivicAlerts.aspx?AID=240,schema-ready,"Official Select Board page states five elected members serving 3-year terms, with one or two seats elected each year."
Boylston,boylston-ma/select-board-member,Select Board Member,Select Board Member,True,3,at-large,,,,https://malegislature.gov/Laws/SessionLaws/Acts/2026/Chapter66,https://www.mma.org/community/boylston/,,schema-ready,2026 special act changes nomenclature to Select Board; MMA identifies a three-member board. Term remains unresolved.
Braintree,braintree-ma/electric-light-board-member,Electric Light Board Member,Electric Light Board / BELD Commissioner,True,3,at-large,4,True,,https://www.braintreema.gov/m/faq?cat=34,https://braintreema.gov/435/Election-Information,https://braintreema.gov/427/Election-Results,schema-ready,
Braintree,braintree-ma/housing-authority-member,Housing Authority Member,Housing Authority Member,True,3,at-large,4,True,,https://www.braintreema.gov/m/faq?cat=34,https://braintreema.gov/435/Election-Information,https://braintreema.gov/427/Election-Results,schema-ready,Current official elected-official list identifies three locally elected members. A separate state-appointed member and a tenant-appointed member are excluded.
Braintree,braintree-ma/library-trustee,Library Trustee,Thayer Public Library Trustee,True,9,at-large,4,True,,https://www.braintreema.gov/m/faq?cat=34,https://braintreema.gov/435/Election-Information,https://braintreema.gov/427/Election-Results,schema-ready,
Braintree,braintree-ma/mayor,Mayor,Mayor,True,1,at-large,4,False,,https://www.braintreema.gov/m/faq?cat=34,https://braintreema.gov/435/Election-Information,https://braintreema.gov/427/Election-Results,schema-ready,
Braintree,braintree-ma/municipal-light-board-member,Municipal Light Board Member,Electric Light Board Member,True,3,at-large,4,True,,https://www.braintreema.gov/m/faq,https://braintreema.gov/435/Election-Information,https://braintreema.gov/427/Election-Results,schema-ready,
Braintree,braintree-ma/school-committee-member,School Committee Member,School Committee Member,True,6,at-large,4,True,,https://braintreema.gov/374/School-Committee,https://braintreema.gov/435/Election-Information,https://braintreema.gov/427/Election-Results,schema-ready,Six members are separately elected at-large; the Mayor serves ex officio as a seventh committee member and is not counted as a separate elected School Committee seat.
Braintree,braintree-ma/town-council-member,Town Council Member,Town Council Member,True,9,mixed,2,False,,https://www.braintreema.gov/419/Town-Council,https://braintreema.gov/435/Election-Information,https://braintreema.gov/427/Election-Results,schema-ready,Three councilors are elected at-large and six by Districts 1-6; all serve 2-year terms.
Brewster,brewster-ma/board-of-health-member,Board of Health Member,Board of Health Member,True,5,at-large,3,True,,https://www.brewster-ma.gov/board-health,https://www.brewster-ma.gov/home/news/elected-offices-2026-annual-town-election-ballot-0,https://www.brewster-ma.gov/town-clerk/pages/town-meetings-elections,schema-ready,
Brewster,brewster-ma/constable,Constable,Constable,True,,at-large,3,,,https://www.brewster-ma.gov/home/news/elected-offices-2026-annual-town-election-ballot-0,https://www.brewster-ma.gov/home/news/elected-offices-2026-annual-town-election-ballot-0,https://www.brewster-ma.gov/town-clerk/pages/town-meetings-elections,elected-status-verified-seat-count-unresolved,"2026 ballot contains one 3-year Constable seat, but total number of Constable positions is not established by this source."
Brewster,brewster-ma/historic-district-committee-member,Historic District Committee Member,Historic District Committee Member,True,4,at-large,3,True,,https://malegislature.gov/Laws/SessionLaws/Acts/2022/Chapter396,https://www.brewster-ma.gov/town-clerk/pages/town-meetings-elections,https://www.brewster-ma.gov/town-clerk/pages/town-meetings-elections,schema-ready,Five-member committee: four elected plus one appointed; counts elected seats only.
Brewster,brewster-ma/housing-authority-member,Housing Authority Member,Housing Authority Member,True,,at-large,5,,,https://www.brewster-ma.gov/home/news/elected-offices-2026-annual-town-election-ballot-0,https://www.brewster-ma.gov/home/news/elected-offices-2026-annual-town-election-ballot-0,https://www.brewster-ma.gov/town-clerk/pages/town-meetings-elections,elected-status-verified-seat-count-unresolved,"2026 ballot establishes an elected 5-year Housing Authority seat; current authority page lists four members but does not identify which seats are elected versus appointed, so elected seat count remains unresolved."
Brewster,brewster-ma/moderator,Moderator,Moderator,True,1,at-large,3,False,,https://www.brewster-ma.gov/home/news/elected-offices-2026-annual-town-election-ballot-0,https://www.brewster-ma.gov/home/news/elected-offices-2026-annual-town-election-ballot-0,https://www.brewster-ma.gov/town-clerk/pages/town-meetings-elections,schema-ready,
Brewster,brewster-ma/planning-board-member,Planning Board Member,Planning Board Member,True,7,at-large,4,True,,https://www.brewster-ma.gov/planning-board-and-planning-office,https://www.brewster-ma.gov/home/news/elected-offices-2026-annual-town-election-ballot-0,https://www.brewster-ma.gov/town-clerk/pages/town-meetings-elections,schema-ready,"Official Planning Board page says seven elected members; 2026 ballot states regular Planning Board term is 4 years, with one separate 2-year unexpired seat."
Brewster,brewster-ma/recreation-commission-member,Recreation Commission Member,Recreation Commission Member,True,5,at-large,3,True,,https://malegislature.gov/Laws/SessionLaws/Acts/2022/Chapter396,https://www.brewster-ma.gov/town-clerk/pages/town-meetings-elections,https://www.brewster-ma.gov/town-clerk/pages/town-meetings-elections,schema-ready,
Brewster,brewster-ma/recreation-commissioner,Recreation Commissioner,Recreation Commissioner,True,5,at-large,3,True,,https://www.brewster-ma.gov/recreation-commission-department,https://www.brewster-ma.gov/home/news/elected-offices-2026-annual-town-election-ballot-0,https://www.brewster-ma.gov/town-clerk/pages/town-meetings-elections,schema-ready,
Brewster,brewster-ma/regional-school-committee-representative,Regional School Committee Representative,Regional School Committee Representative,True,,district,,,,https://malegislature.gov/Laws/SessionLaws/Acts/2022/Chapter396,https://www.brewster-ma.gov/town-clerk/pages/town-meetings-elections,https://www.brewster-ma.gov/town-clerk/pages/town-meetings-elections,elected-status-verified-seat-count-unresolved,Nauset Regional representatives elected as provided by regional agreement; local allocation/term unresolved.
Brewster,brewster-ma/regional-school-district-committee-member,Regional School District Committee Member,Nauset Regional School District Committee Member,True,4,district,3,True,,https://www.brewster-ma.gov/nauset-regional-school-district-committee,https://www.brewster-ma.gov/home/news/elected-offices-2026-annual-town-election-ballot-0,https://www.brewster-ma.gov/town-clerk/pages/town-meetings-elections,schema-ready,Current town page lists four Brewster representatives; the 2026 ballot establishes a regular 3-year term.
Brewster,brewster-ma/school-committee-member,School Committee Member,School Committee Member,True,5,at-large,3,True,,https://www.brewster-ma.gov/brewster-school-committee,https://www.brewster-ma.gov/home/news/elected-offices-2026-annual-town-election-ballot-0,https://www.brewster-ma.gov/town-clerk/pages/town-meetings-elections,schema-ready,
Brewster,brewster-ma/select-board-member,Select Board Member,Select Board Member,True,5,at-large,3,True,,https://www.brewster-ma.gov/select-boardtown-manager,https://www.brewster-ma.gov/home/news/elected-offices-2026-annual-town-election-ballot-0,https://www.brewster-ma.gov/town-clerk/pages/town-meetings-elections,schema-ready,
Bridgewater,bridgewater-ma/library-trustee,Library Trustee,Library Trustee,True,9,at-large,3,True,,https://malegislature.gov/Laws/SessionLaws/Acts/2018/Chapter404,https://www.bridgewaterma.gov/government/town_clerk/elections/election_results_specimen_ballots.php,https://www.bridgewaterma.gov/government/town_clerk/elections/election_results_specimen_ballots.php,schema-ready,2018 charter §3-2: nine trustees elected at-large for staggered 3-year terms.
Bridgewater,bridgewater-ma/regional-school-committee-member,Regional School Committee Member,Regional School Committee Member,True,,district,,,,https://malegislature.gov/Laws/SessionLaws/Acts/2018/Chapter404,https://www.bridgewaterma.gov/government/town_clerk/elections/election_results_specimen_ballots.php,https://www.bridgewaterma.gov/government/town_clerk/elections/election_results_specimen_ballots.php,elected-status-verified-seat-count-unresolved,"2018 charter §3-1 explicitly retains the regional School Committee as an elected office, but Bridgewater's current allocation and term structure require the regional agreement/current administrative code."
Bridgewater,bridgewater-ma/town-clerk,Town Clerk,Town Clerk,True,1,at-large,,False,,https://www.bridgewaterma.gov/government/town_clerk/elections/campaign_finance_reports.php,https://www.bridgewaterma.gov/government/town_clerk/elections/election_results_specimen_ballots.php,https://www.bridgewaterma.gov/government/town_clerk/elections/election_results_specimen_ballots.php,schema-ready,Official election/campaign-finance materials establish Town Clerk as elected; term unresolved.
Bridgewater,bridgewater-ma/town-council-member,Town Council Member,Town Council Member,True,9,mixed,3,True,,https://malegislature.gov/Laws/SessionLaws/Acts/2018/Chapter404,https://www.bridgewaterma.gov/government/town_clerk/elections/election_results_specimen_ballots.php,https://www.bridgewaterma.gov/government/town_clerk/elections/election_results_specimen_ballots.php,schema-ready,"The 2018 charter establishes nine elected councilors with staggered 3-year terms and originally specifies 7 district + 2 at-large. The current official 2026 roster shows 3 district + 6 at-large. The nine-seat mixed structure is retained, but the district/at-large allocation is flagged for current-charter-amendment reconciliation."
Brimfield,brimfield-ma/select-board-member,Select Board Member,Select Board Member,True,5,at-large,3,,,https://www.brimfieldma.org/select-board,https://www.brimfieldma.org/town-clerk/news/preview-abev-local-election-ballot,https://www.brimfieldma.org/town-clerk/news/official-local-election-results-june-12-2025,schema-ready,Official Select Board page states five elected members serving three-year terms. Staggering was not explicitly normalized in this pass.
Brockton,brockton-ma/school-committee-member,School Committee Member,School Committee Member,True,7,ward,,,,https://brockton.ma.us/city-departments/public-schools/,,,schema-ready,Current official Brockton Public Schools page shows elected School Committee members for Wards 1 through 7. The Mayor serves as chair/ex officio and is not counted here. Controlling charter term provisions remain unresolved.
Brookfield,brookfield-ma/assessor,Assessor,Assessor,True,3,at-large,3,True,,https://www.brookfieldma.us/boards/board-of-assessors/,https://www.brookfieldma.us/news/,https://www.brookfieldma.us/news/,schema-ready,Official Board of Assessors page states members are elected by voters at the annual town election for three-year terms; current expirations support staggered terms.
Brookfield,brookfield-ma/planning-board-member,Planning Board Member,Planning Board Member,True,5,at-large,5,True,,https://www.brookfieldma.us/boards/planning-board/,https://www.brookfieldma.us/news/,https://www.brookfieldma.us/news/,schema-ready,"Official board page states five members, five-year terms, staggered so one seat is up for election each year."
Brookfield,brookfield-ma/town-collector,Town Collector,Town Collector,True,1,at-large,,False,,https://www.brookfieldma.us/departments/town-collector/,https://www.brookfieldma.us/news/,https://www.brookfieldma.us/news/,schema-ready,Official Town Collector page identifies the position as an elected official. Term length remains unresolved.
Brookline,brookline-ma/constable,Constable,Constable,True,5,at-large,3,True,,https://www.brooklinema.gov/3985/Town-Constables,https://www.brooklinema.gov/138/Election-Information,https://www.brooklinema.gov/1028/Election-Results,schema-ready,Official page states five elected constables serving staggered three-year terms.
Brookline,brookline-ma/library-trustee,Library Trustee,Library Trustee,True,12,at-large,3,True,,https://www.brooklinema.gov/CivicAlerts.aspx?AID=2028&ARC=3997,https://www.brooklinema.gov/138/Election-Information,https://www.brooklinema.gov/1028/Election-Results,schema-ready,Official town materials state twelve library trustees are elected to three-year terms; annual election materials show regular trustee seats recurring in staggered groups.
Brookline,brookline-ma/moderator,Moderator,Moderator,True,1,at-large,3,False,,https://www.brooklinema.gov/1724/Moderator,https://www.brooklinema.gov/138/Election-Information,https://www.brooklinema.gov/1028/Election-Results,schema-ready,Official Moderator page states the Moderator is elected by voters for a three-year term.
Brookline,brookline-ma/school-committee-member,School Committee Member,School Committee Member,True,,at-large,3,True,,https://www.brooklinema.gov/138/Election-Information,https://www.brooklinema.gov/138/Election-Information,https://www.brooklinema.gov/1028/Election-Results,elected-status-verified-seat-count-unresolved,Official town-wide election materials establish School Committee as an elected town-wide office with regular three-year seats. Total committee size remains unresolved in this pass.
Brookline,brookline-ma/select-board-member,Select Board Member,Select Board Member,True,5,at-large,3,True,,https://www.brooklinema.gov/343/Select-Board,https://www.brooklinema.gov/138/Election-Information,https://www.brooklinema.gov/1028/Election-Results,schema-ready,Official Select Board page states five members elected for three-year terms; current expiration pattern is staggered.
Brookline,brookline-ma/town-meeting-member,Town Meeting Member,Town Meeting Member,True,255,district,3,True,,https://www.brooklinema.gov/264/Town-Meeting,https://www.brooklinema.gov/138/Election-Information,https://www.brooklinema.gov/1028/Election-Results,schema-ready,"Representative Town Meeting has 255 elected members: 15 from each of 17 precincts, with five elected per precinct each year for staggered three-year terms."
Buckland,buckland-ma/assessor,Assessor,Assessor,True,3,at-large,3,True,,https://www.town.buckland.ma.us/assessors,https://www.town.buckland.ma.us/town-clerk/pages/voting-elections,https://www.town.buckland.ma.us/town-clerk/pages/voting-elections,schema-ready,Official current board page shows three assessors with staggered terms; 2026 election page lists one 3-year Assessor seat.
Buckland,buckland-ma/board-of-health-member,Board of Health Member,Board of Health Member,True,3,at-large,3,True,,https://www.town.buckland.ma.us/board-health,https://www.town.buckland.ma.us/town-clerk/pages/voting-elections,https://www.town.buckland.ma.us/town-clerk/pages/voting-elections,schema-ready,Official current Board of Health page lists three members with staggered expiration years; 2026 election page lists one 3-year seat.
Buckland,buckland-ma/finance-committee-member,Finance Committee Member,Finance Committee Member,True,5,at-large,3,True,,https://www.town.buckland.ma.us/finance-committee,https://www.town.buckland.ma.us/town-clerk/pages/voting-elections,https://www.town.buckland.ma.us/town-clerk/pages/voting-elections,schema-ready,Current official Finance Committee page lists five members; 2026 election page lists two 3-year Finance Committee seats.
Buckland,buckland-ma/library-trustee,Library Trustee,Buckland Public Library Trustee,True,,at-large,3,,,https://www.town.buckland.ma.us/home/news/nomination-papers-available-february-12th-june-2nd-annual-town-election,https://www.town.buckland.ma.us/town-clerk/pages/voting-elections,https://www.town.buckland.ma.us/town-clerk/pages/voting-elections,elected-status-verified-seat-count-unresolved,2026 election notice establishes elected status and 3-year term; total trustee-board size remains unresolved.
Buckland,buckland-ma/regional-school-committee-member,Regional School Committee Member,Mohawk Trail Regional School Committee Member,True,,district,3,,,https://www.town.buckland.ma.us/home/news/nomination-papers-available-february-12th-june-2nd-annual-town-election,https://www.town.buckland.ma.us/town-clerk/pages/voting-elections,https://www.town.buckland.ma.us/town-clerk/pages/voting-elections,elected-status-verified-seat-count-unresolved,2026 election notice establishes an elected 3-year regional-school seat; Buckland's total district allocation remains unresolved.
Buckland,buckland-ma/select-board-member,Select Board Member,Select Board Member,True,3,at-large,3,True,,https://www.town.buckland.ma.us/select-board,https://www.town.buckland.ma.us/town-clerk/pages/voting-elections,https://www.town.buckland.ma.us/town-clerk/pages/voting-elections,schema-ready,2026 clerk page establishes a 3-year elected seat; current Select Board page lists three members.
Buckland,buckland-ma/town-clerk,Town Clerk,Town Clerk,True,1,at-large,3,False,,https://www.town.buckland.ma.us/home/news/nomination-papers-available-february-12th-june-2nd-annual-town-election,https://www.town.buckland.ma.us/town-clerk/pages/voting-elections,https://www.town.buckland.ma.us/town-clerk/pages/voting-elections,schema-ready,
Burlington,burlington-ma/assessor,Assessor,Assessor,True,,at-large,,,,https://www.burlington.org/757/Campaign-Finance-Reports,https://www.burlington.org/757/Campaign-Finance-Reports,,elected-status-verified-seat-count-unresolved,Official municipal campaign-finance/election materials identify this as an elected local office. Total composition/regular term remains unresolved where not otherwise established.
Burlington,burlington-ma/board-of-health-member,Board of Health Member,Board of Health Member,True,5,at-large,3,True,,https://www.burlington.org/209/Board-of-Health-Elected-Board,https://www.burlington.org/757/Campaign-Finance-Reports,,schema-ready,Official page explicitly labels the five-member Board of Health elected; current expirations support staggered three-year terms.
Burlington,burlington-ma/constable,Constable,Constable,True,,at-large,,,,https://www.burlington.org/757/Campaign-Finance-Reports,https://www.burlington.org/757/Campaign-Finance-Reports,,elected-status-verified-seat-count-unresolved,Official municipal campaign-finance/election materials identify this as an elected local office. Total composition/regular term remains unresolved where not otherwise established.
Burlington,burlington-ma/housing-authority-member,Housing Authority Member,Housing Authority Member,True,,at-large,,,,https://www.burlington.org/757/Campaign-Finance-Reports,https://www.burlington.org/757/Campaign-Finance-Reports,,elected-status-verified-seat-count-unresolved,Official municipal campaign-finance/election materials identify this as an elected local office. Total composition/regular term remains unresolved where not otherwise established.
Burlington,burlington-ma/library-trustee,Library Trustee,Library Trustee,True,,at-large,,,,https://www.burlington.org/757/Campaign-Finance-Reports,https://www.burlington.org/757/Campaign-Finance-Reports,,elected-status-verified-seat-count-unresolved,Official municipal campaign-finance/election materials identify this as an elected local office. Total composition/regular term remains unresolved where not otherwise established.
Burlington,burlington-ma/moderator,Moderator,Moderator,True,1,at-large,,False,,https://www.burlington.org/757/Campaign-Finance-Reports,https://www.burlington.org/757/Campaign-Finance-Reports,,schema-ready,Official municipal campaign-finance/election materials identify this as an elected local office. Total composition/regular term remains unresolved where not otherwise established.
Burlington,burlington-ma/planning-board-member,Planning Board Member,Planning Board Member,True,7,at-large,,,,https://www.burlington.org/407/Planning-Board,https://www.burlington.org/757/Campaign-Finance-Reports,,schema-ready,Official Planning Board materials identify a seven-member elected board. Term length remains unresolved.
Burlington,burlington-ma/recreation-commission-member,Recreation Commission Member,Recreation Commission Member,True,,at-large,,,,https://www.burlington.org/757/Campaign-Finance-Reports,https://www.burlington.org/757/Campaign-Finance-Reports,,elected-status-verified-seat-count-unresolved,Official municipal campaign-finance/election materials identify this as an elected local office. Total composition/regular term remains unresolved where not otherwise established.
Burlington,burlington-ma/regional-vocational-school-committee-member,Regional Vocational School Committee Member,Regional Vocational School Committee Member,True,,district,,,,https://www.burlington.org/757/Campaign-Finance-Reports,https://www.burlington.org/757/Campaign-Finance-Reports,,elected-status-verified-seat-count-unresolved,Official municipal campaign-finance/election materials identify this as an elected local office. Total composition/regular term remains unresolved where not otherwise established.
Burlington,burlington-ma/school-committee-member,School Committee Member,School Committee Member,True,,at-large,,,,https://www.burlington.org/757/Campaign-Finance-Reports,https://www.burlington.org/757/Campaign-Finance-Reports,,elected-status-verified-seat-count-unresolved,Official municipal campaign-finance/election materials identify this as an elected local office. Total composition/regular term remains unresolved where not otherwise established.
Burlington,burlington-ma/select-board-member,Select Board Member,Select Board Member,True,,at-large,,,,https://www.burlington.org/757/Campaign-Finance-Reports,https://www.burlington.org/757/Campaign-Finance-Reports,,elected-status-verified-seat-count-unresolved,Official municipal campaign-finance/election materials identify this as an elected local office. Total composition/regular term remains unresolved where not otherwise established.
Burlington,burlington-ma/town-clerk,Town Clerk,Town Clerk,True,1,at-large,,False,,https://www.burlington.org/757/Campaign-Finance-Reports,https://www.burlington.org/757/Campaign-Finance-Reports,,schema-ready,Official municipal campaign-finance/election materials identify this as an elected local office. Total composition/regular term remains unresolved where not otherwise established.
Burlington,burlington-ma/town-meeting-member,Town Meeting Member,Town Meeting Member,True,126,district,3,True,,https://www.burlington.org/399/Town-Meetings,https://www.burlington.org/757/Campaign-Finance-Reports,,schema-ready,"Official town materials state 126 elected Town Meeting Members: 18 from each of seven precincts, serving staggered three-year terms."
Cambridge,cambridge-ma/city-council-member,City Council Member,City Council Member,True,9,at-large,2,False,False,https://www.cambridgema.gov/departments/electioncommission/cambridgemunicipalelections,https://www.cambridgema.gov/departments/electioncommission/cambridgemunicipalelections,,schema-ready,"Under the charter adopted by voters in 2025, nine councillors are elected at large by proportional representation for two-year terms. The Council selects one of its members as Mayor."
Cambridge,cambridge-ma/school-committee-member,School Committee Member,School Committee Member,True,6,at-large,2,False,False,https://www.cambridgema.gov/departments/electioncommission/cambridgemunicipalelections,https://www.cambridgema.gov/departments/electioncommission/cambridgemunicipalelections,,schema-ready,Official municipal-election page states six School Committee members are elected at large by proportional representation for two-year terms. The Mayor also serves on the committee but is not a separately elected School Committee seat.
Canton,canton-ma/assessor,Assessor,Assessor,True,,at-large,,,,https://town.canton.ma.us/911/Elected-Boards-Committees,https://www.town.canton.ma.us/988/Citizens-Guide---Town-of-Canton,,elected-status-verified-seat-count-unresolved,Official town Elected Boards & Committees index establishes elected status; total elected seat count and term remain unresolved in this pass.
Canton,canton-ma/board-of-health-member,Board of Health Member,Board of Health Member,True,,at-large,,,,https://town.canton.ma.us/911/Elected-Boards-Committees,https://www.town.canton.ma.us/988/Citizens-Guide---Town-of-Canton,,elected-status-verified-seat-count-unresolved,Official town Elected Boards & Committees index establishes elected status; total elected seat count and term remain unresolved in this pass.
Canton,canton-ma/housing-authority-member,Housing Authority Member,Housing Authority Member,True,,at-large,,,,https://town.canton.ma.us/911/Elected-Boards-Committees,https://www.town.canton.ma.us/988/Citizens-Guide---Town-of-Canton,,elected-status-verified-seat-count-unresolved,Official town Elected Boards & Committees index establishes elected status; total elected seat count and term remain unresolved in this pass.
Canton,canton-ma/library-trustee,Library Trustee,Library Trustee,True,,at-large,,,,https://town.canton.ma.us/911/Elected-Boards-Committees,https://www.town.canton.ma.us/988/Citizens-Guide---Town-of-Canton,,elected-status-verified-seat-count-unresolved,Official town Elected Boards & Committees index establishes elected status; total elected seat count and term remain unresolved in this pass.
Canton,canton-ma/planning-board-member,Planning Board Member,Planning Board Member,True,5,at-large,,,,https://town.canton.ma.us/238/Planning-Board,https://www.town.canton.ma.us/988/Citizens-Guide---Town-of-Canton,,schema-ready,Official town elected-boards index establishes elected status; current Planning Board page shows five members. Term remains unresolved.
Canton,canton-ma/school-committee-member,School Committee Member,School Committee Member,True,5,at-large,3,True,,https://town.canton.ma.us/243/School-Committee,https://www.town.canton.ma.us/988/Citizens-Guide---Town-of-Canton,,schema-ready,Official School Committee page shows five members serving staggered three-year terms.
Canton,canton-ma/select-board-member,Select Board Member,Select Board Member,True,,at-large,,,,https://town.canton.ma.us/911/Elected-Boards-Committees,https://www.town.canton.ma.us/988/Citizens-Guide---Town-of-Canton,,elected-status-verified-seat-count-unresolved,Official town Elected Boards & Committees index establishes elected status; total elected seat count and term remain unresolved in this pass.
Canton,canton-ma/town-clerk,Town Clerk,Town Clerk,True,1,at-large,,False,,https://town.canton.ma.us/911/Elected-Boards-Committees,https://www.town.canton.ma.us/988/Citizens-Guide---Town-of-Canton,,schema-ready,Official elected-boards/offices index lists Town Clerk as elected. Term remains unresolved.
Carlisle,carlisle-ma/assessor,Assessor,Assessor,True,3,at-large,3,True,,https://www.carlislema.gov/309/Elected-Officials,https://www.carlislema.gov/CivicAlerts.aspx?AID=695,,schema-ready,
Carlisle,carlisle-ma/board-of-health-member,Board of Health Member,Board of Health Member,True,5,at-large,3,True,,https://www.carlislema.gov/309/Elected-Officials,https://www.carlislema.gov/CivicAlerts.aspx?AID=695,,schema-ready,
Carlisle,carlisle-ma/library-trustee,Library Trustee,Library Trustee,True,3,at-large,3,True,,https://www.carlislema.gov/309/Elected-Officials,https://www.carlislema.gov/CivicAlerts.aspx?AID=695,,schema-ready,
Carlisle,carlisle-ma/moderator,Moderator,Moderator,True,1,at-large,3,False,,https://www.carlislema.gov/309/Elected-Officials,https://www.carlislema.gov/CivicAlerts.aspx?AID=695,,schema-ready,
Carlisle,carlisle-ma/planning-board-member,Planning Board Member,Planning Board Member,True,7,at-large,3,True,,https://www.carlislema.gov/309/Elected-Officials,https://www.carlislema.gov/CivicAlerts.aspx?AID=695,,schema-ready,
Carlisle,carlisle-ma/school-committee-member,School Committee Member,School Committee Member,True,5,at-large,3,True,,https://www.carlislema.gov/309/Elected-Officials,https://www.carlislema.gov/CivicAlerts.aspx?AID=695,,schema-ready,
Carlisle,carlisle-ma/select-board-member,Select Board Member,Select Board Member,True,5,at-large,3,True,,https://www.carlislema.gov/309/Elected-Officials,https://www.carlislema.gov/CivicAlerts.aspx?AID=695,,schema-ready,
Carver,carver-ma/library-trustee,Library Trustee,Library Trustee,True,6,at-large,3,True,,https://www.carverma.gov/library-trustees,https://www.carverma.gov/town-clerk/news/april-25-2026-local-town-election,,schema-ready,Official trustee page lists six members; 2026 Annual Town Election offered two regular three-year trustee seats.
Carver,carver-ma/planning-board-member,Planning Board Member,Planning Board Member,True,5,at-large,5,True,,https://www.carverma.gov/planning-board,https://www.carverma.gov/town-clerk/news/april-25-2026-local-town-election,,schema-ready,"Official Planning Board page states five members, each elected for five-year terms; current expiration pattern supports staggering."
Carver,carver-ma/school-committee-member,School Committee Member,School Committee Member,True,5,at-large,3,True,,https://www.carverma.gov/school-committee,https://www.carverma.gov/town-clerk/news/april-25-2026-local-town-election,,schema-ready,Official current School Committee page lists five members; 2026 Annual Town Election offered two regular three-year seats.
Carver,carver-ma/select-board-member,Select Board Member,Select Board Member,True,5,at-large,3,True,,https://www.carverma.gov/select-board,https://www.carverma.gov/town-clerk/news/april-25-2026-local-town-election,,schema-ready,"Official current Select Board page lists five members; 2026 Annual Town Election offered two regular three-year seats, supporting staggered terms."
Charlton,charlton-ma/assessor,Assessor,Assessor,True,3,at-large,3,True,,https://www.townofcharlton.net/DocumentCenter/View/5762/Elected-Town-Officers-2026-PDF,https://www.townofcharlton.net/176/Elections,https://www.townofcharlton.net/DocumentCenter/View/5637/Annual-Town-Election---May-2026-PDF,schema-ready,Official 2026 Elected Town Officers list: three assessors with staggered three-year terms.
Charlton,charlton-ma/board-of-health-member,Board of Health Member,Board of Health Member,True,3,at-large,3,True,,https://www.townofcharlton.net/DocumentCenter/View/5762/Elected-Town-Officers-2026-PDF,https://www.townofcharlton.net/176/Elections,https://www.townofcharlton.net/DocumentCenter/View/5637/Annual-Town-Election---May-2026-PDF,schema-ready,Official 2026 list: three members with successive term expirations.
Charlton,charlton-ma/cemetery-commissioner,Cemetery Commissioner,Cemetery Commissioner,True,3,at-large,3,True,,https://www.townofcharlton.net/DocumentCenter/View/5762/Elected-Town-Officers-2026-PDF,https://www.townofcharlton.net/176/Elections,https://www.townofcharlton.net/DocumentCenter/View/5637/Annual-Town-Election---May-2026-PDF,schema-ready,"Official 2026 list: three cemetery commissioners, three-year terms."
Charlton,charlton-ma/constable,Constable,Constable,True,2,at-large,3,,,https://www.townofcharlton.net/DocumentCenter/View/5762/Elected-Town-Officers-2026-PDF,https://www.townofcharlton.net/176/Elections,https://www.townofcharlton.net/DocumentCenter/View/5637/Annual-Town-Election---May-2026-PDF,schema-ready,"Official 2026 list identifies two elected constables, each with three-year terms."
Charlton,charlton-ma/housing-authority-member,Housing Authority Member,Housing Authority Member,True,3,at-large,5,True,,https://www.townofcharlton.net/DocumentCenter/View/5762/Elected-Town-Officers-2026-PDF,https://www.townofcharlton.net/176/Elections,https://www.townofcharlton.net/DocumentCenter/View/5637/Annual-Town-Election---May-2026-PDF,schema-ready,"Five-member authority listing includes three elected local seats, one resident-appointed seat, and one state-appointed seat; Office record counts elected seats only."
Charlton,charlton-ma/library-trustee,Library Trustee,Library Trustee,True,6,at-large,3,True,,https://www.townofcharlton.net/DocumentCenter/View/5762/Elected-Town-Officers-2026-PDF,https://www.townofcharlton.net/176/Elections,https://www.townofcharlton.net/DocumentCenter/View/5637/Annual-Town-Election---May-2026-PDF,schema-ready,Official 2026 list gives six trustees with staggered three-year terms.
Charlton,charlton-ma/moderator,Moderator,Moderator,True,1,at-large,3,False,,https://www.townofcharlton.net/DocumentCenter/View/5762/Elected-Town-Officers-2026-PDF,https://www.townofcharlton.net/176/Elections,https://www.townofcharlton.net/DocumentCenter/View/5637/Annual-Town-Election---May-2026-PDF,schema-ready,Official 2026 elected-officers list gives one three-year Moderator.
Charlton,charlton-ma/planning-board-member,Planning Board Member,Planning Board Member,True,5,at-large,5,True,,https://www.townofcharlton.net/DocumentCenter/View/5762/Elected-Town-Officers-2026-PDF,https://www.townofcharlton.net/176/Elections,https://www.townofcharlton.net/DocumentCenter/View/5637/Annual-Town-Election---May-2026-PDF,schema-ready,Official 2026 list gives five Planning Board seats with staggered five-year terms.
Charlton,charlton-ma/recreation-commissioner,Recreation Commissioner,Recreation Commissioner,True,3,at-large,3,True,,https://www.townofcharlton.net/DocumentCenter/View/5762/Elected-Town-Officers-2026-PDF,https://www.townofcharlton.net/176/Elections,https://www.townofcharlton.net/DocumentCenter/View/5637/Annual-Town-Election---May-2026-PDF,schema-ready,Official 2026 list gives three commissioners with staggered three-year terms.
Charlton,charlton-ma/regional-school-committee-member,Regional School Committee Member,Regional School Committee Member,True,4,district,3,True,,https://www.townofcharlton.net/DocumentCenter/View/5762/Elected-Town-Officers-2026-PDF,https://www.townofcharlton.net/176/Elections,https://www.townofcharlton.net/DocumentCenter/View/5637/Annual-Town-Election---May-2026-PDF,schema-ready,"Dudley-Charlton Regional School District: four Charlton elected seats are listed; one current seat is serving a one-year vacancy term, while regular terms are three years."
Charlton,charlton-ma/regional-vocational-school-committee-member,Regional Vocational School Committee Member,Regional Vocational School Committee Member,True,2,district,3,True,,https://www.townofcharlton.net/DocumentCenter/View/5762/Elected-Town-Officers-2026-PDF,https://www.townofcharlton.net/176/Elections,https://www.townofcharlton.net/DocumentCenter/View/5637/Annual-Town-Election---May-2026-PDF,schema-ready,"Southern Worcester County Regional Vocational School District: two Charlton seats, regular three-year terms."
Charlton,charlton-ma/select-board-member,Select Board Member,Select Board Member,True,5,at-large,3,True,,https://www.townofcharlton.net/DocumentCenter/View/5762/Elected-Town-Officers-2026-PDF,https://www.townofcharlton.net/176/Elections,https://www.townofcharlton.net/DocumentCenter/View/5637/Annual-Town-Election---May-2026-PDF,schema-ready,"Official 2026 list: five elected Select Board seats, three-year terms."
Charlton,charlton-ma/water-sewer-commissioner,Water Sewer Commissioner,Water Sewer Commissioner,True,5,at-large,3,True,,https://www.townofcharlton.net/DocumentCenter/View/5762/Elected-Town-Officers-2026-PDF,https://www.townofcharlton.net/176/Elections,https://www.townofcharlton.net/DocumentCenter/View/5637/Annual-Town-Election---May-2026-PDF,schema-ready,Official 2026 list gives five commission seats with regular three-year terms; one seat is temporarily appointed to fill a vacancy until the next election.
Chatham,chatham-ma/housing-authority-member,Housing Authority Member,Housing Authority Member,True,,at-large,5,,,https://www.chatham-ma.gov/CivicSend/ViewMessage/Message/230039,https://www.chatham-ma.gov/342/Town-Meeting-Central,https://www.chatham-ma.gov/CivicSend/ViewMessage/Message/290355,elected-status-verified-seat-count-unresolved,Official annual-election notice establishes an elected Chatham Housing Authority seat with a five-year regular term; total number of elected local seats remains unresolved.
Chatham,chatham-ma/moderator,Moderator,Moderator,True,1,at-large,3,False,,https://www.chatham-ma.gov/573/Whos-Who-at-Town-Meeting,https://www.chatham-ma.gov/342/Town-Meeting-Central,https://www.chatham-ma.gov/CivicSend/ViewMessage/Message/290355,schema-ready,Official Town Meeting guide states the Moderator is elected to a three-year term.
Chatham,chatham-ma/regional-school-committee-member,Regional School Committee Member,Regional School Committee Member,True,,district,3,,,https://www.chatham-ma.gov/CivicSend/ViewMessage/Message/282778,https://www.chatham-ma.gov/342/Town-Meeting-Central,https://www.chatham-ma.gov/CivicSend/ViewMessage/Message/290355,elected-status-verified-seat-count-unresolved,Official 2026 nomination notice establishes elected Monomoy Regional School District Committee seats; Chatham's total allocation remains unresolved.
Chatham,chatham-ma/select-board-member,Select Board Member,Select Board Member,True,5,at-large,3,True,,https://chatham-ma.gov/367/Select-Board,https://www.chatham-ma.gov/342/Town-Meeting-Central,https://www.chatham-ma.gov/CivicSend/ViewMessage/Message/290355,schema-ready,Official Town Meeting guidance identifies a five-member elected Select Board; current terms expire across 2027-2029. 2024 election notice confirms regular three-year terms.
Chelmsford,chelmsford-ma/board-of-health-member,Board of Health Member,Board of Health Member,True,3,at-large,3,,,https://www.chelmsfordma.gov/988/Board-Committee-Descriptions,https://www.chelmsfordma.gov/237/Elections-Voting-Campaign-Finance,https://www.chelmsfordma.gov/DocumentCenter/View/22323/OFFICIAL-RESULTS,schema-ready,"Official board description explicitly labels three Board of Health positions elected, with three-year terms."
Chelmsford,chelmsford-ma/cemetery-commissioner,Cemetery Commissioner,Cemetery Commissioner,True,3,at-large,3,,,https://www.chelmsfordma.gov/988/Board-Committee-Descriptions,https://www.chelmsfordma.gov/237/Elections-Voting-Campaign-Finance,https://www.chelmsfordma.gov/DocumentCenter/View/22323/OFFICIAL-RESULTS,schema-ready,"Official board description explicitly labels the three-member Cemetery Commission elected, with three-year terms."
Chelmsford,chelmsford-ma/housing-authority-member,Housing Authority Member,Housing Authority Member,True,3,at-large,5,,,https://www.chelmsfordma.gov/988/Board-Committee-Descriptions,https://www.chelmsfordma.gov/237/Elections-Voting-Campaign-Finance,https://www.chelmsfordma.gov/DocumentCenter/View/22323/OFFICIAL-RESULTS,schema-ready,Official board description gives three elected Housing Authority positions plus one Governor appointee and one annual resident appointee; record counts elected seats only.
Chelmsford,chelmsford-ma/library-trustee,Library Trustee,Library Trustee,True,5,at-large,3,,,https://www.chelmsfordma.gov/988/Board-Committee-Descriptions,https://www.chelmsfordma.gov/237/Elections-Voting-Campaign-Finance,https://www.chelmsfordma.gov/DocumentCenter/View/22323/OFFICIAL-RESULTS,schema-ready,Official board description explicitly gives five elected Library Trustee positions with three-year terms.
Chelmsford,chelmsford-ma/moderator,Moderator,Moderator,True,1,at-large,,False,,https://www.chelmsfordma.gov/DocumentCenter/View/22323/OFFICIAL-RESULTS,https://www.chelmsfordma.gov/237/Elections-Voting-Campaign-Finance,https://www.chelmsfordma.gov/DocumentCenter/View/22323/OFFICIAL-RESULTS,schema-ready,Official 2026 election results contain the Town Moderator contest. Regular term length remains unresolved in this pass.
Chelmsford,chelmsford-ma/planning-board-associate-member,Planning Board Associate Member,Planning Board Associate Member,True,1,at-large,2,False,,https://www.chelmsfordma.gov/988/Board-Committee-Descriptions,https://www.chelmsfordma.gov/237/Elections-Voting-Campaign-Finance,https://www.chelmsfordma.gov/DocumentCenter/View/22323/OFFICIAL-RESULTS,schema-ready,Official board description states one Planning Board associate member is elected at the annual town election for a two-year term; vacancies may be filled temporarily by joint appointment.
Chelmsford,chelmsford-ma/planning-board-member,Planning Board Member,Planning Board Member,True,7,at-large,3,True,,https://www.chelmsfordma.gov/988/Board-Committee-Descriptions,https://www.chelmsfordma.gov/237/Elections-Voting-Campaign-Finance,https://www.chelmsfordma.gov/DocumentCenter/View/22323/OFFICIAL-RESULTS,schema-ready,Official charter-derived board description states seven elected members for three-year terms arranged to expire as evenly as possible.
Chelmsford,chelmsford-ma/school-committee-member,School Committee Member,School Committee Member,True,5,at-large,3,,,https://www.chelmsfordma.gov/988/Board-Committee-Descriptions,https://www.chelmsfordma.gov/237/Elections-Voting-Campaign-Finance,https://www.chelmsfordma.gov/DocumentCenter/View/22323/OFFICIAL-RESULTS,schema-ready,Official board description explicitly states five elected School Committee positions serving three-year terms.
Chelmsford,chelmsford-ma/select-board-member,Select Board Member,Select Board Member,True,5,at-large,3,True,,https://www.chelmsfordma.gov/988/Board-Committee-Descriptions,https://www.chelmsfordma.gov/237/Elections-Voting-Campaign-Finance,https://www.chelmsfordma.gov/DocumentCenter/View/22323/OFFICIAL-RESULTS,schema-ready,Official board description states five elected members serving staggered three-year terms.
Chelmsford,chelmsford-ma/town-meeting-member,Town Meeting Member,Town Meeting Member,True,165,district,3,True,,https://www.chelmsfordma.gov/237/Elections-Voting-Campaign-Finance,https://www.chelmsfordma.gov/237/Elections-Voting-Campaign-Finance,https://www.chelmsfordma.gov/DocumentCenter/View/22323/OFFICIAL-RESULTS,schema-ready,"Representative Town Meeting has 165 elected members: 15 from each of 11 precincts, three-year terms, with at least five seats per precinct up each annual election."
Chelsea,chelsea-ma/city-council-member,City Council Member,City Council Member,True,11,mixed,2,False,,https://library.municode.com/ma/chelsea/codes/code_of_ordinances?nodeId=PTICH_CHCHMA,https://library.municode.com/ma/chelsea/codes/code_of_ordinances?nodeId=PTICH_CHCHMA,,schema-ready,"Current charter establishes 11 councilors: 3 elected at-large citywide and 8 district councilors, one from each district; 2-year terms."
Chelsea,chelsea-ma/school-committee-member,School Committee Member,School Committee Member,True,9,mixed,2,False,,https://library.municode.com/ma/chelsea/codes/code_of_ordinances?nodeId=PTICH_CHCHMA,https://library.municode.com/ma/chelsea/codes/code_of_ordinances?nodeId=PTICH_CHCHMA,,schema-ready,Current charter/current school committee structure: 1 at-large member plus 8 district members; 2-year terms.
Cheshire,cheshire-ma/assessor,Assessor,Assessor,True,3,at-large,3,,,https://cheshire-ma.gov/board-of-assessors/,https://cheshire-ma.gov/elections/,https://cheshire-ma.gov/news-and-notices/official-results-annual-town-election-542026/,schema-ready,Official Board of Assessors page explicitly states an elected three-member board; 2026 official results still contain assessor contests despite a prior ballot question concerning appointment.
Cheshire,cheshire-ma/board-of-health-member,Board of Health Member,Board of Health Member,True,3,at-large,3,True,,https://cheshire-ma.gov/board-of-health/,https://cheshire-ma.gov/elections/,https://cheshire-ma.gov/news-and-notices/official-results-annual-town-election-542026/,schema-ready,Current official page lists three members expiring in successive years 2027-2029; election materials establish regular three-year elected terms.
Cheshire,cheshire-ma/cemetery-commissioner,Cemetery Commissioner,Cemetery Commissioner,True,3,at-large,3,True,,https://cheshire-ma.gov/cemetery-commission/,https://cheshire-ma.gov/elections/,https://cheshire-ma.gov/news-and-notices/official-results-annual-town-election-542026/,schema-ready,Official page lists three commissioners with successive term expirations; annual-election results establish elected status.
Cheshire,cheshire-ma/planning-board-member,Planning Board Member,Planning Board Member,True,5,at-large,5,True,,https://cheshire-ma.gov/planning-board/,https://cheshire-ma.gov/elections/,https://cheshire-ma.gov/news-and-notices/official-results-annual-town-election-542026/,schema-ready,Official page explicitly says the Planning Board is an elected board of five regular members; current terms expire in successive years 2027-2031.
Cheshire,cheshire-ma/regional-school-committee-member,Regional School Committee Member,Regional School Committee Member,True,,district,3,,,https://cheshire-ma.gov/news-and-notices/official-results-annual-town-election-542026/,https://cheshire-ma.gov/elections/,https://cheshire-ma.gov/news-and-notices/official-results-annual-town-election-542026/,elected-status-verified-seat-count-unresolved,Official annual-election results include Hoosac Valley Regional School District committee contests. Cheshire's exact current seat allocation remains unresolved.
Cheshire,cheshire-ma/select-board-member,Select Board Member,Board of Selectmen,True,5,at-large,3,True,,https://cheshire-ma.gov/board-of-selectmen/,https://cheshire-ma.gov/elections/,https://cheshire-ma.gov/news-and-notices/official-results-annual-town-election-542026/,schema-ready,Official current board page lists five members with expirations across 2027-2029; annual-election materials establish regular three-year terms.
Cheshire,cheshire-ma/town-clerk,Town Clerk,Town Clerk,True,1,at-large,3,False,,https://cheshire-ma.gov/news-and-notices/annual-town-election-2/,https://cheshire-ma.gov/elections/,https://cheshire-ma.gov/news-and-notices/official-results-annual-town-election-542026/,schema-ready,Official 2024 annual-election notice lists Town Clerk as an elected three-year office; current Town Clerk page shows a term expiration.
Cheshire,cheshire-ma/water-commissioner,Water Commissioner,Water Commissioner,True,3,at-large,3,True,,https://cheshire-ma.gov/water-department/,https://cheshire-ma.gov/elections/,https://cheshire-ma.gov/news-and-notices/official-results-annual-town-election-542026/,schema-ready,Official water page lists three commissioners with successive expirations; annual-election materials establish elected three-year commissioner seats.
Chester,chester-ma/board-of-health-member,Board of Health Member,Board of Health Member,True,3,at-large,3,True,,https://townofchester.net/board-of-health/,https://townofchester.net/2026/04/2026-annual-town-election/,https://townofchester.net/2025/05/town-election-results-may-3-2025-2/,schema-ready,Current official page lists three members; annual-election notices show regular three-year elected seats and occasional vacancy terms.
Chester,chester-ma/library-trustee,Library Trustee,Library Trustee,True,,at-large,3,,,https://townofchester.net/2026/04/2026-annual-town-election/,https://townofchester.net/2026/04/2026-annual-town-election/,https://townofchester.net/2025/05/town-election-results-may-3-2025-2/,elected-status-verified-seat-count-unresolved,Official annual-election notices repeatedly put two Library Trustee seats on the ballot for regular three-year terms; current trustee page is incomplete for deriving the full statutory/elected seat count.
Chester,chester-ma/moderator,Moderator,Moderator,True,1,at-large,1,False,,https://townofchester.net/2026/04/2026-annual-town-election/,https://townofchester.net/2026/04/2026-annual-town-election/,https://townofchester.net/2025/05/town-election-results-may-3-2025-2/,schema-ready,Official 2026 election notice gives one Moderator for a one-year term.
Chester,chester-ma/municipal-light-board-member,Municipal Light Board Member,Electric Light Commissioner,True,3,at-large,3,True,,https://townofchester.net/municipal-electric-light/,https://townofchester.net/2026/04/2026-annual-town-election/,https://townofchester.net/2025/05/town-election-results-may-3-2025-2/,schema-ready,Official CMELD page lists three commissioners with successive election expirations; annual-election notices establish regular three-year elected terms.
Chester,chester-ma/regional-school-committee-member,Regional School Committee Member,Regional School Committee Member,True,3,district,3,True,,https://townofchester.net/schools/,https://townofchester.net/2026/04/2026-annual-town-election/,https://townofchester.net/2025/05/town-election-results-may-3-2025-2/,schema-ready,Official town school page lists three Chester members of the Gateway Regional School District Committee; annual-election notices establish regular three-year elected seats.
Chester,chester-ma/select-board-member,Select Board Member,Select Board Member,True,,at-large,3,,,https://townofchester.net/2026/04/2026-annual-town-election/,https://townofchester.net/2026/04/2026-annual-town-election/,https://townofchester.net/2025/05/town-election-results-may-3-2025-2/,elected-status-verified-seat-count-unresolved,Official 2025/2026 election notices establish regular three-year Select Board seats; total current board size is not normalized because the current board page appears incomplete/stale.
Chester,chester-ma/water-commissioner,Water Commissioner,Water Commissioner,True,3,at-large,3,True,,https://townofchester.net/water-department/,https://townofchester.net/2026/04/2026-annual-town-election/,https://townofchester.net/2025/05/town-election-results-may-3-2025-2/,schema-ready,"Official water page lists three commissioners; annual-election notices establish regular three-year elected commissioner seats, with shorter terms used to fill vacancies."
Chesterfield,chesterfield-ma/assessor,Assessor,Assessor,True,3,at-large,3,True,,https://www.townofchesterfieldma.com/government/pages/contact-info-elected-and-appointed-officials,https://www.townofchesterfieldma.com/town-clerk,https://www.townofchesterfieldma.com/town-clerk/pages/annual-town-election-results,schema-ready,Official elected-official roster gives three assessors with staggered three-year terms.
Chesterfield,chesterfield-ma/board-of-health-member,Board of Health Member,Board of Health Member,True,3,at-large,3,True,,https://www.townofchesterfieldma.com/government/pages/contact-info-elected-and-appointed-officials,https://www.townofchesterfieldma.com/town-clerk,https://www.townofchesterfieldma.com/town-clerk/pages/annual-town-election-results,schema-ready,Official elected-official roster.
Chesterfield,chesterfield-ma/constable,Constable,Constable,True,3,at-large,3,True,,https://www.townofchesterfieldma.com/government/pages/contact-info-elected-and-appointed-officials,https://www.townofchesterfieldma.com/town-clerk,https://www.townofchesterfieldma.com/town-clerk/pages/annual-town-election-results,schema-ready,Official elected-official roster.
Chesterfield,chesterfield-ma/elementary-school-committee-member,Elementary School Committee Member,Elementary School Committee Member,True,3,district,3,True,,https://www.townofchesterfieldma.com/government/pages/contact-info-elected-and-appointed-officials,https://www.townofchesterfieldma.com/town-clerk,https://www.townofchesterfieldma.com/town-clerk/pages/annual-town-election-results,schema-ready,Chesterfield/Goshen School Committee: three Chesterfield elected officials shown.
Chesterfield,chesterfield-ma/library-trustee,Library Trustee,Library Trustee,True,3,at-large,3,True,,https://www.townofchesterfieldma.com/government/pages/contact-info-elected-and-appointed-officials,https://www.townofchesterfieldma.com/town-clerk,https://www.townofchesterfieldma.com/town-clerk/pages/annual-town-election-results,schema-ready,Official elected-official roster.
Chesterfield,chesterfield-ma/moderator,Moderator,Moderator,True,1,at-large,3,False,,https://www.townofchesterfieldma.com/government/pages/contact-info-elected-and-appointed-officials,https://www.townofchesterfieldma.com/town-clerk,https://www.townofchesterfieldma.com/town-clerk/pages/annual-town-election-results,schema-ready,Official elected-official roster.
Chesterfield,chesterfield-ma/planning-board-member,Planning Board Member,Planning Board Member,True,7,at-large,3,True,,https://www.townofchesterfieldma.com/government/pages/contact-info-elected-and-appointed-officials,https://www.townofchesterfieldma.com/town-clerk,https://www.townofchesterfieldma.com/town-clerk/pages/annual-town-election-results,schema-ready,Official elected-official roster gives seven elected regular members; associate members are appointed and excluded.
Chesterfield,chesterfield-ma/regional-school-committee-member,Regional School Committee Member,Regional School Committee Member,True,2,district,3,True,,https://www.townofchesterfieldma.com/government/pages/contact-info-elected-and-appointed-officials,https://www.townofchesterfieldma.com/town-clerk,https://www.townofchesterfieldma.com/town-clerk/pages/annual-town-election-results,schema-ready,Hampshire Regional School Committee: two Chesterfield elected members.
Chesterfield,chesterfield-ma/select-board-member,Select Board Member,Select Board Member,True,3,at-large,3,True,,https://www.townofchesterfieldma.com/government/pages/contact-info-elected-and-appointed-officials,https://www.townofchesterfieldma.com/town-clerk,https://www.townofchesterfieldma.com/town-clerk/pages/annual-town-election-results,schema-ready,Official elected-official roster gives three members with successive expirations.
Chesterfield,chesterfield-ma/tax-collector,Tax Collector,Tax Collector,True,1,at-large,3,False,,https://www.townofchesterfieldma.com/government/pages/contact-info-elected-and-appointed-officials,https://www.townofchesterfieldma.com/town-clerk,https://www.townofchesterfieldma.com/town-clerk/pages/annual-town-election-results,schema-ready,Official elected-official roster; 2026 ballot confirms office.
Chesterfield,chesterfield-ma/town-clerk,Town Clerk,Town Clerk,True,1,at-large,3,False,,https://www.townofchesterfieldma.com/government/pages/contact-info-elected-and-appointed-officials,https://www.townofchesterfieldma.com/town-clerk,https://www.townofchesterfieldma.com/town-clerk/pages/annual-town-election-results,schema-ready,Official elected-official roster; 2026 ballot confirms office.
Chesterfield,chesterfield-ma/treasurer,Treasurer,Treasurer,True,1,at-large,3,False,,https://www.townofchesterfieldma.com/government/pages/contact-info-elected-and-appointed-officials,https://www.townofchesterfieldma.com/town-clerk,https://www.townofchesterfieldma.com/town-clerk/pages/annual-town-election-results,schema-ready,Official elected-official roster; 2026 ballot confirms office.
Chesterfield,chesterfield-ma/tree-warden,Tree Warden,Tree Warden,True,1,at-large,3,False,,https://www.townofchesterfieldma.com/government/pages/contact-info-elected-and-appointed-officials,https://www.townofchesterfieldma.com/town-clerk,https://www.townofchesterfieldma.com/town-clerk/pages/annual-town-election-results,schema-ready,Official elected-official roster; 2026 ballot confirms office.
Chicopee,chicopee-ma/assessor,Assessor,Assessor,True,3,at-large,,True,False,https://chicopeema.gov/149/Assessors-Office,https://www.chicopeema.gov/866/Election-Specimens,https://www.chicopeema.gov/850/Election-Results,schema-ready,Official Assessor's Office states three assessors are elected by voters and terms are staggered. Exact term length is not stated clearly enough to serialize.
Chicopee,chicopee-ma/city-clerk,City Clerk,City Clerk,True,1,at-large,,,False,https://ecode360.com/12595859,https://www.chicopeema.gov/866/Election-Specimens,https://www.chicopeema.gov/850/Election-Results,schema-ready,Current official Elected Officials page and charter §6 establish public election. Current term detail is affected by later special acts/tenure provisions and is left unresolved.
Chicopee,chicopee-ma/city-collector,City Collector,City Collector,True,1,at-large,,,False,https://chicopeema.gov/416/Elected-Officials,https://www.chicopeema.gov/866/Election-Specimens,https://www.chicopeema.gov/850/Election-Results,schema-ready,Current official Elected Officials page lists Collector as publicly elected. Historic charter text instead provided City-Council election; current directory controls elected-status classification while legal amendment chain remains to be normalized.
Chicopee,chicopee-ma/city-council-member,City Council Member,City Council Member,True,13,mixed,,,False,https://chicopeema.gov/416/Elected-Officials,https://www.chicopeema.gov/866/Election-Specimens,https://www.chicopeema.gov/850/Election-Results,schema-ready,"Current elected-official roster has four councilors-at-large plus one councilor from each of nine wards. Historic charter term provisions do not match current composition, so current term length remains unresolved."
Chicopee,chicopee-ma/city-treasurer,City Treasurer,City Treasurer,True,1,at-large,,,False,https://ecode360.com/12595859,https://www.chicopeema.gov/866/Election-Specimens,https://www.chicopeema.gov/850/Election-Results,schema-ready,Current official Elected Officials page and charter §6 establish public election; current term length not normalized here.
Chicopee,chicopee-ma/mayor,Mayor,Mayor,True,1,at-large,2,False,False,https://ecode360.com/12595859,https://www.chicopeema.gov/866/Election-Specimens,https://www.chicopeema.gov/850/Election-Results,schema-ready,Charter and Mayor's Office establish public election and two-year mayoral terms.
Chicopee,chicopee-ma/school-committee-member,School Committee Member,School Committee Member,True,11,mixed,,True,False,https://ecode360.com/12595888,https://www.chicopeema.gov/866/Election-Specimens,https://www.chicopeema.gov/850/Election-Results,schema-ready,"Six? No: current structure is two elected at-large plus nine ward members = 11 voter-elected seats. Charter gives at-large members four-year staggered terms and ward members two-year terms, so one single term_years value cannot faithfully represent the mixed office."
Chilmark,chilmark-ma/board-of-health-member,Board of Health Member,Board of Health Member,True,3,at-large,,,,https://www.chilmarkma.gov/select-board/agenda/select-board-46,https://www.chilmarkma.gov/town-clerk/town-meeting/pages/annual-town-meeting-reports,https://www.chilmarkma.gov/town-clerk/files/town-chilmark-annual-town-election-final-tally-results-april-29-2026,schema-ready,"Official 2025 vacancy agenda identifies two surviving elected BOH members plus one vacancy, and specifies a joint temporary election only until the next annual town election. Regular term length remains unresolved."
Chilmark,chilmark-ma/cemetery-commissioner,Cemetery Commissioner,Cemetery Commissioner,True,,at-large,,,,https://www.chilmarkma.gov/node/27031,https://www.chilmarkma.gov/town-clerk/town-meeting/pages/annual-town-meeting-reports,https://www.chilmarkma.gov/town-clerk/files/town-chilmark-annual-town-election-final-tally-results-april-29-2026,elected-status-verified-seat-count-unresolved,Official town job posting expressly identifies the Cemetery Commission as elected; total elected seats and terms remain unresolved.
Chilmark,chilmark-ma/select-board-member,Select Board Member,Select Board Member,True,3,at-large,3,True,,https://www.chilmarkma.gov/select-board,https://www.chilmarkma.gov/town-clerk/town-meeting/pages/annual-town-meeting-reports,https://www.chilmarkma.gov/town-clerk/files/town-chilmark-annual-town-election-final-tally-results-april-29-2026,schema-ready,Official Select Board page states members are elected for three-year terms and lists three members with successive expirations.
Clarksburg,clarksburg-ma/board-of-health-member,Board of Health Member,Board of Health Member,True,3,at-large,3,True,,https://clarksburgma.gov/board-of-health,https://clarksburgma.gov/town-elections,https://clarksburgma.gov/2026-town-election-results,schema-ready,Current page lists three positions; annual warrants/results establish three-year elected seats.
Clarksburg,clarksburg-ma/library-trustee,Library Trustee,Library Trustee,True,,at-large,3,,,https://clarksburgma.gov/town-election-may-13th-2025,https://clarksburgma.gov/town-elections,https://clarksburgma.gov/2026-town-election-results,elected-status-verified-seat-count-unresolved,Official 2025 warrant and 2026 results establish elected three-year Library Trustee seats; total board size remains unresolved.
Clarksburg,clarksburg-ma/moderator,Moderator,Moderator,True,1,at-large,3,False,,https://clarksburgma.gov/town-election-may-13th-2025,https://clarksburgma.gov/town-elections,https://clarksburgma.gov/2026-town-election-results,schema-ready,
Clarksburg,clarksburg-ma/planning-board-member,Planning Board Member,Planning Board Member,True,5,at-large,5,True,,https://clarksburgma.gov/departments/planning-board,https://clarksburgma.gov/town-elections,https://clarksburgma.gov/2026-town-election-results,schema-ready,"Current page lists five members. Official 2025 warrant and 2026 results establish a regular five-year Planning Board seat; the 2025 warrant also included a separate three-year vacancy/transition seat, which is not treated as the regular term."
Clarksburg,clarksburg-ma/regional-vocational-school-representative,Regional Vocational School Representative,Regional Vocational School Representative,True,1,district,3,False,,https://clarksburgma.gov/town-election-may-13th-2025,https://clarksburgma.gov/town-elections,https://clarksburgma.gov/2026-town-election-results,schema-ready,Official 2025 warrant establishes an elected representative to McCann Vocational Technical School for a three-year term; total Clarksburg allocation is treated as one representative based on singular office wording.
Clarksburg,clarksburg-ma/school-committee-member,School Committee Member,School Committee Member,True,,district,3,,,https://clarksburgma.gov/town-election-may-13th-2025,https://clarksburgma.gov/town-elections,https://clarksburgma.gov/2026-town-election-results,elected-status-verified-seat-count-unresolved,Official 2025 warrant and 2026 results establish elected three-year School Committee seats; total local committee allocation remains unresolved.
Clarksburg,clarksburg-ma/select-board-member,Select Board Member,Select Board Member,True,3,at-large,3,True,,https://clarksburgma.gov/departments/selectboard,https://clarksburgma.gov/town-elections,https://clarksburgma.gov/2026-town-election-results,schema-ready,Current board page lists three members; official warrants/results establish three-year elected seats.
Clarksburg,clarksburg-ma/tree-warden,Tree Warden,Tree Warden,True,1,at-large,3,False,,https://clarksburgma.gov/town-election-may-13th-2025,https://clarksburgma.gov/town-elections,https://clarksburgma.gov/2026-town-election-results,schema-ready,Official 2025 warrant establishes one elected Tree Warden for three years.
Clarksburg,clarksburg-ma/war-memorial-trustee,War Memorial Trustee,War Memorial Trustee,True,,at-large,3,,,https://clarksburgma.gov/town-election-may-13th-2025,https://clarksburgma.gov/town-elections,https://clarksburgma.gov/2026-town-election-results,elected-status-verified-seat-count-unresolved,Official 2025 warrant and 2026 result establish elected War Memorial Trustee seats; total board size remains unresolved.
Clinton,clinton-ma/board-of-health-member,Board of Health Member,Board of Health Member,True,3,at-large,3,True,,https://www.clintonma.gov/176/Public-Health-Department,https://www.clintonma.gov/304/Election-Information,https://www.clintonma.gov/304/Election-Information,schema-ready,Official Public Health Department page states the Board of Health is elected and lists three members; official 2024 nomination notice gives regular three-year terms.
Clinton,clinton-ma/library-trustee,Library Trustee,Library Trustee,True,6,at-large,3,True,,https://www.clintonma.gov/397/Library-Trustees,https://www.clintonma.gov/304/Election-Information,https://www.clintonma.gov/304/Election-Information,schema-ready,"Official trustee page lists six trustees plus the Library Director; 2024 nomination notice offered two regular three-year trustee seats plus one vacancy seat, supporting six staggered elected trustee seats."
Clinton,clinton-ma/moderator,Moderator,Moderator,True,1,at-large,1,False,,https://www.clintonma.gov/CivicAlerts.aspx?AID=290&ARC=669,https://www.clintonma.gov/304/Election-Information,https://www.clintonma.gov/304/Election-Information,schema-ready,Official 2024 nomination notice establishes one elected Moderator seat with a one-year term.
Clinton,clinton-ma/parks-and-recreation-commissioner,Parks and Recreation Commissioner,Parks and Recreation Commissioner,True,5,at-large,3,True,,https://www.clintonma.gov/198/Boards-Commissions,https://www.clintonma.gov/304/Election-Information,https://www.clintonma.gov/304/Election-Information,schema-ready,Town boards directory explicitly calls Parks & Recreation an elected board; current commission site lists five members and 2024 nomination notice gives regular three-year seats.
Clinton,clinton-ma/planning-board-member,Planning Board Member,Planning Board Member,True,5,at-large,5,True,,https://www.clintonma.gov/212/Planning-Board,https://www.clintonma.gov/304/Election-Information,https://www.clintonma.gov/304/Election-Information,schema-ready,Official Planning Board page lists five members; official 2024 nomination notice establishes a regular five-year elected Planning Board seat.
Clinton,clinton-ma/school-committee-member,School Committee Member,School Committee Member,True,,at-large,3,,,https://www.clintonma.gov/CivicAlerts.aspx?AID=290&ARC=669,https://www.clintonma.gov/304/Election-Information,https://www.clintonma.gov/304/Election-Information,elected-status-verified-seat-count-unresolved,Official 2024 nomination notice establishes two regular School Committee seats for three-year terms. Total committee size remains unresolved from accessible authoritative pages.
Clinton,clinton-ma/select-board-member,Select Board Member,Select Board Member,True,5,at-large,3,True,,https://www.clintonma.gov/205/Select-Board,https://www.clintonma.gov/304/Election-Information,https://www.clintonma.gov/304/Election-Information,schema-ready,Official Select Board page states five members and three-year terms; annual-election pattern is staggered.
Cohasset,cohasset-ma/assessor,Assessor,Assessor,True,3,at-large,3,True,,https://www.cohassetma.gov/155/Board-of-Assessors,https://www.cohassetma.gov/827/Election-Information,https://www.cohassetma.gov/248/Election-Ballots-Warrants-and-Results,schema-ready,Official Board of Assessors page states three elected members with three-year terms and successive expirations.
Cohasset,cohasset-ma/board-of-health-member,Board of Health Member,Board of Health Member,True,3,at-large,3,True,,https://www.cohassetma.gov/290/Board-of-Health,https://www.cohassetma.gov/827/Election-Information,https://www.cohassetma.gov/248/Election-Ballots-Warrants-and-Results,schema-ready,Official page identifies a three-member elected Board of Health with current successive term expirations.
Cohasset,cohasset-ma/housing-authority-member,Housing Authority Member,Housing Authority Member,True,4,at-large,5,True,,https://www.cohassetma.gov/287/Housing-Authority,https://www.cohassetma.gov/827/Election-Information,https://www.cohassetma.gov/248/Election-Ballots-Warrants-and-Results,schema-ready,Official page states five commissioners total: four stand for town election and one is Governor-appointed. Office record counts only four voter-elected seats.
Cohasset,cohasset-ma/library-trustee,Library Trustee,Paul Pratt Memorial Library Trustee,True,9,at-large,3,True,,https://www.cohassetma.gov/289/Paul-Pratt-Memorial-Library-Trustees,https://www.cohassetma.gov/827/Election-Information,https://www.cohassetma.gov/248/Election-Ballots-Warrants-and-Results,schema-ready,Official page states nine elected trustees serving staggered three-year terms.
Cohasset,cohasset-ma/planning-board-associate-member,Planning Board Associate Member,Planning Board Associate Member,True,1,at-large,3,False,,https://www.cohassetma.gov/214/Planning-Board,https://www.cohassetma.gov/827/Election-Information,https://www.cohassetma.gov/248/Election-Ballots-Warrants-and-Results,schema-ready,Official Planning Board page establishes one elected associate seat with a regular three-year term; shorter current vacancy terms are not treated as the regular office term.
Cohasset,cohasset-ma/planning-board-member,Planning Board Member,Planning Board Member,True,5,at-large,5,True,,https://www.cohassetma.gov/214/Planning-Board,https://www.cohassetma.gov/827/Election-Information,https://www.cohassetma.gov/248/Election-Ballots-Warrants-and-Results,schema-ready,"Official Planning Board page states five regular elected members, with one elected each year for a five-year term."
Cohasset,cohasset-ma/school-committee-member,School Committee Member,School Committee Member,True,5,at-large,3,True,,https://www.cohassetma.gov/294/School-Committee,https://www.cohassetma.gov/827/Election-Information,https://www.cohassetma.gov/248/Election-Ballots-Warrants-and-Results,schema-ready,Official page explicitly states five elected members serving staggered three-year terms.
Cohasset,cohasset-ma/select-board-member,Select Board Member,Select Board Member,True,5,at-large,3,True,,https://www.cohassetma.gov/293/Select-Board,https://www.cohassetma.gov/827/Election-Information,https://www.cohassetma.gov/248/Election-Ballots-Warrants-and-Results,schema-ready,Official Select Board page states five elected members serving staggered three-year terms.
Colrain,colrain-ma/assessor,Assessor,Assessor,True,,at-large,3,,,https://colrain-ma.gov/,https://colrain-ma.gov/,,source-gap-secondary-election-detail,2026 local election reporting identifies one three-year elected Assessor seat; official town site confirms municipal election administration but did not expose the ballot text to the crawler. Total Board of Assessors size remains unresolved.
Colrain,colrain-ma/constable,Constable,Constable,True,,at-large,3,,,https://colrain-ma.gov/,https://colrain-ma.gov/,,source-gap-secondary-election-detail,2026 local reporting identifies one three-year Constable seat. Total number of constable positions remains unresolved and primary ballot/result text was not retrievable.
Colrain,colrain-ma/library-trustee,Library Trustee,Griswold Memorial Library Trustee,True,,at-large,3,,,https://colrain-ma.gov/,https://colrain-ma.gov/,,source-gap-secondary-election-detail,2026 local reporting identifies two regular three-year Griswold Memorial Library trustee seats on the ballot. Total trustee board size remains unresolved from retrievable primary sources.
Colrain,colrain-ma/regional-school-committee-member,Regional School Committee Member,Mohawk Trail Regional School District School Committee Member,True,,district,3,,,https://colrain-ma.gov/,https://colrain-ma.gov/,,source-gap-secondary-election-detail,2026 local reporting identifies one three-year Mohawk Trail Regional School District Committee seat. Colrain's full seat allocation remains unresolved.
Colrain,colrain-ma/select-board-member,Select Board Member,Select Board Member,True,3,at-large,3,True,,https://www.mma.org/community/colrain/,https://colrain-ma.gov/,,source-gap-secondary-election-detail,"MMA confirms a three-member Select Board and May 12, 2026 municipal election. Local 2026 reporting states one regular three-year Select Board seat was on the ballot. Official clerk pages were not retrievable/indexed cleanly, so office-level term evidence remains non-primary."
Concord,concord-ma/housing-authority-member,Housing Authority Member,Housing Authority Member,True,3,at-large,5,True,,https://www.concordma.gov/1096/Housing-Authority,https://www.concordma.gov/375/Elections-Voting,https://www.concordma.gov/397/Election-Results,schema-ready,"Official Housing Authority page states five members total: three elected, one tenant/resident member appointed by Select Board, and one Governor-appointed. 2026 local-office page shows regular elected Housing Authority term of five years."
Concord,concord-ma/moderator,Moderator,Moderator,True,1,at-large,1,False,,https://concordma.gov/1233/Town-Charter-Sections,https://www.concordma.gov/375/Elections-Voting,https://www.concordma.gov/397/Election-Results,schema-ready,Charter §1 and current elected-officials page establish one Moderator elected annually.
Concord,concord-ma/school-committee-member,School Committee Member,School Committee Member,True,5,at-large,3,True,,https://concordma.gov/1233/Town-Charter-Sections,https://www.concordma.gov/375/Elections-Voting,https://www.concordma.gov/397/Election-Results,schema-ready,"Charter §1 establishes five School Committee seats, transitioning to staggered three-year terms; current elected-officials page confirms five members."
Concord,concord-ma/select-board-member,Select Board Member,Select Board Member,True,5,at-large,3,True,,https://concordma.gov/1233/Town-Charter-Sections,https://www.concordma.gov/375/Elections-Voting,https://www.concordma.gov/397/Election-Results,schema-ready,"Charter §1 establishes five Select Board seats, transitioning to staggered three-year terms; current elected-officials page confirms five members."
Conway,conway-ma/assessor,Assessor,Assessor,True,,at-large,,,,https://conwayma.gov/,https://conwayma.gov/,https://conwayma.gov/,elected-status-verified-seat-count-unresolved,Official town homepage explicitly labels a current Board of Assessors vacancy as elected. Total board size and regular term remain unresolved.
Conway,conway-ma/board-of-health-member,Board of Health Member,Board of Health Member,True,,at-large,,,,https://conwayma.gov/,https://conwayma.gov/,https://conwayma.gov/,elected-status-verified-seat-count-unresolved,Official town homepage explicitly labels a current Board of Health vacancy as elected. Total board size and regular term remain unresolved.
Conway,conway-ma/select-board-member,Select Board Member,Select Board Member,True,3,at-large,,,,https://www.mma.org/community/conway/,https://conwayma.gov/,https://conwayma.gov/,schema-ready,Official site establishes local election/results publication; MMA confirms a three-member Select Board. Regular term length remains unresolved from retrievable primary material.
Cummington,cummington-ma/municipal-light-board-member,Municipal Light Board Member,Municipal Light Board Member,True,,at-large,,,,https://cummington-ma.gov/MLPBoard/,https://cummington-ma.gov/Profile.php,https://www.cummington-ma.gov/,elected-status-verified-seat-count-unresolved,Official MLP page states the board has been elected under G.L. c.164 since the initial appointed phase; current elected board size/term not normalized.
Cummington,cummington-ma/select-board-member,Select Board Member,Select Board Member,True,3,at-large,3,True,,https://cummington-ma.gov/Profile.php,https://cummington-ma.gov/Profile.php,https://www.cummington-ma.gov/,schema-ready,Official town profile states the Board of Selectmen consists of three people elected to staggered three-year terms; Annual Town Election is the second Monday in May.
Dalton,dalton-ma/cemetery-trustee,Cemetery Trustee,Cemetery Trustee,True,3,at-large,3,True,,https://dalton-ma.gov/cemeteries/,https://dalton-ma.gov/elections/,https://dalton-ma.gov/annual-town-meeting/,schema-ready,Official cemetery page states three Cemetery Trustees are elected for three-year terms; current structure is treated as staggered.
Dalton,dalton-ma/finance-committee-member,Finance Committee Member,Finance Committee Member,True,9,at-large,3,True,,https://dalton-ma.gov/finance-committee/,https://dalton-ma.gov/elections/,https://dalton-ma.gov/annual-town-meeting/,schema-ready,"Official Finance Committee page explicitly states nine elected members, three-year terms, with three elected each year."
Dalton,dalton-ma/planning-board-member,Planning Board Member,Planning Board Member,True,5,at-large,,,,https://dalton-ma.gov/planning-board/,https://dalton-ma.gov/elections/,https://dalton-ma.gov/annual-town-meeting/,schema-ready,Official Planning Board page states five Dalton residents elected by the general public. Regular term length remains unresolved in this pass.
Dalton,dalton-ma/select-board-member,Select Board Member,Select Board Member,True,5,at-large,3,True,,https://dalton-ma.gov/select-board/,https://dalton-ma.gov/elections/,https://dalton-ma.gov/annual-town-meeting/,schema-ready,Official Select Board page states a five-member board with staggered three-year terms and identifies members as the Town's chief elected officials.
Danvers,danvers-ma/library-trustee,Library Trustee,Library Trustee,True,9,at-large,3,True,,https://danverslibrary.org/trustees-meeting-minutes/,https://www.danversma.gov/649/Election-Results,https://www.danversma.gov/DocumentCenter/View/4650/May-5-2026-OFFICIAL-Annual-Town-Election-Results,schema-ready,"Official library page states the board has nine elected trustees, three-year terms, with three elected each year; 2026 official town result confirms three regular trustee seats."
Danvers,danvers-ma/moderator,Moderator,Moderator,True,1,at-large,1,False,,https://www.danversma.gov/448/Town-Meeting,https://www.danversma.gov/649/Election-Results,https://www.danversma.gov/DocumentCenter/View/4650/May-5-2026-OFFICIAL-Annual-Town-Election-Results,schema-ready,Official Town Meeting page and 2026 official election results establish one Moderator elected for one year.
Danvers,danvers-ma/school-committee-member,School Committee Member,School Committee Member,True,5,at-large,3,True,,https://danverspublicschools.org/school-committee/,https://www.danversma.gov/649/Election-Results,https://www.danversma.gov/DocumentCenter/View/4650/May-5-2026-OFFICIAL-Annual-Town-Election-Results,schema-ready,"Danvers Public Schools' official committee page lists five members; official 2026 town result shows two regular three-year School Committee seats, consistent with staggered terms."
Danvers,danvers-ma/select-board-member,Select Board Member,Select Board Member,True,5,at-large,,True,,https://www.danversma.gov/242/Select-Board,https://www.danversma.gov/594/Election-Information,https://www.danversma.gov/649/Election-Results,schema-ready,Official Select Board page identifies five current chief elected officials with staggered expiration years. Regular term length is left unresolved until directly tied to the controlling charter/bylaw.
Danvers,danvers-ma/town-meeting-member,Town Meeting Member,Town Meeting Member,True,144,district,3,True,,https://www.danversma.gov/448/Town-Meeting,https://www.danversma.gov/594/Election-Information,https://www.danversma.gov/649/Election-Results,schema-ready,"Representative Town Meeting has 149 total members: 18 elected representatives from each of 8 precincts (144 elected precinct seats), plus the 5 Select Board members ex officio. Six representatives per precinct are elected each year for 3-year terms."
Dartmouth,dartmouth-ma/assessor,Assessor,Assessor,True,3,at-large,3,True,,https://ecode360.com/47392091,https://www.dartmouthma.gov/236/Election-Results,https://www.dartmouthma.gov/236/Election-Results,schema-ready,"Official Election Results archive includes April 7, 2026 annual town election."
Dartmouth,dartmouth-ma/board-of-health-member,Board of Health Member,Board of Health Member,True,,at-large,,,,https://ecode360.com/47392091,https://www.dartmouthma.gov/236/Election-Results,https://www.dartmouthma.gov/236/Election-Results,elected-status-verified-seat-count-unresolved,"Official Election Results archive includes April 7, 2026 annual town election."
Dartmouth,dartmouth-ma/housing-authority-member,Housing Authority Member,Housing Authority Member,True,,at-large,,,,https://ecode360.com/47392091,https://www.dartmouthma.gov/236/Election-Results,https://www.dartmouthma.gov/236/Election-Results,elected-status-verified-seat-count-unresolved,"Official Election Results archive includes April 7, 2026 annual town election."
Dartmouth,dartmouth-ma/library-trustee,Library Trustee,Library Trustee,True,,at-large,,,,https://ecode360.com/47392091,https://www.dartmouthma.gov/236/Election-Results,https://www.dartmouthma.gov/236/Election-Results,elected-status-verified-seat-count-unresolved,"Official Election Results archive includes April 7, 2026 annual town election."
Dartmouth,dartmouth-ma/moderator,Moderator,Moderator,True,1,at-large,,False,,https://ecode360.com/47392091,https://www.dartmouthma.gov/236/Election-Results,https://www.dartmouthma.gov/236/Election-Results,schema-ready,"Official Election Results archive includes April 7, 2026 annual town election."
Dartmouth,dartmouth-ma/parks-and-recreation-member,Parks and Recreation Member,Parks and Recreation Member,True,,at-large,,,,https://ecode360.com/47392091,https://www.dartmouthma.gov/236/Election-Results,https://www.dartmouthma.gov/236/Election-Results,elected-status-verified-seat-count-unresolved,"Official Election Results archive includes April 7, 2026 annual town election."
Dartmouth,dartmouth-ma/planning-board-member,Planning Board Member,Planning Board Member,True,,at-large,,,,https://ecode360.com/47392091,https://www.dartmouthma.gov/236/Election-Results,https://www.dartmouthma.gov/236/Election-Results,elected-status-verified-seat-count-unresolved,"Official Election Results archive includes April 7, 2026 annual town election."
Dartmouth,dartmouth-ma/school-committee-member,School Committee Member,School Committee Member,True,5,at-large,3,True,,https://ecode360.com/47392091,https://www.dartmouthma.gov/236/Election-Results,https://www.dartmouthma.gov/236/Election-Results,schema-ready,"Official Election Results archive includes April 7, 2026 annual town election."
Dartmouth,dartmouth-ma/select-board-member,Select Board Member,Select Board Member,True,,at-large,,,,https://ecode360.com/47392091,https://www.dartmouthma.gov/236/Election-Results,https://www.dartmouthma.gov/236/Election-Results,elected-status-verified-seat-count-unresolved,"Official Election Results archive includes April 7, 2026 annual town election."
Dartmouth,dartmouth-ma/town-clerk,Town Clerk,Town Clerk,True,1,at-large,,False,,https://ecode360.com/47392091,https://www.dartmouthma.gov/236/Election-Results,https://www.dartmouthma.gov/236/Election-Results,schema-ready,"Official Election Results archive includes April 7, 2026 annual town election."
Dedham,dedham-ma/assessor,Assessor,Assessor,True,3,at-large,,,,https://ecode360.com/15734606,https://www.dedhamma.gov/town-departments/town-clerk/elections-voting/election-dates,https://www.dedham-ma.gov/Home/Components/News/News/5581/,schema-ready,"Town offices elected at large except Town Meeting representatives, who are elected by precinct. Housing Authority composition requires c.121B reconciliation."
Dedham,dedham-ma/board-of-health-member,Board of Health Member,Board of Health Member,True,3,at-large,,,,https://ecode360.com/15734606,https://www.dedhamma.gov/town-departments/town-clerk/elections-voting/election-dates,https://www.dedham-ma.gov/Home/Components/News/News/5581/,schema-ready,"Town offices elected at large except Town Meeting representatives, who are elected by precinct. Housing Authority composition requires c.121B reconciliation."
Dedham,dedham-ma/commissioner-of-trust-funds,Commissioner of Trust Funds,Commissioner of Trust Funds,True,5,at-large,,,,https://ecode360.com/15734606,https://www.dedhamma.gov/town-departments/town-clerk/elections-voting/election-dates,https://www.dedham-ma.gov/Home/Components/News/News/5581/,schema-ready,"Town offices elected at large except Town Meeting representatives, who are elected by precinct. Housing Authority composition requires c.121B reconciliation."
Dedham,dedham-ma/housing-authority-member,Housing Authority Member,Housing Authority Member,True,,at-large,,,,https://ecode360.com/15734606,https://www.dedhamma.gov/town-departments/town-clerk/elections-voting/election-dates,https://www.dedham-ma.gov/Home/Components/News/News/5581/,elected-status-verified-seat-count-unresolved,"Town offices elected at large except Town Meeting representatives, who are elected by precinct. Housing Authority composition requires c.121B reconciliation."
Dedham,dedham-ma/library-trustee,Library Trustee,Library Trustee,True,5,at-large,,,,https://ecode360.com/15734606,https://www.dedhamma.gov/town-departments/town-clerk/elections-voting/election-dates,https://www.dedham-ma.gov/Home/Components/News/News/5581/,schema-ready,"Town offices elected at large except Town Meeting representatives, who are elected by precinct. Housing Authority composition requires c.121B reconciliation."
Dedham,dedham-ma/moderator,Moderator,Moderator,True,1,at-large,3,False,,https://ecode360.com/15734606,https://www.dedhamma.gov/town-departments/town-clerk/elections-voting/election-dates,https://www.dedham-ma.gov/Home/Components/News/News/5581/,schema-ready,"Town offices elected at large except Town Meeting representatives, who are elected by precinct. Housing Authority composition requires c.121B reconciliation."
Dedham,dedham-ma/parks-and-recreation-commissioner,Parks and Recreation Commissioner,Parks and Recreation Commissioner,True,5,at-large,,,,https://ecode360.com/15734606,https://www.dedhamma.gov/town-departments/town-clerk/elections-voting/election-dates,https://www.dedham-ma.gov/Home/Components/News/News/5581/,schema-ready,"Town offices elected at large except Town Meeting representatives, who are elected by precinct. Housing Authority composition requires c.121B reconciliation."
Dedham,dedham-ma/planning-board-member,Planning Board Member,Planning Board Member,True,5,at-large,5,True,,https://ecode360.com/15734606,https://www.dedhamma.gov/town-departments/town-clerk/elections-voting/election-dates,https://www.dedham-ma.gov/Home/Components/News/News/5581/,schema-ready,"Town offices elected at large except Town Meeting representatives, who are elected by precinct. Housing Authority composition requires c.121B reconciliation."
Dedham,dedham-ma/school-committee-member,School Committee Member,School Committee Member,True,7,at-large,3,True,,https://ecode360.com/15734606,https://www.dedhamma.gov/town-departments/town-clerk/elections-voting/election-dates,https://www.dedham-ma.gov/Home/Components/News/News/5581/,schema-ready,"Town offices elected at large except Town Meeting representatives, who are elected by precinct. Housing Authority composition requires c.121B reconciliation."
Dedham,dedham-ma/select-board-member,Select Board Member,Select Board Member,True,5,at-large,3,True,,https://ecode360.com/15734606,https://www.dedhamma.gov/town-departments/town-clerk/elections-voting/election-dates,https://www.dedham-ma.gov/Home/Components/News/News/5581/,schema-ready,"Town offices elected at large except Town Meeting representatives, who are elected by precinct. Housing Authority composition requires c.121B reconciliation."
Dedham,dedham-ma/town-clerk,Town Clerk,Town Clerk,True,1,at-large,,False,,https://ecode360.com/15734606,https://www.dedhamma.gov/town-departments/town-clerk/elections-voting/election-dates,https://www.dedham-ma.gov/Home/Components/News/News/5581/,schema-ready,"Town offices elected at large except Town Meeting representatives, who are elected by precinct. Housing Authority composition requires c.121B reconciliation."
Dedham,dedham-ma/town-meeting-member,Town Meeting Member,Town Meeting Member,True,,district,,,,https://ecode360.com/15734606,https://www.dedhamma.gov/town-departments/town-clerk/elections-voting/election-dates,https://www.dedham-ma.gov/Home/Components/News/News/5581/,elected-status-verified-seat-count-unresolved,"Town offices elected at large except Town Meeting representatives, who are elected by precinct. Housing Authority composition requires c.121B reconciliation."
Dennis,dennis-ma/constable,Constable,Constable,True,3,at-large,,,,https://www.town.dennis.ma.us/376/Elected-Appointed-Officials,https://www.town.dennis.ma.us/377/Election-Information,https://www.town.dennis.ma.us/381/Election-Results,schema-ready,Official elected-officials page lists three Constables; regular term length unresolved.
Dennis,dennis-ma/housing-authority-member,Housing Authority Member,Housing Authority Member,True,,at-large,,,,https://www.town.dennis.ma.us/376/Elected-Appointed-Officials,https://www.town.dennis.ma.us/377/Election-Information,https://www.town.dennis.ma.us/381/Election-Results,elected-status-verified-seat-count-unresolved,"Official page lists five current Housing Authority members, but does not distinguish locally elected seats from state/tenant-appointed seats; elected seat count is deliberately unresolved."
Dennis,dennis-ma/moderator,Moderator,Moderator,True,1,at-large,,False,,https://www.town.dennis.ma.us/376/Elected-Appointed-Officials,https://www.town.dennis.ma.us/377/Election-Information,https://www.town.dennis.ma.us/381/Election-Results,schema-ready,
Dennis,dennis-ma/old-king-s-highway-regional-historic-district-member,Old King's Highway Regional Historic District Member,Old King's Highway Regional Historic District Member,True,,district,,,,https://www.town.dennis.ma.us/376/Elected-Appointed-Officials,https://www.town.dennis.ma.us/377/Election-Information,https://www.town.dennis.ma.us/381/Election-Results,elected-status-verified-seat-count-unresolved,Official elected-officials page lists five current Old King's Highway Regional Historic District members; local elected-seat allocation/terms require district-law normalization.
Dennis,dennis-ma/regional-school-committee-member,Regional School Committee Member,Dennis-Yarmouth Regional School Committee Member,True,,district,,,,https://www.town.dennis.ma.us/376/Elected-Appointed-Officials,https://www.town.dennis.ma.us/377/Election-Information,https://www.town.dennis.ma.us/381/Election-Results,elected-status-verified-seat-count-unresolved,"Official elected-officials page lists the regional committee, but Dennis's seat allocation and term structure require district-agreement normalization."
Dennis,dennis-ma/select-board-member,Select Board Member,Select Board Member,True,5,at-large,,True,,https://www.town.dennis.ma.us/376/Elected-Appointed-Officials,https://www.town.dennis.ma.us/377/Election-Information,https://www.town.dennis.ma.us/381/Election-Results,schema-ready,Official Elected/Appointed Officials page lists five Select Board members; regular term length still needs charter/bylaw normalization.
Dennis,dennis-ma/town-clerk,Town Clerk,Town Clerk,True,1,at-large,,False,,https://www.town.dennis.ma.us/376/Elected-Appointed-Officials,https://www.town.dennis.ma.us/377/Election-Information,https://www.town.dennis.ma.us/381/Election-Results,schema-ready,Town Clerk is explicitly described as elected on the Board of Registrars page.
Dennis,dennis-ma/water-district-commissioner,Water District Commissioner,Water District Commissioner,True,3,district,,True,,https://www.town.dennis.ma.us/376/Elected-Appointed-Officials,https://www.town.dennis.ma.us/377/Election-Information,https://www.town.dennis.ma.us/381/Election-Results,schema-ready,Official elected-officials page lists three Water District commissioners; district election schedule/regular term requires district-source normalization.
Dennis,dennis-ma/water-district-moderator,Water District Moderator,Water District Moderator,True,1,district,,False,,https://www.town.dennis.ma.us/376/Elected-Appointed-Officials,https://www.town.dennis.ma.us/377/Election-Information,https://www.town.dennis.ma.us/381/Election-Results,schema-ready,
Dighton,dighton-ma/assessor,Assessor,Assessor,True,3,at-large,3,True,,https://www.dighton-ma.gov/216/Assessing,https://www.dighton-ma.gov/665/2026-Elections-Center,https://www.dighton-ma.gov/DocumentCenter/View/4077/Annual-Town-Election-Results---2026,schema-ready,2026 available-positions notice establishes elected 3-year term; current official board page lists three assessors with successive expiration years.
Dighton,dighton-ma/housing-authority-member,Housing Authority Member,Housing Authority Member,True,,at-large,5,,,https://www.dighton-ma.gov/DocumentCenter/View/3919/Annual-Town-Election-Available-Positions-2026,https://www.dighton-ma.gov/665/2026-Elections-Center,https://www.dighton-ma.gov/DocumentCenter/View/4077/Annual-Town-Election-Results---2026,elected-status-verified-seat-count-unresolved,"2026 election materials establish a locally elected Housing Authority seat with a 5-year term. Current authority page lists six people and does not cleanly distinguish elected/state/tenant seats, so elected seat count remains unresolved."
Dighton,dighton-ma/library-trustee,Library Trustee,Library Trustee,True,3,at-large,3,True,,https://www.dighton-ma.gov/359/Library-Trustees,https://www.dighton-ma.gov/665/2026-Elections-Center,https://www.dighton-ma.gov/DocumentCenter/View/4077/Annual-Town-Election-Results---2026,schema-ready,Current official page lists three trustees; 2026 election materials establish the regular elected term as 3 years.
Dighton,dighton-ma/parks-and-recreation-commissioner,Parks and Recreation Commissioner,Parks and Recreation Commissioner,True,,at-large,3,,,https://www.dighton-ma.gov/DocumentCenter/View/3919/Annual-Town-Election-Available-Positions-2026,https://www.dighton-ma.gov/665/2026-Elections-Center,https://www.dighton-ma.gov/DocumentCenter/View/4077/Annual-Town-Election-Results---2026,elected-status-verified-seat-count-unresolved,2026 available-positions notice and certified results establish an elected 3-year Parks and Recreation seat; total commission size remains unresolved.
Dighton,dighton-ma/planning-board-member,Planning Board Member,Planning Board Member,True,5,at-large,5,True,,https://dighton-ma.gov/283/Planning-Board,https://www.dighton-ma.gov/665/2026-Elections-Center,https://www.dighton-ma.gov/DocumentCenter/View/4077/Annual-Town-Election-Results---2026,schema-ready,Current Planning Board has five members with sequential expiration years. 2026 ballot contains the regular 5-year seat plus a separate 2-year unexpired seat.
Dighton,dighton-ma/regional-school-committee-member,Regional School Committee Member,Dighton-Rehoboth Regional School Committee Member,True,,district,3,,,https://www.dighton-ma.gov/DocumentCenter/View/3919/Annual-Town-Election-Available-Positions-2026,https://www.dighton-ma.gov/665/2026-Elections-Center,https://www.dighton-ma.gov/DocumentCenter/View/4077/Annual-Town-Election-Results---2026,elected-status-verified-seat-count-unresolved,"2026 ballot had two Dighton-Rehoboth regional school committee positions, each 3-year terms. Total Dighton allocation remains unresolved."
Dighton,dighton-ma/select-board-member,Select Board Member,Board of Selectmen,True,3,at-large,3,True,,https://www.dighton-ma.gov/370/Board-of-Selectmen,https://www.dighton-ma.gov/665/2026-Elections-Center,https://www.dighton-ma.gov/DocumentCenter/View/4077/Annual-Town-Election-Results---2026,schema-ready,Official board page states three members elected for three-year terms; expiration years are staggered.
Dighton,dighton-ma/sewer-commissioner,Sewer Commissioner,Sewer Commissioner,True,3,at-large,3,True,,https://dighton-ma.gov/290/Sewer-Commission,https://www.dighton-ma.gov/665/2026-Elections-Center,https://www.dighton-ma.gov/DocumentCenter/View/4077/Annual-Town-Election-Results---2026,schema-ready,Current official page lists three commissioners with successive expiration years; 2026 election materials establish a regular 3-year elected seat.
Douglas,douglas-ma/select-board-member,Select Board Member,Board of Selectmen,True,5,at-large,,True,,https://www.douglas-ma.gov/233/Board-of-Selectmen,https://www.douglas-ma.gov/410/Elections,https://douglas-ma.gov/Archive.aspx,schema-ready,Official Board of Selectmen page lists five current members and identifies the board as the Town's executive board. Regular term length remains unresolved pending election/charter extraction.
Easton,easton-ma/assessor,Assessor,Assessor,True,,at-large,,,,https://ecode360.com/32308759,,,elected-status-verified-seat-count-unresolved,Notable local exception: Finance Committee is identified as elected.
Easton,easton-ma/board-of-health-member,Board of Health Member,Board of Health Member,True,,at-large,,,,https://ecode360.com/32308759,,,elected-status-verified-seat-count-unresolved,Notable local exception: Finance Committee is identified as elected.
Easton,easton-ma/finance-committee-member,Finance Committee Member,Finance Committee Member,True,,at-large,,,,https://ecode360.com/32308759,,,elected-status-verified-seat-count-unresolved,Notable local exception: Finance Committee is identified as elected.
Easton,easton-ma/housing-authority-member,Housing Authority Member,Housing Authority Member,True,,at-large,,,,https://ecode360.com/32308759,,,elected-status-verified-seat-count-unresolved,Notable local exception: Finance Committee is identified as elected.
Easton,easton-ma/moderator,Moderator,Moderator,True,1,at-large,,False,,https://ecode360.com/32308759,,,schema-ready,Notable local exception: Finance Committee is identified as elected.
Easton,easton-ma/school-committee-member,School Committee Member,School Committee Member,True,,at-large,,,,https://ecode360.com/32308759,,,elected-status-verified-seat-count-unresolved,Notable local exception: Finance Committee is identified as elected.
Easton,easton-ma/select-board-member,Select Board Member,Select Board Member,True,,at-large,,,,https://ecode360.com/32308759,,,elected-status-verified-seat-count-unresolved,Notable local exception: Finance Committee is identified as elected.
Falmouth,falmouth-ma/housing-authority-member,Housing Authority Member,Housing Authority Member,True,,at-large,,,,https://ecode360.com/16230397,,,elected-status-verified-seat-count-unresolved,Charter distinguishes individual elected officers from elected boards.
Falmouth,falmouth-ma/library-trustee,Library Trustee,Library Trustee,True,,at-large,,,,https://ecode360.com/16230397,,,elected-status-verified-seat-count-unresolved,Charter distinguishes individual elected officers from elected boards.
Falmouth,falmouth-ma/moderator,Moderator,Moderator,True,1,at-large,,False,,https://ecode360.com/16230397,,,schema-ready,Charter distinguishes individual elected officers from elected boards.
Falmouth,falmouth-ma/planning-board-member,Planning Board Member,Planning Board Member,True,,at-large,,,,https://ecode360.com/16230397,,,elected-status-verified-seat-count-unresolved,Charter distinguishes individual elected officers from elected boards.
Falmouth,falmouth-ma/school-committee-member,School Committee Member,School Committee Member,True,,at-large,,,,https://ecode360.com/16230397,,,elected-status-verified-seat-count-unresolved,Charter distinguishes individual elected officers from elected boards.
Falmouth,falmouth-ma/select-board-member,Select Board Member,Select Board Member,True,,at-large,,,,https://ecode360.com/16230397,,,elected-status-verified-seat-count-unresolved,Charter distinguishes individual elected officers from elected boards.
Falmouth,falmouth-ma/town-clerk,Town Clerk,Town Clerk,True,1,at-large,,False,,https://ecode360.com/16230397,,,schema-ready,Charter distinguishes individual elected officers from elected boards.
Plainville,plainville-ma/assessor,Assessor,Assessor,True,,at-large,,,,https://ecode360.com/37942496,,,elected-status-verified-seat-count-unresolved,Charter identifies listed offices/bodies as elective.
Plainville,plainville-ma/board-of-health-member,Board of Health Member,Board of Health Member,True,,at-large,,,,https://ecode360.com/37942496,,,elected-status-verified-seat-count-unresolved,Charter identifies listed offices/bodies as elective.
Plainville,plainville-ma/housing-authority-member,Housing Authority Member,Housing Authority Member,True,,at-large,,,,https://ecode360.com/37942496,,,elected-status-verified-seat-count-unresolved,Charter identifies listed offices/bodies as elective.
Plainville,plainville-ma/library-trustee,Library Trustee,Library Trustee,True,,at-large,,,,https://ecode360.com/37942496,,,elected-status-verified-seat-count-unresolved,Charter identifies listed offices/bodies as elective.
Plainville,plainville-ma/moderator,Moderator,Moderator,True,1,at-large,,False,,https://ecode360.com/37942496,,,schema-ready,Charter identifies listed offices/bodies as elective.
Plainville,plainville-ma/park-commissioner,Park Commissioner,Park Commissioner,True,,at-large,,,,https://ecode360.com/37942496,,,elected-status-verified-seat-count-unresolved,Charter identifies listed offices/bodies as elective.
Plainville,plainville-ma/planning-board-member,Planning Board Member,Planning Board Member,True,,at-large,,,,https://ecode360.com/37942496,,,elected-status-verified-seat-count-unresolved,Charter identifies listed offices/bodies as elective.
Plainville,plainville-ma/redevelopment-authority-member,Redevelopment Authority Member,Redevelopment Authority Member,True,,at-large,,,,https://ecode360.com/37942496,,,elected-status-verified-seat-count-unresolved,Charter identifies listed offices/bodies as elective.
Plainville,plainville-ma/school-committee-member,School Committee Member,School Committee Member,True,,at-large,,,,https://ecode360.com/37942496,,,elected-status-verified-seat-count-unresolved,Charter identifies listed offices/bodies as elective.
Plainville,plainville-ma/select-board-member,Select Board Member,Select Board Member,True,,at-large,,,,https://ecode360.com/37942496,,,elected-status-verified-seat-count-unresolved,Charter identifies listed offices/bodies as elective.
South Hadley,south-hadley-ma/assessor,Assessor,Assessor,True,3,at-large,,,,https://ecode360.com/30052008,https://ecode360.com/30052008,,schema-ready,"Town Meeting: 120 members, 24 elected from each of 5 precincts. Annual election second Tuesday in April."
South Hadley,south-hadley-ma/board-of-health-member,Board of Health Member,Board of Health Member,True,5,at-large,,,,https://ecode360.com/30052008,https://ecode360.com/30052008,,schema-ready,"Town Meeting: 120 members, 24 elected from each of 5 precincts. Annual election second Tuesday in April."
South Hadley,south-hadley-ma/housing-authority-member,Housing Authority Member,Housing Authority Member,True,4,at-large,,,,https://ecode360.com/30052008,https://ecode360.com/30052008,,schema-ready,"Town Meeting: 120 members, 24 elected from each of 5 precincts. Annual election second Tuesday in April."
South Hadley,south-hadley-ma/library-trustee,Library Trustee,Library Trustee,True,9,at-large,,,,https://ecode360.com/30052008,https://ecode360.com/30052008,,schema-ready,"Town Meeting: 120 members, 24 elected from each of 5 precincts. Annual election second Tuesday in April."
South Hadley,south-hadley-ma/moderator,Moderator,Moderator,True,1,at-large,3,False,,https://ecode360.com/30052008,https://ecode360.com/30052008,,schema-ready,"Town Meeting: 120 members, 24 elected from each of 5 precincts. Annual election second Tuesday in April."
South Hadley,south-hadley-ma/municipal-light-board-member,Municipal Light Board Member,Municipal Light Board Member,True,5,at-large,,,,https://ecode360.com/30052008,https://ecode360.com/30052008,,schema-ready,"Town Meeting: 120 members, 24 elected from each of 5 precincts. Annual election second Tuesday in April."
South Hadley,south-hadley-ma/planning-board-member,Planning Board Member,Planning Board Member,True,5,at-large,,,,https://ecode360.com/30052008,https://ecode360.com/30052008,,schema-ready,"Town Meeting: 120 members, 24 elected from each of 5 precincts. Annual election second Tuesday in April."
South Hadley,south-hadley-ma/school-committee-member,School Committee Member,School Committee Member,True,5,at-large,,,,https://ecode360.com/30052008,https://ecode360.com/30052008,,schema-ready,"Town Meeting: 120 members, 24 elected from each of 5 precincts. Annual election second Tuesday in April."
South Hadley,south-hadley-ma/select-board-member,Select Board Member,Select Board Member,True,5,at-large,3,True,,https://ecode360.com/30052008,https://ecode360.com/30052008,,schema-ready,"Town Meeting: 120 members, 24 elected from each of 5 precincts. Annual election second Tuesday in April."
South Hadley,south-hadley-ma/town-meeting-member,Town Meeting Member,Town Meeting Member,True,120,district,,,,https://ecode360.com/30052008,https://ecode360.com/30052008,,schema-ready,"Town Meeting: 120 members, 24 elected from each of 5 precincts. Annual election second Tuesday in April."
Southbridge,southbridge-ma/assessor,Assessor,Assessor,True,2,at-large,3,True,,https://ecode360.com/42276724,https://ecode360.com/42276730,,schema-ready,"Charter text reviewed says regular election last Tuesday in June and general 3-year terms; MMA reported June 9 for 2026, so timing has a source conflict requiring amendment/bylaw reconciliation."
Southbridge,southbridge-ma/housing-authority-member,Housing Authority Member,Housing Authority Member,True,4,at-large,3,True,,https://ecode360.com/42276724,https://ecode360.com/42276730,,schema-ready,"Charter text reviewed says regular election last Tuesday in June and general 3-year terms; MMA reported June 9 for 2026, so timing has a source conflict requiring amendment/bylaw reconciliation."
Southbridge,southbridge-ma/redevelopment-authority-member,Redevelopment Authority Member,Redevelopment Authority Member,True,4,at-large,3,True,,https://ecode360.com/42276724,https://ecode360.com/42276730,,schema-ready,"Charter text reviewed says regular election last Tuesday in June and general 3-year terms; MMA reported June 9 for 2026, so timing has a source conflict requiring amendment/bylaw reconciliation."
Southbridge,southbridge-ma/regional-vocational-school-representative,Regional Vocational School Representative,Regional Vocational School Representative,True,,district,3,,,https://ecode360.com/42276724,https://ecode360.com/42276730,,elected-status-verified-seat-count-unresolved,"Charter text reviewed says regular election last Tuesday in June and general 3-year terms; MMA reported June 9 for 2026, so timing has a source conflict requiring amendment/bylaw reconciliation."
Southbridge,southbridge-ma/school-committee-member,School Committee Member,School Committee Member,True,7,at-large,3,True,,https://ecode360.com/42276724,https://ecode360.com/42276730,,schema-ready,"Charter text reviewed says regular election last Tuesday in June and general 3-year terms; MMA reported June 9 for 2026, so timing has a source conflict requiring amendment/bylaw reconciliation."
Southbridge,southbridge-ma/town-clerk,Town Clerk,Town Clerk,True,1,at-large,3,False,,https://ecode360.com/42276724,https://ecode360.com/42276730,,schema-ready,"Charter text reviewed says regular election last Tuesday in June and general 3-year terms; MMA reported June 9 for 2026, so timing has a source conflict requiring amendment/bylaw reconciliation."
Southbridge,southbridge-ma/town-council-member,Town Council Member,Town Council Member,True,9,at-large,3,True,,https://ecode360.com/42276724,https://ecode360.com/42276730,,schema-ready,"Charter text reviewed says regular election last Tuesday in June and general 3-year terms; MMA reported June 9 for 2026, so timing has a source conflict requiring amendment/bylaw reconciliation."
Wakefield,wakefield-ma/assessor,Assessor,Assessor,True,,at-large,,,,https://ecode360.com/13594234,https://ecode360.com/13594234,,elected-status-verified-seat-count-unresolved,Charter text reviewed establishes regular election fourth Tuesday in April unless changed by bylaw.
Wakefield,wakefield-ma/board-of-health-member,Board of Health Member,Board of Health Member,True,,at-large,,,,https://ecode360.com/13594234,https://ecode360.com/13594234,,elected-status-verified-seat-count-unresolved,Charter text reviewed establishes regular election fourth Tuesday in April unless changed by bylaw.
Wakefield,wakefield-ma/constable,Constable,Constable,True,3,at-large,,True,,https://ecode360.com/13594234,https://ecode360.com/13594234,,schema-ready,Charter text reviewed establishes regular election fourth Tuesday in April unless changed by bylaw.
Wakefield,wakefield-ma/housing-authority-member,Housing Authority Member,Housing Authority Member,True,,at-large,,,,https://ecode360.com/13594234,https://ecode360.com/13594234,,elected-status-verified-seat-count-unresolved,Charter text reviewed establishes regular election fourth Tuesday in April unless changed by bylaw.
Wakefield,wakefield-ma/library-trustee,Library Trustee,Library Trustee,True,,at-large,,,,https://ecode360.com/13594234,https://ecode360.com/13594234,,elected-status-verified-seat-count-unresolved,Charter text reviewed establishes regular election fourth Tuesday in April unless changed by bylaw.
Wakefield,wakefield-ma/moderator,Moderator,Moderator,True,1,at-large,,False,,https://ecode360.com/13594234,https://ecode360.com/13594234,,schema-ready,Charter text reviewed establishes regular election fourth Tuesday in April unless changed by bylaw.
Wakefield,wakefield-ma/municipal-gas-and-light-commissioner,Municipal Gas and Light Commissioner,Municipal Gas and Light Commissioner,True,,at-large,,,,https://ecode360.com/13594234,https://ecode360.com/13594234,,elected-status-verified-seat-count-unresolved,Charter text reviewed establishes regular election fourth Tuesday in April unless changed by bylaw.
Wakefield,wakefield-ma/planning-board-member,Planning Board Member,Planning Board Member,True,,at-large,,,,https://ecode360.com/13594234,https://ecode360.com/13594234,,elected-status-verified-seat-count-unresolved,Charter text reviewed establishes regular election fourth Tuesday in April unless changed by bylaw.
Wakefield,wakefield-ma/school-committee-member,School Committee Member,School Committee Member,True,,at-large,,,,https://ecode360.com/13594234,https://ecode360.com/13594234,,elected-status-verified-seat-count-unresolved,Charter text reviewed establishes regular election fourth Tuesday in April unless changed by bylaw.
Wakefield,wakefield-ma/tax-collector,Tax Collector,Tax Collector,True,1,at-large,,False,,https://ecode360.com/13594234,https://ecode360.com/13594234,,schema-ready,Charter text reviewed establishes regular election fourth Tuesday in April unless changed by bylaw.
Wakefield,wakefield-ma/town-clerk,Town Clerk,Town Clerk,True,1,at-large,,False,,https://ecode360.com/13594234,https://ecode360.com/13594234,,schema-ready,Charter text reviewed establishes regular election fourth Tuesday in April unless changed by bylaw.
Wakefield,wakefield-ma/town-council-member,Town Council Member,Town Council Member,True,,mixed,,,,https://ecode360.com/13594234,https://ecode360.com/13594234,,elected-status-verified-seat-count-unresolved,Charter text reviewed establishes regular election fourth Tuesday in April unless changed by bylaw.
Wakefield,wakefield-ma/treasurer,Treasurer,Treasurer,True,1,at-large,,False,,https://ecode360.com/13594234,https://ecode360.com/13594234,,schema-ready,Charter text reviewed establishes regular election fourth Tuesday in April unless changed by bylaw.
Winchester,winchester-ma/assessor,Assessor,Assessor,True,,at-large,,,,https://ecode360.com/42156736,,,elected-status-verified-seat-count-unresolved,Charter identifies listed offices/bodies as elective.
Winchester,winchester-ma/board-of-health-member,Board of Health Member,Board of Health Member,True,,at-large,,,,https://ecode360.com/42156736,,,elected-status-verified-seat-count-unresolved,Charter identifies listed offices/bodies as elective.
Winchester,winchester-ma/housing-authority-member,Housing Authority Member,Housing Authority Member,True,,at-large,,,,https://ecode360.com/42156736,,,elected-status-verified-seat-count-unresolved,Charter identifies listed offices/bodies as elective.
Winchester,winchester-ma/library-trustee,Library Trustee,Library Trustee,True,,at-large,,,,https://ecode360.com/42156736,,,elected-status-verified-seat-count-unresolved,Charter identifies listed offices/bodies as elective.
Winchester,winchester-ma/moderator,Moderator,Moderator,True,1,at-large,,False,,https://ecode360.com/42156736,,,schema-ready,Charter identifies listed offices/bodies as elective.
Winchester,winchester-ma/planning-board-member,Planning Board Member,Planning Board Member,True,,at-large,,,,https://ecode360.com/42156736,,,elected-status-verified-seat-count-unresolved,Charter identifies listed offices/bodies as elective.
Winchester,winchester-ma/school-committee-member,School Committee Member,School Committee Member,True,,at-large,,,,https://ecode360.com/42156736,,,elected-status-verified-seat-count-unresolved,Charter identifies listed offices/bodies as elective.
Winchester,winchester-ma/select-board-member,Select Board Member,Select Board Member,True,,at-large,,,,https://ecode360.com/42156736,,,elected-status-verified-seat-count-unresolved,Charter identifies listed offices/bodies as elective.
Dover,dover-ma/moderator,Moderator,Moderator,True,1,at-large,1,False,,https://www.doverma.gov/DocumentCenter/View/5710,https://www.doverma.gov/241/Caucus,https://www.doverma.gov/DocumentCenter/View/5816/5-18-26-Final-Town-Election-Results,schema-ready,
Dover,dover-ma/select-board-member,Select Board Member,Board of Selectmen Member,True,3,at-large,3,True,,https://www.doverma.gov/261/Board-of-Selectmen,https://www.doverma.gov/241/Caucus,https://www.doverma.gov/DocumentCenter/View/5816/5-18-26-Final-Town-Election-Results,schema-ready,
Dover,dover-ma/town-clerk,Town Clerk,Town Clerk,True,1,at-large,3,False,,https://www.doverma.gov/directory.aspx?EID=37,https://www.doverma.gov/241/Caucus,https://www.doverma.gov/DocumentCenter/View/5816/5-18-26-Final-Town-Election-Results,schema-ready,
Dover,dover-ma/assessor,Assessor,Board of Assessors Member,True,3,at-large,3,True,,https://www.doverma.gov/287/Board-of-Assessors,https://www.doverma.gov/241/Caucus,https://www.doverma.gov/DocumentCenter/View/5816/5-18-26-Final-Town-Election-Results,schema-ready,
Dover,dover-ma/school-committee-member,School Committee Member,Dover School Committee Member,True,5,at-large,3,True,,https://www.doverma.gov/334/School-Committees,https://www.doverma.gov/241/Caucus,https://www.doverma.gov/DocumentCenter/View/5816/5-18-26-Final-Town-Election-Results,schema-ready,
Dover,dover-ma/regional-school-committee-member,Regional School Committee Member,Dover-Sherborn Regional School Committee Member (Dover),True,3,at-large,,True,,https://www.doverma.gov/334/School-Committees,https://www.doverma.gov/241/Caucus,https://www.doverma.gov/DocumentCenter/View/5816/5-18-26-Final-Town-Election-Results,schema-ready,"Dover elects three regional committee seats. Current official 2026 sources conflict on the regular term of the opening: the Caucus page says 3 years, while the 2026 Blue Book/warrant says 2 years. term_years is intentionally unresolved."
Dover,dover-ma/library-trustee,Library Trustee,Board of Library Trustees Member,True,6,at-large,3,True,,https://www.doverma.gov/319/Board-of-Library-Trustees,https://www.doverma.gov/241/Caucus,https://www.doverma.gov/DocumentCenter/View/5816/5-18-26-Final-Town-Election-Results,schema-ready,
Dover,dover-ma/planning-board-member,Planning Board Member,Planning Board Member,True,5,at-large,5,True,,https://www.doverma.gov/257/Planning-Board,https://www.doverma.gov/241/Caucus,https://www.doverma.gov/DocumentCenter/View/5816/5-18-26-Final-Town-Election-Results,schema-ready,
Dover,dover-ma/planning-board-associate,Planning Board Associate Member,Planning Board Associate Member,True,1,at-large,2,False,,https://www.doverma.gov/257/Planning-Board,https://www.doverma.gov/241/Caucus,https://www.doverma.gov/DocumentCenter/View/5816/5-18-26-Final-Town-Election-Results,schema-ready,
Dover,dover-ma/board-of-health-member,Board of Health Member,Board of Health Member,True,3,at-large,3,True,,https://www.doverma.gov/171/Board-of-Health,https://www.doverma.gov/241/Caucus,https://www.doverma.gov/DocumentCenter/View/5816/5-18-26-Final-Town-Election-Results,schema-ready,
Dover,dover-ma/cemetery-commissioner,Cemetery Commissioner,Cemetery Commission Member,True,3,at-large,3,True,,https://www.doverma.gov/293/Cemetery-Commission,https://www.doverma.gov/241/Caucus,https://www.doverma.gov/DocumentCenter/View/5816/5-18-26-Final-Town-Election-Results,schema-ready,
Dover,dover-ma/constable,Constable,Constable,True,3,at-large,3,True,,https://www.doverma.gov/DocumentCenter/View/5710,https://www.doverma.gov/241/Caucus,https://www.doverma.gov/DocumentCenter/View/5816/5-18-26-Final-Town-Election-Results,schema-ready,Official Dover election materials establish three elected Constables with three-year staggered terms.
Dover,dover-ma/park-recreation-commissioner,Park Commissioner,Park & Recreation Commission Member,True,5,at-large,3,True,,https://www.doverma.gov/210/Park-Recreation-Commission,https://www.doverma.gov/241/Caucus,https://www.doverma.gov/DocumentCenter/View/5816/5-18-26-Final-Town-Election-Results,schema-ready,
Dover,dover-ma/larrabee-whiting-estate-trustee,Trustee,Trustee of the Larrabee & Whiting Estate,True,3,at-large,5,False,,https://www.doverma.gov/DocumentCenter/View/3486/2024-Town-Meeting-Warrant,https://www.doverma.gov/DocumentCenter/View/3486/2024-Town-Meeting-Warrant,https://www.doverma.gov/DocumentCenter/View/4496/3_Town-Gov_Dover24_Report,schema-ready,The 2024 official warrant establishes three trustees elected together for five-year terms.
Dracut,dracut-ma/select-board-member,Select Board Member,Board of Selectmen Member,True,5,at-large,3,True,,https://www.dracutma.gov/DocumentCenter/View/467/Dracut-Town-Charter-PDF,https://www.dracutma.gov/CivicAlerts.aspx?AID=509,https://www.dracutma.gov/DocumentCenter/View/5766/Annual-Town-Election-2026-Official-Election-Results,schema-ready,
Dracut,dracut-ma/school-committee-member,School Committee Member,School Committee Member,True,5,at-large,3,True,,https://www.dracutma.gov/DocumentCenter/View/467/Dracut-Town-Charter-PDF,https://www.dracutma.gov/CivicAlerts.aspx?AID=509,https://www.dracutma.gov/DocumentCenter/View/5766/Annual-Town-Election-2026-Official-Election-Results,schema-ready,
Dracut,dracut-ma/moderator,Moderator,Town Moderator,True,1,at-large,3,False,,https://www.dracutma.gov/DocumentCenter/View/467/Dracut-Town-Charter-PDF,https://www.dracutma.gov/CivicAlerts.aspx?AID=509,https://www.dracutma.gov/DocumentCenter/View/5766/Annual-Town-Election-2026-Official-Election-Results,schema-ready,
Dracut,dracut-ma/library-trustee,Library Trustee,Library Board of Trustees Member,True,5,at-large,3,True,,https://www.dracutma.gov/DocumentCenter/View/467/Dracut-Town-Charter-PDF,https://www.dracutma.gov/CivicAlerts.aspx?AID=509,https://www.dracutma.gov/DocumentCenter/View/5766/Annual-Town-Election-2026-Official-Election-Results,schema-ready,
Dracut,dracut-ma/housing-authority-member,Housing Authority Member,Housing Authority Member,True,4,at-large,5,True,,https://www.dracutma.gov/DocumentCenter/View/467/Dracut-Town-Charter-PDF,https://www.dracutma.gov/CivicAlerts.aspx?AID=509,https://www.dracutma.gov/DocumentCenter/View/5766/Annual-Town-Election-2026-Official-Election-Results,schema-ready,Charter establishes a five-member Housing Authority: four members are chosen by ballot and one is state-appointed. Only the four elected seats are modeled.
Dracut,dracut-ma/water-supply-district-commissioner,Water Commissioner,Dracut Water Supply District Commissioner,True,3,at-large,3,True,,https://www.dracutwater.com/,https://www.dracutwater.com/home/news/annual-meeting-and-election-0,,schema-ready,Separate Dracut Water Supply District office; the district is governed by open District Meeting and a three-member elected Board of Water Commissioners.
Dracut,dracut-ma/water-supply-district-moderator,Moderator,Dracut Water Supply District Moderator,True,1,at-large,3,False,,https://www.dracutwater.com/,https://www.dracutwater.com/home/news/annual-meeting-and-election-0,,schema-ready,Separate Dracut Water Supply District office; official district/town election materials establish an elected District Moderator with a three-year term.
Dudley,dudley-ma/select-board-member,Select Board Member,Board of Selectmen Member,True,5,at-large,3,True,,https://www.dudleyma.gov/198/Board-of-Selectmen,https://www.dudleyma.gov/DocumentCenter/View/1072/ATE-OFFICES-TO-BE-ELECTED-June-15-2026-PDF,https://www.dudleyma.gov/DocumentCenter/View/1185/OFFICIAL-ATE-06152026-Tally-Sheet,schema-ready,
Dudley,dudley-ma/moderator,Moderator,Moderator,True,1,at-large,3,False,,https://ecode360.com/DU3778,https://www.dudleyma.gov/DocumentCenter/View/1072/ATE-OFFICES-TO-BE-ELECTED-June-15-2026-PDF,https://www.dudleyma.gov/DocumentCenter/View/1185/OFFICIAL-ATE-06152026-Tally-Sheet,schema-ready,
Dudley,dudley-ma/assessor,Assessor,Board of Assessors Member,True,3,at-large,3,True,,https://www.dudleyma.gov/187/Boards-Commissions,https://www.dudleyma.gov/DocumentCenter/View/1072/ATE-OFFICES-TO-BE-ELECTED-June-15-2026-PDF,https://www.dudleyma.gov/DocumentCenter/View/1185/OFFICIAL-ATE-06152026-Tally-Sheet,schema-ready,
Dudley,dudley-ma/board-of-health-member,Board of Health Member,Board of Health Member,True,,at-large,3,,,https://ecode360.com/DU3778,https://www.dudleyma.gov/DocumentCenter/View/1072/ATE-OFFICES-TO-BE-ELECTED-June-15-2026-PDF,https://www.dudleyma.gov/DocumentCenter/View/1185/OFFICIAL-ATE-06152026-Tally-Sheet,elected-status-verified-seat-count-unresolved,Elected status and regular three-year term are verified from the 2026 official election materials; total elected seat count remains unresolved.
Dudley,dudley-ma/regional-school-committee-member,Regional School Committee Member,Dudley-Charlton Regional School Committee Member (Dudley),True,3,at-large,3,True,,https://www.dudleyma.gov/DocumentCenter/View/1146/Dudley-Financial-Statements-2025,https://www.dudleyma.gov/DocumentCenter/View/1072/ATE-OFFICES-TO-BE-ELECTED-June-15-2026-PDF,https://www.dudleyma.gov/DocumentCenter/View/1185/OFFICIAL-ATE-06152026-Tally-Sheet,schema-ready,Official Town financial statements state that Dudley elects three members for its representation.
Dudley,dudley-ma/regional-vocational-school-committee-member,Regional School Committee Member,Southern Worcester County Regional Vocational School District Member (Dudley),True,1,at-large,3,False,,https://www.dudleyma.gov/DocumentCenter/View/1146/Dudley-Financial-Statements-2025,https://www.dudleyma.gov/DocumentCenter/View/1072/ATE-OFFICES-TO-BE-ELECTED-June-15-2026-PDF,https://www.dudleyma.gov/DocumentCenter/View/1185/OFFICIAL-ATE-06152026-Tally-Sheet,schema-ready,The 2026 Dudley ballot establishes one Dudley-designated SWCRV School District seat with a three-year term.
Dudley,dudley-ma/water-sewer-commissioner,Commissioner,Water/Sewer Commissioner,True,,at-large,3,,,https://ecode360.com/DU3778,https://www.dudleyma.gov/DocumentCenter/View/1072/ATE-OFFICES-TO-BE-ELECTED-June-15-2026-PDF,https://www.dudleyma.gov/DocumentCenter/View/1185/OFFICIAL-ATE-06152026-Tally-Sheet,elected-status-verified-seat-count-unresolved,Elected status and regular three-year term are verified from the 2026 official election materials; total commission seat count remains unresolved.
Dudley,dudley-ma/planning-board-member,Planning Board Member,Planning Board Member,True,,at-large,3,,,https://ecode360.com/DU3778,https://www.dudleyma.gov/DocumentCenter/View/1072/ATE-OFFICES-TO-BE-ELECTED-June-15-2026-PDF,https://www.dudleyma.gov/DocumentCenter/View/1185/OFFICIAL-ATE-06152026-Tally-Sheet,elected-status-verified-seat-count-unresolved,The 2026 ballot has a regular three-year seat and a separate one-year unexpired contest. Stable regular term is three years; total elected board seat count remains unresolved.
Dudley,dudley-ma/library-trustee,Library Trustee,Library Trustee,True,6,at-large,3,True,,https://ecode360.com/DU3778,https://www.dudleyma.gov/DocumentCenter/View/1072/ATE-OFFICES-TO-BE-ELECTED-June-15-2026-PDF,https://www.dudleyma.gov/DocumentCenter/View/1185/OFFICIAL-ATE-06152026-Tally-Sheet,schema-ready,Official 2026 municipal trustee materials identify a six-member board; two regular three-year seats were on the 2026 ballot.
Dudley,dudley-ma/town-clerk,Town Clerk,Town Clerk,True,1,at-large,3,False,,https://www.dudleyma.gov/233/Town-Clerk,https://www.dudleyma.gov/DocumentCenter/View/1072/ATE-OFFICES-TO-BE-ELECTED-June-15-2026-PDF,https://www.dudleyma.gov/DocumentCenter/View/1185/OFFICIAL-ATE-06152026-Tally-Sheet,schema-ready,
Dudley,dudley-ma/treasurer-collector,Treasurer-Collector,Treasurer/Collector,True,1,at-large,,False,,https://www.dudleyma.gov/DocumentCenter/View/849/KP_Personell_and_TA_Bylaws-PDF,,,schema-ready,Current municipal legal/personnel materials expressly acknowledge the Treasurer/Collector is elected; the regular term was not independently resolved in this batch.
Dudley,dudley-ma/housing-authority-member,Housing Authority Member,Dudley Housing Authority Member,True,,at-large,,,,https://www.dudleyma.gov/DocumentCenter/View/1146/Dudley-Financial-Statements-2025,,,elected-status-verified-seat-count-unresolved,Current official Town financial statements establish that the Town elects Housing Authority governing board/member(s). The number of locally elected seats versus appointed seats remains unresolved.
Dunstable,dunstable-ma/select-board-member,Select Board Member,Select Board Member,True,3,at-large,3,True,,https://www.dunstable-ma.gov/select-board,https://www.dunstable-ma.gov/sites/g/files/vyhlif4361/f/pages/pressrelease_2026.05.19_ate.docx.pdf,https://www.dunstable-ma.gov/town-clerk/files/special-town-election-july-21-2026-official-results,schema-ready,"The May 2026 race ultimately produced a vacancy after recount; a July 21, 2026 special election filled the seat."
Dunstable,dunstable-ma/advisory-board-member,Advisory Board Member,Advisory Board Member,True,6,at-large,3,True,,https://www.dunstable-ma.gov/town-clerk/minutes/annual-town-meeting-may-15-2021,https://www.dunstable-ma.gov/sites/g/files/vyhlif4361/f/pages/pressrelease_2026.05.19_ate.docx.pdf,https://www.dunstable-ma.gov/town-clerk/files/annual-town-election-official-results-may-19-2026,schema-ready,Six-member elected Advisory Board; two regular three-year openings are normally filled each cycle.
Dunstable,dunstable-ma/assessor,Assessor,Board of Assessors Member,True,3,at-large,3,True,,https://www.dunstable-ma.gov/sites/g/files/vyhlif4361/f/uploads/2018_annual_town_report_complete_doc.pdf,https://www.dunstable-ma.gov/sites/g/files/vyhlif4361/f/pages/pressrelease_2026.05.19_ate.docx.pdf,https://www.dunstable-ma.gov/town-clerk/files/annual-town-election-official-results-may-19-2026,schema-ready,
Dunstable,dunstable-ma/board-of-health-member,Board of Health Member,Board of Health Member,True,3,at-large,3,True,,https://www.dunstable-ma.gov/board-health,https://www.dunstable-ma.gov/sites/g/files/vyhlif4361/f/pages/pressrelease_2026.05.19_ate.docx.pdf,https://www.dunstable-ma.gov/town-clerk/files/annual-town-election-official-results-may-19-2026,schema-ready,
Dunstable,dunstable-ma/cemetery-commissioner,Cemetery Commissioner,Cemetery Commissioner,True,3,at-large,3,True,,https://www.dunstable-ma.gov/board-selectmen/files/2010-town-report,https://www.dunstable-ma.gov/sites/g/files/vyhlif4361/f/pages/pressrelease_2026.05.19_ate.docx.pdf,https://www.dunstable-ma.gov/town-clerk/files/annual-town-election-official-results-may-19-2026,schema-ready,Current 2026 ballot continues the historically three-member staggered commission.
Dunstable,dunstable-ma/commissioner-of-trust-funds,Commissioner of Trust Funds,Commissioner of Trust Funds,True,3,at-large,3,True,,https://www.dunstable-ma.gov/board-selectmen/files/2010-town-report,https://www.dunstable-ma.gov/sites/g/files/vyhlif4361/f/pages/pressrelease_2026.05.19_ate.docx.pdf,https://www.dunstable-ma.gov/town-clerk/files/annual-town-election-official-results-may-19-2026,schema-ready,Current 2026 ballot continues the historically three-member staggered elected body.
Dunstable,dunstable-ma/constable,Constable,Constable,True,2,at-large,1,False,,https://www.dunstable-ma.gov/sites/g/files/vyhlif4361/f/pages/pressrelease_2026.05.19_ate.docx.pdf,https://www.dunstable-ma.gov/sites/g/files/vyhlif4361/f/pages/pressrelease_2026.05.19_ate.docx.pdf,https://www.dunstable-ma.gov/town-clerk/files/annual-town-election-official-results-may-19-2026,schema-ready,Current 2026 election notice specifies two one-year Constable seats.
Dunstable,dunstable-ma/library-trustee,Library Trustee,Trustee of the Public Library,True,3,at-large,3,True,,https://www.dunstable-ma.gov/board-selectmen/files/2010-town-report,https://www.dunstable-ma.gov/sites/g/files/vyhlif4361/f/pages/pressrelease_2026.05.19_ate.docx.pdf,https://www.dunstable-ma.gov/town-clerk/files/annual-town-election-official-results-may-19-2026,schema-ready,
Dunstable,dunstable-ma/planning-board-member,Planning Board Member,Planning Board Member,True,5,at-large,5,True,,https://www.dunstable-ma.gov/planning-board,https://www.dunstable-ma.gov/sites/g/files/vyhlif4361/f/pages/pressrelease_2026.05.19_ate.docx.pdf,https://www.dunstable-ma.gov/town-clerk/files/annual-town-election-official-results-may-19-2026,schema-ready,
Dunstable,dunstable-ma/road-commissioner,Commissioner,Road Commissioner,True,3,at-large,3,True,,https://www.dunstable-ma.gov/board-selectmen/files/2010-town-report,https://www.dunstable-ma.gov/sites/g/files/vyhlif4361/f/pages/pressrelease_2026.05.19_ate.docx.pdf,https://www.dunstable-ma.gov/town-clerk/files/annual-town-election-official-results-may-19-2026,schema-ready,
Dunstable,dunstable-ma/water-commissioner,Water Commissioner,Water Commissioner,True,3,at-large,3,True,,https://www.dunstable-ma.gov/water-department,https://www.dunstable-ma.gov/sites/g/files/vyhlif4361/f/pages/pressrelease_2026.05.19_ate.docx.pdf,https://www.dunstable-ma.gov/town-clerk/files/annual-town-election-official-results-may-19-2026,schema-ready,
Dunstable,dunstable-ma/regional-school-committee-member,Regional School Committee Member,Groton-Dunstable Regional School Committee Member (Dunstable),True,2,at-large,3,True,,https://www.dunstable-ma.gov/home/news/school-committee-vacancy-and-appointment,https://www.dunstable-ma.gov/sites/g/files/vyhlif4361/f/pages/pressrelease_2026.05.19_ate.docx.pdf,https://www.dunstable-ma.gov/town-clerk/files/annual-town-election-official-results-may-19-2026,schema-ready,Dunstable has two GDRSD seats. The 2026 ballot accidentally omitted one opening; the vacancy was subsequently filled by joint appointment.
Dunstable,dunstable-ma/regional-vocational-school-committee-member,Regional School Committee Member,Greater Lowell Regional Vocational Technical School Committee Member (Dunstable),True,1,at-large,3,False,,https://www.dunstable-ma.gov/board-selectmen/files/2010-town-report,https://www.dunstable-ma.gov/sites/g/files/vyhlif4361/f/pages/pressrelease_2026.05.19_ate.docx.pdf,https://www.dunstable-ma.gov/town-clerk/files/annual-town-election-official-results-may-19-2026,schema-ready,
Dunstable,dunstable-ma/moderator,Moderator,Town Moderator,True,1,at-large,3,False,,https://www.dunstable-ma.gov/town-meeting-information,https://www.dunstable-ma.gov/annualtownelectionmay2024,https://www.dunstable-ma.gov/annualtownelectionmay2024,schema-ready,The current moderator cycle is three years; Rafael Glod was elected in 2024.
Duxbury,duxbury-ma/select-board-member,Select Board Member,Selectboard Member,True,5,at-large,3,True,,https://www.town.duxbury.ma.us/duxbury-selectboard,https://www.town.duxbury.ma.us/home/news/2026-annual-town-election-notice-available-seats,https://www.town.duxbury.ma.us/town-clerk/pages/elections-voting,schema-ready,
Duxbury,duxbury-ma/assessor,Assessor,Board of Assessors Member,True,3,at-large,3,True,,https://www.town.duxbury.ma.us/board-assessors,https://www.town.duxbury.ma.us/home/news/2026-annual-town-election-notice-available-seats,https://www.town.duxbury.ma.us/town-clerk/pages/elections-voting,schema-ready,
Duxbury,duxbury-ma/school-committee-member,School Committee Member,School Committee Member,True,5,at-large,3,True,,https://www.town.duxbury.ma.us/school-committee,https://www.town.duxbury.ma.us/home/news/2026-annual-town-election-notice-available-seats,https://www.town.duxbury.ma.us/town-clerk/pages/elections-voting,schema-ready,
Duxbury,duxbury-ma/planning-board-member,Planning Board Member,Planning Board Member,True,7,at-large,5,True,,https://www.town.duxbury.ma.us/planning-board,https://www.town.duxbury.ma.us/home/news/2026-annual-town-election-notice-available-seats,https://www.town.duxbury.ma.us/town-clerk/pages/elections-voting,schema-ready,General bylaws establish seven elected members serving staggered five-year terms.
Duxbury,duxbury-ma/library-trustee,Library Trustee,Board of Library Trustees Member,True,6,at-large,3,True,,https://www.town.duxbury.ma.us/sites/g/files/vyhlif10506/f/uploads/general_by-laws_revised_08-13-2024_through_atm_2024.pdf,https://www.town.duxbury.ma.us/home/news/2026-annual-town-election-notice-available-seats,https://www.town.duxbury.ma.us/town-clerk/pages/elections-voting,schema-ready,
Duxbury,duxbury-ma/housing-authority-member,Housing Authority Member,Duxbury Housing Authority Member,True,3,at-large,5,True,,https://www.town.duxbury.ma.us/duxbury-housing-authority,https://www.town.duxbury.ma.us/home/news/2026-annual-town-election-notice-available-seats,https://www.town.duxbury.ma.us/town-clerk/pages/elections-voting,schema-ready,"Five-member authority: three elected, one tenant member appointed by Selectboard, and one additional appointed member; only the three elected seats are modeled."
Duxbury,duxbury-ma/moderator,Moderator,Town Moderator,True,1,at-large,3,False,,https://www.town.duxbury.ma.us/sites/g/files/vyhlif10506/f/uploads/general_by-laws_revised_08-13-2024_through_atm_2024.pdf,https://www.town.duxbury.ma.us/town-moderator,https://www.town.duxbury.ma.us/town-clerk/pages/elections-voting,schema-ready,Town changed the elected Moderator from a one-year to a three-year term beginning with the 2019 election.
East Bridgewater,east-bridgewater-ma/assessor,Assessor,Board of Assessors Member,True,3,at-large,3,True,,https://www.eastbridgewaterma.gov/1708/Assessors-Department,https://www.eastbridgewaterma.gov/2225/Candidates,https://www.eastbridgewaterma.gov/AgendaCenter/ViewFile/Agenda/_05162026-774,schema-ready,
East Bridgewater,east-bridgewater-ma/board-of-health-member,Board of Health Member,Board of Health Member,True,,at-large,3,,,https://www.eastbridgewaterma.gov/DocumentCenter/View/680/table_of_organization_-_department_informationpdf-PDF,https://www.eastbridgewaterma.gov/2225/Candidates,https://www.eastbridgewaterma.gov/AgendaCenter/ViewFile/Agenda/_05162026-774,elected-status-verified-seat-count-unresolved,Official organization chart verifies elected status and three-year terms; total elected seat count was not independently normalized in this batch.
East Bridgewater,east-bridgewater-ma/housing-authority-member,Housing Authority Member,Housing Authority Member,True,3,at-large,5,True,,https://www.eastbridgewaterma.gov/DocumentCenter/View/680/table_of_organization_-_department_informationpdf-PDF,https://www.eastbridgewaterma.gov/2225/Candidates,https://www.eastbridgewaterma.gov/AgendaCenter/ViewFile/Agenda/_05162026-774,schema-ready,"Authority has three locally elected members, one tenant representative appointed by the Select Board, and one Commonwealth-appointed member."
East Bridgewater,east-bridgewater-ma/library-trustee,Library Trustee,Board of Library Trustees Member,True,6,at-large,3,True,,https://www.eastbridgewaterma.gov/DocumentCenter/View/680/table_of_organization_-_department_informationpdf-PDF,https://www.eastbridgewaterma.gov/2225/Candidates,https://www.eastbridgewaterma.gov/AgendaCenter/ViewFile/Agenda/_05162026-774,schema-ready,Six trustees are evidenced by current-cycle official trustee minutes; elected status and three-year terms are explicit in the organization chart.
East Bridgewater,east-bridgewater-ma/planning-board-member,Planning Board Member,Planning Board Member,True,7,at-large,3,True,,https://www.eastbridgewaterma.gov/1939/Planning-Board,https://www.eastbridgewaterma.gov/2225/Candidates,https://www.eastbridgewaterma.gov/AgendaCenter/ViewFile/Agenda/_05162026-774,schema-ready,Seven elected members serve staggered three-year terms. Planning Board associate members are appointed and excluded.
East Bridgewater,east-bridgewater-ma/school-committee-member,School Committee Member,School Committee Member,True,,at-large,3,,,https://www.eastbridgewaterma.gov/DocumentCenter/View/680/table_of_organization_-_department_informationpdf-PDF,https://www.eastbridgewaterma.gov/2225/Candidates,https://www.eastbridgewaterma.gov/AgendaCenter/ViewFile/Agenda/_05162026-774,elected-status-verified-seat-count-unresolved,Official organization chart verifies elected status and three-year regular terms; total elected committee size remains unresolved here.
East Bridgewater,east-bridgewater-ma/select-board-member,Select Board Member,Select Board Member,True,3,at-large,3,True,,https://www.eastbridgewaterma.gov/1933/Select-Board,https://www.eastbridgewaterma.gov/2225/Candidates,https://www.eastbridgewaterma.gov/AgendaCenter/ViewFile/Agenda/_05162026-774,schema-ready,
East Bridgewater,east-bridgewater-ma/town-clerk,Town Clerk,Town Clerk,True,1,at-large,3,False,,https://www.eastbridgewaterma.gov/DocumentCenter/View/680/table_of_organization_-_department_informationpdf-PDF,https://www.eastbridgewaterma.gov/2225/Candidates,https://www.eastbridgewaterma.gov/AgendaCenter/ViewFile/Agenda/_05162026-774,schema-ready,
East Bridgewater,east-bridgewater-ma/moderator,Moderator,Town Moderator,True,1,at-large,3,False,,https://www.eastbridgewaterma.gov/DocumentCenter/View/680/table_of_organization_-_department_informationpdf-PDF,https://www.eastbridgewaterma.gov/2225/Candidates,https://www.eastbridgewaterma.gov/AgendaCenter/ViewFile/Agenda/_05162026-774,schema-ready,
East Brookfield,east-brookfield-ma/select-board-member,Select Board Member,Board of Selectmen Member,True,3,at-large,3,True,,https://www.eastbrookfieldma.us/1300/Board-of-Selectmen,https://www.eastbrookfieldma.us/1277/Annual-Town-Election,,schema-ready,
East Brookfield,east-brookfield-ma/town-clerk,Town Clerk,Town Clerk,True,1,at-large,3,False,,https://eastbrookfieldma.us/1201/Town-Clerk,https://www.eastbrookfieldma.us/1277/Annual-Town-Election,,schema-ready,
East Brookfield,east-brookfield-ma/moderator,Moderator,Town Moderator,True,1,at-large,3,False,,https://eastbrookfieldma.us/DocumentCenter/View/329,https://www.eastbrookfieldma.us/1277/Annual-Town-Election,,schema-ready,Historical vacancy appointments are treated as vacancy-filling only; the underlying office remains elective.
East Brookfield,east-brookfield-ma/treasurer,Treasurer,Town Treasurer,True,1,at-large,3,False,,https://eastbrookfieldma.us/DocumentCenter/View/329,https://www.eastbrookfieldma.us/1277/Annual-Town-Election,,schema-ready,
East Brookfield,east-brookfield-ma/tax-collector,Collector,Town Collector,True,1,at-large,3,False,,https://eastbrookfieldma.us/DocumentCenter/View/329,https://www.eastbrookfieldma.us/1277/Annual-Town-Election,,schema-ready,
East Brookfield,east-brookfield-ma/assessor,Assessor,Board of Assessors Member,True,3,at-large,3,True,,https://www.eastbrookfieldma.us/1297/Board-of-Assessors,https://www.eastbrookfieldma.us/1277/Annual-Town-Election,,schema-ready,
East Brookfield,east-brookfield-ma/regional-school-committee-member,Regional School Committee Member,Spencer-East Brookfield Regional School Committee Member (East Brookfield),True,2,at-large,3,True,,https://eastbrookfieldma.us/DocumentCenter/View/345/Town-Government,https://eastbrookfieldma.us/DocumentCenter/View/256/offices_to_be_on_ballotpdf,,schema-ready,Regional committee has seven members: five from Spencer and two elected from East Brookfield.
East Brookfield,east-brookfield-ma/board-of-health-member,Board of Health Member,Board of Health Member,True,3,at-large,3,True,,https://eastbrookfieldma.us/DocumentCenter/View/329,https://www.eastbrookfieldma.us/1277/Annual-Town-Election,,schema-ready,
East Brookfield,east-brookfield-ma/cemetery-commissioner,Cemetery Commissioner,Cemetery Commissioner,True,3,at-large,3,True,,https://eastbrookfieldma.us/DocumentCenter/View/329,https://www.eastbrookfieldma.us/1277/Annual-Town-Election,,schema-ready,
East Brookfield,east-brookfield-ma/shade-tree-cemetery-fund-trustee,Trustee,Trustee of Shade Trees & Cemetery Funds,True,3,at-large,3,True,,https://eastbrookfieldma.us/DocumentCenter/View/329,https://www.eastbrookfieldma.us/1277/Annual-Town-Election,,schema-ready,
East Brookfield,east-brookfield-ma/planning-board-member,Planning Board Member,Planning Board Member,True,5,at-large,3,True,,https://www.eastbrookfieldma.us/1302/Planning-Board,https://eastbrookfieldma.us/DocumentCenter/View/256/offices_to_be_on_ballotpdf,,schema-ready,Current official board page shows five members; the 2026 ballot lists two regular three-year Planning Board seats.
East Brookfield,east-brookfield-ma/library-trustee,Library Trustee,Trustee of the Public Library,True,6,at-large,3,True,,https://www.eastbrookfieldma.us/1304/Library-Trustees-Committee,https://eastbrookfieldma.us/DocumentCenter/View/256/offices_to_be_on_ballotpdf,,schema-ready,Six elected trustee seats are established by the annual officer roster; two three-year seats were on the 2026 ballot.
East Brookfield,east-brookfield-ma/constable,Constable,Constable,True,2,at-large,3,True,,https://eastbrookfieldma.us/DocumentCenter/View/329,https://eastbrookfieldma.us/DocumentCenter/View/256/offices_to_be_on_ballotpdf,,schema-ready,
East Brookfield,east-brookfield-ma/finance-committee-member,Finance Committee Member,Finance Committee Member (Elected),True,3,at-large,3,True,,https://eastbrookfieldma.us/1307/Finance-Committee,https://eastbrookfieldma.us/DocumentCenter/View/256/offices_to_be_on_ballotpdf,,schema-ready,"Finance Committee is mixed: three elected, three Select Board-appointed, and three Moderator-appointed. Only the three elected seats are modeled."
East Longmeadow,east-longmeadow-ma/town-council-member,Council Member,Town Council Member,True,7,at-large,3,True,,https://www.eastlongmeadowma.gov/650/Town-Council,https://www.eastlongmeadowma.gov/DocumentCenter/View/18447,,schema-ready,Charter framework establishes seven Council members elected at large for staggered three-year terms.
East Longmeadow,east-longmeadow-ma/school-committee-member,School Committee Member,School Committee Member,True,5,at-large,3,True,,https://www.eastlongmeadowma.gov/964/School-Committee,https://www.eastlongmeadowma.gov/DocumentCenter/View/18447,,schema-ready,"Five members serve three-year terms, with one elected in one year and two in each of the next two years."
Eastham,eastham-ma/select-board-member,Select Board Member,Select Board Member,True,5,at-large,3,True,,https://www.eastham-ma.gov/596/Select-Board,https://www.eastham-ma.gov/DocumentCenter/View/5218/May-19-2026-Annual-Town-Election-Final-Results,https://www.eastham-ma.gov/DocumentCenter/View/5218/May-19-2026-Annual-Town-Election-Final-Results,schema-ready,
Eastham,eastham-ma/moderator,Moderator,Town Moderator,True,1,at-large,3,False,,https://www.eastham-ma.gov/576/Town-Moderator,https://www.eastham-ma.gov/DocumentCenter/View/5218/May-19-2026-Annual-Town-Election-Final-Results,https://www.eastham-ma.gov/DocumentCenter/View/5218/May-19-2026-Annual-Town-Election-Final-Results,schema-ready,
Eastham,eastham-ma/town-clerk,Town Clerk,Town Clerk,True,1,at-large,3,False,,https://www.eastham-ma.gov/171/Town-Clerk,https://www.eastham-ma.gov/DocumentCenter/View/5218/May-19-2026-Annual-Town-Election-Final-Results,https://www.eastham-ma.gov/DocumentCenter/View/5218/May-19-2026-Annual-Town-Election-Final-Results,schema-ready,
Eastham,eastham-ma/library-trustee,Library Trustee,Board of Library Trustees Member,True,5,at-large,3,True,,https://www.eastham-ma.gov/546/Board-of-Library-Trustees,https://www.eastham-ma.gov/DocumentCenter/View/5218/May-19-2026-Annual-Town-Election-Final-Results,https://www.eastham-ma.gov/DocumentCenter/View/5218/May-19-2026-Annual-Town-Election-Final-Results,schema-ready,
Eastham,eastham-ma/elementary-school-committee-member,School Committee Member,Eastham Elementary School Committee Member,True,5,at-large,3,True,,https://www.nausetschools.org/page/eastham-school-committee,https://www.eastham-ma.gov/DocumentCenter/View/5218/May-19-2026-Annual-Town-Election-Final-Results,https://www.eastham-ma.gov/DocumentCenter/View/5218/May-19-2026-Annual-Town-Election-Final-Results,schema-ready,
Eastham,eastham-ma/regional-school-committee-member,Regional School Committee Member,Nauset Regional School Committee Member (Eastham),True,,at-large,3,,,https://www.nausetschools.org/page/regional-school-committee-agendas-minutes,https://www.eastham-ma.gov/DocumentCenter/View/5218/May-19-2026-Annual-Town-Election-Final-Results,https://www.eastham-ma.gov/DocumentCenter/View/5218/May-19-2026-Annual-Town-Election-Final-Results,elected-status-verified-seat-count-unresolved,Elected status and regular three-year term are verified; Eastham-specific total seat allocation remains unresolved.
Eastham,eastham-ma/housing-authority-member,Housing Authority Member,Housing Authority Member,True,,at-large,5,,,https://www.eastham-ma.gov/583/Housing-Authority,https://www.eastham-ma.gov/DocumentCenter/View/5218/May-19-2026-Annual-Town-Election-Final-Results,https://www.eastham-ma.gov/DocumentCenter/View/5218/May-19-2026-Annual-Town-Election-Final-Results,elected-status-verified-seat-count-unresolved,The 2026 final election results verify an elected five-year Housing Authority seat. The locally elected versus appointed total composition remains unresolved and is not guessed.
Easthampton,easthampton-ma/mayor,Mayor,Mayor,True,1,at-large,4,False,,https://www.easthamptonma.gov/DocumentCenter/View/5029/2025-Biennial-City-Election-Calendar,https://www.easthamptonma.gov/DocumentCenter/View/5029/2025-Biennial-City-Election-Calendar,https://www.easthamptonma.gov/327/Election-Results-Turnout-Statistics,schema-ready,
Easthampton,easthampton-ma/city-council-member,Council Member,City Councilor,True,9,mixed,2,False,,https://www.easthamptonma.gov/DocumentCenter/View/5029/2025-Biennial-City-Election-Calendar,https://www.easthamptonma.gov/DocumentCenter/View/5029/2025-Biennial-City-Election-Calendar,https://www.easthamptonma.gov/327/Election-Results-Turnout-Statistics,schema-ready,Nine-member council: four at-large councilors and one councilor from each of five precincts.
Easthampton,easthampton-ma/school-committee-member,School Committee Member,School Committee Member,True,6,at-large,2,False,,https://www.easthamptonma.gov/DocumentCenter/View/5029/2025-Biennial-City-Election-Calendar,https://www.easthamptonma.gov/DocumentCenter/View/5029/2025-Biennial-City-Election-Calendar,https://www.easthamptonma.gov/327/Election-Results-Turnout-Statistics,schema-ready,The School Committee has six separately elected members; the Mayor serves ex officio as the seventh member and is modeled only under the Mayor office.
Edgartown,edgartown-ma/select-board-member,Select Board Member,Selectboard Member,True,3,at-large,,True,,https://www.edgartown-ma.us/selectboard,https://www.mvtimes.com/2026/02/26/2026-town-election-candidates/,https://www.edgartown-ma.us/town-clerk,schema-ready,Current official Selectboard page establishes three seats; 2026 town-election candidate coverage confirms the office is voter-filled. Regular term length was not independently resolved in this batch.
Edgartown,edgartown-ma/assessor,Assessor,Board of Assessors Member,True,,at-large,,,,https://www.mvtimes.com/2026/02/26/2026-town-election-candidates/,https://www.mvtimes.com/2026/02/26/2026-town-election-candidates/,https://www.edgartown-ma.us/town-clerk,elected-status-verified-seat-count-unresolved,2026 election candidate material verifies the office remains elected. Total current elected seat count and regular term remain unresolved.
Edgartown,edgartown-ma/board-of-health-member,Board of Health Member,Board of Health Member,True,3,at-large,,True,,https://www.edgartown-ma.us/board-health,https://www.mvtimes.com/2026/02/26/2026-town-election-candidates/,https://www.edgartown-ma.us/town-clerk,schema-ready,Current official roster establishes three members; 2026 election candidate material verifies current elective status. Regular term remains unresolved.
Edgartown,edgartown-ma/school-committee-member,School Committee Member,Edgartown School Committee Member,True,,at-large,,,,https://www.mvtimes.com/2026/02/26/2026-town-election-candidates/,https://www.mvtimes.com/2026/02/26/2026-town-election-candidates/,https://www.edgartown-ma.us/town-clerk,elected-status-verified-seat-count-unresolved,2026 town-election candidate material verifies current elective status; total elected seat count and regular term remain unresolved.
Edgartown,edgartown-ma/planning-board-member,Planning Board Member,Planning Board Member,True,5,at-large,,True,,https://www.edgartown-ma.us/planning-board,https://www.mvtimes.com/2026/02/26/2026-town-election-candidates/,https://www.edgartown-ma.us/town-clerk,schema-ready,Official Planning Board page establishes five regular members plus one associate member; 2026 town-election candidate material verifies the regular board is currently elected. Associate-member election/appointment status is not modeled here pending controlling-law confirmation.
Edgartown,edgartown-ma/library-trustee,Library Trustee,Library Trustee,True,,at-large,,,,https://www.mvtimes.com/2026/02/26/2026-town-election-candidates/,https://www.mvtimes.com/2026/02/26/2026-town-election-candidates/,https://www.edgartown-ma.us/town-clerk,elected-status-verified-seat-count-unresolved,2026 town-election candidate material verifies current elective status; total elected trustee count and regular term remain unresolved.
Edgartown,edgartown-ma/park-commissioner,Park Commissioner,Park Commissioner,True,3,at-large,,True,,https://www.edgartown-ma.us/parks,https://www.mvtimes.com/2026/02/26/2026-town-election-candidates/,https://www.edgartown-ma.us/town-clerk,schema-ready,Current official roster establishes three commissioners; 2026 election candidate material verifies current elective status.
Edgartown,edgartown-ma/wastewater-commissioner,Commissioner,Wastewater Treatment Commissioner,True,3,at-large,,True,,https://www.edgartown-ma.us/wastewater,https://www.mvtimes.com/2026/02/26/2026-town-election-candidates/,https://www.edgartown-ma.us/town-clerk,schema-ready,Current official roster establishes three commissioners; 2026 election candidate material verifies current elective status. The third current officeholder is flagged separately because current official roster and 2026 candidate reporting are not fully aligned.
Edgartown,edgartown-ma/finance-committee-member,Finance Committee Member,Financial Advisory Committee Member,True,7,at-large,,True,,https://www.edgartown-ma.us/financial-advisory-committee,https://www.mvtimes.com/2026/02/26/2026-town-election-candidates/,https://www.edgartown-ma.us/town-clerk,schema-ready,Official current page lists seven regular members plus one alternate; 2026 town-election candidate material verifies the regular committee is voter-filled. Only the seven regular seats are modeled.
Egremont,egremont-ma/select-board-member,Select Board Member,Select Board Member,True,3,at-large,3,True,,https://www.egremont-ma.gov/182/Select-Board,https://www.egremont-ma.gov/DocumentCenter/View/2864,https://www.egremont-ma.gov/CivicAlerts.asp?AID=722&ARC=1230,schema-ready,
Egremont,egremont-ma/assessor,Assessor,Assessor,True,3,at-large,3,True,,https://www.egremont-ma.gov/164/Assessors,https://www.egremont-ma.gov/DocumentCenter/View/2864,https://www.egremont-ma.gov/CivicAlerts.asp?AID=722&ARC=1230,schema-ready,The 2026 ballot included one regular three-year Assessor seat and one one-year unexpired seat; the stable office term remains three years.
Egremont,egremont-ma/cemetery-commissioner,Cemetery Commissioner,Cemetery Commissioner,True,3,at-large,3,True,,https://www.egremont-ma.gov/213/Cemetery-Commission,https://www.egremont-ma.gov/DocumentCenter/View/2864,https://www.egremont-ma.gov/CivicAlerts.asp?AID=722&ARC=1230,schema-ready,
Egremont,egremont-ma/library-trustee,Library Trustee,Library Trustee,True,3,at-large,3,True,,https://www.egremont-ma.gov/directory.aspx,https://www.egremont-ma.gov/DocumentCenter/View/2864,https://www.egremont-ma.gov/CivicAlerts.asp?AID=722&ARC=1230,schema-ready,
Egremont,egremont-ma/planning-board-member,Planning Board Member,Planning Board Member,True,5,at-large,5,True,,https://www.egremont-ma.gov/191/Planning-Board,https://www.egremont-ma.gov/DocumentCenter/View/2864,https://www.egremont-ma.gov/CivicAlerts.asp?AID=722&ARC=1230,schema-ready,Five regular elected members; the separately elected associate member is modeled as its own office.
Egremont,egremont-ma/planning-board-associate,Planning Board Associate Member,Planning Board Associate Member,True,1,at-large,2,False,,https://www.egremont-ma.gov/191/Planning-Board,https://www.egremont-ma.gov/DocumentCenter/View/2864,https://www.egremont-ma.gov/CivicAlerts.asp?AID=722&ARC=1230,schema-ready,
Egremont,egremont-ma/moderator,Moderator,Town Moderator,True,1,at-large,3,False,,https://www.egremont-ma.gov/Calendar.aspx?EID=1051&PREVIEW=YES,https://www.egremont-ma.gov/DocumentCenter/View/2864,https://www.egremont-ma.gov/CivicAlerts.asp?AID=722&ARC=1230,schema-ready,
Egremont,egremont-ma/constable,Constable,Constable,True,1,at-large,3,False,,https://www.egremont-ma.gov/directory.aspx,https://www.egremont-ma.gov/Archive.aspx?ADID=183,,schema-ready,Official 2025 town-election materials include Constable among offices voted on; current official directory identifies one Constable.
Egremont,egremont-ma/water-commissioner,Water Commissioner,Water Commissioner,True,3,at-large,3,True,,https://www.egremont-ma.gov/209/Water-Commission,https://www.egremont-ma.gov/Archive.aspx?ADID=188,,schema-ready,"Current official Water Commission page lists three commissioners; the June 2026 Town newsletter states Judi Goodman was elected for a three-year term, confirming current elective status."
Egremont,egremont-ma/regional-school-committee-member,Regional School Committee Member,Southern Berkshire Regional School Committee Member (Egremont),True,2,at-large,4,True,,https://www.egremont-ma.gov/215/School-Committee,https://www.egremont-ma.gov/215/School-Committee,,schema-ready,"Current official Town page states two Egremont seats will appear on the November 3, 2026 regional-district ballot: one four-year seat and one two-year transitional seat. Regular term is modeled as four years; the shorter seat is treated as a transition/unexpired structure."
Erving,erving-ma/select-board-member,Select Board Member,Select Board Member,True,3,at-large,3,True,,https://www.erving-ma.gov/Directory.aspx?did=32,https://www.erving-ma.gov/Calendar.aspx?EID=3069,,schema-ready,
Erving,erving-ma/assessor,Assessor,Board of Assessors Member,True,3,at-large,3,True,,https://www.erving-ma.gov/Directory.aspx?did=43,https://www.erving-ma.gov/Calendar.aspx?EID=3069,,schema-ready,
Erving,erving-ma/library-trustee,Library Trustee,Board of Library Trustees Member,True,3,at-large,3,True,,https://www.erving-ma.gov/directory.aspx,https://www.erving-ma.gov/Calendar.aspx?EID=3069,,schema-ready,
Erving,erving-ma/moderator,Moderator,Town Moderator,True,1,at-large,1,False,,https://www.erving-ma.gov/DocumentCenter/View/2964,https://www.erving-ma.gov/Calendar.aspx?EID=3069,,schema-ready,
Erving,erving-ma/school-committee-member,School Committee Member,Erving School Committee Member,True,5,at-large,3,True,,https://www.erving-ma.gov/231/School-Committee,https://www.erving-ma.gov/Calendar.aspx?EID=3069,,schema-ready,Official Town materials describe a five-member elected board; current roster exposes four named members and a 2026 elected-official vacancy notice.
Erving,erving-ma/tree-warden,Tree Warden,Tree Warden,True,1,at-large,1,False,,https://www.erving-ma.gov/DocumentCenter/View/2964,https://www.erving-ma.gov/Calendar.aspx?EID=3069,,schema-ready,
Erving,erving-ma/constable,Constable,Constable,True,1,at-large,3,False,,https://www.erving-ma.gov/DocumentCenter/View/2964,https://www.erving-ma.gov/Calendar.aspx?EID=3069,,schema-ready,
Erving,erving-ma/planning-board-member,Planning Board Member,Planning Board Member,True,5,at-large,3,True,,https://www.erving-ma.gov/229/Planning-Board,https://www.erving-ma.gov/Calendar.aspx?EID=3069,,schema-ready,
Erving,erving-ma/recreation-commissioner,Commissioner,Recreation Commission Member,True,5,at-large,3,True,,https://www.erving-ma.gov/498/Volunteer-Opportunities,https://www.erving-ma.gov/Calendar.aspx?EID=3069,,schema-ready,
Erving,erving-ma/board-of-health-member,Board of Health Member,Board of Health Member,True,3,at-large,3,True,,https://www.erving-ma.gov/180/Boards-Committees,https://www.erving-ma.gov/Calendar.aspx?EID=3069,,schema-ready,
Essex,essex-ma/assessor,Assessor,Board of Assessors Member,True,,at-large,3,,,https://www.essexma.org/DocumentCenter/View/2410/2026-Annual-Town-Meeting-Warrant,https://www.essexma.org/DocumentCenter/View/2410/2026-Annual-Town-Meeting-Warrant,https://www.essexma.org/DocumentCenter/View/2441/May-11-2026-Local-Election--Unofficial-Results,elected-status-verified-seat-count-unresolved,2026 warrant includes one regular three-year assessor seat plus one two-year unexpired assessor seat. Total elected board size was not independently normalized in this batch.
Essex,essex-ma/moderator,Moderator,Town Moderator,True,1,at-large,3,False,,https://www.essexma.org/DocumentCenter/View/2410/2026-Annual-Town-Meeting-Warrant,https://www.essexma.org/DocumentCenter/View/2410/2026-Annual-Town-Meeting-Warrant,https://www.essexma.org/DocumentCenter/View/2441/May-11-2026-Local-Election--Unofficial-Results,schema-ready,
Essex,essex-ma/select-board-member,Select Board Member,Board of Selectmen Member,True,3,at-large,3,True,,https://www.essexma.org/1315/Board-of-Selectmen,https://www.essexma.org/DocumentCenter/View/2410/2026-Annual-Town-Meeting-Warrant,https://www.essexma.org/DocumentCenter/View/2441/May-11-2026-Local-Election--Unofficial-Results,schema-ready,
Essex,essex-ma/board-of-health-member,Board of Health Member,Board of Health Member,True,3,at-large,3,True,,https://www.essexma.org/1319/Board-of-Health,https://www.essexma.org/DocumentCenter/View/2410/2026-Annual-Town-Meeting-Warrant,https://www.essexma.org/DocumentCenter/View/2441/May-11-2026-Local-Election--Unofficial-Results,schema-ready,
Essex,essex-ma/constable,Constable,Constable,True,2,at-large,3,False,,https://www.essexma.org/DocumentCenter/View/2410/2026-Annual-Town-Meeting-Warrant,https://www.essexma.org/DocumentCenter/View/2410/2026-Annual-Town-Meeting-Warrant,https://www.essexma.org/DocumentCenter/View/2441/May-11-2026-Local-Election--Unofficial-Results,schema-ready,
Essex,essex-ma/regional-school-committee-member,Regional School Committee Member,Manchester Essex Regional School Committee Member (Essex),True,,at-large,3,,,https://www.essexma.org/DocumentCenter/View/2410/2026-Annual-Town-Meeting-Warrant,https://www.essexma.org/DocumentCenter/View/2410/2026-Annual-Town-Meeting-Warrant,https://www.essexma.org/DocumentCenter/View/2441/May-11-2026-Local-Election--Unofficial-Results,elected-status-verified-seat-count-unresolved,Current elected status and regular three-year term are verified; Essex-specific total representation remains unresolved.
Essex,essex-ma/library-trustee,Library Trustee,Board of Library Trustees Member,True,3,at-large,3,True,,https://www.essexma.org/1318/Board-of-Library-Trustees,https://www.essexma.org/DocumentCenter/View/2410/2026-Annual-Town-Meeting-Warrant,https://www.essexma.org/DocumentCenter/View/2441/May-11-2026-Local-Election--Unofficial-Results,schema-ready,
Essex,essex-ma/planning-board-member,Planning Board Member,Planning Board Member,True,,at-large,5,,,https://www.essexma.org/DocumentCenter/View/2410/2026-Annual-Town-Meeting-Warrant,https://www.essexma.org/DocumentCenter/View/2410/2026-Annual-Town-Meeting-Warrant,https://www.essexma.org/DocumentCenter/View/2441/May-11-2026-Local-Election--Unofficial-Results,elected-status-verified-seat-count-unresolved,Current warrant verifies a five-year elected Planning Board seat; total current regular membership is left unresolved rather than inferred from older reports.
Everett,everett-ma/mayor,Mayor,Mayor,True,1,at-large,4,False,,https://cityofeverett.com/wp-content/uploads/2025/02/02-27-2025-Charter-Review-Committee-Agenda.pdf,https://cityofeverett.com/2025-municipal-election-results/,https://cityofeverett.com/2025-municipal-election-results/,schema-ready,
Everett,everett-ma/city-council-member,Council Member,City Councilor,True,11,mixed,2,False,,https://cityofeverett.com/city-hall/administration/city-council/,https://cityofeverett.com/2025-municipal-election-results/,https://cityofeverett.com/2025-municipal-election-results/,schema-ready,Eleven-member mixed council: six ward councilors and five at-large councilors.
Everett,everett-ma/school-committee-member,School Committee Member,School Committee Member,True,9,mixed,2,False,,https://cityofeverett.com/2025-municipal-election-results/,https://cityofeverett.com/2025-municipal-election-results/,https://cityofeverett.com/2025-municipal-election-results/,schema-ready,Nine separately elected members: six ward members and three at-large members. Any mayoral ex-officio role is not counted among the nine elected seats.
Fairhaven,fairhaven-ma/select-board-member,Select Board Member,Select Board Member,True,5,at-large,3,True,,https://fairhaven-ma.gov/select-board/,https://fairhaven-ma.gov/2026-election-information/,https://fairhaven-ma.gov/document/election-results/,schema-ready,
Fairhaven,fairhaven-ma/planning-board-member,Planning Board Member,Planning Board Member,True,8,at-large,3,True,,https://fairhaven-ma.gov/planning-board/,https://fairhaven-ma.gov/2026-election-information/,https://fairhaven-ma.gov/document/election-results/,schema-ready,Current official roster exposes eight regular members. The 2026 ballot has two regular three-year seats plus a separate two-year unexpired contest.
Fairhaven,fairhaven-ma/school-committee-member,School Committee Member,School Committee Member,True,6,at-large,3,True,,https://fairhaven-ma.gov/school-committee/,https://fairhaven-ma.gov/2026-election-information/,https://fairhaven-ma.gov/document/election-results/,schema-ready,Official page describes an elected six-member board. The 2026 ballot had two regular three-year seats plus a one-year unexpired contest.
Fairhaven,fairhaven-ma/public-works-commissioner,Commissioner,Board of Public Works Commissioner,True,5,at-large,3,True,,https://fairhaven-ma.gov/board-of-public-works/,https://fairhaven-ma.gov/2026-election-information/,https://fairhaven-ma.gov/document/election-results/,schema-ready,
Fairhaven,fairhaven-ma/board-of-health-member,Board of Health Member,Board of Health Member,True,3,at-large,3,True,,https://fairhaven-ma.gov/board-of-health/,https://fairhaven-ma.gov/2026-election-information/,https://fairhaven-ma.gov/document/election-results/,schema-ready,
Fairhaven,fairhaven-ma/commissioner-of-trust-funds,Commissioner of Trust Funds,Commissioner of Trust Funds,True,3,at-large,3,True,,https://fairhaven-ma.gov/commissioner-of-trust-funds/,https://fairhaven-ma.gov/2026-election-information/,https://fairhaven-ma.gov/document/election-results/,schema-ready,
Fairhaven,fairhaven-ma/housing-authority-member,Housing Authority Member,Housing Authority Member,True,,at-large,5,,,https://fairhaven-ma.gov/housing-authority-2/,https://fairhaven-ma.gov/2026-election-information/,https://fairhaven-ma.gov/document/election-results/,elected-status-verified-seat-count-unresolved,"Current official roster explicitly labels at least three elected members and one state appointee, but one member's selection method is not labeled. Total locally elected seats remain unresolved."
Fairhaven,fairhaven-ma/town-clerk,Town Clerk,Town Clerk,True,1,at-large,3,False,,https://fairhaven-ma.gov/town-clerk/,https://fairhaven-ma.gov/elections-and-voting/,https://fairhaven-ma.gov/document/election-results/,schema-ready,
Fairhaven,fairhaven-ma/town-meeting-member,Town Meeting Member,Representative Town Meeting Member,True,,district,3,True,,https://fairhaven-ma.gov/wp-content/uploads/2024/04/Fairhaven-Town-Code-Town-Meeting-Special-Acts.pdf,https://fairhaven-ma.gov/2026-election-information/,https://fairhaven-ma.gov/document/election-results/,elected-status-verified-seat-count-unresolved,Representative Town Meeting members are elected by precinct for staggered three-year terms. Exact current total elected representative count remains unresolved.
Fairhaven,fairhaven-ma/tree-warden,Tree Warden,Tree Warden,True,1,at-large,,False,,https://fairhaven-ma.gov/tree-department/,https://fairhaven-ma.gov/elections-and-voting/,https://fairhaven-ma.gov/document/election-results/,schema-ready,Current/historical official municipal records identify Tree Warden as an elected office; regular term length was not independently normalized in this batch.
Fall River,fall-river-ma/mayor,Mayor,Mayor,True,1,at-large,2,False,,https://fallriverma.gov/government/mayors_office/index.php,https://fallriverma.gov/departments/elections/press_releases.php,https://fallriverma.gov/departments/elections/election_results.php,schema-ready,The municipal election cycle is biennial; Mayor is elected citywide and serves as School Committee chair ex officio.
Fall River,fall-river-ma/city-council-member,Council Member,City Councilor,True,9,at-large,2,False,,https://fallriverma.gov/government/city_council/current_council.php,https://fallriverma.gov/departments/elections/press_releases.php,https://fallriverma.gov/departments/elections/election_results.php,schema-ready,
Fall River,fall-river-ma/school-committee-member,School Committee Member,School Committee Member,True,6,at-large,2,False,,https://www.fallriverschools.org/school-committee/sub-committee,https://fallriverma.gov/departments/elections/press_releases.php,https://fallriverma.gov/departments/elections/election_results.php,schema-ready,Six separately elected School Committee members serve alongside the Mayor as chair ex officio. Current district page labels the committee '2026-2028'.
Fitchburg,fitchburg-ma/mayor,Mayor,Mayor,True,1,at-large,2,False,,https://www.fitchburgma.gov/412/Mayors-Office,https://www.fitchburgma.gov/913/Running-for-Local-Office,https://www.fitchburgma.gov/DocumentCenter/View/15944/2025-Municipal-Election-Official-Results,schema-ready,
Fitchburg,fitchburg-ma/city-council-member,Council Member,City Councilor,True,11,mixed,2,False,,https://www.fitchburgma.gov/385/City-Council,https://www.fitchburgma.gov/913/Running-for-Local-Office,https://www.fitchburgma.gov/DocumentCenter/View/15944/2025-Municipal-Election-Official-Results,schema-ready,Eleven-member mixed council: six ward councilors and five at-large councilors.
Fitchburg,fitchburg-ma/school-committee-member,School Committee Member,School Committee Member,True,6,at-large,4,True,,https://www.fitchburgma.gov/718/School-Committee,https://www.fitchburgma.gov/913/Running-for-Local-Office,https://www.fitchburgma.gov/DocumentCenter/View/15944/2025-Municipal-Election-Official-Results,schema-ready,Six separately elected members serve staggered four-year terms; the Mayor chairs ex officio and is not counted in the six elected seats.
Florida,florida-ma/moderator,Moderator,Town Moderator,True,1,at-large,1,False,,https://www.townofflorida.org/announcements.html,https://www.townofflorida.org/announcements.html,https://www.townofflorida.org/announcements.html,schema-ready,
Florida,florida-ma/auditor,Auditor,Town Auditor,True,1,at-large,1,False,,https://www.townofflorida.org/announcements.html,https://www.townofflorida.org/announcements.html,https://www.townofflorida.org/announcements.html,schema-ready,
Florida,florida-ma/tree-warden,Tree Warden,Tree Warden,True,1,at-large,1,False,,https://www.townofflorida.org/announcements.html,https://www.townofflorida.org/announcements.html,https://www.townofflorida.org/announcements.html,schema-ready,
Florida,florida-ma/assessor,Assessor,Board of Assessors Member,True,3,at-large,3,True,,https://www.townofflorida.org/officials.html,https://www.townofflorida.org/announcements.html,https://www.townofflorida.org/announcements.html,schema-ready,
Florida,florida-ma/board-of-health-member,Board of Health Member,Board of Health Member,True,3,at-large,3,True,,https://www.townofflorida.org/officials.html,https://www.townofflorida.org/announcements.html,https://www.townofflorida.org/announcements.html,schema-ready,
Florida,florida-ma/constable,Constable,Constable,True,1,at-large,3,False,,https://www.townofflorida.org/announcements.html,https://www.townofflorida.org/announcements.html,https://www.townofflorida.org/announcements.html,schema-ready,
Florida,florida-ma/library-trustee,Library Trustee,Library Trustee,True,,at-large,3,,,https://www.townofflorida.org/announcements.html,https://www.townofflorida.org/announcements.html,https://www.townofflorida.org/announcements.html,elected-status-verified-seat-count-unresolved,2026 official election establishes elected status and a regular three-year seat; total trustee count remains unresolved.
Florida,florida-ma/school-committee-member,School Committee Member,School Committee Member,True,,at-large,3,,,https://www.townofflorida.org/announcements.html,https://www.townofflorida.org/announcements.html,https://www.townofflorida.org/announcements.html,elected-status-verified-seat-count-unresolved,2026 official election establishes elected status and a regular three-year seat; total committee size remains unresolved.
Florida,florida-ma/select-board-member,Select Board Member,Board of Selectmen Member,True,3,at-large,3,True,,https://www.townofflorida.org/officials.html,https://www.townofflorida.org/announcements.html,https://www.townofflorida.org/announcements.html,schema-ready,
Florida,florida-ma/soldiers-memorial-trustee,Trustee,Trustee of Soldiers Memorial,True,,at-large,3,,,https://www.townofflorida.org/announcements.html,https://www.townofflorida.org/announcements.html,https://www.townofflorida.org/announcements.html,elected-status-verified-seat-count-unresolved,2026 election filled two three-year trustee seats; total board size remains unresolved.
Florida,florida-ma/planning-board-member,Planning Board Member,Planning Board Member,True,,at-large,5,,,https://www.townofflorida.org/announcements.html,https://www.townofflorida.org/announcements.html,https://www.townofflorida.org/announcements.html,elected-status-verified-seat-count-unresolved,2026 election verifies a regular five-year elected Planning Board seat; total board size remains unresolved.
Foxborough,foxborough-ma/select-board-member,Select Board Member,Select Board Member,True,5,at-large,3,True,,https://foxboroughma.gov/boards_committees/select_board,https://foxboroughma.gov/boards_committees/open_seats___how_to_apply,https://foxboroughma.gov/departments/town_clerk/election_information/election_results,schema-ready,
Foxborough,foxborough-ma/assessor,Assessor,Board of Assessors Member,True,,at-large,3,,,https://foxboroughma.gov/boards_committees/open_seats___how_to_apply,https://foxboroughma.gov/boards_committees/open_seats___how_to_apply,https://foxboroughma.gov/departments/town_clerk/election_information/election_results,elected-status-verified-seat-count-unresolved,Current Town election/open-seat materials continue to identify Board of Assessors as a voter-filled body; total elected seat count was not independently normalized in this batch.
Foxborough,foxborough-ma/board-of-health-member,Board of Health Member,Board of Health Member,True,3,at-large,3,True,,https://foxboroughma.gov/boards_committees/board_of_health,https://foxboroughma.gov/boards_committees/open_seats___how_to_apply,https://foxboroughma.gov/departments/town_clerk/election_information/election_results,schema-ready,
Foxborough,foxborough-ma/library-trustee,Library Trustee,Boyden Library Trustee,True,,at-large,3,,,https://foxboroughma.gov/boards_committees/open_seats___how_to_apply,https://foxboroughma.gov/boards_committees/open_seats___how_to_apply,https://foxboroughma.gov/departments/town_clerk/election_information/election_results,elected-status-verified-seat-count-unresolved,Current Town materials identify Boyden Library Trustees among bodies filled at Annual Town Election; total current elected trustee count remains unresolved.
Foxborough,foxborough-ma/housing-authority-member,Housing Authority Member,Housing Authority Member,True,,at-large,5,,,https://foxboroughma.gov/boards_committees/open_seats___how_to_apply,https://foxboroughma.gov/boards_committees/open_seats___how_to_apply,https://foxboroughma.gov/departments/town_clerk/election_information/election_results,elected-status-verified-seat-count-unresolved,Current Town materials continue to identify Housing Authority seats among election-filled bodies; locally elected versus appointed total composition remains unresolved.
Foxborough,foxborough-ma/planning-board-member,Planning Board Member,Planning Board Member,True,5,at-large,3,True,,https://foxboroughma.gov/departments/land_use,https://foxboroughma.gov/boards_committees/open_seats___how_to_apply,https://foxboroughma.gov/departments/town_clerk/election_information/election_results,schema-ready,Five regular members are modeled; the separately listed associate member is not included because current election/appointment status was not independently established.
Foxborough,foxborough-ma/school-committee-member,School Committee Member,School Committee Member,True,5,at-large,3,True,,https://www.foxborough.k12.ma.us/school_committee/members_of_the_school_committee,https://foxboroughma.gov/boards_committees/open_seats___how_to_apply,https://foxboroughma.gov/departments/town_clerk/election_information/election_results,schema-ready,
Foxborough,foxborough-ma/water-sewer-commissioner,Commissioner,Board of Water & Sewer Commissioner,True,3,at-large,3,True,,https://foxboroughma.gov/boards_committees/board_of_water_sewer_commissioners,https://foxboroughma.gov/boards_committees/open_seats___how_to_apply,https://foxboroughma.gov/departments/town_clerk/election_information/election_results,schema-ready,
Foxborough,foxborough-ma/town-clerk,Town Clerk,Town Clerk,True,1,at-large,2,False,,https://www.foxboroughma.gov/departments/town_clerk/town_meeting_minutes/2008_may_12_annual_town_meeting,https://foxboroughma.gov/departments/town_clerk,https://foxboroughma.gov/departments/town_clerk/election_information/election_results,schema-ready,Long-running locally elected Town Clerk office; current incumbent is Robert E. Cutler Jr. Historical Town election record establishes the two-year term. No current local source was found indicating conversion to appointment.
Becket,becket-ma/select-board-member,Select Board Member,Select Board Member,True,3,at-large,3,True,,https://www.townofbecket.org/select-board,https://www.townofbecket.org/town-clerk/pages/town-meetings-elections,https://www.townofbecket.org/town-clerk/files/2026-annual-town-election-results,schema-ready,
Becket,becket-ma/town-clerk,Town Clerk,Town Clerk,True,1,at-large,3,False,,https://www.townofbecket.org/town-clerk/pages/town-meetings-elections,https://www.townofbecket.org/town-clerk/pages/town-meetings-elections,https://www.townofbecket.org/town-clerk/files/2026-annual-town-election-results,schema-ready,
Becket,becket-ma/moderator,Moderator,Town Moderator,True,1,at-large,3,False,,https://www.townofbecket.org/town-clerk/pages/town-meetings-elections,https://www.townofbecket.org/town-clerk/pages/town-meetings-elections,https://www.townofbecket.org/town-clerk/files/2026-annual-town-election-results,schema-ready,
Becket,becket-ma/finance-committee-member,Finance Committee Member,Finance Committee Member,True,,at-large,3,,,https://www.townofbecket.org/town-clerk/pages/town-meetings-elections,https://www.townofbecket.org/town-clerk/pages/town-meetings-elections,https://www.townofbecket.org/town-clerk/files/2026-annual-town-election-results,elected-status-verified-seat-count-unresolved,The 2026 ballot confirms an elected three-year Finance Committee seat; total elected membership was not independently normalized.
Becket,becket-ma/planning-board-member,Planning Board Member,Planning Board Member,True,5,at-large,5,True,,https://www.townofbecket.org/planning-board,https://www.townofbecket.org/town-clerk/pages/town-meetings-elections,https://www.townofbecket.org/town-clerk/files/2026-annual-town-election-results,schema-ready,Five regular elected members serve five-year terms; the associate member is jointly appointed and excluded.
Becket,becket-ma/board-of-health-member,Board of Health Member,Board of Health Member,True,3,at-large,3,True,,https://www.townofbecket.org/board-health,https://www.townofbecket.org/town-clerk/pages/town-meetings-elections,https://www.townofbecket.org/town-clerk/files/2026-annual-town-election-results,schema-ready,
Becket,becket-ma/assessor,Assessor,Board of Assessors Member,True,3,at-large,,True,,https://www.townofbecket.org/board-assessors,https://www.townofbecket.org/town-clerk/pages/town-meetings-elections,,schema-ready,Current official Board page establishes three members; regular term length was not independently re-normalized in this batch.
Becket,becket-ma/regional-school-committee-member,Regional School Committee Member,Central Berkshire Regional School Committee Member (Becket),True,2,at-large,,True,,https://www.townofbecket.org/school-committee-central-berkshire-regional-school-district,https://www.townofbecket.org/town-clerk/pages/town-meetings-elections,,schema-ready,Current official Town page identifies two Becket representatives; regular term length remains unresolved.
Charlemont,charlemont-ma/select-board-member,Select Board Member,Select Board Member,True,3,at-large,3,True,,https://charlemont-ma.us/p/24/Town-Clerk,https://charlemont-ma.us/files/January_2026_Newsletter.pdf,https://charlemont-ma.us/p/24/Town-Clerk,schema-ready,
Charlemont,charlemont-ma/moderator,Moderator,Town Moderator,True,1,at-large,1,False,,https://charlemont-ma.us/files/January_2026_Newsletter.pdf,https://charlemont-ma.us/files/January_2026_Newsletter.pdf,https://charlemont-ma.us/p/24/Town-Clerk,schema-ready,The 2026 warrant proposed changing the Moderator term from one year to three beginning in 2027; current regular term remains one year for the 2026 cycle.
Charlemont,charlemont-ma/constable,Constable,Constable,True,1,at-large,3,False,,https://charlemont-ma.us/files/January_2026_Newsletter.pdf,https://charlemont-ma.us/files/January_2026_Newsletter.pdf,https://charlemont-ma.us/p/24/Town-Clerk,schema-ready,
Charlemont,charlemont-ma/board-of-health-member,Board of Health Member,Board of Health Member,True,,at-large,3,,,https://charlemont-ma.us/files/January_2026_Newsletter.pdf,https://charlemont-ma.us/files/January_2026_Newsletter.pdf,https://charlemont-ma.us/p/24/Town-Clerk,elected-status-verified-seat-count-unresolved,
Charlemont,charlemont-ma/assessor,Assessor,Board of Assessors Member,True,3,at-large,3,True,,https://charlemont-ma.us/p/50/Board-of-Assessors,https://charlemont-ma.us/files/January_2026_Newsletter.pdf,https://charlemont-ma.us/p/24/Town-Clerk,schema-ready,
Charlemont,charlemont-ma/school-committee-member,School Committee Member,Charlemont School Committee Member,True,,at-large,3,,,https://charlemont-ma.us/files/January_2026_Newsletter.pdf,https://charlemont-ma.us/files/January_2026_Newsletter.pdf,https://charlemont-ma.us/p/24/Town-Clerk,elected-status-verified-seat-count-unresolved,
Charlemont,charlemont-ma/local-education-council-member,Council Member,Local Education Council Member,True,,at-large,2,,,https://charlemont-ma.us/files/January_2026_Newsletter.pdf,https://charlemont-ma.us/files/January_2026_Newsletter.pdf,https://charlemont-ma.us/p/24/Town-Clerk,elected-status-verified-seat-count-unresolved,
Charlemont,charlemont-ma/library-trustee,Library Trustee,Library Trustee,True,,at-large,3,,,https://charlemont-ma.us/files/January_2026_Newsletter.pdf,https://charlemont-ma.us/files/January_2026_Newsletter.pdf,https://charlemont-ma.us/p/24/Town-Clerk,elected-status-verified-seat-count-unresolved,
Charlemont,charlemont-ma/parks-recreation-commissioner,Commissioner,Parks and Recreation Commission Member,True,,at-large,5,,,https://charlemont-ma.us/files/January_2026_Newsletter.pdf,https://charlemont-ma.us/files/January_2026_Newsletter.pdf,https://charlemont-ma.us/p/24/Town-Clerk,elected-status-verified-seat-count-unresolved,
Charlemont,charlemont-ma/planning-board-member,Planning Board Member,Planning Board Member,True,5,at-large,5,True,,https://charlemont-ma.us/files/Town_Report__Year_end_2024_finished.pdf,https://charlemont-ma.us/files/January_2026_Newsletter.pdf,https://charlemont-ma.us/p/24/Town-Clerk,schema-ready,Current Town report identifies five regular Planning Board seats; the 2026 election includes two regular five-year contests plus one one-year remainder of a five-year term.
Charlemont,charlemont-ma/regional-school-committee-member,Regional School Committee Member,Mohawk Trail Regional School Committee Member (Charlemont),True,1,at-large,3,False,,https://charlemont-ma.us/files/January_2026_Newsletter.pdf,https://charlemont-ma.us/files/January_2026_Newsletter.pdf,https://charlemont-ma.us/p/24/Town-Clerk,schema-ready,The January 2026 official newsletter refers to the Charlemont regional seat in the singular and states it is next up in 2027.
Deerfield,deerfield-ma/select-board-member,Select Board Member,Selectboard Member,True,3,at-large,3,True,,https://www.deerfieldma.us/244/Voting-Election-Info,https://www.deerfieldma.us/244/Voting-Election-Info,https://www.deerfieldma.us/DocumentCenter/View/3632,schema-ready,
Deerfield,deerfield-ma/assessor,Assessor,Board of Assessors Member,True,3,at-large,3,True,,https://www.deerfieldma.us/244/Voting-Election-Info,https://www.deerfieldma.us/244/Voting-Election-Info,https://www.deerfieldma.us/DocumentCenter/View/3632,schema-ready,
Deerfield,deerfield-ma/constable,Constable,Constable,True,1,at-large,3,False,,https://www.deerfieldma.us/244/Voting-Election-Info,https://www.deerfieldma.us/244/Voting-Election-Info,https://www.deerfieldma.us/DocumentCenter/View/3632,schema-ready,
Deerfield,deerfield-ma/school-committee-member,School Committee Member,Deerfield School Committee Member,True,5,at-large,3,True,,https://www.deerfieldma.us/201/Public-Schools,https://www.deerfieldma.us/244/Voting-Election-Info,https://www.deerfieldma.us/DocumentCenter/View/3632,schema-ready,
Deerfield,deerfield-ma/oliver-smith-will-elector,Elector,Elector under Oliver Smith Will,True,1,at-large,1,False,,https://www.deerfieldma.us/244/Voting-Election-Info,https://www.deerfieldma.us/244/Voting-Election-Info,https://www.deerfieldma.us/DocumentCenter/View/3632,schema-ready,
Deerfield,deerfield-ma/regional-school-committee-member,Regional School Committee Member,Frontier Regional School Committee Member (Deerfield),True,,at-large,3,,,https://www.deerfieldma.us/201/Public-Schools,https://www.deerfieldma.us/244/Voting-Election-Info,https://www.deerfieldma.us/DocumentCenter/View/3632,elected-status-verified-seat-count-unresolved,Current election materials verify Deerfield-elected Frontier seats and three-year regular terms; the exact Deerfield allocation remains unresolved.
Deerfield,deerfield-ma/planning-board-member,Planning Board Member,Planning Board Member,True,,at-large,3,,,https://www.deerfieldma.us/244/Voting-Election-Info,https://www.deerfieldma.us/244/Voting-Election-Info,https://www.deerfieldma.us/DocumentCenter/View/3632,elected-status-verified-seat-count-unresolved,Current election materials verify elected Planning Board seats with three-year regular terms; total current regular membership remains unresolved.
Deerfield,deerfield-ma/library-trustee,Library Trustee,Tilton Library Trustee,True,,at-large,3,,,https://www.deerfieldma.us/244/Voting-Election-Info,https://www.deerfieldma.us/244/Voting-Election-Info,https://www.deerfieldma.us/DocumentCenter/View/3632,elected-status-verified-seat-count-unresolved,
Deerfield,deerfield-ma/moderator,Moderator,Town Moderator,True,1,at-large,3,False,,https://www.deerfieldma.us/244/Voting-Election-Info,https://www.deerfieldma.us/244/Voting-Election-Info,https://www.deerfieldma.us/DocumentCenter/View/3632,schema-ready,
Deerfield,deerfield-ma/water-commissioner,Water Commissioner,South Deerfield Water Supply District Commissioner,True,3,at-large,3,True,,https://deerfieldma.us/321/South-Deerfield-Water-Supply-District,https://deerfieldma.us/321/South-Deerfield-Water-Supply-District,,schema-ready,Separate district office; commissioners are elected at the Annual District Meeting.
Framingham,framingham-ma/mayor,Mayor,Mayor,True,1,at-large,4,False,,https://www.framinghamma.gov/2703/Elected-Officials,https://www.framinghamma.gov/669/Elections-Voting,https://www.framinghamma.gov/2703/Elected-Officials,schema-ready,
Framingham,framingham-ma/city-council-member,Council Member,City Councilor,True,11,mixed,,False,,https://www.framinghamma.gov/2703/Elected-Officials,https://www.framinghamma.gov/669/Elections-Voting,https://www.framinghamma.gov/2703/Elected-Officials,schema-ready,Mixed council: two at-large members serve four-year terms and nine district members serve two-year terms. A single term_years value is intentionally left unresolved because the stable office combines both classes.
Framingham,framingham-ma/school-committee-member,School Committee Member,District School Committee Member,True,9,district,2,False,,https://www.framinghamma.gov/2703/Elected-Officials,https://www.framinghamma.gov/669/Elections-Voting,https://www.framinghamma.gov/2703/Elected-Officials,schema-ready,
Framingham,framingham-ma/library-trustee,Library Trustee,Library Trustee,True,12,at-large,4,True,,https://www.framinghamma.gov/2703/Elected-Officials,https://www.framinghamma.gov/669/Elections-Voting,https://www.framinghamma.gov/2703/Elected-Officials,schema-ready,
Framingham,framingham-ma/cemetery-trustee,Cemetery Trustee,Cemetery Trustee,True,5,at-large,4,True,,https://www.framinghamma.gov/2703/Elected-Officials,https://www.framinghamma.gov/669/Elections-Voting,https://www.framinghamma.gov/2703/Elected-Officials,schema-ready,
Franklin,franklin-ma/town-council-member,Council Member,Town Councilor,True,9,at-large,2,False,,https://www.franklinma.gov/DocumentCenter/View/9795/2013-Town-of-Franklin-Charter-Report,https://www.franklinma.gov/357/Elections-ArchiveOffice-of-Campaign-and-,https://www.franklinma.gov/DocumentCenter/View/7540/OFFICIAL-RESULTS---11-4-2025---LOCAL-BIENNIAL-ELECTION-11-5-2025,schema-ready,
Franklin,franklin-ma/town-clerk,Town Clerk,Town Clerk,True,1,at-large,4,False,,https://www.franklinma.gov/DocumentCenter/View/9795/2013-Town-of-Franklin-Charter-Report,https://www.franklinma.gov/357/Elections-ArchiveOffice-of-Campaign-and-,https://www.franklinma.gov/DocumentCenter/View/7540/OFFICIAL-RESULTS---11-4-2025---LOCAL-BIENNIAL-ELECTION-11-5-2025,schema-ready,
Franklin,franklin-ma/constable,Constable,Constable,True,3,at-large,4,False,,https://www.franklinma.gov/DocumentCenter/View/9795/2013-Town-of-Franklin-Charter-Report,https://www.franklinma.gov/357/Elections-ArchiveOffice-of-Campaign-and-,,schema-ready,
Franklin,franklin-ma/school-committee-member,School Committee Member,School Committee Member,True,7,at-large,2,False,,https://www.franklinma.gov/DocumentCenter/View/9795/2013-Town-of-Franklin-Charter-Report,https://www.franklinma.gov/357/Elections-ArchiveOffice-of-Campaign-and-,https://www.franklinma.gov/DocumentCenter/View/7540/OFFICIAL-RESULTS---11-4-2025---LOCAL-BIENNIAL-ELECTION-11-5-2025,schema-ready,
Franklin,franklin-ma/planning-board-member,Planning Board Member,Planning Board Member,True,5,at-large,4,True,,https://www.franklinma.gov/158/Boards-Committees,https://www.franklinma.gov/357/Elections-ArchiveOffice-of-Campaign-and-,https://www.franklinma.gov/DocumentCenter/View/7540/OFFICIAL-RESULTS---11-4-2025---LOCAL-BIENNIAL-ELECTION-11-5-2025,schema-ready,
Franklin,franklin-ma/planning-board-associate,Planning Board Associate Member,Planning Board Associate Member,True,1,at-large,4,False,,https://www.franklinma.gov/158/Boards-Committees,https://www.franklinma.gov/357/Elections-ArchiveOffice-of-Campaign-and-,https://www.franklinma.gov/DocumentCenter/View/7540/OFFICIAL-RESULTS---11-4-2025---LOCAL-BIENNIAL-ELECTION-11-5-2025,schema-ready,
Franklin,franklin-ma/board-of-health-member,Board of Health Member,Board of Health Member,True,3,at-large,4,True,,https://www.franklinma.gov/DocumentCenter/View/9795/2013-Town-of-Franklin-Charter-Report,https://www.franklinma.gov/357/Elections-ArchiveOffice-of-Campaign-and-,https://www.franklinma.gov/DocumentCenter/View/7540/OFFICIAL-RESULTS---11-4-2025---LOCAL-BIENNIAL-ELECTION-11-5-2025,schema-ready,
Franklin,franklin-ma/assessor,Assessor,Board of Assessors Member,True,3,at-large,4,True,,https://www.franklinma.gov/DocumentCenter/View/9795/2013-Town-of-Franklin-Charter-Report,https://www.franklinma.gov/357/Elections-ArchiveOffice-of-Campaign-and-,https://www.franklinma.gov/DocumentCenter/View/7540/OFFICIAL-RESULTS---11-4-2025---LOCAL-BIENNIAL-ELECTION-11-5-2025,schema-ready,
Freetown,freetown-ma/select-board-member,Select Board Member,Board of Selectmen / Personnel Board Member,True,3,at-large,3,True,,https://www.freetownma.gov/1296/Elected-Officials-Federal-State-Local,https://www.freetownma.gov/DocumentCenter/View/1510/Annual-Census-Newsletter,https://www.freetownma.gov/1294/Election-Results,schema-ready,
Freetown,freetown-ma/assessor,Assessor,Board of Assessors Member,True,3,at-large,3,True,,https://www.freetownma.gov/1296/Elected-Officials-Federal-State-Local,https://www.freetownma.gov/DocumentCenter/View/1510/Annual-Census-Newsletter,https://www.freetownma.gov/1294/Election-Results,schema-ready,
Freetown,freetown-ma/board-of-health-member,Board of Health Member,Board of Health Member,True,3,at-large,3,True,,https://www.freetownma.gov/1296/Elected-Officials-Federal-State-Local,https://www.freetownma.gov/DocumentCenter/View/1510/Annual-Census-Newsletter,https://www.freetownma.gov/1294/Election-Results,schema-ready,
Freetown,freetown-ma/cemetery-commissioner,Cemetery Commissioner,Cemetery Commissioner,True,3,at-large,3,True,,https://www.freetownma.gov/1296/Elected-Officials-Federal-State-Local,https://www.freetownma.gov/DocumentCenter/View/1510/Annual-Census-Newsletter,https://www.freetownma.gov/1294/Election-Results,schema-ready,
Freetown,freetown-ma/finance-committee-member,Finance Committee Member,Finance Committee Member,True,7,at-large,3,True,,https://www.freetownma.gov/1296/Elected-Officials-Federal-State-Local,https://www.freetownma.gov/DocumentCenter/View/1510/Annual-Census-Newsletter,https://www.freetownma.gov/1294/Election-Results,schema-ready,Seven current elected members; 2026 ballot included two regular three-year seats and one one-year unexpired seat.
Freetown,freetown-ma/highway-surveyor,Surveyor,Highway Surveyor,True,1,at-large,,False,,https://www.freetownma.gov/1296/Elected-Officials-Federal-State-Local,https://www.freetownma.gov/1296/Elected-Officials-Federal-State-Local,https://www.freetownma.gov/1294/Election-Results,schema-ready,Current official elected-official directory identifies the office as elected; regular term length was not independently normalized in this batch.
Freetown,freetown-ma/housing-authority-member,Housing Authority Member,Housing Authority Member,True,4,at-large,5,True,,https://www.freetownma.gov/1296/Elected-Officials-Federal-State-Local,https://www.freetownma.gov/DocumentCenter/View/1510/Annual-Census-Newsletter,https://www.freetownma.gov/1294/Election-Results,schema-ready,"Current elected-official directory lists four locally elected members, including one current vacancy; state-appointed seat, if any, is not modeled."
Freetown,freetown-ma/library-trustee,Library Trustee,Library Trustee,True,6,at-large,3,True,,https://www.freetownma.gov/1296/Elected-Officials-Federal-State-Local,https://www.freetownma.gov/DocumentCenter/View/1510/Annual-Census-Newsletter,https://www.freetownma.gov/1294/Election-Results,schema-ready,
Freetown,freetown-ma/moderator,Moderator,Town Moderator,True,1,at-large,,False,,https://www.freetownma.gov/1296/Elected-Officials-Federal-State-Local,https://www.freetownma.gov/1296/Elected-Officials-Federal-State-Local,https://www.freetownma.gov/1294/Election-Results,schema-ready,
Freetown,freetown-ma/planning-board-member,Planning Board Member,Planning Board Member,True,5,at-large,5,True,,https://www.freetownma.gov/1296/Elected-Officials-Federal-State-Local,https://www.freetownma.gov/DocumentCenter/View/1510/Annual-Census-Newsletter,https://www.freetownma.gov/1294/Election-Results,schema-ready,Five regular elected members; separately listed associate member is not modeled because appointment/election status was not independently established.
Freetown,freetown-ma/regional-school-committee-member,Regional School Committee Member,Freetown-Lakeville Regional School Committee Member (Freetown),True,4,at-large,3,True,,https://www.freetownma.gov/1296/Elected-Officials-Federal-State-Local,https://www.freetownma.gov/DocumentCenter/View/1510/Annual-Census-Newsletter,https://www.freetownma.gov/1294/Election-Results,schema-ready,
Freetown,freetown-ma/regional-vocational-school-committee-member,Regional School Committee Member,Bristol-Plymouth Regional Technical School District Committee Member (Freetown),True,1,at-large,,False,,https://www.freetownma.gov/1296/Elected-Officials-Federal-State-Local,https://www.freetownma.gov/1296/Elected-Officials-Federal-State-Local,,schema-ready,Current elected-official directory identifies one Freetown district representative; regular term length remains unresolved.
Freetown,freetown-ma/town-clerk,Town Clerk,Town Clerk,True,1,at-large,,False,,https://www.freetownma.gov/1296/Elected-Officials-Federal-State-Local,https://www.freetownma.gov/1296/Elected-Officials-Federal-State-Local,https://www.freetownma.gov/1294/Election-Results,schema-ready,
Freetown,freetown-ma/tree-warden,Tree Warden,Tree Warden,True,1,at-large,,False,,https://www.freetownma.gov/1296/Elected-Officials-Federal-State-Local,https://www.freetownma.gov/1296/Elected-Officials-Federal-State-Local,https://www.freetownma.gov/1294/Election-Results,schema-ready,
Freetown,freetown-ma/water-sewer-commissioner,Commissioner,Water & Sewer Commissioner,True,3,at-large,3,True,,https://www.freetownma.gov/1296/Elected-Officials-Federal-State-Local,https://www.freetownma.gov/DocumentCenter/View/1510/Annual-Census-Newsletter,https://www.freetownma.gov/1294/Election-Results,schema-ready,
Gardner,gardner-ma/mayor,Mayor,Mayor,True,1,at-large,2,False,,https://www.gardner-ma.gov/DocumentCenter/View/274/City-Charter-As-Amended-Jan-2-2025?bidId=,https://www.gardner-ma.gov/1021/Elected-Officials,https://www.gardner-ma.gov/1021/Elected-Officials,schema-ready,
Gardner,gardner-ma/city-council-member,Council Member,City Councilor,True,11,mixed,2,False,,https://www.gardner-ma.gov/DocumentCenter/View/274/City-Charter-As-Amended-Jan-2-2025?bidId=,https://www.gardner-ma.gov/1021/Elected-Officials,https://www.gardner-ma.gov/324/City-Council,schema-ready,Eleven-member mixed council: five ward councilors and six at-large councilors.
Gardner,gardner-ma/school-committee-member,School Committee Member,School Committee Member,True,6,at-large,2,False,,https://www.gardner-ma.gov/DocumentCenter/View/274/City-Charter-As-Amended-Jan-2-2025?bidId=,https://www.gardner-ma.gov/1021/Elected-Officials,https://www.gardner-ma.gov/431/School-Committee,schema-ready,Six separately elected members serve with the Mayor as School Committee chair ex officio; Mayor is modeled only under the Mayor office.
Georgetown,georgetown-ma/select-board-member,Select Board Member,Select Board Member,True,5,at-large,,True,,https://www.georgetownma.gov/government/boards___commissions/board_of_selectmen/index.php,https://www.georgetownma.gov/departments/town_clerk/elections/index.php,https://www.georgetownma.gov/departments/town_clerk/elections/election_results.php,schema-ready,Current official roster establishes five seats; current regular term length was not independently normalized.
Georgetown,georgetown-ma/school-committee-member,School Committee Member,School Committee Member,True,5,at-large,,True,,https://georgetownma.gov/government/boards___commissions/school_committee/index.php,https://www.georgetownma.gov/departments/town_clerk/elections/index.php,https://www.georgetownma.gov/departments/town_clerk/elections/election_results.php,schema-ready,
Georgetown,georgetown-ma/planning-board-member,Planning Board Member,Planning Board Member,True,5,at-large,,True,,https://www.georgetownma.gov/government/boards___commissions/planning_board/index.php,https://www.georgetownma.gov/departments/town_clerk/elections/index.php,https://www.georgetownma.gov/departments/town_clerk/elections/election_results.php,schema-ready,
Georgetown,georgetown-ma/assessor,Assessor,Board of Assessors Member,True,3,at-large,,True,,https://www.georgetownma.gov/government/boards___commissions/board_of_assessors/index.php,https://www.georgetownma.gov/departments/town_clerk/elections/index.php,https://www.georgetownma.gov/departments/town_clerk/elections/election_results.php,schema-ready,
Georgetown,georgetown-ma/library-trustee,Library Trustee,Library Trustee,True,6,at-large,3,True,,https://www.georgetownma.gov/government/boards___commissions/library_trustees/index.php,https://www.georgetownma.gov/departments/town_clerk/elections/index.php,https://www.georgetownma.gov/departments/town_clerk/elections/election_results.php,schema-ready,
Georgetown,georgetown-ma/light-commissioner,Commissioner,Board of Light Commissioners Member,True,3,at-large,,True,,https://georgetownma.gov/government/boards___commissions/board_of_light_commissioners/index.php,https://www.georgetownma.gov/departments/town_clerk/elections/index.php,https://www.georgetownma.gov/departments/town_clerk/elections/election_results.php,schema-ready,
Georgetown,georgetown-ma/water-commissioner,Water Commissioner,Water Commissioner,True,3,at-large,,True,,https://www.georgetownma.gov/government/boards___commissions/water_commission/index.php,https://www.georgetownma.gov/departments/town_clerk/elections/index.php,https://www.georgetownma.gov/departments/town_clerk/elections/election_results.php,schema-ready,
Georgetown,georgetown-ma/housing-authority-member,Housing Authority Member,Housing Authority Member,True,,at-large,,,,https://www.georgetownma.gov/government/boards___commissions/housing_authority.php,https://www.georgetownma.gov/departments/town_clerk/elections/index.php,https://www.georgetownma.gov/departments/town_clerk/elections/election_results.php,elected-status-verified-seat-count-unresolved,"Current official roster lists four commissioners, but the locally elected versus appointed composition was not independently normalized; elected status is retained conservatively from the annual election layer, with seat count unresolved."
Gill,gill-ma/select-board-member,Select Board Member,Selectboard Member,True,3,at-large,3,True,,https://gillmass.org/g/16/Selectboard,https://gillmass.org/p/36/Town-Clerk,https://gillmass.org/files/GillNews_2026_2SUMMER.pdf,schema-ready,Selectboard members also serve on the Sewer Commission; no separate elected Sewer Commission office is modeled.
Gill,gill-ma/assessor,Assessor,Board of Assessors Member,True,3,at-large,3,True,,https://gillmass.org/g/2/Board-of-Assessors,https://gillmass.org/p/36/Town-Clerk,https://gillmass.org/files/GillNews_2026_2SUMMER.pdf,schema-ready,
Gill,gill-ma/cemetery-commissioner,Cemetery Commissioner,Cemetery Commissioner,True,3,at-large,3,True,,https://gillmass.org/g/4/Cemetery-Commission,https://gillmass.org/p/36/Town-Clerk,https://gillmass.org/files/GillNews_2026_2SUMMER.pdf,schema-ready,
Gill,gill-ma/constable,Constable,Constable,True,3,at-large,3,True,,https://gillmass.org/p/36/Town-Clerk,https://gillmass.org/p/36/Town-Clerk,https://gillmass.org/files/GillNews_2026_2SUMMER.pdf,schema-ready,
Gill,gill-ma/library-trustee,Library Trustee,Slate Memorial Library Trustee,True,2,at-large,3,True,,https://gillmass.org/p/36/Town-Clerk,https://gillmass.org/p/36/Town-Clerk,https://gillmass.org/files/GillNews_2026_2SUMMER.pdf,schema-ready,Town records identify two elected Slate Memorial Library trustees.
Gill,gill-ma/board-of-health-member,Board of Health Member,Board of Health Member,True,3,at-large,3,True,,https://gillmass.org/g/10/Board-of-Health,https://gillmass.org/p/36/Town-Clerk,https://gillmass.org/files/GillNews_2026_2SUMMER.pdf,schema-ready,
Gill,gill-ma/tree-warden,Tree Warden,Tree Warden,True,1,at-large,3,False,,https://gillmass.org/p/36/Town-Clerk,https://gillmass.org/p/36/Town-Clerk,https://gillmass.org/files/GillNews_2026_2SUMMER.pdf,schema-ready,
Gill,gill-ma/regional-school-committee-member,Regional School Committee Member,Gill-Montague Regional School Committee Member (Gill),True,1,at-large,,False,,https://gillmass.org/p/36/Town-Clerk,https://gillmass.org/p/36/Town-Clerk,https://gillmass.org/files/GillNews_2026_2SUMMER.pdf,schema-ready,2026 election results show one position 'Representing Gill'; regular term length remains unresolved.
Gloucester,gloucester-ma/mayor,Mayor,Mayor,True,1,at-large,2,False,,https://gloucester-ma.gov/documentcenter/view/1254,https://www.gloucester-ma.gov/337/Elections,https://www.gloucester-ma.gov/Archive/ViewFile/Item/19291,schema-ready,
Gloucester,gloucester-ma/city-council-member,Council Member,City Councilor,True,9,mixed,2,False,,https://www.gloucester-ma.gov/121/City-Council,https://www.gloucester-ma.gov/337/Elections,https://www.gloucester-ma.gov/Archive/ViewFile/Item/19291,schema-ready,Nine-member mixed council: four at-large and five ward councilors.
Gloucester,gloucester-ma/school-committee-member,School Committee Member,School Committee Member,True,6,at-large,2,False,,https://www.gloucester-ma.gov/Archive/ViewFile/Item/19291,https://www.gloucester-ma.gov/337/Elections,https://www.gloucester-ma.gov/Archive/ViewFile/Item/19291,schema-ready,Six separately elected members serve with the Mayor as seventh member ex officio; Mayor is modeled only under the Mayor office.
Goshen,goshen-ma/select-board-member,Select Board Member,Select Board Member,True,3,at-large,3,True,,https://www.goshen-ma.us/departments/select-board/,https://www.goshen-ma.us/elections/,https://www.goshen-ma.us/2026-annual-town-election-results/,schema-ready,
Goshen,goshen-ma/assessor,Assessor,Board of Assessors Member,True,3,at-large,3,True,,https://www.goshen-ma.us/departments/board-of-assessors/,https://www.goshen-ma.us/elections/,https://www.goshen-ma.us/2026-annual-town-election-results/,schema-ready,
Goshen,goshen-ma/planning-board-member,Planning Board Member,Planning Board Member,True,5,at-large,,True,,https://www.goshen-ma.us/departments/planning-board/,https://www.goshen-ma.us/elections/,https://www.goshen-ma.us/2026-annual-town-election-results/,schema-ready,Current official board page identifies five members; current regular term length was not independently normalized.
Goshen,goshen-ma/moderator,Moderator,Town Moderator,True,1,at-large,,False,,https://www.goshen-ma.us/government/,https://www.goshen-ma.us/elections/,https://www.goshen-ma.us/2026-annual-town-election-results/,schema-ready,
Goshen,goshen-ma/constable,Constable,Constable,True,1,at-large,,False,,https://www.goshen-ma.us/elections/,https://www.goshen-ma.us/elections/,https://www.goshen-ma.us/2026-annual-town-election-results/,schema-ready,
Goshen,goshen-ma/school-committee-member,School Committee Member,School Committee Member,True,,at-large,,,,https://www.goshen-ma.us/events/,https://www.goshen-ma.us/elections/,https://www.goshen-ma.us/2026-annual-town-election-results/,elected-status-verified-seat-count-unresolved,Current Town calendar and election layer verify an elected school-committee function; total seats and regular term remain unresolved.
Gosnold,gosnold-ma/select-board-board-of-health-member,Select Board Member,Selectboard / Board of Health Member,True,3,at-large,3,True,,https://www.townofgosnold.org/DocumentCenter/View/619/Microsoft-Word---2024-Town-of-Gosnold-Town-Report---fy24_town_report_51125_1,https://www.townofgosnold.org/DocumentCenter/View/619/Microsoft-Word---2024-Town-of-Gosnold-Town-Report---fy24_town_report_51125_1,https://www.townofgosnold.org/DocumentCenter/View/619/Microsoft-Word---2024-Town-of-Gosnold-Town-Report---fy24_town_report_51125_1,schema-ready,"The annual town meeting elects one member per cycle to the three-member Selectboard; the 2024 warrant styles the elected seat as 'Selectboard member, Board of Health member.'"
Gosnold,gosnold-ma/school-committee-member,School Committee Member,School Committee Member,True,,at-large,3,True,,https://www.townofgosnold.org/DocumentCenter/View/619/Microsoft-Word---2024-Town-of-Gosnold-Town-Report---fy24_town_report_51125_1,https://www.townofgosnold.org/DocumentCenter/View/619/Microsoft-Word---2024-Town-of-Gosnold-Town-Report---fy24_town_report_51125_1,https://www.townofgosnold.org/DocumentCenter/View/619/Microsoft-Word---2024-Town-of-Gosnold-Town-Report---fy24_town_report_51125_1,elected-status-verified-seat-count-unresolved,2024 Annual Town Meeting elected two School Committee members for three-year terms; total committee size remains unresolved.
Gosnold,gosnold-ma/library-trustee,Library Trustee,Public Library Trustee,True,,at-large,3,True,,https://www.townofgosnold.org/DocumentCenter/View/619/Microsoft-Word---2024-Town-of-Gosnold-Town-Report---fy24_town_report_51125_1,https://www.townofgosnold.org/DocumentCenter/View/619/Microsoft-Word---2024-Town-of-Gosnold-Town-Report---fy24_town_report_51125_1,https://www.townofgosnold.org/DocumentCenter/View/619/Microsoft-Word---2024-Town-of-Gosnold-Town-Report---fy24_town_report_51125_1,elected-status-verified-seat-count-unresolved,"2024 Annual Town Meeting elected two library trustees, one for a two-year transitional/unexpired seat and one for a regular three-year seat; total board size remains unresolved."
Gosnold,gosnold-ma/harbor-committee-member,Committee Member,Harbor Committee Member,True,,at-large,3,True,,https://www.townofgosnold.org/DocumentCenter/View/619/Microsoft-Word---2024-Town-of-Gosnold-Town-Report---fy24_town_report_51125_1,https://www.townofgosnold.org/DocumentCenter/View/619/Microsoft-Word---2024-Town-of-Gosnold-Town-Report---fy24_town_report_51125_1,https://www.townofgosnold.org/DocumentCenter/View/619/Microsoft-Word---2024-Town-of-Gosnold-Town-Report---fy24_town_report_51125_1,elected-status-verified-seat-count-unresolved,2024 Annual Town Meeting elected two Harbor Committee members for three-year terms; total committee size remains unresolved.
Grafton,grafton-ma/select-board-member,Select Board Member,Select Board Member,True,5,at-large,3,True,,https://www.grafton-ma.gov/1358/Grafton-Home-Rule-Charter-PDF,https://www.grafton-ma.gov/DocumentCenter/View/18915,https://www.grafton-ma.gov/295/Election-Results,schema-ready,
Grafton,grafton-ma/school-committee-member,School Committee Member,School Committee Member,True,5,at-large,3,True,,https://www.grafton-ma.gov/1358/Grafton-Home-Rule-Charter-PDF,https://www.grafton-ma.gov/DocumentCenter/View/18915,https://www.grafton-ma.gov/295/Election-Results,schema-ready,
Grafton,grafton-ma/library-trustee,Library Trustee,Board of Library Trustees Member,True,7,at-large,3,True,,https://www.grafton-ma.gov/1358/Grafton-Home-Rule-Charter-PDF,https://www.grafton-ma.gov/DocumentCenter/View/18915,https://www.grafton-ma.gov/295/Election-Results,schema-ready,
Grafton,grafton-ma/moderator,Moderator,Town Moderator,True,1,at-large,3,False,,https://www.grafton-ma.gov/1358/Grafton-Home-Rule-Charter-PDF,https://www.grafton-ma.gov/DocumentCenter/View/18915,https://www.grafton-ma.gov/295/Election-Results,schema-ready,
Grafton,grafton-ma/planning-board-member,Planning Board Member,Planning Board Member,True,5,at-large,3,True,,https://www.grafton-ma.gov/1358/Grafton-Home-Rule-Charter-PDF,https://www.grafton-ma.gov/DocumentCenter/View/18915,https://www.grafton-ma.gov/295/Election-Results,schema-ready,
Grafton,grafton-ma/housing-authority-member,Housing Authority Member,Housing Authority Member,True,3,at-large,5,True,,https://www.grafton-ma.gov/DocumentCenter/View/19058/What-is-a-Town-Charter,https://www.grafton-ma.gov/DocumentCenter/View/18915,https://www.grafton-ma.gov/295/Election-Results,schema-ready,Town housing-authority composition is three locally elected members plus a tenant member appointed by the Select Board and one state-appointed member; only the three elected seats are modeled.
Grafton,grafton-ma/regional-vocational-school-committee-member,Regional School Committee Member,Blackstone Valley Regional Vocational Technical School Committee Member (Grafton),True,1,at-large,4,False,,https://www.grafton-ma.gov/611/School-Committee---Blackstone-Valley-Reg,https://www.grafton-ma.gov/295/Election-Results,https://www.grafton-ma.gov/295/Election-Results,schema-ready,District page states members are elected locally every four years; Grafton has one represented seat.
Granby,granby-ma/select-board-member,Select Board Member,Selectboard Member,True,3,at-large,,True,,https://www.granby-ma.gov/selectboard,https://www.granby-ma.gov/elections,https://www.granby-ma.gov/elections,schema-ready,Current official site identifies the Selectboard; current elective status retained from municipal election structure. Regular term not independently normalized.
Granby,granby-ma/assessor,Assessor,Board of Assessors Member,True,3,at-large,,True,,https://www.granby-ma.gov/boardofassessors,https://www.granby-ma.gov/elections,https://www.granby-ma.gov/elections,schema-ready,
Granby,granby-ma/planning-board-member,Planning Board Member,Planning Board Member,True,,at-large,,,,https://www.granby-ma.gov/planningboard,https://www.granby-ma.gov/elections,https://www.granby-ma.gov/elections,elected-status-verified-seat-count-unresolved,"Current elected/appointed-officials and election layer support the board's municipal-office status, but elected seat count and term are left unresolved pending better current ballot extraction."
Granby,granby-ma/library-trustee,Library Trustee,Granby Free Public Library Trustee,True,,at-large,,,,https://www.granby-ma.gov/librarytrustees,https://www.granby-ma.gov/elections,https://www.granby-ma.gov/elections,elected-status-verified-seat-count-unresolved,Current official page advertises an unexpired Library Trustee term; elected seat count and regular term remain unresolved.
Granby,granby-ma/school-committee-member,School Committee Member,School Committee Member,True,,at-large,,,,https://www.granby-ma.gov/electedandappointedofficials,https://www.granby-ma.gov/elections,https://www.granby-ma.gov/elections,elected-status-verified-seat-count-unresolved,Current official municipal site maintains School Committee as a town governing body; exact elected seat count and term remain unresolved in this batch.
Granville,granville-ma/select-board-member,Select Board Member,Select Board Member,True,3,at-large,,True,,https://www.granville-ma.gov/281/Boards-Committees,https://www.granville-ma.gov/370/Elections,https://www.granville-ma.gov/370/Elections,schema-ready,
Granville,granville-ma/town-clerk,Town Clerk,Town Clerk,True,1,at-large,,False,,https://www.granville-ma.gov/364/Town-Clerk,https://www.granville-ma.gov/370/Elections,https://www.granville-ma.gov/370/Elections,schema-ready,Official Town Clerk page explicitly states the Town Clerk is elected; current term length remains unresolved.
Granville,granville-ma/moderator,Moderator,Town Moderator,True,1,at-large,1,False,,https://www.granville-ma.gov/337/Moderator,https://www.granville-ma.gov/370/Elections,https://www.granville-ma.gov/370/Elections,schema-ready,
Granville,granville-ma/planning-board-member,Planning Board Member,Planning Board Member,True,5,at-large,3,True,,https://www.granville-ma.gov/341/Planning-Board,https://www.granville-ma.gov/370/Elections,https://www.granville-ma.gov/370/Elections,schema-ready,Official page explicitly describes a five-member elected board; current roster shows overlapping three-year terms.
Granville,granville-ma/library-trustee,Library Trustee,Library Trustee,True,3,at-large,,True,,https://www.granville-ma.gov/247/Library-Trustees,https://www.granville-ma.gov/370/Elections,https://www.granville-ma.gov/370/Elections,schema-ready,Official page explicitly describes a three-member elected board; regular term length not independently normalized.
Granville,granville-ma/recreation-commissioner,Commissioner,Recreation Commission Member,True,5,at-large,3,True,,https://www.granville-ma.gov/352/Recreation-Commission,https://www.granville-ma.gov/370/Elections,https://www.granville-ma.gov/370/Elections,schema-ready,
Great Barrington,great-barrington-ma/select-board-member,Select Board Member,Selectboard Member,True,5,at-large,3,True,,https://www.townofgbma.gov/362/Selectboard,https://www.townofgbma.gov/612/Town-Meetings-Elections-and-Budgets,https://www.townofgbma.gov/DocumentCenter/View/4524/Preliminary-Results-ATE-51226,schema-ready,
Great Barrington,great-barrington-ma/planning-board-member,Planning Board Member,Planning Board Member,True,5,at-large,3,True,,https://www.townofgbma.gov/210/Planning-Board,https://www.townofgbma.gov/612/Town-Meetings-Elections-and-Budgets,https://www.townofgbma.gov/DocumentCenter/View/4524/Preliminary-Results-ATE-51226,schema-ready,Five regular elected members; associate member is appointed and excluded.
Great Barrington,great-barrington-ma/library-trustee,Library Trustee,Board of Library Trustees Member,True,6,at-large,3,True,,https://www.townofgbma.gov/391/Library,https://www.townofgbma.gov/612/Town-Meetings-Elections-and-Budgets,https://www.townofgbma.gov/DocumentCenter/View/4524/Preliminary-Results-ATE-51226,schema-ready,
Great Barrington,great-barrington-ma/finance-committee-member,Finance Committee Member,Finance Committee Member,True,,at-large,3,,,https://www.townofgbma.gov/m/NewsFlash,https://www.townofgbma.gov/612/Town-Meetings-Elections-and-Budgets,https://www.townofgbma.gov/DocumentCenter/View/4524/Preliminary-Results-ATE-51226,elected-status-verified-seat-count-unresolved,2026 election materials expressly list Finance Committee among voter-elected offices; total elected membership remains unresolved.
Great Barrington,great-barrington-ma/board-of-health-member,Board of Health Member,Board of Health Member,True,3,at-large,3,True,,https://www.townofgbma.gov/m/NewsFlash,https://www.townofgbma.gov/612/Town-Meetings-Elections-and-Budgets,https://www.townofgbma.gov/DocumentCenter/View/4524/Preliminary-Results-ATE-51226,schema-ready,
Great Barrington,great-barrington-ma/housing-authority-member,Housing Authority Member,Housing Authority Member,True,,at-large,5,,,https://www.townofgbma.gov/m/NewsFlash,https://www.townofgbma.gov/612/Town-Meetings-Elections-and-Budgets,https://www.townofgbma.gov/DocumentCenter/View/4524/Preliminary-Results-ATE-51226,elected-status-verified-seat-count-unresolved,Current election layer confirms voter-filled Housing Authority seat(s); locally elected versus appointed total composition remains unresolved.
Great Barrington,great-barrington-ma/moderator,Moderator,Town Moderator,True,1,at-large,,False,,https://www.townofgbma.gov/m/NewsFlash,https://www.townofgbma.gov/612/Town-Meetings-Elections-and-Budgets,https://www.townofgbma.gov/DocumentCenter/View/4524/Preliminary-Results-ATE-51226,schema-ready,
Greenfield,greenfield-ma/mayor,Mayor,Mayor,True,1,at-large,4,False,,https://greenfield-ma.gov/government/city_council/index.php,https://greenfield-ma.gov/government/city_council/index.php,https://greenfield-ma.gov/government/mayors_office/mayors_biography.php,schema-ready,
Greenfield,greenfield-ma/city-council-member,Council Member,City Councilor,True,13,mixed,4,True,,https://greenfield-ma.gov/government/city_council/index.php,https://greenfield-ma.gov/government/city_council/index.php,https://greenfield-ma.gov/government/city_council/city_council_members.php,schema-ready,Thirteen-member mixed council: four at-large and nine precinct councilors. Current terms are staggered across election cycles.
Greenfield,greenfield-ma/school-committee-member,School Committee Member,School Committee Member,True,6,at-large,4,True,,https://greenfield-ma.gov/government/city_council/index.php,https://greenfield-ma.gov/government/city_council/index.php,https://greenfield-ma.gov/government/city_council/index.php,schema-ready,Six separately elected at-large members; Mayor serves as seventh School Committee member ex officio and is modeled only as Mayor.
Greenfield,greenfield-ma/assessor,Assessor,Board of Assessors Member,True,3,at-large,4,True,,https://greenfield-ma.gov/government/boards_and_commissions/board_of_assessors.php,https://greenfield-ma.gov/government/city_council/index.php,https://greenfield-ma.gov/government/boards_and_commissions/board_of_assessors.php,schema-ready,Official page labels assessor seats as elected positions.
Greenfield,greenfield-ma/regional-vocational-school-committee-member,Regional School Committee Member,Franklin County Technical School Committee Member (Greenfield),True,4,at-large,3,True,,https://greenfield-ma.gov/government/boards_and_commissions/franklin_county_technical_school_committee.php,https://greenfield-ma.gov/government/city_council/index.php,https://greenfield-ma.gov/government/boards_and_commissions/franklin_county_technical_school_committee.php,schema-ready,
Groton,groton-ma/assessor,Assessor,Board of Assessors Member,True,3,at-large,3,True,,https://www.grotonma.gov/election-information/town-election-nominations/,https://www.grotonma.gov/election-information/town-election-nominations/,https://www.grotonma.gov/election-information/scheduled-elections/,schema-ready,
Groton,groton-ma/board-of-health-member,Board of Health Member,Board of Health Member,True,3,at-large,3,True,,https://www.grotonma.gov/government/boards-and-committees/board-of-health/,https://www.grotonma.gov/election-information/town-election-nominations/,https://www.grotonma.gov/election-information/scheduled-elections/,schema-ready,
Groton,groton-ma/commissioner-of-trust-funds,Commissioner of Trust Funds,Commissioner of Trust Funds,True,3,at-large,3,True,,https://www.grotonma.gov/election-information/town-election-nominations/,https://www.grotonma.gov/election-information/town-election-nominations/,https://www.grotonma.gov/election-information/scheduled-elections/,schema-ready,
Groton,groton-ma/electric-light-commissioner,Commissioner,Electric Light Commissioner,True,3,at-large,3,True,,https://www.grotonma.gov/election-information/town-election-nominations/,https://www.grotonma.gov/election-information/town-election-nominations/,https://www.grotonma.gov/election-information/scheduled-elections/,schema-ready,
Groton,groton-ma/regional-school-committee-member,Regional School Committee Member,Groton-Dunstable Regional School Committee Member (Groton),True,,at-large,3,,,https://www.grotonma.gov/election-information/town-election-nominations/,https://www.grotonma.gov/election-information/town-election-nominations/,https://www.grotonma.gov/election-information/scheduled-elections/,elected-status-verified-seat-count-unresolved,
Groton,groton-ma/housing-authority-member,Housing Authority Member,Housing Authority Member,True,,at-large,5,,,https://www.grotonma.gov/election-information/town-election-nominations/,https://www.grotonma.gov/election-information/town-election-nominations/,https://www.grotonma.gov/election-information/scheduled-elections/,elected-status-verified-seat-count-unresolved,Current election page verifies an elected five-year Housing Authority seat; total locally elected composition remains unresolved.
Groton,groton-ma/library-trustee,Library Trustee,Library Trustee,True,6,at-large,3,True,,https://www.grotonma.gov/election-information/town-election-nominations/,https://www.grotonma.gov/election-information/town-election-nominations/,https://www.grotonma.gov/election-information/scheduled-elections/,schema-ready,
Groton,groton-ma/park-commissioner,Park Commissioner,Park Commissioner,True,5,at-large,3,True,,https://www.grotonma.gov/election-information/town-election-nominations/,https://www.grotonma.gov/election-information/town-election-nominations/,https://www.grotonma.gov/election-information/scheduled-elections/,schema-ready,2026 ballot includes two regular three-year seats and one two-year unexpired seat; five-seat total preserved from current town structure.
Groton,groton-ma/planning-board-member,Planning Board Member,Planning Board Member,True,7,at-large,3,True,,https://www.grotonma.gov/government/boards-and-committees/planning-board/,https://www.grotonma.gov/election-information/town-election-nominations/,https://www.grotonma.gov/election-information/scheduled-elections/,schema-ready,
Groton,groton-ma/select-board-member,Select Board Member,Select Board Member,True,5,at-large,3,True,,https://www.grotonma.gov/government/boards-and-committees/select-board/,https://www.grotonma.gov/election-information/town-election-nominations/,https://www.grotonma.gov/election-information/scheduled-elections/,schema-ready,
Groton,groton-ma/sewer-commissioner,Commissioner,Sewer Commissioner,True,3,at-large,3,True,,https://www.grotonma.gov/election-information/town-election-nominations/,https://www.grotonma.gov/election-information/town-election-nominations/,https://www.grotonma.gov/election-information/scheduled-elections/,schema-ready,
Groton,groton-ma/water-commissioner,Water Commissioner,Water Commissioner,True,3,at-large,3,True,,https://www.grotonma.gov/election-information/town-election-nominations/,https://www.grotonma.gov/election-information/town-election-nominations/,https://www.grotonma.gov/election-information/scheduled-elections/,schema-ready,
Groveland,groveland-ma/select-board-member,Select Board Member,Select Board Member,True,5,at-large,3,True,,https://www.grovelandma.com/government/boards_committees/select_board/index.php,https://www.grovelandma.com/news_detail_T3_R58.php,https://www.grovelandma.com/departments/clerk/elections_voting.php,schema-ready,
Groveland,groveland-ma/board-of-health-member,Board of Health Member,Board of Health Member,True,3,at-large,3,True,,https://www.grovelandma.com/news_detail_T3_R58.php,https://www.grovelandma.com/news_detail_T3_R58.php,https://www.grovelandma.com/departments/clerk/elections_voting.php,schema-ready,
Groveland,groveland-ma/light-commissioner,Commissioner,Light Commissioner,True,3,at-large,3,True,,https://www.grovelandma.com/news_detail_T3_R58.php,https://www.grovelandma.com/news_detail_T3_R58.php,https://www.grovelandma.com/departments/clerk/elections_voting.php,schema-ready,
Groveland,groveland-ma/library-trustee,Library Trustee,Board of Library Trustees Member,True,6,at-large,3,True,,https://www.grovelandma.com/news_detail_T3_R58.php,https://www.grovelandma.com/news_detail_T3_R58.php,https://www.grovelandma.com/departments/clerk/elections_voting.php,schema-ready,
Groveland,groveland-ma/housing-authority-member,Housing Authority Member,Housing Authority Member,True,,at-large,5,,,https://www.grovelandma.com/news_detail_T3_R58.php,https://www.grovelandma.com/news_detail_T3_R58.php,https://www.grovelandma.com/departments/clerk/elections_voting.php,elected-status-verified-seat-count-unresolved,
Groveland,groveland-ma/school-committee-member,School Committee Member,School Committee Member,True,,at-large,3,,,https://www.grovelandma.com/news_detail_T3_R58.php,https://www.grovelandma.com/news_detail_T3_R58.php,https://www.grovelandma.com/departments/clerk/elections_voting.php,elected-status-verified-seat-count-unresolved,
Groveland,groveland-ma/moderator,Moderator,Town Moderator,True,1,at-large,1,False,,https://www.grovelandma.com/news_detail_T3_R58.php,https://www.grovelandma.com/news_detail_T3_R58.php,https://www.grovelandma.com/departments/clerk/elections_voting.php,schema-ready,
Groveland,groveland-ma/cemetery-commissioner,Cemetery Commissioner,Cemetery Commissioner,True,3,at-large,3,True,,https://www.grovelandma.com/news_detail_T3_R58.php,https://www.grovelandma.com/news_detail_T3_R58.php,https://www.grovelandma.com/departments/clerk/elections_voting.php,schema-ready,
Groveland,groveland-ma/assessor,Assessor,Board of Assessors Member,True,3,at-large,3,True,,https://www.grovelandma.com/government/boards_committees/board_of_assessors/index.php,https://www.grovelandma.com/news_detail_T3_R58.php,https://www.grovelandma.com/departments/clerk/elections_voting.php,schema-ready,
Groveland,groveland-ma/planning-board-member,Planning Board Member,Planning Board Member,True,5,at-large,5,True,,https://www.grovelandma.com/news_detail_T3_R58.php,https://www.grovelandma.com/news_detail_T3_R58.php,https://www.grovelandma.com/departments/clerk/elections_voting.php,schema-ready,
Groveland,groveland-ma/water-sewer-commissioner,Commissioner,Water & Sewer Commissioner,True,3,at-large,3,True,,https://www.grovelandma.com/news_detail_T3_R58.php,https://www.grovelandma.com/news_detail_T3_R58.php,https://www.grovelandma.com/departments/clerk/elections_voting.php,schema-ready,
Hadley,hadley-ma/select-board-member,Select Board Member,Select Board Member,True,5,at-large,3,True,,https://www.hadleyma.org/select-board,https://www.hadleyma.org/town-clerk,https://www.hadleyma.org/home/news/annual-town-election-results,schema-ready,
Hadley,hadley-ma/assessor,Assessor,Board of Assessors Member,True,3,at-large,3,True,,https://www.hadleyma.org/board-assessors,https://www.hadleyma.org/town-clerk,https://www.hadleyma.org/home/news/annual-town-election-results,schema-ready,
Hadley,hadley-ma/board-of-health-member,Board of Health Member,Board of Health Member,True,3,at-large,3,True,,https://www.hadleyma.org/town-clerk,https://www.hadleyma.org/town-clerk,https://www.hadleyma.org/home/news/annual-town-election-results,schema-ready,
Hadley,hadley-ma/planning-board-member,Planning Board Member,Planning Board Member,True,5,at-large,5,True,,https://www.hadleyma.org/town-clerk,https://www.hadleyma.org/town-clerk,https://www.hadleyma.org/home/news/annual-town-election-results,schema-ready,
Hadley,hadley-ma/school-committee-member,School Committee Member,School Committee Member,True,5,at-large,3,True,,https://www.hadleyma.org/town-clerk,https://www.hadleyma.org/town-clerk,https://www.hadleyma.org/home/news/annual-town-election-results,schema-ready,
Hadley,hadley-ma/oliver-smith-will-elector,Elector,Elector Under Oliver Smith Will,True,1,at-large,1,False,,https://www.hadleyma.org/town-clerk,https://www.hadleyma.org/town-clerk,https://www.hadleyma.org/home/news/annual-town-election-results,schema-ready,
Hadley,hadley-ma/library-trustee,Library Trustee,Library Trustee,True,,at-large,3,,,https://www.hadleyma.org/town-clerk,https://www.hadleyma.org/town-clerk,https://www.hadleyma.org/home/news/annual-town-election-results,elected-status-verified-seat-count-unresolved,
Hadley,hadley-ma/moderator,Moderator,Town Moderator,True,1,at-large,3,False,,https://www.hadleyma.org/town-clerk,https://www.hadleyma.org/town-clerk,https://www.hadleyma.org/home/news/annual-town-election-results,schema-ready,
Halifax,halifax-ma/select-board-member,Select Board Member,Board of Selectmen Member,True,3,at-large,3,True,,https://www.halifaxma.gov/2000/Board-of-Selectmen,https://www.halifaxma.gov/DocumentCenter/View/7649,https://www.halifaxma.gov/2086/Election-Results,schema-ready,
Halifax,halifax-ma/assessor,Assessor,Board of Assessors Member,True,3,at-large,3,True,,https://www.halifaxma.gov/DocumentCenter/View/7649,https://www.halifaxma.gov/DocumentCenter/View/7649,https://www.halifaxma.gov/2086/Election-Results,schema-ready,
Halifax,halifax-ma/board-of-health-member,Board of Health Member,Board of Health Member,True,3,at-large,3,True,,https://www.halifaxma.gov/DocumentCenter/View/7649,https://www.halifaxma.gov/DocumentCenter/View/7649,https://www.halifaxma.gov/2086/Election-Results,schema-ready,
Halifax,halifax-ma/housing-authority-member,Housing Authority Member,Halifax Housing Authority Member,True,,at-large,3,,,https://www.halifaxma.gov/DocumentCenter/View/7649,https://www.halifaxma.gov/DocumentCenter/View/7649,https://www.halifaxma.gov/2086/Election-Results,elected-status-verified-seat-count-unresolved,2026 warrant includes one regular three-year seat and one two-year unexpired seat; total locally elected/appointed composition remains unresolved.
Halifax,halifax-ma/library-trustee,Library Trustee,Board of Library Trustees Member,True,6,at-large,3,True,,https://www.halifaxma.gov/DocumentCenter/View/7649,https://www.halifaxma.gov/DocumentCenter/View/7649,https://www.halifaxma.gov/2086/Election-Results,schema-ready,Two regular three-year trustee seats are elected each annual cycle; six-seat total preserved from repeated official election pattern.
Halifax,halifax-ma/park-commissioner,Park Commissioner,Park Commissioner,True,3,at-large,3,True,,https://www.halifaxma.gov/DocumentCenter/View/7649,https://www.halifaxma.gov/DocumentCenter/View/7649,https://www.halifaxma.gov/2086/Election-Results,schema-ready,
Halifax,halifax-ma/planning-board-member,Planning Board Member,Planning Board Member,True,5,at-large,5,True,,https://www.halifaxma.gov/DocumentCenter/View/7649,https://www.halifaxma.gov/DocumentCenter/View/7649,https://www.halifaxma.gov/2086/Election-Results,schema-ready,
Halifax,halifax-ma/elementary-school-committee-member,School Committee Member,Halifax Elementary School Committee Member,True,5,at-large,3,True,,https://www.halifaxma.gov/DocumentCenter/View/7649,https://www.halifaxma.gov/DocumentCenter/View/7649,https://www.halifaxma.gov/2086/Election-Results,schema-ready,
Halifax,halifax-ma/regional-school-committee-member,Regional School Committee Member,Silver Lake Regional School Committee Member (Halifax),True,,at-large,3,,,https://www.halifaxma.gov/DocumentCenter/View/7649,https://www.halifaxma.gov/DocumentCenter/View/7649,https://www.halifaxma.gov/2086/Election-Results,elected-status-verified-seat-count-unresolved,
Halifax,halifax-ma/water-commissioner,Water Commissioner,Board of Water Commissioners Member,True,3,at-large,3,True,,https://www.halifaxma.gov/DocumentCenter/View/7649,https://www.halifaxma.gov/DocumentCenter/View/7649,https://www.halifaxma.gov/2086/Election-Results,schema-ready,The 2026 warrant still elected one three-year commissioner; a separate home-rule petition proposed conversion to appointed status. Current elected office retained pending enacted transition.
Hamilton,hamilton-ma/select-board-member,Select Board Member,Select Board Member,True,5,at-large,3,True,,https://www.hamiltonma.gov/wp-content/uploads/2026/01/2026-Election-Dates-Open-Positions3.pdf,https://www.hamiltonma.gov/wp-content/uploads/2026/01/2026-Election-Dates-Open-Positions3.pdf,https://www.hamiltonma.gov/wp-content/uploads/2026/01/2026-Election-Dates-Open-Positions3.pdf,schema-ready,
Hamilton,hamilton-ma/moderator,Moderator,Town Moderator,True,1,at-large,1,False,,https://www.hamiltonma.gov/wp-content/uploads/2026/01/2026-Election-Dates-Open-Positions3.pdf,https://www.hamiltonma.gov/wp-content/uploads/2026/01/2026-Election-Dates-Open-Positions3.pdf,https://www.hamiltonma.gov/wp-content/uploads/2026/01/2026-Election-Dates-Open-Positions3.pdf,schema-ready,
Hamilton,hamilton-ma/town-clerk,Town Clerk,Town Clerk,True,1,at-large,3,False,,https://www.hamiltonma.gov/wp-content/uploads/2026/01/2026-Election-Dates-Open-Positions3.pdf,https://www.hamiltonma.gov/wp-content/uploads/2026/01/2026-Election-Dates-Open-Positions3.pdf,https://www.hamiltonma.gov/wp-content/uploads/2026/01/2026-Election-Dates-Open-Positions3.pdf,schema-ready,
Hamilton,hamilton-ma/assessor,Assessor,Board of Assessors Member,True,3,at-large,3,True,,https://www.hamiltonma.gov/wp-content/uploads/2026/01/2026-Election-Dates-Open-Positions3.pdf,https://www.hamiltonma.gov/wp-content/uploads/2026/01/2026-Election-Dates-Open-Positions3.pdf,https://www.hamiltonma.gov/wp-content/uploads/2026/01/2026-Election-Dates-Open-Positions3.pdf,schema-ready,
Hamilton,hamilton-ma/planning-board-member,Planning Board Member,Planning Board Member,True,7,at-large,3,True,,https://www.hamiltonma.gov/government/planning-board/,https://www.hamiltonma.gov/wp-content/uploads/2026/01/2026-Election-Dates-Open-Positions3.pdf,https://www.hamiltonma.gov/wp-content/uploads/2026/01/2026-Election-Dates-Open-Positions3.pdf,schema-ready,
Hamilton,hamilton-ma/library-trustee,Library Trustee,Hamilton-Wenham Library Trustee (Hamilton),True,,at-large,3,,,https://www.hamiltonma.gov/government/hamilton-wenham-library-trustees/,https://www.hamiltonma.gov/wp-content/uploads/2026/01/2026-Election-Dates-Open-Positions3.pdf,https://www.hamiltonma.gov/wp-content/uploads/2026/01/2026-Election-Dates-Open-Positions3.pdf,elected-status-verified-seat-count-unresolved,"2026 ballot confirms a Hamilton-designated three-year seat. Current joint board page labels multiple Hamilton and at-large-Hamilton members, so municipality-specific elected seat total is left unresolved."
Hamilton,hamilton-ma/housing-authority-member,Housing Authority Member,Hamilton Housing Authority Member,True,,at-large,5,,,https://www.hamiltonma.gov/wp-content/uploads/2026/01/2026-Election-Dates-Open-Positions3.pdf,https://www.hamiltonma.gov/wp-content/uploads/2026/01/2026-Election-Dates-Open-Positions3.pdf,https://www.hamiltonma.gov/wp-content/uploads/2026/01/2026-Election-Dates-Open-Positions3.pdf,elected-status-verified-seat-count-unresolved,
Hamilton,hamilton-ma/regional-school-committee-member,Regional School Committee Member,Hamilton-Wenham Regional School Committee Member,True,,at-large,3,,,https://www.hamiltonma.gov/government/hamilton-wenham-school-committee/,https://www.hamiltonma.gov/wp-content/uploads/2026/01/2026-Election-Dates-Open-Positions3.pdf,https://www.hamiltonma.gov/wp-content/uploads/2026/01/2026-Election-Dates-Open-Positions3.pdf,elected-status-verified-seat-count-unresolved,2026 election calendar lists two regular three-year and two transitional two-year district seats. Municipality-specific stable allocation is unresolved.
Hampden,hampden-ma/moderator,Moderator,Town Moderator,True,1,at-large,1,False,,https://hampdenma.gov/DocumentCenter/View/1367/2026-Annual-Election-Warrant-PDF,https://hampdenma.gov/DocumentCenter/View/1367/2026-Annual-Election-Warrant-PDF,https://hampdenma.gov/DocumentCenter/View/1367/2026-Annual-Election-Warrant-PDF,schema-ready,
Hampden,hampden-ma/select-board-member,Select Board Member,Selectboard Member,True,3,at-large,3,True,,https://hampdenma.gov/176/Selectboard,https://hampdenma.gov/DocumentCenter/View/1367/2026-Annual-Election-Warrant-PDF,https://hampdenma.gov/DocumentCenter/View/1367/2026-Annual-Election-Warrant-PDF,schema-ready,
Hampden,hampden-ma/assessor,Assessor,Board of Assessors Member,True,3,at-large,3,True,,https://hampdenma.gov/166/Board-of-Assessors,https://hampdenma.gov/DocumentCenter/View/1367/2026-Annual-Election-Warrant-PDF,https://hampdenma.gov/DocumentCenter/View/1367/2026-Annual-Election-Warrant-PDF,schema-ready,
Hampden,hampden-ma/regional-school-committee-member,Regional School Committee Member,Hampden-Wilbraham Regional School Committee Member (Hampden),True,,at-large,3,,,https://hampdenma.gov/DocumentCenter/View/1367/2026-Annual-Election-Warrant-PDF,https://hampdenma.gov/DocumentCenter/View/1367/2026-Annual-Election-Warrant-PDF,https://hampdenma.gov/DocumentCenter/View/1367/2026-Annual-Election-Warrant-PDF,elected-status-verified-seat-count-unresolved,
Hampden,hampden-ma/library-trustee,Library Trustee,Hampden Free Library Trustee,True,,at-large,3,,,https://hampdenma.gov/DocumentCenter/View/1367/2026-Annual-Election-Warrant-PDF,https://hampdenma.gov/DocumentCenter/View/1367/2026-Annual-Election-Warrant-PDF,https://hampdenma.gov/DocumentCenter/View/1367/2026-Annual-Election-Warrant-PDF,elected-status-verified-seat-count-unresolved,
Hampden,hampden-ma/planning-board-member,Planning Board Member,Planning Board Member,True,5,at-large,5,True,,https://hampdenma.gov/DocumentCenter/View/1367/2026-Annual-Election-Warrant-PDF,https://hampdenma.gov/DocumentCenter/View/1367/2026-Annual-Election-Warrant-PDF,https://hampdenma.gov/DocumentCenter/View/1367/2026-Annual-Election-Warrant-PDF,schema-ready,
Hampden,hampden-ma/housing-authority-member,Housing Authority Member,Hampden Housing Authority Member,True,,at-large,5,,,https://hampdenma.gov/223/Housing-Authority,https://hampdenma.gov/DocumentCenter/View/1367/2026-Annual-Election-Warrant-PDF,https://hampdenma.gov/DocumentCenter/View/1367/2026-Annual-Election-Warrant-PDF,elected-status-verified-seat-count-unresolved,
Hancock,hancock-ma/assessor,Assessor,Board of Assessors Member,True,3,at-large,,True,,https://town.hancock.ma.us/files/2026/04/Hancock-Annual-Report-2025.pdf,https://town.hancock.ma.us/files/2026/04/Hancock-Annual-Report-2025.pdf,https://town.hancock.ma.us/files/2026/04/Hancock-Annual-Report-2025.pdf,schema-ready,
Hancock,hancock-ma/board-of-health-member,Board of Health Member,Board of Health Member,True,5,at-large,3,True,,https://town.hancock.ma.us/files/2026/04/Hancock-Annual-Report-2025.pdf,https://town.hancock.ma.us/files/2026/04/Hancock-Annual-Report-2025.pdf,https://town.hancock.ma.us/files/2026/04/Hancock-Annual-Report-2025.pdf,schema-ready,
Hancock,hancock-ma/select-board-member,Select Board Member,Board of Selectmen Member,True,3,at-large,3,True,,https://town.hancock.ma.us/files/2026/04/Hancock-Annual-Report-2025.pdf,https://town.hancock.ma.us/files/2026/04/Hancock-Annual-Report-2025.pdf,https://town.hancock.ma.us/files/2026/04/Hancock-Annual-Report-2025.pdf,schema-ready,
Hancock,hancock-ma/cemetery-commissioner,Cemetery Commissioner,Cemetery Commissioner,True,3,at-large,3,True,,https://town.hancock.ma.us/files/2026/04/Hancock-Annual-Report-2025.pdf,https://town.hancock.ma.us/files/2026/04/Hancock-Annual-Report-2025.pdf,https://town.hancock.ma.us/files/2026/04/Hancock-Annual-Report-2025.pdf,schema-ready,
Hancock,hancock-ma/constable,Constable,Constable,True,1,at-large,,False,,https://town.hancock.ma.us/files/2026/04/Hancock-Annual-Report-2025.pdf,https://town.hancock.ma.us/files/2026/04/Hancock-Annual-Report-2025.pdf,https://town.hancock.ma.us/files/2026/04/Hancock-Annual-Report-2025.pdf,schema-ready,
Hancock,hancock-ma/finance-committee-member,Finance Committee Member,Finance Committee Member,True,3,at-large,3,True,,https://town.hancock.ma.us/files/2026/04/Hancock-Annual-Report-2025.pdf,https://town.hancock.ma.us/files/2026/04/Hancock-Annual-Report-2025.pdf,https://town.hancock.ma.us/files/2026/04/Hancock-Annual-Report-2025.pdf,schema-ready,
Hancock,hancock-ma/library-trustee,Library Trustee,Library Trustee,True,3,at-large,3,True,,https://town.hancock.ma.us/files/2026/04/Hancock-Annual-Report-2025.pdf,https://town.hancock.ma.us/files/2026/04/Hancock-Annual-Report-2025.pdf,https://town.hancock.ma.us/files/2026/04/Hancock-Annual-Report-2025.pdf,schema-ready,
Hancock,hancock-ma/moderator,Moderator,Town Moderator,True,1,at-large,1,False,,https://town.hancock.ma.us/files/2026/04/Hancock-Annual-Report-2025.pdf,https://town.hancock.ma.us/files/2026/04/Hancock-Annual-Report-2025.pdf,https://town.hancock.ma.us/files/2026/04/Hancock-Annual-Report-2025.pdf,schema-ready,
Hancock,hancock-ma/planning-board-member,Planning Board Member,Planning Board Member,True,5,at-large,3,True,,https://town.hancock.ma.us/files/2026/04/Hancock-Annual-Report-2025.pdf,https://town.hancock.ma.us/files/2026/04/Hancock-Annual-Report-2025.pdf,https://town.hancock.ma.us/files/2026/04/Hancock-Annual-Report-2025.pdf,schema-ready,
Hancock,hancock-ma/school-committee-member,School Committee Member,School Committee Member,True,5,at-large,3,True,,https://town.hancock.ma.us/files/2026/04/Hancock-Annual-Report-2025.pdf,https://town.hancock.ma.us/files/2026/04/Hancock-Annual-Report-2025.pdf,https://town.hancock.ma.us/files/2026/04/Hancock-Annual-Report-2025.pdf,schema-ready,
Hancock,hancock-ma/tax-collector,Collector,Tax Collector,True,1,at-large,,False,,https://town.hancock.ma.us/files/2026/04/Hancock-Annual-Report-2025.pdf,https://town.hancock.ma.us/files/2026/04/Hancock-Annual-Report-2025.pdf,https://town.hancock.ma.us/files/2026/04/Hancock-Annual-Report-2025.pdf,schema-ready,
Hancock,hancock-ma/town-clerk,Town Clerk,Town Clerk,True,1,at-large,,False,,https://town.hancock.ma.us/files/2026/04/Hancock-Annual-Report-2025.pdf,https://town.hancock.ma.us/files/2026/04/Hancock-Annual-Report-2025.pdf,https://town.hancock.ma.us/files/2026/04/Hancock-Annual-Report-2025.pdf,schema-ready,
Hancock,hancock-ma/treasurer,Treasurer,Town Treasurer,True,1,at-large,,False,,https://town.hancock.ma.us/files/2026/04/Hancock-Annual-Report-2025.pdf,https://town.hancock.ma.us/files/2026/04/Hancock-Annual-Report-2025.pdf,https://town.hancock.ma.us/files/2026/04/Hancock-Annual-Report-2025.pdf,schema-ready,
Hanover,hanover-ma/select-board-member,Select Board Member,Select Board Member,True,5,at-large,3,True,,https://www.hanover-ma.gov/finance-department/town-clerk/news/nomination-papers-are-now-available-for-the-hanover-2026-annual,https://www.hanover-ma.gov/finance-department/town-clerk/news/nomination-papers-are-now-available-for-the-hanover-2026-annual,https://www.hanover-ma.gov/finance-department/town-clerk/pages/election-results-and-election-workers,schema-ready,
Hanover,hanover-ma/school-committee-member,School Committee Member,School Committee Member,True,5,at-large,3,True,,https://www.hanover-ma.gov/school-committee,https://www.hanover-ma.gov/finance-department/town-clerk/news/nomination-papers-are-now-available-for-the-hanover-2026-annual,https://www.hanover-ma.gov/finance-department/town-clerk/pages/election-results-and-election-workers,schema-ready,
Hanover,hanover-ma/assessor,Assessor,Board of Assessors Member,True,3,at-large,3,True,,https://www.hanover-ma.gov/finance-department/town-clerk/news/nomination-papers-are-now-available-for-the-hanover-2026-annual,https://www.hanover-ma.gov/finance-department/town-clerk/news/nomination-papers-are-now-available-for-the-hanover-2026-annual,https://www.hanover-ma.gov/finance-department/town-clerk/pages/election-results-and-election-workers,schema-ready,
Hanover,hanover-ma/planning-board-member,Planning Board Member,Planning Board Member,True,7,at-large,5,True,,https://www.hanover-ma.gov/finance-department/town-clerk/news/nomination-papers-are-now-available-for-the-hanover-2026-annual,https://www.hanover-ma.gov/finance-department/town-clerk/news/nomination-papers-are-now-available-for-the-hanover-2026-annual,https://www.hanover-ma.gov/finance-department/town-clerk/pages/election-results-and-election-workers,schema-ready,
Hanover,hanover-ma/board-of-health-member,Board of Health Member,Board of Health Member,True,3,at-large,3,True,,https://www.hanover-ma.gov/finance-department/town-clerk/news/nomination-papers-are-now-available-for-the-hanover-2026-annual,https://www.hanover-ma.gov/finance-department/town-clerk/news/nomination-papers-are-now-available-for-the-hanover-2026-annual,https://www.hanover-ma.gov/finance-department/town-clerk/pages/election-results-and-election-workers,schema-ready,
Hanover,hanover-ma/library-trustee,Library Trustee,Trustee of the Public Library,True,3,at-large,3,True,,https://www.hanover-ma.gov/finance-department/town-clerk/news/nomination-papers-are-now-available-for-the-hanover-2026-annual,https://www.hanover-ma.gov/finance-department/town-clerk/news/nomination-papers-are-now-available-for-the-hanover-2026-annual,https://www.hanover-ma.gov/finance-department/town-clerk/pages/election-results-and-election-workers,schema-ready,
Hanover,hanover-ma/moderator,Moderator,Town Moderator,True,1,at-large,1,False,,https://www.hanover-ma.gov/finance-department/town-clerk/news/nomination-papers-are-now-available-for-the-hanover-2026-annual,https://www.hanover-ma.gov/finance-department/town-clerk/news/nomination-papers-are-now-available-for-the-hanover-2026-annual,https://www.hanover-ma.gov/finance-department/town-clerk/pages/election-results-and-election-workers,schema-ready,
Hanover,hanover-ma/town-clerk,Town Clerk,Town Clerk,True,1,at-large,3,False,,https://www.hanover-ma.gov/home/news/nomination-papers-are-now-available-for-the-upcoming-hanover-2025-annual-town-election,https://www.hanover-ma.gov/finance-department/town-clerk/pages/election-results-and-election-workers,https://www.hanover-ma.gov/finance-department/town-clerk/pages/election-results-and-election-workers,schema-ready,Town Clerk was a three-year elected office on the 2025 annual ballot and remains modeled absent evidence of subsequent conversion.
Hanson,hanson-ma/select-board-member,Select Board Member,Select Board Member,True,5,at-large,3,True,,https://www.hanson-ma.gov/select-board,https://www.hanson-ma.gov/town-clerk/pages/town-meeting-and-election-schedule-2026,https://www.hanson-ma.gov/town-clerk/pages/election-results,schema-ready,
Hanson,hanson-ma/planning-board-member,Planning Board Member,Planning Board Member,True,5,at-large,5,True,,https://www.hanson-ma.gov/planning-boarddepartment,https://www.hanson-ma.gov/town-clerk/pages/town-meeting-and-election-schedule-2026,https://www.hanson-ma.gov/town-clerk/pages/election-results,schema-ready,
Hanson,hanson-ma/board-of-health-member,Board of Health Member,Board of Health Member,True,3,at-large,3,True,,https://www.hanson-ma.gov/board-health,https://www.hanson-ma.gov/town-clerk/pages/town-meeting-and-election-schedule-2026,https://www.hanson-ma.gov/town-clerk/pages/election-results,schema-ready,
Hanson,hanson-ma/assessor,Assessor,Board of Assessors Member,True,3,at-large,3,True,,https://www.hanson-ma.gov/board-assessors,https://www.hanson-ma.gov/town-clerk/pages/town-meeting-and-election-schedule-2026,https://www.hanson-ma.gov/town-clerk/pages/election-results,schema-ready,
Hanson,hanson-ma/regional-school-committee-member,Regional School Committee Member,Whitman-Hanson Regional School Committee Member (Hanson),True,,at-large,3,,,https://www.hanson-ma.gov/school-committee-whrsd,https://www.hanson-ma.gov/town-clerk/pages/town-meeting-and-election-schedule-2026,https://www.hanson-ma.gov/town-clerk/pages/election-results,elected-status-verified-seat-count-unresolved,Hanson-designated regional seats are elected; total Hanson allocation remains unresolved in this batch.
Hanson,hanson-ma/regional-vocational-school-committee-member,Regional School Committee Member,South Shore Regional Vocational Technical School Committee Member (Hanson),True,1,at-large,,False,,https://www.hanson-ma.gov/school-committee-south-shore-regional,https://www.hanson-ma.gov/town-clerk/pages/town-meeting-and-election-schedule-2026,https://www.hanson-ma.gov/town-clerk/pages/election-results,schema-ready,
Hanson,hanson-ma/library-trustee,Library Trustee,Library Trustee,True,,at-large,3,,,https://www.hanson-ma.gov/boards,https://www.hanson-ma.gov/town-clerk/pages/town-meeting-and-election-schedule-2026,https://www.hanson-ma.gov/town-clerk/pages/election-results,elected-status-verified-seat-count-unresolved,Library Trustees are carried as voter-elected based on the annual election layer; total current elected seat count remains unresolved.
Hardwick,hardwick-ma/select-board-member,Select Board Member,Select Board Member,True,3,at-large,3,True,,https://www.hardwick-ma.gov/home-page/page/2026-annual-town-election-information,https://www.hardwick-ma.gov/home-page/page/2026-annual-town-election-information,https://www.hardwick-ma.gov/home-page/page/2026-annual-town-election-results,schema-ready,
Hardwick,hardwick-ma/planning-board-member,Planning Board Member,Planning Board Member,True,5,at-large,3,True,,https://www.hardwick-ma.gov/home-page/page/2026-annual-town-election-information,https://www.hardwick-ma.gov/home-page/page/2026-annual-town-election-information,https://www.hardwick-ma.gov/home-page/page/2026-annual-town-election-results,schema-ready,Three-year Planning Board terms are confirmed by the 2025 official election results; five-member total retained from current town board structure.
Hardwick,hardwick-ma/library-trustee,Library Trustee,Paige Memorial Library Trustee,True,,at-large,3,,,https://www.hardwick-ma.gov/town-clerk/page/election-files-0,https://www.hardwick-ma.gov/home-page/page/2026-annual-town-election-information,https://www.hardwick-ma.gov/home-page/page/2026-annual-town-election-results,elected-status-verified-seat-count-unresolved,Official election archive confirms voter-elected Paige Memorial Library Trustee seats; total current elected board size remains unresolved.
Harvard,harvard-ma/moderator,Moderator,Town Moderator,True,1,at-large,,False,,https://www.harvard-ma.gov/761/Volunteer-Handbook,https://www.harvard-ma.gov/373/Elected-Officials---Town,https://www.harvard-ma.gov/373/Elected-Officials---Town,schema-ready,
Harvard,harvard-ma/select-board-member,Select Board Member,Select Board Member,True,5,at-large,3,True,,https://www.harvard-ma.gov/761/Volunteer-Handbook,https://www.harvard-ma.gov/373/Elected-Officials---Town,https://www.harvard-ma.gov/373/Elected-Officials---Town,schema-ready,
Harvard,harvard-ma/library-trustee,Library Trustee,Harvard Public Library Trustee,True,6,at-large,3,True,,https://www.harvard-ma.gov/761/Volunteer-Handbook,https://www.harvard-ma.gov/373/Elected-Officials---Town,https://www.harvard-ma.gov/373/Elected-Officials---Town,schema-ready,
Harvard,harvard-ma/school-committee-member,School Committee Member,School Committee Member,True,5,at-large,3,True,,https://www.harvard-ma.gov/761/Volunteer-Handbook,https://www.harvard-ma.gov/373/Elected-Officials---Town,https://www.harvard-ma.gov/373/Elected-Officials---Town,schema-ready,Five elected members; one additional Devens Educational Advisory Committee appointee is excluded.
Harvard,harvard-ma/warner-free-lecture-trustee,Trustee,Warner Free Lecture Trustee,True,6,at-large,3,True,,https://www.harvard-ma.gov/761/Volunteer-Handbook,https://www.harvard-ma.gov/373/Elected-Officials---Town,https://www.harvard-ma.gov/373/Elected-Officials---Town,schema-ready,
Harwich,harwich-ma/select-board-member,Select Board Member,Select Board Member,True,5,at-large,3,True,,https://www.harwich-ma.gov/select-board,https://www.harwich-ma.gov/election-information,https://www.harwich-ma.gov/town-clerk,schema-ready,
Harwich,harwich-ma/library-trustee,Library Trustee,Brooks Free Library Trustee,True,7,at-large,3,True,,https://www.harwich-ma.gov/boards-committees,https://www.harwich-ma.gov/election-information,https://www.harwich-ma.gov/town-clerk,schema-ready,
Harwich,harwich-ma/water-wastewater-commissioner,Commissioner,Water/Wastewater Commissioner,True,5,at-large,3,True,,https://www.harwich-ma.gov/board-of-water-wastewater-commissioners,https://www.harwich-ma.gov/election-information,https://www.harwich-ma.gov/town-clerk,schema-ready,
Hatfield,hatfield-ma/select-board-member,Select Board Member,Select Board Member,True,3,at-large,3,True,,https://www.townofhatfield.org/395/Select-Board,https://www.townofhatfield.org/371/Annual-Town-Meeting-Election-Information,https://www.townofhatfield.org/DocumentCenter/View/3578,schema-ready,
Hatfield,hatfield-ma/assessor,Assessor,Assessor,True,,at-large,3,,,https://www.townofhatfield.org/DocumentCenter/View/3578,https://www.townofhatfield.org/371/Annual-Town-Meeting-Election-Information,https://www.townofhatfield.org/DocumentCenter/View/3578,elected-status-verified-seat-count-unresolved,
Hatfield,hatfield-ma/school-committee-member,School Committee Member,School Committee Member,True,,at-large,3,,,https://www.townofhatfield.org/DocumentCenter/View/3578,https://www.townofhatfield.org/371/Annual-Town-Meeting-Election-Information,https://www.townofhatfield.org/DocumentCenter/View/3578,elected-status-verified-seat-count-unresolved,2026 ballot includes one regular three-year seat and one two-year seat; total committee size remains unresolved.
Hatfield,hatfield-ma/oliver-smith-will-elector,Elector,Elector Under the Will of Oliver Smith,True,1,at-large,1,False,,https://www.townofhatfield.org/DocumentCenter/View/3578,https://www.townofhatfield.org/371/Annual-Town-Meeting-Election-Information,https://www.townofhatfield.org/DocumentCenter/View/3578,schema-ready,
Hatfield,hatfield-ma/cemetery-commissioner,Cemetery Commissioner,Cemetery Commissioner,True,,at-large,3,,,https://www.townofhatfield.org/DocumentCenter/View/3578,https://www.townofhatfield.org/371/Annual-Town-Meeting-Election-Information,https://www.townofhatfield.org/DocumentCenter/View/3578,elected-status-verified-seat-count-unresolved,
Hatfield,hatfield-ma/board-of-health-member,Board of Health Member,Board of Health Member,True,,at-large,3,,,https://www.townofhatfield.org/DocumentCenter/View/3578,https://www.townofhatfield.org/371/Annual-Town-Meeting-Election-Information,https://www.townofhatfield.org/DocumentCenter/View/3578,elected-status-verified-seat-count-unresolved,
Hatfield,hatfield-ma/library-trustee,Library Trustee,Library Trustee,True,,at-large,3,,,https://www.townofhatfield.org/DocumentCenter/View/3578,https://www.townofhatfield.org/371/Annual-Town-Meeting-Election-Information,https://www.townofhatfield.org/DocumentCenter/View/3578,elected-status-verified-seat-count-unresolved,
Hatfield,hatfield-ma/planning-board-member,Planning Board Member,Planning Board Member,True,,at-large,5,,,https://www.townofhatfield.org/DocumentCenter/View/3578,https://www.townofhatfield.org/371/Annual-Town-Meeting-Election-Information,https://www.townofhatfield.org/DocumentCenter/View/3578,elected-status-verified-seat-count-unresolved,
Hatfield,hatfield-ma/housing-authority-member,Housing Authority Member,Housing Authority Member,True,,at-large,5,,,https://www.townofhatfield.org/DocumentCenter/View/3578,https://www.townofhatfield.org/371/Annual-Town-Meeting-Election-Information,https://www.townofhatfield.org/DocumentCenter/View/3578,elected-status-verified-seat-count-unresolved,
Hatfield,hatfield-ma/moderator,Moderator,Town Moderator,True,1,at-large,3,False,,https://www.townofhatfield.org/DocumentCenter/View/3578,https://www.townofhatfield.org/371/Annual-Town-Meeting-Election-Information,https://www.townofhatfield.org/DocumentCenter/View/3578,schema-ready,
Hatfield,hatfield-ma/town-clerk,Town Clerk,Town Clerk,True,1,at-large,3,False,,https://www.townofhatfield.org/DocumentCenter/View/3578,https://www.townofhatfield.org/371/Annual-Town-Meeting-Election-Information,https://www.townofhatfield.org/DocumentCenter/View/3578,schema-ready,
Haverhill,haverhill-ma/mayor,Mayor,Mayor,True,1,at-large,2,False,,https://www.haverhillma.gov/government/elections/elected-officials/,https://www.haverhillma.gov/government/elections/candidate-municipal-information/,https://www.haverhillma.gov/media/twxlnjtg/haverhill-general-municipal-election-unofficial-results.pdf,schema-ready,
Haverhill,haverhill-ma/city-council-member,Council Member,City Councilor,True,11,mixed,2,False,,https://www.haverhillma.gov/government/elections/ward-based-elections/,https://www.haverhillma.gov/government/elections/candidate-municipal-information/,https://www.haverhillma.gov/government/mayor-and-council/city-councilors/,schema-ready,Eleven-member mixed council: four at-large and seven ward councilors.
Haverhill,haverhill-ma/school-committee-member,School Committee Member,School Committee Member,True,10,mixed,2,False,,https://www.haverhillma.gov/government/elections/ward-based-elections/,https://www.haverhillma.gov/government/elections/candidate-municipal-information/,https://www.haverhill-ps.org/school-committee/,schema-ready,Ten separately elected members: three at-large and seven ward. The Mayor serves ex officio as chair and is modeled only under Mayor.
Hawley,hawley-ma/select-board-member,Select Board Member,Selectman / ZBA / Board of Health Member,True,3,at-large,3,True,,https://townofhawley.com/officials-boards-committees/select-board/,https://townofhawley.com/a-cold-snap/,https://townofhawley.com/town-meeting-is-coming/,schema-ready,The three elected Selectmen also serve as the local Board of Health and Zoning Board of Appeals; those ex-officio functions are not modeled as separate elected offices.
Hawley,hawley-ma/auditor,Auditor,Town Auditor,True,1,at-large,,False,,https://townofhawley.com/a-cold-snap/,https://townofhawley.com/a-cold-snap/,https://townofhawley.com/town-meeting-is-coming/,schema-ready,
Hawley,hawley-ma/assessor,Assessor,Assessor,True,3,at-large,3,True,,https://townofhawley.com/hawley-assessors/,https://townofhawley.com/a-cold-snap/,https://townofhawley.com/town-meeting-is-coming/,schema-ready,
Hawley,hawley-ma/hawlemont-school-committee-member,Regional School Committee Member,Hawlemont Regional School Committee Member (Hawley),True,3,at-large,3,True,,https://townofhawley.com/reps-hawlemont-school-com/,https://townofhawley.com/a-cold-snap/,https://townofhawley.com/town-meeting-is-coming/,schema-ready,
Hawley,hawley-ma/mohawk-trail-school-committee-member,Regional School Committee Member,Mohawk Trail Regional School Committee Member (Hawley),True,2,at-large,3,True,,https://townofhawley.com/mtrsd-schl-comm/,https://townofhawley.com/a-cold-snap/,https://townofhawley.com/town-meeting-is-coming/,schema-ready,
Hawley,hawley-ma/moderator,Moderator,Town Moderator,True,1,at-large,1,False,,https://townofhawley.com/other-town-officials/,https://townofhawley.com/a-cold-snap/,https://townofhawley.com/town-meeting-is-coming/,schema-ready,
Heath,heath-ma/select-board-member,Select Board Member,Select Board Member,True,3,at-large,3,True,,https://townofheath.org/g/46/Select-Board,https://townofheath.org/k/1/2026-Annual-Town-Elections,https://townofheath.org/k/1/2026-Annual-Town-Elections,schema-ready,
Heath,heath-ma/assessor,Assessor,Board of Assessors Member,True,3,at-large,3,True,,https://townofheath.org/g/47/Board-of-Assessors,https://townofheath.org/k/1/2026-Annual-Town-Elections,https://townofheath.org/k/1/2026-Annual-Town-Elections,schema-ready,
Heath,heath-ma/finance-committee-member,Finance Committee Member,Finance Committee Member,True,5,at-large,3,True,,https://townofheath.org/g/42/Finance-Committee,https://townofheath.org/k/1/2026-Annual-Town-Elections,https://townofheath.org/k/1/2026-Annual-Town-Elections,schema-ready,
Heath,heath-ma/planning-board-member,Planning Board Member,Planning Board Member,True,5,at-large,5,True,,https://townofheath.org/g/40/Planning-Board,https://townofheath.org/k/1/2026-Annual-Town-Elections,https://townofheath.org/k/1/2026-Annual-Town-Elections,schema-ready,
Heath,heath-ma/library-trustee,Library Trustee,Library Trustee,True,,at-large,3,,,https://townofheath.org/g/39/Library-Trustees,https://townofheath.org/k/1/2026-Annual-Town-Elections,https://townofheath.org/k/1/2026-Annual-Town-Elections,elected-status-verified-seat-count-unresolved,
Heath,heath-ma/school-committee-member,School Committee Member,School Committee Member,True,,at-large,3,,,https://townofheath.org/p/50/Volunteering,https://townofheath.org/k/1/2026-Annual-Town-Elections,https://townofheath.org/k/1/2026-Annual-Town-Elections,elected-status-verified-seat-count-unresolved,2026 ballot included a two-year remainder of a regular three-year term; total elected committee size remains unresolved.
Heath,heath-ma/municipal-light-board-member,Commissioner,Municipal Light Board Member,True,5,at-large,3,True,,https://townofheath.org/g/44/Municipal-Light-Board,https://townofheath.org/k/1/2026-Annual-Town-Elections,https://townofheath.org/k/1/2026-Annual-Town-Elections,schema-ready,
Heath,heath-ma/constable,Constable,Constable,True,1,at-large,3,False,,https://townofheath.org/k/1/2026-Annual-Town-Elections,https://townofheath.org/k/1/2026-Annual-Town-Elections,https://townofheath.org/k/1/2026-Annual-Town-Elections,schema-ready,
Heath,heath-ma/moderator,Moderator,Town Moderator,True,1,at-large,3,False,,https://townofheath.org/files/2026_Annual_Town_Meeting_Minutes.pdf,https://townofheath.org/k/1/2026-Annual-Town-Elections,https://townofheath.org/files/2026_Annual_Town_Meeting_Minutes.pdf,schema-ready,
Heath,heath-ma/fence-viewer,Fence Viewer,Fence Viewer,True,3,at-large,1,False,,https://townofheath.org/files/2026_Annual_Town_Meeting_Minutes.pdf,https://townofheath.org/files/2026_Annual_Town_Meeting_Minutes.pdf,https://townofheath.org/files/2026_Annual_Town_Meeting_Minutes.pdf,schema-ready,
Heath,heath-ma/tree-warden,Tree Warden,Tree Warden,True,1,at-large,1,False,,https://townofheath.org/files/2026_Annual_Town_Meeting_Minutes.pdf,https://townofheath.org/files/2026_Annual_Town_Meeting_Minutes.pdf,https://townofheath.org/files/2026_Annual_Town_Meeting_Minutes.pdf,schema-ready,
Heath,heath-ma/measurer-wood-bark,Measurer,Measurer of Wood & Bark,True,2,at-large,1,False,,https://townofheath.org/files/2026_Annual_Town_Meeting_Minutes.pdf,https://townofheath.org/files/2026_Annual_Town_Meeting_Minutes.pdf,https://townofheath.org/files/2026_Annual_Town_Meeting_Minutes.pdf,schema-ready,
Heath,heath-ma/field-driver,Field Driver,Field Driver,True,4,at-large,1,False,,https://townofheath.org/files/2026_Annual_Town_Meeting_Minutes.pdf,https://townofheath.org/files/2026_Annual_Town_Meeting_Minutes.pdf,https://townofheath.org/files/2026_Annual_Town_Meeting_Minutes.pdf,schema-ready,
Heath,heath-ma/sexton,Sexton,Sexton,True,1,at-large,1,False,,https://townofheath.org/files/2026_Annual_Town_Meeting_Minutes.pdf,https://townofheath.org/files/2026_Annual_Town_Meeting_Minutes.pdf,https://townofheath.org/files/2026_Annual_Town_Meeting_Minutes.pdf,schema-ready,
Hingham,hingham-ma/moderator,Moderator,Town Moderator,True,1,at-large,1,False,,https://www.hingham-ma.gov/CivicAlerts.asp?AID=2191&ARC=3459,https://www.hingham-ma.gov/CivicAlerts.asp?AID=2191&ARC=3459,https://www.hingham-ma.gov/DocumentCenter/View/27908/2026-Town-Election-Results,schema-ready,
Hingham,hingham-ma/select-board-member,Select Board Member,Select Board Member,True,3,at-large,3,True,,https://www.hingham-ma.gov/224/Select-Board,https://www.hingham-ma.gov/CivicAlerts.asp?AID=2191&ARC=3459,https://www.hingham-ma.gov/DocumentCenter/View/27908/2026-Town-Election-Results,schema-ready,
Hingham,hingham-ma/assessor,Assessor,Board of Assessors Member,True,3,at-large,3,True,,https://www.hingham-ma.gov/626/Board-of-Assessors,https://www.hingham-ma.gov/CivicAlerts.asp?AID=2191&ARC=3459,https://www.hingham-ma.gov/DocumentCenter/View/27908/2026-Town-Election-Results,schema-ready,
Hingham,hingham-ma/board-of-health-member,Board of Health Member,Board of Health Member,True,3,at-large,3,True,,https://www.hingham-ma.gov/625/Board-of-Health,https://www.hingham-ma.gov/CivicAlerts.asp?AID=2191&ARC=3459,https://www.hingham-ma.gov/DocumentCenter/View/27908/2026-Town-Election-Results,schema-ready,
Hingham,hingham-ma/municipal-light-board-member,Commissioner,Municipal Light Board Member,True,3,at-large,3,True,,https://www.hingham-ma.gov/DocumentCenter/View/27981/June-24-2026-Meeting-Packet,https://www.hingham-ma.gov/CivicAlerts.asp?AID=2191&ARC=3459,https://www.hingham-ma.gov/DocumentCenter/View/27908/2026-Town-Election-Results,schema-ready,
Hingham,hingham-ma/school-committee-member,School Committee Member,School Committee Member,True,6,at-large,3,True,,https://www.hingham-ma.gov/627/Elected-Boards,https://www.hingham-ma.gov/CivicAlerts.asp?AID=2191&ARC=3459,https://www.hingham-ma.gov/DocumentCenter/View/27908/2026-Town-Election-Results,schema-ready,Two regular three-year seats are elected in the 2026 cycle; six-seat structure is maintained on a staggered cycle.
Hingham,hingham-ma/planning-board-member,Planning Board Member,Planning Board Member,True,5,at-large,5,True,,https://www.hingham-ma.gov/631/Planning-Board,https://www.hingham-ma.gov/CivicAlerts.asp?AID=2191&ARC=3459,https://www.hingham-ma.gov/DocumentCenter/View/27908/2026-Town-Election-Results,schema-ready,
Hingham,hingham-ma/sewer-commissioner,Commissioner,Sewer Commissioner,True,3,at-large,3,True,,https://www.hingham-ma.gov/636/Sewer-Commission,https://www.hingham-ma.gov/CivicAlerts.asp?AID=2191&ARC=3459,https://www.hingham-ma.gov/DocumentCenter/View/27908/2026-Town-Election-Results,schema-ready,
Hingham,hingham-ma/recreation-commissioner,Commissioner,Recreation Commissioner,True,5,at-large,5,True,,https://www.hingham-ma.gov/634/Recreation-Commission,https://www.hingham-ma.gov/CivicAlerts.asp?AID=2191&ARC=3459,https://www.hingham-ma.gov/DocumentCenter/View/27908/2026-Town-Election-Results,schema-ready,
Hingham,hingham-ma/town-clerk,Town Clerk,Town Clerk,True,1,at-large,3,False,,https://www.hingham-ma.gov/409/Town-Clerk,https://www.hingham-ma.gov/CivicAlerts.asp?AID=2191&ARC=3459,https://www.hingham-ma.gov/DocumentCenter/View/27908/2026-Town-Election-Results,schema-ready,
Hingham,hingham-ma/housing-authority-member,Housing Authority Member,Housing Authority Member,True,,at-large,3,,,https://www.hingham-ma.gov/627/Elected-Boards,https://www.hingham-ma.gov/CivicAlerts.asp?AID=2191&ARC=3459,https://www.hingham-ma.gov/DocumentCenter/View/27908/2026-Town-Election-Results,elected-status-verified-seat-count-unresolved,"Housing Authority is listed as an elected board, but locally elected versus appointed seat composition remains unresolved."
Hinsdale,hinsdale-ma/select-board-member,Select Board Member,Select Board Member,True,3,at-large,3,True,,https://www.hinsdalemass.com/1379/Elected-Officials,https://www.hinsdalemass.com/DocumentCenter/View/3336,https://www.hinsdalemass.com/DocumentCenter/View/3336,schema-ready,
Hinsdale,hinsdale-ma/town-clerk,Town Clerk,Town Clerk,True,1,at-large,3,False,,https://www.hinsdalemass.com/DocumentCenter/View/494/Town-Bylaws,https://www.hinsdalemass.com/DocumentCenter/View/3336,https://www.hinsdalemass.com/DocumentCenter/View/3336,schema-ready,
Hinsdale,hinsdale-ma/assessor,Assessor,Board of Assessors Member,True,3,at-large,3,True,,https://www.hinsdalemass.com/1379/Elected-Officials,https://www.hinsdalemass.com/DocumentCenter/View/3336,https://www.hinsdalemass.com/DocumentCenter/View/3336,schema-ready,
Hinsdale,hinsdale-ma/finance-committee-member,Finance Committee Member,Finance Committee Member,True,9,at-large,3,True,,https://www.hinsdalemass.com/DocumentCenter/View/494/Town-Bylaws,https://www.hinsdalemass.com/DocumentCenter/View/3336,https://www.hinsdalemass.com/DocumentCenter/View/3336,schema-ready,"Bylaw establishes nine elected members, three elected annually for three-year terms. Current web roster and June 2026 minutes differ on membership; holder conflict is preserved."
Hinsdale,hinsdale-ma/planning-board-member,Planning Board Member,Planning Board Member,True,5,at-large,5,True,,https://www.hinsdalemass.com/DocumentCenter/View/494/Town-Bylaws,https://www.hinsdalemass.com/DocumentCenter/View/3336,https://www.hinsdalemass.com/DocumentCenter/View/3336,schema-ready,Town bylaws/annual reports establish a five-member elected board. Current web page exposes three names amid vacancy/reorganization history; no silent reduction to three seats is assumed.
Hinsdale,hinsdale-ma/moderator,Moderator,Town Moderator,True,1,at-large,3,False,,https://www.hinsdalemass.com/1379/Elected-Officials,https://www.hinsdalemass.com/DocumentCenter/View/3336,https://www.hinsdalemass.com/DocumentCenter/View/3336,schema-ready,
Hinsdale,hinsdale-ma/tree-warden,Tree Warden,Tree Warden,True,1,at-large,3,False,,https://www.hinsdalemass.com/1379/Elected-Officials,https://www.hinsdalemass.com/DocumentCenter/View/3336,https://www.hinsdalemass.com/DocumentCenter/View/3336,schema-ready,
Hinsdale,hinsdale-ma/regional-school-committee-member,Regional School Committee Member,Central Berkshire Regional School Committee Member (Hinsdale),True,2,at-large,4,True,,https://www.hinsdalemass.com/1246/School-Committee,https://www.hinsdalemass.com/1379/Elected-Officials,https://www.hinsdalemass.com/1246/School-Committee,schema-ready,Historical/current Town sources identify two Hinsdale CBRSD representatives on four-year cycles; current second representative remains unresolved.
Holbrook,holbrook-ma/select-board-member,Select Board Member,Select Board Member,True,5,at-large,3,True,,https://www.holbrookma.gov/Directory.aspx,https://holbrookma.gov/DocumentCenter/View/1609,https://holbrookma.gov/DocumentCenter/View/1609,schema-ready,
Holbrook,holbrook-ma/moderator,Moderator,Town Moderator,True,1,at-large,3,False,,https://www.holbrookma.gov/Directory.aspx,https://holbrookma.gov/DocumentCenter/View/1609,https://holbrookma.gov/DocumentCenter/View/1609,schema-ready,
Holbrook,holbrook-ma/town-clerk,Town Clerk,Town Clerk,True,1,at-large,3,False,,https://www.holbrookma.gov/101/Departments,https://holbrookma.gov/DocumentCenter/View/1609,https://holbrookma.gov/DocumentCenter/View/1609,schema-ready,
Holbrook,holbrook-ma/board-of-health-member,Board of Health Member,Board of Health Member,True,5,at-large,3,True,,https://www.holbrookma.gov/Directory.aspx,https://holbrookma.gov/DocumentCenter/View/1609,https://holbrookma.gov/DocumentCenter/View/1609,schema-ready,
Holbrook,holbrook-ma/planning-board-member,Planning Board Member,Planning Board Member,True,5,at-large,5,True,,https://www.holbrookma.gov/305/Planning-Board,https://holbrookma.gov/DocumentCenter/View/1609,https://holbrookma.gov/DocumentCenter/View/1609,schema-ready,
Holbrook,holbrook-ma/school-committee-member,School Committee Member,School Committee Member,True,,at-large,3,,,https://www.holbrookma.gov/228/Elections-Voting,https://holbrookma.gov/DocumentCenter/View/1609,https://holbrookma.gov/DocumentCenter/View/1609,elected-status-verified-seat-count-unresolved,2026 ballot verifies two three-year School Committee seats; total current elected committee size remains unresolved.
Holbrook,holbrook-ma/library-trustee,Library Trustee,Library Board of Trustees Member,True,,at-large,3,,,https://www.holbrookma.gov/Directory.aspx,https://holbrookma.gov/DocumentCenter/View/1609,https://holbrookma.gov/DocumentCenter/View/1609,elected-status-verified-seat-count-unresolved,Current Town directory and annual-election layer establish voter-filled library trustees; total current elected seat count remains unresolved.
Holbrook,holbrook-ma/assessor,Assessor,Board of Assessors Member,True,3,at-large,3,True,,https://www.holbrookma.gov/255/Board-of-Assessors,https://holbrookma.gov/DocumentCenter/View/1609,https://holbrookma.gov/DocumentCenter/View/1609,schema-ready,
Holbrook,holbrook-ma/housing-authority-member,Housing Authority Member,Housing Authority Member,True,,at-large,,,,https://www.holbrookma.gov/27/Boards-Committees,https://holbrookma.gov/DocumentCenter/View/1609,https://holbrookma.gov/DocumentCenter/View/1609,elected-status-verified-seat-count-unresolved,"Housing Authority appears in the current municipal board/election layer, but locally elected versus appointed composition remains unresolved."
Holden,holden-ma/moderator,Moderator,Town Moderator,True,1,at-large,3,False,,https://www.holdenma.gov/AgendaCenter/ViewFile/Minutes/_02022026-938,https://www.holdenma.gov/home/news/511-annual-town-election-voter-registration-and-absentee-ballot-information,https://www.holdenma.gov/AgendaCenter/ViewFile/Minutes/_02022026-938,schema-ready,
Holden,holden-ma/select-board-member,Select Board Member,Board of Selectmen Member,True,5,at-large,3,True,,https://www.holdenma.gov/510/Board-of-Selectmen,https://www.holdenma.gov/home/news/511-annual-town-election-voter-registration-and-absentee-ballot-information,https://www.holdenma.gov/AgendaCenter/ViewFile/Minutes/_02022026-938,schema-ready,
Holden,holden-ma/library-trustee,Library Trustee,Trustee of Damon Memorial Library,True,6,at-large,3,True,,https://www.holdenma.gov/AgendaCenter/ViewFile/Minutes/_02022026-938,https://www.holdenma.gov/home/news/511-annual-town-election-voter-registration-and-absentee-ballot-information,https://www.holdenma.gov/AgendaCenter/ViewFile/Minutes/_02022026-938,schema-ready,Two trustee seats are elected annually on the staggered three-year cycle; six-seat total is preserved.
Holden,holden-ma/regional-school-committee-member,Regional School Committee Member,Wachusett Regional School District Committee Member (Holden),True,,at-large,3,,,https://www.holdenma.gov/AgendaCenter/ViewFile/Minutes/_02022026-938,https://www.holdenma.gov/home/news/511-annual-town-election-voter-registration-and-absentee-ballot-information,https://www.holdenma.gov/AgendaCenter/ViewFile/Minutes/_02022026-938,elected-status-verified-seat-count-unresolved,2026 election notice lists two three-year WRSD seats; Holden-specific total allocation remains unresolved.
Holden,holden-ma/housing-authority-member,Housing Authority Member,Holden Housing Authority Member,True,,at-large,5,,,https://www.holdenma.gov/AgendaCenter/ViewFile/Minutes/_02022026-938,https://www.holdenma.gov/home/news/511-annual-town-election-voter-registration-and-absentee-ballot-information,https://www.holdenma.gov/AgendaCenter/ViewFile/Minutes/_02022026-938,elected-status-verified-seat-count-unresolved,2026 election notice lists one five-year elected Housing Authority seat; total locally elected composition remains unresolved.
Holland,holland-ma/select-board-member,Select Board Member,Select Board Member,True,3,at-large,,True,,https://www.town.holland.ma.us/select-board,https://www.town.holland.ma.us/sites/g/files/vyhlif3266/f/alerts/election_6.30.2020_town_results.pdf,https://www.town.holland.ma.us/,schema-ready,Official election archive confirms voter election of Select Board seats; current regular term length was not re-normalized from a current ballot.
Holland,holland-ma/planning-board-member,Planning Board Member,Planning Board Member,True,5,at-large,,True,,https://www.town.holland.ma.us/sites/g/files/vyhlif3266/f/uploads/town_of_holland_bylaws_2024.pdf,https://www.town.holland.ma.us/sites/g/files/vyhlif3266/f/alerts/election_6.30.2020_town_results.pdf,https://www.town.holland.ma.us/,schema-ready,Current bylaws explicitly provide for five elected Planning Board members; regular term length remains unresolved in this batch.
Holland,holland-ma/cemetery-commissioner,Cemetery Commissioner,Cemetery Commissioner,True,,at-large,3,,,https://www.town.holland.ma.us/sites/g/files/vyhlif3266/f/alerts/election_6.30.2020_town_results.pdf,https://www.town.holland.ma.us/sites/g/files/vyhlif3266/f/alerts/election_6.30.2020_town_results.pdf,https://www.town.holland.ma.us/,elected-status-verified-seat-count-unresolved,Official election archive verifies voter-elected Cemetery Commissioner seats; total commission size remains unresolved.
Holland,holland-ma/town-clerk,Town Clerk,Town Clerk,True,1,at-large,,False,,https://www.town.holland.ma.us/,https://www.town.holland.ma.us/,https://www.town.holland.ma.us/,schema-ready,"Current municipal election administration is headed by Town Clerk Valerie Lundin; the FY2025 annual report has a dedicated Elected Officials section, but current term length was not safely extracted."
Holliston,holliston-ma/moderator,Moderator,Town Moderator,True,1,at-large,3,False,,https://www.townofholliston.us/Archive/ViewFile/Item/284,https://www.townofholliston.us/CivicAlerts.aspx?CID=1,https://www.townofholliston.us/Archive/ViewFile/Item/284,schema-ready,
Holliston,holliston-ma/town-clerk,Town Clerk,Town Clerk,True,1,at-large,3,False,,https://www.townofholliston.us/Archive/ViewFile/Item/284,https://www.townofholliston.us/CivicAlerts.aspx?CID=1,https://www.townofholliston.us/Archive/ViewFile/Item/284,schema-ready,
Holliston,holliston-ma/select-board-highway-surveyor,Select Board Member,Select Board Member / Highway Surveyor,True,3,at-large,3,True,,https://www.townofholliston.us/Archive/ViewFile/Item/284,https://www.townofholliston.us/CivicAlerts.aspx?CID=1,https://www.townofholliston.us/Archive/ViewFile/Item/284,schema-ready,The Town styles the same three elected officeholders as Select Board and Highway Surveyors; no duplicate office is created.
Holliston,holliston-ma/assessor,Assessor,Board of Assessors Member,True,3,at-large,3,True,,https://www.townofholliston.us/Archive/ViewFile/Item/284,https://www.townofholliston.us/CivicAlerts.aspx?CID=1,https://www.townofholliston.us/Archive/ViewFile/Item/284,schema-ready,
Holliston,holliston-ma/finance-committee-member,Finance Committee Member,Finance Committee Member,True,7,at-large,3,True,,https://www.townofholliston.us/Archive/ViewFile/Item/284,https://www.townofholliston.us/CivicAlerts.aspx?CID=1,https://www.townofholliston.us/Archive/ViewFile/Item/284,schema-ready,
Holliston,holliston-ma/board-of-health-member,Board of Health Member,Board of Health Member,True,3,at-large,3,True,,https://www.townofholliston.us/Archive/ViewFile/Item/284,https://www.townofholliston.us/CivicAlerts.aspx?CID=1,https://www.townofholliston.us/Archive/ViewFile/Item/284,schema-ready,
Holliston,holliston-ma/housing-authority-member,Housing Authority Member,Housing Authority Member,True,3,at-large,5,True,,https://www.townofholliston.us/Archive/ViewFile/Item/284,https://www.townofholliston.us/CivicAlerts.aspx?CID=1,https://www.townofholliston.us/Archive/ViewFile/Item/284,schema-ready,Five-member authority includes one state appointee and one resident appointee; only the remaining three voter-elected seats are modeled.
Holliston,holliston-ma/library-trustee,Library Trustee,Library Trustee,True,6,at-large,3,True,,https://www.townofholliston.us/Archive/ViewFile/Item/284,https://www.townofholliston.us/CivicAlerts.aspx?CID=1,https://www.townofholliston.us/Archive/ViewFile/Item/284,schema-ready,
Holliston,holliston-ma/park-commissioner,Park Commissioner,Park Commissioner,True,5,at-large,3,True,,https://www.townofholliston.us/Archive/ViewFile/Item/284,https://www.townofholliston.us/CivicAlerts.aspx?CID=1,https://www.townofholliston.us/Archive/ViewFile/Item/284,schema-ready,
Holliston,holliston-ma/planning-board-member,Planning Board Member,Planning Board Member,True,5,at-large,5,True,,https://www.townofholliston.us/Archive/ViewFile/Item/284,https://www.townofholliston.us/CivicAlerts.aspx?CID=1,https://www.townofholliston.us/Archive/ViewFile/Item/284,schema-ready,Five regular elected members; associate member is appointed by Planning Board and excluded.
Holliston,holliston-ma/school-committee-member,School Committee Member,School Committee Member,True,7,at-large,3,True,,https://www.townofholliston.us/Archive/ViewFile/Item/284,https://www.townofholliston.us/CivicAlerts.aspx?CID=1,https://www.townofholliston.us/Archive/ViewFile/Item/284,schema-ready,
Holyoke,holyoke-ma/mayor,Mayor,Mayor,True,1,at-large,4,False,,https://www.holyoke.org/departments/mayors-office/,https://www.holyoke.org/holyoke-city-clerk-brenna-murphy-leary-announces-preliminary-and-municipal-election-races/,https://www.holyoke.org/departments/mayors-office/,schema-ready,
Holyoke,holyoke-ma/city-council-member,Council Member,City Councilor,True,13,mixed,2,False,,https://www.holyoke.org/departments/city-council/,https://www.holyoke.org/holyoke-city-clerk-brenna-murphy-leary-announces-preliminary-and-municipal-election-races/,https://www.holyoke.org/city-council-members/,schema-ready,Thirteen-member mixed council: seven ward and six at-large councilors.
Holyoke,holyoke-ma/school-committee-member,School Committee Member,School Committee Member,True,8,mixed,4,True,,https://www.holyoke.org/holyoke-city-clerk-brenna-murphy-leary-announces-preliminary-and-municipal-election-races/,https://www.holyoke.org/holyoke-city-clerk-brenna-murphy-leary-announces-preliminary-and-municipal-election-races/,https://www.holyoke.org/people?filter_categories%5B%5D=57,schema-ready,Eight separately elected School Committee seats: one at-large plus seven ward seats. Mayor serves ex officio and is modeled only under Mayor.
Holyoke,holyoke-ma/city-clerk,City Clerk,City Clerk,True,1,at-large,4,False,,https://www.holyoke.org/departments/city-clerk/,https://www.holyoke.org/holyoke-city-clerk-brenna-murphy-leary-announces-preliminary-and-municipal-election-races/,https://www.holyoke.org/departments/city-clerk/,schema-ready,
Hopedale,hopedale-ma/board-of-health-member,Board of Health Member,Board of Health Member,True,3,at-large,3,True,,https://www.hopedale-ma.gov/1220/Board-of-Health,https://www.hopedale-ma.gov/DocumentCenter/View/5564,https://www.hopedale-ma.gov/DocumentCenter/View/5564,schema-ready,
Hopedale,hopedale-ma/housing-authority-member,Housing Authority Member,Housing Authority Member,True,,at-large,5,,,https://www.hopedale-ma.gov/DocumentCenter/View/5564,https://www.hopedale-ma.gov/DocumentCenter/View/5564,https://www.hopedale-ma.gov/DocumentCenter/View/5564,elected-status-verified-seat-count-unresolved,
Hopedale,hopedale-ma/library-trustee,Library Trustee,Library Trustee,True,,at-large,3,,,https://www.hopedale-ma.gov/DocumentCenter/View/5564,https://www.hopedale-ma.gov/DocumentCenter/View/5564,https://www.hopedale-ma.gov/DocumentCenter/View/5564,elected-status-verified-seat-count-unresolved,
Hopedale,hopedale-ma/park-commissioner,Park Commissioner,Park Commissioner,True,,at-large,3,,,https://www.hopedale-ma.gov/DocumentCenter/View/5564,https://www.hopedale-ma.gov/DocumentCenter/View/5564,https://www.hopedale-ma.gov/DocumentCenter/View/5564,elected-status-verified-seat-count-unresolved,
Hopedale,hopedale-ma/planning-board-member,Planning Board Member,Planning Board Member,True,,at-large,5,,,https://www.hopedale-ma.gov/DocumentCenter/View/5564,https://www.hopedale-ma.gov/DocumentCenter/View/5564,https://www.hopedale-ma.gov/DocumentCenter/View/5564,elected-status-verified-seat-count-unresolved,
Hopedale,hopedale-ma/road-commissioner,Commissioner,Road Commissioner,True,,at-large,3,,,https://www.hopedale-ma.gov/DocumentCenter/View/5564,https://www.hopedale-ma.gov/DocumentCenter/View/5564,https://www.hopedale-ma.gov/DocumentCenter/View/5564,elected-status-verified-seat-count-unresolved,
Hopedale,hopedale-ma/school-committee-member,School Committee Member,School Committee Member,True,,at-large,3,,,https://www.hopedale-ma.gov/DocumentCenter/View/5564,https://www.hopedale-ma.gov/DocumentCenter/View/5564,https://www.hopedale-ma.gov/DocumentCenter/View/5564,elected-status-verified-seat-count-unresolved,
Hopedale,hopedale-ma/select-board-member,Select Board Member,Select Board Member,True,3,at-large,3,True,,https://hopedale-ma.gov/1223/Administrator,https://www.hopedale-ma.gov/DocumentCenter/View/5564,https://www.hopedale-ma.gov/DocumentCenter/View/5564,schema-ready,
Hopedale,hopedale-ma/water-sewer-commissioner,Commissioner,Water & Sewer Commissioner,True,,at-large,3,,,https://www.hopedale-ma.gov/DocumentCenter/View/5564,https://www.hopedale-ma.gov/DocumentCenter/View/5564,https://www.hopedale-ma.gov/DocumentCenter/View/5564,elected-status-verified-seat-count-unresolved,
Hopkinton,hopkinton-ma/select-board-member,Select Board Member,Select Board Member,True,5,at-large,3,True,,https://www.hopkintonma.gov/departments/town_manager___select_board/index.php,https://www.hopkintonma.gov/departments/town_clerk/election_information.php,https://www.hopkintonma.gov/departments/town_clerk/election_information.php,schema-ready,
Hopkinton,hopkinton-ma/assessor,Assessor,Board of Assessors Member,True,,at-large,3,,,https://www.hopkintonma.gov/departments/town_clerk/election_information.php,https://www.hopkintonma.gov/departments/town_clerk/election_information.php,https://www.hopkintonma.gov/departments/town_clerk/election_information.php,elected-status-verified-seat-count-unresolved,
Hopkinton,hopkinton-ma/board-of-health-member,Board of Health Member,Board of Health Member,True,,at-large,3,,,https://www.hopkintonma.gov/departments/town_clerk/election_information.php,https://www.hopkintonma.gov/departments/town_clerk/election_information.php,https://www.hopkintonma.gov/departments/town_clerk/election_information.php,elected-status-verified-seat-count-unresolved,
Hopkinton,hopkinton-ma/library-trustee,Library Trustee,Board of Library Trustees Member,True,5,at-large,3,True,,https://www.hopkintonma.gov/depts___directory/library_trustees/index.php,https://www.hopkintonma.gov/departments/town_clerk/election_information.php,https://www.hopkintonma.gov/departments/town_clerk/election_information.php,schema-ready,
Hopkinton,hopkinton-ma/cemetery-commissioner,Cemetery Commissioner,Cemetery Commissioner,True,3,at-large,3,True,,https://www.hopkintonma.gov/departments/department_of_public_works/cemeteries.php,https://www.hopkintonma.gov/departments/town_clerk/election_information.php,https://www.hopkintonma.gov/departments/town_clerk/election_information.php,schema-ready,
Hopkinton,hopkinton-ma/commissioner-of-trust-funds,Commissioner of Trust Funds,Commissioner of Trust Funds,True,,at-large,3,,,https://www.hopkintonma.gov/departments/town_clerk/election_information.php,https://www.hopkintonma.gov/departments/town_clerk/election_information.php,https://www.hopkintonma.gov/departments/town_clerk/election_information.php,elected-status-verified-seat-count-unresolved,
Hopkinton,hopkinton-ma/constable,Constable,Constable,True,,at-large,3,,,https://www.hopkintonma.gov/departments/town_clerk/election_information.php,https://www.hopkintonma.gov/departments/town_clerk/election_information.php,https://www.hopkintonma.gov/departments/town_clerk/election_information.php,elected-status-verified-seat-count-unresolved,
Hopkinton,hopkinton-ma/housing-authority-member,Housing Authority Member,Housing Authority Member,True,,at-large,5,,,https://www.hopkintonma.gov/departments/town_clerk/election_information.php,https://www.hopkintonma.gov/departments/town_clerk/election_information.php,https://www.hopkintonma.gov/departments/town_clerk/election_information.php,elected-status-verified-seat-count-unresolved,
Hopkinton,hopkinton-ma/parks-recreation-commissioner,Commissioner,Parks & Recreation Commissioner,True,,at-large,3,,,https://www.hopkintonma.gov/departments/town_clerk/election_information.php,https://www.hopkintonma.gov/departments/town_clerk/election_information.php,https://www.hopkintonma.gov/departments/town_clerk/election_information.php,elected-status-verified-seat-count-unresolved,
Hopkinton,hopkinton-ma/planning-board-member,Planning Board Member,Planning Board Member,True,9,at-large,5,True,,https://www.hopkintonma.gov/boards___committees/e_-_p/planning_board.php,https://www.hopkintonma.gov/departments/town_clerk/election_information.php,https://www.hopkintonma.gov/departments/town_clerk/election_information.php,schema-ready,
Hopkinton,hopkinton-ma/school-committee-member,School Committee Member,School Committee Member,True,,at-large,3,,,https://www.hopkintonma.gov/departments/town_clerk/election_information.php,https://www.hopkintonma.gov/departments/town_clerk/election_information.php,https://www.hopkintonma.gov/departments/town_clerk/election_information.php,elected-status-verified-seat-count-unresolved,
Hubbardston,hubbardston-ma/select-board-member,Select Board Member,Select Board Member,True,,at-large,3,True,,https://www.hubbardstonma.gov/349/How-to-Pull-Nomination-Papers-for-Annual,https://www.hubbardstonma.gov/349/How-to-Pull-Nomination-Papers-for-Annual,https://www.hubbardstonma.gov/DocumentCenter/View/1516,elected-status-verified-seat-count-unresolved,
Hubbardston,hubbardston-ma/assessor,Assessor,Board of Assessors Member,True,,at-large,3,True,,https://www.hubbardstonma.gov/349/How-to-Pull-Nomination-Papers-for-Annual,https://www.hubbardstonma.gov/349/How-to-Pull-Nomination-Papers-for-Annual,https://www.hubbardstonma.gov/DocumentCenter/View/1516,elected-status-verified-seat-count-unresolved,
Hubbardston,hubbardston-ma/library-trustee,Library Trustee,Board of Library Trustees Member,True,,at-large,3,True,,https://www.hubbardstonma.gov/349/How-to-Pull-Nomination-Papers-for-Annual,https://www.hubbardstonma.gov/349/How-to-Pull-Nomination-Papers-for-Annual,https://www.hubbardstonma.gov/DocumentCenter/View/1516,elected-status-verified-seat-count-unresolved,
Hubbardston,hubbardston-ma/cemetery-commissioner,Cemetery Commissioner,Cemetery Commissioner,True,,at-large,3,True,,https://www.hubbardstonma.gov/349/How-to-Pull-Nomination-Papers-for-Annual,https://www.hubbardstonma.gov/349/How-to-Pull-Nomination-Papers-for-Annual,https://www.hubbardstonma.gov/DocumentCenter/View/1516,elected-status-verified-seat-count-unresolved,
Hubbardston,hubbardston-ma/planning-board-member,Planning Board Member,Planning Board Member,True,,at-large,5,True,,https://www.hubbardstonma.gov/349/How-to-Pull-Nomination-Papers-for-Annual,https://www.hubbardstonma.gov/349/How-to-Pull-Nomination-Papers-for-Annual,https://www.hubbardstonma.gov/DocumentCenter/View/1516,elected-status-verified-seat-count-unresolved,
Hubbardston,hubbardston-ma/finance-committee-member,Finance Committee Member,Finance Committee Member,True,,at-large,3,True,,https://www.hubbardstonma.gov/349/How-to-Pull-Nomination-Papers-for-Annual,https://www.hubbardstonma.gov/349/How-to-Pull-Nomination-Papers-for-Annual,https://www.hubbardstonma.gov/DocumentCenter/View/1516,elected-status-verified-seat-count-unresolved,
Hubbardston,hubbardston-ma/board-of-health-member,Board of Health Member,Board of Health Member,True,,at-large,3,True,,https://www.hubbardstonma.gov/349/How-to-Pull-Nomination-Papers-for-Annual,https://www.hubbardstonma.gov/349/How-to-Pull-Nomination-Papers-for-Annual,https://www.hubbardstonma.gov/DocumentCenter/View/1516,elected-status-verified-seat-count-unresolved,
Hubbardston,hubbardston-ma/regional-school-committee-member,Regional School Committee Member,Quabbin Regional School Committee Member (Hubbardston),True,,at-large,3,True,,https://www.hubbardstonma.gov/349/How-to-Pull-Nomination-Papers-for-Annual,https://www.hubbardstonma.gov/349/How-to-Pull-Nomination-Papers-for-Annual,https://www.hubbardstonma.gov/DocumentCenter/View/1516,elected-status-verified-seat-count-unresolved,
Hubbardston,hubbardston-ma/park-commissioner,Park Commissioner,Board of Parks Commissioners Member,True,,at-large,3,True,,https://www.hubbardstonma.gov/349/How-to-Pull-Nomination-Papers-for-Annual,https://www.hubbardstonma.gov/349/How-to-Pull-Nomination-Papers-for-Annual,https://www.hubbardstonma.gov/DocumentCenter/View/1516,elected-status-verified-seat-count-unresolved,
Hubbardston,hubbardston-ma/moderator,Moderator,Town Moderator,True,1,at-large,3,False,,https://www.hubbardstonma.gov/273/Town-Meeting,https://www.hubbardstonma.gov/349/How-to-Pull-Nomination-Papers-for-Annual,https://www.hubbardstonma.gov/DocumentCenter/View/1516,schema-ready,
Hudson,hudson-ma/select-board-member,Select Board Member,Select Board Member,True,,at-large,3,True,,https://www.townofhudson.org/682/Select-Board,https://www.townofhudson.org/DocumentCenter/View/6617/Specimen-Ballot--May-11-2026,https://www.townofhudson.org/DocumentCenter/View/6617/Specimen-Ballot--May-11-2026,elected-status-verified-seat-count-unresolved,
Hudson,hudson-ma/moderator,Moderator,Town Moderator,True,1,at-large,1,False,,https://www.townofhudson.org/DocumentCenter/View/6617/Specimen-Ballot--May-11-2026,https://www.townofhudson.org/DocumentCenter/View/6617/Specimen-Ballot--May-11-2026,https://www.townofhudson.org/DocumentCenter/View/6617/Specimen-Ballot--May-11-2026,schema-ready,
Hudson,hudson-ma/school-committee-member,School Committee Member,School Committee Member,True,7,at-large,3,True,,https://www.townofhudson.org/639/Hudson-Public-School-Committee,https://www.townofhudson.org/DocumentCenter/View/6617/Specimen-Ballot--May-11-2026,https://www.townofhudson.org/DocumentCenter/View/6617/Specimen-Ballot--May-11-2026,schema-ready,
Hudson,hudson-ma/benevolent-funds-trustee,Trustee,Trustee of Benevolent Funds,True,,at-large,3,,,https://www.townofhudson.org/DocumentCenter/View/6617/Specimen-Ballot--May-11-2026,https://www.townofhudson.org/DocumentCenter/View/6617/Specimen-Ballot--May-11-2026,https://www.townofhudson.org/DocumentCenter/View/6617/Specimen-Ballot--May-11-2026,elected-status-verified-seat-count-unresolved,
Hudson,hudson-ma/housing-authority-member,Housing Authority Member,Housing Authority Member,True,,at-large,5,,,https://www.townofhudson.org/DocumentCenter/View/6617/Specimen-Ballot--May-11-2026,https://www.townofhudson.org/DocumentCenter/View/6617/Specimen-Ballot--May-11-2026,https://www.townofhudson.org/DocumentCenter/View/6617/Specimen-Ballot--May-11-2026,elected-status-verified-seat-count-unresolved,
Hudson,hudson-ma/municipal-light-board-member,Commissioner,Municipal Light Board Member,True,,at-large,3,,,https://www.townofhudson.org/DocumentCenter/View/6617/Specimen-Ballot--May-11-2026,https://www.townofhudson.org/DocumentCenter/View/6617/Specimen-Ballot--May-11-2026,https://www.townofhudson.org/DocumentCenter/View/6617/Specimen-Ballot--May-11-2026,elected-status-verified-seat-count-unresolved,
Hudson,hudson-ma/park-commissioner,Park Commissioner,Park Commissioner,True,,at-large,3,,,https://www.townofhudson.org/DocumentCenter/View/6617/Specimen-Ballot--May-11-2026,https://www.townofhudson.org/DocumentCenter/View/6617/Specimen-Ballot--May-11-2026,https://www.townofhudson.org/DocumentCenter/View/6617/Specimen-Ballot--May-11-2026,elected-status-verified-seat-count-unresolved,
Hudson,hudson-ma/board-of-health-member,Board of Health Member,Board of Health Member,True,,at-large,3,,,https://www.townofhudson.org/DocumentCenter/View/6617/Specimen-Ballot--May-11-2026,https://www.townofhudson.org/DocumentCenter/View/6617/Specimen-Ballot--May-11-2026,https://www.townofhudson.org/DocumentCenter/View/6617/Specimen-Ballot--May-11-2026,elected-status-verified-seat-count-unresolved,
Hudson,hudson-ma/library-trustee,Library Trustee,Library Trustee,True,,at-large,3,,,https://www.townofhudson.org/DocumentCenter/View/6617/Specimen-Ballot--May-11-2026,https://www.townofhudson.org/DocumentCenter/View/6617/Specimen-Ballot--May-11-2026,https://www.townofhudson.org/DocumentCenter/View/6617/Specimen-Ballot--May-11-2026,elected-status-verified-seat-count-unresolved,
Hudson,hudson-ma/planning-board-member,Planning Board Member,Planning Board Member,True,5,at-large,3,True,,https://www.townofhudson.org/674/Planning-Board,https://www.townofhudson.org/DocumentCenter/View/6617/Specimen-Ballot--May-11-2026,https://www.townofhudson.org/DocumentCenter/View/6617/Specimen-Ballot--May-11-2026,schema-ready,
Hudson,hudson-ma/cemetery-commissioner,Cemetery Commissioner,Cemetery Commissioner,True,,at-large,3,,,https://www.townofhudson.org/DocumentCenter/View/6617/Specimen-Ballot--May-11-2026,https://www.townofhudson.org/DocumentCenter/View/6617/Specimen-Ballot--May-11-2026,https://www.townofhudson.org/DocumentCenter/View/6617/Specimen-Ballot--May-11-2026,elected-status-verified-seat-count-unresolved,
Hudson,hudson-ma/constable,Constable,Constable,True,,at-large,3,,,https://www.townofhudson.org/DocumentCenter/View/6617/Specimen-Ballot--May-11-2026,https://www.townofhudson.org/DocumentCenter/View/6617/Specimen-Ballot--May-11-2026,https://www.townofhudson.org/DocumentCenter/View/6617/Specimen-Ballot--May-11-2026,elected-status-verified-seat-count-unresolved,
Hudson,hudson-ma/assessor,Assessor,Board of Assessors Member,True,,at-large,3,,,https://www.townofhudson.org/DocumentCenter/View/6617/Specimen-Ballot--May-11-2026,https://www.townofhudson.org/DocumentCenter/View/6617/Specimen-Ballot--May-11-2026,https://www.townofhudson.org/DocumentCenter/View/6617/Specimen-Ballot--May-11-2026,elected-status-verified-seat-count-unresolved,
Hull,hull-ma/select-board-member,Select Board Member,Select Board Member,True,5,at-large,3,True,,https://www.town.hull.ma.us/464/Select-Board,https://www.town.hull.ma.us/DocumentCenter/View/2877/2026-Annual-Town-Election-Official-Results-PDF,https://www.town.hull.ma.us/DocumentCenter/View/2877/2026-Annual-Town-Election-Official-Results-PDF,schema-ready,
Hull,hull-ma/assessor,Assessor,Board of Assessors Member,True,,at-large,3,,,https://www.town.hull.ma.us/DocumentCenter/View/2877/2026-Annual-Town-Election-Official-Results-PDF,https://www.town.hull.ma.us/DocumentCenter/View/2877/2026-Annual-Town-Election-Official-Results-PDF,https://www.town.hull.ma.us/DocumentCenter/View/2877/2026-Annual-Town-Election-Official-Results-PDF,elected-status-verified-seat-count-unresolved,
Hull,hull-ma/housing-authority-member,Housing Authority Member,Housing Authority Member,True,,at-large,5,,,https://www.town.hull.ma.us/DocumentCenter/View/2877/2026-Annual-Town-Election-Official-Results-PDF,https://www.town.hull.ma.us/DocumentCenter/View/2877/2026-Annual-Town-Election-Official-Results-PDF,https://www.town.hull.ma.us/DocumentCenter/View/2877/2026-Annual-Town-Election-Official-Results-PDF,elected-status-verified-seat-count-unresolved,
Hull,hull-ma/redevelopment-authority-member,Authority Member,Hull Redevelopment Authority Member,True,,at-large,5,,,https://www.town.hull.ma.us/DocumentCenter/View/2877/2026-Annual-Town-Election-Official-Results-PDF,https://www.town.hull.ma.us/DocumentCenter/View/2877/2026-Annual-Town-Election-Official-Results-PDF,https://www.town.hull.ma.us/DocumentCenter/View/2877/2026-Annual-Town-Election-Official-Results-PDF,elected-status-verified-seat-count-unresolved,2026 election included both a regular five-year seat and a three-year vacancy/unexpired contest; total authority size remains unresolved.
Hull,hull-ma/municipal-light-board-member,Commissioner,Municipal Light Board Member,True,,at-large,3,,,https://www.town.hull.ma.us/DocumentCenter/View/2877/2026-Annual-Town-Election-Official-Results-PDF,https://www.town.hull.ma.us/DocumentCenter/View/2877/2026-Annual-Town-Election-Official-Results-PDF,https://www.town.hull.ma.us/DocumentCenter/View/2877/2026-Annual-Town-Election-Official-Results-PDF,elected-status-verified-seat-count-unresolved,
Hull,hull-ma/planning-board-member,Planning Board Member,Planning Board Member,True,7,at-large,5,True,,https://www.town.hull.ma.us/583/Planning-Board,https://www.town.hull.ma.us/DocumentCenter/View/2877/2026-Annual-Town-Election-Official-Results-PDF,https://www.town.hull.ma.us/DocumentCenter/View/2877/2026-Annual-Town-Election-Official-Results-PDF,schema-ready,
Hull,hull-ma/school-committee-member,School Committee Member,School Committee Member,True,,at-large,3,,,https://www.town.hull.ma.us/DocumentCenter/View/2877/2026-Annual-Town-Election-Official-Results-PDF,https://www.town.hull.ma.us/DocumentCenter/View/2877/2026-Annual-Town-Election-Official-Results-PDF,https://www.town.hull.ma.us/DocumentCenter/View/2877/2026-Annual-Town-Election-Official-Results-PDF,elected-status-verified-seat-count-unresolved,
Hull,hull-ma/library-trustee,Library Trustee,Trustee of Public Library,True,,at-large,3,,,https://www.town.hull.ma.us/DocumentCenter/View/2877/2026-Annual-Town-Election-Official-Results-PDF,https://www.town.hull.ma.us/DocumentCenter/View/2877/2026-Annual-Town-Election-Official-Results-PDF,https://www.town.hull.ma.us/DocumentCenter/View/2877/2026-Annual-Town-Election-Official-Results-PDF,elected-status-verified-seat-count-unresolved,
Hull,hull-ma/town-clerk,Town Clerk,Town Clerk,True,1,at-large,3,False,,https://www.town.hull.ma.us/169/Town-Clerk,https://www.town.hull.ma.us/DocumentCenter/View/2877/2026-Annual-Town-Election-Official-Results-PDF,https://www.town.hull.ma.us/DocumentCenter/View/2877/2026-Annual-Town-Election-Official-Results-PDF,schema-ready,
Huntington,huntington-ma/select-board-member,Select Board Member,Board of Selectmen Member,True,3,at-large,3,True,,https://www.huntingtonma.us/selectboard,https://www.huntingtonma.us/town-clerk/page/annual-town-election-nomination-papers-available,https://www.huntingtonma.us/town-clerk/page/elections,schema-ready,
Huntington,huntington-ma/board-of-health-member,Board of Health Member,Board of Health Member,True,,at-large,3,,,https://www.huntingtonma.us/town-clerk/page/annual-town-election-nomination-papers-available,https://www.huntingtonma.us/town-clerk/page/annual-town-election-nomination-papers-available,https://www.huntingtonma.us/town-clerk/page/elections,elected-status-verified-seat-count-unresolved,
Huntington,huntington-ma/assessor,Assessor,Board of Assessors Member,True,,at-large,3,,,https://www.huntingtonma.us/town-clerk/page/annual-town-election-nomination-papers-available,https://www.huntingtonma.us/town-clerk/page/annual-town-election-nomination-papers-available,https://www.huntingtonma.us/town-clerk/page/elections,elected-status-verified-seat-count-unresolved,
Huntington,huntington-ma/water-sewer-commissioner,Commissioner,Water & Sewer Commissioner,True,,at-large,3,,,https://www.huntingtonma.us/town-clerk/page/annual-town-election-nomination-papers-available,https://www.huntingtonma.us/town-clerk/page/annual-town-election-nomination-papers-available,https://www.huntingtonma.us/town-clerk/page/elections,elected-status-verified-seat-count-unresolved,
Huntington,huntington-ma/regional-school-committee-member,Regional School Committee Member,Regional School Committee Member (Huntington),True,,at-large,3,,,https://www.huntingtonma.us/town-clerk/page/annual-town-election-nomination-papers-available,https://www.huntingtonma.us/town-clerk/page/annual-town-election-nomination-papers-available,https://www.huntingtonma.us/town-clerk/page/elections,elected-status-verified-seat-count-unresolved,
Huntington,huntington-ma/tree-warden,Tree Warden,Tree Warden,True,1,at-large,1,False,,https://www.huntingtonma.us/town-clerk/page/annual-town-election-nomination-papers-available,https://www.huntingtonma.us/town-clerk/page/annual-town-election-nomination-papers-available,https://www.huntingtonma.us/town-clerk/page/elections,schema-ready,
Huntington,huntington-ma/moderator,Moderator,Town Moderator,True,1,at-large,1,False,,https://www.huntingtonma.us/town-clerk/page/annual-town-election-nomination-papers-available,https://www.huntingtonma.us/town-clerk/page/annual-town-election-nomination-papers-available,https://www.huntingtonma.us/town-clerk/page/elections,schema-ready,
Huntington,huntington-ma/pettis-fund-trustee,Trustee,Trustee of Alphonso P. Pettis Fund,True,,at-large,3,,,https://www.huntingtonma.us/town-clerk/page/annual-town-election-nomination-papers-available,https://www.huntingtonma.us/town-clerk/page/annual-town-election-nomination-papers-available,https://www.huntingtonma.us/town-clerk/page/elections,elected-status-verified-seat-count-unresolved,
Huntington,huntington-ma/constable,Constable,Constable,True,,at-large,3,,,https://www.huntingtonma.us/town-clerk/page/annual-town-election-nomination-papers-available,https://www.huntingtonma.us/town-clerk/page/annual-town-election-nomination-papers-available,https://www.huntingtonma.us/town-clerk/page/elections,elected-status-verified-seat-count-unresolved,
Huntington,huntington-ma/library-trustee,Library Trustee,Huntington Library Trustee,True,,at-large,3,,,https://www.huntingtonma.us/town-clerk/page/annual-town-election-nomination-papers-available,https://www.huntingtonma.us/town-clerk/page/annual-town-election-nomination-papers-available,https://www.huntingtonma.us/town-clerk/page/elections,elected-status-verified-seat-count-unresolved,
Huntington,huntington-ma/whiting-street-fund-trustee,Trustee,Trustee of Whiting Street Fund,True,,at-large,3,,,https://www.huntingtonma.us/town-clerk/page/annual-town-election-nomination-papers-available,https://www.huntingtonma.us/town-clerk/page/annual-town-election-nomination-papers-available,https://www.huntingtonma.us/town-clerk/page/elections,elected-status-verified-seat-count-unresolved,
Ipswich,ipswich-ma/select-board-member,Select Board Member,Select Board Member,True,5,at-large,3,True,,https://www.ipswichma.gov/DocumentCenter/View/18804/2026-04-06_Ipswich_ATM_Warrant_DRAFT?bidId=,https://www.ipswichma.gov/DocumentCenter/View/18925/May-19-2026-Annual-Town-Election-DRAFT-Results,https://www.ipswichma.gov/Directory.aspx?did=29,schema-ready,
Ipswich,ipswich-ma/moderator,Moderator,Town Moderator,True,1,at-large,1,False,,https://www.ipswichma.gov/DocumentCenter/View/18804/2026-04-06_Ipswich_ATM_Warrant_DRAFT?bidId=,https://www.ipswichma.gov/DocumentCenter/View/18925/May-19-2026-Annual-Town-Election-DRAFT-Results,https://www.ipswichma.gov/DocumentCenter/View/18925/May-19-2026-Annual-Town-Election-DRAFT-Results,schema-ready,
Ipswich,ipswich-ma/constable,Constable,Constable,True,1,at-large,,False,,https://www.ipswichma.gov/DocumentCenter/View/18804/2026-04-06_Ipswich_ATM_Warrant_DRAFT?bidId=,https://www.ipswichma.gov/DocumentCenter/View/18925/May-19-2026-Annual-Town-Election-DRAFT-Results,https://www.ipswichma.gov/DocumentCenter/View/18925/May-19-2026-Annual-Town-Election-DRAFT-Results,schema-ready,
Ipswich,ipswich-ma/electric-light-commissioner,Commissioner,Electric Light Commissioner,True,5,at-large,,True,,https://www.ipswichma.gov/DocumentCenter/View/18804/2026-04-06_Ipswich_ATM_Warrant_DRAFT?bidId=,https://www.ipswichma.gov/DocumentCenter/View/18804/2026-04-06_Ipswich_ATM_Warrant_DRAFT?bidId=,https://www.ipswichma.gov/DocumentCenter/View/18925/May-19-2026-Annual-Town-Election-DRAFT-Results,schema-ready,Charter text provides for five elected commissioners. 2026 Town Meeting records also describe a governance transition to an independently elected commission; current seating/transition timing remains unresolved.
Ipswich,ipswich-ma/school-committee-member,School Committee Member,School Committee Member,True,7,at-large,3,True,,https://www.ipswichma.gov/DocumentCenter/View/18804/2026-04-06_Ipswich_ATM_Warrant_DRAFT?bidId=,https://www.ipswichma.gov/DocumentCenter/View/18925/May-19-2026-Annual-Town-Election-DRAFT-Results,https://www.ipswichma.gov/DocumentCenter/View/1177/Master-Boards--Committees-Listing-?bidId=,schema-ready,
Ipswich,ipswich-ma/housing-authority-member,Housing Authority Member,Ipswich Housing Authority Member,True,5,at-large,5,True,,https://www.ipswichma.gov/DocumentCenter/View/18804/2026-04-06_Ipswich_ATM_Warrant_DRAFT?bidId=,https://www.ipswichma.gov/DocumentCenter/View/18925/May-19-2026-Annual-Town-Election-DRAFT-Results,https://www.ipswichma.gov/DocumentCenter/View/1177/Master-Boards--Committees-Listing-?bidId=,schema-ready,
Kingston,kingston-ma/assessor,Assessor,Board of Assessors Member,True,,at-large,3,,,https://kingstonma.gov/207/Voting-Election-Information,https://kingstonma.gov/207/Voting-Election-Information,https://kingstonma.gov/207/Voting-Election-Information,elected-status-verified-seat-count-unresolved,
Kingston,kingston-ma/select-board-member,Select Board Member,Board of Selectmen Member,True,5,at-large,3,True,,https://kingstonma.gov/Directory.aspx?did=30,https://kingstonma.gov/207/Voting-Election-Information,https://kingstonma.gov/207/Voting-Election-Information,schema-ready,
Kingston,kingston-ma/town-clerk,Town Clerk,Town Clerk,True,1,at-large,3,False,,https://kingstonma.gov/207/Voting-Election-Information,https://kingstonma.gov/207/Voting-Election-Information,https://kingstonma.gov/207/Voting-Election-Information,schema-ready,
Kingston,kingston-ma/moderator,Moderator,Town Moderator,True,1,at-large,3,False,,https://kingstonma.gov/207/Voting-Election-Information,https://kingstonma.gov/207/Voting-Election-Information,https://kingstonma.gov/207/Voting-Election-Information,schema-ready,
Kingston,kingston-ma/planning-board-member,Planning Board Member,Planning Board Member,True,5,at-large,5,True,,https://kingstonma.gov/269/Planning-Board,https://kingstonma.gov/207/Voting-Election-Information,https://kingstonma.gov/207/Voting-Election-Information,schema-ready,
Kingston,kingston-ma/elementary-school-committee-member,School Committee Member,Kingston Elementary School Committee Member,True,,at-large,3,,,https://kingstonma.gov/207/Voting-Election-Information,https://kingstonma.gov/207/Voting-Election-Information,https://kingstonma.gov/207/Voting-Election-Information,elected-status-verified-seat-count-unresolved,
Kingston,kingston-ma/water-commissioner,Water Commissioner,Water Commissioner,True,,at-large,3,,,https://kingstonma.gov/207/Voting-Election-Information,https://kingstonma.gov/207/Voting-Election-Information,https://kingstonma.gov/207/Voting-Election-Information,elected-status-verified-seat-count-unresolved,
Kingston,kingston-ma/housing-authority-member,Housing Authority Member,Housing Authority Member,True,,at-large,5,,,https://kingstonma.gov/207/Voting-Election-Information,https://kingstonma.gov/207/Voting-Election-Information,https://kingstonma.gov/207/Voting-Election-Information,elected-status-verified-seat-count-unresolved,
Kingston,kingston-ma/board-of-health-member,Board of Health Member,Board of Health Member,True,,at-large,3,,,https://kingstonma.gov/207/Voting-Election-Information,https://kingstonma.gov/207/Voting-Election-Information,https://kingstonma.gov/207/Voting-Election-Information,elected-status-verified-seat-count-unresolved,
Kingston,kingston-ma/library-trustee,Library Trustee,Library Trustee,True,,at-large,3,,,https://kingstonma.gov/207/Voting-Election-Information,https://kingstonma.gov/207/Voting-Election-Information,https://kingstonma.gov/207/Voting-Election-Information,elected-status-verified-seat-count-unresolved,
Kingston,kingston-ma/recreation-commissioner,Commissioner,Recreation Commissioner,True,,at-large,3,,,https://kingstonma.gov/207/Voting-Election-Information,https://kingstonma.gov/207/Voting-Election-Information,https://kingstonma.gov/207/Voting-Election-Information,elected-status-verified-seat-count-unresolved,
Kingston,kingston-ma/sewer-commissioner,Commissioner,Sewer Commissioner,True,,at-large,3,,,https://kingstonma.gov/207/Voting-Election-Information,https://kingstonma.gov/207/Voting-Election-Information,https://kingstonma.gov/207/Voting-Election-Information,elected-status-verified-seat-count-unresolved,
Lakeville,lakeville-ma/moderator,Moderator,Town Moderator,True,1,at-large,,False,,https://www.lakevillema.org/678/Election-Elected-Town-Officials,https://www.lakevillema.org/678/Election-Elected-Town-Officials,https://www.lakevillema.org/678/Election-Elected-Town-Officials,schema-ready,
Lakeville,lakeville-ma/select-board-member,Select Board Member,Select Board Member,True,5,at-large,3,True,,https://www.lakevillema.org/678/Election-Elected-Town-Officials,https://www.lakevillema.org/678/Election-Elected-Town-Officials,https://www.lakevillema.org/678/Election-Elected-Town-Officials,schema-ready,
Lakeville,lakeville-ma/assessor,Assessor,Board of Assessors Member,True,3,at-large,3,True,,https://www.lakevillema.org/678/Election-Elected-Town-Officials,https://www.lakevillema.org/678/Election-Elected-Town-Officials,https://www.lakevillema.org/678/Election-Elected-Town-Officials,schema-ready,
Lakeville,lakeville-ma/board-of-health-member,Board of Health Member,Board of Health Member,True,3,at-large,3,True,,https://www.lakevillema.org/183/Board-of-Health,https://www.lakevillema.org/678/Election-Elected-Town-Officials,https://www.lakevillema.org/678/Election-Elected-Town-Officials,schema-ready,
Lakeville,lakeville-ma/library-trustee,Library Trustee,Library Trustee,True,3,at-large,3,True,,https://www.lakevillema.org/678/Election-Elected-Town-Officials,https://www.lakevillema.org/678/Election-Elected-Town-Officials,https://www.lakevillema.org/678/Election-Elected-Town-Officials,schema-ready,
Lakeville,lakeville-ma/planning-board-member,Planning Board Member,Planning Board Member,True,5,at-large,5,True,,https://www.lakevillema.org/196/Planning-Board,https://www.lakevillema.org/678/Election-Elected-Town-Officials,https://www.lakevillema.org/678/Election-Elected-Town-Officials,schema-ready,Current five-member board includes one temporary appointee filling an elected seat until the next election.
Lakeville,lakeville-ma/finance-committee-member,Finance Committee Member,Finance Committee Member,True,5,at-large,3,True,,https://www.lakevillema.org/678/Election-Elected-Town-Officials,https://www.lakevillema.org/678/Election-Elected-Town-Officials,https://www.lakevillema.org/678/Election-Elected-Town-Officials,schema-ready,
Lakeville,lakeville-ma/park-commissioner,Park Commissioner,Park Commissioner,True,5,at-large,3,True,,https://www.lakevillema.org/678/Election-Elected-Town-Officials,https://www.lakevillema.org/678/Election-Elected-Town-Officials,https://www.lakevillema.org/678/Election-Elected-Town-Officials,schema-ready,
Lakeville,lakeville-ma/cemetery-commissioner,Cemetery Commissioner,Cemetery Commissioner,True,3,at-large,3,True,,https://www.lakevillema.org/678/Election-Elected-Town-Officials,https://www.lakevillema.org/678/Election-Elected-Town-Officials,https://www.lakevillema.org/678/Election-Elected-Town-Officials,schema-ready,
Lakeville,lakeville-ma/regional-school-committee-member,Regional School Committee Member,Freetown-Lakeville Regional School District Committee Member (Lakeville),True,4,at-large,3,True,,https://www.lakevillema.org/678/Election-Elected-Town-Officials,https://www.lakevillema.org/678/Election-Elected-Town-Officials,https://www.lakevillema.org/678/Election-Elected-Town-Officials,schema-ready,Current official elected-officials directory identifies four Lakeville-designated seats and four Freetown-designated seats.
Lakeville,lakeville-ma/town-clerk,Town Clerk,Town Clerk,True,1,at-large,3,False,,https://www.lakevillema.org/678/Election-Elected-Town-Officials,https://www.lakevillema.org/678/Election-Elected-Town-Officials,https://www.lakevillema.org/678/Election-Elected-Town-Officials,schema-ready,
Lancaster,lancaster-ma/select-board-member,Select Board Member,Select Board Member,True,3,at-large,3,True,,https://www.ci.lancaster.ma.us/418/Select-Board,https://www.ci.lancaster.ma.us/DocumentCenter/View/3849/May-11-2026-Annual-Town-Election-Sample-Ballot,https://www.ci.lancaster.ma.us/DocumentCenter/View/4008/2026-May-11-Annual-Town-Election-Final-Results,schema-ready,
Lancaster,lancaster-ma/board-of-health-member,Board of Health Member,Board of Health Member,True,,at-large,3,,,https://www.ci.lancaster.ma.us/DocumentCenter/View/3849/May-11-2026-Annual-Town-Election-Sample-Ballot,https://www.ci.lancaster.ma.us/DocumentCenter/View/3849/May-11-2026-Annual-Town-Election-Sample-Ballot,https://www.ci.lancaster.ma.us/DocumentCenter/View/4008/2026-May-11-Annual-Town-Election-Final-Results,elected-status-verified-seat-count-unresolved,
Lancaster,lancaster-ma/regional-school-committee-member,Regional School Committee Member,Nashoba Regional School District Committee Member (Lancaster),True,,at-large,3,,,https://www.ci.lancaster.ma.us/DocumentCenter/View/3849/May-11-2026-Annual-Town-Election-Sample-Ballot,https://www.ci.lancaster.ma.us/DocumentCenter/View/3849/May-11-2026-Annual-Town-Election-Sample-Ballot,https://www.ci.lancaster.ma.us/DocumentCenter/View/4008/2026-May-11-Annual-Town-Election-Final-Results,elected-status-verified-seat-count-unresolved,
Lancaster,lancaster-ma/board-of-public-works-member,Commissioner,Board of Public Works Member,True,3,at-large,3,True,,https://www.ci.lancaster.ma.us/276/Board-of-Public-Works,https://www.ci.lancaster.ma.us/DocumentCenter/View/3849/May-11-2026-Annual-Town-Election-Sample-Ballot,https://www.ci.lancaster.ma.us/DocumentCenter/View/4008/2026-May-11-Annual-Town-Election-Final-Results,schema-ready,
Lancaster,lancaster-ma/finance-committee-member,Finance Committee Member,Finance Committee Member,True,5,at-large,3,True,,https://www.ci.lancaster.ma.us/359/Finance-Committee,https://www.ci.lancaster.ma.us/DocumentCenter/View/3849/May-11-2026-Annual-Town-Election-Sample-Ballot,https://www.ci.lancaster.ma.us/DocumentCenter/View/4008/2026-May-11-Annual-Town-Election-Final-Results,schema-ready,
Lancaster,lancaster-ma/planning-board-member,Planning Board Member,Planning Board Member,True,5,at-large,5,True,,https://www.ci.lancaster.ma.us/392/Planning-Board,https://www.ci.lancaster.ma.us/DocumentCenter/View/3849/May-11-2026-Annual-Town-Election-Sample-Ballot,https://www.ci.lancaster.ma.us/DocumentCenter/View/4008/2026-May-11-Annual-Town-Election-Final-Results,schema-ready,
Lancaster,lancaster-ma/moderator,Moderator,Town Moderator,True,1,at-large,3,False,,https://www.ci.lancaster.ma.us/DocumentCenter/View/3849/May-11-2026-Annual-Town-Election-Sample-Ballot,https://www.ci.lancaster.ma.us/DocumentCenter/View/3849/May-11-2026-Annual-Town-Election-Sample-Ballot,https://www.ci.lancaster.ma.us/DocumentCenter/View/4008/2026-May-11-Annual-Town-Election-Final-Results,schema-ready,
Lancaster,lancaster-ma/library-trustee,Library Trustee,Board of Library Trustees Member,True,6,at-large,3,True,,https://www.ci.lancaster.ma.us/467/Board-of-Library-Trustees,https://www.ci.lancaster.ma.us/DocumentCenter/View/3849/May-11-2026-Annual-Town-Election-Sample-Ballot,https://www.ci.lancaster.ma.us/DocumentCenter/View/4008/2026-May-11-Annual-Town-Election-Final-Results,schema-ready,
Lanesborough,lanesborough-ma/select-board-member,Select Board Member,Select Board Member,True,5,at-large,3,True,,https://malegislature.gov/Laws/SessionLaws/Acts/2025/Chapter51,https://ecode360.com/34365847,https://cms5.revize.com/revize/lanesboroughma/2024%20Lanesborough%20Town%20Report%20Revised%20post%20print%20copy.pdf,schema-ready,Acts 2025 c.51 expands the Select Board from three to five members beginning with the 2026 election; regular terms thereafter are three years.
Lanesborough,lanesborough-ma/finance-committee-member,Finance Committee Member,Finance Committee Member,True,5,at-large,3,True,,https://cms5.revize.com/revize/lanesboroughma/2024%20Lanesborough%20Town%20Report%20Revised%20post%20print%20copy.pdf,https://ecode360.com/34365847,https://cms5.revize.com/revize/lanesboroughma/2024%20Lanesborough%20Town%20Report%20Revised%20post%20print%20copy.pdf,schema-ready,
Lanesborough,lanesborough-ma/moderator,Moderator,Town Moderator,True,1,at-large,3,False,,https://cms5.revize.com/revize/lanesboroughma/2024%20Lanesborough%20Town%20Report%20Revised%20post%20print%20copy.pdf,https://ecode360.com/34365847,https://cms5.revize.com/revize/lanesboroughma/2024%20Lanesborough%20Town%20Report%20Revised%20post%20print%20copy.pdf,schema-ready,
Lanesborough,lanesborough-ma/regional-school-committee-member,Regional School Committee Member,Mount Greylock Regional School Committee Member (Lanesborough),True,3,at-large,4,True,,https://www.mgrhs.org/page/school-committee,https://ecode360.com/34365847,https://www.mgrhs.org/page/school-committee,schema-ready,
Lanesborough,lanesborough-ma/regional-vocational-school-committee-member,Regional School Committee Member,Northern Berkshire Vocational Regional School District Committee Member (Lanesborough),True,1,at-large,3,False,,https://mccanntech.org/school-committee/,https://ecode360.com/34365847,https://mccanntech.org/school-committee/,schema-ready,
Lanesborough,lanesborough-ma/library-trustee,Library Trustee,Library Trustee,True,3,at-large,3,True,,https://cms5.revize.com/revize/lanesboroughma/2024%20Lanesborough%20Town%20Report%20Revised%20post%20print%20copy.pdf,https://ecode360.com/34365847,https://cms5.revize.com/revize/lanesboroughma/2024%20Lanesborough%20Town%20Report%20Revised%20post%20print%20copy.pdf,schema-ready,
Lanesborough,lanesborough-ma/planning-board-member,Planning Board Member,Planning Board Member,True,5,at-large,5,True,,https://cms5.revize.com/revize/lanesboroughma/2024%20Lanesborough%20Town%20Report%20Revised%20post%20print%20copy.pdf,https://ecode360.com/34365847,https://cms5.revize.com/revize/lanesboroughma/2024%20Lanesborough%20Town%20Report%20Revised%20post%20print%20copy.pdf,schema-ready,
Lawrence,lawrence-ma/mayor,Mayor,Mayor,True,1,at-large,4,False,,https://www.cityoflawrence.com/DocumentCenter/View/448/Lawrence-City-Charter-PDF,https://www.cityoflawrence.com/351/Election-Results,https://www.cityoflawrence.com/694/Elected-Officials,schema-ready,
Lawrence,lawrence-ma/city-council-member,Council Member,City Councilor,True,9,mixed,2,False,,https://www.cityoflawrence.com/DocumentCenter/View/448/Lawrence-City-Charter-PDF,https://www.cityoflawrence.com/351/Election-Results,https://www.cityoflawrence.com/694/Elected-Officials,schema-ready,Nine-member mixed council: three at-large and six district councilors.
Lawrence,lawrence-ma/school-committee-member,School Committee Member,Lawrence School Committee Member,True,3,at-large,2,False,,https://malegislature.gov/Laws/SessionLaws/Acts/2024/Chapter314,https://www.cityoflawrence.com/351/Election-Results,https://www.cityoflawrence.com/694/Elected-Officials,schema-ready,"Acts 2024 c.314, effective January 2, 2025, establishes three elected at-large members, three members appointed by the City Council, and the Mayor ex officio. Only the three voter-elected seats are modeled."
Lawrence,lawrence-ma/regional-vocational-school-committee-member,Regional School Committee Member,Greater Lawrence Technical School Committee Member (Lawrence),True,3,at-large,,True,,https://www.glts.net/apps/pages/index.jsp?uREC_ID=1804538&type=d&pREC_ID=2013589,https://www.cityoflawrence.com/351/Election-Results,https://www.glts.net/apps/pages/index.jsp?uREC_ID=1804538&type=d&pREC_ID=2013589,schema-ready,Current district roster confirms three Lawrence-designated members; regular term length remains unresolved.
Lee,lee-ma/moderator,Moderator,Town Moderator,True,1,at-large,1,False,,https://www.lee.ma.us/sites/g/files/vyhlif12726/f/uploads/fy23_annual_town_report_final.pdf,https://www.lee.ma.us/town-clerk/pages/election-results,https://www.lee.ma.us/town-clerk/pages/election-results,schema-ready,
Lee,lee-ma/select-board-member,Select Board Member,Select Board Member,True,3,at-large,3,True,,https://www.lee.ma.us/sites/g/files/vyhlif12726/f/uploads/fy23_annual_town_report_final.pdf,https://www.lee.ma.us/town-clerk/pages/election-results,https://www.lee.ma.us/town-clerk/pages/election-results,schema-ready,
Lee,lee-ma/constable,Constable,Constable,True,4,at-large,3,True,,https://www.lee.ma.us/sites/g/files/vyhlif12726/f/uploads/fy23_annual_town_report_final.pdf,https://www.lee.ma.us/town-clerk/pages/election-results,https://www.lee.ma.us/town-clerk/pages/election-results,schema-ready,
Lee,lee-ma/housing-authority-member,Housing Authority Member,Lee Housing Authority Member,True,,at-large,5,,,https://www.lee.ma.us/sites/g/files/vyhlif12726/f/uploads/fy23_annual_town_report_final.pdf,https://www.lee.ma.us/town-clerk/pages/election-results,https://www.lee.ma.us/town-clerk/pages/election-results,elected-status-verified-seat-count-unresolved,Elected status and five-year cycle are supported by Town election materials; locally elected versus appointed composition remains unresolved.
Lee,lee-ma/planning-board-member,Planning Board Member,Planning Board Member,True,5,at-large,5,True,,https://www.lee.ma.us/planning-board,https://www.lee.ma.us/town-clerk/pages/election-results,https://www.lee.ma.us/planning-board,schema-ready,
Lee,lee-ma/school-committee-member,School Committee Member,School Committee Member,True,7,at-large,3,True,,https://www.lee.ma.us/sites/g/files/vyhlif12726/f/uploads/fy23_annual_town_report_final.pdf,https://www.lee.ma.us/town-clerk/pages/election-results,https://www.lee.ma.us/town-clerk/pages/election-results,schema-ready,
Leicester,leicester-ma/assessor,Assessor,Board of Assessors Member,True,3,at-large,3,True,,https://www.leicesterma.org/222/Board-of-Assessors,https://www.leicesterma.org/DocumentCenter/View/4408/Elected-Town-Officials-2025,https://www.leicesterma.org/222/Board-of-Assessors,schema-ready,
Leicester,leicester-ma/board-of-health-member,Board of Health Member,Board of Health Member,True,3,at-large,3,True,,https://www.leicesterma.org/223/Board-of-Health,https://www.leicesterma.org/DocumentCenter/View/4408/Elected-Town-Officials-2025,https://www.leicesterma.org/223/Board-of-Health,schema-ready,
Leicester,leicester-ma/housing-authority-member,Housing Authority Member,Housing Authority Member,True,,at-large,5,,,https://www.leicesterma.org/DocumentCenter/View/4408/Elected-Town-Officials-2025,https://www.leicesterma.org/DocumentCenter/View/4408/Elected-Town-Officials-2025,https://www.leicesterma.org/DocumentCenter/View/4408/Elected-Town-Officials-2025,elected-status-verified-seat-count-unresolved,"Current elected-official list confirms elected Housing Authority positions, but stable locally elected seat count remains unresolved."
Leicester,leicester-ma/moderator,Moderator,Town Moderator,True,1,at-large,1,False,,https://www.leicesterma.org/DocumentCenter/View/4408/Elected-Town-Officials-2025,https://www.leicesterma.org/DocumentCenter/View/4408/Elected-Town-Officials-2025,https://www.leicesterma.org/DocumentCenter/View/4408/Elected-Town-Officials-2025,schema-ready,
Leicester,leicester-ma/school-committee-member,School Committee Member,School Committee Member,True,5,at-large,3,True,,https://www.leicesterma.org/DocumentCenter/View/4408/Elected-Town-Officials-2025,https://www.leicesterma.org/DocumentCenter/View/4408/Elected-Town-Officials-2025,https://www.leicesterma.org/DocumentCenter/View/4408/Elected-Town-Officials-2025,schema-ready,
Leicester,leicester-ma/select-board-member,Select Board Member,Select Board Member,True,5,at-large,3,True,,https://www.leicesterma.org/227/Select-Board,https://www.leicesterma.org/DocumentCenter/View/4408/Elected-Town-Officials-2025,https://www.leicesterma.org/227/Select-Board,schema-ready,
Leicester,leicester-ma/town-clerk,Town Clerk,Town Clerk,True,1,at-large,3,False,,https://www.leicesterma.org/229/Town-Clerk,https://www.leicesterma.org/DocumentCenter/View/4408/Elected-Town-Officials-2025,https://www.leicesterma.org/229/Town-Clerk,schema-ready,
Leicester,leicester-ma/planning-board-member,Planning Board Member,Planning Board Member,True,5,at-large,3,True,,https://www.leicesterma.org/225/Planning-Board,https://www.leicesterma.org/DocumentCenter/View/4408/Elected-Town-Officials-2025,https://www.leicesterma.org/225/Planning-Board,schema-ready,Five regular elected members; associate member is appointed and excluded.
Leicester,leicester-ma/library-trustee,Library Trustee,Library Trustee,True,7,at-large,3,True,,https://www.leicesterma.org/230/Library-Trustees,https://www.leicesterma.org/DocumentCenter/View/4408/Elected-Town-Officials-2025,https://www.leicesterma.org/230/Library-Trustees,schema-ready,
Lenox,lenox-ma/moderator,Moderator,Town Moderator,True,1,at-large,1,False,,https://www.townoflenox.com/DocumentCenter/View/5875/May-4-2026-Annual-Town-Election-Results,https://www.townoflenox.com/DocumentCenter/View/5875/May-4-2026-Annual-Town-Election-Results,https://www.townoflenox.com/DocumentCenter/View/5875/May-4-2026-Annual-Town-Election-Results,schema-ready,
Lenox,lenox-ma/select-board-member,Select Board Member,Select Board Member,True,5,at-large,3,True,,https://www.townoflenox.com/164/Select-Board,https://www.townoflenox.com/DocumentCenter/View/5875/May-4-2026-Annual-Town-Election-Results,https://www.townoflenox.com/164/Select-Board,schema-ready,
Lenox,lenox-ma/board-of-health-member,Board of Health Member,Board of Health Member,True,,at-large,3,,,https://www.townoflenox.com/DocumentCenter/View/5875/May-4-2026-Annual-Town-Election-Results,https://www.townoflenox.com/DocumentCenter/View/5875/May-4-2026-Annual-Town-Election-Results,https://www.townoflenox.com/DocumentCenter/View/5875/May-4-2026-Annual-Town-Election-Results,elected-status-verified-seat-count-unresolved,2026 election confirms a regular three-year elected Board of Health seat; total elected board size remains unresolved.
Lenox,lenox-ma/assessor,Assessor,Board of Assessors Member,True,3,at-large,3,True,,https://www.townoflenox.com/150/Board-of-Assessors,https://www.townoflenox.com/DocumentCenter/View/5875/May-4-2026-Annual-Town-Election-Results,https://www.townoflenox.com/150/Board-of-Assessors,schema-ready,
Lenox,lenox-ma/school-committee-member,School Committee Member,School Committee Member,True,7,at-large,3,True,,https://www.townoflenox.com/170/School-Committee,https://www.townoflenox.com/DocumentCenter/View/5875/May-4-2026-Annual-Town-Election-Results,https://www.townoflenox.com/170/School-Committee,schema-ready,
Lenox,lenox-ma/planning-board-member,Planning Board Member,Planning Board Member,True,5,at-large,5,True,,https://www.townoflenox.com/166/Planning-Board,https://www.townoflenox.com/DocumentCenter/View/5875/May-4-2026-Annual-Town-Election-Results,https://www.townoflenox.com/166/Planning-Board,schema-ready,
Lenox,lenox-ma/housing-authority-member,Housing Authority Member,Housing Authority Member,True,4,at-large,5,True,,https://www.townoflenox.com/157/Housing-Authority,https://www.townoflenox.com/DocumentCenter/View/5875/May-4-2026-Annual-Town-Election-Results,https://www.townoflenox.com/157/Housing-Authority,schema-ready,Five-member authority includes four voter-elected members plus one tenant appointee; only the four elected seats are modeled.
Ludlow,ludlow-ma/assessor,Assessor,Assessor,True,3,at-large,3,True,,https://ludlow.ma.us/wp-content/uploads/sites/2/2025/12/All-openings-available-2026-updated-2025-12-08-pdf.pdf,https://ludlow.ma.us/wp-content/uploads/sites/2/2025/12/All-openings-available-2026-updated-2025-12-08-pdf.pdf,https://ludlow.ma.us/wp-content/uploads/sites/2/2026/03/March-23-2026-Official-Local-Election-Results-1.pdf,schema-ready,2026 annual-election openings establish elected status and term; current municipal rosters establish board size.
Ludlow,ludlow-ma/board-of-health-member,Board of Health Member,Board of Health Member,True,3,at-large,3,True,,https://ludlow.ma.us/wp-content/uploads/sites/2/2025/12/All-openings-available-2026-updated-2025-12-08-pdf.pdf,https://ludlow.ma.us/wp-content/uploads/sites/2/2025/12/All-openings-available-2026-updated-2025-12-08-pdf.pdf,https://ludlow.ma.us/wp-content/uploads/sites/2/2026/03/March-23-2026-Official-Local-Election-Results-1.pdf,schema-ready,2026 annual-election openings establish elected status and term; current municipal rosters establish board size.
Ludlow,ludlow-ma/housing-authority-member,Housing Authority Member,Housing Authority Member,True,3,at-large,5,True,,https://malegislature.gov/Laws/GeneralLaws/PartI/TitleXVII/Chapter121B/Section5,https://ludlow.ma.us/wp-content/uploads/sites/2/2025/12/All-openings-available-2026-updated-2025-12-08-pdf.pdf,https://ludlow.ma.us/wp-content/uploads/sites/2/2026/03/March-23-2026-Official-Local-Election-Results-1.pdf,schema-ready,"M.G.L. c.121B §5 provides three voter-elected housing-authority seats in a town, each with five-year successor terms."
Ludlow,ludlow-ma/library-trustee,Library Trustee,Library Trustee,True,3,at-large,3,True,,https://ludlow.ma.us/wp-content/uploads/sites/2/2025/12/All-openings-available-2026-updated-2025-12-08-pdf.pdf,https://ludlow.ma.us/wp-content/uploads/sites/2/2025/12/All-openings-available-2026-updated-2025-12-08-pdf.pdf,https://ludlow.ma.us/wp-content/uploads/sites/2/2026/03/March-23-2026-Official-Local-Election-Results-1.pdf,schema-ready,2026 annual-election openings establish elected status and term; current municipal rosters establish board size.
Ludlow,ludlow-ma/planning-board-member,Planning Board Member,Planning Board Member,True,5,at-large,5,True,,https://ludlow.ma.us/wp-content/uploads/sites/2/2025/12/All-openings-available-2026-updated-2025-12-08-pdf.pdf,https://ludlow.ma.us/wp-content/uploads/sites/2/2025/12/All-openings-available-2026-updated-2025-12-08-pdf.pdf,https://ludlow.ma.us/wp-content/uploads/sites/2/2026/03/March-23-2026-Official-Local-Election-Results-1.pdf,schema-ready,2026 annual-election openings establish elected status and term; current municipal rosters establish board size.
Ludlow,ludlow-ma/recreation-commissioner,Recreation Commissioner,Recreation Commissioner,True,3,at-large,3,True,,https://ludlow.ma.us/wp-content/uploads/sites/2/2025/12/All-openings-available-2026-updated-2025-12-08-pdf.pdf,https://ludlow.ma.us/wp-content/uploads/sites/2/2025/12/All-openings-available-2026-updated-2025-12-08-pdf.pdf,https://ludlow.ma.us/wp-content/uploads/sites/2/2026/03/March-23-2026-Official-Local-Election-Results-1.pdf,schema-ready,2026 annual-election openings establish elected status and term; current municipal rosters establish board size.
Ludlow,ludlow-ma/school-committee-member,School Committee Member,School Committee Member,True,5,at-large,3,True,,https://ludlow.ma.us/wp-content/uploads/sites/2/2025/12/All-openings-available-2026-updated-2025-12-08-pdf.pdf,https://ludlow.ma.us/wp-content/uploads/sites/2/2025/12/All-openings-available-2026-updated-2025-12-08-pdf.pdf,https://ludlow.ma.us/wp-content/uploads/sites/2/2026/03/March-23-2026-Official-Local-Election-Results-1.pdf,schema-ready,2026 annual-election openings establish elected status and term; current municipal rosters establish board size.
Ludlow,ludlow-ma/select-board-member,Select Board Member,Select Board Member,True,5,at-large,3,True,,https://ludlow.ma.us/wp-content/uploads/sites/2/2025/12/All-openings-available-2026-updated-2025-12-08-pdf.pdf,https://ludlow.ma.us/wp-content/uploads/sites/2/2025/12/All-openings-available-2026-updated-2025-12-08-pdf.pdf,https://ludlow.ma.us/wp-content/uploads/sites/2/2026/03/March-23-2026-Official-Local-Election-Results-1.pdf,schema-ready,2026 annual-election openings establish elected status and term; current municipal rosters establish board size.
Ludlow,ludlow-ma/town-clerk,Town Clerk,Town Clerk,True,1,at-large,3,False,,https://ludlow.ma.us/wp-content/uploads/sites/2/2025/12/All-openings-available-2026-updated-2025-12-08-pdf.pdf,https://ludlow.ma.us/wp-content/uploads/sites/2/2025/12/All-openings-available-2026-updated-2025-12-08-pdf.pdf,https://ludlow.ma.us/wp-content/uploads/sites/2/2026/03/March-23-2026-Official-Local-Election-Results-1.pdf,schema-ready,2026 annual-election openings establish elected status and term; current municipal rosters establish board size.
Ludlow,ludlow-ma/moderator,Moderator,Moderator,True,1,at-large,3,False,,https://ludlow.ma.us/wp-content/uploads/sites/2/2025/12/All-openings-available-2026-updated-2025-12-08-pdf.pdf,https://ludlow.ma.us/wp-content/uploads/sites/2/2025/12/All-openings-available-2026-updated-2025-12-08-pdf.pdf,https://ludlow.ma.us/wp-content/uploads/sites/2/2026/03/March-23-2026-Official-Local-Election-Results-1.pdf,schema-ready,2026 annual-election openings establish elected status and term; current municipal rosters establish board size.
Ludlow,ludlow-ma/representative-town-meeting-member,Representative Town Meeting Member,Representative Town Meeting Member,True,90,precinct,3,True,,https://ludlow.ma.us/wp-content/uploads/sites/2/2025/12/All-openings-available-2026-updated-2025-12-08-pdf.pdf,https://ludlow.ma.us/wp-content/uploads/sites/2/2025/12/All-openings-available-2026-updated-2025-12-08-pdf.pdf,https://ludlow.ma.us/wp-content/uploads/sites/2/2026/03/March-23-2026-Official-Local-Election-Results-1.pdf,schema-ready,Six precincts each elect five three-year members annually; 15 continuing seats per precinct yields 90 elected precinct seats. Members-at-large/ex officio are not counted as voter-elected precinct posts.
Lunenburg,lunenburg-ma/assessor,Assessor,Assessor,True,3,at-large,3,True,,https://ecode360.com/29816400,https://lunenburgma.gov/DocumentCenter/View/4247/5162026-Annual-Town-Election-Official-Results-PDF,https://lunenburgma.gov/DocumentCenter/View/4247/5162026-Annual-Town-Election-Official-Results-PDF,schema-ready,Lunenburg charter enumerates the office; current official board/committee rosters and 2026 election materials reconcile composition and term.
Lunenburg,lunenburg-ma/board-of-health-member,Board of Health Member,Board of Health Member,True,5,at-large,3,True,,https://ecode360.com/29816400,https://lunenburgma.gov/DocumentCenter/View/4247/5162026-Annual-Town-Election-Official-Results-PDF,https://lunenburgma.gov/DocumentCenter/View/4247/5162026-Annual-Town-Election-Official-Results-PDF,schema-ready,Lunenburg charter enumerates the office; current official board/committee rosters and 2026 election materials reconcile composition and term.
Lunenburg,lunenburg-ma/cemetery-commissioner,Cemetery Commissioner,Cemetery Commissioner,True,3,at-large,3,True,,https://ecode360.com/29816400,https://lunenburgma.gov/DocumentCenter/View/4247/5162026-Annual-Town-Election-Official-Results-PDF,https://lunenburgma.gov/DocumentCenter/View/4247/5162026-Annual-Town-Election-Official-Results-PDF,schema-ready,Lunenburg charter enumerates the office; current official board/committee rosters and 2026 election materials reconcile composition and term.
Lunenburg,lunenburg-ma/commissioner-of-trust-funds,Commissioner of Trust Funds,Commissioner of Trust Funds,True,3,at-large,3,True,,https://ecode360.com/29816400,https://lunenburgma.gov/DocumentCenter/View/4247/5162026-Annual-Town-Election-Official-Results-PDF,https://lunenburgma.gov/DocumentCenter/View/4247/5162026-Annual-Town-Election-Official-Results-PDF,schema-ready,Lunenburg charter enumerates the office; current official board/committee rosters and 2026 election materials reconcile composition and term.
Lunenburg,lunenburg-ma/housing-authority-member,Housing Authority Member,Housing Authority Member,True,3,at-large,5,True,,https://malegislature.gov/Laws/GeneralLaws/PartI/TitleXVII/Chapter121B/Section5,https://lunenburgma.gov/DocumentCenter/View/4247/5162026-Annual-Town-Election-Official-Results-PDF,https://lunenburgma.gov/DocumentCenter/View/4247/5162026-Annual-Town-Election-Official-Results-PDF,schema-ready,Charter recognizes the Housing Authority as an elected office as applicable; M.G.L. c.121B §5 controls the three voter-elected town seats and five-year successor terms.
Lunenburg,lunenburg-ma/library-trustee,Library Trustee,Library Trustee,True,7,at-large,3,True,,https://ecode360.com/29816400,https://lunenburgma.gov/DocumentCenter/View/4247/5162026-Annual-Town-Election-Official-Results-PDF,https://lunenburgma.gov/DocumentCenter/View/4247/5162026-Annual-Town-Election-Official-Results-PDF,schema-ready,Lunenburg charter enumerates the office; current official board/committee rosters and 2026 election materials reconcile composition and term.
Lunenburg,lunenburg-ma/moderator,Moderator,Moderator,True,1,at-large,3,False,,https://ecode360.com/29816400,https://lunenburgma.gov/DocumentCenter/View/4247/5162026-Annual-Town-Election-Official-Results-PDF,https://lunenburgma.gov/DocumentCenter/View/4247/5162026-Annual-Town-Election-Official-Results-PDF,schema-ready,Lunenburg charter enumerates the office; current official board/committee rosters and 2026 election materials reconcile composition and term.
Lunenburg,lunenburg-ma/park-commissioner,Park Commissioner,Park Commissioner,True,5,at-large,3,True,,https://ecode360.com/29816400,https://lunenburgma.gov/DocumentCenter/View/4247/5162026-Annual-Town-Election-Official-Results-PDF,https://lunenburgma.gov/DocumentCenter/View/4247/5162026-Annual-Town-Election-Official-Results-PDF,schema-ready,Lunenburg charter enumerates the office; current official board/committee rosters and 2026 election materials reconcile composition and term.
Lunenburg,lunenburg-ma/planning-board-member,Planning Board Member,Planning Board Member,True,5,at-large,5,True,,https://ecode360.com/29816400,https://lunenburgma.gov/DocumentCenter/View/4247/5162026-Annual-Town-Election-Official-Results-PDF,https://lunenburgma.gov/DocumentCenter/View/4247/5162026-Annual-Town-Election-Official-Results-PDF,schema-ready,Lunenburg charter enumerates the office; current official board/committee rosters and 2026 election materials reconcile composition and term.
Lunenburg,lunenburg-ma/school-committee-member,School Committee Member,School Committee Member,True,5,at-large,3,True,,https://ecode360.com/29816400,https://lunenburgma.gov/DocumentCenter/View/4247/5162026-Annual-Town-Election-Official-Results-PDF,https://lunenburgma.gov/DocumentCenter/View/4247/5162026-Annual-Town-Election-Official-Results-PDF,schema-ready,Current 2026 School Committee materials confirm five members; older municipal profile text stating seven members is stale.
Lunenburg,lunenburg-ma/select-board-member,Select Board Member,Select Board Member,True,5,at-large,3,True,,https://ecode360.com/29816400,https://lunenburgma.gov/DocumentCenter/View/4247/5162026-Annual-Town-Election-Official-Results-PDF,https://lunenburgma.gov/DocumentCenter/View/4247/5162026-Annual-Town-Election-Official-Results-PDF,schema-ready,Lunenburg charter enumerates the office; current official board/committee rosters and 2026 election materials reconcile composition and term.
Lunenburg,lunenburg-ma/sewer-commissioner,Sewer Commissioner,Sewer Commissioner,True,5,at-large,3,True,,https://ecode360.com/29816400,https://lunenburgma.gov/DocumentCenter/View/4247/5162026-Annual-Town-Election-Official-Results-PDF,https://lunenburgma.gov/DocumentCenter/View/4247/5162026-Annual-Town-Election-Official-Results-PDF,schema-ready,Lunenburg charter enumerates the office; current official board/committee rosters and 2026 election materials reconcile composition and term.
Lunenburg,lunenburg-ma/town-clerk,Town Clerk,Town Clerk,True,1,at-large,3,False,,https://ecode360.com/29816400,https://lunenburgma.gov/DocumentCenter/View/4247/5162026-Annual-Town-Election-Official-Results-PDF,https://lunenburgma.gov/DocumentCenter/View/4247/5162026-Annual-Town-Election-Official-Results-PDF,schema-ready,Lunenburg charter enumerates the office; current official board/committee rosters and 2026 election materials reconcile composition and term.
Lunenburg,lunenburg-ma/constable,Constable,Constable,True,1,at-large,3,False,,https://ecode360.com/29816400,https://lunenburgma.gov/DocumentCenter/View/4247/5162026-Annual-Town-Election-Official-Results-PDF,https://lunenburgma.gov/DocumentCenter/View/4247/5162026-Annual-Town-Election-Official-Results-PDF,current-election-practice-verified-legal-authority-conflict,"Authority conflict: charter §3-2(d) places constables among Select Board appointments and §3-1 omits constable from the elected-office list, while official annual-election materials and the FY2025 annual report treat a three-year Constable as elected. Preserved as research-only pending legal reconciliation."
Lynn,lynn-ma/mayor,Mayor,Mayor,True,1,at-large,4,False,,https://malegislature.gov/Laws/SessionLaws/Acts/2025/Chapter84,https://www.lynnma.gov/city_government/cityclerk/elections,,schema-ready,Acts of 2025 c.84 establishes the current city charter structure.
Lynn,lynn-ma/city-council-member,Council Member,City Councilor,True,11,mixed,2,False,,https://malegislature.gov/Laws/SessionLaws/Acts/2025/Chapter84,https://www.lynnma.gov/city_government/cityclerk/elections,,schema-ready,Acts of 2025 c.84 establishes the current city charter structure. Council consists of four at-large and seven ward seats.
Lynn,lynn-ma/school-committee-member,School Committee Member,School Committee Member,True,6,at-large,2,False,,https://malegislature.gov/Laws/SessionLaws/Acts/2025/Chapter84,https://www.lynnma.gov/city_government/cityclerk/elections,,schema-ready,Acts of 2025 c.84 establishes the current city charter structure. Six members are voter-elected at large; the Mayor's ex officio chair role is not counted as an additional elected School Committee post.
Lynnfield,lynnfield-ma/select-board-member,Select Board Member,Select Board Member,True,3,at-large,3,True,False,https://ecode360.com/28618395,https://ecode360.com/28618464,https://www.lynnfieldma.gov/AgendaCenter/ViewFile/Minutes/_04142026-1487,schema-ready,Lynnfield charter/election provisions establish a nonpartisan elected office and term.
Lynnfield,lynnfield-ma/school-committee-member,School Committee Member,School Committee Member,True,5,at-large,3,True,False,https://ecode360.com/28618409,https://ecode360.com/28618464,https://www.lynnfieldma.gov/AgendaCenter/ViewFile/Minutes/_04142026-1487,schema-ready,Lynnfield charter/election provisions establish a nonpartisan elected office and term.
Lynnfield,lynnfield-ma/planning-board-member,Planning Board Member,Planning Board Member,True,5,at-large,5,True,False,https://ecode360.com/28618409,https://ecode360.com/28618464,https://www.lynnfieldma.gov/AgendaCenter/ViewFile/Minutes/_04142026-1487,schema-ready,Lynnfield charter/election provisions establish a nonpartisan elected office and term.
Lynnfield,lynnfield-ma/assessor,Assessor,Assessor,True,3,at-large,3,True,False,https://ecode360.com/28618409,https://ecode360.com/28618464,https://www.lynnfieldma.gov/AgendaCenter/ViewFile/Minutes/_04142026-1487,schema-ready,Lynnfield charter/election provisions establish a nonpartisan elected office and term.
Lynnfield,lynnfield-ma/library-trustee,Library Trustee,Library Trustee,True,5,at-large,3,True,False,https://ecode360.com/28618409,https://ecode360.com/28618464,https://www.lynnfieldma.gov/AgendaCenter/ViewFile/Minutes/_04142026-1487,schema-ready,Lynnfield charter/election provisions establish a nonpartisan elected office and term.
Lynnfield,lynnfield-ma/housing-authority-member,Housing Authority Member,Housing Authority Member,True,3,at-large,5,True,False,https://malegislature.gov/Laws/GeneralLaws/PartI/TitleXVII/Chapter121B/Section5,https://ecode360.com/28618464,https://www.lynnfieldma.gov/AgendaCenter/ViewFile/Minutes/_04142026-1487,schema-ready,M.G.L. c.121B §5 establishes three voter-elected town Housing Authority seats with five-year successor terms.
Lynnfield,lynnfield-ma/moderator,Moderator,Moderator,True,1,at-large,1,False,False,https://ecode360.com/28618365,https://ecode360.com/28618464,https://www.lynnfieldma.gov/AgendaCenter/ViewFile/Minutes/_04142026-1487,schema-ready,Lynnfield charter/election provisions establish a nonpartisan elected office and term.
Malden,malden-ma/mayor,Mayor,Mayor,True,1,at-large,4,False,,https://www.cityofmalden.org/197/City-Charter,https://www.cityofmalden.org/259/Elected-Officials,,schema-ready,Current official elected-officials page confirms a voter-elected Mayor serving a four-year term.
Malden,malden-ma/city-council-member,Council Member,City Councillor,True,11,mixed,2,False,,https://www.cityofmalden.org/197/City-Charter,https://www.cityofmalden.org/259/Elected-Officials,,schema-ready,"Eleven elected councillors: eight ward seats and three citywide at-large seats, all two-year terms."
Malden,malden-ma/school-committee-member,School Committee Member,School Committee Member,True,8,ward,2,False,,https://www.cityofmalden.org/197/City-Charter,https://www.cityofmalden.org/259/Elected-Officials,,schema-ready,Eight voter-elected ward members serve two-year terms. The Mayor is ex officio chair and is not counted as a ninth voter-elected School Committee post.
Malden,malden-ma/regional-vocational-school-committee-member,Regional Vocational School Committee Member,Regional Vocational School Committee Member,True,1,municipal-representative,,False,,https://www.cityofmalden.org/259/Elected-Officials,https://www.cityofmalden.org/DocumentCenter/View/11665/2026-State-Election-Candidates-English-PDF,https://www.cityofmalden.org/DocumentCenter/View/9312/Election-Results-Nov-5-2024-PDF,schema-ready,Malden's Northeast Metropolitan Regional Vocational School Committee representative is a voter-elected state-election office. Term length left unresolved rather than inferred because 2026 materials show a current vacancy successor/candidate cycle.
Manchester-by-the-Sea,manchester-by-the-sea-ma/constable,Constable,Constable,True,3,at-large,3,False,False,https://www.manchester.ma.us/DocumentCenter/View/8219/How-to-Run-for-Office-2026?bidId=,https://www.manchester.ma.us/DocumentCenter/View/8219/How-to-Run-for-Office-2026?bidId=,https://www.manchester.ma.us/DocumentCenter/View/9524/Annual-Town-Report-2025,schema-ready,Current 2026 guide enumerates three elected Constables serving three-year terms.
Manchester-by-the-Sea,manchester-by-the-sea-ma/select-board-member,Select Board Member,Select Board Member,True,5,at-large,3,True,False,https://www.manchester.ma.us/DocumentCenter/View/8219/How-to-Run-for-Office-2026?bidId=,https://www.manchester.ma.us/DocumentCenter/View/8219/How-to-Run-for-Office-2026?bidId=,https://www.manchester.ma.us/DocumentCenter/View/9727/2026-May-19-Annual-Town-Election-Results,schema-ready,
Manchester-by-the-Sea,manchester-by-the-sea-ma/moderator,Moderator,Moderator,True,1,at-large,1,False,False,https://www.manchester.ma.us/DocumentCenter/View/8219/How-to-Run-for-Office-2026?bidId=,https://www.manchester.ma.us/DocumentCenter/View/8219/How-to-Run-for-Office-2026?bidId=,https://www.manchester.ma.us/DocumentCenter/View/9727/2026-May-19-Annual-Town-Election-Results,schema-ready,
Manchester-by-the-Sea,manchester-by-the-sea-ma/regional-school-committee-member,Regional School Committee Member,Regional School Committee Member,True,4,district,3,True,False,https://www.manchester.ma.us/DocumentCenter/View/8219/How-to-Run-for-Office-2026?bidId=,https://www.manchester.ma.us/DocumentCenter/View/8219/How-to-Run-for-Office-2026?bidId=,https://www.manchester.ma.us/DocumentCenter/View/9727/2026-May-19-Annual-Town-Election-Results,schema-ready,Four Manchester representatives serve on the regional School Committee.
Manchester-by-the-Sea,manchester-by-the-sea-ma/planning-board-member,Planning Board Member,Planning Board Member,True,7,at-large,3,True,False,https://www.manchester.ma.us/DocumentCenter/View/8219/How-to-Run-for-Office-2026?bidId=,https://www.manchester.ma.us/DocumentCenter/View/8219/How-to-Run-for-Office-2026?bidId=,https://www.manchester.ma.us/DocumentCenter/View/9727/2026-May-19-Annual-Town-Election-Results,schema-ready,
Manchester-by-the-Sea,manchester-by-the-sea-ma/housing-authority-member,Housing Authority Member,Housing Authority Member,True,,at-large,5,,False,https://malegislature.gov/Laws/GeneralLaws/PartI/TitleXVII/Chapter121b/Section5,https://www.manchester.ma.us/DocumentCenter/View/8219/How-to-Run-for-Office-2026?bidId=,https://www.manchester.ma.us/DocumentCenter/View/9727/2026-May-19-Annual-Town-Election-Results,local-election-practice-verified-statutory-composition-conflict,"The 2026 local guide and ballot continue to describe/operate four elected seats plus one state appointee, while current M.G.L. c.121B §5 mandates three elected, one tenant-appointed, and one state-appointed member. Current elected-seat identity is not serialized pending transition reconciliation."
Manchester-by-the-Sea,manchester-by-the-sea-ma/library-trustee,Library Trustee,Library Trustee,True,3,at-large,3,True,False,https://www.manchester.ma.us/DocumentCenter/View/8219/How-to-Run-for-Office-2026?bidId=,https://www.manchester.ma.us/DocumentCenter/View/8219/How-to-Run-for-Office-2026?bidId=,https://www.manchester.ma.us/DocumentCenter/View/9727/2026-May-19-Annual-Town-Election-Results,schema-ready,
Mansfield,mansfield-ma/housing-authority-member,Housing Authority Member,Housing Authority Member,True,,at-large,5,,False,https://malegislature.gov/Laws/GeneralLaws/PartI/TitleXVII/Chapter121b/Section5,https://www.mansfieldma.com/DocumentCenter/View/13029/Nomination-Papers-Available-PDF,https://www.mansfieldma.com/DocumentCenter/View/14694/Unofficial-Results-5-12-26-ATE,statutory-transition-seat-classification-unresolved,"Current municipal Housing Authority materials retain four local non-state seats and local elections continued in 2026, while current M.G.L. c.121B §5 requires three elected plus a tenant appointee and state appointee. Which current local seat is the tenant-transition seat is unresolved; no Post is serialized."
Mansfield,mansfield-ma/moderator,Moderator,Moderator,True,1,at-large,1,False,False,https://ecode360.com/28866340,https://www.mansfieldma.com/DocumentCenter/View/13029/Nomination-Papers-Available-PDF,https://www.mansfieldma.com/DocumentCenter/View/14694/Unofficial-Results-5-12-26-ATE,schema-ready,
Mansfield,mansfield-ma/regional-school-representative,Regional School Representative,Regional School Representative,True,1,district,4,False,False,https://www.mansfieldma.com/DocumentCenter/View/11487/Annual-Town-Report-2024-PDF,https://www.mansfieldma.com/DocumentCenter/View/11487/Annual-Town-Report-2024-PDF,https://www.mansfieldma.com/DocumentCenter/View/11487/Annual-Town-Report-2024-PDF,schema-ready,Mansfield elects one representative to the Southeastern Regional Vocational Technical High School Committee; the 2024 annual report records the current term through 2028.
Mansfield,mansfield-ma/school-committee-member,School Committee Member,School Committee Member,True,5,at-large,3,True,False,https://ecode360.com/28866340,https://www.mansfieldma.com/DocumentCenter/View/13029/Nomination-Papers-Available-PDF,https://www.mansfieldma.com/DocumentCenter/View/14694/Unofficial-Results-5-12-26-ATE,schema-ready,
Mansfield,mansfield-ma/select-board-member,Select Board Member,Select Board Member,True,5,at-large,3,True,False,https://ecode360.com/28866340,https://www.mansfieldma.com/DocumentCenter/View/13029/Nomination-Papers-Available-PDF,https://www.mansfieldma.com/DocumentCenter/View/14694/Unofficial-Results-5-12-26-ATE,schema-ready,
Marblehead,marblehead-ma/select-board-member,Select Board Member,Select Board Member,True,5,at-large,3,True,False,https://marbleheadma.gov/wp-content/uploads/2026/04/Annual-Town-Report-2025.pdf,https://marbleheadma.gov/wp-content/uploads/2026/06/Town-election-official-results-June-9-2026.pdf,https://marbleheadma.gov/wp-content/uploads/2026/06/Town-election-official-results-June-9-2026.pdf,schema-ready,
Marblehead,marblehead-ma/moderator,Moderator,Moderator,True,1,at-large,1,False,False,https://marbleheadma.gov/wp-content/uploads/2026/04/Annual-Town-Report-2025.pdf,https://marbleheadma.gov/wp-content/uploads/2026/06/Town-election-official-results-June-9-2026.pdf,https://marbleheadma.gov/wp-content/uploads/2026/06/Town-election-official-results-June-9-2026.pdf,schema-ready,
Marblehead,marblehead-ma/town-clerk,Town Clerk,Town Clerk,True,1,at-large,3,False,False,https://marbleheadma.gov/wp-content/uploads/2026/04/Annual-Town-Report-2025.pdf,https://marbleheadma.gov/wp-content/uploads/2026/06/Town-election-official-results-June-9-2026.pdf,https://marbleheadma.gov/wp-content/uploads/2026/06/Town-election-official-results-June-9-2026.pdf,schema-ready,
Marblehead,marblehead-ma/assessor,Assessor,Assessor,True,3,at-large,3,True,False,https://marbleheadma.gov/wp-content/uploads/2026/04/Annual-Town-Report-2025.pdf,https://marbleheadma.gov/wp-content/uploads/2026/06/Town-election-official-results-June-9-2026.pdf,https://marbleheadma.gov/wp-content/uploads/2026/06/Town-election-official-results-June-9-2026.pdf,schema-ready,
Marblehead,marblehead-ma/cemetery-commissioner,Cemetery Commissioner,Cemetery Commissioner,True,3,at-large,3,True,False,https://marbleheadma.gov/wp-content/uploads/2026/04/Annual-Town-Report-2025.pdf,https://marbleheadma.gov/wp-content/uploads/2026/06/Town-election-official-results-June-9-2026.pdf,https://marbleheadma.gov/wp-content/uploads/2026/06/Town-election-official-results-June-9-2026.pdf,schema-ready,
Marblehead,marblehead-ma/board-of-health-member,Board of Health Member,Board of Health Member,True,5,at-large,3,True,False,https://malegislature.gov/Laws/SessionLaws/Acts/2025/Chapter90,https://marbleheadma.gov/wp-content/uploads/2026/06/Town-election-official-results-June-9-2026.pdf,https://marbleheadma.gov/wp-content/uploads/2026/06/Town-election-official-results-June-9-2026.pdf,schema-ready,"Acts 2025 c.90 expands the elected Board of Health from three to five; the June 9, 2026 election filled three seats during the transition to staggered three-year terms."
Marblehead,marblehead-ma/housing-authority-member,Housing Authority Member,Housing Authority Member,True,3,at-large,5,True,False,https://malegislature.gov/Laws/GeneralLaws/PartI/TitleXVII/Chapter121b/Section5,https://marbleheadma.gov/wp-content/uploads/2026/06/Town-election-official-results-June-9-2026.pdf,https://marbleheadma.gov/wp-content/uploads/2026/06/Town-election-official-results-June-9-2026.pdf,schema-ready,Three voter-elected town Housing Authority seats are modeled under current M.G.L. c.121B §5; tenant/state appointed seats are excluded.
Marblehead,marblehead-ma/library-trustee,Library Trustee,Abbot Public Library Trustee,True,6,at-large,3,True,False,https://marbleheadma.gov/wp-content/uploads/2026/04/Annual-Town-Report-2025.pdf,https://marbleheadma.gov/wp-content/uploads/2026/06/Town-election-official-results-June-9-2026.pdf,https://marbleheadma.gov/wp-content/uploads/2026/06/Town-election-official-results-June-9-2026.pdf,schema-ready,
Marblehead,marblehead-ma/municipal-light-commissioner,Municipal Light Commissioner,Municipal Light Commissioner,True,5,at-large,3,True,False,https://marbleheadma.gov/wp-content/uploads/2026/04/Annual-Town-Report-2025.pdf,https://marbleheadma.gov/wp-content/uploads/2026/06/Town-election-official-results-June-9-2026.pdf,https://marbleheadma.gov/wp-content/uploads/2026/06/Town-election-official-results-June-9-2026.pdf,schema-ready,
Marblehead,marblehead-ma/planning-board-member,Planning Board Member,Planning Board Member,True,5,at-large,3,True,False,https://marbleheadma.gov/wp-content/uploads/2026/04/Annual-Town-Report-2025.pdf,https://marbleheadma.gov/wp-content/uploads/2026/06/Town-election-official-results-June-9-2026.pdf,https://marbleheadma.gov/wp-content/uploads/2026/06/Town-election-official-results-June-9-2026.pdf,schema-ready,
Marblehead,marblehead-ma/recreation-parks-commissioner,Recreation & Parks Commissioner,Recreation & Parks Commissioner,True,5,at-large,1,False,False,https://marbleheadma.gov/wp-content/uploads/2026/04/Annual-Town-Report-2025.pdf,https://marbleheadma.gov/wp-content/uploads/2026/06/Town-election-official-results-June-9-2026.pdf,https://marbleheadma.gov/wp-content/uploads/2026/06/Town-election-official-results-June-9-2026.pdf,schema-ready,
Marblehead,marblehead-ma/school-committee-member,School Committee Member,School Committee Member,True,5,at-large,3,True,False,https://marbleheadma.gov/wp-content/uploads/2026/04/Annual-Town-Report-2025.pdf,https://marbleheadma.gov/wp-content/uploads/2026/06/Town-election-official-results-June-9-2026.pdf,https://marbleheadma.gov/wp-content/uploads/2026/06/Town-election-official-results-June-9-2026.pdf,schema-ready,
Marblehead,marblehead-ma/water-sewer-commissioner,Water & Sewer Commissioner,Water & Sewer Commissioner,True,5,at-large,3,True,False,https://marbleheadma.gov/wp-content/uploads/2026/04/Annual-Town-Report-2025.pdf,https://marbleheadma.gov/wp-content/uploads/2026/06/Town-election-official-results-June-9-2026.pdf,https://marbleheadma.gov/wp-content/uploads/2026/06/Town-election-official-results-June-9-2026.pdf,schema-ready,
Marion,marion-ma/select-board-member,Select Board Member,Select Board Member,True,3,at-large,3,True,False,https://www.marionma.gov/DocumentCenter/View/2345/Annual-Report-2024-PDF?bidId=,https://www.marionma.gov/762/Town-Meeting-Information,https://marionma.gov/DocumentCenter/View/2746/Copy-of-Unofficial-ATE-Results?bidId=,schema-ready,
Marion,marion-ma/assessor,Assessor,Assessor,True,3,at-large,3,True,False,https://www.marionma.gov/DocumentCenter/View/2345/Annual-Report-2024-PDF?bidId=,https://www.marionma.gov/762/Town-Meeting-Information,https://marionma.gov/DocumentCenter/View/2746/Copy-of-Unofficial-ATE-Results?bidId=,schema-ready,
Marion,marion-ma/board-of-health-member,Board of Health Member,Board of Health Member,True,3,at-large,3,True,False,https://www.marionma.gov/DocumentCenter/View/2345/Annual-Report-2024-PDF?bidId=,https://www.marionma.gov/762/Town-Meeting-Information,https://marionma.gov/DocumentCenter/View/2746/Copy-of-Unofficial-ATE-Results?bidId=,schema-ready,
Marion,marion-ma/planning-board-member,Planning Board Member,Planning Board Member,True,7,at-large,3,True,False,https://www.marionma.gov/DocumentCenter/View/2345/Annual-Report-2024-PDF?bidId=,https://www.marionma.gov/762/Town-Meeting-Information,https://marionma.gov/DocumentCenter/View/2746/Copy-of-Unofficial-ATE-Results?bidId=,schema-ready,
Marion,marion-ma/open-space-acquisition-commission-member,Open Space Acquisition Commission Member,Open Space Acquisition Commission Member,True,5,at-large,3,True,False,https://www.marionma.gov/DocumentCenter/View/2345/Annual-Report-2024-PDF?bidId=,https://www.marionma.gov/762/Town-Meeting-Information,https://marionma.gov/DocumentCenter/View/2746/Copy-of-Unofficial-ATE-Results?bidId=,schema-ready,
Marion,marion-ma/moderator,Moderator,Moderator,True,1,at-large,,False,False,https://www.marionma.gov/DocumentCenter/View/2345/Annual-Report-2024-PDF?bidId=,https://www.marionma.gov/762/Town-Meeting-Information,https://marionma.gov/DocumentCenter/View/2746/Copy-of-Unofficial-ATE-Results?bidId=,schema-ready,Current elected Moderator and seat count are established; exact current term length is left null rather than inferred.
Marion,marion-ma/school-committee-member,Marion School Committee Member,Marion School Committee Member,True,5,at-large,3,True,False,https://www.marionma.gov/DocumentCenter/View/2345/Annual-Report-2024-PDF?bidId=,https://www.marionma.gov/762/Town-Meeting-Information,https://marionma.gov/DocumentCenter/View/2746/Copy-of-Unofficial-ATE-Results?bidId=,schema-ready,
Marion,marion-ma/old-rochester-regional-school-committee-member,Old Rochester Regional School Committee Member,Old Rochester Regional School Committee Member,True,3,district,3,True,False,https://www.marionma.gov/DocumentCenter/View/2345/Annual-Report-2024-PDF?bidId=,https://www.marionma.gov/762/Town-Meeting-Information,https://marionma.gov/DocumentCenter/View/2746/Copy-of-Unofficial-ATE-Results?bidId=,schema-ready,Three Marion seats are represented on the current ORR committee; one current holder is appointed to an elected-seat vacancy and is preserved with how_seated=appointed.
Marion,marion-ma/upper-cape-cod-regional-vocational-school-committee-member,Upper Cape Cod Regional Vocational Technical School Committee Member,Upper Cape Cod Regional Vocational Technical School Committee Member,True,1,district,4,False,False,https://www.marionma.gov/DocumentCenter/View/2345/Annual-Report-2024-PDF?bidId=,https://www.marionma.gov/DocumentCenter/View/2345/Annual-Report-2024-PDF?bidId=,https://www.marionma.gov/DocumentCenter/View/2345/Annual-Report-2024-PDF?bidId=,schema-ready,The annual report records Marion’s elected regional vocational-school representative with a November 2028 term; the seat is retained despite not appearing on the May 2026 annual town-election ballot because it follows a separate cycle.
Marlborough,marlborough-ma/mayor,Mayor,Mayor,True,1,at-large,2,False,False,https://www.marlborough-ma.gov/CivicAlerts.aspx?AID=86,https://www.marlborough-ma.gov/CivicAlerts.aspx?AID=86,https://www.marlborough-ma.gov/DocumentCenter/View/3476/2025-11-04-Municipal-Election-Results,schema-ready,
Marlborough,marlborough-ma/city-council-member,City Council Member,City Council Member,True,11,mixed,2,False,False,https://www.marlborough-ma.gov/387/City-Council,https://www.marlborough-ma.gov/CivicAlerts.aspx?AID=86,https://www.marlborough-ma.gov/DocumentCenter/View/3476/2025-11-04-Municipal-Election-Results,schema-ready,Eleven elected councilors: four at-large and seven ward members.
Marlborough,marlborough-ma/school-committee-member,School Committee Member,School Committee Member,True,6,at-large,4,True,False,https://www.mps-edu.org/page/school-committee,https://www.marlborough-ma.gov/CivicAlerts.aspx?AID=86,https://www.marlborough-ma.gov/DocumentCenter/View/3476/2025-11-04-Municipal-Election-Results,schema-ready,Six voter-elected School Committee seats are modeled. The Mayor serves ex officio as chair and is excluded from this six-seat elected Post.
Marshfield,marshfield-ma/select-board-member,Select Board Member,Select Board Member,True,3,at-large,3,True,False,https://ecode360.com/30029163,https://959watd.com/blog/2026/05/smith-wins-marshfield-select-board-seat/,https://www.southshore.news/p/new-leadership-for-marshfield-select,schema-ready,Current charter still specifies a three-member Select Board. The May 2026 Town Meeting expansion vote is not treated as operative until the required legal/charter change is completed.
Marshfield,marshfield-ma/assessor,Assessor,Assessor,True,3,at-large,3,True,False,https://ecode360.com/30029163,https://959watd.com/blog/2026/05/smith-wins-marshfield-select-board-seat/,https://www.southshore.news/p/new-leadership-for-marshfield-select,schema-ready,
Marshfield,marshfield-ma/board-of-health-member,Board of Health Member,Board of Health Member,True,3,at-large,3,True,False,https://ecode360.com/30029163,https://959watd.com/blog/2026/05/smith-wins-marshfield-select-board-seat/,https://www.southshore.news/p/new-leadership-for-marshfield-select,schema-ready,
Marshfield,marshfield-ma/board-of-public-works-member,Board of Public Works Member,Board of Public Works Member,True,3,at-large,3,True,False,https://ecode360.com/30029163,https://959watd.com/blog/2026/05/smith-wins-marshfield-select-board-seat/,https://www.southshore.news/p/new-leadership-for-marshfield-select,schema-ready,
Marshfield,marshfield-ma/planning-board-member,Planning Board Member,Planning Board Member,True,5,at-large,5,True,False,https://ecode360.com/30029163,https://959watd.com/blog/2026/05/smith-wins-marshfield-select-board-seat/,https://www.southshore.news/p/new-leadership-for-marshfield-select,schema-ready,
Marshfield,marshfield-ma/school-committee-member,School Committee Member,School Committee Member,True,5,at-large,3,True,False,https://ecode360.com/30029163,https://959watd.com/blog/2026/05/smith-wins-marshfield-select-board-seat/,https://www.southshore.news/p/new-leadership-for-marshfield-select,schema-ready,Current charter controls at five elected members; older annual-report roster counts are not used to override the current charter.
Marshfield,marshfield-ma/veterans-memorial-trustee,Veterans Memorial Trustee,Veterans Memorial Trustee,True,5,at-large,,True,False,https://ecode360.com/30029163,https://959watd.com/blog/2026/05/smith-wins-marshfield-select-board-seat/,https://www.southshore.news/p/new-leadership-for-marshfield-select,schema-ready,
Marshfield,marshfield-ma/moderator,Moderator,Moderator,True,1,at-large,3,False,False,https://ecode360.com/30029163,https://959watd.com/blog/2026/05/smith-wins-marshfield-select-board-seat/,https://www.marshfield-ma.gov/Documents/Government/Boards%20Commissions/Town%20Meeting/marshfield_tr_23_web_cc.pdf,schema-ready,Reverified 2026-08-20: current charter specifies a three-year term.
Marshfield,marshfield-ma/town-clerk,Town Clerk,Town Clerk,True,1,at-large,3,False,False,https://ecode360.com/30029163,https://959watd.com/blog/2026/05/smith-wins-marshfield-select-board-seat/,https://www.marshfield-ma.gov/Documents/Government/Boards%20Commissions/Town%20Meeting/marshfield_tr_23_web_cc.pdf,schema-ready,Reverified 2026-08-20: current charter specifies a three-year term.
Marshfield,marshfield-ma/housing-authority-member,Housing Authority Member,Housing Authority Member,True,,at-large,5,,False,https://malegislature.gov/Laws/GeneralLaws/PartI/TitleXVII/Chapter121b/Section5,https://959watd.com/blog/2026/05/smith-wins-marshfield-select-board-seat/,https://www.marshfield-ma.gov/Documents/Government/Boards%20Commissions/Town%20Meeting/marshfield_tr_23_web_cc.pdf,statutory-transition-seat-classification-unresolved,"Older local materials reflect the pre-2024 structure. Current M.G.L. c.121B §5 requires three elected, one tenant-appointed, and one state-appointed member; current elected-seat identity remains transition-unresolved."
Mashpee,mashpee-ma/select-board-member,Select Board Member,Select Board Member,True,5,at-large,3,True,False,https://mashpeema.gov/DocumentCenter/View/4928/Charter-as-of-2026,https://www.mashpeema.gov/DocumentCenter/View/4144,https://www.mashpeema.gov/town-clerk/files/may-10-2025-annual-town-election-unofficial-results,schema-ready,
Mashpee,mashpee-ma/school-committee-member,School Committee Member,School Committee Member,True,5,at-large,3,True,False,https://mashpeema.gov/DocumentCenter/View/4928/Charter-as-of-2026,https://www.mashpeema.gov/DocumentCenter/View/4144,https://www.mashpeema.gov/town-clerk/files/may-10-2025-annual-town-election-unofficial-results,schema-ready,
Mashpee,mashpee-ma/town-clerk,Town Clerk,Town Clerk,True,1,at-large,3,False,False,https://mashpeema.gov/DocumentCenter/View/4928/Charter-as-of-2026,https://www.mashpeema.gov/DocumentCenter/View/4144,https://www.mashpeema.gov/town-clerk/files/may-10-2025-annual-town-election-unofficial-results,schema-ready,
Mashpee,mashpee-ma/library-trustee,Library Trustee,Library Trustee,True,7,at-large,3,True,False,https://mashpeema.gov/DocumentCenter/View/4928/Charter-as-of-2026,https://www.mashpeema.gov/DocumentCenter/View/4144,https://www.mashpeema.gov/town-clerk/files/may-10-2025-annual-town-election-unofficial-results,schema-ready,2026 charter explicitly establishes seven elected Library Trustees.
Mashpee,mashpee-ma/moderator,Moderator,Moderator,True,1,at-large,3,False,False,https://mashpeema.gov/DocumentCenter/View/4928/Charter-as-of-2026,https://www.mashpeema.gov/DocumentCenter/View/4144,https://www.mashpeema.gov/town-clerk/files/may-10-2025-annual-town-election-unofficial-results,schema-ready,
Mashpee,mashpee-ma/planning-board-member,Planning Board Member,Planning Board Member,True,5,at-large,3,True,False,https://mashpeema.gov/DocumentCenter/View/4928/Charter-as-of-2026,https://www.mashpeema.gov/DocumentCenter/View/4144,https://www.mashpeema.gov/1436/Planning-Board,schema-ready,Charter establishes five elected regular Planning Board members.
Mashpee,mashpee-ma/planning-board-associate-member,Planning Board Associate Member,Planning Board Associate Member,True,1,at-large,3,False,False,https://mashpeema.gov/DocumentCenter/View/4928/Charter-as-of-2026,https://www.mashpeema.gov/DocumentCenter/View/4144,https://www.mashpeema.gov/1436/Planning-Board,schema-ready,Charter establishes one separately elected Planning Board associate member.
Mashpee,mashpee-ma/water-commissioner,Water District Commissioner,Water District Commissioner,True,3,district,3,True,False,https://mashpeema.gov/DocumentCenter/View/1296/2007-Annual-Report,https://www.mashpeema.gov/DocumentCenter/View/4144,https://www.mashpeema.gov/town-clerk/files/may-10-2025-annual-town-election-unofficial-results,schema-ready,Mashpee Water District is a three-member elected district board whose election is conducted with the town election.
Mashpee,mashpee-ma/housing-authority-member,Housing Authority Member,Housing Authority Member,True,,at-large,5,,False,https://malegislature.gov/Laws/GeneralLaws/PartI/TitleXVII/Chapter121b/Section5,https://www.mashpeema.gov/DocumentCenter/View/4144,https://www.mashpeema.gov/town-clerk/files/may-10-2025-annual-town-election-unofficial-results,statutory-transition-seat-classification-unresolved,Current state-law transition prevents safe serialization of the local elected-seat identity without a complete transition chain.
Mattapoisett,mattapoisett-ma/town-clerk,Town Clerk,Town Clerk,True,1,at-large,3,False,False,https://www.mattapoisett.gov/DocumentCenter/View/2229/Annual-Town-Election-2026-Candidate-List,https://www.mattapoisett.gov/DocumentCenter/View/2229/Annual-Town-Election-2026-Candidate-List,https://www.mattapoisett.gov/584/2026-Annual-Town-Election-Information,schema-ready,
Mattapoisett,mattapoisett-ma/select-board-member,Select Board Member,Select Board Member,True,5,at-large,3,True,False,https://mattapoisett.gov/317/Select-Board,https://www.mattapoisett.gov/DocumentCenter/View/2229/Annual-Town-Election-2026-Candidate-List,https://www.mattapoisett.gov/584/2026-Annual-Town-Election-Information,schema-ready,Acts 2025 c.21 expanded the Select Board; the current roster contains five members. Stale three-member descriptive text is not used to override the current structure.
Mattapoisett,mattapoisett-ma/assessor,Assessor,Assessor,True,3,at-large,3,True,False,https://www.mattapoisett.gov/257/Board-of-Assessors,https://www.mattapoisett.gov/DocumentCenter/View/2229/Annual-Town-Election-2026-Candidate-List,https://www.mattapoisett.gov/584/2026-Annual-Town-Election-Information,schema-ready,
Mattapoisett,mattapoisett-ma/board-of-health-member,Board of Health Member,Board of Health Member,True,3,at-large,3,True,False,https://www.mattapoisett.gov/258/Board-of-Health,https://www.mattapoisett.gov/DocumentCenter/View/2229/Annual-Town-Election-2026-Candidate-List,https://www.mattapoisett.gov/584/2026-Annual-Town-Election-Information,schema-ready,
Mattapoisett,mattapoisett-ma/school-committee-member,School Committee Member,Mattapoisett School Committee Member,True,5,at-large,3,True,False,https://www.oldrochester.org/district/sc,https://www.mattapoisett.gov/DocumentCenter/View/2229/Annual-Town-Election-2026-Candidate-List,https://www.mattapoisett.gov/584/2026-Annual-Town-Election-Information,schema-ready,
Mattapoisett,mattapoisett-ma/old-rochester-regional-school-committee-member,Old Rochester Regional School Committee Member,Old Rochester Regional School Committee Member,True,3,district,3,True,False,https://www.mattapoisett.gov/328/ORR-District-School-Committee,https://www.mattapoisett.gov/DocumentCenter/View/2229/Annual-Town-Election-2026-Candidate-List,https://www.mattapoisett.gov/584/2026-Annual-Town-Election-Information,schema-ready,Three Mattapoisett representatives serve on the nine-member ORR District School Committee.
Mattapoisett,mattapoisett-ma/library-trustee,Library Trustee,Library Trustee,True,6,at-large,3,True,False,https://mattapoisett.gov/314/Library-Trustees,https://www.mattapoisett.gov/DocumentCenter/View/2229/Annual-Town-Election-2026-Candidate-List,https://www.mattapoisett.gov/584/2026-Annual-Town-Election-Information,schema-ready,
Mattapoisett,mattapoisett-ma/moderator,Moderator,Moderator,True,1,at-large,1,False,False,https://www.mattapoisett.gov/DocumentCenter/View/2229/Annual-Town-Election-2026-Candidate-List,https://www.mattapoisett.gov/DocumentCenter/View/2229/Annual-Town-Election-2026-Candidate-List,https://www.mattapoisett.gov/584/2026-Annual-Town-Election-Information,schema-ready,
Mattapoisett,mattapoisett-ma/water-sewer-commissioner,Water & Sewer Commissioner,Water & Sewer Commissioner,True,3,at-large,3,True,False,https://mattapoisett.gov/345/Water-Sewer-Commissioners,https://www.mattapoisett.gov/DocumentCenter/View/2229/Annual-Town-Election-2026-Candidate-List,https://www.mattapoisett.gov/584/2026-Annual-Town-Election-Information,schema-ready,
Mattapoisett,mattapoisett-ma/planning-board-member,Planning Board Member,Planning Board Member,True,5,at-large,5,True,False,https://mattapoisett.gov/329/Planning-Board,https://www.mattapoisett.gov/DocumentCenter/View/2229/Annual-Town-Election-2026-Candidate-List,https://www.mattapoisett.gov/584/2026-Annual-Town-Election-Information,schema-ready,
Mattapoisett,mattapoisett-ma/community-preservation-committee-elected-member,Community Preservation Committee Elected Member,Community Preservation Committee Elected Member,True,4,at-large,2,True,False,https://www.mattapoisett.gov/263/Community-Preservation-Committee,https://www.mattapoisett.gov/DocumentCenter/View/2229/Annual-Town-Election-2026-Candidate-List,https://www.mattapoisett.gov/584/2026-Annual-Town-Election-Information,schema-ready,Four at-large members are elected; remaining CPC seats are filled by representatives of other boards and are excluded from this elected Post.
Mattapoisett,mattapoisett-ma/highway-surveyor,Highway Surveyor,Highway Surveyor,True,1,at-large,3,False,False,https://www.mattapoisett.gov/188/Highway-Department,https://www.mattapoisett.gov/188/Highway-Department,https://www.mattapoisett.gov/188/Highway-Department,schema-ready,
Mattapoisett,mattapoisett-ma/housing-authority-member,Housing Authority Member,Housing Authority Member,True,,at-large,5,,False,https://malegislature.gov/Laws/GeneralLaws/PartI/TitleXVII/Chapter121b/Section5,https://www.mattapoisett.gov/DocumentCenter/View/2229/Annual-Town-Election-2026-Candidate-List,https://www.mattapoisett.gov/584/2026-Annual-Town-Election-Information,statutory-transition-seat-classification-unresolved,"Current election materials prove the office remains on the ballot, but elected-seat composition is held unresolved pending c.121B transition reconciliation."
Maynard,maynard-ma/select-board-member,Select Board Member,Select Board Member,True,5,at-large,3,True,False,https://www.townofmaynard-ma.gov/261/Select-Board,https://www.townofmaynard-ma.gov/m/newsflash/Home/Detail/522,https://www.townofmaynard-ma.gov/m/newsflash/Home/Detail/522,schema-ready,
Maynard,maynard-ma/school-committee-member,School Committee Member,School Committee Member,True,5,at-large,3,True,False,https://townofmaynard-ma.gov/AgendaCenter/ViewFile/Agenda/_07232026-2180,https://www.townofmaynard-ma.gov/m/newsflash/Home/Detail/522,https://www.townofmaynard-ma.gov/m/newsflash/Home/Detail/522,schema-ready,
Maynard,maynard-ma/library-trustee,Library Trustee,Library Trustee,True,3,at-large,3,True,False,https://www.townofmaynard-ma.gov/ArchiveCenter/ViewFile/Item/371,https://www.townofmaynard-ma.gov/m/newsflash/Home/Detail/522,https://www.townofmaynard-ma.gov/m/newsflash/Home/Detail/522,schema-ready,
Maynard,maynard-ma/moderator,Moderator,Moderator,True,1,at-large,3,False,False,https://www.townofmaynard-ma.gov/DocumentCenter/View/4386/Presentation-for-Annual-Town-Meeting-May-18-2026,https://www.townofmaynard-ma.gov/m/newsflash/Home/Detail/522,https://www.townofmaynard-ma.gov/m/newsflash/Home/Detail/522,schema-ready,
Maynard,maynard-ma/regional-vocational-school-committee-member,Regional Vocational School Committee Member,Regional Vocational School Committee Member,True,1,district,3,False,False,https://www.townofmaynard-ma.gov/ArchiveCenter/ViewFile/Item/371,https://www.townofmaynard-ma.gov/ArchiveCenter/ViewFile/Item/371,https://www.townofmaynard-ma.gov/ArchiveCenter/ViewFile/Item/371,schema-ready,
Maynard,maynard-ma/housing-authority-member,Housing Authority Member,Housing Authority Member,True,3,at-large,5,True,False,https://malegislature.gov/Laws/GeneralLaws/PartI/TitleXVII/Chapter121b/Section5,https://www.townofmaynard-ma.gov/m/newsflash/Home/Detail/522,https://www.townofmaynard-ma.gov/m/newsflash/Home/Detail/522,schema-ready,Three voter-elected seats are modeled under current c.121B §5. Current Maynard roster identifies the tenant representative and state appointee; those two appointed seats are excluded.
Medfield,medfield-ma/moderator,Moderator,Moderator,True,1,at-large,3,False,False,https://www.town.medfield.net/DocumentCenter/View/9436/Select-Board-Meeting-Packet_03032026,https://www.town.medfield.net/DocumentCenter/View/9436/Select-Board-Meeting-Packet_03032026,https://www.town.medfield.net/2036/Election-Results,schema-ready,
Medfield,medfield-ma/select-board-member,Select Board Member,Select Board Member,True,3,at-large,3,True,False,https://town.medfield.net/293/Select-Board,https://www.town.medfield.net/DocumentCenter/View/9436/Select-Board-Meeting-Packet_03032026,https://www.town.medfield.net/2036/Election-Results,schema-ready,
Medfield,medfield-ma/assessor,Assessor,Assessor,True,3,at-large,3,True,False,https://www.town.medfield.net/257/Board-of-Assessors,https://www.town.medfield.net/DocumentCenter/View/9436/Select-Board-Meeting-Packet_03032026,https://www.town.medfield.net/2036/Election-Results,schema-ready,
Medfield,medfield-ma/school-committee-member,School Committee Member,School Committee Member,True,5,at-large,3,True,False,https://www.town.medfield.net/DocumentCenter/View/9436/Select-Board-Meeting-Packet_03032026,https://www.town.medfield.net/DocumentCenter/View/9436/Select-Board-Meeting-Packet_03032026,https://www.town.medfield.net/2036/Election-Results,schema-ready,
Medfield,medfield-ma/library-trustee,Library Trustee,Library Trustee,True,6,at-large,3,True,False,https://www.town.medfield.net/DocumentCenter/View/9436/Select-Board-Meeting-Packet_03032026,https://www.town.medfield.net/DocumentCenter/View/9436/Select-Board-Meeting-Packet_03032026,https://www.town.medfield.net/2036/Election-Results,schema-ready,"Two three-year trustee seats are elected each annual cycle, supporting a six-seat staggered elected board."
Medfield,medfield-ma/park-recreation-commissioner,Park & Recreation Commissioner,Park & Recreation Commissioner,True,5,at-large,3,True,False,https://www.town.medfield.net/DocumentCenter/View/9436/Select-Board-Meeting-Packet_03032026,https://www.town.medfield.net/DocumentCenter/View/9436/Select-Board-Meeting-Packet_03032026,https://www.town.medfield.net/2036/Election-Results,schema-ready,2026 warrant includes one regular three-year seat and one two-year vacancy fill; normal commission term is three years.
Medfield,medfield-ma/planning-board-member,Planning Board Member,Planning Board Member,True,5,at-large,5,True,False,https://www.town.medfield.net/240/Planning-Board,https://www.town.medfield.net/DocumentCenter/View/9436/Select-Board-Meeting-Packet_03032026,https://www.town.medfield.net/2036/Election-Results,schema-ready,
Medfield,medfield-ma/trust-fund-commissioner,Trust Fund Commissioner,Trust Fund Commissioner,True,3,at-large,3,False,False,https://www.town.medfield.net/DocumentCenter/View/9436/Select-Board-Meeting-Packet_03032026,https://www.town.medfield.net/DocumentCenter/View/9436/Select-Board-Meeting-Packet_03032026,https://www.town.medfield.net/2036/Election-Results,schema-ready,
Medfield,medfield-ma/town-clerk,Town Clerk,Town Clerk,True,1,at-large,3,False,False,https://www.town.medfield.net/2483/2026-Annual-Town-Meeting,https://www.town.medfield.net/DocumentCenter/View/9436/Select-Board-Meeting-Packet_03032026,https://www.town.medfield.net/2036/Election-Results,schema-ready,Town organizational/election materials identify Town Clerk as a voter-elected office; not on the 2026 ballot because its current term was off-cycle.
Medfield,medfield-ma/housing-authority-member,Housing Authority Member,Housing Authority Member,True,,at-large,,,False,https://malegislature.gov/Laws/GeneralLaws/PartI/TitleXVII/Chapter121b/Section5,https://www.town.medfield.net/DocumentCenter/View/9436/Select-Board-Meeting-Packet_03032026,https://www.town.medfield.net/2036/Election-Results,statutory-transition-term-classification-unresolved,2026 local warrant labels one Housing Authority seat as a three-year election while current c.121B uses a three-elected/tenant/state structure with transition rules. Current local elected-seat mapping and normal term cycle are held unresolved.
Medford,medford-ma/mayor,Mayor,Mayor,True,1,at-large,2,False,False,https://www.medfordma.org/boards-commissions/charter-study-committee,https://www.medfordma.org/departments/elections-commission,https://www.medfordma.org/mayors-office/,schema-ready,Current charter structure retained for 2026. The revised charter changes representation beginning with the 2027 municipal election; future structure is not serialized early.
Medford,medford-ma/city-council-member,City Council Member,City Council Member,True,7,at-large,2,False,False,https://www.medfordma.org/citycouncil,https://www.medfordma.org/departments/elections-commission,https://www.medfordma.org/citycouncil,schema-ready,"Current charter: seven elected at-large councilors, two-year terms. Revised charter will move to eleven members (eight ward, three at-large) beginning with the 2027 transition."
Medford,medford-ma/school-committee-member,School Committee Member,School Committee Member,True,6,at-large,2,False,False,https://www.medfordma.org/boards-commissions/charter-study-committee,https://www.medfordma.org/departments/elections-commission,https://www.mps02155.org/about/school-committee,schema-ready,Six voter-elected at-large members are serialized. The Mayor is an ex-officio committee member/chair under the current charter and is excluded from the six-seat elected Post. Revised charter changes district/at-large composition in 2027.
Medway,medway-ma/select-board-member,Select Board Member,Select Board Member,True,5,at-large,3,True,False,https://storage.googleapis.com/juniper-media-library/117/2024/08/medway_charter_for_posting.pdf,https://medwayma.gov/2026-town-election-nomination-papers/,https://medwayma.gov/select-board/,schema-ready,
Medway,medway-ma/moderator,Moderator,Moderator,True,1,at-large,3,False,False,https://storage.googleapis.com/juniper-media-library/117/2024/08/medway_charter_for_posting.pdf,https://medwayma.gov/2026-town-election-nomination-papers/,https://medwayma.gov/news-and-notices/town-election-results/,schema-ready,
Medway,medway-ma/school-committee-member,School Committee Member,School Committee Member,True,5,at-large,3,True,False,https://storage.googleapis.com/juniper-media-library/117/2024/08/medway_charter_for_posting.pdf,https://medwayma.gov/2026-town-election-nomination-papers/,https://www.medwayschools.org/page/school-committee,schema-ready,
Medway,medway-ma/library-trustee,Library Trustee,Library Trustee,True,5,at-large,3,True,False,https://storage.googleapis.com/juniper-media-library/117/2024/08/medway_charter_for_posting.pdf,https://medwayma.gov/2026-town-election-nomination-papers/,https://www.medwaylib.org/library-trustees/,schema-ready,
Medway,medway-ma/planning-economic-development-board-member,Planning & Economic Development Board Member,Planning & Economic Development Board Member,True,5,at-large,3,True,False,https://storage.googleapis.com/juniper-media-library/117/2024/08/medway_charter_for_posting.pdf,https://medwayma.gov/2026-town-election-nomination-papers/,https://medwayma.gov/planning-economic-development-board/,schema-ready,
Medway,medway-ma/board-of-health-elected-member,Board of Health Elected Member,Board of Health Elected Member,True,3,at-large,3,True,False,https://storage.googleapis.com/juniper-media-library/117/2024/08/medway_charter_for_posting.pdf,https://medwayma.gov/2026-town-election-nomination-papers/,https://www.medwayma.gov/board-of-health/,schema-ready,Charter establishes a five-member Board of Health with three elected and two appointed members. Only the three voter-elected seats are serialized.
Medway,medway-ma/water-sewer-advisory-board-elected-member,Water & Sewer Advisory Board Elected Member,Water & Sewer Advisory Board Elected Member,True,3,at-large,3,True,False,https://storage.googleapis.com/juniper-media-library/117/2024/08/medway_charter_for_posting.pdf,https://medwayma.gov/2026-town-election-nomination-papers/,https://www.medwayma.gov/dpw-water-sewer/,schema-ready,Charter establishes three elected and two appointed members. Only voter-elected seats are serialized.
Medway,medway-ma/housing-authority-member,Housing Authority Member,Housing Authority Member,True,3,at-large,,True,False,https://malegislature.gov/Laws/GeneralLaws/PartI/TitleXVII/Chapter121b/Section5,https://medwayma.gov/2026-town-election-nomination-papers/,https://medwayma.gov/housing-authority/,schema-ready,Current roster distinguishes three local elected members from the tenant representative and state appointee. Normal local term-cycle normalization is left unspecified during the c.121B transition.
Medway,medway-ma/parks-commission-elected-member,Parks Commission Elected Member,Parks Commission Elected Member,True,3,at-large,3,True,False,https://storage.googleapis.com/juniper-media-library/117/2024/08/medway_charter_for_posting.pdf,https://medwayma.gov/2026-town-election-nomination-papers/,https://medwayma.gov/dpw-parks-commission/,schema-ready,Charter establishes three elected and two appointed Parks Commission seats. Only voter-elected seats are serialized.
Medway,medway-ma/redevelopment-authority-member,Redevelopment Authority Member,Redevelopment Authority Member,True,4,at-large,5,True,False,https://storage.googleapis.com/juniper-media-library/117/2024/08/medway_charter_for_posting.pdf,https://medwayma.gov/2026-town-election-nomination-papers/,https://medwayma.gov/redevelopment-authority/,schema-ready,Four local voter-elected members are serialized; the fifth seat is state-appointed and excluded.
Melrose,melrose-ma/mayor,Mayor,Mayor,True,1,at-large,4,False,False,https://www.cityofmelrose.org/336/City-of-Melrose-Charter-Administrative-C,https://www.cityofmelrose.org/m/newsflash/home/detail/52,https://www.cityofmelrose.org/196/Mayor,schema-ready,
Melrose,melrose-ma/city-council-member,City Council Member,City Council Member,True,11,mixed ward-at-large,2,False,False,https://www.cityofmelrose.org/336/City-of-Melrose-Charter-Administrative-C,https://www.cityofmelrose.org/m/newsflash/home/detail/52,https://www.cityofmelrose.org/513/City-Council,schema-ready,"Eleven voter-elected councilors: four at-large and seven ward seats, all elected every two years."
Melrose,melrose-ma/school-committee-member,School Committee Member,School Committee Member,True,6,at-large,4,True,False,https://www.cityofmelrose.org/336/City-of-Melrose-Charter-Administrative-C,https://www.cityofmelrose.org/m/newsflash/home/detail/52,https://www.cityofmelrose.org/m/NewsFlash/Home/Detail/74,schema-ready,Six voter-elected at-large members are serialized. The Mayor serves on the committee ex officio and is excluded from this six-seat voter-elected Post.
Melrose,melrose-ma/northeast-metropolitan-regional-vocational-school-committee-member,Northeast Metropolitan Regional Vocational School Committee Member,Northeast Metropolitan Regional Vocational School Committee Member,True,1,district,4,False,False,https://northeastmetrotech.com/77018_2,https://www.cityofmelrose.org/m/newsflash/home/detail/52,https://northeastmetrotech.com/77018_2,schema-ready,
Mendon,mendon-ma/moderator,Moderator,Moderator,True,1,at-large,1,False,False,https://www.mendonma.gov/AgendaCenter/ViewFile/Minutes/_04292026-1515,https://www.mendonma.gov/AgendaCenter/ViewFile/Minutes/_04292026-1515,https://www.mendonma.gov/AgendaCenter/ViewFile/Minutes/_05192026-1520,schema-ready,
Mendon,mendon-ma/select-board-member,Select Board Member,Select Board Member,True,5,at-large,3,True,False,https://www.mendonma.gov/AgendaCenter/ViewFile/Minutes/_04292026-1515,https://www.mendonma.gov/AgendaCenter/ViewFile/Minutes/_04292026-1515,https://mendonma.gov/210/Select-Board,schema-ready,
Mendon,mendon-ma/assessor,Assessor,Assessor,True,3,at-large,3,True,False,https://www.mendonma.gov/AgendaCenter/ViewFile/Minutes/_04292026-1515,https://www.mendonma.gov/AgendaCenter/ViewFile/Minutes/_04292026-1515,https://www.mendonma.gov/227/Board-of-Assessors,schema-ready,
Mendon,mendon-ma/board-of-health-member,Board of Health Member,Board of Health Member,True,3,at-large,3,True,False,https://www.mendonma.gov/AgendaCenter/ViewFile/Minutes/_04292026-1515,https://www.mendonma.gov/AgendaCenter/ViewFile/Minutes/_04292026-1515,https://www.mendonma.gov/226/Board-of-Health,schema-ready,
Mendon,mendon-ma/mendon-upton-regional-school-committee-member,Mendon-Upton Regional School Committee Member,Mendon-Upton Regional School Committee Member,True,3,district,3,True,False,https://www.mendonma.gov/AgendaCenter/ViewFile/Minutes/_04292026-1515,https://www.mendonma.gov/AgendaCenter/ViewFile/Minutes/_04292026-1515,https://www.mursd.org/o/mendon-upton-regional-school-district/page/school-committee-members,schema-ready,
Mendon,mendon-ma/blackstone-valley-regional-vocational-school-committee-member,Blackstone Valley Regional Vocational School Committee Member,Blackstone Valley Regional Vocational School Committee Member,True,1,district,4,False,False,https://www.mendonma.gov/sites/g/files/vyhlif881/f/pages/2024_annual_town_report.pdf,https://www.mendonma.gov/sites/g/files/vyhlif881/f/pages/2024_annual_town_report.pdf,https://www.valleytech.k12.ma.us/school-committee,schema-ready,
Mendon,mendon-ma/library-trustee,Taft Library Trustee,Taft Library Trustee,True,5,at-large,3,True,False,https://www.mendonma.gov/AgendaCenter/ViewFile/Minutes/_04292026-1515,https://www.mendonma.gov/AgendaCenter/ViewFile/Minutes/_04292026-1515,https://mendonma.gov/207/Taft-Library-Trustees,schema-ready,
Mendon,mendon-ma/water-commissioner,Water Commissioner,Water Commissioner,True,3,at-large,3,True,False,https://www.mendonma.gov/AgendaCenter/ViewFile/Minutes/_04292026-1515,https://www.mendonma.gov/AgendaCenter/ViewFile/Minutes/_04292026-1515,https://www.mendonma.gov/204/Water-Commission,schema-ready,
Mendon,mendon-ma/parks-commissioner,Parks Commissioner,Parks Commissioner,True,3,at-large,3,True,False,https://www.mendonma.gov/AgendaCenter/ViewFile/Minutes/_04292026-1515,https://www.mendonma.gov/AgendaCenter/ViewFile/Minutes/_04292026-1515,https://www.mendonma.gov/212/Parks-Commission,schema-ready,"The 2026 ballot used one-, two-, and three-year seats to establish/rebalance staggered terms; normal commission terms are three years."
Mendon,mendon-ma/planning-board-member,Planning Board Member,Planning Board Member,True,5,at-large,5,True,False,https://www.mendonma.gov/AgendaCenter/ViewFile/Minutes/_04292026-1515,https://www.mendonma.gov/AgendaCenter/ViewFile/Minutes/_04292026-1515,https://www.mendonma.gov/211/Planning-Board,schema-ready,
Mendon,mendon-ma/town-clerk,Town Clerk,Town Clerk,True,1,at-large,3,False,False,https://www.mendonma.gov/sites/g/files/vyhlif881/f/pages/2024_annual_town_report.pdf,https://www.mendonma.gov/sites/g/files/vyhlif881/f/pages/2024_annual_town_report.pdf,https://www.mendonma.gov/sites/g/files/vyhlif881/f/pages/2024_annual_town_report.pdf,schema-ready,Town Clerk remains elected as of 2026; discussion of a future appointed transition has not been treated as enacted.
Mendon,mendon-ma/tree-warden,Tree Warden,Tree Warden,True,1,at-large,3,False,False,https://www.mendonma.gov/161/Tree-Warden,https://www.mendonma.gov/sites/g/files/vyhlif881/f/pages/2024_annual_town_report.pdf,https://www.mendonma.gov/161/Tree-Warden,schema-ready,
Mendon,mendon-ma/housing-authority-member,Housing Authority Member,Housing Authority Member,True,3,at-large,5,True,False,https://malegislature.gov/Laws/GeneralLaws/PartI/TitleXVII/Chapter121b/Section5,https://www.mendonma.gov/sites/g/files/vyhlif881/f/pages/2024_annual_town_report.pdf,https://mendonma.gov/169/Housing-Authority,schema-ready,Three locally elected seats are serialized; the resident/tenant and state-appointed positions are excluded.
Merrimac,merrimac-ma/select-board-member,Select Board Member,Select Board Member,True,5,at-large,3,True,False,https://townofmerrimac.com/wp-content/uploads/2026/05/2025-Annual-Town-Report.pdf,https://townofmerrimac.com/annual-local-election-information/,https://townofmerrimac.com/select-board/,schema-ready,
Merrimac,merrimac-ma/assessor,Assessor,Assessor,True,3,at-large,3,True,False,https://townofmerrimac.com/wp-content/uploads/2026/05/2025-Annual-Town-Report.pdf,https://townofmerrimac.com/annual-local-election-information/,https://townofmerrimac.com/wp-content/uploads/2026/05/PCT-1-05042026.pdf,schema-ready,
Merrimac,merrimac-ma/board-of-health-member,Board of Health Member,Board of Health Member,True,3,at-large,3,True,False,https://townofmerrimac.com/wp-content/uploads/2026/05/2025-Annual-Town-Report.pdf,https://townofmerrimac.com/annual-local-election-information/,https://townofmerrimac.com/wp-content/uploads/2026/05/PCT-1-05042026.pdf,schema-ready,
Merrimac,merrimac-ma/light-commissioner,Light Commissioner,Light Commissioner,True,3,at-large,3,True,False,https://townofmerrimac.com/wp-content/uploads/2026/05/2025-Annual-Town-Report.pdf,https://townofmerrimac.com/annual-local-election-information/,https://townofmerrimac.com/wp-content/uploads/2026/05/PCT-1-05042026.pdf,schema-ready,
Merrimac,merrimac-ma/cemetery-trustee,Cemetery Trustee,Cemetery Trustee,True,3,at-large,3,True,False,https://townofmerrimac.com/wp-content/uploads/2026/05/2025-Annual-Town-Report.pdf,https://townofmerrimac.com/annual-local-election-information/,https://townofmerrimac.com/wp-content/uploads/2026/05/PCT-1-05042026.pdf,schema-ready,
Merrimac,merrimac-ma/constable,Constable,Constable,True,3,at-large,3,True,False,https://townofmerrimac.com/wp-content/uploads/2026/05/2025-Annual-Town-Report.pdf,https://townofmerrimac.com/annual-local-election-information/,https://townofmerrimac.com/wp-content/uploads/2026/05/2025-Annual-Town-Report.pdf,schema-ready,
Merrimac,merrimac-ma/housing-authority-member,Housing Authority Member,Housing Authority Member,True,3,at-large,5,True,False,https://malegislature.gov/Laws/GeneralLaws/PartI/TitleXVII/Chapter121b/Section5,https://townofmerrimac.com/annual-local-election-information/,https://townofmerrimac.com/wp-content/uploads/2026/05/2025-Annual-Town-Report.pdf,schema-ready,Three locally elected Housing Authority seats are serialized; tenant/resident and state-appointed positions are excluded.
Merrimac,merrimac-ma/library-trustee,Library Trustee,Library Trustee,True,6,at-large,3,True,False,https://townofmerrimac.com/wp-content/uploads/2026/05/2025-Annual-Town-Report.pdf,https://townofmerrimac.com/annual-local-election-information/,https://townofmerrimac.com/wp-content/uploads/2026/05/PCT-1-05042026.pdf,schema-ready,
Merrimac,merrimac-ma/moderator,Moderator,Moderator,True,1,at-large,1,False,False,https://townofmerrimac.com/wp-content/uploads/2026/01/MERRIMAC.-Election-schedule-2026.pdf,https://townofmerrimac.com/annual-local-election-information/,https://townofmerrimac.com/wp-content/uploads/2026/05/PCT-1-05042026.pdf,schema-ready,
Merrimac,merrimac-ma/planning-board-member,Planning Board Member,Planning Board Member,True,5,at-large,5,True,False,https://townofmerrimac.com/wp-content/uploads/2026/05/2025-Annual-Town-Report.pdf,https://townofmerrimac.com/annual-local-election-information/,https://townofmerrimac.com/wp-content/uploads/2026/05/PCT-1-05042026.pdf,schema-ready,The 2026 ballot included a regular five-year seat and a four-year vacancy fill; normal Planning Board term is five years.
Merrimac,merrimac-ma/pentucket-regional-school-committee-member,Pentucket Regional School Committee Member,Pentucket Regional School Committee Member,True,3,district,3,True,False,https://townofmerrimac.com/wp-content/uploads/2026/05/2025-Annual-Town-Report.pdf,https://townofmerrimac.com/annual-local-election-information/,https://townofmerrimac.com/wp-content/uploads/2026/05/PCT-1-05042026.pdf,schema-ready,
Merrimac,merrimac-ma/town-clerk,Town Clerk,Town Clerk,True,1,at-large,3,False,False,https://townofmerrimac.com/wp-content/uploads/2026/05/2025-Annual-Town-Report.pdf,https://townofmerrimac.com/annual-local-election-information/,https://townofmerrimac.com/elections-and-voting/,schema-ready,
Merrimac,merrimac-ma/park-recreation-commissioner,Park & Recreation Commissioner,Park & Recreation Commissioner,True,3,at-large,3,True,False,https://townofmerrimac.com/wp-content/uploads/2026/01/MERRIMAC.-Election-schedule-2026.pdf,https://townofmerrimac.com/annual-local-election-information/,https://townofmerrimac.com/wp-content/uploads/2026/05/PCT-1-05042026.pdf,schema-ready,"The 2026 ballot filled one-, two-, and three-year seats to establish/rebalance staggered terms; normal commission term is three years."
Methuen,methuen-ma/mayor,Mayor,Mayor,True,1,at-large,2,False,,https://www.cityofmethuen.net/DocumentCenter/View/3804/Methuen-Home-Rule-Charter-as-of-December-12-2024-PDF,https://www.cityofmethuen.net/894/Candidate-Information,https://www.cityofmethuen.net/DocumentCenter/View/4874/Official-Certified-Municipal-Election-Results--11425-PDF?bidId=,schema-ready,Home Rule Charter §3-1 makes the Mayor voter-elected for a two-year term.
Methuen,methuen-ma/city-council-member,City Council Member,City Council Member,True,9,mixed district-at-large,2,False,,https://www.cityofmethuen.net/DocumentCenter/View/3804/Methuen-Home-Rule-Charter-as-of-December-12-2024-PDF,https://www.cityofmethuen.net/894/Candidate-Information,https://www.cityofmethuen.net/DocumentCenter/View/4874/Official-Certified-Municipal-Election-Results--11425-PDF?bidId=,schema-ready,"Nine members: three at-large and two from each of East, Central, and West districts; all serve two-year terms."
Methuen,methuen-ma/school-committee-member,School Committee Member,School Committee Member,True,6,at-large,2,False,,https://www.cityofmethuen.net/DocumentCenter/View/3804/Methuen-Home-Rule-Charter-as-of-December-12-2024-PDF,https://www.cityofmethuen.net/894/Candidate-Information,https://www.cityofmethuen.net/DocumentCenter/View/4874/Official-Certified-Municipal-Election-Results--11425-PDF?bidId=,schema-ready,Six voter-elected at-large members. The Mayor chairs ex officio and is not counted among these six elected School Committee seats.
Methuen,methuen-ma/housing-authority-member,Housing Authority Member,Housing Authority Member,True,2,at-large,2,False,,https://www.cityofmethuen.net/894/Candidate-Information,https://www.cityofmethuen.net/894/Candidate-Information,https://www.cityofmethuen.net/DocumentCenter/View/4874/Official-Certified-Municipal-Election-Results--11425-PDF?bidId=,schema-ready,Only the two voter-elected Methuen Housing Authority seats are modeled. Three other authority seats are non-elected.
Methuen,methuen-ma/greater-lawrence-technical-school-committee-member,Greater Lawrence Technical School Committee Member,Greater Lawrence Technical School Committee Member,True,2,at-large,2,False,,https://www.cityofmethuen.net/894/Candidate-Information,https://www.cityofmethuen.net/894/Candidate-Information,https://www.cityofmethuen.net/DocumentCenter/View/4874/Official-Certified-Municipal-Election-Results--11425-PDF?bidId=,schema-ready,Methuen elects two representatives to the Greater Lawrence Technical School District Committee.
Methuen,methuen-ma/nevins-library-trustee,Nevins Memorial Library Trustee,Nevins Memorial Library Trustee,True,2,at-large,2,False,,https://www.cityofmethuen.net/DocumentCenter/View/3804/Methuen-Home-Rule-Charter-as-of-December-12-2024-PDF,https://www.cityofmethuen.net/894/Candidate-Information,https://www.cityofmethuen.net/DocumentCenter/View/4874/Official-Certified-Municipal-Election-Results--11425-PDF?bidId=,schema-ready,Two Nevins Memorial Library trustee seats are filled by Methuen voters for two-year terms; other library trustees are not modeled as voter-elected municipal seats.
Middleborough,middleborough-ma/select-board-member,Select Board Member,Select Board Member,True,5,at-large,3,True,,https://ecode360.com/30455948,https://www.middleboroughma.gov/852/Annual-Town-Election,https://www.middleboroughma.gov/DocumentCenter/View/8607/ELECTED-OFFICIALS?bidId=,schema-ready,Charter §2 establishes staggered three-year voter-elected Select Board seats.
Middleborough,middleborough-ma/municipal-light-board-member,Municipal Light Board Member,Municipal Light Board Member,True,5,at-large,3,True,,https://ecode360.com/30717659,https://www.middleboroughma.gov/852/Annual-Town-Election,https://www.middleboroughma.gov/DocumentCenter/View/8607/ELECTED-OFFICIALS?bidId=,schema-ready,Charter §3.A establishes a five-member elected Municipal Light Board; current roster is styled Gas & Electric Commission.
Middleborough,middleborough-ma/school-committee-member,School Committee Member,School Committee Member,True,7,at-large,3,True,,https://www.middleboroughma.gov/852/Annual-Town-Election,https://www.middleboroughma.gov/852/Annual-Town-Election,https://www.middleboroughma.gov/DocumentCenter/View/8607/ELECTED-OFFICIALS?bidId=,schema-ready,Current official elected-official roster confirms seven seats; regular terms are three years.
Middleborough,middleborough-ma/assessor,Assessor,Assessor,True,3,at-large,3,True,,https://www.middleboroughma.gov/852/Annual-Town-Election,https://www.middleboroughma.gov/852/Annual-Town-Election,https://www.middleboroughma.gov/DocumentCenter/View/8607/ELECTED-OFFICIALS?bidId=,schema-ready,Current official elected-official roster confirms three elected Assessors with staggered three-year terms.
Middleborough,middleborough-ma/moderator,Moderator,Moderator,True,1,at-large,3,False,,https://www.middleboroughma.gov/852/Annual-Town-Election,https://www.middleboroughma.gov/852/Annual-Town-Election,https://www.middleboroughma.gov/DocumentCenter/View/8607/ELECTED-OFFICIALS?bidId=,schema-ready,Moderator is listed as an elective town office; current term expiration and election cycle support a regular three-year term.
Middleborough,middleborough-ma/finance-committee-member,Finance Committee Member,Finance Committee Member,True,7,at-large,3,True,,https://ecode360.com/30717659,https://www.middleboroughma.gov/852/Annual-Town-Election,https://www.middleboroughma.gov/DocumentCenter/View/8607/ELECTED-OFFICIALS?bidId=,schema-ready,Charter §4 establishes seven elected members serving staggered three-year terms.
Middleborough,middleborough-ma/planning-board-member,Planning Board Member,Planning Board Member,True,5,at-large,5,True,,https://ecode360.com/30718444,https://www.middleboroughma.gov/852/Annual-Town-Election,https://www.middleboroughma.gov/DocumentCenter/View/8607/ELECTED-OFFICIALS?bidId=,schema-ready,Zoning Bylaw §9.3.1 establishes five elected Planning Board members. The separately listed associate member is excluded.
Middleborough,middleborough-ma/park-commissioner,Park Commissioner,Park Commissioner,True,5,at-large,3,True,,https://www.middleboroughma.gov/852/Annual-Town-Election,https://www.middleboroughma.gov/852/Annual-Town-Election,https://www.middleboroughma.gov/DocumentCenter/View/8607/ELECTED-OFFICIALS?bidId=,schema-ready,Current official elected-official roster confirms five elected Park Commissioners with staggered three-year terms.
Middleborough,middleborough-ma/housing-authority-member,Housing Authority Member,Housing Authority Member,True,4,at-large,5,True,,https://www.middleboroughma.gov/852/Annual-Town-Election,https://www.middleboroughma.gov/852/Annual-Town-Election,https://www.middleboroughma.gov/DocumentCenter/View/8607/ELECTED-OFFICIALS?bidId=,schema-ready,Current five-person authority roster identifies one State Appointee; only the four locally elected seats are modeled.
Middlefield,middlefield-ma/select-board-member,Select Board Member,Select Board Member,True,3,at-large,3,True,,https://www.middlefield-ma.gov/217/Select-Board,https://www.middlefield-ma.gov/CivicAlerts.aspx,https://www.middlefield-ma.gov/m/newsflash/home/detail/36,schema-ready,Current official page states three residents elected for staggered three-year terms.
Middlefield,middlefield-ma/assessor,Assessor,Assessor,True,3,at-large,3,True,,https://www.middlefield-ma.gov/DocumentCenter/View/275/Bylaws-Enacted-in-1987-PDF,https://www.middlefield-ma.gov/CivicAlerts.aspx,https://www.middlefield-ma.gov/m/newsflash/home/detail/36,schema-ready,"Regular bylaws establish three elected Assessors, one elected each year for three years; current roster confirms three seats."
Middlefield,middlefield-ma/cemetery-commissioner,Cemetery Commissioner,Cemetery Commissioner,True,3,at-large,3,True,,https://www.middlefield-ma.gov/DocumentCenter/View/275/Bylaws-Enacted-in-1987-PDF,https://www.middlefield-ma.gov/CivicAlerts.aspx,https://www.middlefield-ma.gov/m/newsflash/home/detail/36,schema-ready,"Regular bylaws establish three elected Cemetery Commissioners, one elected each year for three years."
Middlefield,middlefield-ma/gateway-regional-school-committee-member,Gateway Regional School Committee Member,Gateway Regional School Committee Member,True,2,district,3,True,,https://www.middlefield-ma.gov/DocumentCenter/View/280/May-07-2022-Article13-PDF,https://www.middlefield-ma.gov/CivicAlerts.aspx,https://www.middlefield-ma.gov/m/newsflash/home/detail/36,schema-ready,Current Gateway regional agreement allocates two elected committee members to Middlefield.
Middlefield,middlefield-ma/finance-committee-member,Finance Committee Member,Finance Committee Member,True,5,at-large,3,True,,https://www.middlefield-ma.gov/DocumentCenter/View/275/Bylaws-Enacted-in-1987-PDF,https://www.middlefield-ma.gov/CivicAlerts.aspx,https://www.middlefield-ma.gov/m/newsflash/home/detail/36,schema-ready,Regular bylaws establish five elected members for rotating three-year terms. The Moderator's ex-officio non-voting Finance Committee role is not counted.
Middlefield,middlefield-ma/library-trustee,Library Trustee,Library Trustee,True,3,at-large,3,True,,https://www.middlefield-ma.gov/CivicAlerts.aspx,https://www.middlefield-ma.gov/CivicAlerts.aspx,https://www.middlefield-ma.gov/m/newsflash/home/detail/36,schema-ready,Current election cycle and official trustee roster establish three staggered three-year elected trustee seats.
Middlefield,middlefield-ma/planning-board-member,Planning Board Member,Planning Board Member,True,5,at-large,3,True,,https://www.middlefield-ma.gov/DocumentCenter/View/275/Bylaws-Enacted-in-1987-PDF,https://www.middlefield-ma.gov/CivicAlerts.aspx,https://www.middlefield-ma.gov/m/newsflash/home/detail/36,schema-ready,Regular bylaws establish a five-member elected Planning Board for three-year terms; current official page presently names only four members.
Middlefield,middlefield-ma/moderator,Moderator,Moderator,True,1,at-large,1,False,,https://www.middlefield-ma.gov/227/Moderator,https://www.middlefield-ma.gov/CivicAlerts.aspx,https://www.middlefield-ma.gov/m/newsflash/home/detail/36,schema-ready,Current official page states the Moderator is elected annually for one year.
Middlefield,middlefield-ma/constable,Constable,Constable,True,2,at-large,3,True,,https://www.middlefield-ma.gov/DocumentCenter/View/304/May-04-2024-Election-Results-PDF,https://www.middlefield-ma.gov/DocumentCenter/View/304/May-04-2024-Election-Results-PDF,https://www.middlefield-ma.gov/DocumentCenter/View/304/May-04-2024-Election-Results-PDF,schema-ready,Town warrants identify two compensated elected Constable positions; the 2024 official election elected Curt Robie to a three-year term.
Middlefield,middlefield-ma/town-clerk,Town Clerk,Town Clerk,True,1,at-large,3,False,,https://www.middlefield-ma.gov/230/Town-Clerk,https://www.middlefield-ma.gov/CivicAlerts.aspx,https://www.middlefield-ma.gov/DocumentCenter/View/304/May-04-2024-Election-Results-PDF,schema-ready,Current Town Clerk page states a three-year elected term. This supersedes the obsolete one-year term text still visible in the 1987 bylaw PDF.
Middleton,middleton-ma/moderator,Moderator,Moderator,True,1,at-large,3,False,,https://middletonma.gov/537/Town-Officials---Elected,https://middletonma.gov/315/Election-Results,https://middletonma.gov/315/Election-Results,schema-ready,
Middleton,middleton-ma/town-clerk,Town Clerk,Town Clerk,True,1,at-large,3,False,,https://middletonma.gov/537/Town-Officials---Elected,https://middletonma.gov/315/Election-Results,https://middletonma.gov/315/Election-Results,schema-ready,
Middleton,middleton-ma/select-board-member,Select Board Member,Select Board Member,True,5,at-large,3,True,,https://middletonma.gov/537/Town-Officials---Elected,https://middletonma.gov/315/Election-Results,https://middletonma.gov/315/Election-Results,schema-ready,
Middleton,middleton-ma/constable,Constable,Constable,True,1,at-large,3,False,,https://middletonma.gov/537/Town-Officials---Elected,https://middletonma.gov/315/Election-Results,https://middletonma.gov/315/Election-Results,schema-ready,
Middleton,middleton-ma/assessor,Assessor,Assessor,True,3,at-large,3,True,,https://middletonma.gov/537/Town-Officials---Elected,https://middletonma.gov/315/Election-Results,https://middletonma.gov/315/Election-Results,schema-ready,Current elected-official directory lists three elected seats; one seat is explicitly vacant.
Middleton,middleton-ma/elementary-school-committee-member,Elementary School Committee Member,Elementary School Committee Member,True,5,at-large,3,True,,https://middletonma.gov/537/Town-Officials---Elected,https://middletonma.gov/315/Election-Results,https://middletonma.gov/315/Election-Results,schema-ready,
Middleton,middleton-ma/regional-school-committee-member,Regional School Committee Member,Regional School Committee Member,True,4,district,3,True,,https://middletonma.gov/537/Town-Officials---Elected,https://middletonma.gov/315/Election-Results,https://middletonma.gov/315/Election-Results,schema-ready,
Middleton,middleton-ma/planning-board-member,Planning Board Member,Planning Board Member,True,5,at-large,5,True,,https://middletonma.gov/537/Town-Officials---Elected,https://middletonma.gov/315/Election-Results,https://middletonma.gov/315/Election-Results,schema-ready,
Middleton,middleton-ma/electric-light-commissioner,Electric Light Commissioner,Electric Light Commissioner,True,5,at-large,3,True,,https://middletonma.gov/537/Town-Officials---Elected,https://middletonma.gov/315/Election-Results,https://middletonma.gov/315/Election-Results,schema-ready,
Middleton,middleton-ma/flint-library-trustee,Flint Public Library Trustee,Flint Public Library Trustee,True,5,at-large,3,True,,https://middletonma.gov/537/Town-Officials---Elected,https://middletonma.gov/315/Election-Results,https://middletonma.gov/315/Election-Results,schema-ready,
Middleton,middleton-ma/housing-authority-member,Housing Authority Member,Housing Authority Member,True,3,at-large,5,True,,https://middletonma.gov/537/Town-Officials---Elected,https://middletonma.gov/315/Election-Results,https://middletonma.gov/315/Election-Results,schema-ready,Only the three locally elected Housing Authority seats are modeled; state-appointed and tenant/resident seats are excluded.
Milford,milford-ma/select-board-member,Select Board Member,Select Board Member,True,3,at-large,3,True,,https://milfordma.gov/DocumentCenter/View/297/Town-of-Milford-By-Laws-PDF,https://www.milfordma.gov/475/Election-Results,https://milfordma.gov/DocumentCenter/View/3047/Official-Results-2026-Annual-Town-Election,schema-ready,
Milford,milford-ma/town-clerk,Town Clerk,Town Clerk,True,1,at-large,3,False,,https://milfordma.gov/DocumentCenter/View/297/Town-of-Milford-By-Laws-PDF,https://www.milfordma.gov/475/Election-Results,https://milfordma.gov/DocumentCenter/View/3047/Official-Results-2026-Annual-Town-Election,schema-ready,
Milford,milford-ma/assessor,Assessor,Assessor,True,3,at-large,3,True,,https://milfordma.gov/DocumentCenter/View/297/Town-of-Milford-By-Laws-PDF,https://www.milfordma.gov/475/Election-Results,https://milfordma.gov/DocumentCenter/View/3047/Official-Results-2026-Annual-Town-Election,schema-ready,
Milford,milford-ma/board-of-health-member,Board of Health Member,Board of Health Member,True,3,at-large,3,True,,https://milfordma.gov/DocumentCenter/View/297/Town-of-Milford-By-Laws-PDF,https://www.milfordma.gov/475/Election-Results,https://milfordma.gov/DocumentCenter/View/3047/Official-Results-2026-Annual-Town-Election,schema-ready,
Milford,milford-ma/library-trustee,Library Trustee,Library Trustee,True,6,at-large,3,True,,https://milfordma.gov/DocumentCenter/View/297/Town-of-Milford-By-Laws-PDF,https://www.milfordma.gov/475/Election-Results,https://milfordma.gov/DocumentCenter/View/3047/Official-Results-2026-Annual-Town-Election,schema-ready,
Milford,milford-ma/park-commissioner,Park Commissioner,Park Commissioner,True,3,at-large,3,True,,https://milfordma.gov/DocumentCenter/View/297/Town-of-Milford-By-Laws-PDF,https://www.milfordma.gov/475/Election-Results,https://milfordma.gov/DocumentCenter/View/3047/Official-Results-2026-Annual-Town-Election,schema-ready,
Milford,milford-ma/planning-board-member,Planning Board Member,Planning Board Member,True,5,at-large,5,True,,https://milfordma.gov/DocumentCenter/View/297/Town-of-Milford-By-Laws-PDF,https://www.milfordma.gov/475/Election-Results,https://milfordma.gov/DocumentCenter/View/3047/Official-Results-2026-Annual-Town-Election,schema-ready,
Milford,milford-ma/sewer-commissioner,Sewer Commissioner,Sewer Commissioner,True,3,at-large,3,True,,https://milfordma.gov/DocumentCenter/View/297/Town-of-Milford-By-Laws-PDF,https://www.milfordma.gov/475/Election-Results,https://milfordma.gov/DocumentCenter/View/3047/Official-Results-2026-Annual-Town-Election,schema-ready,
Milford,milford-ma/moderator,Moderator,Moderator,True,1,at-large,3,False,,https://milfordma.gov/DocumentCenter/View/297/Town-of-Milford-By-Laws-PDF,https://www.milfordma.gov/475/Election-Results,https://milfordma.gov/DocumentCenter/View/3047/Official-Results-2026-Annual-Town-Election,schema-ready,
Milford,milford-ma/tree-warden,Tree Warden,Tree Warden,True,1,at-large,3,False,,https://milfordma.gov/DocumentCenter/View/297/Town-of-Milford-By-Laws-PDF,https://www.milfordma.gov/475/Election-Results,https://milfordma.gov/DocumentCenter/View/3047/Official-Results-2026-Annual-Town-Election,schema-ready,
Milford,milford-ma/school-committee-member,School Committee Member,School Committee Member,True,7,at-large,3,True,,https://milfordma.gov/DocumentCenter/View/297/Town-of-Milford-By-Laws-PDF,https://www.milfordma.gov/475/Election-Results,https://milfordma.gov/DocumentCenter/View/3047/Official-Results-2026-Annual-Town-Election,schema-ready,
Milford,milford-ma/housing-authority-member,Housing Authority Member,Housing Authority Member,True,3,at-large,5,True,,https://milfordma.gov/DocumentCenter/View/297/Town-of-Milford-By-Laws-PDF,https://www.milfordma.gov/475/Election-Results,https://milfordma.gov/DocumentCenter/View/3047/Official-Results-2026-Annual-Town-Election,schema-ready,Only the three locally elected Housing Authority seats are modeled; the state and Select Board appointees are excluded.
Milford,milford-ma/vernon-grove-trustee,Vernon Grove Cemetery Trustee,Vernon Grove Cemetery Trustee,True,6,at-large,3,True,,https://milfordma.gov/DocumentCenter/View/297/Town-of-Milford-By-Laws-PDF,https://www.milfordma.gov/475/Election-Results,https://milfordma.gov/DocumentCenter/View/3047/Official-Results-2026-Annual-Town-Election,schema-ready,
Milford,milford-ma/water-commissioner,Water Commissioner,Water Commissioner,True,3,at-large,3,True,,https://milfordma.gov/DocumentCenter/View/297/Town-of-Milford-By-Laws-PDF,https://www.milfordma.gov/475/Election-Results,https://milfordma.gov/DocumentCenter/View/3047/Official-Results-2026-Annual-Town-Election,schema-ready,
Milford,milford-ma/constable,Constable,Constable,True,5,at-large,3,True,,https://milfordma.gov/DocumentCenter/View/297/Town-of-Milford-By-Laws-PDF,https://www.milfordma.gov/475/Election-Results,https://milfordma.gov/DocumentCenter/View/3047/Official-Results-2026-Annual-Town-Election,schema-ready,
Milford,milford-ma/representative-town-meeting-member,Representative Town Meeting Member,Representative Town Meeting Member,True,240,precinct,3,True,,https://milfordma.gov/DocumentCenter/View/297/Town-of-Milford-By-Laws-PDF,https://www.milfordma.gov/475/Election-Results,https://milfordma.gov/DocumentCenter/View/3047/Official-Results-2026-Annual-Town-Election,schema-ready,"Eight precincts with 30 elected representatives each, staggered in regular three-year cohorts of 10 per precinct. Ex-officio/non-elected participants are not included."
Milford,milford-ma/blackstone-valley-regional-vocational-school-committee-member,Blackstone Valley Regional Vocational School Committee Member,Blackstone Valley Regional Vocational School Committee Member,True,1,district,4,False,,https://www.valleytech.k12.ma.us/about/district/schoolcommittee,https://www.milfordma.gov/475/Election-Results,https://milfordma.gov/DocumentCenter/View/3047/Official-Results-2026-Annual-Town-Election,schema-ready,One Milford representative to the Blackstone Valley Regional Vocational Technical School District Committee.
Millbury,millbury-ma/select-board-member,Select Board Member,Select Board Member,True,5,at-large,3,True,,https://www.millburyma.gov/board-selectmen/files/annual-town-report-fy2025,https://www.millburyma.gov/board-selectmen/files/annual-town-report-fy2025,https://www.millburyma.gov/board-selectmen/files/annual-town-report-fy2025,schema-ready,
Millbury,millbury-ma/assessor,Assessor,Assessor,True,3,at-large,3,True,,https://www.millburyma.gov/board-selectmen/files/annual-town-report-fy2025,https://www.millburyma.gov/board-selectmen/files/annual-town-report-fy2025,https://www.millburyma.gov/board-selectmen/files/annual-town-report-fy2025,schema-ready,
Millbury,millbury-ma/school-committee-member,School Committee Member,School Committee Member,True,5,at-large,3,True,,https://www.millburyma.gov/board-selectmen/files/annual-town-report-fy2025,https://www.millburyma.gov/board-selectmen/files/annual-town-report-fy2025,https://www.millburyma.gov/board-selectmen/files/annual-town-report-fy2025,schema-ready,
Millbury,millbury-ma/redevelopment-authority-member,Redevelopment Authority Member,Redevelopment Authority Member,True,5,at-large,5,True,,https://www.millburyma.gov/board-selectmen/files/annual-town-report-fy2025,https://www.millburyma.gov/board-selectmen/files/annual-town-report-fy2025,https://www.millburyma.gov/board-selectmen/files/annual-town-report-fy2025,schema-ready,Five elected seats; the current holder layer contains one explicit vacancy.
Millbury,millbury-ma/board-of-health-member,Board of Health Member,Board of Health Member,True,3,at-large,3,True,,https://www.millburyma.gov/board-selectmen/files/annual-town-report-fy2025,https://www.millburyma.gov/board-selectmen/files/annual-town-report-fy2025,https://www.millburyma.gov/board-selectmen/files/annual-town-report-fy2025,schema-ready,
Millbury,millbury-ma/housing-authority-member,Housing Authority Member,Housing Authority Member,True,3,at-large,5,True,,https://www.millburyma.gov/board-selectmen/files/annual-town-report-fy2025,https://www.millburyma.gov/board-selectmen/files/annual-town-report-fy2025,https://www.millburyma.gov/board-selectmen/files/annual-town-report-fy2025,schema-ready,Only the three locally elected Housing Authority seats are modeled; the state-appointed member is excluded.
Millbury,millbury-ma/planning-board-member,Planning Board Member,Planning Board Member,True,5,at-large,3,True,,https://www.millburyma.gov/board-selectmen/files/annual-town-report-fy2025,https://www.millburyma.gov/board-selectmen/files/annual-town-report-fy2025,https://www.millburyma.gov/board-selectmen/files/annual-town-report-fy2025,schema-ready,
Millbury,millbury-ma/library-trustee,Library Trustee,Library Trustee,True,7,at-large,3,True,,https://www.millburyma.gov/board-selectmen/files/annual-town-report-fy2025,https://www.millburyma.gov/board-selectmen/files/annual-town-report-fy2025,https://www.millburyma.gov/AgendaCenter/ViewFile/Agenda/_06232026-696,schema-ready,
Millbury,millbury-ma/moderator,Moderator,Moderator,True,1,at-large,3,False,,https://www.millburyma.gov/board-selectmen/files/annual-town-report-fy2025,https://www.millburyma.gov/board-selectmen/files/annual-town-report-fy2025,https://www.millburyma.gov/board-selectmen/files/annual-town-report-fy2025,schema-ready,
Millbury,millbury-ma/blackstone-valley-regional-vocational-school-committee-member,Blackstone Valley Regional Vocational School Committee Member,Blackstone Valley Regional Vocational School Committee Member,True,1,district,4,False,,https://www.valleytech.k12.ma.us/about/district/schoolcommittee,https://www.millburyma.gov/board-selectmen/files/annual-town-report-fy2025,https://www.valleytech.k12.ma.us/about/district/schoolcommittee,schema-ready,
Millis,millis-ma/select-board-member,Select Board Member,Select Board Member,True,3,at-large,3,True,,https://www.millisma.gov/home-rule-charter,https://www.millisma.gov/town-clerk/pages/elections-voting,https://www.millisma.gov/sites/g/files/vyhlif901/f/uploads/millis2024_final_tr.pdf,schema-ready,
Millis,millis-ma/moderator,Moderator,Moderator,True,1,at-large,1,False,,https://www.millisma.gov/sites/g/files/vyhlif901/f/uploads/millis2024_final_tr.pdf,https://www.millisma.gov/town-clerk/pages/elections-voting,https://www.millisma.gov/sites/g/files/vyhlif901/f/uploads/millis2024_final_tr.pdf,schema-ready,
Millis,millis-ma/school-committee-member,School Committee Member,School Committee Member,True,5,at-large,3,True,,https://www.millisma.gov/sites/g/files/vyhlif901/f/uploads/millis2024_final_tr.pdf,https://www.millisma.gov/town-clerk/pages/elections-voting,https://www.millisma.gov/sites/g/files/vyhlif901/f/uploads/millis2024_final_tr.pdf,schema-ready,
Millis,millis-ma/town-clerk,Town Clerk,Town Clerk,True,1,at-large,3,False,,https://www.millisma.gov/home-rule-charter,https://www.millisma.gov/town-clerk/pages/elections-voting,https://www.millisma.gov/sites/g/files/vyhlif901/f/uploads/millis2024_final_tr.pdf,schema-ready,Charter/current election framework keeps the Town Clerk as an elected office. A proposed conversion to appointed status was not treated as enacted controlling law.
Millis,millis-ma/library-trustee,Library Trustee,Library Trustee,True,3,at-large,3,True,,https://www.millisma.gov/sites/g/files/vyhlif901/f/uploads/millis2024_final_tr.pdf,https://www.millisma.gov/town-clerk/pages/elections-voting,https://www.millisma.gov/sites/g/files/vyhlif901/f/uploads/millis2024_final_tr.pdf,schema-ready,
Millis,millis-ma/planning-board-member,Planning Board Member,Planning Board Member,True,5,at-large,5,True,,https://www.millisma.gov/sites/g/files/vyhlif901/f/uploads/millis2024_final_tr.pdf,https://www.millisma.gov/town-clerk/pages/elections-voting,https://www.millisma.gov/sites/g/files/vyhlif901/f/uploads/millis2024_final_tr.pdf,schema-ready,
Millis,millis-ma/housing-authority-member,Housing Authority Member,Housing Authority Member,True,4,at-large,5,True,,https://www.millisma.gov/sites/g/files/vyhlif901/f/uploads/millis2024_final_tr.pdf,https://www.millisma.gov/town-clerk/pages/elections-voting,https://www.millisma.gov/sites/g/files/vyhlif901/f/uploads/millis2024_final_tr.pdf,schema-ready,Only locally elected Housing Authority seats are modeled.
Millis,millis-ma/board-of-health-member,Board of Health Member,Board of Health Member,True,3,at-large,3,True,,https://www.millisma.gov/sites/g/files/vyhlif901/f/uploads/millis2024_final_tr.pdf,https://www.millisma.gov/town-clerk/pages/elections-voting,https://www.millisma.gov/sites/g/files/vyhlif901/f/uploads/millis2024_final_tr.pdf,schema-ready,
Millis,millis-ma/constable,Constable,Constable,True,2,at-large,3,True,,https://www.millisma.gov/sites/g/files/vyhlif901/f/uploads/millis2024_final_tr.pdf,https://www.millisma.gov/town-clerk/pages/elections-voting,https://www.millisma.gov/sites/g/files/vyhlif901/f/uploads/millis2024_final_tr.pdf,schema-ready,Constables remain ballot-elected even though they are not among the charter's principal listed elective offices.
Millville,millville-ma/blackstone-valley-regional-vocational-school-committee-member,Blackstone Valley Regional Vocational School Committee Member,Blackstone Valley Regional Vocational School Committee Member,True,1,district,4,False,,https://www.millvillema.org/home/files/2019-annual-town-report,https://www.millvillema.org/home/news/annual-town-election-unofficial-results-positions-specimen-ballot,https://www.millvillema.org/town-clerk/minutes/official-results-local-election,schema-ready,
Millville,millville-ma/blackstone-millville-regional-school-committee-member,Blackstone-Millville Regional School Committee Member,Blackstone-Millville Regional School Committee Member,True,4,district,4,True,,https://www.millvillema.org/home/files/2019-annual-town-report,https://www.millvillema.org/home/news/annual-town-election-unofficial-results-positions-specimen-ballot,https://www.millvillema.org/town-clerk/minutes/official-results-local-election,schema-ready,
Millville,millville-ma/board-of-health-member,Board of Health Member,Board of Health Member,True,3,at-large,3,True,,https://www.millvillema.org/home/files/2019-annual-town-report,https://www.millvillema.org/home/news/annual-town-election-unofficial-results-positions-specimen-ballot,https://www.millvillema.org/town-clerk/minutes/official-results-local-election,schema-ready,
Millville,millville-ma/select-board-member,Select Board Member,Select Board Member,True,5,at-large,3,True,,https://www.millvillema.org/home/files/2019-annual-town-report,https://www.millvillema.org/home/news/annual-town-election-unofficial-results-positions-specimen-ballot,https://www.millvillema.org/town-clerk/minutes/official-results-local-election,schema-ready,
Millville,millville-ma/constable,Constable,Constable,True,4,at-large,3,True,,https://www.millvillema.org/home/files/2019-annual-town-report,https://www.millvillema.org/home/news/annual-town-election-unofficial-results-positions-specimen-ballot,https://www.millvillema.org/town-clerk/minutes/official-results-local-election,schema-ready,
Millville,millville-ma/highway-surveyor,Highway Surveyor,Highway Surveyor,True,1,at-large,3,False,,https://www.millvillema.org/home/news/annual-town-election-unofficial-results-positions-specimen-ballot,https://www.millvillema.org/home/news/annual-town-election-unofficial-results-positions-specimen-ballot,https://www.millvillema.org/news,elected-status-transition-unresolved,"Research-only transition row. The 2025 ballot filled an elected unexpired term ending April 6, 2026, while a later conversion-to-appointed proposal was subject to voter approval/effective timing. Accessible 2026 materials do not conclusively establish the post-transition elected/appointed status, so no schema Post is serialized."
Millville,millville-ma/library-trustee,Library Trustee,Library Trustee,True,3,at-large,3,True,,https://www.millvillema.org/home/files/2019-annual-town-report,https://www.millvillema.org/home/news/annual-town-election-unofficial-results-positions-specimen-ballot,https://www.millvillema.org/town-clerk/minutes/official-results-local-election,schema-ready,
Millville,millville-ma/planning-board-member,Planning Board Member,Planning Board Member,True,5,at-large,5,True,,https://www.millvillema.org/home/files/2019-annual-town-report,https://www.millvillema.org/home/news/annual-town-election-unofficial-results-positions-specimen-ballot,https://www.millvillema.org/town-clerk/minutes/official-results-local-election,schema-ready,
Millville,millville-ma/town-clerk,Town Clerk,Town Clerk,True,1,at-large,3,False,,https://www.millvillema.org/home/files/2019-annual-town-report,https://www.millvillema.org/home/news/annual-town-election-unofficial-results-positions-specimen-ballot,https://www.millvillema.org/town-clerk/minutes/official-results-local-election,schema-ready,
Millville,millville-ma/tree-warden,Tree Warden,Tree Warden,True,1,at-large,3,False,,https://www.millvillema.org/home/news/annual-town-election-unofficial-results-positions-specimen-ballot,https://www.millvillema.org/home/news/annual-town-election-unofficial-results-positions-specimen-ballot,https://www.millvillema.org/town-clerk/minutes/official-results-local-election,schema-ready,"The 2025 election filled an unexpired elected term through April 5, 2027; the current incumbent term is therefore preserved as elected during the transition."
Millville,millville-ma/moderator,Moderator,Moderator,True,1,at-large,3,False,,https://www.millvillema.org/home/files/2019-annual-town-report,https://www.millvillema.org/home/news/annual-town-election-unofficial-results-positions-specimen-ballot,https://www.millvillema.org/town-clerk/minutes/official-results-local-election,schema-ready,
Millville,millville-ma/veterans-memorial-park-trustee,Trustee of Veterans Memorial Park,Trustee of Veterans Memorial Park,True,5,mixed veteran-nonveteran,3,True,,https://www.millvillema.org/home/files/2019-annual-town-report,https://www.millvillema.org/home/news/annual-town-election-unofficial-results-positions-specimen-ballot,https://www.millvillema.org/town-clerk/minutes/official-results-local-election,schema-ready,
Milton,milton-ma/select-board-member,Select Board Member,Select Board & Surveyor of the Highway Member,True,5,at-large,3,True,,https://www.miltonma.gov/399/Select-Board,https://miltonma.gov/1292/Annual-Town-Election--APRIL-28-2026,https://www.miltonma.gov/DocumentCenter/View/10279/1-Elected-Officials-2026--2027-5182026,schema-ready,Official Town-Wide page styles the office as Select Board & Surveyor of the Highway; one mixed elected Post is used rather than a separate Highway Surveyor Post.
Milton,milton-ma/town-clerk,Town Clerk,Town Clerk,True,1,at-large,3,False,,https://www.miltonma.gov/1057/How-to-Run-for-Town-Election,https://miltonma.gov/1292/Annual-Town-Election--APRIL-28-2026,https://www.miltonma.gov/DocumentCenter/View/10279/1-Elected-Officials-2026--2027-5182026,schema-ready,
Milton,milton-ma/assessor,Assessor,Assessor,True,3,at-large,3,True,,https://www.miltonma.gov/1057/How-to-Run-for-Town-Election,https://miltonma.gov/1292/Annual-Town-Election--APRIL-28-2026,https://www.miltonma.gov/DocumentCenter/View/10279/1-Elected-Officials-2026--2027-5182026,schema-ready,
Milton,milton-ma/school-committee-member,School Committee Member,School Committee Member,True,6,at-large,3,True,,https://www.miltonma.gov/1057/How-to-Run-for-Town-Election,https://miltonma.gov/1292/Annual-Town-Election--APRIL-28-2026,https://www.miltonma.gov/DocumentCenter/View/10279/1-Elected-Officials-2026--2027-5182026,schema-ready,
Milton,milton-ma/blue-hills-regional-technical-school-committee-member,Blue Hills Regional Technical School Committee Member,Blue Hills Regional Technical School Committee Member,True,1,district,4,False,,https://www.bluehills.org/administration/district-school-committee/about-the-dsc/,https://miltonma.gov/1292/Annual-Town-Election--APRIL-28-2026,https://www.miltonma.gov/DocumentCenter/View/10279/1-Elected-Officials-2026--2027-5182026,schema-ready,
Milton,milton-ma/park-commissioner,Park Commissioner,Park Commissioner,True,3,at-large,3,True,,https://www.miltonma.gov/1057/How-to-Run-for-Town-Election,https://miltonma.gov/1292/Annual-Town-Election--APRIL-28-2026,https://www.miltonma.gov/DocumentCenter/View/10279/1-Elected-Officials-2026--2027-5182026,schema-ready,
Milton,milton-ma/board-of-health-member,Board of Health Member,Board of Health Member,True,3,at-large,3,True,,https://www.miltonma.gov/1057/How-to-Run-for-Town-Election,https://miltonma.gov/1292/Annual-Town-Election--APRIL-28-2026,https://www.miltonma.gov/DocumentCenter/View/10279/1-Elected-Officials-2026--2027-5182026,schema-ready,
Milton,milton-ma/library-trustee,Public Library Trustee,Public Library Trustee,True,9,at-large,3,True,,https://www.miltonma.gov/1057/How-to-Run-for-Town-Election,https://miltonma.gov/1292/Annual-Town-Election--APRIL-28-2026,https://www.miltonma.gov/DocumentCenter/View/10279/1-Elected-Officials-2026--2027-5182026,schema-ready,Current elected-official PDF lists nine seats and notes Sean Patrick Bentley resigned in May 2026; that seat is preserved as an explicit vacancy.
Milton,milton-ma/constable,Constable,Constable,True,4,at-large,3,True,,https://www.miltonma.gov/1057/How-to-Run-for-Town-Election,https://miltonma.gov/1292/Annual-Town-Election--APRIL-28-2026,https://www.miltonma.gov/DocumentCenter/View/10279/1-Elected-Officials-2026--2027-5182026,schema-ready,
Milton,milton-ma/cemetery-trustee,Cemetery Trustee,Cemetery Trustee,True,5,at-large,5,True,,https://www.miltonma.gov/1057/How-to-Run-for-Town-Election,https://miltonma.gov/1292/Annual-Town-Election--APRIL-28-2026,https://www.miltonma.gov/DocumentCenter/View/10279/1-Elected-Officials-2026--2027-5182026,schema-ready,
Milton,milton-ma/moderator,Moderator,Moderator,True,1,at-large,3,False,,https://www.miltonma.gov/1057/How-to-Run-for-Town-Election,https://miltonma.gov/1292/Annual-Town-Election--APRIL-28-2026,https://www.miltonma.gov/DocumentCenter/View/10279/1-Elected-Officials-2026--2027-5182026,schema-ready,
Milton,milton-ma/housing-authority-member,Housing Authority Member,Housing Authority Member,True,3,at-large,5,True,,https://www.miltonma.gov/1057/How-to-Run-for-Town-Election,https://miltonma.gov/1292/Annual-Town-Election--APRIL-28-2026,https://www.miltonma.gov/DocumentCenter/View/10279/1-Elected-Officials-2026--2027-5182026,schema-ready,Only the three locally elected Housing Authority seats are modeled.
Milton,milton-ma/planning-board-member,Planning Board Member,Planning Board Member,True,5,at-large,3,True,,https://miltonma.gov/718/Planning-Board,https://miltonma.gov/1292/Annual-Town-Election--APRIL-28-2026,https://www.miltonma.gov/DocumentCenter/View/10279/1-Elected-Officials-2026--2027-5182026,schema-ready,
Milton,milton-ma/representative-town-meeting-member,Representative Town Meeting Member,Representative Town Meeting Member,True,279,precinct,3,True,,https://www.miltonma.gov/478/Town-Meeting,https://miltonma.gov/1292/Annual-Town-Election--APRIL-28-2026,https://www.miltonma.gov/DocumentCenter/View/10279/1-Elected-Officials-2026--2027-5182026,schema-ready,Current official sources state 279 elected representatives across ten precincts. Ex-officio Town Meeting participants are excluded.
Monroe,monroe-ma/select-board-planning-board-board-of-health-member,Select Board / Planning Board / Board of Health Member,Select Board / Planning Board / Board of Health Member,True,3,at-large,3,True,,https://recorder.com/2026/05/05/monroe-town-election-results/,https://recorder.com/2026/05/05/monroe-town-election-results/,https://recorder.com/2026/05/05/monroe-town-election-results/,schema-ready,Monroe elects this as one combined office; three seats are reconstructed from successive annual elections with one three-year seat normally filled each year. Mass.gov confirms Monroe has no municipal website.
Monroe,monroe-ma/school-committee-member,School Committee Member,School Committee Member,True,3,at-large,3,True,,https://recorder.com/2026/05/05/monroe-town-election-results/,https://recorder.com/2026/05/05/monroe-town-election-results/,https://recorder.com/2026/05/05/monroe-town-election-results/,schema-ready,
Monroe,monroe-ma/finance-committee-member,Finance Committee Member,Finance Committee Member,True,3,at-large,3,True,,https://recorder.com/2026/05/05/monroe-town-election-results/,https://recorder.com/2026/05/05/monroe-town-election-results/,https://recorder.com/2026/05/05/monroe-town-election-results/,schema-ready,
Monroe,monroe-ma/library-trustee,Library Trustee,Library Trustee,True,3,at-large,3,True,,https://recorder.com/2026/05/05/monroe-town-election-results/,https://recorder.com/2026/05/05/monroe-town-election-results/,https://recorder.com/2026/05/05/monroe-town-election-results/,schema-ready,One 2026 library seat received no candidate or write-in and remains explicitly vacant.
Monroe,monroe-ma/constable,Constable,Constable,True,3,at-large,3,True,,https://recorder.com/2026/05/05/monroe-town-election-results/,https://recorder.com/2026/05/05/monroe-town-election-results/,https://recorder.com/2026/05/05/monroe-town-election-results/,schema-ready,
Monroe,monroe-ma/moderator,Moderator,Moderator,True,1,at-large,1,False,,https://recorder.com/2026/05/05/monroe-town-election-results/,https://recorder.com/2026/05/05/monroe-town-election-results/,https://recorder.com/2026/05/05/monroe-town-election-results/,schema-ready,
Monroe,monroe-ma/town-clerk,Town Clerk,Town Clerk,True,1,at-large,1,False,,https://recorder.com/2026/05/05/monroe-town-election-results/,https://recorder.com/2026/05/05/monroe-town-election-results/,https://recorder.com/2026/05/05/monroe-town-election-results/,schema-ready,
Monroe,monroe-ma/auditor,Auditor,Auditor,True,1,at-large,1,False,,https://recorder.com/2026/05/05/monroe-town-election-results/,https://recorder.com/2026/05/05/monroe-town-election-results/,https://recorder.com/2026/05/05/monroe-town-election-results/,schema-ready,
Monroe,monroe-ma/tree-warden,Tree Warden,Tree Warden,True,1,at-large,1,False,,https://recorder.com/2026/05/05/monroe-town-election-results/,https://recorder.com/2026/05/05/monroe-town-election-results/,https://recorder.com/2026/05/05/monroe-town-election-results/,schema-ready,
Monson,monson-ma/moderator,Moderator,Moderator,True,1,at-large,3,False,,https://www.monson-ma.gov/DocumentCenter/View/3022/ELECTED-TOWN-OFFICIALS-2025,https://www.monson-ma.gov/DocumentCenter/View/3715/Annual-Town-Election-Official-Results-06-09-26,https://www.monson-ma.gov/DocumentCenter/View/3715/Annual-Town-Election-Official-Results-06-09-26,schema-ready,
Monson,monson-ma/town-clerk,Town Clerk,Town Clerk,True,1,at-large,3,False,,https://www.monson-ma.gov/DocumentCenter/View/3022/ELECTED-TOWN-OFFICIALS-2025,https://www.monson-ma.gov/DocumentCenter/View/3715/Annual-Town-Election-Official-Results-06-09-26,https://www.monson-ma.gov/DocumentCenter/View/3715/Annual-Town-Election-Official-Results-06-09-26,schema-ready,
Monson,monson-ma/select-board-member,Select Board Member,Select Board Member,True,5,at-large,3,True,,https://malegislature.gov/Laws/SessionLaws/Acts/2026/Chapter69,https://www.monson-ma.gov/DocumentCenter/View/3715/Annual-Town-Election-Official-Results-06-09-26,https://www.monson-ma.gov/DocumentCenter/View/3715/Annual-Town-Election-Official-Results-06-09-26,schema-ready,Acts 2026 c.69 expands the Select Board from three to five seats. Only three current holders are safely reconciled; two transition seats remain unresolved.
Monson,monson-ma/assessor,Assessor,Assessor,True,3,at-large,3,True,,https://www.monson-ma.gov/DocumentCenter/View/3022/ELECTED-TOWN-OFFICIALS-2025,https://www.monson-ma.gov/DocumentCenter/View/3715/Annual-Town-Election-Official-Results-06-09-26,https://www.monson-ma.gov/DocumentCenter/View/3715/Annual-Town-Election-Official-Results-06-09-26,schema-ready,
Monson,monson-ma/school-committee-member,School Committee Member,School Committee Member,True,5,at-large,3,True,,https://www.monson-ma.gov/DocumentCenter/View/3022/ELECTED-TOWN-OFFICIALS-2025,https://www.monson-ma.gov/DocumentCenter/View/3715/Annual-Town-Election-Official-Results-06-09-26,https://www.monson-ma.gov/DocumentCenter/View/3715/Annual-Town-Election-Official-Results-06-09-26,schema-ready,
Monson,monson-ma/water-sewer-commissioner,Water/Sewer Commissioner,Water/Sewer Commissioner,True,3,at-large,3,True,,https://www.monson-ma.gov/DocumentCenter/View/3022/ELECTED-TOWN-OFFICIALS-2025,https://www.monson-ma.gov/DocumentCenter/View/3715/Annual-Town-Election-Official-Results-06-09-26,https://www.monson-ma.gov/DocumentCenter/View/3715/Annual-Town-Election-Official-Results-06-09-26,schema-ready,
Monson,monson-ma/highway-surveyor,Highway Surveyor,Highway Surveyor,True,1,at-large,3,False,,https://www.monson-ma.gov/DocumentCenter/View/3022/ELECTED-TOWN-OFFICIALS-2025,https://www.monson-ma.gov/DocumentCenter/View/3715/Annual-Town-Election-Official-Results-06-09-26,https://www.monson-ma.gov/DocumentCenter/View/3715/Annual-Town-Election-Official-Results-06-09-26,schema-ready,
Monson,monson-ma/cemetery-commissioner,Cemetery Commissioner,Cemetery Commissioner,True,3,at-large,3,True,,https://www.monson-ma.gov/DocumentCenter/View/3022/ELECTED-TOWN-OFFICIALS-2025,https://www.monson-ma.gov/DocumentCenter/View/3715/Annual-Town-Election-Official-Results-06-09-26,https://www.monson-ma.gov/DocumentCenter/View/3715/Annual-Town-Election-Official-Results-06-09-26,schema-ready,
Monson,monson-ma/parks-recreation-commissioner,Parks & Recreation Commissioner,Parks & Recreation Commissioner,True,3,at-large,3,True,,https://www.monson-ma.gov/DocumentCenter/View/3022/ELECTED-TOWN-OFFICIALS-2025,https://www.monson-ma.gov/DocumentCenter/View/3715/Annual-Town-Election-Official-Results-06-09-26,https://www.monson-ma.gov/DocumentCenter/View/3715/Annual-Town-Election-Official-Results-06-09-26,schema-ready,
Monson,monson-ma/housing-authority-member,Housing Authority Member,Housing Authority Member,True,4,at-large,5,True,,https://www.monson-ma.gov/DocumentCenter/View/3022/ELECTED-TOWN-OFFICIALS-2025,https://www.monson-ma.gov/DocumentCenter/View/3715/Annual-Town-Election-Official-Results-06-09-26,https://www.monson-ma.gov/DocumentCenter/View/3715/Annual-Town-Election-Official-Results-06-09-26,schema-ready,Only four locally elected seats are modeled; the state representative seat is excluded.
Monson,monson-ma/pathfinder-regional-vocational-school-committee-member,Pathfinder Regional Vocational Technical School Committee Member,Pathfinder Regional Vocational Technical School Committee Member,True,1,district,4,False,,https://pathfindertech.org/school-committe/,https://www.monson-ma.gov/DocumentCenter/View/3715/Annual-Town-Election-Official-Results-06-09-26,https://pathfindertech.org/school-committe/,schema-ready,
Montague,montague-ma/select-board-member,Selectboard Member,Selectboard Member,True,3,at-large,3,True,,https://montague-ma.gov/files/Nomination_Papers_Due_2026_-NEWSPAPER.pdf,https://montague-ma.gov/files/Nomination_Papers_Due_2026_-NEWSPAPER.pdf,https://montague-ma.gov/files/2026-06-15__Selectboard_Meeting_Materials.pdf,schema-ready,
Montague,montague-ma/assessor,Assessor,Assessor,True,3,at-large,3,True,,https://montague-ma.gov/files/FY2023_ANNUAL_REPORT_-_Final_-_WEBSITE.pdf,https://montague-ma.gov/files/Nomination_Papers_Due_2026_-NEWSPAPER.pdf,https://montague-ma.gov/files/Board_of_Assessors_Minutes_2025-10-2_Minutes.pdf,schema-ready,
Montague,montague-ma/board-of-health-member,Board of Health Member,Board of Health Member,True,3,at-large,3,True,,https://montague-ma.gov/files/FY2023_ANNUAL_REPORT_-_Final_-_WEBSITE.pdf,https://montague-ma.gov/files/Nomination_Papers_Due_2026_-NEWSPAPER.pdf,https://recorder.com/2026/05/20/montague-election-results-2026/,schema-ready,
Montague,montague-ma/parks-recreation-commissioner,Parks & Recreation Commissioner,Parks & Recreation Commissioner,True,3,at-large,3,True,,https://montague-ma.gov/files/FY2023_ANNUAL_REPORT_-_Final_-_WEBSITE.pdf,https://montague-ma.gov/files/Nomination_Papers_Due_2026_-NEWSPAPER.pdf,https://recorder.com/2026/05/20/montague-election-results-2026/,schema-ready,
Montague,montague-ma/library-trustee,Library Trustee,Library Trustee,True,9,at-large,3,True,,https://montague-ma.gov/files/FY2023_ANNUAL_REPORT_-_Final_-_WEBSITE.pdf,https://montague-ma.gov/files/Nomination_Papers_Due_2026_-NEWSPAPER.pdf,https://recorder.com/2026/05/20/montague-election-results-2026/,schema-ready,
Montague,montague-ma/moderator,Moderator,Moderator,True,1,at-large,1,False,,https://montague-ma.gov/files/Nomination_Papers_Due_2026_-NEWSPAPER.pdf,https://montague-ma.gov/files/Nomination_Papers_Due_2026_-NEWSPAPER.pdf,https://recorder.com/2026/05/20/montague-election-results-2026/,schema-ready,
Montague,montague-ma/housing-authority-member,Housing Authority Member,Housing Authority Member,True,4,at-large,5,True,,https://montague-ma.gov/files/FY2023_ANNUAL_REPORT_-_Final_-_WEBSITE.pdf,https://montague-ma.gov/files/Nomination_Papers_Due_2026_-NEWSPAPER.pdf,https://montague-ma.gov/files/Town_Election_2025-05-20.pdf,schema-ready,Only the four locally elected Housing Authority seats are modeled.
Montague,montague-ma/soldiers-memorial-trustee-veteran,Soldiers Memorial Trustee — Veteran,Soldiers Memorial Trustee — Veteran,True,3,at-large,3,True,,https://montague-ma.gov/files/FY2023_ANNUAL_REPORT_-_Final_-_WEBSITE.pdf,https://montague-ma.gov/files/Nomination_Papers_Due_2026_-NEWSPAPER.pdf,https://recorder.com/2026/05/20/montague-election-results-2026/,schema-ready,
Montague,montague-ma/soldiers-memorial-trustee-non-veteran,Soldiers Memorial Trustee — Non-Veteran,Soldiers Memorial Trustee — Non-Veteran,True,3,at-large,3,True,,https://montague-ma.gov/files/FY2023_ANNUAL_REPORT_-_Final_-_WEBSITE.pdf,https://montague-ma.gov/files/Nomination_Papers_Due_2026_-NEWSPAPER.pdf,https://recorder.com/2026/05/20/montague-election-results-2026/,schema-ready,
Montague,montague-ma/gill-montague-regional-school-committee-member,Gill-Montague Regional School Committee Member,Gill-Montague Regional School Committee Member,True,6,district,3,True,,https://www.gmrsd.org/school-committee-2,https://montague-ma.gov/files/Nomination_Papers_Due_2026_-NEWSPAPER.pdf,https://gillmass.org/files/GillNews_2026_2SUMMER.pdf,schema-ready,Six of the nine district committee seats represent Montague; only those six are modeled.
Montague,montague-ma/representative-town-meeting-member,Representative Town Meeting Member,Representative Town Meeting Member,True,126,precinct,3,True,,https://montague-ma.gov/files/FY2023_ANNUAL_REPORT_-_Final_-_WEBSITE.pdf,https://montague-ma.gov/files/Nomination_Papers_Due_2026_-NEWSPAPER.pdf,https://montague-ma.gov/,schema-ready,"Six precincts with 21 elected representatives each, staggered with seven regular seats per precinct each year."
Monterey,monterey-ma/board-of-appeals-member,Board of Appeals Member,Board of Appeals Member,True,5,at-large,5,True,,https://www.montereyma.gov/sites/g/files/vyhlif3496/f/uploads/monterey_elected_offices_post_on_website.pdf,https://www.montereyma.gov/town-clerk/pages/election-ballots-and-results,https://www.montereyma.gov/town-clerk/pages/election-ballots-and-results,schema-ready,
Monterey,monterey-ma/assessor,Assessor,Assessor,True,3,at-large,3,True,,https://www.montereyma.gov/sites/g/files/vyhlif3496/f/uploads/monterey_elected_offices_post_on_website.pdf,https://www.montereyma.gov/town-clerk/pages/election-ballots-and-results,https://www.montereyma.gov/town-clerk/pages/election-ballots-and-results,schema-ready,
Monterey,monterey-ma/board-of-health-member,Board of Health Member,Board of Health Member,True,3,at-large,3,True,,https://www.montereyma.gov/sites/g/files/vyhlif3496/f/uploads/monterey_elected_offices_post_on_website.pdf,https://www.montereyma.gov/town-clerk/pages/election-ballots-and-results,https://www.montereyma.gov/town-clerk/pages/election-ballots-and-results,schema-ready,
Monterey,monterey-ma/bylaw-review-committee-member,Bylaw Review Committee Member,Bylaw Review Committee Member,True,5,at-large,3,True,,https://www.montereyma.gov/about-monterey/files/fy22-elected-officials,https://www.montereyma.gov/town-clerk/pages/election-ballots-and-results,https://www.montereyma.gov/town-clerk/pages/election-ballots-and-results,schema-ready,
Monterey,monterey-ma/cemetery-commissioner,Cemetery Commissioner,Cemetery Commissioner,True,3,at-large,3,True,,https://www.montereyma.gov/sites/g/files/vyhlif3496/f/uploads/monterey_elected_offices_post_on_website.pdf,https://www.montereyma.gov/town-clerk/pages/election-ballots-and-results,https://www.montereyma.gov/town-clerk/pages/election-ballots-and-results,schema-ready,
Monterey,monterey-ma/constable,Constable,Constable,True,1,at-large,3,False,,https://www.montereyma.gov/sites/g/files/vyhlif3496/f/uploads/monterey_ma_atm_2025_05_03_cover_letter_and_warrant_001.pdf,https://www.montereyma.gov/town-clerk/pages/election-ballots-and-results,https://www.montereyma.gov/town-clerk/pages/election-ballots-and-results,schema-ready,
Monterey,monterey-ma/finance-committee-member,Finance Committee Member,Finance Committee Member,True,3,at-large,3,True,,https://www.montereyma.gov/sites/g/files/vyhlif3496/f/uploads/monterey_elected_offices_post_on_website.pdf,https://www.montereyma.gov/town-clerk/pages/election-ballots-and-results,https://www.montereyma.gov/town-clerk/pages/election-ballots-and-results,schema-ready,
Monterey,monterey-ma/library-trustee,Library Trustee,Library Trustee,True,6,at-large,3,True,,https://www.montereyma.gov/sites/g/files/vyhlif3496/f/uploads/monterey_elected_offices_post_on_website.pdf,https://www.montereyma.gov/town-clerk/pages/election-ballots-and-results,https://www.montereyma.gov/town-clerk/pages/election-ballots-and-results,schema-ready,
Monterey,monterey-ma/moderator,Moderator,Moderator,True,1,at-large,1,False,,https://www.montereyma.gov/sites/g/files/vyhlif3496/f/uploads/monterey_elected_offices_post_on_website.pdf,https://www.montereyma.gov/town-clerk/pages/election-ballots-and-results,https://www.montereyma.gov/town-clerk/pages/election-ballots-and-results,schema-ready,
Monterey,monterey-ma/park-commissioner,Park Commissioner,Park Commissioner,True,5,at-large,3,True,,https://www.montereyma.gov/sites/g/files/vyhlif3496/f/uploads/monterey_elected_offices_post_on_website.pdf,https://www.montereyma.gov/town-clerk/pages/election-ballots-and-results,https://www.montereyma.gov/town-clerk/pages/election-ballots-and-results,schema-ready,
Monterey,monterey-ma/planning-board-member,Planning Board Member,Planning Board Member,True,7,at-large,5,True,,https://www.montereyma.gov/about-monterey/files/fy22-elected-officials,https://www.montereyma.gov/town-clerk/pages/election-ballots-and-results,https://www.montereyma.gov/town-clerk/pages/election-ballots-and-results,schema-ready,Seven regular elected Planning Board seats are modeled; the associate position is excluded.
Monterey,monterey-ma/select-board-member,Select Board Member,Select Board Member,True,3,at-large,3,True,,https://www.montereyma.gov/sites/g/files/vyhlif3496/f/uploads/monterey_elected_offices_post_on_website.pdf,https://www.montereyma.gov/town-clerk/pages/election-ballots-and-results,https://www.montereyma.gov/town-clerk/pages/election-ballots-and-results,schema-ready,
Monterey,monterey-ma/southern-berkshire-regional-school-committee-member,Southern Berkshire Regional School Committee Member,Southern Berkshire Regional School Committee Member,True,1,district,4,False,,https://www.montereyma.gov/select-board/minutes/select-board-meeting-minutes-070125,https://www.montereyma.gov/town-clerk/pages/election-ballots-and-results,https://www.montereyma.gov/select-board/minutes/select-board-meeting-minutes-070125,schema-ready,
Monterey,monterey-ma/tax-collector,Tax Collector,Tax Collector,True,1,at-large,3,False,,https://www.montereyma.gov/sites/g/files/vyhlif3496/f/uploads/monterey_ma_atm_2025_05_03_cover_letter_and_warrant_001.pdf,https://www.montereyma.gov/town-clerk/pages/election-ballots-and-results,https://www.montereyma.gov/town-clerk/pages/election-ballots-and-results,schema-ready,
Monterey,monterey-ma/tree-warden,Tree Warden,Tree Warden,True,1,at-large,1,False,,https://www.montereyma.gov/sites/g/files/vyhlif3496/f/uploads/monterey_elected_offices_post_on_website.pdf,https://www.montereyma.gov/town-clerk/pages/election-ballots-and-results,https://www.montereyma.gov/town-clerk/pages/election-ballots-and-results,schema-ready,
Nantucket,nantucket-ma/moderator,Moderator,Moderator,True,1,at-large,,False,False,https://ecode360.com/11766101,https://nantucket-ma.gov/3574/Running-for-Office,https://nantucket-ma.gov/DocumentCenter/View/55809/2026-Annual-Town-Election-Results-PDF,schema-ready,
Nantucket,nantucket-ma/select-board-member,Select Board Member,Select Board Member,True,5,at-large,3,True,False,https://ecode360.com/11766101,https://nantucket-ma.gov/3574/Running-for-Office,https://nantucket-ma.gov/DocumentCenter/View/55809/2026-Annual-Town-Election-Results-PDF,schema-ready,Charter §2-2; Select Board also serves as county commissioners.
Nantucket,nantucket-ma/school-committee-member,School Committee Member,School Committee Member,True,,at-large,,True,False,https://nantucket-ma.gov/3574/Running-for-Office,https://nantucket-ma.gov/3574/Running-for-Office,https://nantucket-ma.gov/DocumentCenter/View/55809/2026-Annual-Town-Election-Results-PDF,elected-seat-count-unresolved,Elected status and 2026 winner(s) verified; total elected seat count unresolved.
Nantucket,nantucket-ma/historic-district-commissioner,Historic District Commissioner,Historic District Commissioner,True,,at-large,,True,False,https://nantucket-ma.gov/3574/Running-for-Office,https://nantucket-ma.gov/3574/Running-for-Office,https://nantucket-ma.gov/DocumentCenter/View/55809/2026-Annual-Town-Election-Results-PDF,elected-seat-count-unresolved,Elected status and 2026 winner(s) verified; total elected seat count unresolved.
Nantucket,nantucket-ma/land-bank-commissioner,Land Bank Commissioner,Land Bank Commissioner,True,,at-large,,True,False,https://nantucket-ma.gov/3574/Running-for-Office,https://nantucket-ma.gov/3574/Running-for-Office,https://nantucket-ma.gov/DocumentCenter/View/55809/2026-Annual-Town-Election-Results-PDF,elected-seat-count-unresolved,Elected status and 2026 winner(s) verified; total elected seat count unresolved.
Nantucket,nantucket-ma/harbor-shellfish-advisory-board-member,Harbor and Shellfish Advisory Board Member,Harbor & Shellfish Advisory Board Member,True,,at-large,,True,False,https://nantucket-ma.gov/3574/Running-for-Office,https://nantucket-ma.gov/3574/Running-for-Office,https://nantucket-ma.gov/DocumentCenter/View/55809/2026-Annual-Town-Election-Results-PDF,elected-seat-count-unresolved,Elected status and 2026 winner(s) verified; total elected seat count unresolved.
Nantucket,nantucket-ma/housing-authority-member,Housing Authority Member,Nantucket Housing Authority Member,True,,at-large,,True,False,https://nantucket-ma.gov/3574/Running-for-Office,https://nantucket-ma.gov/3574/Running-for-Office,https://nantucket-ma.gov/DocumentCenter/View/55809/2026-Annual-Town-Election-Results-PDF,elected-seat-count-unresolved,Elected status and 2026 winner(s) verified; total elected seat count unresolved.
Nantucket,nantucket-ma/planning-board-member,Planning Board Member,Planning Board Member,True,,at-large,,True,False,https://nantucket-ma.gov/3574/Running-for-Office,https://nantucket-ma.gov/3574/Running-for-Office,https://nantucket-ma.gov/DocumentCenter/View/55809/2026-Annual-Town-Election-Results-PDF,elected-seat-count-unresolved,Elected status and 2026 winner(s) verified; total elected seat count unresolved.
Nantucket,nantucket-ma/water-commissioner,Water Commissioner,Nantucket Water Commissioner,True,,at-large,,True,False,https://nantucket-ma.gov/3574/Running-for-Office,https://nantucket-ma.gov/3574/Running-for-Office,https://nantucket-ma.gov/DocumentCenter/View/55809/2026-Annual-Town-Election-Results-PDF,elected-seat-count-unresolved,Elected status and 2026 winner(s) verified; total elected seat count unresolved.
Natick,natick-ma/town-meeting-member,Town Meeting Member,Representative Town Meeting Member,True,180,precinct,3,True,False,https://www.natickma.gov/DocumentCenter/View/15009/Complete-Charter-April-2023,https://www.natickma.gov/2299/Annual-Town-Election-3312026,https://www.natickma.gov/2299/Annual-Town-Election-3312026,schema-ready,180 elected seats: 18 per precinct across 10 precincts.
Natick,natick-ma/select-board-member,Select Board Member,Select Board Member,True,5,at-large,3,True,False,https://www.natickma.gov/DocumentCenter/View/15009/Complete-Charter-April-2023,https://www.natickma.gov/2299/Annual-Town-Election-3312026,https://www.natickma.gov/2299/Annual-Town-Election-3312026,schema-ready,
Natick,natick-ma/town-clerk,Town Clerk,Town Clerk,True,1,at-large,3,False,False,https://www.natickma.gov/DocumentCenter/View/15009/Complete-Charter-April-2023,https://www.natickma.gov/2299/Annual-Town-Election-3312026,https://www.natickma.gov/2299/Annual-Town-Election-3312026,schema-ready,
Natick,natick-ma/moderator,Moderator,Moderator,True,1,at-large,3,False,False,https://www.natickma.gov/DocumentCenter/View/15009/Complete-Charter-April-2023,https://www.natickma.gov/2299/Annual-Town-Election-3312026,https://www.natickma.gov/2299/Annual-Town-Election-3312026,schema-ready,
Natick,natick-ma/school-committee-member,School Committee Member,School Committee Member,True,7,at-large,3,True,False,https://www.natickma.gov/DocumentCenter/View/15009/Complete-Charter-April-2023,https://www.natickma.gov/2299/Annual-Town-Election-3312026,https://www.natickma.gov/2299/Annual-Town-Election-3312026,schema-ready,
Natick,natick-ma/assessor,Assessor,Board of Assessors Member,True,3,at-large,3,True,False,https://www.natickma.gov/DocumentCenter/View/15009/Complete-Charter-April-2023,https://www.natickma.gov/2299/Annual-Town-Election-3312026,https://www.natickma.gov/2299/Annual-Town-Election-3312026,schema-ready,
Natick,natick-ma/board-of-health-member,Board of Health Member,Board of Health Member,True,3,at-large,3,True,False,https://www.natickma.gov/DocumentCenter/View/15009/Complete-Charter-April-2023,https://www.natickma.gov/2299/Annual-Town-Election-3312026,https://www.natickma.gov/2299/Annual-Town-Election-3312026,schema-ready,
Natick,natick-ma/constable,Constable,Constable,True,6,at-large,3,True,False,https://www.natickma.gov/DocumentCenter/View/15009/Complete-Charter-April-2023,https://www.natickma.gov/2299/Annual-Town-Election-3312026,https://www.natickma.gov/2299/Annual-Town-Election-3312026,schema-ready,
Natick,natick-ma/housing-authority-member,Housing Authority Member,Housing Authority Member,True,3,at-large,5,True,False,https://www.natickma.gov/DocumentCenter/View/15009/Complete-Charter-April-2023,https://www.natickma.gov/2299/Annual-Town-Election-3312026,https://www.natickma.gov/2299/Annual-Town-Election-3312026,schema-ready,
Natick,natick-ma/library-trustee,Library Trustee,Morse Institute Library Trustee,True,5,at-large,5,True,False,https://www.natickma.gov/DocumentCenter/View/15009/Complete-Charter-April-2023,https://www.natickma.gov/2299/Annual-Town-Election-3312026,https://www.natickma.gov/2299/Annual-Town-Election-3312026,schema-ready,
Natick,natick-ma/planning-board-member,Planning Board Member,Planning Board Member,True,5,at-large,5,True,False,https://www.natickma.gov/DocumentCenter/View/15009/Complete-Charter-April-2023,https://www.natickma.gov/2299/Annual-Town-Election-3312026,https://www.natickma.gov/2299/Annual-Town-Election-3312026,schema-ready,
Natick,natick-ma/recreation-parks-commissioner,Recreation and Parks Commissioner,Recreation and Parks Commissioner,True,5,at-large,3,True,False,https://www.natickma.gov/DocumentCenter/View/15009/Complete-Charter-April-2023,https://www.natickma.gov/2299/Annual-Town-Election-3312026,https://www.natickma.gov/2299/Annual-Town-Election-3312026,schema-ready,
Needham,needham-ma/select-board-member,Select Board Member,Select Board Member,True,5,at-large,3,True,False,https://www.needhamma.gov/DocumentCenter/View/1859/General-By-LawsCharter-2021-PDF?bidId=,https://needhamma.gov/5755/2026-Annual-Town-Election-Candidates,https://needhamma.gov/DocumentCenter/View/61963/Final-Tally-4142026-Annual-Town-Election,schema-ready,
Needham,needham-ma/school-committee-member,School Committee Member,School Committee Member,True,7,at-large,3,True,False,https://www.needhamma.gov/DocumentCenter/View/1859/General-By-LawsCharter-2021-PDF?bidId=,https://needhamma.gov/5755/2026-Annual-Town-Election-Candidates,https://needhamma.gov/DocumentCenter/View/61963/Final-Tally-4142026-Annual-Town-Election,schema-ready,
Needham,needham-ma/moderator,Moderator,Moderator,True,1,at-large,3,False,False,https://www.needhamma.gov/DocumentCenter/View/1859/General-By-LawsCharter-2021-PDF?bidId=,https://needhamma.gov/5755/2026-Annual-Town-Election-Candidates,https://needhamma.gov/DocumentCenter/View/61963/Final-Tally-4142026-Annual-Town-Election,schema-ready,
Needham,needham-ma/town-clerk,Town Clerk,Town Clerk,True,1,at-large,3,False,False,https://www.needhamma.gov/DocumentCenter/View/1859/General-By-LawsCharter-2021-PDF?bidId=,https://needhamma.gov/5755/2026-Annual-Town-Election-Candidates,https://needhamma.gov/DocumentCenter/View/61963/Final-Tally-4142026-Annual-Town-Election,schema-ready,
Needham,needham-ma/park-and-recreation-commissioner,Park and Recreation Commissioner,Park & Recreation Commissioner,True,5,at-large,3,True,False,https://www.needhamma.gov/DocumentCenter/View/1859/General-By-LawsCharter-2021-PDF?bidId=,https://needhamma.gov/5755/2026-Annual-Town-Election-Candidates,https://needhamma.gov/DocumentCenter/View/61963/Final-Tally-4142026-Annual-Town-Election,schema-ready,
Needham,needham-ma/constable,Constable,Constable,True,2,at-large,3,True,False,https://www.needhamma.gov/DocumentCenter/View/1859/General-By-LawsCharter-2021-PDF?bidId=,https://needhamma.gov/5755/2026-Annual-Town-Election-Candidates,https://needhamma.gov/DocumentCenter/View/61963/Final-Tally-4142026-Annual-Town-Election,schema-ready,
Needham,needham-ma/assessor,Board of Assessors Member,Board of Assessors Member,True,3,at-large,3,True,False,https://www.needhamma.gov/DocumentCenter/View/1859/General-By-LawsCharter-2021-PDF?bidId=,https://needhamma.gov/5755/2026-Annual-Town-Election-Candidates,https://needhamma.gov/DocumentCenter/View/61963/Final-Tally-4142026-Annual-Town-Election,schema-ready,
Needham,needham-ma/commissioner-of-trust-funds,Commissioner of Trust Funds,Commissioner of Trust Funds,True,3,at-large,3,True,False,https://www.needhamma.gov/DocumentCenter/View/1859/General-By-LawsCharter-2021-PDF?bidId=,https://needhamma.gov/5755/2026-Annual-Town-Election-Candidates,https://needhamma.gov/DocumentCenter/View/61963/Final-Tally-4142026-Annual-Town-Election,schema-ready,Official 2026-08-17 notice confirms one vacancy; identities of the two continuing members unresolved.
Needham,needham-ma/needham-public-library-trustee,Trustee of the Needham Public Library,Trustee of the Needham Public Library,True,7,at-large,3,True,False,https://www.needhamma.gov/DocumentCenter/View/1859/General-By-LawsCharter-2021-PDF?bidId=,https://needhamma.gov/5755/2026-Annual-Town-Election-Candidates,https://needhamma.gov/DocumentCenter/View/61963/Final-Tally-4142026-Annual-Town-Election,schema-ready,
Needham,needham-ma/memorial-park-trustee,Trustee of Memorial Park,Trustee of Memorial Park,True,5,at-large,3,True,False,https://www.needhamma.gov/DocumentCenter/View/1859/General-By-LawsCharter-2021-PDF?bidId=,https://needhamma.gov/5755/2026-Annual-Town-Election-Candidates,https://needhamma.gov/DocumentCenter/View/61963/Final-Tally-4142026-Annual-Town-Election,schema-ready,Official rosters conflict on the fifth elected member; Select Board designee excluded.
Needham,needham-ma/board-of-health-member,Board of Health Member,Board of Health Member,True,5,at-large,3,True,False,https://www.needhamma.gov/DocumentCenter/View/1859/General-By-LawsCharter-2021-PDF?bidId=,https://needhamma.gov/5755/2026-Annual-Town-Election-Candidates,https://needhamma.gov/DocumentCenter/View/61963/Final-Tally-4142026-Annual-Town-Election,schema-ready,
Needham,needham-ma/planning-board-member,Planning Board Member,Planning Board Member,True,5,at-large,5,True,False,https://www.needhamma.gov/DocumentCenter/View/1859/General-By-LawsCharter-2021-PDF?bidId=,https://needhamma.gov/5755/2026-Annual-Town-Election-Candidates,https://needhamma.gov/DocumentCenter/View/61963/Final-Tally-4142026-Annual-Town-Election,schema-ready,
Needham,needham-ma/needham-housing-authority-member,Needham Housing Authority Member,Needham Housing Authority Member,True,3,at-large,5,True,False,https://www.needhamma.gov/DocumentCenter/View/1859/General-By-LawsCharter-2021-PDF?bidId=,https://needhamma.gov/5755/2026-Annual-Town-Election-Candidates,https://needhamma.gov/DocumentCenter/View/61963/Final-Tally-4142026-Annual-Town-Election,schema-ready,
Needham,needham-ma/town-meeting-member,Town Meeting Member,Town Meeting Member,True,240,precinct,3,True,False,https://www.needhamma.gov/DocumentCenter/View/1859/General-By-LawsCharter-2021-PDF?bidId=,https://needhamma.gov/5755/2026-Annual-Town-Election-Candidates,https://needhamma.gov/DocumentCenter/View/61963/Final-Tally-4142026-Annual-Town-Election,schema-ready,"240 elected seats, 24 per precinct across 10 precincts; authoritative roster found but not fully serialized in this batch."
New Bedford,new-bedford-ma/mayor,Mayor,Mayor,True,1,at-large,,False,False,https://library.municode.com/ma/new_bedford/codes/code_of_ordinances?nodeId=COOR_CH2AD_ARTIINGE_S2-7ADREFE,https://www.sec.state.ma.us/divisions/elections/voter-resources/find-my-local-election-office.htm,https://stories.opengov.com/newbedfordma/published/nntClIy7M,schema-ready,Direct current charter term source unresolved.
New Bedford,new-bedford-ma/city-council-member,City Council Member,City Councillor,True,11,mixed,,False,False,https://library.municode.com/ma/new_bedford/codes/code_of_ordinances?nodeId=COOR_CH2AD_ARTIIICICO_DIV1GE,https://www.sec.state.ma.us/divisions/elections/voter-resources/find-my-local-election-office.htm,https://stories.opengov.com/newbedfordma/published/nntClIy7M,schema-ready,Five at-large and six ward seats; accessible official roster conflicts with later election reporting for two seats.
New Bedford,new-bedford-ma/school-committee-member,School Committee Member,School Committee Member,True,6,at-large,4,True,False,https://library.municode.com/ma/new_bedford/codes/code_of_ordinances?nodeId=COOR_CH2AD_ARTIINGE_S2-7ADREFE,https://www.sec.state.ma.us/divisions/elections/voter-resources/find-my-local-election-office.htm,https://newbedford.ss16.sharpschool.com/cms/one.aspx?pageId=159932,schema-ready,Mayor is ex officio and excluded from six elected seats.
New Braintree,new-braintree-ma/select-board-member,Select Board Member,Select Board Member,True,3,at-large,,,False,https://www.newbraintree.org/warrant.html,https://www.newbraintree.org/warrant.html,https://www.newbraintree.org/warrant.html,schema-ready,
New Braintree,new-braintree-ma/town-moderator,Moderator,Moderator,True,1,at-large,,,False,https://www.newbraintree.org/warrant.html,https://www.newbraintree.org/warrant.html,https://www.newbraintree.org/warrant.html,schema-ready,
New Braintree,new-braintree-ma/town-clerk,Town Clerk,Town Clerk,True,1,at-large,,,False,https://www.newbraintree.org/warrant.html,https://www.newbraintree.org/warrant.html,https://www.newbraintree.org/warrant.html,schema-ready,
New Braintree,new-braintree-ma/town-auditor,Town Auditor,Town Auditor,True,1,at-large,,,False,https://www.newbraintree.org/warrant.html,https://www.newbraintree.org/warrant.html,https://www.newbraintree.org/warrant.html,schema-ready,
New Braintree,new-braintree-ma/town-treasurer,Treasurer,Treasurer,True,1,at-large,,,False,https://www.newbraintree.org/warrant.html,https://www.newbraintree.org/warrant.html,https://www.newbraintree.org/warrant.html,schema-ready,"Warrant has separate elected salary lines, while current roster combines Treasurer/Tax Collector; structure conflict preserved."
New Braintree,new-braintree-ma/tax-collector,Tax Collector,Tax Collector,True,1,at-large,,,False,https://www.newbraintree.org/warrant.html,https://www.newbraintree.org/warrant.html,https://www.newbraintree.org/warrant.html,schema-ready,"Warrant has separate elected salary lines, while current roster combines Treasurer/Tax Collector; structure conflict preserved."
New Braintree,new-braintree-ma/assessor,Assessor,Assessor,True,3,at-large,,,False,https://www.newbraintree.org/warrant.html,https://www.newbraintree.org/warrant.html,https://www.newbraintree.org/warrant.html,schema-ready,
New Braintree,new-braintree-ma/planning-board-member,Planning Board Member,Planning Board Member,True,,at-large,,,False,https://www.newbraintree.org/warrant.html,https://www.newbraintree.org/warrant.html,https://www.newbraintree.org/warrant.html,elected-seat-count-unresolved,Elected status verified by official failure-to-elect minutes; exact seat count unresolved.
New Braintree,new-braintree-ma/pathfinder-regional-vocational-school-committee-member,Regional Vocational School Committee Member,Pathfinder Regional Vocational School Committee Member,True,1,district,,,False,https://www.newbraintree.org/warrant.html,https://www.newbraintree.org/warrant.html,https://www.newbraintree.org/warrant.html,schema-ready,
New Braintree,new-braintree-ma/quabbin-regional-school-committee-member,Regional School Committee Member,Quabbin Regional School Committee Member,True,,district,,,False,https://www.newbraintree.org/warrant.html,https://www.newbraintree.org/warrant.html,https://www.newbraintree.org/warrant.html,elected-seat-count-unresolved,Municipality-seat mapping and elected seat count unresolved; Peggy Thompson not serialized as verified local holder.
New Marlborough,new-marlborough-ma/moderator,Moderator,Moderator,True,1,at-large,1,False,False,https://www.newmarlboroughma.gov/1336/Town-By-Laws,https://www.newmarlboroughma.gov/DocumentCenter/View/3625,https://www.newmarlboroughma.gov/DocumentCenter/View/3645/OFFICIAL-RESULTS-OF-ANNUAL-TOWN-ELECTION-51126,schema-ready,
New Marlborough,new-marlborough-ma/select-board-member,Select Board Member,Select Board Member,True,3,at-large,3,True,False,https://www.newmarlboroughma.gov/1336/Town-By-Laws,https://www.newmarlboroughma.gov/DocumentCenter/View/3625,https://www.newmarlboroughma.gov/DocumentCenter/View/3645/OFFICIAL-RESULTS-OF-ANNUAL-TOWN-ELECTION-51126,schema-ready,
New Marlborough,new-marlborough-ma/assessor,Assessor,Board of Assessors Member,True,3,at-large,3,True,False,https://www.newmarlboroughma.gov/1336/Town-By-Laws,https://www.newmarlboroughma.gov/DocumentCenter/View/3625,https://www.newmarlboroughma.gov/DocumentCenter/View/3645/OFFICIAL-RESULTS-OF-ANNUAL-TOWN-ELECTION-51126,schema-ready,
New Marlborough,new-marlborough-ma/board-of-health-member,Board of Health Member,Board of Health Member,True,3,at-large,3,True,False,https://www.newmarlboroughma.gov/1336/Town-By-Laws,https://www.newmarlboroughma.gov/DocumentCenter/View/3625,https://www.newmarlboroughma.gov/DocumentCenter/View/3645/OFFICIAL-RESULTS-OF-ANNUAL-TOWN-ELECTION-51126,schema-ready,
New Marlborough,new-marlborough-ma/cemetery-commissioner,Cemetery Commissioner,Cemetery Commissioner,True,3,at-large,3,True,False,https://www.newmarlboroughma.gov/1336/Town-By-Laws,https://www.newmarlboroughma.gov/DocumentCenter/View/3625,https://www.newmarlboroughma.gov/DocumentCenter/View/3645/OFFICIAL-RESULTS-OF-ANNUAL-TOWN-ELECTION-51126,schema-ready,
New Marlborough,new-marlborough-ma/constable,Constable,Constable,True,1,at-large,,False,False,https://www.newmarlboroughma.gov/1336/Town-By-Laws,https://www.newmarlboroughma.gov/DocumentCenter/View/3625,https://www.newmarlboroughma.gov/DocumentCenter/View/3645/OFFICIAL-RESULTS-OF-ANNUAL-TOWN-ELECTION-51126,schema-ready,Current holder and May 2027 endpoint verified; regular term length unresolved.
New Marlborough,new-marlborough-ma/finance-committee-member,Finance Committee Member,Finance Committee Member,True,7,at-large,3,True,False,https://www.newmarlboroughma.gov/1336/Town-By-Laws,https://www.newmarlboroughma.gov/DocumentCenter/View/3625,https://www.newmarlboroughma.gov/DocumentCenter/View/3645/OFFICIAL-RESULTS-OF-ANNUAL-TOWN-ELECTION-51126,schema-ready,Bylaws establish seven elected staggered seats; official current page explicitly marks one vacancy through May 2027.
New Marlborough,new-marlborough-ma/library-trustee,Library Trustee,Library Trustee,True,3,at-large,3,True,False,https://www.newmarlboroughma.gov/1336/Town-By-Laws,https://www.newmarlboroughma.gov/DocumentCenter/View/3625,https://www.newmarlboroughma.gov/DocumentCenter/View/3645/OFFICIAL-RESULTS-OF-ANNUAL-TOWN-ELECTION-51126,schema-ready,
New Marlborough,new-marlborough-ma/planning-board-member,Planning Board Member,Planning Board Member,True,5,at-large,5,True,False,https://www.newmarlboroughma.gov/1336/Town-By-Laws,https://www.newmarlboroughma.gov/DocumentCenter/View/3625,https://www.newmarlboroughma.gov/DocumentCenter/View/3645/OFFICIAL-RESULTS-OF-ANNUAL-TOWN-ELECTION-51126,schema-ready,
New Marlborough,new-marlborough-ma/regional-school-committee-member,Regional School Committee Member,Southern Berkshire Regional School Committee Member,True,2,district,4,True,False,https://www.newmarlboroughma.gov/1336/Town-By-Laws,https://www.newmarlboroughma.gov/DocumentCenter/View/3625,https://www.newmarlboroughma.gov/DocumentCenter/View/3645/OFFICIAL-RESULTS-OF-ANNUAL-TOWN-ELECTION-51126,schema-ready,Regional agreement §2 allocates two of ten district seats to New Marlborough; elected at biennial state elections.
New Marlborough,new-marlborough-ma/town-clerk,Town Clerk,Town Clerk,True,1,at-large,3,False,False,https://www.newmarlboroughma.gov/1336/Town-By-Laws,https://www.newmarlboroughma.gov/DocumentCenter/View/3625,https://www.newmarlboroughma.gov/DocumentCenter/View/3645/OFFICIAL-RESULTS-OF-ANNUAL-TOWN-ELECTION-51126,schema-ready,
New Marlborough,new-marlborough-ma/tree-warden,Tree Warden,Tree Warden,True,1,at-large,1,False,False,https://www.newmarlboroughma.gov/1336/Town-By-Laws,https://www.newmarlboroughma.gov/DocumentCenter/View/3625,https://www.newmarlboroughma.gov/DocumentCenter/View/3645/OFFICIAL-RESULTS-OF-ANNUAL-TOWN-ELECTION-51126,schema-ready,
New Salem,new-salem-ma/selectboard-member,Select Board Member,Selectboard Member,True,3,at-large,,True,False,https://www.newsalemma.org/1495/2023-Annual-Town-Meeting-Warrant,https://www.newsalemma.org/1455/Town-Clerk,https://www.newsalemma.org/1455/Town-Clerk,schema-ready,Elected status verified; unresolved terms or composition retained conservatively.
New Salem,new-salem-ma/town-clerk,Town Clerk,Town Clerk,True,1,at-large,,False,False,https://www.newsalemma.org/1495/2023-Annual-Town-Meeting-Warrant,https://www.newsalemma.org/1455/Town-Clerk,https://www.newsalemma.org/1455/Town-Clerk,schema-ready,Elected status verified; unresolved terms or composition retained conservatively.
New Salem,new-salem-ma/assessor,Assessor,Assessor,True,3,at-large,,True,False,https://www.newsalemma.org/1495/2023-Annual-Town-Meeting-Warrant,https://www.newsalemma.org/1455/Town-Clerk,https://www.newsalemma.org/1455/Town-Clerk,schema-ready,Elected status verified; unresolved terms or composition retained conservatively.
New Salem,new-salem-ma/school-committee-member,School Committee Member,New Salem/Wendell School Committee Member,True,,at-large,,False,False,https://www.newsalemma.org/1495/2023-Annual-Town-Meeting-Warrant,https://www.newsalemma.org/1455/Town-Clerk,https://www.newsalemma.org/1455/Town-Clerk,elected-seat-count-unresolved,Elected status verified; unresolved terms or composition retained conservatively.
New Salem,new-salem-ma/constable,Constable,Constable,True,1,at-large,,False,False,https://www.newsalemma.org/1495/2023-Annual-Town-Meeting-Warrant,https://www.newsalemma.org/1455/Town-Clerk,https://www.newsalemma.org/1455/Town-Clerk,schema-ready,Elected status verified; unresolved terms or composition retained conservatively.
New Salem,new-salem-ma/moderator,Moderator,Moderator,True,1,at-large,,False,False,https://www.newsalemma.org/1495/2023-Annual-Town-Meeting-Warrant,https://www.newsalemma.org/1455/Town-Clerk,https://www.newsalemma.org/1455/Town-Clerk,schema-ready,Elected status verified; unresolved terms or composition retained conservatively.
New Salem,new-salem-ma/board-of-health-member,Board of Health Member,Board of Health Member,True,,at-large,,False,False,https://www.newsalemma.org/1495/2023-Annual-Town-Meeting-Warrant,https://www.newsalemma.org/1455/Town-Clerk,https://www.newsalemma.org/1455/Town-Clerk,elected-seat-count-unresolved,Elected status verified; unresolved terms or composition retained conservatively.
New Salem,new-salem-ma/municipal-light-plant-member,Municipal Light Plant Member,Municipal Light Plant Member,True,,at-large,,False,False,https://www.newsalemma.org/1495/2023-Annual-Town-Meeting-Warrant,https://www.newsalemma.org/1455/Town-Clerk,https://www.newsalemma.org/1455/Town-Clerk,elected-seat-count-unresolved,Elected status verified; unresolved terms or composition retained conservatively.
Newbury,newbury-ma/town-clerk,Town Clerk,Town Clerk,True,1,at-large,,False,False,https://malegislature.gov/Laws/SessionLaws/Acts/2008/Chapter460,https://www.newburyma.gov/DocumentCenter/View/3342/ATM-2026-Electoral-Openings,https://www.newburyma.gov/AgendaCenter/ViewFile/Agenda/_05122026-1041,schema-ready,Acts of 2008 c.460 §14 preserves this office; unresolved total composition remains research-only.
Newbury,newbury-ma/select-board-member,Select Board Member,Select Board Member,True,,at-large,3,True,False,https://malegislature.gov/Laws/SessionLaws/Acts/2008/Chapter460,https://www.newburyma.gov/DocumentCenter/View/3342/ATM-2026-Electoral-Openings,https://www.newburyma.gov/AgendaCenter/ViewFile/Agenda/_05122026-1041,elected-seat-count-unresolved,Acts of 2008 c.460 §14 preserves this office; unresolved total composition remains research-only.
Newbury,newbury-ma/moderator,Moderator,Moderator,True,1,at-large,3,False,False,https://malegislature.gov/Laws/SessionLaws/Acts/2008/Chapter460,https://www.newburyma.gov/DocumentCenter/View/3342/ATM-2026-Electoral-Openings,https://www.newburyma.gov/AgendaCenter/ViewFile/Agenda/_05122026-1041,schema-ready,Acts of 2008 c.460 §14 preserves this office; unresolved total composition remains research-only.
Newbury,newbury-ma/assessor,Assessor,Board of Assessors Member,True,,at-large,3,True,False,https://malegislature.gov/Laws/SessionLaws/Acts/2008/Chapter460,https://www.newburyma.gov/DocumentCenter/View/3342/ATM-2026-Electoral-Openings,https://www.newburyma.gov/AgendaCenter/ViewFile/Agenda/_05122026-1041,elected-seat-count-unresolved,Acts of 2008 c.460 §14 preserves this office; unresolved total composition remains research-only.
Newbury,newbury-ma/board-of-health-member,Board of Health Member,Board of Health Member,True,,at-large,3,True,False,https://malegislature.gov/Laws/SessionLaws/Acts/2008/Chapter460,https://www.newburyma.gov/DocumentCenter/View/3342/ATM-2026-Electoral-Openings,https://www.newburyma.gov/AgendaCenter/ViewFile/Agenda/_05122026-1041,elected-seat-count-unresolved,Acts of 2008 c.460 §14 preserves this office; unresolved total composition remains research-only.
Newbury,newbury-ma/constable,Constable,Constable,True,,at-large,4,True,False,https://malegislature.gov/Laws/SessionLaws/Acts/2008/Chapter460,https://www.newburyma.gov/DocumentCenter/View/3342/ATM-2026-Electoral-Openings,https://www.newburyma.gov/AgendaCenter/ViewFile/Agenda/_05122026-1041,elected-seat-count-unresolved,Acts of 2008 c.460 §14 preserves this office; unresolved total composition remains research-only.
Newbury,newbury-ma/fish-commissioner,Fish Commissioner,Fish Commissioner,True,,at-large,3,True,False,https://malegislature.gov/Laws/SessionLaws/Acts/2008/Chapter460,https://www.newburyma.gov/DocumentCenter/View/3342/ATM-2026-Electoral-Openings,https://www.newburyma.gov/AgendaCenter/ViewFile/Agenda/_05122026-1041,elected-seat-count-unresolved,Acts of 2008 c.460 §14 preserves this office; unresolved total composition remains research-only.
Newbury,newbury-ma/planning-board-member,Planning Board Member,Planning Board Member,True,5,at-large,5,True,False,https://malegislature.gov/Laws/SessionLaws/Acts/2008/Chapter460,https://www.newburyma.gov/DocumentCenter/View/3342/ATM-2026-Electoral-Openings,https://www.newburyma.gov/AgendaCenter/ViewFile/Agenda/_05122026-1041,schema-ready,Acts of 2008 c.460 §14 preserves this office; unresolved total composition remains research-only.
Newbury,newbury-ma/library-trustee,Library Trustee,Library Trustee,True,5,at-large,3,True,False,https://malegislature.gov/Laws/SessionLaws/Acts/2008/Chapter460,https://www.newburyma.gov/DocumentCenter/View/3342/ATM-2026-Electoral-Openings,https://www.newburyma.gov/AgendaCenter/ViewFile/Agenda/_05122026-1041,schema-ready,Acts of 2008 c.460 §14 preserves this office; unresolved total composition remains research-only.
Newbury,newbury-ma/tree-warden,Tree Warden,Tree Warden,True,1,at-large,3,False,False,https://malegislature.gov/Laws/SessionLaws/Acts/2008/Chapter460,https://www.newburyma.gov/DocumentCenter/View/3342/ATM-2026-Electoral-Openings,https://www.newburyma.gov/AgendaCenter/ViewFile/Agenda/_05122026-1041,schema-ready,Acts of 2008 c.460 §14 preserves this office; unresolved total composition remains research-only.
Newbury,newbury-ma/triton-regional-school-committee-member,Regional School Committee Member,Triton Regional School Committee Member,True,3,district,3,True,False,https://malegislature.gov/Laws/SessionLaws/Acts/2008/Chapter460,https://www.newburyma.gov/DocumentCenter/View/3342/ATM-2026-Electoral-Openings,https://www.newburyma.gov/AgendaCenter/ViewFile/Agenda/_05122026-1041,schema-ready,Acts of 2008 c.460 §14 preserves this office; unresolved total composition remains research-only.
Newbury,newbury-ma/first-settlers-burial-ground-trustee,Cemetery Trustee,Trustee of First Settlers' Burial Ground,True,,at-large,3,True,False,https://malegislature.gov/Laws/SessionLaws/Acts/2008/Chapter460,https://www.newburyma.gov/DocumentCenter/View/3342/ATM-2026-Electoral-Openings,https://www.newburyma.gov/AgendaCenter/ViewFile/Agenda/_05122026-1041,elected-seat-count-unresolved,Acts of 2008 c.460 §14 preserves this office; unresolved total composition remains research-only.
Newburyport,newburyport-ma/mayor,Mayor,Mayor,True,1,at-large,4,False,False,https://www.cityofnewburyport.com/charter-review-committee/pages/charter-related-laws,https://www.cityofnewburyport.com/city-clerk/files/november-4-2025-election-warrant,https://www.cityofnewburyport.com/city-clerk/files/municipal-election-11-4-25-results,schema-ready,
Newburyport,newburyport-ma/city-councillor,City Council Member,City Councillor,True,11,mixed,2,False,False,https://www.cityofnewburyport.com/charter-review-committee/pages/charter-related-laws,https://www.cityofnewburyport.com/city-clerk/files/november-4-2025-election-warrant,https://www.cityofnewburyport.com/city-clerk/files/municipal-election-11-4-25-results,schema-ready,Five at-large and six ward councillors. Current roster controls over Heather Shand's stale individual profile.
Newburyport,newburyport-ma/school-committee-member,School Committee Member,School Committee Member,True,6,at-large,4,True,False,https://www.cityofnewburyport.com/charter-review-committee/pages/charter-related-laws,https://www.cityofnewburyport.com/city-clerk/files/november-4-2025-election-warrant,https://www.cityofnewburyport.com/city-clerk/files/municipal-election-11-4-25-results,schema-ready,Mayor is ex officio and excluded from six elected seats.
Newton,newton-ma/mayor,Mayor,Mayor,True,1,at-large,4,False,False,https://www.newtonma.gov/home/showpublisheddocument/29895/637268617822670000,https://www.newtonma.gov/government/elections/running-for-office,https://www.newtonma.gov/home/showpublisheddocument/137615/638979188998130000,schema-ready,
Newton,newton-ma/city-councilor-at-large,City Council Member,City Councilor-at-Large,True,16,mixed,2,False,False,https://www.newtonma.gov/home/showpublisheddocument/29895/637268617822670000,https://www.newtonma.gov/government/elections/running-for-office,https://www.newtonma.gov/home/showpublisheddocument/137615/638979188998130000,schema-ready,Two at-large councilors associated with each of eight wards.
Newton,newton-ma/ward-councilor,City Council Member,Ward Councilor,True,8,ward,2,False,False,https://www.newtonma.gov/home/showpublisheddocument/29895/637268617822670000,https://www.newtonma.gov/government/elections/running-for-office,https://www.newtonma.gov/home/showpublisheddocument/137615/638979188998130000,schema-ready,
Newton,newton-ma/school-committee-member,School Committee Member,School Committee Member,True,8,ward,2,False,False,https://www.newtonma.gov/home/showpublisheddocument/29895/637268617822670000,https://www.newtonma.gov/government/elections/running-for-office,https://www.newtonma.gov/home/showpublisheddocument/137615/638979188998130000,schema-ready,Mayor serves ex officio and is excluded from eight elected seats.
Newton,newton-ma/newton-highlands-neighborhood-area-council-member,Neighborhood Area Council Member,Newton Highlands Neighborhood Area Councilor,True,9,district,2,False,False,https://www.newtonma.gov/government/neighborhood-area-councils/newton-highlands,https://www.newtonma.gov/government/elections/running-for-office,https://www.newtonma.gov/government/elections/running-for-office,schema-ready,"Seven current members verified; two seats unresolved, not inferred vacant."
Newton,newton-ma/newtonville-area-council-member,Neighborhood Area Council Member,Newtonville Area Councilor,True,9,district,2,False,False,https://www.newtonma.gov/government/neighborhood-area-councils/newtonville,https://www.newtonma.gov/government/elections/running-for-office,https://www.newtonma.gov/government/elections/running-for-office,schema-ready,Current roster unresolved.
Newton,newton-ma/newton-upper-falls-neighborhood-area-council-member,Neighborhood Area Council Member,Newton Upper Falls Neighborhood Area Councilor,True,,district,,,False,https://www.newtonma.gov/government/neighborhood-area-councils/newton-upper-falls,https://www.newtonma.gov/government/elections/running-for-office,https://www.newtonma.gov/government/elections/running-for-office,elected-seat-count-unresolved,Charter-created elected body; total seats and current roster unresolved.
Newton,newton-ma/waban-area-council-member,Neighborhood Area Council Member,Waban Area Councilor,True,,district,,,False,https://www.newtonma.gov/government/neighborhood-area-councils/waban,https://www.newtonma.gov/government/elections/running-for-office,https://www.newtonma.gov/government/elections/running-for-office,elected-seat-count-unresolved,Charter-created elected body; total seats and current roster unresolved.
Norfolk,norfolk-ma/select-board-member,Select Board Member,Select Board Member,True,3,at-large,3,True,,https://cms5.revize.com/revize/norfolk/Document_Center/Government/Boards%20%26%20Committees/Select%20Board/Town%20Meetings/Warrants/May%202025/2025%20ATM%20Warrant%20for%20Printer-FINAL%204.17.25.pdf,https://cms5.revize.com/revize/norfolk/Document_Center/Government/Boards%20%26%20Committees/Select%20Board/Town%20Meetings/Warrants/May%202025/2025%20ATM%20Warrant%20for%20Printer-FINAL%204.17.25.pdf,https://cms5.revize.com/revize/norfolk/Document_Center/Departments/Town%20Clerk/Annual%20Town%20Reports/2020-2029/Final-2024%20Annual%20Report%20-%20Lane%20Printing%204%209%2025.pdf,schema-ready,Annual election warrant establishes a three-year Select Board seat; full board reconciled to three elected members.
Norfolk,norfolk-ma/assessor,Assessor,Assessor,True,3,at-large,3,True,,https://cms5.revize.com/revize/norfolk/Document_Center/Government/Boards%20%26%20Committees/Select%20Board/Town%20Meetings/Warrants/May%202025/2025%20ATM%20Warrant%20for%20Printer-FINAL%204.17.25.pdf,https://cms5.revize.com/revize/norfolk/Document_Center/Government/Boards%20%26%20Committees/Select%20Board/Town%20Meetings/Warrants/May%202025/2025%20ATM%20Warrant%20for%20Printer-FINAL%204.17.25.pdf,https://cms5.revize.com/revize/norfolk/Document_Center/Departments/Town%20Clerk/Annual%20Town%20Reports/2020-2029/Final-2024%20Annual%20Report%20-%20Lane%20Printing%204%209%2025.pdf,schema-ready,Annual election warrant and recurring election materials establish elected assessors on staggered three-year terms.
Norfolk,norfolk-ma/board-of-health-member,Board of Health Member,Board of Health Member,True,3,at-large,3,True,,https://cms5.revize.com/revize/norfolk/Document_Center/Government/Boards%20%26%20Committees/Select%20Board/Town%20Meetings/Warrants/May%202025/2025%20ATM%20Warrant%20for%20Printer-FINAL%204.17.25.pdf,https://cms5.revize.com/revize/norfolk/Document_Center/Government/Boards%20%26%20Committees/Select%20Board/Town%20Meetings/Warrants/May%202025/2025%20ATM%20Warrant%20for%20Printer-FINAL%204.17.25.pdf,https://cms5.revize.com/revize/norfolk/Document_Center/Departments/Town%20Clerk/Annual%20Town%20Reports/2020-2029/Final-2024%20Annual%20Report%20-%20Lane%20Printing%204%209%2025.pdf,schema-ready,Annual election warrant includes regular and unexpired Board of Health contests; stable board is three elected members.
Norfolk,norfolk-ma/housing-authority-member,Housing Authority Member,Housing Authority Member,True,3,at-large,5,True,,https://cms5.revize.com/revize/norfolk/Document_Center/Government/Boards%20%26%20Committees/Select%20Board/Town%20Meetings/Warrants/May%202025/2025%20ATM%20Warrant%20for%20Printer-FINAL%204.17.25.pdf,https://cms5.revize.com/revize/norfolk/Document_Center/Government/Boards%20%26%20Committees/Select%20Board/Town%20Meetings/Warrants/May%202025/2025%20ATM%20Warrant%20for%20Printer-FINAL%204.17.25.pdf,https://cms5.revize.com/revize/norfolk/Document_Center/Departments/Town%20Clerk/Annual%20Town%20Reports/2020-2029/Final-2024%20Annual%20Report%20-%20Lane%20Printing%204%209%2025.pdf,schema-ready,Official authority roster distinguishes three locally elected members from one tenant-board appointee and one state appointee.
Norfolk,norfolk-ma/library-trustee,Library Trustee,Library Trustee,True,3,at-large,3,True,,https://cms5.revize.com/revize/norfolk/Document_Center/Government/Boards%20%26%20Committees/Select%20Board/Town%20Meetings/Warrants/May%202025/2025%20ATM%20Warrant%20for%20Printer-FINAL%204.17.25.pdf,https://cms5.revize.com/revize/norfolk/Document_Center/Government/Boards%20%26%20Committees/Select%20Board/Town%20Meetings/Warrants/May%202025/2025%20ATM%20Warrant%20for%20Printer-FINAL%204.17.25.pdf,https://cms5.revize.com/revize/norfolk/Document_Center/Departments/Town%20Clerk/Annual%20Town%20Reports/2020-2029/Final-2024%20Annual%20Report%20-%20Lane%20Printing%204%209%2025.pdf,schema-ready,Three-member elected trustee structure established from election cycles; current official roster appears stale and is not used to guess all incumbents.
Norfolk,norfolk-ma/moderator,Moderator,Moderator,True,1,at-large,3,False,,https://cms5.revize.com/revize/norfolk/Document_Center/Government/Boards%20%26%20Committees/Select%20Board/Town%20Meetings/Warrants/May%202025/2025%20ATM%20Warrant%20for%20Printer-FINAL%204.17.25.pdf,https://cms5.revize.com/revize/norfolk/Document_Center/Government/Boards%20%26%20Committees/Select%20Board/Town%20Meetings/Warrants/May%202025/2025%20ATM%20Warrant%20for%20Printer-FINAL%204.17.25.pdf,https://cms5.revize.com/revize/norfolk/Document_Center/Departments/Town%20Clerk/Annual%20Town%20Reports/2020-2029/Final-2024%20Annual%20Report%20-%20Lane%20Printing%204%209%2025.pdf,schema-ready,2025 warrant establishes a three-year elected Moderator.
Norfolk,norfolk-ma/planning-board-member,Planning Board Member,Planning Board Member,True,5,at-large,3,True,,https://cms5.revize.com/revize/norfolk/Document_Center/Government/Boards%20%26%20Committees/Select%20Board/Town%20Meetings/Warrants/May%202025/2025%20ATM%20Warrant%20for%20Printer-FINAL%204.17.25.pdf,https://cms5.revize.com/revize/norfolk/Document_Center/Government/Boards%20%26%20Committees/Select%20Board/Town%20Meetings/Warrants/May%202025/2025%20ATM%20Warrant%20for%20Printer-FINAL%204.17.25.pdf,https://cms5.revize.com/revize/norfolk/Document_Center/Departments/Town%20Clerk/Annual%20Town%20Reports/2020-2029/Final-2024%20Annual%20Report%20-%20Lane%20Printing%204%209%2025.pdf,schema-ready,Official Planning Board page identifies five elected members serving three-year terms; appointed/associate positions are excluded.
Norfolk,norfolk-ma/recreation-commissioner,Recreation Commissioner,Recreation Commissioner,True,5,at-large,3,True,,https://cms5.revize.com/revize/norfolk/Document_Center/Government/Boards%20%26%20Committees/Select%20Board/Town%20Meetings/Warrants/May%202025/2025%20ATM%20Warrant%20for%20Printer-FINAL%204.17.25.pdf,https://cms5.revize.com/revize/norfolk/Document_Center/Government/Boards%20%26%20Committees/Select%20Board/Town%20Meetings/Warrants/May%202025/2025%20ATM%20Warrant%20for%20Printer-FINAL%204.17.25.pdf,https://cms5.revize.com/revize/norfolk/Document_Center/Departments/Town%20Clerk/Annual%20Town%20Reports/2020-2029/Final-2024%20Annual%20Report%20-%20Lane%20Printing%204%209%2025.pdf,schema-ready,Annual election cycle and current commission roster reconcile to five elected commissioners.
Norfolk,norfolk-ma/school-committee-member,School Committee Member,School Committee Member,True,5,at-large,3,True,,https://cms5.revize.com/revize/norfolk/Document_Center/Government/Boards%20%26%20Committees/Select%20Board/Town%20Meetings/Warrants/May%202025/2025%20ATM%20Warrant%20for%20Printer-FINAL%204.17.25.pdf,https://cms5.revize.com/revize/norfolk/Document_Center/Government/Boards%20%26%20Committees/Select%20Board/Town%20Meetings/Warrants/May%202025/2025%20ATM%20Warrant%20for%20Printer-FINAL%204.17.25.pdf,https://cms5.revize.com/revize/norfolk/Document_Center/Departments/Town%20Clerk/Annual%20Town%20Reports/2020-2029/Final-2024%20Annual%20Report%20-%20Lane%20Printing%204%209%2025.pdf,schema-ready,Norfolk Public Schools committee roster and election cycle reconcile to five elected members.
Norfolk,norfolk-ma/king-philip-regional-school-committee-member,King Philip Regional School Committee Member,King Philip Regional School Committee Member,True,2,district,3,True,,https://www.kingphilip.org/about/school-committee/,https://cms5.revize.com/revize/norfolk/Document_Center/Government/Boards%20%26%20Committees/Select%20Board/Town%20Meetings/Warrants/May%202025/2025%20ATM%20Warrant%20for%20Printer-FINAL%204.17.25.pdf,https://cms5.revize.com/revize/norfolk/Document_Center/Departments/Town%20Clerk/Annual%20Town%20Reports/2020-2029/Final-2024%20Annual%20Report%20-%20Lane%20Printing%204%209%2025.pdf,schema-ready,Two direct Norfolk-elected regional seats are modeled; Norfolk elementary representative on the regional committee is ex officio and excluded.
Norfolk,norfolk-ma/town-clerk,Town Clerk,Town Clerk,True,1,at-large,3,False,,https://cms5.revize.com/revize/norfolk/Document_Center/Departments/Government/Boards%20%26%20Committees/Select%20Board/Town%20Meetings/Warrants/May%202023/Spring%202023%20-%20ATM%20Warrant%20FINAL%20for%20Printer.pdf,https://cms5.revize.com/revize/norfolk/Document_Center/Government/Boards%20%26%20Committees/Select%20Board/Town%20Meetings/Warrants/May%202025/2025%20ATM%20Warrant%20for%20Printer-FINAL%204.17.25.pdf,https://cms5.revize.com/revize/norfolk/Document_Center/Departments/Town%20Clerk/Annual%20Town%20Reports/2020-2029/Final-2024%20Annual%20Report%20-%20Lane%20Printing%204%209%2025.pdf,schema-ready,2023 annual election warrant expressly elects Town Clerk for three years.
Norfolk,norfolk-ma/constable,Constable,Constable,True,,mixed,3,,,https://cms5.revize.com/revize/norfolk/Document_Center/Government/Boards%20%26%20Committees/Select%20Board/Town%20Meetings/Warrants/May%202025/2025%20ATM%20Warrant%20for%20Printer-FINAL%204.17.25.pdf,https://cms5.revize.com/revize/norfolk/Document_Center/Government/Boards%20%26%20Committees/Select%20Board/Town%20Meetings/Warrants/May%202025/2025%20ATM%20Warrant%20for%20Printer-FINAL%204.17.25.pdf,https://cms5.revize.com/revize/norfolk/Document_Center/Departments/Town%20Clerk/Annual%20Town%20Reports/2020-2029/Final-2024%20Annual%20Report%20-%20Lane%20Printing%204%209%2025.pdf,elected-status-verified-seat-count-unresolved,"Current warrant verifies a voter-elected constable seat, but official annual materials also list appointed precinct constables. Total locally elected constable seats/composition is unresolved; no Post generated."
North Adams,north-adams-ma/mayor,Mayor,Mayor,True,1,at-large,2,False,,https://ecode360.com/27084000,https://www.northadams-ma.gov/government/departments_offices/city_clerk/2025_elections.php,https://www.northadams-ma.gov/government/departments_offices/city_clerk/2025_elections.php,schema-ready,Charter and current municipal election materials establish a citywide elected Mayor.
North Adams,north-adams-ma/city-councilor,City Councilor,City Councilor,True,9,at-large,2,False,,https://ecode360.com/27084000,https://www.northadams-ma.gov/government/departments_offices/city_clerk/2025_elections.php,https://www.northadams-ma.gov/government/departments_offices/city_clerk/2025_elections.php,schema-ready,Charter and current election materials establish nine at-large City Council seats.
North Adams,north-adams-ma/school-committee-member,School Committee Member,School Committee Member,True,6,at-large,4,True,,https://ecode360.com/27084000,https://www.northadams-ma.gov/government/departments_offices/city_clerk/2025_elections.php,https://www.northadams-ma.gov/government/departments_offices/city_clerk/2025_elections.php,schema-ready,Six voter-elected members are modeled; the Mayor serves ex officio and is not counted in the six elected seats. Three seats are ordinarily elected each biennial cycle.
North Adams,north-adams-ma/northern-berkshire-vocational-regional-school-committee-member,Northern Berkshire Vocational Regional School Committee Member,Northern Berkshire Vocational Regional School Committee Member,True,5,district,3,True,,https://www.mccanntech.org/about/history,https://www.northadams-ma.gov/government/departments_offices/city_clerk/2025_elections.php,https://www.northadams-ma.gov/government/departments_offices/city_clerk/2025_elections.php,schema-ready,Current regional agreement allocates five North Adams members and expressly requires municipal election; three-year terms are staggered.
North Andover,north-andover-ma/select-board-member,Select Board Member,Select Board Member,True,5,at-large,3,True,,https://northandoverma.gov/592/About-Our-Town,https://www.northandoverma.gov/218/Election-Town-Meeting-Voter-Information,https://www.northandoverma.gov/218/Election-Town-Meeting-Voter-Information,schema-ready,Official town description and current roster establish a five-member elected Select Board.
North Andover,north-andover-ma/school-committee-member,School Committee Member,School Committee Member,True,5,at-large,3,True,,https://www.northandoverpublicschools.com/school-committee,https://www.northandoverma.gov/218/Election-Town-Meeting-Voter-Information,https://www.northandoverma.gov/218/Election-Town-Meeting-Voter-Information,schema-ready,"Official school page expressly states five members, elected at town elections, serving three-year terms."
North Andover,north-andover-ma/moderator,Moderator,Moderator,True,1,at-large,3,False,,https://northandoverma.gov/592/About-Our-Town,https://www.northandoverma.gov/218/Election-Town-Meeting-Voter-Information,https://www.northandoverma.gov/218/Election-Town-Meeting-Voter-Information,schema-ready,Town Moderator is an elected office; current official page identifies the incumbent.
North Andover,north-andover-ma/housing-authority-member,Housing Authority Member,Housing Authority Member,True,4,at-large,5,True,,https://www.northandoverha.com/documents/policies/NAHAPersonnelPolicy.pdf,https://www.northandoverma.gov/218/Election-Town-Meeting-Voter-Information,https://www.northandoverma.gov/218/Election-Town-Meeting-Voter-Information,schema-ready,Authority personnel policy states four of five commissioners are elected for five-year terms; the fifth is state-appointed.
North Andover,north-andover-ma/greater-lawrence-regional-technical-school-committee-member,Greater Lawrence Regional Technical School Committee Member,Greater Lawrence Regional Technical School Committee Member,True,1,district,3,False,,https://www.northandoverma.gov/683/Greater-Lawrence-Representatives,https://www.northandoverma.gov/218/Election-Town-Meeting-Voter-Information,https://www.northandoverma.gov/218/Election-Town-Meeting-Voter-Information,schema-ready,Official town page expressly identifies one elected Greater Lawrence Regional Technical HS district member serving a three-year term.
North Attleborough,north-attleborough-ma/town-councilor,Town Councilor,Town Councilor,True,9,at-large,2,False,,https://nattleboro.com/DocumentCenter/View/1450/Town-of-North-Attleborough-Charter-PDF,https://www.northattleborough.gov/1051/April-7-2026-Town-Election,https://www.northattleborough.gov/772/Legal-Ads-and-Public-Notices,schema-ready,2019 charter establishes nine at-large Town Councilors serving two-year terms.
North Attleborough,north-attleborough-ma/electric-commissioner,Electric Commissioner,Electric Commissioner,True,5,at-large,3,True,,https://nattleboro.com/DocumentCenter/View/1450/Town-of-North-Attleborough-Charter-PDF,https://www.northattleborough.gov/1051/April-7-2026-Town-Election,https://www.northattleborough.gov/772/Legal-Ads-and-Public-Notices,schema-ready,Charter and official electric utility governance page establish five elected commissioners on rotating three-year terms.
North Attleborough,north-attleborough-ma/board-of-public-works-member,Board of Public Works Member,Board of Public Works Member,True,5,at-large,3,True,,https://nattleboro.com/DocumentCenter/View/1450/Town-of-North-Attleborough-Charter-PDF,https://www.northattleborough.gov/1051/April-7-2026-Town-Election,https://www.northattleborough.gov/772/Legal-Ads-and-Public-Notices,schema-ready,Charter establishes five elected Board of Public Works members on rotating three-year terms.
North Attleborough,north-attleborough-ma/park-commissioner,Park Commissioner,Park Commissioner,True,5,at-large,3,True,,https://nattleboro.com/DocumentCenter/View/1450/Town-of-North-Attleborough-Charter-PDF,https://www.northattleborough.gov/1051/April-7-2026-Town-Election,https://www.northattleborough.gov/772/Legal-Ads-and-Public-Notices,schema-ready,Charter/current commission roster establish five elected commissioners. 2026 election materials contain a term-ending/ballot-cycle presentation inconsistency that does not affect total seats or regular three-year term.
North Attleborough,north-attleborough-ma/school-committee-member,School Committee Member,School Committee Member,True,7,at-large,3,True,,https://nattleboro.com/DocumentCenter/View/1450/Town-of-North-Attleborough-Charter-PDF,https://www.northattleborough.gov/1051/April-7-2026-Town-Election,https://www.northattleborough.gov/772/Legal-Ads-and-Public-Notices,schema-ready,Charter and school committee page establish seven voter-elected members on rotating three-year terms; non-voting Town Council liaison is excluded.
North Brookfield,north-brookfield-ma/select-board-member,Select Board Member,Select Board Member,True,3,at-large,3,True,,https://www.northbrookfield.net/m/newsflash?cat=29,https://www.northbrookfield.net/sites/g/files/vyhlif3576/f/news/official_ballot.pdf,https://www.northbrookfield.net/m/newsflash?cat=29,schema-ready,Current election results plus recurring annual election cycle reconcile to three elected Select Board members.
North Brookfield,north-brookfield-ma/moderator,Moderator,Moderator,True,1,at-large,3,False,,https://www.northbrookfield.net/sites/g/files/vyhlif3576/f/news/offices_for_election_2022.pdf,https://www.northbrookfield.net/sites/g/files/vyhlif3576/f/news/offices_for_election_2022.pdf,https://www.northbrookfield.net/m/newsflash?cat=29,schema-ready,Three-year elected Moderator office established by official election materials; current Moderator reconciled from 2025 town-meeting record.
North Brookfield,north-brookfield-ma/town-clerk,Town Clerk,Town Clerk,True,1,at-large,3,False,,https://www.northbrookfield.net/1285/Town-Clerk,https://www.northbrookfield.net/sites/g/files/vyhlif3576/f/news/offices_for_election_2022.pdf,https://www.northbrookfield.net/m/newsflash?cat=29,schema-ready,Official Town Clerk page states the clerk is elected every three years.
North Brookfield,north-brookfield-ma/assessor,Assessor,Assessor,True,3,at-large,3,True,,https://northbrookfield.net/1361/Board-of-Assessors,https://www.northbrookfield.net/sites/g/files/vyhlif3576/f/news/official_ballot.pdf,https://www.northbrookfield.net/m/newsflash?cat=29,schema-ready,Official current Assessor page expressly states there are three elected assessors. 2026 results contain unexpired contests; regular term is three years.
North Brookfield,north-brookfield-ma/school-committee-member,School Committee Member,School Committee Member,True,5,at-large,3,True,,https://www.northbrookfield.net/sites/g/files/vyhlif3576/f/news/regional_agreement_north_brookfield_clean_10-9-24_.pdf,https://www.northbrookfield.net/sites/g/files/vyhlif3576/f/news/official_ballot.pdf,https://www.northbrookfield.net/m/newsflash?cat=29,schema-ready,"Current regionalization agreement expressly references the five elected North Brookfield School Committee members during transition through June 30, 2027; future structure after transition requires later re-check."
North Brookfield,north-brookfield-ma/water-commissioner,Water Commissioner,Water Commissioner,True,3,at-large,3,True,,https://www.northbrookfield.net/m/newsflash?cat=29,https://www.northbrookfield.net/sites/g/files/vyhlif3576/f/news/official_ballot.pdf,https://www.northbrookfield.net/m/newsflash?cat=29,schema-ready,Recurring official election materials establish a three-member staggered elected Water Commission; 2026 included an unexpired two-year contest.
North Brookfield,north-brookfield-ma/board-of-health-member,Board of Health Member,Board of Health Member,True,3,at-large,3,True,,https://northbrookfield.net/1368/Board-of-Health,https://www.northbrookfield.net/sites/g/files/vyhlif3576/f/news/official_ballot.pdf,https://www.northbrookfield.net/m/newsflash?cat=29,schema-ready,Current official roster and annual elections reconcile to three elected members.
North Brookfield,north-brookfield-ma/cemetery-commissioner,Cemetery Commissioner,Cemetery Commissioner,True,3,at-large,3,True,,https://www.northbrookfield.net/m/newsflash?cat=29,https://www.northbrookfield.net/sites/g/files/vyhlif3576/f/news/official_ballot.pdf,https://www.northbrookfield.net/m/newsflash?cat=29,schema-ready,Recurring annual elections reconcile to three staggered elected commissioners.
North Brookfield,north-brookfield-ma/library-trustee,Library Trustee,Library Trustee,True,7,at-large,3,True,,https://www.northbrookfield.net/sites/g/files/vyhlif3576/f/news/offices_for_election_2022.pdf,https://www.northbrookfield.net/sites/g/files/vyhlif3576/f/news/offices_for_election_1.pdf,https://www.northbrookfield.net/m/newsflash?cat=29,schema-ready,"Seat count normalized from a complete three-year election cycle: two seats in 2022, two in 2023, and three in 2024, yielding seven staggered elected trustees."
North Brookfield,north-brookfield-ma/planning-board-member,Planning Board Member,Planning Board Member,True,5,at-large,5,True,,https://www.northbrookfield.net/sites/g/files/vyhlif3576/f/uploads/north_brookfield_master_plan_2022.pdf,https://www.northbrookfield.net/sites/g/files/vyhlif3576/f/news/official_ballot.pdf,https://www.northbrookfield.net/m/newsflash?cat=29,schema-ready,Official master plan states five elected Planning Board members serving five-year terms; one alternate is appointed and excluded.
North Brookfield,north-brookfield-ma/housing-authority-member,Housing Authority Member,Housing Authority Member,True,4,at-large,5,True,,https://www.northbrookfield.net/sites/g/files/vyhlif3576/f/uploads/north_brookfield_master_plan_2022.pdf,https://www.northbrookfield.net/sites/g/files/vyhlif3576/f/news/official_ballot.pdf,https://www.northbrookfield.net/m/newsflash?cat=29,schema-ready,"Official master plan states four elected authority members and one state appointee, with five-year elected terms. 2026 ballot included a three-year unexpired contest."
North Brookfield,north-brookfield-ma/southern-worcester-county-regional-vocational-school-district-representative,Southern Worcester County Regional Vocational School District Representative,Southern Worcester County Regional Vocational School District Representative,True,1,district,3,False,,https://www.northbrookfield.net/m/newsflash?cat=29,https://www.northbrookfield.net/sites/g/files/vyhlif3576/f/news/official_ballot.pdf,https://www.northbrookfield.net/m/newsflash?cat=29,schema-ready,Official 2026 ballot/results elect one municipal representative for a three-year term.
North Brookfield,north-brookfield-ma/constable,Constable,Constable,True,3,at-large,3,False,,https://www.northbrookfield.net/sites/g/files/vyhlif3576/f/news/offices_for_election_2022.pdf,https://www.northbrookfield.net/sites/g/files/vyhlif3576/f/news/offices_for_election_2022.pdf,https://www.northbrookfield.net/m/newsflash?cat=29,schema-ready,"Official 2022 election materials specify vote-for-three constables, all for three-year terms. Current holders are unresolved because the corresponding 2025 election result was not located."
North Reading,north-reading-ma/select-board-member,Select Board Member,Select Board Member,True,5,at-large,3,True,,https://www.northreadingma.gov/DocumentCenter/View/7102/Elected-Officials-2026,https://www.northreadingma.gov/m/newsflash/home/detail/50,https://www.northreadingma.gov/555/Voting-Elections---Results,schema-ready,Current elected-official roster and 2026 nomination notice confirm the office; five members serve overlapping three-year terms.
North Reading,north-reading-ma/moderator,Moderator,Town Moderator,True,1,at-large,1,False,,https://www.northreadingma.gov/DocumentCenter/View/7102/Elected-Officials-2026,https://www.northreadingma.gov/m/newsflash/home/detail/50,https://www.northreadingma.gov/555/Voting-Elections---Results,schema-ready,2026 nomination notice lists one Moderator seat for a one-year term.
North Reading,north-reading-ma/school-committee-member,School Committee Member,School Committee Member,True,5,at-large,3,True,,https://www.northreadingma.gov/DocumentCenter/View/7102/Elected-Officials-2026,https://www.northreadingma.gov/m/newsflash/home/detail/50,https://www.northreadingma.gov/555/Voting-Elections---Results,schema-ready,Current elected-official roster establishes five elected members with overlapping terms.
North Reading,north-reading-ma/community-planning-commission-member,Community Planning Commission Member,Community Planning Commission Member,True,5,at-large,3,True,,https://www.northreadingma.gov/DocumentCenter/View/7102/Elected-Officials-2026,https://www.northreadingma.gov/m/newsflash/home/detail/50,https://www.northreadingma.gov/555/Voting-Elections---Results,schema-ready,Current elected-official roster establishes five elected members; 2026 election included a regular three-year seat and a one-year unexpired term.
North Reading,north-reading-ma/housing-authority-member,Housing Authority Member,Housing Authority Member,True,4,at-large,5,True,,https://www.northreadingma.gov/DocumentCenter/View/7102/Elected-Officials-2026,https://www.northreadingma.gov/DocumentCenter/View/7102/Elected-Officials-2026,https://www.northreadingma.gov/555/Voting-Elections---Results,schema-ready,Current elected-official roster identifies four local elected Housing Authority members and separately identifies the state-appointed fifth seat.
North Reading,north-reading-ma/northeast-metropolitan-regional-vocational-school-committee-member,Regional Vocational School Committee Member,Northeast Metropolitan Regional Vocational School Committee Member,True,1,district,4,False,,https://www.northreadingma.gov/DocumentCenter/View/7102/Elected-Officials-2026,https://www.northreadingma.gov/DocumentCenter/View/7102/Elected-Officials-2026,https://www.northreadingma.gov/555/Voting-Elections---Results,schema-ready,North Reading elects one Northeast Metropolitan Regional Vocational School Committee representative on the state-election ballot for a four-year term.
Northampton,northampton-ma/mayor,Mayor,Mayor,True,1,at-large,4,False,,https://ecode360.com/26839049,https://www.northamptonma.gov/1992/Our-Citys-Elected-Offices,https://northamptonma.gov/DocumentCenter/View/35208/Municipal-Election-Results-Final-Report---November-4-2025,schema-ready,Charter and current elected-offices directory establish a citywide elected Mayor serving a four-year term.
Northampton,northampton-ma/city-councilor-at-large,City Councilor At-Large,City Councilor At-Large,True,2,at-large,2,False,,https://ecode360.com/26839016,https://www.northamptonma.gov/1992/Our-Citys-Elected-Offices,https://northamptonma.gov/DocumentCenter/View/35208/Municipal-Election-Results-Final-Report---November-4-2025,schema-ready,Charter establishes two at-large councilors as part of the nine-member City Council.
Northampton,northampton-ma/ward-city-councilor,Ward City Councilor,Ward City Councilor,True,7,ward,2,False,,https://ecode360.com/26839016,https://www.northamptonma.gov/1992/Our-Citys-Elected-Offices,https://northamptonma.gov/DocumentCenter/View/35208/Municipal-Election-Results-Final-Report---November-4-2025,schema-ready,Charter establishes one councilor from each of seven wards.
Northampton,northampton-ma/school-committee-member-at-large,School Committee Member At-Large,School Committee Member At-Large,True,2,at-large,2,False,,https://www.northamptonma.gov/1992/Our-Citys-Elected-Offices,https://www.northamptonma.gov/1992/Our-Citys-Elected-Offices,https://northamptonma.gov/DocumentCenter/View/35208/Municipal-Election-Results-Final-Report---November-4-2025,schema-ready,Official elected-offices directory establishes two at-large School Committee members.
Northampton,northampton-ma/ward-school-committee-member,Ward School Committee Member,Ward School Committee Member,True,7,ward,2,False,,https://www.northamptonma.gov/1992/Our-Citys-Elected-Offices,https://www.northamptonma.gov/1992/Our-Citys-Elected-Offices,https://northamptonma.gov/DocumentCenter/View/35208/Municipal-Election-Results-Final-Report---November-4-2025,schema-ready,Official elected-offices directory establishes one School Committee member from each of seven wards.
Northampton,northampton-ma/trustee-under-will-of-charles-e-forbes,Trustee,Trustee Under the Will of Charles E. Forbes,True,7,at-large,4,True,,https://www.northamptonma.gov/1992/Our-Citys-Elected-Offices,https://www.northamptonma.gov/1992/Our-Citys-Elected-Offices,https://northamptonma.gov/DocumentCenter/View/35208/Municipal-Election-Results-Final-Report---November-4-2025,schema-ready,Official elected-offices directory establishes seven elected Forbes trustees with four-year staggered terms.
Northampton,northampton-ma/smith-vocational-agricultural-high-school-trustee,School Trustee,Smith Vocational and Agricultural High School Trustee,True,3,at-large,2,False,,https://www.northamptonma.gov/1992/Our-Citys-Elected-Offices,https://www.northamptonma.gov/1992/Our-Citys-Elected-Offices,https://northamptonma.gov/DocumentCenter/View/35208/Municipal-Election-Results-Final-Report---November-4-2025,schema-ready,Official elected-offices directory establishes three elected trustees serving two-year terms.
Northampton,northampton-ma/community-preservation-committee-member-at-large,Community Preservation Committee Member,Community Preservation Committee Member At-Large,True,2,at-large,4,False,,https://www.northamptonma.gov/1992/Our-Citys-Elected-Offices,https://www.northamptonma.gov/1992/Our-Citys-Elected-Offices,https://northamptonma.gov/DocumentCenter/View/35208/Municipal-Election-Results-Final-Report---November-4-2025,schema-ready,Official elected-offices directory establishes two voter-elected at-large CPC seats; other CPC members are not modeled in this elected Post.
Northampton,northampton-ma/elector-under-oliver-smith-will,Elector,Elector Under the Oliver Smith Will,True,1,at-large,2,False,,https://www.northamptonma.gov/1992/Our-Citys-Elected-Offices,https://www.northamptonma.gov/1992/Our-Citys-Elected-Offices,https://northamptonma.gov/DocumentCenter/View/35208/Municipal-Election-Results-Final-Report---November-4-2025,schema-ready,Official elected-offices directory establishes one elector under the Oliver Smith Will serving a two-year term.
Northborough,northborough-ma/select-board-member,Select Board Member,Select Board Member,True,5,at-large,3,True,,https://ecode360.com/41986273,https://www.northboroughma.gov/home/files/2026-annual-town-election-candidate-tracking-sheet,https://www.northboroughma.gov/town-clerk/pages/elections-voting,schema-ready,Charter Article III establishes the elected Select Board; five members serve overlapping three-year terms.
Northborough,northborough-ma/planning-board-member,Planning Board Member,Planning Board Member,True,5,at-large,3,True,,https://ecode360.com/41986273,https://www.northboroughma.gov/home/files/2026-annual-town-election-candidate-tracking-sheet,https://www.northboroughma.gov/town-clerk/pages/elections-voting,schema-ready,Charter Article III and annual-election material establish the elected Planning Board; regular term is three years.
Northborough,northborough-ma/moderator,Moderator,Town Moderator,True,1,at-large,1,False,,https://ecode360.com/41986273,https://www.northboroughma.gov/home/files/2026-annual-town-election-candidate-tracking-sheet,https://www.northboroughma.gov/town-clerk/pages/elections-voting,schema-ready,Charter Article III and 2026 candidate tracking establish one elected Moderator for a one-year term.
Northborough,northborough-ma/school-committee-member,School Committee Member,Northborough School Committee Member,True,5,at-large,3,True,,https://ecode360.com/41986273,https://www.northboroughma.gov/home/files/2026-annual-town-election-candidate-tracking-sheet,https://www.northboroughma.gov/town-clerk/pages/elections-voting,schema-ready,Charter and official school district roster establish five locally elected Northborough School Committee members.
Northborough,northborough-ma/northborough-southborough-regional-school-committee-member,Regional School Committee Member,Northborough-Southborough Regional School Committee Member,True,5,district,3,True,,https://ecode360.com/41986273,https://www.northboroughma.gov/home/files/2026-annual-town-election-candidate-tracking-sheet,https://www.northboroughma.gov/town-clerk/pages/elections-voting,schema-ready,Northborough elects five of the ten regional committee members; Southborough's five seats are excluded from this municipal Post.
Northborough,northborough-ma/assabet-valley-regional-vocational-school-committee-member,Regional Vocational School Committee Member,Assabet Valley Regional Vocational School Committee Member,True,1,district,4,False,,https://ecode360.com/41986273,https://www.assabet.org/Do-More/Administration/School-Committee/index.html,https://www.northboroughma.gov/town-clerk/pages/elections-voting,schema-ready,Northborough elects one Assabet Valley Regional Vocational School Committee representative for a four-year term.
Northbridge,northbridge-ma/select-board-member,Select Board Member,Board of Selectmen Member,True,5,at-large,3,True,,https://www.northbridgemass.org/town-clerk/files/town-charter,https://www.northbridgemass.org/196/Elected-Officials,https://www.northbridgemass.org/town-clerk/files/2025-town-election,schema-ready,Town Charter Article 3 establishes an elected five-member Board of Selectmen with overlapping three-year terms.
Northbridge,northbridge-ma/school-committee-member,School Committee Member,School Committee Member,True,5,at-large,3,True,,https://www.northbridgemass.org/town-clerk/files/town-charter,https://www.northbridgemass.org/196/Elected-Officials,https://www.northbridgemass.org/town-clerk/files/2025-town-election,schema-ready,Town Charter Article 3 establishes the elected School Committee.
Northbridge,northbridge-ma/planning-board-member,Planning Board Member,Planning Board Member,True,5,at-large,3,True,,https://www.northbridgemass.org/town-clerk/files/town-charter,https://www.northbridgemass.org/196/Elected-Officials,https://www.northbridgemass.org/town-clerk/files/2025-town-election,schema-ready,Town Charter establishes a five-member elected Planning Board; the separately listed associate member is appointed and excluded.
Northbridge,northbridge-ma/soldiers-sailors-marines-memorial-trustee,Memorial Trustee,"Soldiers, Sailors and Marines Memorial Trustee",True,5,at-large,3,True,,https://www.northbridgemass.org/town-clerk/files/town-charter,https://www.northbridgemass.org/196/Elected-Officials,https://www.northbridgemass.org/town-clerk/files/2025-town-election,schema-ready,Charter establishes five voter-elected trustees plus the Select Board chair ex officio; only the five elected seats are counted.
Northbridge,northbridge-ma/moderator,Moderator,Town Moderator,True,1,at-large,3,False,,https://www.northbridgemass.org/town-clerk/files/town-charter,https://www.northbridgemass.org/196/Elected-Officials,https://www.northbridgemass.org/town-clerk/files/2025-town-election,schema-ready,Charter establishes one voter-elected Moderator for a three-year term.
Northbridge,northbridge-ma/housing-authority-member,Housing Authority Member,Housing Authority Member,True,4,at-large,5,True,,https://www.northbridgemass.org/town-clerk/files/town-charter,https://www.northbridgemass.org/196/Elected-Officials,https://www.northbridgemass.org/town-clerk/files/2025-town-election,schema-ready,Charter establishes four locally elected Housing Authority members; the fifth member is state-appointed and excluded.
Northbridge,northbridge-ma/blackstone-valley-regional-vocational-school-committee-member,Regional Vocational School Committee Member,Blackstone Valley Regional Vocational School Committee Member,True,1,district,4,False,,https://www.northbridgemass.org/town-clerk/files/town-charter,https://www.valleytech.k12.ma.us/about/district/schoolcommittee,https://www.northbridgemass.org/town-clerk/files/2025-town-election,schema-ready,Northbridge elects one representative to the Blackstone Valley Regional Vocational School Committee.
Northfield,northfield-ma/assessor,Assessor,Board of Assessors Member,True,3,at-large,3,True,,https://www.northfieldma.gov/162/Boards-Committees,https://www.northfieldma.gov/DocumentCenter/View/586,https://www.northfieldma.gov/DocumentCenter/View/606/2026-Annual-Town-Election-Results-PDF?bidId=,schema-ready,Official board directory states three elected Assessors with staggered three-year terms.
Northfield,northfield-ma/board-of-health-member,Board of Health Member,Board of Health Member,True,5,at-large,3,True,,https://www.northfieldma.gov/162/Boards-Committees,https://www.northfieldma.gov/DocumentCenter/View/586,https://www.northfieldma.gov/DocumentCenter/View/606/2026-Annual-Town-Election-Results-PDF?bidId=,schema-ready,Official board directory states five elected Board of Health members with staggered three-year terms.
Northfield,northfield-ma/library-trustee,Library Trustee,Board of Library Trustees Member,True,6,at-large,3,True,,https://www.northfieldma.gov/179/Board-of-Library-Trustees,https://www.northfieldma.gov/DocumentCenter/View/586,https://www.northfieldma.gov/DocumentCenter/View/606/2026-Annual-Town-Election-Results-PDF?bidId=,schema-ready,Official trustee page establishes six elected trustees with staggered three-year terms.
Northfield,northfield-ma/planning-board-member,Planning Board Member,Planning Board Member,True,5,at-large,5,True,,https://www.northfieldma.gov/162/Boards-Committees,https://www.northfieldma.gov/DocumentCenter/View/586,https://www.northfieldma.gov/DocumentCenter/View/606/2026-Annual-Town-Election-Results-PDF?bidId=,schema-ready,Official board directory states five elected Planning Board members serving staggered five-year terms.
Northfield,northfield-ma/recreation-commissioner,Recreation Commissioner,Recreation Commission Member,True,5,at-large,3,True,,https://www.northfieldma.gov/162/Boards-Committees,https://www.northfieldma.gov/DocumentCenter/View/586,https://www.northfieldma.gov/DocumentCenter/View/606/2026-Annual-Town-Election-Results-PDF?bidId=,schema-ready,Official annual/board material establishes five elected Recreation Commission positions with staggered three-year terms; paid staff are excluded.
Northfield,northfield-ma/sewer-commissioner,Sewer Commissioner,Sewer Commissioner,True,5,at-large,3,True,,https://malegislature.gov/Laws/SessionLaws/Acts/2024/Chapter242,https://www.northfieldma.gov/DocumentCenter/View/586,https://www.northfieldma.gov/DocumentCenter/View/606/2026-Annual-Town-Election-Results-PDF?bidId=,schema-ready,"Acts of 2024, c. 242 increased the commission from three to five elected members. Current directory lists six apparent members, creating a roster conflict; legal seat count remains five."
Northfield,northfield-ma/select-board-member,Select Board Member,Select Board Member,True,5,at-large,3,True,,https://www.northfieldma.gov/165/Select-Board,https://www.northfieldma.gov/DocumentCenter/View/586,https://www.northfieldma.gov/DocumentCenter/View/606/2026-Annual-Town-Election-Results-PDF?bidId=,schema-ready,Current official Select Board page and 2026 certified results support five elected members with overlapping three-year terms.
Northfield,northfield-ma/veterans-memorial-trustee,Memorial Trustee,Board of Trustees of Veterans Memorials Member,True,5,at-large,3,True,,https://www.northfieldma.gov/board-trustees-veterans-memorials-veterans-services-information,https://www.northfieldma.gov/DocumentCenter/View/586,https://www.northfieldma.gov/DocumentCenter/View/606/2026-Annual-Town-Election-Results-PDF?bidId=,schema-ready,Official page describes an elected committee of three veteran and two non-veteran trustees; Select Board chair serving ex officio is excluded.
Northfield,northfield-ma/moderator,Moderator,Town Moderator,True,1,at-large,3,False,,https://www.northfieldma.gov/sites/g/files/vyhlif991/f/uploads/northfield_fy26_budget_and_annual_town_report_final_0.pdf,https://www.northfieldma.gov/DocumentCenter/View/586,https://www.northfieldma.gov/DocumentCenter/View/606/2026-Annual-Town-Election-Results-PDF?bidId=,schema-ready,Official annual report/current election materials support one elected Moderator serving a three-year term.
Northfield,northfield-ma/grandin-water-district-representative,Water District Representative,Grandin Water District Representative,True,1,district,3,False,,https://www.northfieldma.gov/DocumentCenter/View/586,https://www.northfieldma.gov/DocumentCenter/View/586,https://www.northfieldma.gov/DocumentCenter/View/606/2026-Annual-Town-Election-Results-PDF?bidId=,schema-ready,2026 ballot and certified results establish one elected Grandin Water District representative for a three-year term.
Northfield,northfield-ma/pioneer-valley-regional-school-committee-member,Regional School Committee Member,Pioneer Valley Regional School Committee Member,True,3,district,4,True,,https://www.pvrsdk12.org/school-committee/members-elections,https://www.pvrsdk12.org/school-committee/members-elections,https://www.northfieldma.gov/DocumentCenter/View/606/2026-Annual-Town-Election-Results-PDF?bidId=,schema-ready,District materials allocate three elected regional-school seats to Northfield; district election/term materials establish four-year staggered terms.
Norton,norton-ma/select-board-member,Select Board Member,Select Board Member,True,5,at-large,3,True,,https://www.nortonma.org/sites/g/files/vyhlif3606/f/uploads/norton_tr_22_web_cc_1.pdf,https://www.nortonma.org/town-clerk/files/2026-candidate-packet,https://www.nortonma.org/town-clerk,schema-ready,Current elected structure is corroborated by the Town Clerk 2026 candidate packet and the Town annual-report elected-official inventory; 2026 official-result link was advertised but not fetchable during retrieval.
Norton,norton-ma/assessor,Assessor,Board of Assessors Member,True,3,at-large,3,True,,https://www.nortonma.org/sites/g/files/vyhlif3606/f/uploads/norton_tr_22_web_cc_1.pdf,https://www.nortonma.org/town-clerk/files/2026-candidate-packet,https://www.nortonma.org/town-clerk,schema-ready,Current elected structure is corroborated by the Town Clerk 2026 candidate packet and the Town annual-report elected-official inventory; 2026 official-result link was advertised but not fetchable during retrieval.
Norton,norton-ma/planning-board-member,Planning Board Member,Planning Board Member,True,7,at-large,3,True,,https://www.nortonma.org/sites/g/files/vyhlif3606/f/uploads/norton_tr_22_web_cc_1.pdf,https://www.nortonma.org/town-clerk/files/2026-candidate-packet,https://www.nortonma.org/town-clerk,schema-ready,Current elected structure is corroborated by the Town Clerk 2026 candidate packet and the Town annual-report elected-official inventory; 2026 official-result link was advertised but not fetchable during retrieval.
Norton,norton-ma/school-committee-member,School Committee Member,School Committee Member,True,5,at-large,3,True,,https://www.nortonma.org/sites/g/files/vyhlif3606/f/uploads/norton_tr_22_web_cc_1.pdf,https://www.nortonma.org/town-clerk/files/2026-candidate-packet,https://www.nortonma.org/town-clerk,schema-ready,Current elected structure is corroborated by the Town Clerk 2026 candidate packet and the Town annual-report elected-official inventory; 2026 official-result link was advertised but not fetchable during retrieval.
Norton,norton-ma/moderator,Moderator,Town Moderator,True,1,at-large,3,False,,https://www.nortonma.org/sites/g/files/vyhlif3606/f/uploads/norton_tr_22_web_cc_1.pdf,https://www.nortonma.org/town-clerk/files/2026-candidate-packet,https://www.nortonma.org/town-clerk,schema-ready,Current elected structure is corroborated by the Town Clerk 2026 candidate packet and the Town annual-report elected-official inventory; 2026 official-result link was advertised but not fetchable during retrieval.
Norton,norton-ma/housing-authority-member,Housing Authority Member,Housing Authority Member,True,4,at-large,5,True,,https://www.nortonma.org/sites/g/files/vyhlif3606/f/uploads/norton_tr_22_web_cc_1.pdf,https://www.nortonma.org/town-clerk,https://www.nortonma.org/town-clerk,schema-ready,Five-member authority; four locally elected seats are modeled and the state-appointed seat is excluded.
Norton,norton-ma/regional-vocational-school-committee-member,Regional Vocational School Committee Member,Southeastern Regional School Committee Member,True,1,at-large,3,False,,https://www.nortonma.org/sites/g/files/vyhlif3606/f/uploads/norton_tr_22_web_cc_1.pdf,https://www.nortonma.org/town-clerk,https://www.nortonma.org/town-clerk,schema-ready,Norton elects one representative to the Southeastern Regional Vocational Technical School District committee.
Norton,norton-ma/water-sewer-commissioner,Water/Sewer Commissioner,Water/Sewer Commissioner,True,3,at-large,3,True,,https://www.nortonma.org/sites/g/files/vyhlif3606/f/uploads/2023.10.31_water_rules_and_regulations.pdf,https://www.nortonma.org/sites/g/files/vyhlif3606/f/uploads/norton_tr_22_web_cc_1.pdf,https://www.nortonma.org/town-clerk,schema-ready,Town regulations expressly define the Board of Water/Sewer Commissioners as duly elected; annual report confirms three seats.
Norwell,norwell-ma/select-board-member,Select Board Member,Select Board Member,True,5,at-large,3,True,,https://ecode360.com/32140065,https://www.townofnorwell.net/town-clerk,https://www.townofnorwell.net/town-clerk,schema-ready,
Norwell,norwell-ma/assessor,Assessor,Assessor,True,3,at-large,3,True,,https://ecode360.com/32057784,https://www.townofnorwell.net/town-clerk,https://www.townofnorwell.net/town-clerk,schema-ready,
Norwell,norwell-ma/board-of-health-member,Board of Health Member,Board of Health Member,True,3,at-large,3,True,,https://ecode360.com/32057784,https://www.townofnorwell.net/town-clerk,https://www.townofnorwell.net/town-clerk,schema-ready,
Norwell,norwell-ma/highway-surveyor-director,Highway Surveyor/Director,Highway Surveyor/Director,True,1,at-large,3,False,,https://ecode360.com/32140096,https://www.townofnorwell.net/town-clerk,https://www.townofnorwell.net/town-clerk,schema-ready,Bylaw amended at the 2024 Annual Town Meeting; office remains elected for a three-year term.
Norwell,norwell-ma/moderator,Moderator,Moderator,True,1,at-large,1,False,,https://ecode360.com/32140096,https://www.townofnorwell.net/town-clerk,https://www.townofnorwell.net/town-clerk,schema-ready,
Norwell,norwell-ma/housing-authority-member,Housing Authority Member,Housing Authority Member,True,4,at-large,3,True,,https://ecode360.com/32140096,https://www.townofnorwell.net/town-clerk,https://www.townofnorwell.net/town-clerk,schema-ready,"Five-member authority: four elected, one appointed under General Laws."
Norwell,norwell-ma/planning-board-member,Planning Board Member,Planning Board Member,True,5,at-large,3,True,,https://ecode360.com/32140096,https://www.townofnorwell.net/town-clerk,https://www.townofnorwell.net/town-clerk,schema-ready,Current bylaw states five members; associate member is not included in elected seat count.
Norwell,norwell-ma/school-committee-member,School Committee Member,School Committee Member,True,5,at-large,3,True,,https://ecode360.com/32057784,https://www.townofnorwell.net/town-clerk,https://www.townofnorwell.net/town-clerk,schema-ready,
Norwell,norwell-ma/town-clerk,Town Clerk,Town Clerk,True,1,at-large,3,False,,https://ecode360.com/32140065,https://www.townofnorwell.net/town-clerk,https://www.townofnorwell.net/town-clerk,schema-ready,
Norwell,norwell-ma/library-trustee,Library Trustee,Trustee of Norwell Public Library,True,6,at-large,3,True,,https://ecode360.com/32057784,https://www.townofnorwell.net/town-clerk,https://www.townofnorwell.net/town-clerk,schema-ready,
Norwell,norwell-ma/water-commissioner,Water Commissioner,Water Commissioner,True,3,at-large,3,True,,https://ecode360.com/32057784,https://www.townofnorwell.net/town-clerk,https://www.townofnorwell.net/town-clerk,schema-ready,
Norwood,norwood-ma/select-board-member,Select Board Member,Board of Selectmen Member,True,5,at-large,3,True,,https://ecode360.com/42511213,https://www.norwoodma.gov/departments/town_clerk/elections.php,https://www.norwoodma.gov/departments/town_clerk/elections.php,schema-ready,
Norwood,norwood-ma/moderator,Moderator,Moderator,True,1,at-large,3,False,,https://malegislature.gov/Laws/SessionLaws/Acts/2025/Chapter98,https://www.norwoodma.gov/departments/town_clerk/elections.php,https://www.norwoodma.gov/departments/town_clerk/elections.php,schema-ready,"Acts of 2025, c. 98, approved January 6, 2026, changed the elected Moderator term to three years."
Norwood,norwood-ma/board-of-health-member,Board of Health Member,Board of Health Member,True,3,at-large,3,True,,https://cms5.revize.com/revize/norwoodma/document_center/Town%20Reports/2020%20Annual%20Report%20Final.pdf,https://www.norwoodma.gov/departments/town_clerk/elections.php,https://www.norwoodma.gov/departments/town_clerk/elections.php,schema-ready,
Norwood,norwood-ma/school-committee-member,School Committee Member,School Committee Member,True,5,at-large,3,True,,https://cms5.revize.com/revize/norwoodma/document_center/Town%20Reports/2020%20Annual%20Report%20Final.pdf,https://www.norwoodma.gov/departments/town_clerk/elections.php,https://www.norwoodma.gov/departments/town_clerk/elections.php,schema-ready,Current seat count normalized to five from contemporary town structure; older reports reflect earlier larger committees.
Norwood,norwood-ma/finance-commission-member,Finance Commission Member,Finance Commission Member,True,5,at-large,3,True,,https://ecode360.com/42511213,https://www.norwoodma.gov/departments/town_clerk/elections.php,https://www.norwoodma.gov/departments/town_clerk/elections.php,schema-ready,
Norwood,norwood-ma/planning-board-member,Planning Board Member,Planning Board Member,True,5,at-large,5,True,,https://ecode360.com/42512619,https://www.norwoodma.gov/departments/town_clerk/elections.php,https://www.norwoodma.gov/departments/town_clerk/elections.php,schema-ready,
Norwood,norwood-ma/library-trustee,Library Trustee,Morrill Memorial Library Trustee,True,6,at-large,3,True,,https://cms5.revize.com/revize/norwoodma/document_center/Town%20Reports/2020%20Annual%20Report%20Final.pdf,https://www.norwoodma.gov/departments/town_clerk/elections.php,https://www.norwoodma.gov/departments/town_clerk/elections.php,schema-ready,
Norwood,norwood-ma/housing-authority-member,Housing Authority Member,Norwood Housing Authority Member,True,4,at-large,5,True,,https://cms5.revize.com/revize/norwoodma/document_center/Town%20Reports/2020%20Annual%20Report%20Final.pdf,https://www.norwoodma.gov/departments/town_clerk/elections.php,https://www.norwoodma.gov/departments/town_clerk/elections.php,schema-ready,Four locally elected seats modeled; state-appointed fifth seat excluded.
Norwood,norwood-ma/regional-vocational-school-district-commissioner,Regional Vocational School District Commissioner,Blue Hills Regional Vocational School District Committee Member,True,1,at-large,,False,,https://cms5.revize.com/revize/norwoodma/document_center/Town%20Reports/2020%20Annual%20Report%20Final.pdf,https://www.norwoodma.gov/departments/town_clerk/elections.php,https://www.bluehills.org/administration/district-school-committee/dsc-contact-information,schema-ready,One Norwood representative; current Blue Hills District School Committee identifies Kevin L. Connolly for Norwood.
Norwood,norwood-ma/town-meeting-member,Town Meeting Member,Representative Town Meeting Member,True,,district,3,True,,https://www.norwoodma.gov/document_center/Town%20Meeting/ARTICLE%20XXXIV%20Rules%20of%20Procedure%20for%20Norwood%20Representative%20Town%20Meeting.pdf,https://www.norwoodma.gov/departments/town_clerk/elections.php,https://www.norwoodma.gov/departments/town_clerk/elections.php,elected-status-verified-seat-count-unresolved,Representative Town Meeting is elected by district. Current total elected-member count requires reconciliation of the special act formula with current precinct populations/configuration; no Post generated.
Oak Bluffs,oak-bluffs-ma/select-board-member,Select Board Member,Select Board Member,True,5,at-large,3,True,,https://www.oakbluffsma.gov/DocumentCenter/View/12986/Town-of-Oak-Bluffs-FY26-Budget,https://www.oakbluffsma.gov/DocumentCenter/View/13109/April-14-2026-STMATM-Town-of-Oak-Bluffs-Warrant,https://www.oakbluffsma.gov/160/Elections,schema-ready,
Oak Bluffs,oak-bluffs-ma/moderator,Moderator,Town Moderator,True,1,at-large,3,False,,https://www.oakbluffsma.gov/DocumentCenter/View/12986/Town-of-Oak-Bluffs-FY26-Budget,https://www.oakbluffsma.gov/DocumentCenter/View/11342/April-9-2024-STM-ATM-Warrant,https://www.oakbluffsma.gov/160/Elections,schema-ready,
Oak Bluffs,oak-bluffs-ma/town-clerk,Town Clerk,Town Clerk,True,1,at-large,3,False,,https://www.oakbluffsma.gov/DocumentCenter/View/12986/Town-of-Oak-Bluffs-FY26-Budget,https://www.oakbluffsma.gov/DocumentCenter/View/13109/April-14-2026-STMATM-Town-of-Oak-Bluffs-Warrant,https://www.oakbluffsma.gov/160/Elections,schema-ready,Town Clerk remains elected in 2026; later warrant material proposes a future conversion but does not alter current status.
Oak Bluffs,oak-bluffs-ma/board-of-health-member,Board of Health Member,Board of Health Member,True,3,at-large,3,True,,https://www.oakbluffsma.gov/DocumentCenter/View/12986/Town-of-Oak-Bluffs-FY26-Budget,https://www.oakbluffsma.gov/DocumentCenter/View/13109/April-14-2026-STMATM-Town-of-Oak-Bluffs-Warrant,https://www.oakbluffsma.gov/160/Elections,schema-ready,
Oak Bluffs,oak-bluffs-ma/park-commissioner,Park Commissioner,Park Commissioner,True,3,at-large,3,True,,https://www.oakbluffsma.gov/DocumentCenter/View/12986/Town-of-Oak-Bluffs-FY26-Budget,https://www.oakbluffsma.gov/DocumentCenter/View/13109/April-14-2026-STMATM-Town-of-Oak-Bluffs-Warrant,https://www.oakbluffsma.gov/160/Elections,schema-ready,
Oak Bluffs,oak-bluffs-ma/cemetery-commissioner,Cemetery Commissioner,Cemetery Commissioner,True,3,at-large,3,True,,https://www.oakbluffsma.gov/DocumentCenter/View/12986/Town-of-Oak-Bluffs-FY26-Budget,https://www.oakbluffsma.gov/DocumentCenter/View/13109/April-14-2026-STMATM-Town-of-Oak-Bluffs-Warrant,https://www.oakbluffsma.gov/160/Elections,schema-ready,
Oak Bluffs,oak-bluffs-ma/school-committee-member,School Committee Member,School Committee Member,True,3,at-large,3,True,,https://www.oakbluffsma.gov/DocumentCenter/View/12986/Town-of-Oak-Bluffs-FY26-Budget,https://www.oakbluffsma.gov/DocumentCenter/View/13109/April-14-2026-STMATM-Town-of-Oak-Bluffs-Warrant,https://www.oakbluffsma.gov/160/Elections,schema-ready,
Oak Bluffs,oak-bluffs-ma/finance-advisory-committee-member,Finance & Advisory Committee Member,Finance & Advisory Committee Member,True,9,at-large,3,True,,https://www.oakbluffsma.gov/179/Finance-Advisory-Committee,https://www.oakbluffsma.gov/DocumentCenter/View/13109/April-14-2026-STMATM-Town-of-Oak-Bluffs-Warrant,https://www.oakbluffsma.gov/160/Elections,schema-ready,"Bylaw/current committee materials establish nine elected seats; current web roster exposes only seven names, so two holder seats remain unresolved."
Oak Bluffs,oak-bluffs-ma/planning-board-member,Planning Board Member,Planning Board Member,True,5,at-large,5,True,,https://www.oakbluffsma.gov/DocumentCenter/View/12986/Town-of-Oak-Bluffs-FY26-Budget,https://www.oakbluffsma.gov/DocumentCenter/View/13109/April-14-2026-STMATM-Town-of-Oak-Bluffs-Warrant,https://www.oakbluffsma.gov/160/Elections,schema-ready,Five elected regular members; appointed associate member is excluded.
Oak Bluffs,oak-bluffs-ma/wastewater-commissioner,Wastewater Commissioner,Wastewater Commissioner,True,3,at-large,3,True,,https://www.oakbluffsma.gov/DocumentCenter/View/12986/Town-of-Oak-Bluffs-FY26-Budget,https://www.oakbluffsma.gov/DocumentCenter/View/13109/April-14-2026-STMATM-Town-of-Oak-Bluffs-Warrant,https://www.oakbluffsma.gov/160/Elections,schema-ready,
Oak Bluffs,oak-bluffs-ma/martha-vineyard-land-bank-commissioner,Land Bank Commissioner,Martha's Vineyard Land Bank Commissioner,True,1,at-large,,False,,https://www.oakbluffsma.gov/DocumentCenter/View/12986/Town-of-Oak-Bluffs-FY26-Budget,https://www.oakbluffsma.gov/160/Elections,https://www.oakbluffsma.gov/160/Elections,schema-ready,
Oak Bluffs,oak-bluffs-ma/constable,Constable,Constable,True,3,at-large,3,True,,https://www.oakbluffsma.gov/DocumentCenter/View/12986/Town-of-Oak-Bluffs-FY26-Budget,https://www.oakbluffsma.gov/DocumentCenter/View/13109/April-14-2026-STMATM-Town-of-Oak-Bluffs-Warrant,https://www.oakbluffsma.gov/160/Elections,schema-ready,
Oak Bluffs,oak-bluffs-ma/tree-warden,Tree Warden,Tree Warden,True,1,at-large,3,False,,https://www.oakbluffsma.gov/DocumentCenter/View/12986/Town-of-Oak-Bluffs-FY26-Budget,https://www.oakbluffsma.gov/DocumentCenter/View/11342/April-9-2024-STM-ATM-Warrant,https://www.oakbluffsma.gov/160/Elections,schema-ready,Tree Warden remains an elected office in 2026; warrant materials contemplate future conversion only.
Oak Bluffs,oak-bluffs-ma/water-district-commissioner,Water District Commissioner,Oak Bluffs Water District Commissioner,True,3,at-large,3,True,,https://www.oakbluffswaterdistrict.com/about-the-oak-bluffs-water-district/,https://www.oakbluffsma.gov/DocumentCenter/View/13109/April-14-2026-STMATM-Town-of-Oak-Bluffs-Warrant,https://www.oakbluffsma.gov/160/Elections,schema-ready,Separate water-district office; 2026 town ballot elects one commissioner and district roster shows a three-member board.
Oakham,oakham-ma/select-board-member,Select Board Member,Board of Selectmen Member,True,3,at-large,3,True,,https://www.oakham-ma.gov/sites/g/files/vyhlif6136/f/pages/fy2024_annual_town_report.pdf,https://www.oakham-ma.gov/DocumentCenter/View/1012/SPECIMEN-BALLOT-5-18-26?bidId=,https://www.oakham-ma.gov/209/Board-of-Selectmen,schema-ready,"2026 ballot office structure is preserved, but the May 18, 2026 annual election had a warrant defect and validating legislation S.3148 remained pending as of August 2026."
Oakham,oakham-ma/assessor,Assessor,Board of Assessors Member,True,3,at-large,3,True,,https://www.oakham-ma.gov/sites/g/files/vyhlif6136/f/pages/fy2024_annual_town_report.pdf,https://www.oakham-ma.gov/DocumentCenter/View/1012/SPECIMEN-BALLOT-5-18-26?bidId=,https://www.oakham-ma.gov/207/Board-of-Assessors,schema-ready,"2026 ballot office structure is preserved, but the May 18, 2026 annual election had a warrant defect and validating legislation S.3148 remained pending as of August 2026."
Oakham,oakham-ma/board-of-health-member,Board of Health Member,Board of Health Member,True,3,at-large,3,True,,https://www.oakham-ma.gov/sites/g/files/vyhlif6136/f/pages/fy2024_annual_town_report.pdf,https://www.oakham-ma.gov/DocumentCenter/View/1012/SPECIMEN-BALLOT-5-18-26?bidId=,https://www.oakham-ma.gov/,schema-ready,"2026 ballot office structure is preserved, but the May 18, 2026 annual election had a warrant defect and validating legislation S.3148 remained pending as of August 2026."
Oakham,oakham-ma/library-trustee,Library Trustee,Library Trustee,True,3,at-large,3,True,,https://www.oakham-ma.gov/sites/g/files/vyhlif6136/f/pages/fy2024_annual_town_report.pdf,https://www.oakham-ma.gov/DocumentCenter/View/1012/SPECIMEN-BALLOT-5-18-26?bidId=,https://www.oakham-ma.gov/,schema-ready,"2026 ballot office structure is preserved, but the May 18, 2026 annual election had a warrant defect and validating legislation S.3148 remained pending as of August 2026."
Oakham,oakham-ma/moderator,Moderator,Moderator,True,1,at-large,3,False,,https://www.oakham-ma.gov/sites/g/files/vyhlif6136/f/pages/fy2024_annual_town_report.pdf,https://www.oakham-ma.gov/DocumentCenter/View/1012/SPECIMEN-BALLOT-5-18-26?bidId=,https://www.oakham-ma.gov/,schema-ready,"2026 ballot office structure is preserved, but the May 18, 2026 annual election had a warrant defect and validating legislation S.3148 remained pending as of August 2026."
Oakham,oakham-ma/constable,Constable,Constable,True,5,at-large,3,True,,https://www.oakham-ma.gov/sites/g/files/vyhlif6136/f/pages/fy2024_annual_town_report.pdf,https://www.oakham-ma.gov/DocumentCenter/View/1012/SPECIMEN-BALLOT-5-18-26?bidId=,https://www.oakham-ma.gov/,schema-ready,"FY2024 elected-official roster establishes five constable seats; 2026 ballot contains one two-year unexpired constable contest. 2026 ballot office structure is preserved, but the May 18, 2026 annual election had a warrant defect and validating legislation S.3148 remained pending as of August 2026."
Oakham,oakham-ma/tree-warden,Tree Warden,Tree Warden,True,1,at-large,3,False,,https://www.oakham-ma.gov/sites/g/files/vyhlif6136/f/pages/fy2024_annual_town_report.pdf,https://www.oakham-ma.gov/sites/g/files/vyhlif6136/f/pages/fy2024_annual_town_report.pdf,https://www.oakham-ma.gov/,schema-ready,FY2024 elected-official roster lists Michael Brunelle with term through 2027.
Oakham,oakham-ma/cemetery-commissioner,Cemetery Commissioner,Cemetery Commissioner,True,3,at-large,3,True,,https://www.oakham-ma.gov/sites/g/files/vyhlif6136/f/pages/fy2024_annual_town_report.pdf,https://www.oakham-ma.gov/DocumentCenter/View/1012/SPECIMEN-BALLOT-5-18-26?bidId=,https://www.oakham-ma.gov/,schema-ready,"2026 ballot office structure is preserved, but the May 18, 2026 annual election had a warrant defect and validating legislation S.3148 remained pending as of August 2026."
Oakham,oakham-ma/school-committee-member,School Committee Member,School Committee Member,True,2,at-large,3,True,,https://www.oakham-ma.gov/sites/g/files/vyhlif6136/f/pages/fy2024_annual_town_report.pdf,https://www.oakham-ma.gov/DocumentCenter/View/1012/SPECIMEN-BALLOT-5-18-26?bidId=,https://www.oakham-ma.gov/,schema-ready,"Recent official annual report lists two Oakham School Committee seats; 2026 ballot elects one three-year seat. 2026 ballot office structure is preserved, but the May 18, 2026 annual election had a warrant defect and validating legislation S.3148 remained pending as of August 2026."
Oakham,oakham-ma/planning-board-member,Planning Board Member,Planning Board Member,True,5,at-large,5,True,,https://www.oakham-ma.gov/sites/g/files/vyhlif6136/f/pages/fy2024_annual_town_report.pdf,https://www.oakham-ma.gov/DocumentCenter/View/1012/SPECIMEN-BALLOT-5-18-26?bidId=,https://www.oakham-ma.gov/215/Planning-Board,schema-ready,"2026 ballot office structure is preserved, but the May 18, 2026 annual election had a warrant defect and validating legislation S.3148 remained pending as of August 2026."
