municipality,office_id,seat,person_name,current_status,source_url,retrieved_on,notes
Dover,dover-ma/select-board-member,,David M. Haviland,verified-current,https://www.doverma.gov/261/Board-of-Selectmen,2026-08-19,
Dover,dover-ma/select-board-member,,Robyn Hunter,verified-current,https://www.doverma.gov/261/Board-of-Selectmen,2026-08-19,
Dover,dover-ma/select-board-member,,Cam Hudson,verified-current,https://www.doverma.gov/261/Board-of-Selectmen,2026-08-19,
Dover,dover-ma/assessor,,"Robert G. Cocks, Jr.",verified-current,https://www.doverma.gov/287/Board-of-Assessors,2026-08-19,
Dover,dover-ma/assessor,,Charles W. Long,verified-current,https://www.doverma.gov/287/Board-of-Assessors,2026-08-19,
Dover,dover-ma/assessor,,Peter S. Goodall,verified-current,https://www.doverma.gov/287/Board-of-Assessors,2026-08-19,
Dover,dover-ma/board-of-health-member,,Dr. Kay Petersen,verified-current,https://www.doverma.gov/171/Board-of-Health,2026-08-19,
Dover,dover-ma/board-of-health-member,,Dr. Stephen Kruskall,verified-current,https://www.doverma.gov/171/Board-of-Health,2026-08-19,
Dover,dover-ma/board-of-health-member,,Dr. John Quackenbush,verified-current,https://www.doverma.gov/171/Board-of-Health,2026-08-19,
Dover,dover-ma/cemetery-commissioner,,Mariah Riess,verified-current,https://www.doverma.gov/293/Cemetery-Commission,2026-08-19,
Dover,dover-ma/cemetery-commissioner,,Carol A. Jackman,verified-current,https://www.doverma.gov/293/Cemetery-Commission,2026-08-19,
Dover,dover-ma/cemetery-commissioner,,Fred Sears,verified-current,https://www.doverma.gov/293/Cemetery-Commission,2026-08-19,
Dover,dover-ma/park-recreation-commissioner,,Eric Loeffler,verified-current,https://www.doverma.gov/210/Park-Recreation-Commission,2026-08-19,
Dover,dover-ma/park-recreation-commissioner,,Michael Gillio,verified-current,https://www.doverma.gov/210/Park-Recreation-Commission,2026-08-19,
Dover,dover-ma/park-recreation-commissioner,,Jennifer Daman,verified-current,https://www.doverma.gov/210/Park-Recreation-Commission,2026-08-19,
Dover,dover-ma/park-recreation-commissioner,,Sarah Jardine,verified-current,https://www.doverma.gov/210/Park-Recreation-Commission,2026-08-19,
Dover,dover-ma/park-recreation-commissioner,,Rachel Wilkes,verified-current,https://www.doverma.gov/210/Park-Recreation-Commission,2026-08-19,
Dover,dover-ma/library-trustee,,Rob Andrews,verified-current,https://www.doverma.gov/319/Board-of-Library-Trustees,2026-08-19,
Dover,dover-ma/library-trustee,,Peter Hoffmann,verified-current,https://www.doverma.gov/319/Board-of-Library-Trustees,2026-08-19,
Dover,dover-ma/library-trustee,,Judith Schulz,verified-current,https://www.doverma.gov/319/Board-of-Library-Trustees,2026-08-19,
Dover,dover-ma/library-trustee,,Amy B. Collins,verified-current,https://www.doverma.gov/319/Board-of-Library-Trustees,2026-08-19,
Dover,dover-ma/library-trustee,,Carolyn B. Ringel,verified-current,https://www.doverma.gov/319/Board-of-Library-Trustees,2026-08-19,
Dover,dover-ma/library-trustee,,Laurence Migausky,verified-current,https://www.doverma.gov/319/Board-of-Library-Trustees,2026-08-19,
Dover,dover-ma/planning-board-member,,Carol Lisbon,verified-current,https://www.doverma.gov/257/Planning-Board,2026-08-19,
Dover,dover-ma/planning-board-member,,Valerie Lin,verified-current,https://www.doverma.gov/257/Planning-Board,2026-08-19,
Dover,dover-ma/planning-board-member,,Eric Aborjaily,verified-current,https://www.doverma.gov/257/Planning-Board,2026-08-19,
Dover,dover-ma/planning-board-member,,Katie Williams,verified-current,https://www.doverma.gov/257/Planning-Board,2026-08-19,
Dover,dover-ma/planning-board-member,,,vacant,https://www.doverma.gov/257/Planning-Board,2026-08-19,Official current roster explicitly marks one regular Planning Board seat Vacant.
Dover,dover-ma/planning-board-associate,,Tom Heer,verified-current,https://www.doverma.gov/257/Planning-Board,2026-08-19,
Dover,dover-ma/town-clerk,,Felicia Hoffman,verified-current,https://www.doverma.gov/directory.aspx?EID=37,2026-08-19,
Dover,dover-ma/moderator,,,unresolved,,2026-08-19,Current holder not independently confirmed from a current unambiguous roster in this batch.
Dover,dover-ma/school-committee-member,,,unresolved,,2026-08-19,Current five-member roster not fully reconciled after the 2026 election.
Dover,dover-ma/regional-school-committee-member,,,unresolved,,2026-08-19,Current three Dover regional seats not fully reconciled after the 2026 election.
Dover,dover-ma/constable,,,unresolved,,2026-08-19,Current three constables not fully reconciled.
Dover,dover-ma/larrabee-whiting-estate-trustee,,,unresolved,,2026-08-19,Current trustees not independently re-confirmed from a current roster.
Dracut,dracut-ma/select-board-member,,Don Plummer,verified-current,https://www.dracutma.gov/258/Board-of-Selectmen,2026-08-19,
Dracut,dracut-ma/select-board-member,,Tony Archinski,verified-current,https://www.dracutma.gov/258/Board-of-Selectmen,2026-08-19,
Dracut,dracut-ma/select-board-member,,Kristie Wohlander,verified-current,https://www.dracutma.gov/258/Board-of-Selectmen,2026-08-19,
Dracut,dracut-ma/select-board-member,,Heather Santiago-Hutchings,verified-current,https://www.dracutma.gov/258/Board-of-Selectmen,2026-08-19,
Dracut,dracut-ma/select-board-member,,Josh Taylor,verified-current,https://www.dracutma.gov/258/Board-of-Selectmen,2026-08-19,
Dracut,dracut-ma/library-trustee,,Brian Flaherty,verified-current,https://www.dracutma.gov/788/Library-Board-of-Trustees,2026-08-19,
Dracut,dracut-ma/library-trustee,,Marietta Paquette,verified-current,https://www.dracutma.gov/788/Library-Board-of-Trustees,2026-08-19,
Dracut,dracut-ma/library-trustee,,Linda Lambert,verified-current,https://www.dracutma.gov/788/Library-Board-of-Trustees,2026-08-19,
Dracut,dracut-ma/library-trustee,,Andrea Grande,verified-current,https://www.dracutma.gov/788/Library-Board-of-Trustees,2026-08-19,
Dracut,dracut-ma/library-trustee,,Linda Trouville,verified-current,https://www.dracutma.gov/788/Library-Board-of-Trustees,2026-08-19,
Dracut,dracut-ma/school-committee-member,,Robert Sheppard,verified-current,https://www.dracutma.gov/AgendaCenter/ViewFile/Agenda/_06222026-2081,2026-08-19,"June 22, 2026 official agenda identifies Robert Sheppard as School Committee Chair."
Dracut,dracut-ma/school-committee-member,,,unresolved,,2026-08-19,Four additional current School Committee members remain to be reconciled.
Dracut,dracut-ma/moderator,,,unresolved,,2026-08-19,Current Town Moderator not independently confirmed.
Dracut,dracut-ma/housing-authority-member,,,unresolved,,2026-08-19,Four locally elected Housing Authority holders not fully reconciled.
Dracut,dracut-ma/water-supply-district-commissioner,,,unresolved,,2026-08-19,Current three Water Supply District commissioners not fully reconciled.
Dracut,dracut-ma/water-supply-district-moderator,,,unresolved,,2026-08-19,Current Water Supply District Moderator not independently confirmed.
Dudley,dudley-ma/select-board-member,,Chris Starczewski,verified-current,https://www.dudleyma.gov/198/Board-of-Selectmen,2026-08-19,
Dudley,dudley-ma/select-board-member,,Jason Johnson,verified-current,https://www.dudleyma.gov/198/Board-of-Selectmen,2026-08-19,
Dudley,dudley-ma/select-board-member,,Jana Deschenes,verified-current,https://www.dudleyma.gov/198/Board-of-Selectmen,2026-08-19,
Dudley,dudley-ma/select-board-member,,Steve Sullivan,verified-current,https://www.dudleyma.gov/198/Board-of-Selectmen,2026-08-19,
Dudley,dudley-ma/select-board-member,,Cynthia Iwanski,verified-current,https://www.dudleyma.gov/198/Board-of-Selectmen,2026-08-19,
Dudley,dudley-ma/assessor,,Conrad M. Allen,verified-current,https://www.dudleyma.gov/187/Boards-Commissions,2026-08-19,
Dudley,dudley-ma/assessor,,Jo-Ann Szymczak,verified-current,https://www.dudleyma.gov/187/Boards-Commissions,2026-08-19,
Dudley,dudley-ma/assessor,,David Durgin,verified-current,https://www.dudleyma.gov/187/Boards-Commissions,2026-08-19,
Dudley,dudley-ma/town-clerk,,Lori A. Smith,verified-current,https://www.dudleyma.gov/233/Town-Clerk,2026-08-19,
Dudley,dudley-ma/treasurer-collector,,Richard Carmignani Jr.,verified-current,https://www.dudleyma.gov/m/directory/employee?eid=68,2026-08-19,
Dudley,dudley-ma/moderator,,Steven Patrick Sullivan,verified-current,https://www.dudleyma.gov/DocumentCenter/View/1185/OFFICIAL-ATE-06152026-Tally-Sheet,2026-08-19,"Winner of the June 15, 2026 official town election."
Dudley,dudley-ma/board-of-health-member,,Susan Wenzel,verified-current,https://www.dudleyma.gov/DocumentCenter/View/1185/OFFICIAL-ATE-06152026-Tally-Sheet,2026-08-19,"Winner of the June 15, 2026 official town election."
Dudley,dudley-ma/regional-school-committee-member,,Maureen Chickering,verified-current,https://www.dudleyma.gov/DocumentCenter/View/1185/OFFICIAL-ATE-06152026-Tally-Sheet,2026-08-19,"Winner of the June 15, 2026 official town election."
Dudley,dudley-ma/regional-vocational-school-committee-member,,Richard Padden Clark,verified-current,https://www.dudleyma.gov/DocumentCenter/View/1185/OFFICIAL-ATE-06152026-Tally-Sheet,2026-08-19,"Winner of the June 15, 2026 official town election."
Dudley,dudley-ma/water-sewer-commissioner,,Justin Ryan Dolan,verified-current,https://www.dudleyma.gov/DocumentCenter/View/1185/OFFICIAL-ATE-06152026-Tally-Sheet,2026-08-19,"Winner of the June 15, 2026 official town election."
Dudley,dudley-ma/planning-board-member,,Pamela M. Humphrey,verified-current,https://www.dudleyma.gov/DocumentCenter/View/1185/OFFICIAL-ATE-06152026-Tally-Sheet,2026-08-19,"Winner of the June 15, 2026 official town election."
Dudley,dudley-ma/planning-board-member,,Spenser Bell,verified-current,https://www.dudleyma.gov/DocumentCenter/View/1185/OFFICIAL-ATE-06152026-Tally-Sheet,2026-08-19,"Winner of the June 15, 2026 official town election. This was the one-year unexpired Planning Board contest."
Dudley,dudley-ma/library-trustee,,Heather B. Bowes,verified-current,https://www.dudleyma.gov/DocumentCenter/View/1185/OFFICIAL-ATE-06152026-Tally-Sheet,2026-08-19,"Winner of the June 15, 2026 official town election."
Dudley,dudley-ma/library-trustee,,Kathleen Elizabeth Horne,verified-current,https://www.dudleyma.gov/DocumentCenter/View/1185/OFFICIAL-ATE-06152026-Tally-Sheet,2026-08-19,"Winner of the June 15, 2026 official town election."
Dudley,dudley-ma/regional-school-committee-member,,Caitlynn Panczyk,verified-current,https://www.dcrsd.org/about-dcrsd/school-committee,2026-08-19,Current official district roster identifies Panczyk as a Dudley-linked committee member.
Dudley,dudley-ma/board-of-health-member,,,unresolved,,2026-08-19,Other current Board of Health seats remain unresolved.
Dudley,dudley-ma/regional-school-committee-member,,,unresolved,,2026-08-19,One of Dudley's three regular regional seats remains to be reconciled.
Dudley,dudley-ma/water-sewer-commissioner,,,unresolved,,2026-08-19,Other current Water/Sewer Commission seats remain unresolved.
Dudley,dudley-ma/planning-board-member,,,unresolved,,2026-08-19,Other current Planning Board seats remain unresolved.
Dudley,dudley-ma/library-trustee,,,unresolved,,2026-08-19,Four additional current Library Trustee seats remain to be reconciled after the 2026 election.
Dudley,dudley-ma/housing-authority-member,,,unresolved,,2026-08-19,Current locally elected Housing Authority holders and elected/appointed allocation remain unresolved.
Dunstable,dunstable-ma/select-board-member,,Ronald Mikol,verified-current,https://www.dunstable-ma.gov/select-board,2026-08-19,
Dunstable,dunstable-ma/select-board-member,,Leah D. Basbanes,verified-current,https://www.dunstable-ma.gov/select-board,2026-08-19,
Dunstable,dunstable-ma/select-board-member,,"David Tully, III",verified-current,https://www.dunstable-ma.gov/select-board,2026-08-19,
Dunstable,dunstable-ma/board-of-health-member,,Robert Parkin,verified-current,https://www.dunstable-ma.gov/board-health,2026-08-19,
Dunstable,dunstable-ma/board-of-health-member,,Anita Moeller,verified-current,https://www.dunstable-ma.gov/board-health,2026-08-19,
Dunstable,dunstable-ma/board-of-health-member,,Maria Amodei,verified-current,https://www.dunstable-ma.gov/board-health,2026-08-19,
Dunstable,dunstable-ma/planning-board-member,,Alan Chaney,verified-current,https://www.dunstable-ma.gov/planning-board,2026-08-19,
Dunstable,dunstable-ma/planning-board-member,,Jim Wilkie,verified-current,https://www.dunstable-ma.gov/planning-board,2026-08-19,
Dunstable,dunstable-ma/planning-board-member,,Jeffrey Pallis,verified-current,https://www.dunstable-ma.gov/planning-board,2026-08-19,
Dunstable,dunstable-ma/planning-board-member,,Joan M. Simmons,verified-current,https://www.dunstable-ma.gov/planning-board,2026-08-19,
Dunstable,dunstable-ma/planning-board-member,,Annika Selinger,verified-current,https://www.dunstable-ma.gov/planning-board,2026-08-19,
Dunstable,dunstable-ma/water-commissioner,,John O'Brien,verified-current,https://www.dunstable-ma.gov/water-department,2026-08-19,
Dunstable,dunstable-ma/water-commissioner,,Bridgette Pontbriand,verified-current,https://www.dunstable-ma.gov/water-department,2026-08-19,
Dunstable,dunstable-ma/water-commissioner,,"David Tully, III",verified-current,https://www.dunstable-ma.gov/water-department,2026-08-19,
Dunstable,dunstable-ma/assessor,,Robert Pontbriand,verified-current,https://www.dunstable-ma.gov/town-clerk/files/annual-town-election-official-results-may-19-2026,2026-08-19,"Named winner/current-cycle officeholder supported by the official May 19, 2026 election results."
Dunstable,dunstable-ma/commissioner-of-trust-funds,,Susan Tully,verified-current,https://www.dunstable-ma.gov/town-clerk/files/annual-town-election-official-results-may-19-2026,2026-08-19,"Named winner/current-cycle officeholder supported by the official May 19, 2026 election results."
Dunstable,dunstable-ma/road-commissioner,,Jeffrey Rosen,verified-current,https://www.dunstable-ma.gov/town-clerk/files/annual-town-election-official-results-may-19-2026,2026-08-19,"Named winner/current-cycle officeholder supported by the official May 19, 2026 election results."
Dunstable,dunstable-ma/cemetery-commissioner,,Carol Rock,verified-current,https://www.dunstable-ma.gov/town-clerk/files/annual-town-election-official-results-may-19-2026,2026-08-19,"Named winner/current-cycle officeholder supported by the official May 19, 2026 election results."
Dunstable,dunstable-ma/constable,,Steven C. Tully,verified-current,https://www.dunstable-ma.gov/town-clerk/files/annual-town-election-official-results-may-19-2026,2026-08-19,"Named winner/current-cycle officeholder supported by the official May 19, 2026 election results."
Dunstable,dunstable-ma/moderator,,Rafael Glod,verified-current,https://www.dunstable-ma.gov/annualtownelectionmay2024,2026-08-19,Elected to the current three-year moderator cycle in the 2024 annual town election.
Dunstable,dunstable-ma/advisory-board-member,,,unresolved,,2026-08-19,Complete current six-member Advisory Board roster not fully reconciled.
Dunstable,dunstable-ma/assessor,,,unresolved,,2026-08-19,Two additional current assessor seats remain to be reconciled.
Dunstable,dunstable-ma/cemetery-commissioner,,,unresolved,,2026-08-19,Two additional current cemetery commissioners remain to be reconciled.
Dunstable,dunstable-ma/commissioner-of-trust-funds,,,unresolved,,2026-08-19,Two additional current commissioners remain to be reconciled.
Dunstable,dunstable-ma/constable,,,unresolved,,2026-08-19,Second current Constable seat remains to be reconciled from certified write-in detail.
Dunstable,dunstable-ma/library-trustee,,,unresolved,,2026-08-19,Current three-member library trustee roster not fully reconciled.
Dunstable,dunstable-ma/road-commissioner,,,unresolved,,2026-08-19,Two additional current road commissioners remain to be reconciled.
Dunstable,dunstable-ma/regional-school-committee-member,,,unresolved,,2026-08-19,Two current GDRSD seats require a clean current-roster reconciliation after the 2026 ballot omission and appointment.
Dunstable,dunstable-ma/regional-vocational-school-committee-member,,,unresolved,,2026-08-19,Current Greater Lowell Regional Vocational Technical School Committee member not independently re-confirmed in this batch.
Duxbury,duxbury-ma/select-board-member,,Amy M. MacNab,verified-current,https://www.town.duxbury.ma.us/duxbury-selectboard,2026-08-19,
Duxbury,duxbury-ma/select-board-member,,Fernando Guitart,verified-current,https://www.town.duxbury.ma.us/duxbury-selectboard,2026-08-19,
Duxbury,duxbury-ma/select-board-member,,Michael McGee,verified-current,https://www.town.duxbury.ma.us/duxbury-selectboard,2026-08-19,
Duxbury,duxbury-ma/select-board-member,,Brian E. Glennon II,verified-current,https://www.town.duxbury.ma.us/duxbury-selectboard,2026-08-19,
Duxbury,duxbury-ma/select-board-member,,Cynthia Ladd Fiorini,verified-current,https://www.town.duxbury.ma.us/duxbury-selectboard,2026-08-19,
Duxbury,duxbury-ma/assessor,,Linda M. Collari,verified-current,https://www.town.duxbury.ma.us/board-assessors,2026-08-19,
Duxbury,duxbury-ma/assessor,,James G. MacNab,verified-current,https://www.town.duxbury.ma.us/board-assessors,2026-08-19,
Duxbury,duxbury-ma/assessor,,Edward K. Wadsworth,verified-current,https://www.town.duxbury.ma.us/board-assessors,2026-08-19,
Duxbury,duxbury-ma/school-committee-member,,Aun Holland,verified-current,https://www.town.duxbury.ma.us/school-committee,2026-08-19,
Duxbury,duxbury-ma/school-committee-member,,Matt Gambino,verified-current,https://www.town.duxbury.ma.us/school-committee,2026-08-19,
Duxbury,duxbury-ma/school-committee-member,,Laurel Deacon,verified-current,https://www.town.duxbury.ma.us/school-committee,2026-08-19,
Duxbury,duxbury-ma/school-committee-member,,Kathryn S. Marshall,verified-current,https://www.town.duxbury.ma.us/school-committee,2026-08-19,
Duxbury,duxbury-ma/school-committee-member,,,unresolved,,2026-08-19,One additional current School Committee member was not reliably exposed by the official page index in this batch.
Duxbury,duxbury-ma/library-trustee,,Martha Dennison,verified-current,https://www.town.duxbury.ma.us/board-library-trustees,2026-08-19,
Duxbury,duxbury-ma/library-trustee,,Cathleen Mary Seaman,verified-current,https://www.town.duxbury.ma.us/board-library-trustees,2026-08-19,
Duxbury,duxbury-ma/library-trustee,,Lalitha Krishnan,verified-current,https://www.town.duxbury.ma.us/board-library-trustees,2026-08-19,
Duxbury,duxbury-ma/library-trustee,,Lucy Weilbrenner,verified-current,https://www.town.duxbury.ma.us/board-library-trustees,2026-08-19,
Duxbury,duxbury-ma/library-trustee,,,unresolved,,2026-08-19,Two additional current Library Trustee seats remain to be reconciled from a complete current roster.
Duxbury,duxbury-ma/planning-board-member,,Kristin Rappe,verified-current,https://www.town.duxbury.ma.us/planning-board,2026-08-19,
Duxbury,duxbury-ma/planning-board-member,,Steve Gandt,verified-current,https://www.town.duxbury.ma.us/planning-board,2026-08-19,
Duxbury,duxbury-ma/planning-board-member,,Tag Carpenter,verified-current,https://www.town.duxbury.ma.us/planning-board,2026-08-19,
Duxbury,duxbury-ma/planning-board-member,,Matthew Ray,verified-current,https://www.town.duxbury.ma.us/planning-board,2026-08-19,
Duxbury,duxbury-ma/planning-board-member,,Lauren Sirois,verified-current,https://www.town.duxbury.ma.us/planning-board,2026-08-19,
Duxbury,duxbury-ma/planning-board-member,,Jim Lampert,verified-current,https://www.town.duxbury.ma.us/planning-board,2026-08-19,
Duxbury,duxbury-ma/planning-board-member,,,unresolved,,2026-08-19,One additional current Planning Board seat/member remains to be reconciled; 2026 vacancy activity complicates the current roster.
Duxbury,duxbury-ma/moderator,,James S. Hartford,verified-current,https://www.town.duxbury.ma.us/people/james-s-hartford-0,2026-08-19,
Duxbury,duxbury-ma/housing-authority-member,,,unresolved,,2026-08-19,The three elected Housing Authority officeholders were not fully resolved from the current official page in this batch.
East Bridgewater,east-bridgewater-ma/select-board-member,,Carole Julius,verified-current,https://www.eastbridgewaterma.gov/1933/Select-Board,2026-08-19,
East Bridgewater,east-bridgewater-ma/select-board-member,,Katherine Mullen,verified-current,https://www.eastbridgewaterma.gov/1933/Select-Board,2026-08-19,
East Bridgewater,east-bridgewater-ma/select-board-member,,"Peter Spagone, Jr.",verified-current,https://www.eastbridgewaterma.gov/1933/Select-Board,2026-08-19,
East Bridgewater,east-bridgewater-ma/assessor,,David Lincoln Phillips,verified-current,https://www.eastbridgewaterma.gov/1708/Assessors-Department,2026-08-19,
East Bridgewater,east-bridgewater-ma/assessor,,Susan Mulloy,verified-current,https://www.eastbridgewaterma.gov/1708/Assessors-Department,2026-08-19,
East Bridgewater,east-bridgewater-ma/assessor,,Steven R Solari,verified-current,https://www.eastbridgewaterma.gov/1708/Assessors-Department,2026-08-19,
East Bridgewater,east-bridgewater-ma/planning-board-member,,Kevin Reilly,verified-current,https://www.eastbridgewaterma.gov/1939/Planning-Board,2026-08-19,
East Bridgewater,east-bridgewater-ma/planning-board-member,,Myles Heger,verified-current,https://www.eastbridgewaterma.gov/1939/Planning-Board,2026-08-19,
East Bridgewater,east-bridgewater-ma/planning-board-member,,John Lawlor,verified-current,https://www.eastbridgewaterma.gov/1939/Planning-Board,2026-08-19,
East Bridgewater,east-bridgewater-ma/planning-board-member,,Diane Phillips,verified-current,https://www.eastbridgewaterma.gov/1939/Planning-Board,2026-08-19,
East Bridgewater,east-bridgewater-ma/planning-board-member,,Dwayne Crosby,verified-current,https://www.eastbridgewaterma.gov/1939/Planning-Board,2026-08-19,
East Bridgewater,east-bridgewater-ma/planning-board-member,,Gerard P. Adams,verified-current,https://www.eastbridgewaterma.gov/1939/Planning-Board,2026-08-19,
East Bridgewater,east-bridgewater-ma/planning-board-member,,Stephen Patrick Perkins,verified-current,https://www.eastbridgewaterma.gov/1939/Planning-Board,2026-08-19,
East Bridgewater,east-bridgewater-ma/town-clerk,,Kathleen Cavanagh,verified-current,https://www.eastbridgewaterma.gov/1694/Town-Clerk,2026-08-19,
East Bridgewater,east-bridgewater-ma/board-of-health-member,,,unresolved,,2026-08-19,Current Board of Health roster not fully reconciled in this batch.
East Bridgewater,east-bridgewater-ma/housing-authority-member,,,unresolved,,2026-08-19,Three current locally elected Housing Authority members not fully reconciled.
East Bridgewater,east-bridgewater-ma/library-trustee,,,unresolved,,2026-08-19,Post-election six-member Library Trustee roster not fully reconciled.
East Bridgewater,east-bridgewater-ma/school-committee-member,,,unresolved,,2026-08-19,Post-election current School Committee roster and total elected size remain to be reconciled.
East Bridgewater,east-bridgewater-ma/moderator,,,unresolved,,2026-08-19,Current Moderator not independently confirmed from a current office page in this batch.
East Brookfield,east-brookfield-ma/select-board-member,,Andrew Lynch,verified-current,https://www.eastbrookfieldma.us/1300/Board-of-Selectmen,2026-08-19,
East Brookfield,east-brookfield-ma/select-board-member,,Amber Kowalczyk,verified-current,https://www.eastbrookfieldma.us/1300/Board-of-Selectmen,2026-08-19,
East Brookfield,east-brookfield-ma/select-board-member,,Robert Button,verified-current,https://www.eastbrookfieldma.us/1300/Board-of-Selectmen,2026-08-19,
East Brookfield,east-brookfield-ma/assessor,,Linda LeBlanc,verified-current,https://www.eastbrookfieldma.us/1297/Board-of-Assessors,2026-08-19,
East Brookfield,east-brookfield-ma/assessor,,Karen Berard,verified-current,https://www.eastbrookfieldma.us/1297/Board-of-Assessors,2026-08-19,
East Brookfield,east-brookfield-ma/assessor,,William Mitchell,verified-current,https://www.eastbrookfieldma.us/1297/Board-of-Assessors,2026-08-19,
East Brookfield,east-brookfield-ma/planning-board-member,,Jim Skowronek,verified-current,https://www.eastbrookfieldma.us/1302/Planning-Board,2026-08-19,
East Brookfield,east-brookfield-ma/planning-board-member,,Matthew Mullen,verified-current,https://www.eastbrookfieldma.us/1302/Planning-Board,2026-08-19,
East Brookfield,east-brookfield-ma/planning-board-member,,James Egan,verified-current,https://www.eastbrookfieldma.us/1302/Planning-Board,2026-08-19,
East Brookfield,east-brookfield-ma/planning-board-member,,Sean Kowalczyk,verified-current,https://www.eastbrookfieldma.us/1302/Planning-Board,2026-08-19,
East Brookfield,east-brookfield-ma/planning-board-member,,Robert Parsons,verified-current,https://www.eastbrookfieldma.us/1302/Planning-Board,2026-08-19,
East Brookfield,east-brookfield-ma/finance-committee-member,,Bryonny Torres,verified-current,https://eastbrookfieldma.us/1307/Finance-Committee,2026-08-19,
East Brookfield,east-brookfield-ma/finance-committee-member,,Leo E. Fayard,verified-current,https://eastbrookfieldma.us/1307/Finance-Committee,2026-08-19,
East Brookfield,east-brookfield-ma/finance-committee-member,,,vacant,https://eastbrookfieldma.us/1307/Finance-Committee,2026-08-19,Official current Finance Committee page explicitly lists one elected seat as Open Vacancy.
East Brookfield,east-brookfield-ma/library-trustee,,William Sullivan,verified-current,https://www.eastbrookfieldma.us/1304/Library-Trustees-Committee,2026-08-19,
East Brookfield,east-brookfield-ma/library-trustee,,Patricia O'Neal,verified-current,https://www.eastbrookfieldma.us/1304/Library-Trustees-Committee,2026-08-19,
East Brookfield,east-brookfield-ma/library-trustee,,Karen Berard,verified-current,https://www.eastbrookfieldma.us/1304/Library-Trustees-Committee,2026-08-19,
East Brookfield,east-brookfield-ma/library-trustee,,Susan Gordon,verified-current,https://www.eastbrookfieldma.us/1304/Library-Trustees-Committee,2026-08-19,
East Brookfield,east-brookfield-ma/library-trustee,,Judy Blodgett,verified-current,https://www.eastbrookfieldma.us/1304/Library-Trustees-Committee,2026-08-19,
East Brookfield,east-brookfield-ma/library-trustee,,,unresolved,,2026-08-19,"Six elected seats are modeled; the current official page exposes five trustee names, so the sixth seat is left unresolved rather than assumed vacant."
East Brookfield,east-brookfield-ma/town-clerk,,Susan V. Jacobs,verified-current,https://eastbrookfieldma.us/1201/Town-Clerk,2026-08-19,
East Brookfield,east-brookfield-ma/treasurer,,Nicole Allen,verified-current,https://eastbrookfieldma.us/DocumentCenter/View/329,2026-08-19,Latest official annual officer roster identifies Nicole Allen as Town Treasurer; no later conflicting official source was found.
East Brookfield,east-brookfield-ma/moderator,,,unresolved,,2026-08-19,Current Moderator not independently reconciled after the latest election cycle.
East Brookfield,east-brookfield-ma/tax-collector,,,unresolved,,2026-08-19,Current elected Town Collector not independently reconciled after the 2026 cycle.
East Brookfield,east-brookfield-ma/regional-school-committee-member,,,unresolved,,2026-08-19,Current two East Brookfield regional representatives were not cleanly identified from the district page.
East Brookfield,east-brookfield-ma/board-of-health-member,,,unresolved,,2026-08-19,Current directory exposes four names despite a three-seat elected structure; incumbency is left unresolved pending reconciliation.
East Brookfield,east-brookfield-ma/cemetery-commissioner,,,unresolved,,2026-08-19,Current three-seat roster not fully reconciled after a resignation/vacancy cycle.
East Brookfield,east-brookfield-ma/shade-tree-cemetery-fund-trustee,,,unresolved,,2026-08-19,Current three trustees not fully reconciled.
East Brookfield,east-brookfield-ma/constable,,,unresolved,,2026-08-19,Current two Constable seats not fully reconciled.
East Longmeadow,east-longmeadow-ma/town-council-member,,Connor James O'Shea,verified-current,https://www.eastlongmeadowma.gov/650/Town-Council,2026-08-19,
East Longmeadow,east-longmeadow-ma/town-council-member,,Anna T. Jones,verified-current,https://www.eastlongmeadowma.gov/650/Town-Council,2026-08-19,
East Longmeadow,east-longmeadow-ma/town-council-member,,Kathleen G. Hill,verified-current,https://www.eastlongmeadowma.gov/650/Town-Council,2026-08-19,
East Longmeadow,east-longmeadow-ma/town-council-member,,Matthew Jacob Boucher,verified-current,https://www.eastlongmeadowma.gov/650/Town-Council,2026-08-19,
East Longmeadow,east-longmeadow-ma/town-council-member,,James F. Leydon,verified-current,https://www.eastlongmeadowma.gov/650/Town-Council,2026-08-19,
East Longmeadow,east-longmeadow-ma/town-council-member,,Ralph E. Page,verified-current,https://www.eastlongmeadowma.gov/650/Town-Council,2026-08-19,
East Longmeadow,east-longmeadow-ma/town-council-member,,Jonathan J. Torcia,verified-current,https://www.eastlongmeadowma.gov/650/Town-Council,2026-08-19,
East Longmeadow,east-longmeadow-ma/school-committee-member,,Antonella Raschilla Manzi,verified-current,https://www.eastlongmeadowma.gov/964/School-Committee,2026-08-19,
East Longmeadow,east-longmeadow-ma/school-committee-member,,Kerri Jarzabski,verified-current,https://www.eastlongmeadowma.gov/964/School-Committee,2026-08-19,
East Longmeadow,east-longmeadow-ma/school-committee-member,,Aimee Dalenta,verified-current,https://www.eastlongmeadowma.gov/964/School-Committee,2026-08-19,
East Longmeadow,east-longmeadow-ma/school-committee-member,,William Strother,verified-current,https://www.eastlongmeadowma.gov/964/School-Committee,2026-08-19,
East Longmeadow,east-longmeadow-ma/school-committee-member,,Sarah Truoiolo,verified-current,https://www.eastlongmeadowma.gov/964/School-Committee,2026-08-19,
Eastham,eastham-ma/select-board-member,,Hope Ann Plavin,verified-current,https://www.eastham-ma.gov/DocumentCenter/View/5218/May-19-2026-Annual-Town-Election-Final-Results,2026-08-19,"Winner of the May 19, 2026 final Annual Town Election."
Eastham,eastham-ma/select-board-member,,Robert S. Bruns IV,verified-current,https://www.eastham-ma.gov/DocumentCenter/View/5218/May-19-2026-Annual-Town-Election-Final-Results,2026-08-19,"Winner of the May 19, 2026 final Annual Town Election."
Eastham,eastham-ma/select-board-member,,,unresolved,,2026-08-19,Three additional current Select Board seats remain to be reconciled from a post-election current roster.
Eastham,eastham-ma/moderator,,W. Scott Kerry,verified-current,https://www.eastham-ma.gov/DocumentCenter/View/5218/May-19-2026-Annual-Town-Election-Final-Results,2026-08-19,"Winner of the May 19, 2026 final Annual Town Election."
Eastham,eastham-ma/town-clerk,,Linda Sassi,verified-current,https://www.eastham-ma.gov/171/Town-Clerk,2026-08-19,
Eastham,eastham-ma/library-trustee,,Ignatius (Al) Alfano,verified-current,https://www.eastham-ma.gov/AgendaCenter/ViewFile/Minutes/_06162026-4537,2026-08-19,"June 16, 2026 official Library Trustee minutes list all five trustees."
Eastham,eastham-ma/library-trustee,,Sara Higgins,verified-current,https://www.eastham-ma.gov/AgendaCenter/ViewFile/Minutes/_06162026-4537,2026-08-19,"June 16, 2026 official Library Trustee minutes list all five trustees."
Eastham,eastham-ma/library-trustee,,William Darin Krum,verified-current,https://www.eastham-ma.gov/AgendaCenter/ViewFile/Minutes/_06162026-4537,2026-08-19,"June 16, 2026 official Library Trustee minutes list all five trustees."
Eastham,eastham-ma/library-trustee,,Robin Rowe,verified-current,https://www.eastham-ma.gov/AgendaCenter/ViewFile/Minutes/_06162026-4537,2026-08-19,"June 16, 2026 official Library Trustee minutes list all five trustees."
Eastham,eastham-ma/library-trustee,,Willow Shire,verified-current,https://www.eastham-ma.gov/AgendaCenter/ViewFile/Minutes/_06162026-4537,2026-08-19,"June 16, 2026 official Library Trustee minutes list all five trustees."
Eastham,eastham-ma/elementary-school-committee-member,,Lindsey Palmer,verified-current,https://www.nausetschools.org/page/eastham-school-committee,2026-08-19,
Eastham,eastham-ma/elementary-school-committee-member,,Anna Hay Friedman,verified-current,https://www.nausetschools.org/page/eastham-school-committee,2026-08-19,
Eastham,eastham-ma/elementary-school-committee-member,,Devon O'Rourke,verified-current,https://www.nausetschools.org/page/eastham-school-committee,2026-08-19,
Eastham,eastham-ma/elementary-school-committee-member,,Debra Raymond,verified-current,https://www.nausetschools.org/page/eastham-school-committee,2026-08-19,
Eastham,eastham-ma/elementary-school-committee-member,,Sara R. Higgins,verified-current,https://www.nausetschools.org/page/eastham-school-committee,2026-08-19,
Eastham,eastham-ma/regional-school-committee-member,,Sarah Jane Stair,verified-current,https://www.eastham-ma.gov/DocumentCenter/View/5218/May-19-2026-Annual-Town-Election-Final-Results,2026-08-19,"Winner of the May 19, 2026 final Annual Town Election; other Eastham-designated regional seats, if any, remain unresolved."
Eastham,eastham-ma/housing-authority-member,,William J. Munger,verified-current,https://www.eastham-ma.gov/DocumentCenter/View/5218/May-19-2026-Annual-Town-Election-Final-Results,2026-08-19,"Winner of the May 19, 2026 final Annual Town Election; total locally elected Housing Authority composition remains unresolved."
Easthampton,easthampton-ma/mayor,,Salem Derby,verified-current,https://www.easthamptonma.gov/251/Mayors-Office,2026-08-19,
Easthampton,easthampton-ma/city-council-member,,Koni Denham,verified-current,https://www.easthamptonma.gov/247/City-Council-Members-Committees,2026-08-19,
Easthampton,easthampton-ma/city-council-member,,Kiam Jamrog-McQuaid,verified-current,https://www.easthamptonma.gov/247/City-Council-Members-Committees,2026-08-19,
Easthampton,easthampton-ma/city-council-member,,Nathan Markee,verified-current,https://www.easthamptonma.gov/247/City-Council-Members-Committees,2026-08-19,
Easthampton,easthampton-ma/city-council-member,,Jonathan Schmidt,verified-current,https://www.easthamptonma.gov/247/City-Council-Members-Committees,2026-08-19,
Easthampton,easthampton-ma/city-council-member,,"James ""JP"" Kwiecinski",verified-current,https://www.easthamptonma.gov/247/City-Council-Members-Committees,2026-08-19,
Easthampton,easthampton-ma/city-council-member,,Felicia Jadczak,verified-current,https://www.easthamptonma.gov/247/City-Council-Members-Committees,2026-08-19,
Easthampton,easthampton-ma/city-council-member,,Thomas W. Peake,verified-current,https://www.easthamptonma.gov/247/City-Council-Members-Committees,2026-08-19,
Easthampton,easthampton-ma/city-council-member,,Amanda Newton,verified-current,https://www.easthamptonma.gov/247/City-Council-Members-Committees,2026-08-19,
Easthampton,easthampton-ma/city-council-member,,Tamara Smith,verified-current,https://www.easthamptonma.gov/247/City-Council-Members-Committees,2026-08-19,
Easthampton,easthampton-ma/school-committee-member,,Laura Scott,verified-current,https://www.easthamptonma.gov/AgendaCenter/ViewFile/Agenda/_08072026-4056,2026-08-19,
Easthampton,easthampton-ma/school-committee-member,,Bonnie Atkins,verified-current,https://www.easthamptonma.gov/AgendaCenter/ViewFile/Agenda/_08072026-4056,2026-08-19,
Easthampton,easthampton-ma/school-committee-member,,Eric Guyette,verified-current,https://www.easthamptonma.gov/AgendaCenter/ViewFile/Agenda/_08072026-4056,2026-08-19,
Easthampton,easthampton-ma/school-committee-member,,Megan Harvey,verified-current,https://www.easthamptonma.gov/AgendaCenter/ViewFile/Agenda/_08072026-4056,2026-08-19,
Easthampton,easthampton-ma/school-committee-member,,Sam Hunter,verified-current,https://www.easthamptonma.gov/AgendaCenter/ViewFile/Agenda/_08072026-4056,2026-08-19,
Easthampton,easthampton-ma/school-committee-member,,Linda Markee,verified-current,https://www.easthamptonma.gov/AgendaCenter/ViewFile/Agenda/_08072026-4056,2026-08-19,
Edgartown,edgartown-ma/select-board-member,,Arthur Smadbeck,verified-current,https://www.edgartown-ma.us/selectboard,2026-08-19,
Edgartown,edgartown-ma/select-board-member,,Alex Morrison,verified-current,https://www.edgartown-ma.us/selectboard,2026-08-19,
Edgartown,edgartown-ma/select-board-member,,Julia Tarka,verified-current,https://www.edgartown-ma.us/selectboard,2026-08-19,
Edgartown,edgartown-ma/board-of-health-member,,Christopher Edwards,verified-current,https://www.edgartown-ma.us/board-health,2026-08-19,
Edgartown,edgartown-ma/board-of-health-member,,Candace A. Nichols,verified-current,https://www.edgartown-ma.us/board-health,2026-08-19,
Edgartown,edgartown-ma/board-of-health-member,,Gretchen Regan,verified-current,https://www.edgartown-ma.us/board-health,2026-08-19,
Edgartown,edgartown-ma/finance-committee-member,,Donna Lowell-Bettencourt,verified-current,https://www.edgartown-ma.us/financial-advisory-committee,2026-08-19,
Edgartown,edgartown-ma/finance-committee-member,,Les Baynes,verified-current,https://www.edgartown-ma.us/financial-advisory-committee,2026-08-19,
Edgartown,edgartown-ma/finance-committee-member,,Nedine Cunningham,verified-current,https://www.edgartown-ma.us/financial-advisory-committee,2026-08-19,
Edgartown,edgartown-ma/finance-committee-member,,Kelly McCracken,verified-current,https://www.edgartown-ma.us/financial-advisory-committee,2026-08-19,
Edgartown,edgartown-ma/finance-committee-member,,Paul Pertile,verified-current,https://www.edgartown-ma.us/financial-advisory-committee,2026-08-19,
Edgartown,edgartown-ma/finance-committee-member,,Kate Putnam,verified-current,https://www.edgartown-ma.us/financial-advisory-committee,2026-08-19,
Edgartown,edgartown-ma/finance-committee-member,,Julia Tarka,verified-current,https://www.edgartown-ma.us/financial-advisory-committee,2026-08-19,
Edgartown,edgartown-ma/park-commissioner,,Richard A. Kelly,verified-current,https://www.edgartown-ma.us/parks,2026-08-19,
Edgartown,edgartown-ma/park-commissioner,,Maggie Morrison,verified-current,https://www.edgartown-ma.us/parks,2026-08-19,
Edgartown,edgartown-ma/park-commissioner,,Jane Varkonda,verified-current,https://www.edgartown-ma.us/parks,2026-08-19,
Edgartown,edgartown-ma/planning-board-member,,Robbie Robinson,verified-current,https://www.edgartown-ma.us/planning-board,2026-08-19,
Edgartown,edgartown-ma/planning-board-member,,David Ignacio,verified-current,https://www.edgartown-ma.us/planning-board,2026-08-19,
Edgartown,edgartown-ma/planning-board-member,,,unresolved,,2026-08-19,Three additional regular Planning Board seats remain to be reconciled from a complete current official roster.
Edgartown,edgartown-ma/wastewater-commissioner,,Scott A. Ellis,verified-current,https://www.edgartown-ma.us/wastewater,2026-08-19,
Edgartown,edgartown-ma/wastewater-commissioner,,Gordon Brown,verified-current,https://www.edgartown-ma.us/wastewater,2026-08-19,
Edgartown,edgartown-ma/wastewater-commissioner,,,unresolved,,2026-08-19,"Current official Wastewater page names Amber Medeiros for the third seat, while 2026 election candidate reporting names David Burke as the new candidate for that seat. Conflict preserved pending certified-results or term reconciliation."
Edgartown,edgartown-ma/assessor,,,unresolved,,2026-08-19,Current elected assessor roster not fully reconciled from an official current page.
Edgartown,edgartown-ma/school-committee-member,,,unresolved,,2026-08-19,Current elected Edgartown School Committee roster and total elected size remain unresolved.
Edgartown,edgartown-ma/library-trustee,,,unresolved,,2026-08-19,Current elected Library Trustee roster and total elected size remain unresolved.
Egremont,egremont-ma/select-board-member,,Lucinda Fenn-Vermeulen,verified-current,https://www.egremont-ma.gov/182/Select-Board,2026-08-19,
Egremont,egremont-ma/select-board-member,,Mary Brazie,verified-current,https://www.egremont-ma.gov/182/Select-Board,2026-08-19,
Egremont,egremont-ma/select-board-member,,Judi Goodman,verified-current,https://www.egremont-ma.gov/182/Select-Board,2026-08-19,
Egremont,egremont-ma/assessor,,Richard Allen,verified-current,https://www.egremont-ma.gov/164/Assessors,2026-08-19,
Egremont,egremont-ma/assessor,,Francine Groener,verified-current,https://www.egremont-ma.gov/164/Assessors,2026-08-19,
Egremont,egremont-ma/assessor,,Susan Turner,verified-current,https://www.egremont-ma.gov/164/Assessors,2026-08-19,
Egremont,egremont-ma/cemetery-commissioner,,Steve Agar,verified-current,https://www.egremont-ma.gov/213/Cemetery-Commission,2026-08-19,
Egremont,egremont-ma/cemetery-commissioner,,David Campbell,verified-current,https://www.egremont-ma.gov/213/Cemetery-Commission,2026-08-19,
Egremont,egremont-ma/cemetery-commissioner,,John Wells,verified-current,https://www.egremont-ma.gov/213/Cemetery-Commission,2026-08-19,
Egremont,egremont-ma/library-trustee,,Francine Groener,verified-current,https://www.egremont-ma.gov/directory.aspx,2026-08-19,
Egremont,egremont-ma/library-trustee,,Peggy Muskrat,verified-current,https://www.egremont-ma.gov/directory.aspx,2026-08-19,
Egremont,egremont-ma/library-trustee,,Keila Sheldon,verified-current,https://www.egremont-ma.gov/directory.aspx,2026-08-19,
Egremont,egremont-ma/planning-board-member,,Donna Bersch-Gordon,verified-current,https://www.egremont-ma.gov/191/Planning-Board,2026-08-19,
Egremont,egremont-ma/planning-board-member,,John Lanterman,verified-current,https://www.egremont-ma.gov/191/Planning-Board,2026-08-19,
Egremont,egremont-ma/planning-board-member,,Stephen Lyle,verified-current,https://www.egremont-ma.gov/191/Planning-Board,2026-08-19,
Egremont,egremont-ma/planning-board-member,,Mary McGurn,verified-current,https://www.egremont-ma.gov/191/Planning-Board,2026-08-19,
Egremont,egremont-ma/planning-board-member,,Edward Regendahl,verified-current,https://www.egremont-ma.gov/191/Planning-Board,2026-08-19,
Egremont,egremont-ma/planning-board-associate,,Blake McDonald,verified-current,https://www.egremont-ma.gov/191/Planning-Board,2026-08-19,
Egremont,egremont-ma/moderator,,Stephen Cohen,verified-current,https://www.egremont-ma.gov/DocumentCenter/View/2774/20251028-Special-Town-Meeting-Minutes-PDF,2026-08-19,
Egremont,egremont-ma/constable,,James Olmsted,verified-current,https://www.egremont-ma.gov/directory.aspx,2026-08-19,
Egremont,egremont-ma/water-commissioner,,Mary Brazie,verified-current,https://www.egremont-ma.gov/209/Water-Commission,2026-08-19,
Egremont,egremont-ma/water-commissioner,,Judi Goodman,verified-current,https://www.egremont-ma.gov/209/Water-Commission,2026-08-19,
Egremont,egremont-ma/water-commissioner,,Lucinda Fenn-Vermeulen,verified-current,https://www.egremont-ma.gov/209/Water-Commission,2026-08-19,
Egremont,egremont-ma/regional-school-committee-member,,James DiPisa,verified-current,https://www.egremont-ma.gov/215/School-Committee,2026-08-19,
Egremont,egremont-ma/regional-school-committee-member,,,unresolved,,2026-08-19,The current Town page lists James DiPisa and is actively recruiting for two November 2026 Egremont district seats; the second presently occupied/vacant seat is not asserted without further transition reconciliation.
Erving,erving-ma/select-board-member,,Jacob Smith,verified-current,https://www.erving-ma.gov/Directory.aspx?did=32,2026-08-19,
Erving,erving-ma/select-board-member,,James Loynd,verified-current,https://www.erving-ma.gov/Directory.aspx?did=32,2026-08-19,
Erving,erving-ma/select-board-member,,William Bembury,verified-current,https://www.erving-ma.gov/Directory.aspx?did=32,2026-08-19,
Erving,erving-ma/assessor,,Jacquelyn M. Boyden,verified-current,https://www.erving-ma.gov/Directory.aspx?did=43,2026-08-19,
Erving,erving-ma/assessor,,Mark Burnett,verified-current,https://www.erving-ma.gov/Directory.aspx?did=43,2026-08-19,
Erving,erving-ma/assessor,,Daniel Hammock,verified-current,https://www.erving-ma.gov/Directory.aspx?did=43,2026-08-19,
Erving,erving-ma/library-trustee,,Devon Gaudet,verified-current,https://www.erving-ma.gov/directory.aspx,2026-08-19,
Erving,erving-ma/library-trustee,,Daniel Hammock,verified-current,https://www.erving-ma.gov/directory.aspx,2026-08-19,
Erving,erving-ma/library-trustee,,Kelly Loynd,verified-current,https://www.erving-ma.gov/directory.aspx,2026-08-19,
Erving,erving-ma/school-committee-member,,Mackensey Bailey,verified-current,https://www.erving-ma.gov/231/School-Committee,2026-08-19,
Erving,erving-ma/school-committee-member,,Mark Blatchley,verified-current,https://www.erving-ma.gov/231/School-Committee,2026-08-19,
Erving,erving-ma/school-committee-member,,Daniel Hammock,verified-current,https://www.erving-ma.gov/231/School-Committee,2026-08-19,
Erving,erving-ma/school-committee-member,,Kelly Sykes,verified-current,https://www.erving-ma.gov/231/School-Committee,2026-08-19,
Erving,erving-ma/school-committee-member,,,vacant,https://www.erving-ma.gov/m/newsflash/Home/Detail/86,2026-08-19,"Town's July 23, 2026 elected-official vacancy notice describes the School Committee as a five-member elected board."
Erving,erving-ma/planning-board-member,,Jacquelyn Boyden,verified-current,https://www.erving-ma.gov/229/Planning-Board,2026-08-19,
Erving,erving-ma/planning-board-member,,Joseph Newton,verified-current,https://www.erving-ma.gov/229/Planning-Board,2026-08-19,
Erving,erving-ma/planning-board-member,,Melanie Burnett,verified-current,https://www.erving-ma.gov/229/Planning-Board,2026-08-19,
Erving,erving-ma/planning-board-member,,Debra Smith,verified-current,https://www.erving-ma.gov/229/Planning-Board,2026-08-19,
Erving,erving-ma/planning-board-member,,Thomas Glennon,verified-current,https://www.erving-ma.gov/229/Planning-Board,2026-08-19,
Erving,erving-ma/recreation-commissioner,,Michael Jean,verified-current,https://www.erving-ma.gov/Directory.aspx?did=32,2026-08-19,
Erving,erving-ma/recreation-commissioner,,Jacquelyn Boyden,verified-current,https://www.erving-ma.gov/Directory.aspx?did=32,2026-08-19,
Erving,erving-ma/recreation-commissioner,,Kathryn Gaudet,verified-current,https://www.erving-ma.gov/Directory.aspx?did=32,2026-08-19,
Erving,erving-ma/recreation-commissioner,,Kathleen Sadler,verified-current,https://www.erving-ma.gov/Directory.aspx?did=32,2026-08-19,
Erving,erving-ma/recreation-commissioner,,Thomas Glennon,verified-current,https://www.erving-ma.gov/Directory.aspx?did=32,2026-08-19,
Erving,erving-ma/board-of-health-member,,Sally Delaney,verified-current,https://www.erving-ma.gov/directory.aspx?did=49,2026-08-19,
Erving,erving-ma/board-of-health-member,,Jeffrey McAndrews,verified-current,https://www.erving-ma.gov/directory.aspx?did=49,2026-08-19,
Erving,erving-ma/board-of-health-member,,Leo Parent,verified-current,https://www.erving-ma.gov/directory.aspx?did=49,2026-08-19,
Erving,erving-ma/moderator,,,unresolved,,2026-08-19,Current post-election Moderator was not independently confirmed from an official current roster.
Erving,erving-ma/tree-warden,,,unresolved,,2026-08-19,Current post-election Tree Warden was not independently confirmed from an official current roster.
Erving,erving-ma/constable,,,unresolved,,2026-08-19,Current Constable was not independently confirmed; the 2026 ballot had only a write-in line.
Essex,essex-ma/select-board-member,,Dexter Lee-Viator,verified-current,https://www.essexma.org/1315/Board-of-Selectmen,2026-08-19,
Essex,essex-ma/select-board-member,,Peter D. Phippen,verified-current,https://www.essexma.org/1315/Board-of-Selectmen,2026-08-19,
Essex,essex-ma/select-board-member,,Ann Cameron,verified-current,https://www.essexma.org/1315/Board-of-Selectmen,2026-08-19,
Essex,essex-ma/board-of-health-member,,Dr. David Driscoll,verified-current,https://www.essexma.org/1319/Board-of-Health,2026-08-19,
Essex,essex-ma/board-of-health-member,,Travis Good,verified-current,https://www.essexma.org/1319/Board-of-Health,2026-08-19,
Essex,essex-ma/board-of-health-member,,Peter Hoare,verified-current,https://www.essexma.org/1319/Board-of-Health,2026-08-19,
Essex,essex-ma/library-trustee,,Jen Mayer,verified-current,https://www.essexma.org/1318/Board-of-Library-Trustees,2026-08-19,
Essex,essex-ma/library-trustee,,Robert Fitzgibbon,verified-current,https://www.essexma.org/1318/Board-of-Library-Trustees,2026-08-19,
Essex,essex-ma/library-trustee,,,unresolved,,2026-08-19,Current official library page and current staff directory disagree on the third trustee name (Cindy Handler vs. Michelle Mouchantaf); conflict preserved.
Essex,essex-ma/assessor,,,unresolved,,2026-08-19,Current complete elected assessor roster not independently reconciled.
Essex,essex-ma/moderator,,,unresolved,,2026-08-19,Current 2026-elected Moderator not independently reconciled.
Essex,essex-ma/constable,,,unresolved,,2026-08-19,Current two Constables not independently reconciled.
Essex,essex-ma/regional-school-committee-member,,,unresolved,,2026-08-19,Current Essex-designated regional committee roster and seat allocation remain unresolved.
Essex,essex-ma/planning-board-member,,,unresolved,,2026-08-19,Current complete elected Planning Board roster and total regular seat count remain unresolved.
Everett,everett-ma/mayor,,Robert J. Van Campen,verified-current,https://cityofeverett.com/city-hall/departments/mayors-office/,2026-08-19,
Everett,everett-ma/city-council-member,Ward 1,Michele Capone,verified-current,https://cityofeverett.com/city-hall/administration/city-council/,2026-08-19,
Everett,everett-ma/city-council-member,Ward 2,Stephanie Martins,verified-current,https://cityofeverett.com/city-hall/administration/city-council/,2026-08-19,
Everett,everett-ma/city-council-member,Ward 3,Anthony DiPierro,verified-current,https://cityofeverett.com/city-hall/administration/city-council/,2026-08-19,
Everett,everett-ma/city-council-member,Ward 4,Holly Garcia,verified-current,https://cityofeverett.com/city-hall/administration/city-council/,2026-08-19,
Everett,everett-ma/city-council-member,Ward 5,Vivian Nguyen,verified-current,https://cityofeverett.com/city-hall/administration/city-council/,2026-08-19,
Everett,everett-ma/city-council-member,Ward 6,Peter Pietrantonio,verified-current,https://cityofeverett.com/city-hall/administration/city-council/,2026-08-19,
Everett,everett-ma/city-council-member,At Large,Guerline Alcy Jabouin,verified-current,https://cityofeverett.com/city-hall/administration/city-council/,2026-08-19,
Everett,everett-ma/city-council-member,At Large,John F. Hanlon,verified-current,https://cityofeverett.com/city-hall/administration/city-council/,2026-08-19,
Everett,everett-ma/city-council-member,At Large,Michael Marchese,verified-current,https://cityofeverett.com/city-hall/administration/city-council/,2026-08-19,
Everett,everett-ma/city-council-member,At Large,Stephanie Smith,verified-current,https://cityofeverett.com/city-hall/administration/city-council/,2026-08-19,
Everett,everett-ma/city-council-member,At Large,Katy Rogers,verified-current,https://cityofeverett.com/city-hall/administration/city-council/,2026-08-19,
Everett,everett-ma/school-committee-member,At Large,Joseph A. LaMonica,verified-current,https://cityofeverett.com/2025-municipal-election-results/,2026-08-19,Official 2025 municipal-election winner; City inauguration materials establish the 2026-2027 School Committee term.
Everett,everett-ma/school-committee-member,At Large,Samantha M. Hurley,verified-current,https://cityofeverett.com/2025-municipal-election-results/,2026-08-19,Official 2025 municipal-election winner; City inauguration materials establish the 2026-2027 School Committee term.
Everett,everett-ma/school-committee-member,At Large,Millie J. Cardello,verified-current,https://cityofeverett.com/2025-municipal-election-results/,2026-08-19,Official 2025 municipal-election winner; City inauguration materials establish the 2026-2027 School Committee term.
Everett,everett-ma/school-committee-member,Ward 1,Margaret A. Cornelio,verified-current,https://cityofeverett.com/2025-municipal-election-results/,2026-08-19,Official 2025 municipal-election winner; City inauguration materials establish the 2026-2027 School Committee term.
Everett,everett-ma/school-committee-member,Ward 2,Joanna Michelle Garren,verified-current,https://cityofeverett.com/2025-municipal-election-results/,2026-08-19,Official 2025 municipal-election winner; City inauguration materials establish the 2026-2027 School Committee term.
Everett,everett-ma/school-committee-member,Ward 3,Jeanne M. Cristiano,verified-current,https://cityofeverett.com/2025-municipal-election-results/,2026-08-19,Official 2025 municipal-election winner; City inauguration materials establish the 2026-2027 School Committee term.
Everett,everett-ma/school-committee-member,Ward 4,Robin M. Babcock,verified-current,https://cityofeverett.com/2025-municipal-election-results/,2026-08-19,Official 2025 municipal-election winner; City inauguration materials establish the 2026-2027 School Committee term.
Everett,everett-ma/school-committee-member,Ward 5,Marcony Almeida Barros,verified-current,https://cityofeverett.com/2025-municipal-election-results/,2026-08-19,Official 2025 municipal-election winner; City inauguration materials establish the 2026-2027 School Committee term.
Everett,everett-ma/school-committee-member,Ward 6,Joseph D’Onofrio,verified-current,https://cityofeverett.com/2025-municipal-election-results/,2026-08-19,Official 2025 municipal-election winner; City inauguration materials establish the 2026-2027 School Committee term.
Fairhaven,fairhaven-ma/select-board-member,,Andrew Romano,verified-current,https://fairhaven-ma.gov/select-board/,2026-08-19,
Fairhaven,fairhaven-ma/select-board-member,,Natalie A. Mello,verified-current,https://fairhaven-ma.gov/select-board/,2026-08-19,
Fairhaven,fairhaven-ma/select-board-member,,Pamela Kuechler,verified-current,https://fairhaven-ma.gov/select-board/,2026-08-19,
Fairhaven,fairhaven-ma/select-board-member,,Andrew B. Saunders,verified-current,https://fairhaven-ma.gov/select-board/,2026-08-19,
Fairhaven,fairhaven-ma/select-board-member,,Richard Trapilo,verified-current,https://fairhaven-ma.gov/select-board/,2026-08-19,
Fairhaven,fairhaven-ma/planning-board-member,,Jessica Fidalgo,verified-current,https://fairhaven-ma.gov/planning-board/,2026-08-19,
Fairhaven,fairhaven-ma/planning-board-member,,Sean Powers,verified-current,https://fairhaven-ma.gov/planning-board/,2026-08-19,
Fairhaven,fairhaven-ma/planning-board-member,,Miles Grant,verified-current,https://fairhaven-ma.gov/planning-board/,2026-08-19,
Fairhaven,fairhaven-ma/planning-board-member,,Sharon Simmons,verified-current,https://fairhaven-ma.gov/planning-board/,2026-08-19,
Fairhaven,fairhaven-ma/planning-board-member,,Patrick Carr,verified-current,https://fairhaven-ma.gov/planning-board/,2026-08-19,
Fairhaven,fairhaven-ma/planning-board-member,,Ruy daSilva,verified-current,https://fairhaven-ma.gov/planning-board/,2026-08-19,
Fairhaven,fairhaven-ma/planning-board-member,,Kevin Grant,verified-current,https://fairhaven-ma.gov/planning-board/,2026-08-19,
Fairhaven,fairhaven-ma/planning-board-member,,Jeffrey Lucas,verified-current,https://fairhaven-ma.gov/planning-board/,2026-08-19,
Fairhaven,fairhaven-ma/school-committee-member,,Erik Baumann,verified-current,https://fairhaven-ma.gov/document/election-results/,2026-08-19,Supported by the official 2026 election: two regular seats plus the one-year unexpired seat.
Fairhaven,fairhaven-ma/school-committee-member,,Donna McKenna,verified-current,https://fairhaven-ma.gov/document/election-results/,2026-08-19,Supported by the official 2026 election: two regular seats plus the one-year unexpired seat.
Fairhaven,fairhaven-ma/school-committee-member,,Michael Sherman,verified-current,https://fairhaven-ma.gov/document/election-results/,2026-08-19,Supported by the official 2026 election: two regular seats plus the one-year unexpired seat.
Fairhaven,fairhaven-ma/school-committee-member,,,unresolved,,2026-08-19,Three holdover School Committee seats remain to be reconciled against the post-2026 roster.
Fairhaven,fairhaven-ma/public-works-commissioner,,Brian Russell Wotton,verified-current,https://fairhaven-ma.gov/document/election-results/,2026-08-19,Two 2026 regular-term winners; three holdover commissioners remain to be reconciled.
Fairhaven,fairhaven-ma/public-works-commissioner,,Marcus David Ferro,verified-current,https://fairhaven-ma.gov/document/election-results/,2026-08-19,Two 2026 regular-term winners; three holdover commissioners remain to be reconciled.
Fairhaven,fairhaven-ma/public-works-commissioner,,,unresolved,,2026-08-19,Three holdover Board of Public Works seats remain to be reconciled.
Fairhaven,fairhaven-ma/board-of-health-member,,Justine Frezza,verified-current,https://fairhaven-ma.gov/document/election-results/,2026-08-19,2026 regular-term winner; other two Board of Health seats remain to be reconciled.
Fairhaven,fairhaven-ma/board-of-health-member,,,unresolved,,2026-08-19,Two holdover Board of Health seats remain to be reconciled.
Fairhaven,fairhaven-ma/commissioner-of-trust-funds,,Louise M. Ponte,verified-current,https://fairhaven-ma.gov/document/election-results/,2026-08-19,2026 regular-term winner; other two commissioners remain to be reconciled.
Fairhaven,fairhaven-ma/commissioner-of-trust-funds,,,unresolved,,2026-08-19,Two holdover Commissioner of Trust Funds seats remain to be reconciled.
Fairhaven,fairhaven-ma/housing-authority-member,,Carol Alfonso,verified-current,https://fairhaven-ma.gov/housing-authority-2/,2026-08-19,Current official Housing Authority page explicitly identifies this member as elected.
Fairhaven,fairhaven-ma/housing-authority-member,,Jay Simmons,verified-current,https://fairhaven-ma.gov/housing-authority-2/,2026-08-19,Current official Housing Authority page explicitly identifies this member as elected.
Fairhaven,fairhaven-ma/housing-authority-member,,Jacob Galary,verified-current,https://fairhaven-ma.gov/housing-authority-2/,2026-08-19,Current official Housing Authority page explicitly identifies this member as elected.
Fairhaven,fairhaven-ma/town-clerk,,,unresolved,,2026-08-19,Current elected Town Clerk name was not independently extracted from the official page in this batch.
Fairhaven,fairhaven-ma/town-meeting-member,,,unresolved,,2026-08-19,Representative Town Meeting membership is too large for this batch's person-level roster extraction.
Fairhaven,fairhaven-ma/tree-warden,,,unresolved,,2026-08-19,Current elected Tree Warden was not independently reconciled from a current post-election roster.
Fall River,fall-river-ma/mayor,,Paul E. Coogan,verified-current,https://fallriverma.gov/government/mayors_office/index.php,2026-08-19,
Fall River,fall-river-ma/city-council-member,,Cliff A. Ponte,verified-current,https://fallriverma.gov/government/city_council/current_council.php,2026-08-19,
Fall River,fall-river-ma/city-council-member,,Michelle M. Dionne,verified-current,https://fallriverma.gov/government/city_council/current_council.php,2026-08-19,
Fall River,fall-river-ma/city-council-member,,Shawn E. Cadime,verified-current,https://fallriverma.gov/government/city_council/current_council.php,2026-08-19,
Fall River,fall-river-ma/city-council-member,,Joseph D. Camara,verified-current,https://fallriverma.gov/government/city_council/current_council.php,2026-08-19,
Fall River,fall-river-ma/city-council-member,,Michael G. Canuel,verified-current,https://fallriverma.gov/government/city_council/current_council.php,2026-08-19,
Fall River,fall-river-ma/city-council-member,,Paul B. Hart,verified-current,https://fallriverma.gov/government/city_council/current_council.php,2026-08-19,
Fall River,fall-river-ma/city-council-member,,"Christopher M. Peckham, Sr.",verified-current,https://fallriverma.gov/government/city_council/current_council.php,2026-08-19,
Fall River,fall-river-ma/city-council-member,,Linda M. Pereira,verified-current,https://fallriverma.gov/government/city_council/current_council.php,2026-08-19,
Fall River,fall-river-ma/city-council-member,,Andrew J. Raposo,verified-current,https://fallriverma.gov/government/city_council/current_council.php,2026-08-19,
Fall River,fall-river-ma/school-committee-member,,Kevin Aguiar,verified-current,https://www.fallriverschools.org/school-committee/sub-committee,2026-08-19,
Fall River,fall-river-ma/school-committee-member,,Ana C. Riley,verified-current,https://www.fallriverschools.org/school-committee/sub-committee,2026-08-19,
Fall River,fall-river-ma/school-committee-member,,Tom Khoury,verified-current,https://www.fallriverschools.org/school-committee/sub-committee,2026-08-19,
Fall River,fall-river-ma/school-committee-member,,Collin Dias,verified-current,https://www.fallriverschools.org/school-committee/sub-committee,2026-08-19,
Fall River,fall-river-ma/school-committee-member,,Emanuel Moniz,verified-current,https://www.fallriverschools.org/school-committee/sub-committee,2026-08-19,
Fall River,fall-river-ma/school-committee-member,,Shanell Stewart,verified-current,https://www.fallriverschools.org/school-committee/sub-committee,2026-08-19,
Fitchburg,fitchburg-ma/mayor,,Samantha Squailia,verified-current,https://www.fitchburgma.gov/412/Mayors-Office,2026-08-19,
Fitchburg,fitchburg-ma/city-council-member,At Large,Sally H. Cragin,verified-current,https://www.fitchburgma.gov/AgendaCenter/ViewFile/Minutes/_05202026-5234,2026-08-19,
Fitchburg,fitchburg-ma/city-council-member,At Large,Amy Green,verified-current,https://www.fitchburgma.gov/AgendaCenter/ViewFile/Minutes/_05202026-5234,2026-08-19,
Fitchburg,fitchburg-ma/city-council-member,At Large,Kevin T. Starr,verified-current,https://www.fitchburgma.gov/AgendaCenter/ViewFile/Minutes/_05202026-5234,2026-08-19,
Fitchburg,fitchburg-ma/city-council-member,At Large,Elizabeth R. Walsh,verified-current,https://www.fitchburgma.gov/AgendaCenter/ViewFile/Minutes/_05202026-5234,2026-08-19,
Fitchburg,fitchburg-ma/city-council-member,At Large,Anthony M. Zarrella,verified-current,https://www.fitchburgma.gov/AgendaCenter/ViewFile/Minutes/_05202026-5234,2026-08-19,
Fitchburg,fitchburg-ma/city-council-member,Ward 1,Bernard J. Schultz III,verified-current,https://www.fitchburgma.gov/AgendaCenter/ViewFile/Minutes/_05202026-5234,2026-08-19,
Fitchburg,fitchburg-ma/city-council-member,Ward 2,Paul R. Beauchemin,verified-current,https://www.fitchburgma.gov/AgendaCenter/ViewFile/Minutes/_05202026-5234,2026-08-19,
Fitchburg,fitchburg-ma/city-council-member,Ward 3,"Joseph S. Bowen, Jr.",verified-current,https://www.fitchburgma.gov/AgendaCenter/ViewFile/Minutes/_05202026-5234,2026-08-19,
Fitchburg,fitchburg-ma/city-council-member,Ward 4,Andrew J. Van Hazinga,verified-current,https://www.fitchburgma.gov/AgendaCenter/ViewFile/Minutes/_05202026-5234,2026-08-19,
Fitchburg,fitchburg-ma/city-council-member,Ward 5,Marisa R. Fleming,verified-current,https://www.fitchburgma.gov/AgendaCenter/ViewFile/Minutes/_05202026-5234,2026-08-19,
Fitchburg,fitchburg-ma/city-council-member,Ward 6,Derrick J. Cruz,verified-current,https://www.fitchburgma.gov/AgendaCenter/ViewFile/Minutes/_05202026-5234,2026-08-19,
Fitchburg,fitchburg-ma/school-committee-member,,Peter V. Stephens,verified-current,https://www.fitchburgma.gov/718/School-Committee,2026-08-19,
Fitchburg,fitchburg-ma/school-committee-member,,Lindsey S. Englund,verified-current,https://www.fitchburgma.gov/718/School-Committee,2026-08-19,
Fitchburg,fitchburg-ma/school-committee-member,,Debra A. Jeffries,verified-current,https://www.fitchburgma.gov/718/School-Committee,2026-08-19,
Fitchburg,fitchburg-ma/school-committee-member,,Maritza M. Knight,verified-current,https://www.fitchburgma.gov/718/School-Committee,2026-08-19,
Fitchburg,fitchburg-ma/school-committee-member,,Robert Campbell,verified-current,https://www.fitchburgma.gov/718/School-Committee,2026-08-19,
Fitchburg,fitchburg-ma/school-committee-member,,James M. Walsh,verified-current,https://www.fitchburgma.gov/718/School-Committee,2026-08-19,
Florida,florida-ma/select-board-member,,Neil Oleson,verified-current,https://www.townofflorida.org/officials.html,2026-08-19,
Florida,florida-ma/select-board-member,,Michael Bedini,verified-current,https://www.townofflorida.org/officials.html,2026-08-19,
Florida,florida-ma/select-board-member,,Timothy Zelazo,verified-current,https://www.townofflorida.org/officials.html,2026-08-19,
Florida,florida-ma/assessor,,Krista Bishop,verified-current,https://www.townofflorida.org/officials.html,2026-08-19,
Florida,florida-ma/assessor,,Lawrence Cote,verified-current,https://www.townofflorida.org/officials.html,2026-08-19,
Florida,florida-ma/assessor,,Susan Bedini,verified-current,https://www.townofflorida.org/officials.html,2026-08-19,
Florida,florida-ma/board-of-health-member,,"Alfred Bedini, Sr.",verified-current,https://www.townofflorida.org/officials.html,2026-08-19,
Florida,florida-ma/board-of-health-member,,Neil Oleson,verified-current,https://www.townofflorida.org/officials.html,2026-08-19,
Florida,florida-ma/board-of-health-member,,Michael Bedini,verified-current,https://www.townofflorida.org/officials.html,2026-08-19,
Florida,florida-ma/moderator,,Steven W. Brown,verified-current,https://www.townofflorida.org/announcements.html,2026-08-19,"Named winner in the official May 4, 2026 Annual Town Election results."
Florida,florida-ma/auditor,,Chase B. Lewis,verified-current,https://www.townofflorida.org/announcements.html,2026-08-19,"Named winner in the official May 4, 2026 Annual Town Election results."
Florida,florida-ma/tree-warden,,James R. White,verified-current,https://www.townofflorida.org/announcements.html,2026-08-19,"Named winner in the official May 4, 2026 Annual Town Election results."
Florida,florida-ma/constable,,Ronald Briggs,verified-current,https://www.townofflorida.org/announcements.html,2026-08-19,"Named winner in the official May 4, 2026 Annual Town Election results."
Florida,florida-ma/library-trustee,,Rebecca L. Moyer,verified-current,https://www.townofflorida.org/announcements.html,2026-08-19,"Named winner in the official May 4, 2026 Annual Town Election results."
Florida,florida-ma/school-committee-member,,Heather L. O’Brien,verified-current,https://www.townofflorida.org/announcements.html,2026-08-19,"Named winner in the official May 4, 2026 Annual Town Election results."
Florida,florida-ma/soldiers-memorial-trustee,,Thomas F. Brule,verified-current,https://www.townofflorida.org/announcements.html,2026-08-19,"Named winner in the official May 4, 2026 Annual Town Election results."
Florida,florida-ma/soldiers-memorial-trustee,,Nathan A. O’Hearn,verified-current,https://www.townofflorida.org/announcements.html,2026-08-19,"Named winner in the official May 4, 2026 Annual Town Election results."
Florida,florida-ma/planning-board-member,,Jon Oleson,verified-current,https://www.townofflorida.org/announcements.html,2026-08-19,"Named winner in the official May 4, 2026 Annual Town Election results."
Florida,florida-ma/library-trustee,,,unresolved,,2026-08-19,Other current Library Trustee seats remain unresolved.
Florida,florida-ma/school-committee-member,,,unresolved,,2026-08-19,Other current School Committee seats remain unresolved.
Florida,florida-ma/soldiers-memorial-trustee,,,unresolved,,2026-08-19,Any additional Soldiers Memorial trustee seat(s) remain unresolved.
Florida,florida-ma/planning-board-member,,,unresolved,,2026-08-19,Other current Planning Board seats remain unresolved.
Foxborough,foxborough-ma/select-board-member,,William F. Yukna,verified-current,https://foxboroughma.gov/boards_committees/select_board,2026-08-19,
Foxborough,foxborough-ma/select-board-member,,Amy L. LaBrache,verified-current,https://foxboroughma.gov/boards_committees/select_board,2026-08-19,
Foxborough,foxborough-ma/select-board-member,,Mark S. Elfman,verified-current,https://foxboroughma.gov/boards_committees/select_board,2026-08-19,
Foxborough,foxborough-ma/select-board-member,,Stephanie A. McGowan,verified-current,https://foxboroughma.gov/boards_committees/select_board,2026-08-19,
Foxborough,foxborough-ma/select-board-member,,Deborah A. Giardino,verified-current,https://foxboroughma.gov/boards_committees/select_board,2026-08-19,
Foxborough,foxborough-ma/board-of-health-member,,Sophia Manos,verified-current,https://foxboroughma.gov/boards_committees/board_of_health,2026-08-19,
Foxborough,foxborough-ma/board-of-health-member,,Robin Chapell,verified-current,https://foxboroughma.gov/boards_committees/board_of_health,2026-08-19,
Foxborough,foxborough-ma/board-of-health-member,,Aimee Sue Medicke,verified-current,https://foxboroughma.gov/boards_committees/board_of_health,2026-08-19,
Foxborough,foxborough-ma/planning-board-member,,Kevin Weinfeld,verified-current,https://foxboroughma.gov/departments/land_use,2026-08-19,
Foxborough,foxborough-ma/planning-board-member,,Ronald Bressé,verified-current,https://foxboroughma.gov/departments/land_use,2026-08-19,
Foxborough,foxborough-ma/planning-board-member,,Tom Murphy,verified-current,https://foxboroughma.gov/departments/land_use,2026-08-19,
Foxborough,foxborough-ma/planning-board-member,,Danielle Ballou,verified-current,https://foxboroughma.gov/departments/land_use,2026-08-19,
Foxborough,foxborough-ma/planning-board-member,,Jeffrey Peterson,verified-current,https://foxboroughma.gov/departments/land_use,2026-08-19,
Foxborough,foxborough-ma/school-committee-member,,Nathan Urman,verified-current,https://www.foxborough.k12.ma.us/school_committee/members_of_the_school_committee,2026-08-19,
Foxborough,foxborough-ma/school-committee-member,,Patrick McGuire,verified-current,https://www.foxborough.k12.ma.us/school_committee/members_of_the_school_committee,2026-08-19,
Foxborough,foxborough-ma/school-committee-member,,Sarah LiDonni,verified-current,https://www.foxborough.k12.ma.us/school_committee/members_of_the_school_committee,2026-08-19,
Foxborough,foxborough-ma/school-committee-member,,Michelle Thackston,verified-current,https://www.foxborough.k12.ma.us/school_committee/members_of_the_school_committee,2026-08-19,
Foxborough,foxborough-ma/school-committee-member,,Alison Culley,verified-current,https://www.foxborough.k12.ma.us/school_committee/members_of_the_school_committee,2026-08-19,
Foxborough,foxborough-ma/water-sewer-commissioner,,Michael P. Stanton,verified-current,https://foxboroughma.gov/boards_committees/board_of_water_sewer_commissioners,2026-08-19,
Foxborough,foxborough-ma/water-sewer-commissioner,,"Richard M. Pacella, Jr.",verified-current,https://foxboroughma.gov/boards_committees/board_of_water_sewer_commissioners,2026-08-19,
Foxborough,foxborough-ma/water-sewer-commissioner,,Robert T. Garber,verified-current,https://foxboroughma.gov/boards_committees/board_of_water_sewer_commissioners,2026-08-19,
Foxborough,foxborough-ma/town-clerk,,"Robert E. Cutler, Jr.",verified-current,https://foxboroughma.gov/departments/town_clerk,2026-08-19,
Foxborough,foxborough-ma/assessor,,,unresolved,,2026-08-19,Current complete elected Board of Assessors roster not independently reconciled in this batch.
Foxborough,foxborough-ma/library-trustee,,,unresolved,,2026-08-19,Current complete elected Boyden Library Trustee roster not independently reconciled.
Foxborough,foxborough-ma/housing-authority-member,,,unresolved,,2026-08-19,Current locally elected Housing Authority holders and elected/appointed composition remain unresolved.
Becket,becket-ma/select-board-member,,Christopher Swindlehurst,verified-current,https://www.townofbecket.org/select-board,2026-08-19,
Becket,becket-ma/select-board-member,,William Elovirta,verified-current,https://www.townofbecket.org/select-board,2026-08-19,
Becket,becket-ma/select-board-member,,Jeffrey Piemont,verified-current,https://www.townofbecket.org/select-board,2026-08-19,
Becket,becket-ma/assessor,,Geraldine Walter,verified-current,https://www.townofbecket.org/board-assessors,2026-08-19,
Becket,becket-ma/assessor,,Jessica Perotti,verified-current,https://www.townofbecket.org/board-assessors,2026-08-19,
Becket,becket-ma/assessor,,Beverly Gilbert,verified-current,https://www.townofbecket.org/board-assessors,2026-08-19,
Becket,becket-ma/regional-school-committee-member,,Barbara Craft-Reiss,verified-current,https://www.townofbecket.org/school-committee-central-berkshire-regional-school-district,2026-08-19,
Becket,becket-ma/regional-school-committee-member,,Aaron Beatty,verified-current,https://www.townofbecket.org/school-committee-central-berkshire-regional-school-district,2026-08-19,
Becket,becket-ma/town-clerk,,Robin C. Mathiesen,verified-current,https://www.townofbecket.org/town-clerk/files/2026-annual-town-election-results,2026-08-19,Winner of the 2026 regular three-year Town Clerk contest.
Becket,becket-ma/moderator,,Ethan Klepetar,verified-current,https://www.townofbecket.org/town-clerk/files/2026-annual-town-election-results,2026-08-19,Winner of the 2026 regular three-year Moderator contest.
Becket,becket-ma/finance-committee-member,,Ellen Manley,verified-current,https://www.townofbecket.org/town-clerk/files/2026-annual-town-election-results,2026-08-19,Winner of the 2026 Finance Committee opening.
Becket,becket-ma/planning-board-member,,Natasha Loeffler,verified-current,https://www.townofbecket.org/town-clerk/files/2026-annual-town-election-results,2026-08-19,Winner of the 2026 regular five-year Planning Board opening.
Becket,becket-ma/board-of-health-member,,Mary Canty,verified-current,https://www.townofbecket.org/town-clerk/files/2026-annual-town-election-results,2026-08-19,2026 write-in winner for a regular three-year Board of Health seat.
Becket,becket-ma/finance-committee-member,,,unresolved,,2026-08-19,Remaining current elected Finance Committee membership not fully normalized.
Becket,becket-ma/planning-board-member,,,unresolved,,2026-08-19,Four holdover Planning Board seats remain to be reconciled against the post-election roster.
Becket,becket-ma/board-of-health-member,,,unresolved,,2026-08-19,Two holdover Board of Health seats remain to be reconciled.
Charlemont,charlemont-ma/select-board-member,,Kim Blakeslee,verified-current,https://charlemont-ma.us/p/24/Town-Clerk,2026-08-19,Winner listed in the official 2026 Town Election results.
Charlemont,charlemont-ma/assessor,,Karen Rau,verified-current,https://charlemont-ma.us/p/24/Town-Clerk,2026-08-19,Winner listed in the official 2026 Town Election results.
Charlemont,charlemont-ma/planning-board-member,,Robert Nelson,verified-current,https://charlemont-ma.us/p/24/Town-Clerk,2026-08-19,Winner of a regular five-year Planning Board contest in the 2026 Town Election.
Charlemont,charlemont-ma/planning-board-member,,Molly Cantor,verified-current,https://charlemont-ma.us/p/24/Town-Clerk,2026-08-19,Winner listed for a Planning Board contest in the 2026 Town Election.
Charlemont,charlemont-ma/select-board-member,,,unresolved,,2026-08-19,Two holdover Select Board members remain to be reconciled.
Charlemont,charlemont-ma/moderator,,,unresolved,,2026-08-19,Current 2026-elected Moderator not independently extracted.
Charlemont,charlemont-ma/constable,,,unresolved,,2026-08-19,Current 2026-elected Constable not independently extracted.
Charlemont,charlemont-ma/board-of-health-member,,,unresolved,,2026-08-19,Current complete Board of Health roster not independently reconciled.
Charlemont,charlemont-ma/assessor,,,unresolved,,2026-08-19,Two holdover assessors remain to be reconciled.
Charlemont,charlemont-ma/school-committee-member,,,unresolved,,2026-08-19,Current Charlemont School Committee roster remains unresolved.
Charlemont,charlemont-ma/local-education-council-member,,,unresolved,,2026-08-19,Current Local Education Council roster remains unresolved.
Charlemont,charlemont-ma/library-trustee,,,unresolved,,2026-08-19,Current Library Trustee roster remains unresolved.
Charlemont,charlemont-ma/parks-recreation-commissioner,,,unresolved,,2026-08-19,Current Parks and Recreation Commission roster remains unresolved.
Charlemont,charlemont-ma/planning-board-member,,,unresolved,,2026-08-19,Remaining Planning Board seats require post-election roster reconciliation.
Charlemont,charlemont-ma/regional-school-committee-member,,,unresolved,,2026-08-19,Current Mohawk Trail regional representative not independently re-confirmed in this batch.
Deerfield,deerfield-ma/water-commissioner,,Shawn Bowman,verified-current,https://deerfieldma.us/321/South-Deerfield-Water-Supply-District,2026-08-19,
Deerfield,deerfield-ma/water-commissioner,,Steve Baranoski,verified-current,https://deerfieldma.us/321/South-Deerfield-Water-Supply-District,2026-08-19,
Deerfield,deerfield-ma/water-commissioner,,Gary Stokarski,verified-current,https://deerfieldma.us/321/South-Deerfield-Water-Supply-District,2026-08-19,
Deerfield,deerfield-ma/select-board-member,,,unresolved,,2026-08-19,Current three-member Selectboard roster not fully reconciled from a current official member page.
Deerfield,deerfield-ma/assessor,,,unresolved,,2026-08-19,Current three-member elected assessor roster not fully reconciled.
Deerfield,deerfield-ma/constable,,,unresolved,,2026-08-19,Current Constable not independently reconciled.
Deerfield,deerfield-ma/school-committee-member,,,unresolved,,2026-08-19,Current five-member Deerfield School Committee roster not fully reconciled.
Deerfield,deerfield-ma/oliver-smith-will-elector,,,unresolved,,2026-08-19,Current Elector under Oliver Smith Will not independently reconciled.
Deerfield,deerfield-ma/regional-school-committee-member,,,unresolved,,2026-08-19,Current Frontier Regional representatives and Deerfield seat allocation remain unresolved.
Deerfield,deerfield-ma/planning-board-member,,,unresolved,,2026-08-19,Current elected Planning Board roster and total regular membership remain unresolved.
Deerfield,deerfield-ma/library-trustee,,,unresolved,,2026-08-19,Current Tilton Library Trustee roster and total elected size remain unresolved.
Deerfield,deerfield-ma/moderator,,,unresolved,,2026-08-19,Current Moderator not independently reconciled.
Framingham,framingham-ma/mayor,,Charlie Sisitsky,verified-current,https://www.framinghamma.gov/2703/Elected-Officials,2026-08-19,
Framingham,framingham-ma/city-council-member,At Large,"George P. King, Jr.",verified-current,https://www.framinghamma.gov/2703/Elected-Officials,2026-08-19,
Framingham,framingham-ma/city-council-member,At Large,Janet Leombruno,verified-current,https://www.framinghamma.gov/2703/Elected-Officials,2026-08-19,
Framingham,framingham-ma/city-council-member,District 1,Christine A. Long,verified-current,https://www.framinghamma.gov/2703/Elected-Officials,2026-08-19,
Framingham,framingham-ma/city-council-member,District 2,Brandon F. Ward,verified-current,https://www.framinghamma.gov/2703/Elected-Officials,2026-08-19,
Framingham,framingham-ma/city-council-member,District 3,Mary Kate Feeney,verified-current,https://www.framinghamma.gov/2703/Elected-Officials,2026-08-19,
Framingham,framingham-ma/city-council-member,District 4,Michael P. Cannon,verified-current,https://www.framinghamma.gov/2703/Elected-Officials,2026-08-19,
Framingham,framingham-ma/city-council-member,District 5,Noval A. Alexander,verified-current,https://www.framinghamma.gov/2703/Elected-Officials,2026-08-19,
Framingham,framingham-ma/city-council-member,District 6,"Philip R. Ottaviani, Jr.",verified-current,https://www.framinghamma.gov/2703/Elected-Officials,2026-08-19,
Framingham,framingham-ma/city-council-member,District 7,Leora R. Mallach,verified-current,https://www.framinghamma.gov/2703/Elected-Officials,2026-08-19,
Framingham,framingham-ma/city-council-member,District 8,John A. Stefanini,verified-current,https://www.framinghamma.gov/2703/Elected-Officials,2026-08-19,
Framingham,framingham-ma/city-council-member,District 9,Tracey Bryant,verified-current,https://www.framinghamma.gov/2703/Elected-Officials,2026-08-19,
Framingham,framingham-ma/school-committee-member,District 1,Ricardo Robles,verified-current,https://www.framinghamma.gov/2703/Elected-Officials,2026-08-19,
Framingham,framingham-ma/school-committee-member,District 2,Lorena Tovar,verified-current,https://www.framinghamma.gov/2703/Elected-Officials,2026-08-19,
Framingham,framingham-ma/school-committee-member,District 3,Jennifer A. Moshe,verified-current,https://www.framinghamma.gov/2703/Elected-Officials,2026-08-19,
Framingham,framingham-ma/school-committee-member,District 4,Adam L. Freudberg,verified-current,https://www.framinghamma.gov/2703/Elected-Officials,2026-08-19,
Framingham,framingham-ma/school-committee-member,District 5,Judith L. Styer,verified-current,https://www.framinghamma.gov/2703/Elected-Officials,2026-08-19,
Framingham,framingham-ma/school-committee-member,District 6,Brent W. Lewis,verified-current,https://www.framinghamma.gov/2703/Elected-Officials,2026-08-19,
Framingham,framingham-ma/school-committee-member,District 7,Kyle J. Shepherd,verified-current,https://www.framinghamma.gov/2703/Elected-Officials,2026-08-19,
Framingham,framingham-ma/school-committee-member,District 8,Jessica S. Barnhill,verified-current,https://www.framinghamma.gov/2703/Elected-Officials,2026-08-19,
Framingham,framingham-ma/school-committee-member,District 9,William J. LaBarge,verified-current,https://www.framinghamma.gov/2703/Elected-Officials,2026-08-19,
Framingham,framingham-ma/library-trustee,,Annabel Dodd,verified-current,https://www.framinghamma.gov/2703/Elected-Officials,2026-08-19,
Framingham,framingham-ma/library-trustee,,Cynthia Maclean,verified-current,https://www.framinghamma.gov/2703/Elected-Officials,2026-08-19,
Framingham,framingham-ma/library-trustee,,Julie Wolf,verified-current,https://www.framinghamma.gov/2703/Elected-Officials,2026-08-19,
Framingham,framingham-ma/library-trustee,,Janet L. Harrington,verified-current,https://www.framinghamma.gov/2703/Elected-Officials,2026-08-19,
Framingham,framingham-ma/library-trustee,,Robert M. Dodd,verified-current,https://www.framinghamma.gov/2703/Elected-Officials,2026-08-19,
Framingham,framingham-ma/library-trustee,,Heather Klish,verified-current,https://www.framinghamma.gov/2703/Elected-Officials,2026-08-19,
Framingham,framingham-ma/library-trustee,,Ruth S. Winett,verified-current,https://www.framinghamma.gov/2703/Elected-Officials,2026-08-19,
Framingham,framingham-ma/library-trustee,,Isabella L. Petroni,verified-current,https://www.framinghamma.gov/2703/Elected-Officials,2026-08-19,
Framingham,framingham-ma/library-trustee,,Matthew T. Corcoran,verified-current,https://www.framinghamma.gov/2703/Elected-Officials,2026-08-19,
Framingham,framingham-ma/library-trustee,,Steven C. Malchman,verified-current,https://www.framinghamma.gov/2703/Elected-Officials,2026-08-19,
Framingham,framingham-ma/library-trustee,,Jenny D. DeArcangelis,verified-current,https://www.framinghamma.gov/2703/Elected-Officials,2026-08-19,
Framingham,framingham-ma/library-trustee,,Ronda H. Andrews,verified-current,https://www.framinghamma.gov/2703/Elected-Officials,2026-08-19,
Framingham,framingham-ma/cemetery-trustee,,Susan Silva,verified-current,https://www.framinghamma.gov/2703/Elected-Officials,2026-08-19,
Framingham,framingham-ma/cemetery-trustee,,John J. Feeney,verified-current,https://www.framinghamma.gov/2703/Elected-Officials,2026-08-19,
Framingham,framingham-ma/cemetery-trustee,,Dennis W. Cardiff,verified-current,https://www.framinghamma.gov/2703/Elected-Officials,2026-08-19,
Framingham,framingham-ma/cemetery-trustee,,Julie Ferrari,verified-current,https://www.framinghamma.gov/2703/Elected-Officials,2026-08-19,
Framingham,framingham-ma/cemetery-trustee,,Nicholas Paganella,verified-current,https://www.framinghamma.gov/2703/Elected-Officials,2026-08-19,
Franklin,franklin-ma/town-council-member,,Jane Callaway-Tripp,verified-current,https://www.franklinma.gov/AgendaCenter/ViewFile/Minutes/_12172025-2062,2026-08-19,
Franklin,franklin-ma/town-council-member,,Ted Cormier-Leger,verified-current,https://www.franklinma.gov/AgendaCenter/ViewFile/Minutes/_12172025-2062,2026-08-19,
Franklin,franklin-ma/town-council-member,,Robert Dellorco,verified-current,https://www.franklinma.gov/AgendaCenter/ViewFile/Minutes/_12172025-2062,2026-08-19,
Franklin,franklin-ma/town-council-member,,Gene Grella,verified-current,https://www.franklinma.gov/AgendaCenter/ViewFile/Minutes/_12172025-2062,2026-08-19,
Franklin,franklin-ma/town-council-member,,Caroline Griffith,verified-current,https://www.franklinma.gov/AgendaCenter/ViewFile/Minutes/_12172025-2062,2026-08-19,
Franklin,franklin-ma/town-council-member,,Michael LeBlanc,verified-current,https://www.franklinma.gov/AgendaCenter/ViewFile/Minutes/_12172025-2062,2026-08-19,
Franklin,franklin-ma/town-council-member,,Stephen Malloy,verified-current,https://www.franklinma.gov/AgendaCenter/ViewFile/Minutes/_12172025-2062,2026-08-19,
Franklin,franklin-ma/town-council-member,,Max Morrongiello,verified-current,https://www.franklinma.gov/AgendaCenter/ViewFile/Minutes/_12172025-2062,2026-08-19,
Franklin,franklin-ma/town-council-member,,Kenneth Ojukwu,verified-current,https://www.franklinma.gov/AgendaCenter/ViewFile/Minutes/_12172025-2062,2026-08-19,
Franklin,franklin-ma/town-clerk,,Nancy Danello,verified-current,https://www.franklinma.gov/DocumentCenter/View/7540/OFFICIAL-RESULTS---11-4-2025---LOCAL-BIENNIAL-ELECTION-11-5-2025,2026-08-19,
Franklin,franklin-ma/school-committee-member,,Nadia Mausolf,verified-current,https://www.franklinma.gov/DocumentCenter/View/7540/OFFICIAL-RESULTS---11-4-2025---LOCAL-BIENNIAL-ELECTION-11-5-2025,2026-08-19,One of the seven highest vote-getters in the official 2025 biennial election.
Franklin,franklin-ma/school-committee-member,,David C. Callaghan,verified-current,https://www.franklinma.gov/DocumentCenter/View/7540/OFFICIAL-RESULTS---11-4-2025---LOCAL-BIENNIAL-ELECTION-11-5-2025,2026-08-19,One of the seven highest vote-getters in the official 2025 biennial election.
Franklin,franklin-ma/school-committee-member,,Ruthann O'Sullivan,verified-current,https://www.franklinma.gov/DocumentCenter/View/7540/OFFICIAL-RESULTS---11-4-2025---LOCAL-BIENNIAL-ELECTION-11-5-2025,2026-08-19,One of the seven highest vote-getters in the official 2025 biennial election.
Franklin,franklin-ma/school-committee-member,,Henry Reis Hansen,verified-current,https://www.franklinma.gov/DocumentCenter/View/7540/OFFICIAL-RESULTS---11-4-2025---LOCAL-BIENNIAL-ELECTION-11-5-2025,2026-08-19,One of the seven highest vote-getters in the official 2025 biennial election.
Franklin,franklin-ma/school-committee-member,,Paul Griffith,verified-current,https://www.franklinma.gov/DocumentCenter/View/7540/OFFICIAL-RESULTS---11-4-2025---LOCAL-BIENNIAL-ELECTION-11-5-2025,2026-08-19,One of the seven highest vote-getters in the official 2025 biennial election.
Franklin,franklin-ma/school-committee-member,,Al Charles,verified-current,https://www.franklinma.gov/DocumentCenter/View/7540/OFFICIAL-RESULTS---11-4-2025---LOCAL-BIENNIAL-ELECTION-11-5-2025,2026-08-19,One of the seven highest vote-getters in the official 2025 biennial election.
Franklin,franklin-ma/school-committee-member,,Stephen Karunakaran,verified-current,https://www.franklinma.gov/DocumentCenter/View/7540/OFFICIAL-RESULTS---11-4-2025---LOCAL-BIENNIAL-ELECTION-11-5-2025,2026-08-19,One of the seven highest vote-getters in the official 2025 biennial election.
Franklin,franklin-ma/planning-board-member,,Mark A. Mucciarone,verified-current,https://www.franklinma.gov/DocumentCenter/View/7540/OFFICIAL-RESULTS---11-4-2025---LOCAL-BIENNIAL-ELECTION-11-5-2025,2026-08-19,Winner of a regular Planning Board seat in the official 2025 biennial election.
Franklin,franklin-ma/planning-board-member,,Eric Steltzer,verified-current,https://www.franklinma.gov/DocumentCenter/View/7540/OFFICIAL-RESULTS---11-4-2025---LOCAL-BIENNIAL-ELECTION-11-5-2025,2026-08-19,Winner of a regular Planning Board seat in the official 2025 biennial election.
Franklin,franklin-ma/planning-board-associate,,William J. Lee IV,verified-current,https://www.franklinma.gov/DocumentCenter/View/7540/OFFICIAL-RESULTS---11-4-2025---LOCAL-BIENNIAL-ELECTION-11-5-2025,2026-08-19,
Franklin,franklin-ma/assessor,,Christopher Feeley,verified-current,https://www.franklinma.gov/directory.aspx,2026-08-19,
Franklin,franklin-ma/assessor,,Cheryl Hanly,verified-current,https://www.franklinma.gov/directory.aspx,2026-08-19,
Franklin,franklin-ma/assessor,,,unresolved,,2026-08-19,Third current assessor seat remains to be reconciled.
Franklin,franklin-ma/board-of-health-member,,Kim Mu-Chow,verified-current,https://www.franklinma.gov/directory.aspx,2026-08-19,
Franklin,franklin-ma/board-of-health-member,,Jeffrey Harris,verified-current,https://www.franklinma.gov/directory.aspx,2026-08-19,
Franklin,franklin-ma/board-of-health-member,,Diane Daddario,verified-current,https://www.franklinma.gov/directory.aspx,2026-08-19,
Franklin,franklin-ma/constable,,,unresolved,,2026-08-19,Current three elected Constables were not independently reconciled.
Franklin,franklin-ma/planning-board-member,,,unresolved,,2026-08-19,Three holdover regular Planning Board seats remain to be reconciled.
Freetown,freetown-ma/assessor,,Paul G. Sadeck,verified-current,https://www.freetownma.gov/1296/Elected-Officials-Federal-State-Local,2026-08-19,
Freetown,freetown-ma/assessor,,Jeffrey D. Field,verified-current,https://www.freetownma.gov/1296/Elected-Officials-Federal-State-Local,2026-08-19,
Freetown,freetown-ma/assessor,,Melissa Motta,verified-current,https://www.freetownma.gov/1296/Elected-Officials-Federal-State-Local,2026-08-19,
Freetown,freetown-ma/board-of-health-member,,Margaret M. French,verified-current,https://www.freetownma.gov/1296/Elected-Officials-Federal-State-Local,2026-08-19,
Freetown,freetown-ma/board-of-health-member,,Elizabeth Turi,verified-current,https://www.freetownma.gov/1296/Elected-Officials-Federal-State-Local,2026-08-19,
Freetown,freetown-ma/board-of-health-member,,Carlos Lopes,verified-current,https://www.freetownma.gov/1296/Elected-Officials-Federal-State-Local,2026-08-19,
Freetown,freetown-ma/select-board-member,,Carlos Lopes,verified-current,https://www.freetownma.gov/1296/Elected-Officials-Federal-State-Local,2026-08-19,
Freetown,freetown-ma/select-board-member,,Chad S. Carvalho,verified-current,https://www.freetownma.gov/1296/Elected-Officials-Federal-State-Local,2026-08-19,
Freetown,freetown-ma/select-board-member,,Jared Zager,verified-current,https://www.freetownma.gov/1296/Elected-Officials-Federal-State-Local,2026-08-19,
Freetown,freetown-ma/cemetery-commissioner,,Mike McCue,verified-current,https://www.freetownma.gov/1296/Elected-Officials-Federal-State-Local,2026-08-19,
Freetown,freetown-ma/cemetery-commissioner,,Nicole Bruno,verified-current,https://www.freetownma.gov/1296/Elected-Officials-Federal-State-Local,2026-08-19,
Freetown,freetown-ma/cemetery-commissioner,,Adrianne Levesque,verified-current,https://www.freetownma.gov/1296/Elected-Officials-Federal-State-Local,2026-08-19,
Freetown,freetown-ma/finance-committee-member,,Margaret M. French,verified-current,https://www.freetownma.gov/1296/Elected-Officials-Federal-State-Local,2026-08-19,
Freetown,freetown-ma/finance-committee-member,,Kara Lees,verified-current,https://www.freetownma.gov/1296/Elected-Officials-Federal-State-Local,2026-08-19,
Freetown,freetown-ma/finance-committee-member,,Craig Cabral,verified-current,https://www.freetownma.gov/1296/Elected-Officials-Federal-State-Local,2026-08-19,
Freetown,freetown-ma/finance-committee-member,,Christopher J. Dudley,verified-current,https://www.freetownma.gov/1296/Elected-Officials-Federal-State-Local,2026-08-19,
Freetown,freetown-ma/finance-committee-member,,Lisa A. Pacheco,verified-current,https://www.freetownma.gov/1296/Elected-Officials-Federal-State-Local,2026-08-19,
Freetown,freetown-ma/finance-committee-member,,John Viarella,verified-current,https://www.freetownma.gov/1296/Elected-Officials-Federal-State-Local,2026-08-19,
Freetown,freetown-ma/finance-committee-member,,Toby Christoun,verified-current,https://www.freetownma.gov/1296/Elected-Officials-Federal-State-Local,2026-08-19,
Freetown,freetown-ma/highway-surveyor,,Charles Macomber,verified-current,https://www.freetownma.gov/1296/Elected-Officials-Federal-State-Local,2026-08-19,
Freetown,freetown-ma/library-trustee,,Amy Lynne Sypher,verified-current,https://www.freetownma.gov/1296/Elected-Officials-Federal-State-Local,2026-08-19,
Freetown,freetown-ma/library-trustee,,Courtney Brightman,verified-current,https://www.freetownma.gov/1296/Elected-Officials-Federal-State-Local,2026-08-19,
Freetown,freetown-ma/library-trustee,,Melissa Ross,verified-current,https://www.freetownma.gov/1296/Elected-Officials-Federal-State-Local,2026-08-19,
Freetown,freetown-ma/library-trustee,,Mark S. Rosofsky,verified-current,https://www.freetownma.gov/1296/Elected-Officials-Federal-State-Local,2026-08-19,
Freetown,freetown-ma/library-trustee,,Pam Dellarocco,verified-current,https://www.freetownma.gov/1296/Elected-Officials-Federal-State-Local,2026-08-19,
Freetown,freetown-ma/library-trustee,,Paul G. Sadeck,verified-current,https://www.freetownma.gov/1296/Elected-Officials-Federal-State-Local,2026-08-19,
Freetown,freetown-ma/moderator,,Mike McCue,verified-current,https://www.freetownma.gov/1296/Elected-Officials-Federal-State-Local,2026-08-19,
Freetown,freetown-ma/planning-board-member,,Chad S. Carvalho,verified-current,https://www.freetownma.gov/1296/Elected-Officials-Federal-State-Local,2026-08-19,
Freetown,freetown-ma/planning-board-member,,Christopher Mello,verified-current,https://www.freetownma.gov/1296/Elected-Officials-Federal-State-Local,2026-08-19,
Freetown,freetown-ma/planning-board-member,,Gary S. Amaral,verified-current,https://www.freetownma.gov/1296/Elected-Officials-Federal-State-Local,2026-08-19,
Freetown,freetown-ma/planning-board-member,,David Crose,verified-current,https://www.freetownma.gov/1296/Elected-Officials-Federal-State-Local,2026-08-19,
Freetown,freetown-ma/planning-board-member,,Steven Tripp,verified-current,https://www.freetownma.gov/1296/Elected-Officials-Federal-State-Local,2026-08-19,
Freetown,freetown-ma/regional-school-committee-member,,Courtney Brightman,verified-current,https://www.freetownma.gov/1296/Elected-Officials-Federal-State-Local,2026-08-19,
Freetown,freetown-ma/regional-school-committee-member,,Jennifer A. Blum,verified-current,https://www.freetownma.gov/1296/Elected-Officials-Federal-State-Local,2026-08-19,
Freetown,freetown-ma/regional-school-committee-member,,Timothy Emery,verified-current,https://www.freetownma.gov/1296/Elected-Officials-Federal-State-Local,2026-08-19,
Freetown,freetown-ma/regional-school-committee-member,,Robert W. Clark,verified-current,https://www.freetownma.gov/1296/Elected-Officials-Federal-State-Local,2026-08-19,
Freetown,freetown-ma/regional-vocational-school-committee-member,,"Joseph M. Zinni, Jr.",verified-current,https://www.freetownma.gov/1296/Elected-Officials-Federal-State-Local,2026-08-19,
Freetown,freetown-ma/town-clerk,,Cheryl C.A. Estrella,verified-current,https://www.freetownma.gov/1296/Elected-Officials-Federal-State-Local,2026-08-19,
Freetown,freetown-ma/tree-warden,,"Maurice W. DeMoranville, Sr.",verified-current,https://www.freetownma.gov/1296/Elected-Officials-Federal-State-Local,2026-08-19,
Freetown,freetown-ma/water-sewer-commissioner,,Robert S. Parker,verified-current,https://www.freetownma.gov/1296/Elected-Officials-Federal-State-Local,2026-08-19,
Freetown,freetown-ma/water-sewer-commissioner,,Steven M. Tripp,verified-current,https://www.freetownma.gov/1296/Elected-Officials-Federal-State-Local,2026-08-19,
Freetown,freetown-ma/water-sewer-commissioner,,Paul G. Sadeck,verified-current,https://www.freetownma.gov/1296/Elected-Officials-Federal-State-Local,2026-08-19,
Freetown,freetown-ma/housing-authority-member,,Chad S. Carvalho,verified-current,https://www.freetownma.gov/1296/Elected-Officials-Federal-State-Local,2026-08-19,
Freetown,freetown-ma/housing-authority-member,,Ellen Lima,verified-current,https://www.freetownma.gov/1296/Elected-Officials-Federal-State-Local,2026-08-19,
Freetown,freetown-ma/housing-authority-member,,Brian Miller,verified-current,https://www.freetownma.gov/1296/Elected-Officials-Federal-State-Local,2026-08-19,
Freetown,freetown-ma/housing-authority-member,,,vacant,https://www.freetownma.gov/1296/Elected-Officials-Federal-State-Local,2026-08-19,Current official elected-official directory explicitly lists a vacant Housing Authority position.
Gardner,gardner-ma/mayor,,Michael J. Nicholson,verified-current,https://www.gardner-ma.gov/1021/Elected-Officials,2026-08-19,
Gardner,gardner-ma/city-council-member,At Large,George C. Tyros,verified-current,https://www.gardner-ma.gov/324/City-Council,2026-08-19,
Gardner,gardner-ma/city-council-member,Ward 1,David R. Thibault-Muñoz,verified-current,https://www.gardner-ma.gov/324/City-Council,2026-08-19,
Gardner,gardner-ma/city-council-member,Ward 2,Dana M. Heath,verified-current,https://www.gardner-ma.gov/324/City-Council,2026-08-19,
Gardner,gardner-ma/city-council-member,Ward 3,Paul G. Tassone,verified-current,https://www.gardner-ma.gov/324/City-Council,2026-08-19,
Gardner,gardner-ma/city-council-member,Ward 4,Karen G. Hardern,verified-current,https://www.gardner-ma.gov/324/City-Council,2026-08-19,
Gardner,gardner-ma/city-council-member,Ward 5,"Aleksander H. Dernalowicz, Esq.",verified-current,https://www.gardner-ma.gov/324/City-Council,2026-08-19,
Gardner,gardner-ma/city-council-member,At Large,Calvin D. Brooks,verified-current,https://www.gardner-ma.gov/324/City-Council,2026-08-19,
Gardner,gardner-ma/city-council-member,At Large,Craig R. Cormier,verified-current,https://www.gardner-ma.gov/324/City-Council,2026-08-19,
Gardner,gardner-ma/city-council-member,At Large,Brad E. Heglin,verified-current,https://www.gardner-ma.gov/324/City-Council,2026-08-19,
Gardner,gardner-ma/city-council-member,At Large,Elizabeth J. Kazinskas,verified-current,https://www.gardner-ma.gov/324/City-Council,2026-08-19,
Gardner,gardner-ma/city-council-member,At Large,Judy A. Mack,verified-current,https://www.gardner-ma.gov/324/City-Council,2026-08-19,
Gardner,gardner-ma/school-committee-member,,Rachel Cormier,verified-current,https://www.gardner-ma.gov/431/School-Committee,2026-08-19,
Gardner,gardner-ma/school-committee-member,,Robert Swartz,verified-current,https://www.gardner-ma.gov/431/School-Committee,2026-08-19,
Gardner,gardner-ma/school-committee-member,,Anne Hurst,verified-current,https://www.gardner-ma.gov/431/School-Committee,2026-08-19,
Gardner,gardner-ma/school-committee-member,,John M. LaFreniere,verified-current,https://www.gardner-ma.gov/431/School-Committee,2026-08-19,
Gardner,gardner-ma/school-committee-member,,Jennifer Pelavin,verified-current,https://www.gardner-ma.gov/431/School-Committee,2026-08-19,
Gardner,gardner-ma/school-committee-member,,Paul Cormier,verified-current,https://www.gardner-ma.gov/431/School-Committee,2026-08-19,
Georgetown,georgetown-ma/select-board-member,,Robert Hoover,verified-current,https://www.georgetownma.gov/government/boards___commissions/board_of_selectmen/index.php,2026-08-19,
Georgetown,georgetown-ma/select-board-member,,Douglas W. Dawes,verified-current,https://www.georgetownma.gov/government/boards___commissions/board_of_selectmen/index.php,2026-08-19,
Georgetown,georgetown-ma/select-board-member,,Laura Repplier,verified-current,https://www.georgetownma.gov/government/boards___commissions/board_of_selectmen/index.php,2026-08-19,
Georgetown,georgetown-ma/select-board-member,,Michael Donahue,verified-current,https://www.georgetownma.gov/government/boards___commissions/board_of_selectmen/index.php,2026-08-19,
Georgetown,georgetown-ma/select-board-member,,Edward Dobie,verified-current,https://www.georgetownma.gov/government/boards___commissions/board_of_selectmen/index.php,2026-08-19,
Georgetown,georgetown-ma/school-committee-member,,Joe Maribito,verified-current,https://georgetownma.gov/government/boards___commissions/school_committee/index.php,2026-08-19,
Georgetown,georgetown-ma/school-committee-member,,Stacy McMaster,verified-current,https://georgetownma.gov/government/boards___commissions/school_committee/index.php,2026-08-19,
Georgetown,georgetown-ma/school-committee-member,,Michael Hinchliffe,verified-current,https://georgetownma.gov/government/boards___commissions/school_committee/index.php,2026-08-19,
Georgetown,georgetown-ma/school-committee-member,,Cheryl Lachendro,verified-current,https://georgetownma.gov/government/boards___commissions/school_committee/index.php,2026-08-19,
Georgetown,georgetown-ma/school-committee-member,,Brittany Kee,verified-current,https://georgetownma.gov/government/boards___commissions/school_committee/index.php,2026-08-19,
Georgetown,georgetown-ma/planning-board-member,,Harry LaCortiglia,verified-current,https://www.georgetownma.gov/government/boards___commissions/planning_board/index.php,2026-08-19,
Georgetown,georgetown-ma/planning-board-member,,Liza Cameron,verified-current,https://www.georgetownma.gov/government/boards___commissions/planning_board/index.php,2026-08-19,
Georgetown,georgetown-ma/planning-board-member,,Robert E. Watts,verified-current,https://www.georgetownma.gov/government/boards___commissions/planning_board/index.php,2026-08-19,
Georgetown,georgetown-ma/planning-board-member,,George Comiskey,verified-current,https://www.georgetownma.gov/government/boards___commissions/planning_board/index.php,2026-08-19,
Georgetown,georgetown-ma/planning-board-member,,Kara Peters,verified-current,https://www.georgetownma.gov/government/boards___commissions/planning_board/index.php,2026-08-19,
Georgetown,georgetown-ma/assessor,,David A. Bogdan,verified-current,https://www.georgetownma.gov/government/boards___commissions/board_of_assessors/index.php,2026-08-19,
Georgetown,georgetown-ma/assessor,,Bret Moyer,verified-current,https://www.georgetownma.gov/government/boards___commissions/board_of_assessors/index.php,2026-08-19,
Georgetown,georgetown-ma/assessor,,Arthur MacDonald,verified-current,https://www.georgetownma.gov/government/boards___commissions/board_of_assessors/index.php,2026-08-19,
Georgetown,georgetown-ma/library-trustee,,Susan Clay,verified-current,https://www.georgetownma.gov/government/boards___commissions/library_trustees/index.php,2026-08-19,
Georgetown,georgetown-ma/library-trustee,,Susan Clohecy,verified-current,https://www.georgetownma.gov/government/boards___commissions/library_trustees/index.php,2026-08-19,
Georgetown,georgetown-ma/library-trustee,,Aimee Hamelin,verified-current,https://www.georgetownma.gov/government/boards___commissions/library_trustees/index.php,2026-08-19,
Georgetown,georgetown-ma/library-trustee,,Kevin Moran,verified-current,https://www.georgetownma.gov/government/boards___commissions/library_trustees/index.php,2026-08-19,
Georgetown,georgetown-ma/library-trustee,,Erin Wormell,verified-current,https://www.georgetownma.gov/government/boards___commissions/library_trustees/index.php,2026-08-19,
Georgetown,georgetown-ma/library-trustee,,Jacquelyn Conforti,verified-current,https://www.georgetownma.gov/government/boards___commissions/library_trustees/index.php,2026-08-19,
Georgetown,georgetown-ma/light-commissioner,,Peter D. Dion,verified-current,https://georgetownma.gov/government/boards___commissions/board_of_light_commissioners/index.php,2026-08-19,
Georgetown,georgetown-ma/light-commissioner,,Michael Anderson,verified-current,https://georgetownma.gov/government/boards___commissions/board_of_light_commissioners/index.php,2026-08-19,
Georgetown,georgetown-ma/light-commissioner,,John Smolinsky,verified-current,https://georgetownma.gov/government/boards___commissions/board_of_light_commissioners/index.php,2026-08-19,
Georgetown,georgetown-ma/water-commissioner,,Nicholas Lawler,verified-current,https://www.georgetownma.gov/government/boards___commissions/water_commission/index.php,2026-08-19,
Georgetown,georgetown-ma/water-commissioner,,Stephen M. King,verified-current,https://www.georgetownma.gov/government/boards___commissions/water_commission/index.php,2026-08-19,
Georgetown,georgetown-ma/water-commissioner,,Matthew Silverman,verified-current,https://www.georgetownma.gov/government/boards___commissions/water_commission/index.php,2026-08-19,
Georgetown,georgetown-ma/housing-authority-member,,,unresolved,,2026-08-19,"Current four-person authority roster is known, but elected-versus-appointed seat identity was not safely mapped."
Gill,gill-ma/select-board-member,,John Ward,verified-current,https://gillmass.org/g/16/Selectboard,2026-08-19,
Gill,gill-ma/select-board-member,,Jenn Waldron,verified-current,https://gillmass.org/g/16/Selectboard,2026-08-19,
Gill,gill-ma/select-board-member,,Charles Garbiel,verified-current,https://gillmass.org/g/16/Selectboard,2026-08-19,
Gill,gill-ma/assessor,,William Tomb,verified-current,https://gillmass.org/g/2/Board-of-Assessors,2026-08-19,
Gill,gill-ma/assessor,,Alexander Buedinger,verified-current,https://gillmass.org/g/2/Board-of-Assessors,2026-08-19,
Gill,gill-ma/assessor,,Noavakay Knight,verified-current,https://gillmass.org/g/2/Board-of-Assessors,2026-08-19,
Gill,gill-ma/constable,,Alexander Buedinger,verified-current,https://gillmass.org/files/GillNews_2026_2SUMMER.pdf,2026-08-19,Named in the official 2026 Town Clerk election results/current Town source.
Gill,gill-ma/constable,,Craig Gaudry,verified-current,https://gillmass.org/files/GillNews_2026_2SUMMER.pdf,2026-08-19,Named in the official 2026 Town Clerk election results/current Town source.
Gill,gill-ma/constable,,"Fred O. Chase, III",verified-current,https://gillmass.org/files/GillNews_2026_2SUMMER.pdf,2026-08-19,Named in the official 2026 Town Clerk election results/current Town source.
Gill,gill-ma/library-trustee,,Megan Bathory-Peeler,verified-current,https://gillmass.org/files/GillNews_2026_2SUMMER.pdf,2026-08-19,Named in the official 2026 Town Clerk election results/current Town source.
Gill,gill-ma/board-of-health-member,,"Charles Garbiel, II",verified-current,https://gillmass.org/files/GillNews_2026_2SUMMER.pdf,2026-08-19,Named in the official 2026 Town Clerk election results/current Town source.
Gill,gill-ma/tree-warden,,Joseph Williams,verified-current,https://gillmass.org/files/GillNews_2026_2SUMMER.pdf,2026-08-19,Named in the official 2026 Town Clerk election results/current Town source.
Gill,gill-ma/regional-school-committee-member,,William Tomb,verified-current,https://gillmass.org/files/GillNews_2026_2SUMMER.pdf,2026-08-19,Named in the official 2026 Town Clerk election results/current Town source.
Gill,gill-ma/cemetery-commissioner,,"Fred O. Chase, III",verified-current,https://gillmass.org/files/GillNews_2026_2SUMMER.pdf,2026-08-19,Named in the official 2026 Town Clerk election results/current Town source.
Gill,gill-ma/library-trustee,,,unresolved,,2026-08-19,Second current elected Slate Memorial Library trustee remains to be reconciled.
Gill,gill-ma/board-of-health-member,,,unresolved,,2026-08-19,Two holdover Board of Health seats remain to be reconciled.
Gill,gill-ma/cemetery-commissioner,,,unresolved,,2026-08-19,Two holdover Cemetery Commission seats remain to be reconciled.
Gloucester,gloucester-ma/mayor,,Paul Lundberg,verified-current,https://www.gloucester-ma.gov/440/Office-of-The-Mayor,2026-08-19,
Gloucester,gloucester-ma/city-council-member,At Large,Tony M. Gross,verified-current,https://www.gloucester-ma.gov/121/City-Council,2026-08-19,
Gloucester,gloucester-ma/city-council-member,At Large,Jason Morris Grow,verified-current,https://www.gloucester-ma.gov/121/City-Council,2026-08-19,
Gloucester,gloucester-ma/city-council-member,At Large,Hannah Kimberley,verified-current,https://www.gloucester-ma.gov/121/City-Council,2026-08-19,
Gloucester,gloucester-ma/city-council-member,At Large,Patti-Ann Page,verified-current,https://www.gloucester-ma.gov/121/City-Council,2026-08-19,
Gloucester,gloucester-ma/city-council-member,Ward 1,Raymond Scott Memhard,verified-current,https://www.gloucester-ma.gov/121/City-Council,2026-08-19,
Gloucester,gloucester-ma/city-council-member,Ward 2,Dylan C. Benson,verified-current,https://www.gloucester-ma.gov/121/City-Council,2026-08-19,
Gloucester,gloucester-ma/city-council-member,Ward 3,Marjorie J. Grace,verified-current,https://www.gloucester-ma.gov/121/City-Council,2026-08-19,
Gloucester,gloucester-ma/city-council-member,Ward 4,Francesco Margiotta,verified-current,https://www.gloucester-ma.gov/121/City-Council,2026-08-19,
Gloucester,gloucester-ma/city-council-member,Ward 5,Sean P. Nolan,verified-current,https://www.gloucester-ma.gov/121/City-Council,2026-08-19,
Gloucester,gloucester-ma/school-committee-member,,Kathleen A. Clancy,verified-current,https://www.gloucester-ma.gov/Archive/ViewFile/Item/19291,2026-08-19,
Gloucester,gloucester-ma/school-committee-member,,Heather Dagle,verified-current,https://www.gloucester-ma.gov/Archive/ViewFile/Item/19291,2026-08-19,
Gloucester,gloucester-ma/school-committee-member,,Andrea Liacos,verified-current,https://www.gloucester-ma.gov/Archive/ViewFile/Item/19291,2026-08-19,
Gloucester,gloucester-ma/school-committee-member,,"William W. Melvin, Jr.",verified-current,https://www.gloucester-ma.gov/Archive/ViewFile/Item/19291,2026-08-19,
Gloucester,gloucester-ma/school-committee-member,,Melissa Joy Teixeira Prince,verified-current,https://www.gloucester-ma.gov/Archive/ViewFile/Item/19291,2026-08-19,
Gloucester,gloucester-ma/school-committee-member,,Laura B. Wiessen,verified-current,https://www.gloucester-ma.gov/Archive/ViewFile/Item/19291,2026-08-19,
Goshen,goshen-ma/assessor,,Gina Papineau,verified-current,https://www.goshen-ma.us/departments/board-of-assessors/,2026-08-19,
Goshen,goshen-ma/assessor,,Steve Fancy,verified-current,https://www.goshen-ma.us/departments/board-of-assessors/,2026-08-19,
Goshen,goshen-ma/assessor,,,vacant,https://www.goshen-ma.us/departments/board-of-assessors/,2026-08-19,Current official Board of Assessors page explicitly lists one assessor vacancy.
Goshen,goshen-ma/planning-board-member,,James Barrett,verified-current,https://www.goshen-ma.us/departments/planning-board/,2026-08-19,
Goshen,goshen-ma/planning-board-member,,Gary Griswold,verified-current,https://www.goshen-ma.us/departments/planning-board/,2026-08-19,
Goshen,goshen-ma/planning-board-member,,Julie Hooks,verified-current,https://www.goshen-ma.us/departments/planning-board/,2026-08-19,
Goshen,goshen-ma/planning-board-member,,Stephen Morley,verified-current,https://www.goshen-ma.us/departments/planning-board/,2026-08-19,
Goshen,goshen-ma/planning-board-member,,,unresolved,,2026-08-19,Fifth current Planning Board member was not cleanly exposed in the indexed source.
Goshen,goshen-ma/select-board-member,,,unresolved,,2026-08-19,Current holder roster not fully reconciled from the indexed 2026 Town sources.
Goshen,goshen-ma/moderator,,,unresolved,,2026-08-19,Current holder roster not fully reconciled from the indexed 2026 Town sources.
Goshen,goshen-ma/constable,,,unresolved,,2026-08-19,Current holder roster not fully reconciled from the indexed 2026 Town sources.
Goshen,goshen-ma/school-committee-member,,,unresolved,,2026-08-19,Current holder roster not fully reconciled from the indexed 2026 Town sources.
Gosnold,gosnold-ma/select-board-board-of-health-member,,Win Sanford,verified-current,https://www.gosnold-ma.gov/205/Selectboard,2026-08-19,
Gosnold,gosnold-ma/select-board-board-of-health-member,,Sarah Berry,verified-current,https://www.gosnold-ma.gov/205/Selectboard,2026-08-19,
Gosnold,gosnold-ma/select-board-board-of-health-member,,G. Stewart Young,verified-current,https://www.gosnold-ma.gov/205/Selectboard,2026-08-19,
Gosnold,gosnold-ma/school-committee-member,,,unresolved,,2026-08-19,Current complete School Committee roster not independently reconciled from the post-2026 Town report.
Gosnold,gosnold-ma/library-trustee,,,unresolved,,2026-08-19,Current complete Public Library Trustee roster not independently reconciled.
Gosnold,gosnold-ma/harbor-committee-member,,,unresolved,,2026-08-19,Current complete Harbor Committee roster not independently reconciled.
Grafton,grafton-ma/school-committee-member,,Liora Bram,verified-current,https://www.grafton-ma.gov/612/School-Committee---Grafton-Public-School,2026-08-19,
Grafton,grafton-ma/school-committee-member,,Laura Often,verified-current,https://www.grafton-ma.gov/612/School-Committee---Grafton-Public-School,2026-08-19,
Grafton,grafton-ma/school-committee-member,,Rebecca Soco,verified-current,https://www.grafton-ma.gov/612/School-Committee---Grafton-Public-School,2026-08-19,
Grafton,grafton-ma/school-committee-member,,Kristy Kielbasinski,verified-current,https://www.grafton-ma.gov/612/School-Committee---Grafton-Public-School,2026-08-19,
Grafton,grafton-ma/school-committee-member,,Stella Varellas-Dikas,verified-current,https://www.grafton-ma.gov/612/School-Committee---Grafton-Public-School,2026-08-19,
Grafton,grafton-ma/planning-board-member,,Gregory Dalle-Molle,verified-current,https://www.grafton-ma.gov/587/Planning-Board,2026-08-19,
Grafton,grafton-ma/planning-board-member,,Justin Wood,verified-current,https://www.grafton-ma.gov/587/Planning-Board,2026-08-19,
Grafton,grafton-ma/planning-board-member,,Michael Rak,verified-current,https://www.grafton-ma.gov/587/Planning-Board,2026-08-19,
Grafton,grafton-ma/planning-board-member,,Robert Hassinger,verified-current,https://www.grafton-ma.gov/587/Planning-Board,2026-08-19,
Grafton,grafton-ma/planning-board-member,,David Robbins,verified-current,https://www.grafton-ma.gov/587/Planning-Board,2026-08-19,
Grafton,grafton-ma/library-trustee,,Aaron Vandesteen,verified-current,https://www.grafton-ma.gov/455/Board-of-Library-Trustees---Grafton-Publ,2026-08-19,
Grafton,grafton-ma/library-trustee,,Rachel Tosches,verified-current,https://www.grafton-ma.gov/455/Board-of-Library-Trustees---Grafton-Publ,2026-08-19,
Grafton,grafton-ma/library-trustee,,Christopher Beltz,verified-current,https://www.grafton-ma.gov/455/Board-of-Library-Trustees---Grafton-Publ,2026-08-19,
Grafton,grafton-ma/library-trustee,,Doug Bowman,verified-current,https://www.grafton-ma.gov/455/Board-of-Library-Trustees---Grafton-Publ,2026-08-19,
Grafton,grafton-ma/library-trustee,,Stacie Herbert,verified-current,https://www.grafton-ma.gov/455/Board-of-Library-Trustees---Grafton-Publ,2026-08-19,
Grafton,grafton-ma/library-trustee,,Carrie Hogan,verified-current,https://www.grafton-ma.gov/455/Board-of-Library-Trustees---Grafton-Publ,2026-08-19,
Grafton,grafton-ma/library-trustee,,Prabhu Venkataraman,verified-current,https://www.grafton-ma.gov/455/Board-of-Library-Trustees---Grafton-Publ,2026-08-19,
Grafton,grafton-ma/select-board-member,,,unresolved,,2026-08-19,Current five-person Select Board roster was not fully exposed in indexed source text.
Grafton,grafton-ma/moderator,,,unresolved,,2026-08-19,Current Town Moderator not independently reconciled.
Grafton,grafton-ma/housing-authority-member,,,unresolved,,2026-08-19,Three current locally elected Housing Authority members not independently mapped.
Grafton,grafton-ma/regional-vocational-school-committee-member,,,unresolved,,2026-08-19,Current Grafton BVT representative not independently reconciled.
Granby,granby-ma/assessor,,Dakota P. Richards,verified-current,https://www.granby-ma.gov/assessor,2026-08-19,
Granby,granby-ma/assessor,,Gregg Leonard,verified-current,https://www.granby-ma.gov/assessor,2026-08-19,
Granby,granby-ma/assessor,,William Porter III,verified-current,https://www.granby-ma.gov/assessor,2026-08-19,
Granby,granby-ma/select-board-member,,,unresolved,,2026-08-19,Dynamic official roster did not expose member names in indexed HTML.
Granby,granby-ma/planning-board-member,,,unresolved,,2026-08-19,Dynamic official roster did not expose current member names in indexed HTML.
Granby,granby-ma/library-trustee,,,unresolved,,2026-08-19,Current complete trustee roster not independently extracted.
Granby,granby-ma/school-committee-member,,,unresolved,,2026-08-19,Current complete School Committee roster not independently extracted.
Granville,granville-ma/town-clerk,,Chris Teter,verified-current,https://www.granville-ma.gov/364/Town-Clerk,2026-08-19,
Granville,granville-ma/moderator,,Richard Pierce,verified-current,https://www.granville-ma.gov/337/Moderator,2026-08-19,
Granville,granville-ma/planning-board-member,,Richard Pierce,verified-current,https://www.granville-ma.gov/341/Planning-Board,2026-08-19,
Granville,granville-ma/planning-board-member,,Austin Audet,verified-current,https://www.granville-ma.gov/341/Planning-Board,2026-08-19,
Granville,granville-ma/planning-board-member,,John Audet,verified-current,https://www.granville-ma.gov/341/Planning-Board,2026-08-19,
Granville,granville-ma/planning-board-member,,Laura Bauver,verified-current,https://www.granville-ma.gov/341/Planning-Board,2026-08-19,
Granville,granville-ma/planning-board-member,,Jamie Signorelli,verified-current,https://www.granville-ma.gov/341/Planning-Board,2026-08-19,
Granville,granville-ma/library-trustee,,Jennifer Kinsman,verified-current,https://www.granville-ma.gov/247/Library-Trustees,2026-08-19,
Granville,granville-ma/library-trustee,,April Labreque,verified-current,https://www.granville-ma.gov/247/Library-Trustees,2026-08-19,
Granville,granville-ma/library-trustee,,Robert Gleason,verified-current,https://www.granville-ma.gov/247/Library-Trustees,2026-08-19,
Granville,granville-ma/recreation-commissioner,,Robert Beckwith,verified-current,https://www.granville-ma.gov/352/Recreation-Commission,2026-08-19,
Granville,granville-ma/recreation-commissioner,,Bill Blakesley,verified-current,https://www.granville-ma.gov/352/Recreation-Commission,2026-08-19,
Granville,granville-ma/recreation-commissioner,,Linda Blakesley,verified-current,https://www.granville-ma.gov/352/Recreation-Commission,2026-08-19,
Granville,granville-ma/recreation-commissioner,,James E Daley,verified-current,https://www.granville-ma.gov/352/Recreation-Commission,2026-08-19,
Granville,granville-ma/recreation-commissioner,,Teddi Daley,verified-current,https://www.granville-ma.gov/352/Recreation-Commission,2026-08-19,
Granville,granville-ma/select-board-member,,,unresolved,,2026-08-19,Current three-member Select Board names were not independently extracted from an official Town roster in this batch.
Great Barrington,great-barrington-ma/select-board-member,,Stephen Bannon,verified-current,https://www.townofgbma.gov/362/Selectboard,2026-08-19,
Great Barrington,great-barrington-ma/select-board-member,,Eric Gabriel,verified-current,https://www.townofgbma.gov/362/Selectboard,2026-08-19,
Great Barrington,great-barrington-ma/select-board-member,,Garfield Reed,verified-current,https://www.townofgbma.gov/362/Selectboard,2026-08-19,
Great Barrington,great-barrington-ma/select-board-member,,Benjamin Elliott,verified-current,https://www.townofgbma.gov/362/Selectboard,2026-08-19,
Great Barrington,great-barrington-ma/select-board-member,,Philip Orenstein,verified-current,https://www.townofgbma.gov/362/Selectboard,2026-08-19,
Great Barrington,great-barrington-ma/planning-board-member,,Brandee Nelson,verified-current,https://www.townofgbma.gov/210/Planning-Board,2026-08-19,
Great Barrington,great-barrington-ma/planning-board-member,,Jacqueline Kain,verified-current,https://www.townofgbma.gov/210/Planning-Board,2026-08-19,
Great Barrington,great-barrington-ma/planning-board-member,,Jonathan Hankin,verified-current,https://www.townofgbma.gov/210/Planning-Board,2026-08-19,
Great Barrington,great-barrington-ma/planning-board-member,,Jeremy Higa,verified-current,https://www.townofgbma.gov/210/Planning-Board,2026-08-19,
Great Barrington,great-barrington-ma/planning-board-member,,Pedro Rafael Pachano,verified-current,https://www.townofgbma.gov/210/Planning-Board,2026-08-19,
Great Barrington,great-barrington-ma/library-trustee,,Laura Mars,verified-current,https://www.townofgbma.gov/391/Library,2026-08-19,
Great Barrington,great-barrington-ma/library-trustee,,Russell Samora,verified-current,https://www.townofgbma.gov/391/Library,2026-08-19,
Great Barrington,great-barrington-ma/library-trustee,,Lauren Clark,verified-current,https://www.townofgbma.gov/391/Library,2026-08-19,
Great Barrington,great-barrington-ma/library-trustee,,G. Patrick Hollenbeck,verified-current,https://www.townofgbma.gov/391/Library,2026-08-19,
Great Barrington,great-barrington-ma/library-trustee,,Donna Jacobs,verified-current,https://www.townofgbma.gov/391/Library,2026-08-19,
Great Barrington,great-barrington-ma/library-trustee,,Sharon Shaloo,verified-current,https://www.townofgbma.gov/391/Library,2026-08-19,
Great Barrington,great-barrington-ma/finance-committee-member,,,unresolved,,2026-08-19,Current complete Finance Committee roster and total elected size remain unresolved.
Great Barrington,great-barrington-ma/board-of-health-member,,,unresolved,,2026-08-19,Current three-member Board of Health roster not fully reconciled in this batch.
Great Barrington,great-barrington-ma/housing-authority-member,,,unresolved,,2026-08-19,Current locally elected Housing Authority holder(s) not fully mapped against appointed seats.
Great Barrington,great-barrington-ma/moderator,,,unresolved,,2026-08-19,Current Moderator not independently confirmed from a current office page.
Greenfield,greenfield-ma/mayor,,"Virginia ""Ginny"" Desorgher",verified-current,https://greenfield-ma.gov/government/mayors_office/mayors_biography.php,2026-08-19,
Greenfield,greenfield-ma/city-council-member,At Large,John Garrett,verified-current,https://greenfield-ma.gov/government/city_council/city_council_members.php,2026-08-19,
Greenfield,greenfield-ma/city-council-member,At Large,Wahab Minhas,verified-current,https://greenfield-ma.gov/government/city_council/city_council_members.php,2026-08-19,
Greenfield,greenfield-ma/city-council-member,At Large,Sara Brown,verified-current,https://greenfield-ma.gov/government/city_council/city_council_members.php,2026-08-19,
Greenfield,greenfield-ma/city-council-member,At Large,Maisie Sibbison-Alves,verified-current,https://greenfield-ma.gov/government/city_council/city_council_members.php,2026-08-19,
Greenfield,greenfield-ma/city-council-member,Precinct 1,Katherine Golub,verified-current,https://greenfield-ma.gov/government/city_council/city_council_members.php,2026-08-19,
Greenfield,greenfield-ma/city-council-member,Precinct 2,Rachel Gordon,verified-current,https://greenfield-ma.gov/government/city_council/city_council_members.php,2026-08-19,
Greenfield,greenfield-ma/city-council-member,Precinct 3,Ann Dillemuth,verified-current,https://greenfield-ma.gov/government/city_council/city_council_members.php,2026-08-19,
Greenfield,greenfield-ma/city-council-member,Precinct 4,John Bottomley,verified-current,https://greenfield-ma.gov/government/city_council/city_council_members.php,2026-08-19,
Greenfield,greenfield-ma/city-council-member,Precinct 5,Marianne Bullock,verified-current,https://greenfield-ma.gov/government/city_council/city_council_members.php,2026-08-19,
Greenfield,greenfield-ma/city-council-member,Precinct 6,Patricia Williams,verified-current,https://greenfield-ma.gov/government/city_council/city_council_members.php,2026-08-19,
Greenfield,greenfield-ma/city-council-member,Precinct 7,Sarah Bolduc,verified-current,https://greenfield-ma.gov/government/city_council/city_council_members.php,2026-08-19,
Greenfield,greenfield-ma/city-council-member,Precinct 8,Lora Wondolowski,verified-current,https://greenfield-ma.gov/government/city_council/city_council_members.php,2026-08-19,
Greenfield,greenfield-ma/city-council-member,Precinct 9,Max Webbe,verified-current,https://greenfield-ma.gov/government/city_council/city_council_members.php,2026-08-19,
Greenfield,greenfield-ma/assessor,,Charles Green,verified-current,https://greenfield-ma.gov/government/boards_and_commissions/board_of_assessors.php,2026-08-19,
Greenfield,greenfield-ma/assessor,,Jeremy Ebersole,verified-current,https://greenfield-ma.gov/government/boards_and_commissions/board_of_assessors.php,2026-08-19,
Greenfield,greenfield-ma/assessor,,Jim Geisman,verified-current,https://greenfield-ma.gov/government/boards_and_commissions/board_of_assessors.php,2026-08-19,
Greenfield,greenfield-ma/regional-vocational-school-committee-member,,Barbara Yetter,verified-current,https://greenfield-ma.gov/government/boards_and_commissions/franklin_county_technical_school_committee.php,2026-08-19,
Greenfield,greenfield-ma/regional-vocational-school-committee-member,,Paul Doran,verified-current,https://greenfield-ma.gov/government/boards_and_commissions/franklin_county_technical_school_committee.php,2026-08-19,
Greenfield,greenfield-ma/regional-vocational-school-committee-member,,Matt Duley,verified-current,https://greenfield-ma.gov/government/boards_and_commissions/franklin_county_technical_school_committee.php,2026-08-19,
Greenfield,greenfield-ma/regional-vocational-school-committee-member,,Russ Kaubris,verified-current,https://greenfield-ma.gov/government/boards_and_commissions/franklin_county_technical_school_committee.php,2026-08-19,
Greenfield,greenfield-ma/school-committee-member,,,unresolved,,2026-08-19,"Six elected at-large School Committee seats are structurally verified, but a complete current member roster was not cleanly exposed in the indexed municipal source."
Groton,groton-ma/select-board-member,,John Reilly,verified-current,https://www.grotonma.gov/government/boards-and-committees/select-board/,2026-08-19,
Groton,groton-ma/select-board-member,,Matthew Pisani,verified-current,https://www.grotonma.gov/government/boards-and-committees/select-board/,2026-08-19,
Groton,groton-ma/select-board-member,,Nick Degaitas,verified-current,https://www.grotonma.gov/government/boards-and-committees/select-board/,2026-08-19,
Groton,groton-ma/select-board-member,,Peter Cunningham,verified-current,https://www.grotonma.gov/government/boards-and-committees/select-board/,2026-08-19,
Groton,groton-ma/select-board-member,,"Rebecca ""Becky"" Pine",verified-current,https://www.grotonma.gov/government/boards-and-committees/select-board/,2026-08-19,
Groton,groton-ma/board-of-health-member,,Evan Thackaberry,verified-current,https://www.grotonma.gov/government/boards-and-committees/board-of-health/,2026-08-19,
Groton,groton-ma/board-of-health-member,,Michelle Collette,verified-current,https://www.grotonma.gov/government/boards-and-committees/board-of-health/,2026-08-19,
Groton,groton-ma/board-of-health-member,,Robert J. Fleischer,verified-current,https://www.grotonma.gov/government/boards-and-committees/board-of-health/,2026-08-19,
Groton,groton-ma/planning-board-member,,David Bonnett,verified-current,https://www.grotonma.gov/government/boards-and-committees/planning-board/,2026-08-19,
Groton,groton-ma/planning-board-member,,George Barringer,verified-current,https://www.grotonma.gov/government/boards-and-committees/planning-board/,2026-08-19,
Groton,groton-ma/planning-board-member,,Lorayne Black,verified-current,https://www.grotonma.gov/government/boards-and-committees/planning-board/,2026-08-19,
Groton,groton-ma/planning-board-member,,Matthew Killam,verified-current,https://www.grotonma.gov/government/boards-and-committees/planning-board/,2026-08-19,
Groton,groton-ma/planning-board-member,,Paul Hathaway,verified-current,https://www.grotonma.gov/government/boards-and-committees/planning-board/,2026-08-19,
Groton,groton-ma/planning-board-member,,Phil Francisco,verified-current,https://www.grotonma.gov/government/boards-and-committees/planning-board/,2026-08-19,
Groton,groton-ma/planning-board-member,,Russell Burke,verified-current,https://www.grotonma.gov/government/boards-and-committees/planning-board/,2026-08-19,
Groton,groton-ma/assessor,,,unresolved,,2026-08-19,Current three-person assessor roster not fully reconciled.
Groton,groton-ma/commissioner-of-trust-funds,,,unresolved,,2026-08-19,Current three-person trust-fund commission roster not fully reconciled.
Groton,groton-ma/electric-light-commissioner,,,unresolved,,2026-08-19,Current three-person electric-light commission roster not fully reconciled.
Groton,groton-ma/regional-school-committee-member,,,unresolved,,2026-08-19,Groton-specific current regional school committee roster and total allocation remain unresolved.
Groton,groton-ma/housing-authority-member,,,unresolved,,2026-08-19,Current elected Housing Authority member(s) not cleanly distinguished from appointed seats.
Groton,groton-ma/library-trustee,,,unresolved,,2026-08-19,Current six-person Library Trustee roster not fully reconciled.
Groton,groton-ma/park-commissioner,,,unresolved,,2026-08-19,Current five-person Park Commission roster not fully reconciled.
Groton,groton-ma/sewer-commissioner,,,unresolved,,2026-08-19,Current three-person Sewer Commission roster not fully reconciled.
Groton,groton-ma/water-commissioner,,,unresolved,,2026-08-19,Current three-person Water Commission roster not fully reconciled.
Groveland,groveland-ma/select-board-member,,Jason Naves,verified-current,https://www.grovelandma.com/government/boards_committees/select_board/index.php,2026-08-19,
Groveland,groveland-ma/select-board-member,,Rebecca Beaucher,verified-current,https://www.grovelandma.com/government/boards_committees/select_board/index.php,2026-08-19,
Groveland,groveland-ma/select-board-member,,Kathleen Kastrinelis,verified-current,https://www.grovelandma.com/government/boards_committees/select_board/index.php,2026-08-19,
Groveland,groveland-ma/select-board-member,,Edward Watson,verified-current,https://www.grovelandma.com/government/boards_committees/select_board/index.php,2026-08-19,
Groveland,groveland-ma/select-board-member,,Steven Baker,verified-current,https://www.grovelandma.com/government/boards_committees/select_board/index.php,2026-08-19,
Groveland,groveland-ma/board-of-health-member,,,unresolved,,2026-08-19,Current three-person Board of Health roster not fully reconciled.
Groveland,groveland-ma/light-commissioner,,,unresolved,,2026-08-19,Current three-person Light Commission roster not fully reconciled.
Groveland,groveland-ma/library-trustee,,,unresolved,,2026-08-19,Current six-person Library Trustee roster not fully reconciled.
Groveland,groveland-ma/housing-authority-member,,,unresolved,,2026-08-19,Current locally elected Housing Authority holder(s) remain unresolved.
Groveland,groveland-ma/school-committee-member,,,unresolved,,2026-08-19,Current elected School Committee roster and total elected size remain unresolved.
Groveland,groveland-ma/moderator,,,unresolved,,2026-08-19,Current Moderator not independently reconciled.
Groveland,groveland-ma/cemetery-commissioner,,,unresolved,,2026-08-19,Current three-person Cemetery Commission roster not fully reconciled.
Groveland,groveland-ma/assessor,,,unresolved,,2026-08-19,Current three-member Board of Assessors roster not fully reconciled; Town currently notes elected-board vacancies filled by appointment.
Groveland,groveland-ma/planning-board-member,,,unresolved,,2026-08-19,Current five-person Planning Board roster not fully reconciled.
Groveland,groveland-ma/water-sewer-commissioner,,,unresolved,,2026-08-19,Current three-person Water & Sewer Commission roster not fully reconciled.
Hadley,hadley-ma/select-board-member,,Randall Izer,verified-current,https://www.hadleyma.org/select-board,2026-08-19,
Hadley,hadley-ma/select-board-member,,"David J. Fill, II",verified-current,https://www.hadleyma.org/select-board,2026-08-19,
Hadley,hadley-ma/select-board-member,,Jane Nevinsmith,verified-current,https://www.hadleyma.org/select-board,2026-08-19,
Hadley,hadley-ma/select-board-member,,Amy Parsons,verified-current,https://www.hadleyma.org/select-board,2026-08-19,
Hadley,hadley-ma/select-board-member,,Molly Keegan,verified-current,https://www.hadleyma.org/select-board,2026-08-19,
Hadley,hadley-ma/assessor,,Jeffrey C. Mish,verified-current,https://www.hadleyma.org/board-assessors,2026-08-19,
Hadley,hadley-ma/assessor,,Walter Jennings,verified-current,https://www.hadleyma.org/board-assessors,2026-08-19,
Hadley,hadley-ma/assessor,,William Banack,verified-current,https://www.hadleyma.org/board-assessors,2026-08-19,
Hadley,hadley-ma/board-of-health-member,,Susan Mosler,verified-current,https://www.hadleyma.org/town-clerk,2026-08-19,Named on the official 2026 Town Clerk election page for the current election cycle.
Hadley,hadley-ma/planning-board-member,,Kishor Parmar,verified-current,https://www.hadleyma.org/town-clerk,2026-08-19,Named on the official 2026 Town Clerk election page for the current election cycle.
Hadley,hadley-ma/school-committee-member,,Tara Brugger,verified-current,https://www.hadleyma.org/town-clerk,2026-08-19,Named on the official 2026 Town Clerk election page for the current election cycle.
Hadley,hadley-ma/school-committee-member,,Ethan Percy,verified-current,https://www.hadleyma.org/town-clerk,2026-08-19,Named on the official 2026 Town Clerk election page for the current election cycle.
Hadley,hadley-ma/board-of-health-member,,,unresolved,,2026-08-19,Two holdover Board of Health seats remain to be reconciled.
Hadley,hadley-ma/planning-board-member,,,unresolved,,2026-08-19,Four holdover Planning Board seats remain to be reconciled.
Hadley,hadley-ma/school-committee-member,,,unresolved,,2026-08-19,Three holdover School Committee seats remain to be reconciled.
Hadley,hadley-ma/oliver-smith-will-elector,,,unresolved,,2026-08-19,Current Oliver Smith Will elector not independently confirmed.
Hadley,hadley-ma/library-trustee,,,unresolved,,2026-08-19,Current Library Trustee roster and total elected size remain unresolved.
Hadley,hadley-ma/moderator,,,unresolved,,2026-08-19,Current Moderator not independently confirmed.
Halifax,halifax-ma/select-board-member,,Thomas Pratt,verified-current,https://www.halifaxma.gov/2000/Board-of-Selectmen,2026-08-19,
Halifax,halifax-ma/select-board-member,,William Smith,verified-current,https://www.halifaxma.gov/2000/Board-of-Selectmen,2026-08-19,
Halifax,halifax-ma/select-board-member,,Jonathan Selig,verified-current,https://www.halifaxma.gov/2000/Board-of-Selectmen,2026-08-19,
Halifax,halifax-ma/assessor,,,unresolved,,2026-08-19,Current complete assessor roster not independently reconciled.
Halifax,halifax-ma/board-of-health-member,,,unresolved,,2026-08-19,Current complete Board of Health roster not independently reconciled.
Halifax,halifax-ma/housing-authority-member,,,unresolved,,2026-08-19,Current elected Housing Authority members not cleanly distinguished from appointed seats.
Halifax,halifax-ma/library-trustee,,,unresolved,,2026-08-19,Current six-person trustee roster not fully reconciled.
Halifax,halifax-ma/park-commissioner,,,unresolved,,2026-08-19,Current three-person Park Commission roster not fully reconciled.
Halifax,halifax-ma/planning-board-member,,,unresolved,,2026-08-19,Current five-person Planning Board roster not fully reconciled.
Halifax,halifax-ma/elementary-school-committee-member,,,unresolved,,2026-08-19,Current post-election elementary School Committee roster not fully reconciled.
Halifax,halifax-ma/regional-school-committee-member,,,unresolved,,2026-08-19,Current Halifax Silver Lake representative allocation remains unresolved.
Halifax,halifax-ma/water-commissioner,,,unresolved,,2026-08-19,Current commissioners and transition status remain unresolved pending final home-rule implementation.
Hamilton,hamilton-ma/planning-board-member,,Marnie Crouch,verified-current,https://www.hamiltonma.gov/government/planning-board/,2026-08-19,
Hamilton,hamilton-ma/planning-board-member,,Emil Dahlquist,verified-current,https://www.hamiltonma.gov/government/planning-board/,2026-08-19,
Hamilton,hamilton-ma/planning-board-member,,Matthew Hamel,verified-current,https://www.hamiltonma.gov/government/planning-board/,2026-08-19,
Hamilton,hamilton-ma/planning-board-member,,William Wheaton,verified-current,https://www.hamiltonma.gov/government/planning-board/,2026-08-19,
Hamilton,hamilton-ma/planning-board-member,,Beth Herr,verified-current,https://www.hamiltonma.gov/government/planning-board/,2026-08-19,
Hamilton,hamilton-ma/planning-board-member,,Jonathan Poore,verified-current,https://www.hamiltonma.gov/government/planning-board/,2026-08-19,
Hamilton,hamilton-ma/planning-board-member,,Darcy Dale,verified-current,https://www.hamiltonma.gov/government/planning-board/,2026-08-19,
Hamilton,hamilton-ma/town-clerk,,Carin A. Kale,verified-current,https://www.hamiltonma.gov/wp-content/uploads/2026/01/2026-Election-Dates-Open-Positions3.pdf,2026-08-19,Official 2026 election calendar identifies the incumbent/elected Town Clerk seat.
Hamilton,hamilton-ma/library-trustee,,Mary Jane Brown,verified-current,https://www.hamiltonma.gov/government/hamilton-wenham-library-trustees/,2026-08-19,"Current joint library page labels this member as Hamilton or At Large, Hamilton; total municipality-specific elected allocation remains unresolved."
Hamilton,hamilton-ma/library-trustee,,Jane Kusel,verified-current,https://www.hamiltonma.gov/government/hamilton-wenham-library-trustees/,2026-08-19,"Current joint library page labels this member as Hamilton or At Large, Hamilton; total municipality-specific elected allocation remains unresolved."
Hamilton,hamilton-ma/library-trustee,,Denise Bisaillon,verified-current,https://www.hamiltonma.gov/government/hamilton-wenham-library-trustees/,2026-08-19,"Current joint library page labels this member as Hamilton or At Large, Hamilton; total municipality-specific elected allocation remains unresolved."
Hamilton,hamilton-ma/library-trustee,,Grace Meo,verified-current,https://www.hamiltonma.gov/government/hamilton-wenham-library-trustees/,2026-08-19,"Current joint library page labels this member as Hamilton or At Large, Hamilton; total municipality-specific elected allocation remains unresolved."
Hamilton,hamilton-ma/regional-school-committee-member,,Dana Allara,verified-current,https://www.hamiltonma.gov/government/hamilton-wenham-school-committee/,2026-08-19,Current Hamilton-Wenham Regional School Committee roster; municipality-specific seat attribution remains unresolved.
Hamilton,hamilton-ma/regional-school-committee-member,,Amy Kunberger,verified-current,https://www.hamiltonma.gov/government/hamilton-wenham-school-committee/,2026-08-19,Current Hamilton-Wenham Regional School Committee roster; municipality-specific seat attribution remains unresolved.
Hamilton,hamilton-ma/regional-school-committee-member,,Francesca Connors,verified-current,https://www.hamiltonma.gov/government/hamilton-wenham-school-committee/,2026-08-19,Current Hamilton-Wenham Regional School Committee roster; municipality-specific seat attribution remains unresolved.
Hamilton,hamilton-ma/regional-school-committee-member,,Julia Campbell,verified-current,https://www.hamiltonma.gov/government/hamilton-wenham-school-committee/,2026-08-19,Current Hamilton-Wenham Regional School Committee roster; municipality-specific seat attribution remains unresolved.
Hamilton,hamilton-ma/regional-school-committee-member,,David Frenkel,verified-current,https://www.hamiltonma.gov/government/hamilton-wenham-school-committee/,2026-08-19,Current Hamilton-Wenham Regional School Committee roster; municipality-specific seat attribution remains unresolved.
Hamilton,hamilton-ma/regional-school-committee-member,,Jennifer Carr,verified-current,https://www.hamiltonma.gov/government/hamilton-wenham-school-committee/,2026-08-19,Current Hamilton-Wenham Regional School Committee roster; municipality-specific seat attribution remains unresolved.
Hamilton,hamilton-ma/regional-school-committee-member,,David Polito,verified-current,https://www.hamiltonma.gov/government/hamilton-wenham-school-committee/,2026-08-19,Current Hamilton-Wenham Regional School Committee roster; municipality-specific seat attribution remains unresolved.
Hamilton,hamilton-ma/select-board-member,,,unresolved,,2026-08-19,Current five-person Select Board after the 2026 election was not fully reconciled.
Hamilton,hamilton-ma/moderator,,,unresolved,,2026-08-19,Current post-election Moderator not independently reconciled.
Hamilton,hamilton-ma/assessor,,,unresolved,,2026-08-19,Current three-person Board of Assessors roster not fully reconciled.
Hamilton,hamilton-ma/housing-authority-member,,,unresolved,,2026-08-19,Current elected Housing Authority member(s) not cleanly mapped against appointed seats.
Hampden,hampden-ma/select-board-member,,John D. Flynn,verified-current,https://hampdenma.gov/176/Selectboard,2026-08-19,
Hampden,hampden-ma/select-board-member,,Donald L. Davenport,verified-current,https://hampdenma.gov/176/Selectboard,2026-08-19,
Hampden,hampden-ma/select-board-member,,Erik A. Vanderleeden,verified-current,https://hampdenma.gov/176/Selectboard,2026-08-19,
Hampden,hampden-ma/assessor,,Robert Makuch,verified-current,https://hampdenma.gov/166/Board-of-Assessors,2026-08-19,
Hampden,hampden-ma/assessor,,Phil Schneider,verified-current,https://hampdenma.gov/166/Board-of-Assessors,2026-08-19,
Hampden,hampden-ma/assessor,,Edward Salerno Jr.,verified-current,https://hampdenma.gov/166/Board-of-Assessors,2026-08-19,
Hampden,hampden-ma/moderator,,,unresolved,,2026-08-19,Current 2026 Moderator not independently reconciled.
Hampden,hampden-ma/regional-school-committee-member,,,unresolved,,2026-08-19,Current Hampden-designated regional member(s) not fully reconciled.
Hampden,hampden-ma/library-trustee,,,unresolved,,2026-08-19,Current elected Hampden Free Library Trustee roster not fully reconciled.
Hampden,hampden-ma/planning-board-member,,,unresolved,,2026-08-19,Current five-person Planning Board roster not fully reconciled.
Hampden,hampden-ma/housing-authority-member,,,unresolved,,2026-08-19,Current elected/appointed Housing Authority seat identity remains unresolved.
Hancock,hancock-ma/assessor,,Kristin Hickey,verified-current,https://town.hancock.ma.us/files/2026/04/Hancock-Annual-Report-2025.pdf,2026-08-19,
Hancock,hancock-ma/assessor,,Therese Rodda,verified-current,https://town.hancock.ma.us/files/2026/04/Hancock-Annual-Report-2025.pdf,2026-08-19,
Hancock,hancock-ma/assessor,,Patty Bishop,verified-current,https://town.hancock.ma.us/files/2026/04/Hancock-Annual-Report-2025.pdf,2026-08-19,
Hancock,hancock-ma/board-of-health-member,,John Quimby,verified-current,https://town.hancock.ma.us/files/2026/04/Hancock-Annual-Report-2025.pdf,2026-08-19,
Hancock,hancock-ma/board-of-health-member,,Melissa Leab,verified-current,https://town.hancock.ma.us/files/2026/04/Hancock-Annual-Report-2025.pdf,2026-08-19,
Hancock,hancock-ma/board-of-health-member,,Wendy Kipp,verified-current,https://town.hancock.ma.us/files/2026/04/Hancock-Annual-Report-2025.pdf,2026-08-19,
Hancock,hancock-ma/board-of-health-member,,Melanie Jackson,verified-current,https://town.hancock.ma.us/files/2026/04/Hancock-Annual-Report-2025.pdf,2026-08-19,
Hancock,hancock-ma/board-of-health-member,,Greg Canales,verified-current,https://town.hancock.ma.us/files/2026/04/Hancock-Annual-Report-2025.pdf,2026-08-19,
Hancock,hancock-ma/select-board-member,,"Sherman L. Derby, Sr.",verified-current,https://town.hancock.ma.us/files/2026/04/Hancock-Annual-Report-2025.pdf,2026-08-19,
Hancock,hancock-ma/select-board-member,,Don Rancatti,verified-current,https://town.hancock.ma.us/files/2026/04/Hancock-Annual-Report-2025.pdf,2026-08-19,
Hancock,hancock-ma/select-board-member,,James Rodda,verified-current,https://town.hancock.ma.us/files/2026/04/Hancock-Annual-Report-2025.pdf,2026-08-19,
Hancock,hancock-ma/cemetery-commissioner,,Donald Cassavaugh,verified-current,https://town.hancock.ma.us/files/2026/04/Hancock-Annual-Report-2025.pdf,2026-08-19,
Hancock,hancock-ma/cemetery-commissioner,,Lydia Cassavaugh,verified-current,https://town.hancock.ma.us/files/2026/04/Hancock-Annual-Report-2025.pdf,2026-08-19,
Hancock,hancock-ma/constable,,Mark Gaskill,verified-current,https://town.hancock.ma.us/files/2026/04/Hancock-Annual-Report-2025.pdf,2026-08-19,
Hancock,hancock-ma/finance-committee-member,,Linda Burdick,verified-current,https://town.hancock.ma.us/files/2026/04/Hancock-Annual-Report-2025.pdf,2026-08-19,
Hancock,hancock-ma/finance-committee-member,,Sharon Hyde,verified-current,https://town.hancock.ma.us/files/2026/04/Hancock-Annual-Report-2025.pdf,2026-08-19,
Hancock,hancock-ma/finance-committee-member,,Danielle Chretien,verified-current,https://town.hancock.ma.us/files/2026/04/Hancock-Annual-Report-2025.pdf,2026-08-19,
Hancock,hancock-ma/library-trustee,,Connie Chase,verified-current,https://town.hancock.ma.us/files/2026/04/Hancock-Annual-Report-2025.pdf,2026-08-19,
Hancock,hancock-ma/library-trustee,,Lydia Cassavaugh,verified-current,https://town.hancock.ma.us/files/2026/04/Hancock-Annual-Report-2025.pdf,2026-08-19,
Hancock,hancock-ma/library-trustee,,Jane Roberts,verified-current,https://town.hancock.ma.us/files/2026/04/Hancock-Annual-Report-2025.pdf,2026-08-19,
Hancock,hancock-ma/moderator,,Brian Fairbank,verified-current,https://town.hancock.ma.us/files/2026/04/Hancock-Annual-Report-2025.pdf,2026-08-19,
Hancock,hancock-ma/planning-board-member,,Christie W. Derby,verified-current,https://town.hancock.ma.us/files/2026/04/Hancock-Annual-Report-2025.pdf,2026-08-19,
Hancock,hancock-ma/planning-board-member,,"Sherman L. Derby, Sr.",verified-current,https://town.hancock.ma.us/files/2026/04/Hancock-Annual-Report-2025.pdf,2026-08-19,
Hancock,hancock-ma/planning-board-member,,Zach Hanson,verified-current,https://town.hancock.ma.us/files/2026/04/Hancock-Annual-Report-2025.pdf,2026-08-19,
Hancock,hancock-ma/planning-board-member,,Leo Laviolette,verified-current,https://town.hancock.ma.us/files/2026/04/Hancock-Annual-Report-2025.pdf,2026-08-19,
Hancock,hancock-ma/planning-board-member,,Barbara Markessenis,verified-current,https://town.hancock.ma.us/files/2026/04/Hancock-Annual-Report-2025.pdf,2026-08-19,
Hancock,hancock-ma/school-committee-member,,Kayt Turner,verified-current,https://town.hancock.ma.us/files/2026/04/Hancock-Annual-Report-2025.pdf,2026-08-19,
Hancock,hancock-ma/school-committee-member,,Ana Bradbury,verified-current,https://town.hancock.ma.us/files/2026/04/Hancock-Annual-Report-2025.pdf,2026-08-19,
Hancock,hancock-ma/school-committee-member,,James Rodda,verified-current,https://town.hancock.ma.us/files/2026/04/Hancock-Annual-Report-2025.pdf,2026-08-19,
Hancock,hancock-ma/school-committee-member,,Bruce Weiner,verified-current,https://town.hancock.ma.us/files/2026/04/Hancock-Annual-Report-2025.pdf,2026-08-19,
Hancock,hancock-ma/school-committee-member,,Elizabeth Kryskow,verified-current,https://town.hancock.ma.us/files/2026/04/Hancock-Annual-Report-2025.pdf,2026-08-19,
Hancock,hancock-ma/tax-collector,,Julie Williams,verified-current,https://town.hancock.ma.us/files/2026/04/Hancock-Annual-Report-2025.pdf,2026-08-19,
Hancock,hancock-ma/town-clerk,,Linda Burdick,verified-current,https://town.hancock.ma.us/files/2026/04/Hancock-Annual-Report-2025.pdf,2026-08-19,
Hancock,hancock-ma/treasurer,,Joan Burdick,verified-current,https://town.hancock.ma.us/files/2026/04/Hancock-Annual-Report-2025.pdf,2026-08-19,
Hancock,hancock-ma/cemetery-commissioner,,,vacant,https://town.hancock.ma.us/files/2026/04/Hancock-Annual-Report-2025.pdf,2026-08-19,2026 warrant explicitly states one Cemetery Commission position was vacant.
Hanover,hanover-ma/school-committee-member,,Pete Miraglia,verified-current,https://www.hanover-ma.gov/school-committee,2026-08-19,
Hanover,hanover-ma/school-committee-member,,Ryan Hall,verified-current,https://www.hanover-ma.gov/school-committee,2026-08-19,
Hanover,hanover-ma/school-committee-member,,Libby Corbo,verified-current,https://www.hanover-ma.gov/school-committee,2026-08-19,
Hanover,hanover-ma/school-committee-member,,Jaclyn Jorgenson,verified-current,https://www.hanover-ma.gov/school-committee,2026-08-19,
Hanover,hanover-ma/school-committee-member,,,unresolved,,2026-08-19,Fifth current School Committee member was not exposed in the search index snippet used for this batch.
Hanover,hanover-ma/select-board-member,,Rachel Hughes,verified-current,https://www.hanover-ma.gov/select-board/pages/fiscal-year-2026-goals,2026-08-19,
Hanover,hanover-ma/select-board-member,,Greg Satterwhite,verified-current,https://www.hanover-ma.gov/select-board/pages/fiscal-year-2026-goals,2026-08-19,
Hanover,hanover-ma/select-board-member,,Steve Louko,verified-current,https://www.hanover-ma.gov/select-board/pages/fiscal-year-2026-goals,2026-08-19,
Hanover,hanover-ma/select-board-member,,Vanessa O'Connor,verified-current,https://www.hanover-ma.gov/select-board/pages/fiscal-year-2026-goals,2026-08-19,
Hanover,hanover-ma/select-board-member,,,unresolved,,2026-08-19,Fifth current Select Board member not independently exposed in current indexed source text.
Hanover,hanover-ma/assessor,,,unresolved,,2026-08-19,Current three-person Board of Assessors roster not fully reconciled.
Hanover,hanover-ma/planning-board-member,,,unresolved,,2026-08-19,Current seven-person Planning Board roster not safely reconciled after the 2026 election.
Hanover,hanover-ma/board-of-health-member,,,unresolved,,2026-08-19,Current three-person Board of Health roster not fully reconciled.
Hanover,hanover-ma/library-trustee,,,unresolved,,2026-08-19,Current three-person elected library trustee roster not fully reconciled.
Hanover,hanover-ma/moderator,,,unresolved,,2026-08-19,Current Moderator not independently reconciled.
Hanover,hanover-ma/town-clerk,,,unresolved,,2026-08-19,Current elected Town Clerk not independently reconciled.
Hanson,hanson-ma/select-board-member,,Laura FitzGerald-Kemmett,verified-current,https://www.hanson-ma.gov/select-board,2026-08-19,
Hanson,hanson-ma/select-board-member,,Joseph Weeks,verified-current,https://www.hanson-ma.gov/select-board,2026-08-19,
Hanson,hanson-ma/select-board-member,,Frank DeGrazia,verified-current,https://www.hanson-ma.gov/select-board,2026-08-19,
Hanson,hanson-ma/select-board-member,,David George,verified-current,https://www.hanson-ma.gov/select-board,2026-08-19,
Hanson,hanson-ma/select-board-member,,,unresolved,,2026-08-19,Fifth current Select Board member was not cleanly exposed in the indexed page snippet.
Hanson,hanson-ma/planning-board-member,,Stephen Cloutman,verified-current,https://www.hanson-ma.gov/planning-boarddepartment,2026-08-19,
Hanson,hanson-ma/planning-board-member,,Kevin Cohen,verified-current,https://www.hanson-ma.gov/planning-boarddepartment,2026-08-19,
Hanson,hanson-ma/planning-board-member,,Paul Benenato,verified-current,https://www.hanson-ma.gov/planning-boarddepartment,2026-08-19,
Hanson,hanson-ma/planning-board-member,,Justin Robertson,verified-current,https://www.hanson-ma.gov/planning-boarddepartment,2026-08-19,
Hanson,hanson-ma/planning-board-member,,,unresolved,,2026-08-19,Fifth current Planning Board member remains to be reconciled.
Hanson,hanson-ma/board-of-health-member,,Arlene Dias,verified-current,https://www.hanson-ma.gov/board-health,2026-08-19,
Hanson,hanson-ma/board-of-health-member,,Peter Butler,verified-current,https://www.hanson-ma.gov/board-health,2026-08-19,
Hanson,hanson-ma/board-of-health-member,,,unresolved,,2026-08-19,Third current Board of Health member remains to be reconciled.
Hanson,hanson-ma/assessor,,,unresolved,,2026-08-19,Current three-member Board of Assessors roster not fully reconciled.
Hanson,hanson-ma/regional-school-committee-member,,,unresolved,,2026-08-19,Current Hanson-designated Whitman-Hanson members and total Hanson allocation remain unresolved.
Hanson,hanson-ma/regional-vocational-school-committee-member,,,unresolved,,2026-08-19,Current South Shore Regional vocational representative not independently re-confirmed.
Hanson,hanson-ma/library-trustee,,,unresolved,,2026-08-19,Current elected Library Trustee roster and total elected size remain unresolved.
Hardwick,hardwick-ma/select-board-member,,Zach Spencer,verified-current,https://www.hardwick-ma.gov/home-page/page/2026-annual-town-election-results,2026-08-19,Current Select Board reorganization agenda after the 2026 election welcomes Zach Spencer as the new Select Board member.
Hardwick,hardwick-ma/select-board-member,,,unresolved,,2026-08-19,Two holdover Select Board members remain to be reconciled.
Hardwick,hardwick-ma/planning-board-member,,,unresolved,,2026-08-19,Current five-member Planning Board roster not fully reconciled.
Hardwick,hardwick-ma/library-trustee,,,unresolved,,2026-08-19,Current complete Paige Memorial Library Trustee roster not fully reconciled.
Harvard,harvard-ma/moderator,,Bill Barton,verified-current,https://www.harvard-ma.gov/373/Elected-Officials---Town,2026-08-19,
Harvard,harvard-ma/select-board-member,,Kara Minar,verified-current,https://www.harvard-ma.gov/373/Elected-Officials---Town,2026-08-19,
Harvard,harvard-ma/select-board-member,,Susan Mary Redinger,verified-current,https://www.harvard-ma.gov/373/Elected-Officials---Town,2026-08-19,
Harvard,harvard-ma/select-board-member,,Ahmet Corapcioglu,verified-current,https://www.harvard-ma.gov/373/Elected-Officials---Town,2026-08-19,
Harvard,harvard-ma/select-board-member,,Eve Wittenberg,verified-current,https://www.harvard-ma.gov/373/Elected-Officials---Town,2026-08-19,
Harvard,harvard-ma/select-board-member,,Eric Ward,verified-current,https://www.harvard-ma.gov/373/Elected-Officials---Town,2026-08-19,
Harvard,harvard-ma/library-trustee,,Stacie C. Green,verified-current,https://www.harvard-ma.gov/373/Elected-Officials---Town,2026-08-19,
Harvard,harvard-ma/library-trustee,,Sarah Saleh,verified-current,https://www.harvard-ma.gov/373/Elected-Officials---Town,2026-08-19,
Harvard,harvard-ma/library-trustee,,Mary A. Coolidge,verified-current,https://www.harvard-ma.gov/373/Elected-Officials---Town,2026-08-19,
Harvard,harvard-ma/library-trustee,,Rebecca M. Brown,verified-current,https://www.harvard-ma.gov/373/Elected-Officials---Town,2026-08-19,
Harvard,harvard-ma/library-trustee,,Laurie Lingham,verified-current,https://www.harvard-ma.gov/373/Elected-Officials---Town,2026-08-19,
Harvard,harvard-ma/library-trustee,,Jennifer A. Manell,verified-current,https://www.harvard-ma.gov/373/Elected-Officials---Town,2026-08-19,
Harvard,harvard-ma/school-committee-member,,Brian Killeen,verified-current,https://www.harvard-ma.gov/373/Elected-Officials---Town,2026-08-19,
Harvard,harvard-ma/school-committee-member,,Abigail Besse,verified-current,https://www.harvard-ma.gov/373/Elected-Officials---Town,2026-08-19,
Harvard,harvard-ma/school-committee-member,,Elizabeth Nees,verified-current,https://www.harvard-ma.gov/373/Elected-Officials---Town,2026-08-19,
Harvard,harvard-ma/school-committee-member,,Liz Joyce,verified-current,https://www.harvard-ma.gov/373/Elected-Officials---Town,2026-08-19,
Harvard,harvard-ma/school-committee-member,,Katharine Covino-Poutasse,verified-current,https://www.harvard-ma.gov/373/Elected-Officials---Town,2026-08-19,
Harvard,harvard-ma/warner-free-lecture-trustee,,Michael Kilian,verified-current,https://www.harvard-ma.gov/373/Elected-Officials---Town,2026-08-19,
Harvard,harvard-ma/warner-free-lecture-trustee,,Piali De,verified-current,https://www.harvard-ma.gov/373/Elected-Officials---Town,2026-08-19,
Harvard,harvard-ma/warner-free-lecture-trustee,,William Salter,verified-current,https://www.harvard-ma.gov/373/Elected-Officials---Town,2026-08-19,
Harvard,harvard-ma/warner-free-lecture-trustee,,Stephen Peisch,verified-current,https://www.harvard-ma.gov/373/Elected-Officials---Town,2026-08-19,
Harvard,harvard-ma/warner-free-lecture-trustee,,Seth Trotz,verified-current,https://www.harvard-ma.gov/373/Elected-Officials---Town,2026-08-19,
Harvard,harvard-ma/warner-free-lecture-trustee,,Stephen Richter,verified-current,https://www.harvard-ma.gov/373/Elected-Officials---Town,2026-08-19,
Harwich,harwich-ma/select-board-member,,Peter Piekarski,verified-current,https://www.harwich-ma.gov/select-board?contentId=d07e4233-789f-4b2e-b470-b6e62b0eb7a7,2026-08-19,
Harwich,harwich-ma/select-board-member,,Mark Kelleher,verified-current,https://www.harwich-ma.gov/select-board?contentId=d07e4233-789f-4b2e-b470-b6e62b0eb7a7,2026-08-19,
Harwich,harwich-ma/select-board-member,,Jeffrey Handler,verified-current,https://www.harwich-ma.gov/select-board?contentId=d07e4233-789f-4b2e-b470-b6e62b0eb7a7,2026-08-19,
Harwich,harwich-ma/select-board-member,,,unresolved,,2026-08-19,Two additional current Select Board members remain to be reconciled from the full current page.
Harwich,harwich-ma/water-wastewater-commissioner,,Noreen Donahue,verified-current,https://www.harwich-ma.gov/water-department-website,2026-08-19,
Harwich,harwich-ma/water-wastewater-commissioner,,Bob Young,verified-current,https://www.harwich-ma.gov/water-department-website,2026-08-19,
Harwich,harwich-ma/water-wastewater-commissioner,,,unresolved,,2026-08-19,Three additional current Water/Wastewater Commissioners remain to be reconciled.
Harwich,harwich-ma/library-trustee,,,unresolved,,2026-08-19,Seven-member elected Brooks Free Library Trustee roster not fully extracted in this batch.
Hatfield,hatfield-ma/select-board-member,,Luke Longstreeth,verified-current,https://www.townofhatfield.org/Directory.aspx?did=39,2026-08-19,
Hatfield,hatfield-ma/select-board-member,,Edmund Jaworski,verified-current,https://www.townofhatfield.org/Directory.aspx?did=39,2026-08-19,
Hatfield,hatfield-ma/select-board-member,,Julia Frisby,verified-current,https://www.townofhatfield.org/Directory.aspx?did=39,2026-08-19,
Hatfield,hatfield-ma/oliver-smith-will-elector,,Alaina E. Wilcox,verified-current,https://www.townofhatfield.org/DocumentCenter/View/3578,2026-08-19,Named candidate for the current term on the official 2026 specimen ballot; no competing printed candidate appears for this office.
Hatfield,hatfield-ma/planning-board-member,,Douglas C. Finn,verified-current,https://www.townofhatfield.org/DocumentCenter/View/3578,2026-08-19,Named candidate for the current term on the official 2026 specimen ballot; no competing printed candidate appears for this office.
Hatfield,hatfield-ma/moderator,,Robert E. Betsold,verified-current,https://www.townofhatfield.org/DocumentCenter/View/3578,2026-08-19,Named candidate for the current term on the official 2026 specimen ballot; no competing printed candidate appears for this office.
Hatfield,hatfield-ma/town-clerk,,Alaina E. Wilcox,verified-current,https://www.townofhatfield.org/DocumentCenter/View/3578,2026-08-19,Named candidate for the current term on the official 2026 specimen ballot; no competing printed candidate appears for this office.
Hatfield,hatfield-ma/assessor,,,unresolved,,2026-08-19,Current complete assessor roster not reconciled.
Hatfield,hatfield-ma/school-committee-member,,,unresolved,,2026-08-19,Current complete School Committee roster and total size remain unresolved.
Hatfield,hatfield-ma/cemetery-commissioner,,,unresolved,,2026-08-19,Current Cemetery Commission roster and total size remain unresolved.
Hatfield,hatfield-ma/board-of-health-member,,,unresolved,,2026-08-19,Current Board of Health roster and total size remain unresolved.
Hatfield,hatfield-ma/library-trustee,,,unresolved,,2026-08-19,Current Library Trustee roster and total size remain unresolved.
Hatfield,hatfield-ma/housing-authority-member,,,unresolved,,2026-08-19,Current elected Housing Authority composition remains unresolved.
Haverhill,haverhill-ma/mayor,,Melinda Barrett,verified-current,https://www.haverhillma.gov/government/elections/elected-officials/,2026-08-19,
Haverhill,haverhill-ma/city-council-member,At-Large,Timothy J. Jordan,verified-current,https://www.haverhillma.gov/government/mayor-and-council/city-councilors/,2026-08-19,
Haverhill,haverhill-ma/city-council-member,At-Large,John A. Michitson,verified-current,https://www.haverhillma.gov/government/mayor-and-council/city-councilors/,2026-08-19,
Haverhill,haverhill-ma/city-council-member,At-Large,Colin LePage,verified-current,https://www.haverhillma.gov/government/mayor-and-council/city-councilors/,2026-08-19,
Haverhill,haverhill-ma/city-council-member,At-Large,Thomas J. Sullivan,verified-current,https://www.haverhillma.gov/government/mayor-and-council/city-councilors/,2026-08-19,
Haverhill,haverhill-ma/city-council-member,Ward 1,Ralph T. Basiliere,verified-current,https://www.haverhillma.gov/government/mayor-and-council/city-councilors/,2026-08-19,
Haverhill,haverhill-ma/city-council-member,Ward 2,Daniel R. Diodati,verified-current,https://www.haverhillma.gov/government/mayor-and-council/city-councilors/,2026-08-19,
Haverhill,haverhill-ma/city-council-member,Ward 3,Devan Ferreira,verified-current,https://www.haverhillma.gov/government/mayor-and-council/city-councilors/,2026-08-19,
Haverhill,haverhill-ma/city-council-member,Ward 4,Melissa J. Lewandowski,verified-current,https://www.haverhillma.gov/government/mayor-and-council/city-councilors/,2026-08-19,
Haverhill,haverhill-ma/city-council-member,Ward 5,Shaun P. Toohey,verified-current,https://www.haverhillma.gov/government/mayor-and-council/city-councilors/,2026-08-19,
Haverhill,haverhill-ma/city-council-member,Ward 6,Michael S. McGonagle,verified-current,https://www.haverhillma.gov/government/mayor-and-council/city-councilors/,2026-08-19,
Haverhill,haverhill-ma/city-council-member,Ward 7,Catherine P. Rogers,verified-current,https://www.haverhillma.gov/government/mayor-and-council/city-councilors/,2026-08-19,
Haverhill,haverhill-ma/school-committee-member,Ward 7,Thomas Grannemann,verified-current,https://www.haverhill-ps.org/school-committee/,2026-08-19,
Haverhill,haverhill-ma/school-committee-member,Ward 4,Amanda Basiliere,verified-current,https://www.haverhill-ps.org/school-committee/,2026-08-19,
Haverhill,haverhill-ma/school-committee-member,Ward 2,Robert Brown III,verified-current,https://www.haverhill-ps.org/school-committee/,2026-08-19,
Haverhill,haverhill-ma/school-committee-member,Ward 6,Yonnie Collins,verified-current,https://www.haverhill-ps.org/school-committee/,2026-08-19,
Haverhill,haverhill-ma/school-committee-member,At-Large,Penelope Guerrero,verified-current,https://www.haverhill-ps.org/school-committee/,2026-08-19,
Haverhill,haverhill-ma/school-committee-member,At-Large,Josiah E. Morrow,verified-current,https://www.haverhill-ps.org/school-committee/,2026-08-19,
Haverhill,haverhill-ma/school-committee-member,Ward 1,Mirca Zoraida Rivera,verified-current,https://www.haverhill-ps.org/school-committee/,2026-08-19,
Haverhill,haverhill-ma/school-committee-member,Ward 3,Maura Ryan-Ciardiello,verified-current,https://www.haverhill-ps.org/school-committee/,2026-08-19,
Haverhill,haverhill-ma/school-committee-member,At-Large,Toni Sapienza Donais,verified-current,https://www.haverhill-ps.org/school-committee/,2026-08-19,
Haverhill,haverhill-ma/school-committee-member,Ward 5,Jill Story,verified-current,https://www.haverhill-ps.org/school-committee/,2026-08-19,
Hawley,hawley-ma/select-board-member,,Will Cosby,verified-current,https://townofhawley.com/town-meeting-is-coming/,2026-08-19,Re-elected in the 2026 town election for three years.
Hawley,hawley-ma/select-board-member,,,unresolved,,2026-08-19,Two holdover Select Board seats remain to be reconciled against a post-election current roster.
Hawley,hawley-ma/assessor,,Ed Brady,verified-current,https://townofhawley.com/hawley-assessors/,2026-08-19,
Hawley,hawley-ma/assessor,,Wayne Lemoine,verified-current,https://townofhawley.com/hawley-assessors/,2026-08-19,
Hawley,hawley-ma/assessor,,Jeff Carantit,verified-current,https://townofhawley.com/hawley-assessors/,2026-08-19,
Hawley,hawley-ma/hawlemont-school-committee-member,,Ken Bertsch,verified-current,https://townofhawley.com/reps-hawlemont-school-com/,2026-08-19,
Hawley,hawley-ma/hawlemont-school-committee-member,,Peggy Travers,verified-current,https://townofhawley.com/reps-hawlemont-school-com/,2026-08-19,
Hawley,hawley-ma/hawlemont-school-committee-member,,Kylie Turner,verified-current,https://townofhawley.com/reps-hawlemont-school-com/,2026-08-19,
Hawley,hawley-ma/mohawk-trail-school-committee-member,,Suzanne Crawford,verified-current,https://townofhawley.com/mtrsd-schl-comm/,2026-08-19,
Hawley,hawley-ma/mohawk-trail-school-committee-member,,Robert Sears,verified-current,https://townofhawley.com/mtrsd-schl-comm/,2026-08-19,
Hawley,hawley-ma/moderator,,Julie Carantit,verified-current,https://townofhawley.com/other-town-officials/,2026-08-19,
Hawley,hawley-ma/auditor,,,unresolved,,2026-08-19,2026 Auditor was a write-in contest; current incumbent was not independently confirmed from a post-election roster.
Heath,heath-ma/select-board-member,,Robyn Provost,verified-current,https://townofheath.org/g/46/Select-Board,2026-08-19,
Heath,heath-ma/select-board-member,,,unresolved,,2026-08-19,Two additional current Select Board members remain to be reconciled.
Heath,heath-ma/assessor,,Robyn Provost,verified-current,https://townofheath.org/g/47/Board-of-Assessors,2026-08-19,
Heath,heath-ma/assessor,,Anne Emmet,verified-current,https://townofheath.org/g/47/Board-of-Assessors,2026-08-19,
Heath,heath-ma/assessor,,Alice Wozniak,verified-current,https://townofheath.org/g/47/Board-of-Assessors,2026-08-19,
Heath,heath-ma/finance-committee-member,,Dena Briggs,verified-current,https://townofheath.org/g/42/Finance-Committee,2026-08-19,
Heath,heath-ma/finance-committee-member,,Alice Wozniak,verified-current,https://townofheath.org/g/42/Finance-Committee,2026-08-19,
Heath,heath-ma/finance-committee-member,,,unresolved,,2026-08-19,Three additional current Finance Committee seats remain to be reconciled.
Heath,heath-ma/planning-board-member,,Doug Mason,verified-current,https://townofheath.org/g/40/Planning-Board,2026-08-19,
Heath,heath-ma/planning-board-member,,Peter Charow,verified-current,https://townofheath.org/g/40/Planning-Board,2026-08-19,
Heath,heath-ma/planning-board-member,,Will Emmet,verified-current,https://townofheath.org/g/40/Planning-Board,2026-08-19,
Heath,heath-ma/planning-board-member,,,unresolved,,2026-08-19,Two additional current Planning Board seats remain to be reconciled.
Heath,heath-ma/library-trustee,,Gale Hubley,verified-current,https://townofheath.org/g/39/Library-Trustees,2026-08-19,
Heath,heath-ma/library-trustee,,Emily Cross,verified-current,https://townofheath.org/g/39/Library-Trustees,2026-08-19,
Heath,heath-ma/library-trustee,,,unresolved,,2026-08-19,Total trustee size and remaining current holders are unresolved.
Heath,heath-ma/school-committee-member,,,unresolved,,2026-08-19,Current School Committee roster remains unresolved.
Heath,heath-ma/municipal-light-board-member,,,unresolved,,2026-08-19,Current five-person Municipal Light Board roster not fully reconciled.
Heath,heath-ma/constable,,,unresolved,,2026-08-19,Current Constable not independently reconciled.
Heath,heath-ma/moderator,,Eric Sumner,verified-current,https://townofheath.org/files/2026_Annual_Town_Meeting_Minutes.pdf,2026-08-19,
Heath,heath-ma/fence-viewer,,Michael Cucchiara,verified-current,https://townofheath.org/files/2026_Annual_Town_Meeting_Minutes.pdf,2026-08-19,
Heath,heath-ma/fence-viewer,,Anne Emmet,verified-current,https://townofheath.org/files/2026_Annual_Town_Meeting_Minutes.pdf,2026-08-19,
Heath,heath-ma/fence-viewer,,Karen Brooks,verified-current,https://townofheath.org/files/2026_Annual_Town_Meeting_Minutes.pdf,2026-08-19,
Heath,heath-ma/tree-warden,,Steven Thane,verified-current,https://townofheath.org/files/2026_Annual_Town_Meeting_Minutes.pdf,2026-08-19,
Heath,heath-ma/measurer-wood-bark,,Nathan Clark,verified-current,https://townofheath.org/files/2026_Annual_Town_Meeting_Minutes.pdf,2026-08-19,
Heath,heath-ma/measurer-wood-bark,,Daniel Clark,verified-current,https://townofheath.org/files/2026_Annual_Town_Meeting_Minutes.pdf,2026-08-19,
Heath,heath-ma/field-driver,,Karen Brooks,verified-current,https://townofheath.org/files/2026_Annual_Town_Meeting_Minutes.pdf,2026-08-19,
Heath,heath-ma/field-driver,,Nina Marshall,verified-current,https://townofheath.org/files/2026_Annual_Town_Meeting_Minutes.pdf,2026-08-19,
Heath,heath-ma/field-driver,,Michael Freeman,verified-current,https://townofheath.org/files/2026_Annual_Town_Meeting_Minutes.pdf,2026-08-19,
Heath,heath-ma/field-driver,,Jeff Peck,verified-current,https://townofheath.org/files/2026_Annual_Town_Meeting_Minutes.pdf,2026-08-19,
Heath,heath-ma/sexton,,Matthew Lively,verified-current,https://townofheath.org/files/2026_Annual_Town_Meeting_Minutes.pdf,2026-08-19,
Hingham,hingham-ma/moderator,,Michael J. Puzo,verified-current,https://www.hingham-ma.gov/DocumentCenter/View/27908/2026-Town-Election-Results,2026-08-19,
Hingham,hingham-ma/select-board-member,,Liz Klein,verified-current,https://www.hingham-ma.gov/224/Select-Board,2026-08-19,
Hingham,hingham-ma/select-board-member,,William Ramsey,verified-current,https://www.hingham-ma.gov/224/Select-Board,2026-08-19,
Hingham,hingham-ma/select-board-member,,Julie Strehle,verified-current,https://www.hingham-ma.gov/224/Select-Board,2026-08-19,
Hingham,hingham-ma/assessor,,Randall M. Winters,verified-current,https://www.hingham-ma.gov/626/Board-of-Assessors,2026-08-19,
Hingham,hingham-ma/assessor,,Joshua M. Ross,verified-current,https://www.hingham-ma.gov/626/Board-of-Assessors,2026-08-19,
Hingham,hingham-ma/assessor,,Sara A. Abbott,verified-current,https://www.hingham-ma.gov/626/Board-of-Assessors,2026-08-19,
Hingham,hingham-ma/board-of-health-member,,"Elizabeth Eldredge, MD",verified-current,https://www.hingham-ma.gov/625/Board-of-Health,2026-08-19,
Hingham,hingham-ma/board-of-health-member,,Mark Lundin,verified-current,https://www.hingham-ma.gov/625/Board-of-Health,2026-08-19,
Hingham,hingham-ma/board-of-health-member,,Rosemary Byrne,verified-current,https://www.hingham-ma.gov/625/Board-of-Health,2026-08-19,
Hingham,hingham-ma/municipal-light-board-member,,Laura Burns,verified-current,https://www.hingham-ma.gov/DocumentCenter/View/27981/June-24-2026-Meeting-Packet,2026-08-19,
Hingham,hingham-ma/municipal-light-board-member,,Michael Reive,verified-current,https://www.hingham-ma.gov/DocumentCenter/View/27981/June-24-2026-Meeting-Packet,2026-08-19,
Hingham,hingham-ma/municipal-light-board-member,,Joseph Fisher,verified-current,https://www.hingham-ma.gov/DocumentCenter/View/27981/June-24-2026-Meeting-Packet,2026-08-19,
Hingham,hingham-ma/school-committee-member,,Jennifer A. Benham,verified-current,https://www.hingham-ma.gov/DocumentCenter/View/27908/2026-Town-Election-Results,2026-08-19,2026 regular-term election winner; four holdover seats remain to be reconciled.
Hingham,hingham-ma/school-committee-member,,Nina Theresa Villanova,verified-current,https://www.hingham-ma.gov/DocumentCenter/View/27908/2026-Town-Election-Results,2026-08-19,2026 regular-term election winner; four holdover seats remain to be reconciled.
Hingham,hingham-ma/school-committee-member,,,unresolved,,2026-08-19,Four holdover School Committee seats remain to be reconciled.
Hingham,hingham-ma/planning-board-member,,Tracy Shriver,verified-current,https://www.hingham-ma.gov/631/Planning-Board,2026-08-19,
Hingham,hingham-ma/planning-board-member,,Kevin Ellis,verified-current,https://www.hingham-ma.gov/631/Planning-Board,2026-08-19,
Hingham,hingham-ma/planning-board-member,,Gordon Carr,verified-current,https://www.hingham-ma.gov/631/Planning-Board,2026-08-19,
Hingham,hingham-ma/planning-board-member,,Crystal Kelly,verified-current,https://www.hingham-ma.gov/631/Planning-Board,2026-08-19,
Hingham,hingham-ma/planning-board-member,,Gary Tondorf-Dick,verified-current,https://www.hingham-ma.gov/631/Planning-Board,2026-08-19,
Hingham,hingham-ma/sewer-commissioner,,Clark Frazier,verified-current,https://www.hingham-ma.gov/636/Sewer-Commission,2026-08-19,
Hingham,hingham-ma/sewer-commissioner,,Joe Fisher,verified-current,https://www.hingham-ma.gov/636/Sewer-Commission,2026-08-19,
Hingham,hingham-ma/sewer-commissioner,,Richard Eisen,verified-current,https://www.hingham-ma.gov/636/Sewer-Commission,2026-08-19,
Hingham,hingham-ma/recreation-commissioner,,Vicki Donlan,verified-current,https://www.hingham-ma.gov/634/Recreation-Commission,2026-08-19,
Hingham,hingham-ma/recreation-commissioner,,Matt LeBretton,verified-current,https://www.hingham-ma.gov/634/Recreation-Commission,2026-08-19,
Hingham,hingham-ma/recreation-commissioner,,Steve Buckley,verified-current,https://www.hingham-ma.gov/634/Recreation-Commission,2026-08-19,
Hingham,hingham-ma/recreation-commissioner,,Steve Melia,verified-current,https://www.hingham-ma.gov/634/Recreation-Commission,2026-08-19,
Hingham,hingham-ma/recreation-commissioner,,Adrienne Ramsey,verified-current,https://www.hingham-ma.gov/634/Recreation-Commission,2026-08-19,
Hingham,hingham-ma/town-clerk,,Carol Falvey,verified-current,https://www.hingham-ma.gov/409/Town-Clerk,2026-08-19,
Hingham,hingham-ma/housing-authority-member,,,unresolved,,2026-08-19,"Current commissioners are known, but locally elected versus appointed seat identity remains unresolved."
Hinsdale,hinsdale-ma/select-board-member,,Margaret Gregory,verified-current,https://www.hinsdalemass.com/1245/Select-Board,2026-08-19,
Hinsdale,hinsdale-ma/select-board-member,,Bart Collins,verified-current,https://www.hinsdalemass.com/1245/Select-Board,2026-08-19,
Hinsdale,hinsdale-ma/select-board-member,,Raymond Huntoon,verified-current,https://www.hinsdalemass.com/1245/Select-Board,2026-08-19,
Hinsdale,hinsdale-ma/town-clerk,,Dawn L. Frissell,verified-current,https://www.hinsdalemass.com/DocumentCenter/View/3336,2026-08-19,Winner of the official 2026 Town Clerk contest for a three-year term.
Hinsdale,hinsdale-ma/assessor,,Laura Galliher,verified-current,https://www.hinsdalemass.com/DocumentCenter/View/3336,2026-08-19,Winner of the 2026 regular three-year Assessor seat.
Hinsdale,hinsdale-ma/assessor,,,unresolved,,2026-08-19,Two other current assessor seats remain to be reconciled; 2026 included an unexpired vacancy contest.
Hinsdale,hinsdale-ma/finance-committee-member,,Shaun Galliher,verified-current,https://www.hinsdalemass.com/AgendaCenter/ViewFile/Minutes/_06042026-376,2026-08-19,"Listed as present or absent Finance Committee member in the June 4, 2026 official meeting record; current website count conflicts and is preserved."
Hinsdale,hinsdale-ma/finance-committee-member,,Heather Brown,verified-current,https://www.hinsdalemass.com/AgendaCenter/ViewFile/Minutes/_06042026-376,2026-08-19,"Listed as present or absent Finance Committee member in the June 4, 2026 official meeting record; current website count conflicts and is preserved."
Hinsdale,hinsdale-ma/finance-committee-member,,James Chivers,verified-current,https://www.hinsdalemass.com/AgendaCenter/ViewFile/Minutes/_06042026-376,2026-08-19,"Listed as present or absent Finance Committee member in the June 4, 2026 official meeting record; current website count conflicts and is preserved."
Hinsdale,hinsdale-ma/finance-committee-member,,Russell Parks,verified-current,https://www.hinsdalemass.com/AgendaCenter/ViewFile/Minutes/_06042026-376,2026-08-19,"Listed as present or absent Finance Committee member in the June 4, 2026 official meeting record; current website count conflicts and is preserved."
Hinsdale,hinsdale-ma/finance-committee-member,,Candy Galeucia,verified-current,https://www.hinsdalemass.com/AgendaCenter/ViewFile/Minutes/_06042026-376,2026-08-19,"Listed as present or absent Finance Committee member in the June 4, 2026 official meeting record; current website count conflicts and is preserved."
Hinsdale,hinsdale-ma/finance-committee-member,,Mary Rice,verified-current,https://www.hinsdalemass.com/AgendaCenter/ViewFile/Minutes/_06042026-376,2026-08-19,"Listed as present or absent Finance Committee member in the June 4, 2026 official meeting record; current website count conflicts and is preserved."
Hinsdale,hinsdale-ma/finance-committee-member,,Bonnie Conner,verified-current,https://www.hinsdalemass.com/AgendaCenter/ViewFile/Minutes/_06042026-376,2026-08-19,"Listed as present or absent Finance Committee member in the June 4, 2026 official meeting record; current website count conflicts and is preserved."
Hinsdale,hinsdale-ma/finance-committee-member,,William Goddard,verified-current,https://www.hinsdalemass.com/AgendaCenter/ViewFile/Minutes/_06042026-376,2026-08-19,"Listed as present or absent Finance Committee member in the June 4, 2026 official meeting record; current website count conflicts and is preserved."
Hinsdale,hinsdale-ma/finance-committee-member,,Tracey Lussier,verified-current,https://www.hinsdalemass.com/AgendaCenter/ViewFile/Minutes/_06042026-376,2026-08-19,"Listed as present or absent Finance Committee member in the June 4, 2026 official meeting record; current website count conflicts and is preserved."
Hinsdale,hinsdale-ma/planning-board-member,,Chris Montferret,verified-current,https://www.hinsdalemass.com/1248/Planning-Board,2026-08-19,
Hinsdale,hinsdale-ma/planning-board-member,,Keith Harrison,verified-current,https://www.hinsdalemass.com/1248/Planning-Board,2026-08-19,
Hinsdale,hinsdale-ma/planning-board-member,,Kore Longdyke,verified-current,https://www.hinsdalemass.com/1248/Planning-Board,2026-08-19,
Hinsdale,hinsdale-ma/planning-board-member,,,unresolved,,2026-08-19,Five-seat elected structure is retained; current page exposes three names amid vacancies/reorganization.
Hinsdale,hinsdale-ma/moderator,,,unresolved,,2026-08-19,Current elected Moderator identity not independently confirmed.
Hinsdale,hinsdale-ma/tree-warden,,,unresolved,,2026-08-19,Current elected Tree Warden identity not independently confirmed.
Hinsdale,hinsdale-ma/regional-school-committee-member,,Richard Peters,verified-current,https://www.hinsdalemass.com/1246/School-Committee,2026-08-19,
Hinsdale,hinsdale-ma/regional-school-committee-member,,,unresolved,,2026-08-19,Second current Hinsdale CBRSD representative remains to be reconciled.
Holbrook,holbrook-ma/select-board-member,,Patricia Conway,verified-current,https://www.holbrookma.gov/Directory.aspx,2026-08-19,
Holbrook,holbrook-ma/select-board-member,,Kevin Costa,verified-current,https://www.holbrookma.gov/Directory.aspx,2026-08-19,
Holbrook,holbrook-ma/select-board-member,,Pamela E. Campanella,verified-current,https://www.holbrookma.gov/Directory.aspx,2026-08-19,
Holbrook,holbrook-ma/select-board-member,,Christopher Lade,verified-current,https://www.holbrookma.gov/Directory.aspx,2026-08-19,
Holbrook,holbrook-ma/select-board-member,,Christopher Eddington,verified-current,https://www.holbrookma.gov/Directory.aspx,2026-08-19,
Holbrook,holbrook-ma/town-clerk,,Meaghan Harrington,verified-current,https://www.holbrookma.gov/Directory.aspx,2026-08-19,
Holbrook,holbrook-ma/moderator,,"James J. Curran, Jr.",verified-current,https://www.holbrookma.gov/Directory.aspx,2026-08-19,
Holbrook,holbrook-ma/board-of-health-member,,Mary Donovan,verified-current,https://www.holbrookma.gov/Directory.aspx,2026-08-19,
Holbrook,holbrook-ma/board-of-health-member,,Cristina Lucci-McShain,verified-current,https://www.holbrookma.gov/Directory.aspx,2026-08-19,
Holbrook,holbrook-ma/board-of-health-member,,Christopher J. Nickerson,verified-current,https://www.holbrookma.gov/Directory.aspx,2026-08-19,
Holbrook,holbrook-ma/board-of-health-member,,Allyson Pinkhover,verified-current,https://www.holbrookma.gov/Directory.aspx,2026-08-19,
Holbrook,holbrook-ma/board-of-health-member,,Jack Quinn,verified-current,https://www.holbrookma.gov/Directory.aspx,2026-08-19,
Holbrook,holbrook-ma/planning-board-member,,,unresolved,,2026-08-19,Current five-member elected Planning Board roster not fully extracted.
Holbrook,holbrook-ma/school-committee-member,,,unresolved,,2026-08-19,Current School Committee roster and total size remain unresolved.
Holbrook,holbrook-ma/library-trustee,,,unresolved,,2026-08-19,Current trustee directory exposes only a partial roster; total elected size remains unresolved.
Holbrook,holbrook-ma/assessor,,,unresolved,,2026-08-19,Current elected assessor membership was not cleanly distinguished from assessment staff in the directory.
Holbrook,holbrook-ma/housing-authority-member,,,unresolved,,2026-08-19,Current elected versus appointed Housing Authority seats remain unresolved.
Holden,holden-ma/select-board-member,,Linda Long-Bellil,verified-current,https://www.holdenma.gov/510/Board-of-Selectmen,2026-08-19,
Holden,holden-ma/select-board-member,,William Holmes,verified-current,https://www.holdenma.gov/510/Board-of-Selectmen,2026-08-19,
Holden,holden-ma/select-board-member,,Christopher Faulkner,verified-current,https://www.holdenma.gov/510/Board-of-Selectmen,2026-08-19,
Holden,holden-ma/select-board-member,,Anthony Renzoni,verified-current,https://www.holdenma.gov/510/Board-of-Selectmen,2026-08-19,
Holden,holden-ma/select-board-member,,Thomas Curran,verified-current,https://www.holdenma.gov/510/Board-of-Selectmen,2026-08-19,
Holden,holden-ma/moderator,,,unresolved,,2026-08-19,Current post-2026 Moderator not independently reconciled from an official current roster.
Holden,holden-ma/library-trustee,,,unresolved,,2026-08-19,Current six-person Damon Memorial Library trustee roster not fully reconciled.
Holden,holden-ma/regional-school-committee-member,,,unresolved,,2026-08-19,Current Holden WRSD roster and total allocation remain unresolved.
Holden,holden-ma/housing-authority-member,,,unresolved,,2026-08-19,Current locally elected Housing Authority members remain unresolved.
Holland,holland-ma/select-board-member,,,unresolved,,2026-08-19,Current three-person Select Board roster was not cleanly extractable from the current official site.
Holland,holland-ma/planning-board-member,,,unresolved,,2026-08-19,Current five-person elected Planning Board roster not cleanly extractable from the current official site.
Holland,holland-ma/cemetery-commissioner,,,unresolved,,2026-08-19,Current commission roster and total size remain unresolved.
Holland,holland-ma/town-clerk,,,unresolved,,2026-08-19,"Current clerk identity is Valerie Lundin, but elected-term verification remains incomplete; no Person record emitted until current election status is fully normalized."
Holliston,holliston-ma/moderator,,Michelle F. Zeamer,verified-current,https://www.townofholliston.us/Archive/ViewFile/Item/284,2026-08-19,
Holliston,holliston-ma/town-clerk,,Elizabeth Turner Greendale,verified-current,https://www.townofholliston.us/Archive/ViewFile/Item/284,2026-08-19,
Holliston,holliston-ma/select-board-highway-surveyor,,Damon M. Dimmick,verified-current,https://www.townofholliston.us/Archive/ViewFile/Item/284,2026-08-19,
Holliston,holliston-ma/select-board-highway-surveyor,,Christina Hein,verified-current,https://www.townofholliston.us/Archive/ViewFile/Item/284,2026-08-19,
Holliston,holliston-ma/select-board-highway-surveyor,,Benjamin Sparrell,verified-current,https://www.townofholliston.us/Archive/ViewFile/Item/284,2026-08-19,
Holliston,holliston-ma/assessor,,Amy L. B. Gow,verified-current,https://www.townofholliston.us/Archive/ViewFile/Item/284,2026-08-19,
Holliston,holliston-ma/assessor,,Jeffrey A. Marshall,verified-current,https://www.townofholliston.us/Archive/ViewFile/Item/284,2026-08-19,
Holliston,holliston-ma/assessor,,Patrick Hafford,verified-current,https://www.townofholliston.us/Archive/ViewFile/Item/284,2026-08-19,
Holliston,holliston-ma/finance-committee-member,,Jay Robinson,verified-current,https://www.townofholliston.us/Archive/ViewFile/Item/284,2026-08-19,
Holliston,holliston-ma/finance-committee-member,,Matthew W. Leach,verified-current,https://www.townofholliston.us/Archive/ViewFile/Item/284,2026-08-19,
Holliston,holliston-ma/finance-committee-member,,Anne L. Hanstad,verified-current,https://www.townofholliston.us/Archive/ViewFile/Item/284,2026-08-19,
Holliston,holliston-ma/finance-committee-member,,Robert G. Smith,verified-current,https://www.townofholliston.us/Archive/ViewFile/Item/284,2026-08-19,
Holliston,holliston-ma/finance-committee-member,,Kenneth S. Szajda,verified-current,https://www.townofholliston.us/Archive/ViewFile/Item/284,2026-08-19,
Holliston,holliston-ma/finance-committee-member,,Meredith Ann Smith,verified-current,https://www.townofholliston.us/Archive/ViewFile/Item/284,2026-08-19,
Holliston,holliston-ma/finance-committee-member,,Sandra K. Graham,verified-current,https://www.townofholliston.us/Archive/ViewFile/Item/284,2026-08-19,
Holliston,holliston-ma/board-of-health-member,,John D. Leary,verified-current,https://www.townofholliston.us/Archive/ViewFile/Item/284,2026-08-19,
Holliston,holliston-ma/board-of-health-member,,Peter Liffiton,verified-current,https://www.townofholliston.us/Archive/ViewFile/Item/284,2026-08-19,
Holliston,holliston-ma/board-of-health-member,,Audrea H. Szabatura,verified-current,https://www.townofholliston.us/Archive/ViewFile/Item/284,2026-08-19,
Holliston,holliston-ma/housing-authority-member,,Maria M. Constantinides,verified-current,https://www.townofholliston.us/Archive/ViewFile/Item/284,2026-08-19,
Holliston,holliston-ma/housing-authority-member,,Anthony J. Damigella,verified-current,https://www.townofholliston.us/Archive/ViewFile/Item/284,2026-08-19,
Holliston,holliston-ma/housing-authority-member,,Hayley Fetrow,verified-current,https://www.townofholliston.us/Archive/ViewFile/Item/284,2026-08-19,
Holliston,holliston-ma/library-trustee,,Karla Alfred,verified-current,https://www.townofholliston.us/Archive/ViewFile/Item/284,2026-08-19,
Holliston,holliston-ma/library-trustee,,Andrea W. McCoy,verified-current,https://www.townofholliston.us/Archive/ViewFile/Item/284,2026-08-19,
Holliston,holliston-ma/library-trustee,,Kristen D. Wiwczar,verified-current,https://www.townofholliston.us/Archive/ViewFile/Item/284,2026-08-19,
Holliston,holliston-ma/library-trustee,,Mareourn Yai,verified-current,https://www.townofholliston.us/Archive/ViewFile/Item/284,2026-08-19,
Holliston,holliston-ma/library-trustee,,Audra Friend,verified-current,https://www.townofholliston.us/Archive/ViewFile/Item/284,2026-08-19,
Holliston,holliston-ma/library-trustee,,Robert McGrath,verified-current,https://www.townofholliston.us/Archive/ViewFile/Item/284,2026-08-19,
Holliston,holliston-ma/park-commissioner,,Richard A. Morse,verified-current,https://www.townofholliston.us/Archive/ViewFile/Item/284,2026-08-19,
Holliston,holliston-ma/park-commissioner,,Sinead M. Arsenault,verified-current,https://www.townofholliston.us/Archive/ViewFile/Item/284,2026-08-19,
Holliston,holliston-ma/park-commissioner,,Nicole M. Downin,verified-current,https://www.townofholliston.us/Archive/ViewFile/Item/284,2026-08-19,
Holliston,holliston-ma/park-commissioner,,Brian McDonald,verified-current,https://www.townofholliston.us/Archive/ViewFile/Item/284,2026-08-19,
Holliston,holliston-ma/park-commissioner,,,vacant,https://www.townofholliston.us/Archive/ViewFile/Item/284,2026-08-19,Current 2026 elected-officials directory explicitly lists one Park Commission vacancy with term expiring 2027.
Holliston,holliston-ma/planning-board-member,,Jason A. Santos,verified-current,https://www.townofholliston.us/Archive/ViewFile/Item/284,2026-08-19,
Holliston,holliston-ma/planning-board-member,,Wm. Dave Thorn,verified-current,https://www.townofholliston.us/Archive/ViewFile/Item/284,2026-08-19,
Holliston,holliston-ma/planning-board-member,,James E. Read,verified-current,https://www.townofholliston.us/Archive/ViewFile/Item/284,2026-08-19,
Holliston,holliston-ma/planning-board-member,,Cortney N. Black,verified-current,https://www.townofholliston.us/Archive/ViewFile/Item/284,2026-08-19,
Holliston,holliston-ma/planning-board-member,,Barbara D. Peatie,verified-current,https://www.townofholliston.us/Archive/ViewFile/Item/284,2026-08-19,
Holliston,holliston-ma/school-committee-member,,Hilary S. Bresnahan,verified-current,https://www.townofholliston.us/Archive/ViewFile/Item/284,2026-08-19,
Holliston,holliston-ma/school-committee-member,,Francis K. Ogura,verified-current,https://www.townofholliston.us/Archive/ViewFile/Item/284,2026-08-19,
Holliston,holliston-ma/school-committee-member,,David Kiem,verified-current,https://www.townofholliston.us/Archive/ViewFile/Item/284,2026-08-19,
Holliston,holliston-ma/school-committee-member,,Dawn Neborsky,verified-current,https://www.townofholliston.us/Archive/ViewFile/Item/284,2026-08-19,
Holliston,holliston-ma/school-committee-member,,Tracy Floeckher,verified-current,https://www.townofholliston.us/Archive/ViewFile/Item/284,2026-08-19,
Holliston,holliston-ma/school-committee-member,,Sarah Fitzgerald,verified-current,https://www.townofholliston.us/Archive/ViewFile/Item/284,2026-08-19,
Holliston,holliston-ma/school-committee-member,,Jessica Ommen,verified-current,https://www.townofholliston.us/Archive/ViewFile/Item/284,2026-08-19,
Holyoke,holyoke-ma/mayor,,Joshua A. Garcia,verified-current,https://www.holyoke.org/departments/mayors-office/,2026-08-19,
Holyoke,holyoke-ma/city-clerk,,Brenna Murphy Leary,verified-current,https://www.holyoke.org/departments/city-clerk/,2026-08-19,
Holyoke,holyoke-ma/city-council-member,At-Large,Tessa R. Murphy-Romboletti,verified-current,https://www.holyoke.org/city-council-members/,2026-08-19,
Holyoke,holyoke-ma/city-council-member,At-Large,Howard Greaney Jr.,verified-current,https://www.holyoke.org/city-council-members/,2026-08-19,
Holyoke,holyoke-ma/city-council-member,At-Large,Israel Rivera,verified-current,https://www.holyoke.org/city-council-members/,2026-08-19,
Holyoke,holyoke-ma/city-council-member,At-Large,Mimi Panitch,verified-current,https://www.holyoke.org/city-council-members/,2026-08-19,
Holyoke,holyoke-ma/city-council-member,At-Large,Patricia C. Devine,verified-current,https://www.holyoke.org/city-council-members/,2026-08-19,
Holyoke,holyoke-ma/city-council-member,Ward 1,Jenny Rivera,verified-current,https://www.holyoke.org/city-council-members/,2026-08-19,
Holyoke,holyoke-ma/city-council-member,Ward 2,Nicole Maisonet,verified-current,https://www.holyoke.org/city-council-members/,2026-08-19,
Holyoke,holyoke-ma/city-council-member,Ward 3,Anne Thalheimer,verified-current,https://www.holyoke.org/city-council-members/,2026-08-19,
Holyoke,holyoke-ma/city-council-member,Ward 6,Juan C. Anderson-Burgos,verified-current,https://www.holyoke.org/city-council-members/,2026-08-19,
Holyoke,holyoke-ma/city-council-member,,,unresolved,,2026-08-19,Four additional current City Council seats remain to be reconciled from the complete live council page.
Holyoke,holyoke-ma/school-committee-member,At-Large,Devin Sheehan,verified-current,https://www.holyoke.org/holyoke-city-clerk-brenna-murphy-leary-announces-preliminary-and-municipal-election-races/,2026-08-19,Current-cycle elected member identified by the City election race/current School Committee layer.
Holyoke,holyoke-ma/school-committee-member,Ward 1,Gladys Lebron-Martinez,verified-current,https://www.holyoke.org/holyoke-city-clerk-brenna-murphy-leary-announces-preliminary-and-municipal-election-races/,2026-08-19,Current-cycle elected member identified by the City election race/current School Committee layer.
Holyoke,holyoke-ma/school-committee-member,Ward 2,Rosalee Tensley Williams,verified-current,https://www.holyoke.org/holyoke-city-clerk-brenna-murphy-leary-announces-preliminary-and-municipal-election-races/,2026-08-19,Current-cycle elected member identified by the City election race/current School Committee layer.
Holyoke,holyoke-ma/school-committee-member,,,unresolved,,2026-08-19,Five additional current School Committee seats remain to be reconciled from a complete current official roster.
Hopedale,hopedale-ma/select-board-member,,Glenda Hazard,verified-current,https://hopedale-ma.gov/1223/Administrator,2026-08-19,
Hopedale,hopedale-ma/select-board-member,,Bernard Stock,verified-current,https://hopedale-ma.gov/1223/Administrator,2026-08-19,
Hopedale,hopedale-ma/select-board-member,,Carole Mullen,verified-current,https://hopedale-ma.gov/1223/Administrator,2026-08-19,
Hopedale,hopedale-ma/board-of-health-member,,Walter Swift,verified-current,https://hopedale-ma.gov/Directory.aspx?did=15,2026-08-19,
Hopedale,hopedale-ma/board-of-health-member,,Jason MacDonald,verified-current,https://hopedale-ma.gov/Directory.aspx?did=15,2026-08-19,
Hopedale,hopedale-ma/board-of-health-member,,Mary Watson,verified-current,https://hopedale-ma.gov/Directory.aspx?did=15,2026-08-19,
Hopedale,hopedale-ma/housing-authority-member,,,unresolved,,2026-08-19,Current complete post-election roster not independently reconciled in this batch.
Hopedale,hopedale-ma/library-trustee,,,unresolved,,2026-08-19,Current complete post-election roster not independently reconciled in this batch.
Hopedale,hopedale-ma/park-commissioner,,,unresolved,,2026-08-19,Current complete post-election roster not independently reconciled in this batch.
Hopedale,hopedale-ma/planning-board-member,,,unresolved,,2026-08-19,Current complete post-election roster not independently reconciled in this batch.
Hopedale,hopedale-ma/road-commissioner,,,unresolved,,2026-08-19,Current complete post-election roster not independently reconciled in this batch.
Hopedale,hopedale-ma/school-committee-member,,,unresolved,,2026-08-19,Current complete post-election roster not independently reconciled in this batch.
Hopedale,hopedale-ma/water-sewer-commissioner,,,unresolved,,2026-08-19,Current complete post-election roster not independently reconciled in this batch.
Hopkinton,hopkinton-ma/select-board-member,,Shahidul Mannan,verified-current,https://www.hopkintonma.gov/departments/town_manager___select_board/index.php,2026-08-19,
Hopkinton,hopkinton-ma/select-board-member,,Matt Kizner,verified-current,https://www.hopkintonma.gov/departments/town_manager___select_board/index.php,2026-08-19,
Hopkinton,hopkinton-ma/select-board-member,,Joe Clark,verified-current,https://www.hopkintonma.gov/departments/town_manager___select_board/index.php,2026-08-19,
Hopkinton,hopkinton-ma/select-board-member,,Brian Herr,verified-current,https://www.hopkintonma.gov/departments/town_manager___select_board/index.php,2026-08-19,
Hopkinton,hopkinton-ma/select-board-member,,Amy Ritterbusch,verified-current,https://www.hopkintonma.gov/departments/town_manager___select_board/index.php,2026-08-19,
Hopkinton,hopkinton-ma/assessor,,,unresolved,,2026-08-19,Structure is verified from current official Town sources; complete current holder roster was not independently reconciled in this batch.
Hopkinton,hopkinton-ma/board-of-health-member,,,unresolved,,2026-08-19,Structure is verified from current official Town sources; complete current holder roster was not independently reconciled in this batch.
Hopkinton,hopkinton-ma/library-trustee,,,unresolved,,2026-08-19,Structure is verified from current official Town sources; complete current holder roster was not independently reconciled in this batch.
Hopkinton,hopkinton-ma/cemetery-commissioner,,,unresolved,,2026-08-19,Structure is verified from current official Town sources; complete current holder roster was not independently reconciled in this batch.
Hopkinton,hopkinton-ma/commissioner-of-trust-funds,,,unresolved,,2026-08-19,Structure is verified from current official Town sources; complete current holder roster was not independently reconciled in this batch.
Hopkinton,hopkinton-ma/constable,,,unresolved,,2026-08-19,Structure is verified from current official Town sources; complete current holder roster was not independently reconciled in this batch.
Hopkinton,hopkinton-ma/housing-authority-member,,,unresolved,,2026-08-19,Structure is verified from current official Town sources; complete current holder roster was not independently reconciled in this batch.
Hopkinton,hopkinton-ma/parks-recreation-commissioner,,,unresolved,,2026-08-19,Structure is verified from current official Town sources; complete current holder roster was not independently reconciled in this batch.
Hopkinton,hopkinton-ma/planning-board-member,,,unresolved,,2026-08-19,Structure is verified from current official Town sources; complete current holder roster was not independently reconciled in this batch.
Hopkinton,hopkinton-ma/school-committee-member,,,unresolved,,2026-08-19,Structure is verified from current official Town sources; complete current holder roster was not independently reconciled in this batch.
Hubbardston,hubbardston-ma/select-board-member,,Kathryn V Young,verified-current,https://www.hubbardstonma.gov/DocumentCenter/View/1516,2026-08-19,"Official June 9, 2026 election winner; no newer contradictory current roster was located."
Hubbardston,hubbardston-ma/select-board-member,,Terrence Tyler,verified-current,https://www.hubbardstonma.gov/DocumentCenter/View/1516,2026-08-19,"Official June 9, 2026 election winner; no newer contradictory current roster was located."
Hubbardston,hubbardston-ma/assessor,,Albert Afonso,verified-current,https://www.hubbardstonma.gov/DocumentCenter/View/1516,2026-08-19,"Official June 9, 2026 election winner; no newer contradictory current roster was located."
Hubbardston,hubbardston-ma/library-trustee,,Krista F Goguen,verified-current,https://www.hubbardstonma.gov/DocumentCenter/View/1516,2026-08-19,"Official June 9, 2026 election winner; no newer contradictory current roster was located."
Hubbardston,hubbardston-ma/cemetery-commissioner,,Raven Brangwyn Kaldera,verified-current,https://www.hubbardstonma.gov/DocumentCenter/View/1516,2026-08-19,"Official June 9, 2026 election winner; no newer contradictory current roster was located."
Hubbardston,hubbardston-ma/planning-board-member,,Kristofer Munroe,verified-current,https://www.hubbardstonma.gov/DocumentCenter/View/1516,2026-08-19,"Official June 9, 2026 election winner; no newer contradictory current roster was located."
Hubbardston,hubbardston-ma/finance-committee-member,,Charles Edwin Reed,verified-current,https://www.hubbardstonma.gov/DocumentCenter/View/1516,2026-08-19,"Official June 9, 2026 election winner; no newer contradictory current roster was located."
Hubbardston,hubbardston-ma/finance-committee-member,,Hunter Allan Young,verified-current,https://www.hubbardstonma.gov/DocumentCenter/View/1516,2026-08-19,"Official June 9, 2026 election winner; no newer contradictory current roster was located."
Hubbardston,hubbardston-ma/board-of-health-member,,Steven Connolly,verified-current,https://www.hubbardstonma.gov/DocumentCenter/View/1516,2026-08-19,"Official June 9, 2026 election winner; no newer contradictory current roster was located."
Hubbardston,hubbardston-ma/board-of-health-member,,David Richard Rogers,verified-current,https://www.hubbardstonma.gov/DocumentCenter/View/1516,2026-08-19,"Official June 9, 2026 election winner; no newer contradictory current roster was located."
Hubbardston,hubbardston-ma/regional-school-committee-member,,Gael Moncoeur,verified-current,https://www.hubbardstonma.gov/DocumentCenter/View/1516,2026-08-19,"Official June 9, 2026 election winner; no newer contradictory current roster was located."
Hubbardston,hubbardston-ma/regional-school-committee-member,,Jennifer L Rogers,verified-current,https://www.hubbardstonma.gov/DocumentCenter/View/1516,2026-08-19,"Official June 9, 2026 election winner; no newer contradictory current roster was located."
Hubbardston,hubbardston-ma/park-commissioner,,Hunter Allan Young,verified-current,https://www.hubbardstonma.gov/DocumentCenter/View/1516,2026-08-19,"Official June 9, 2026 election winner; no newer contradictory current roster was located."
Hubbardston,hubbardston-ma/park-commissioner,,Kenneth Canfield,verified-current,https://www.hubbardstonma.gov/DocumentCenter/View/1516,2026-08-19,"Official June 9, 2026 election winner; no newer contradictory current roster was located."
Hubbardston,hubbardston-ma/library-trustee,,,unresolved,,2026-08-19,At least one additional/holdover or current seat remains unresolved; 2026 results included failures to elect for some openings.
Hubbardston,hubbardston-ma/board-of-health-member,,,unresolved,,2026-08-19,At least one additional/holdover or current seat remains unresolved; 2026 results included failures to elect for some openings.
Hubbardston,hubbardston-ma/park-commissioner,,,unresolved,,2026-08-19,At least one additional/holdover or current seat remains unresolved; 2026 results included failures to elect for some openings.
Hubbardston,hubbardston-ma/moderator,,,unresolved,,2026-08-19,At least one additional/holdover or current seat remains unresolved; 2026 results included failures to elect for some openings.
Hudson,hudson-ma/select-board-member,,Diane G. Bemis,verified-current,https://www.townofhudson.org/directory.aspx?did=62,2026-08-19,
Hudson,hudson-ma/select-board-member,,Lauren DuBreuil,verified-current,https://www.townofhudson.org/directory.aspx?did=62,2026-08-19,
Hudson,hudson-ma/select-board-member,,Patrick Thayer,verified-current,https://www.townofhudson.org/directory.aspx?did=62,2026-08-19,
Hudson,hudson-ma/select-board-member,,Steven C. Sharek,verified-current,https://www.townofhudson.org/directory.aspx?did=62,2026-08-19,
Hudson,hudson-ma/planning-board-member,,Robert D'Amelio,verified-current,https://www.townofhudson.org/m/directory/department?did=60,2026-08-19,
Hudson,hudson-ma/planning-board-member,,Rodney Frias,verified-current,https://www.townofhudson.org/m/directory/department?did=60,2026-08-19,
Hudson,hudson-ma/planning-board-member,,Joseph Mitchell,verified-current,https://www.townofhudson.org/m/directory/department?did=60,2026-08-19,
Hudson,hudson-ma/planning-board-member,,Darryl Filippi,verified-current,https://www.townofhudson.org/m/directory/department?did=60,2026-08-19,
Hudson,hudson-ma/planning-board-member,,Jonathan Schmidt,verified-current,https://www.townofhudson.org/m/directory/department?did=60,2026-08-19,
Hudson,hudson-ma/school-committee-member,,Erica Ankstitus,verified-current,https://www.townofhudson.org/formcenter/Hudson-Public-School-Committee-39/Contact-Us-Hudson-Public-School-Committe-85,2026-08-19,
Hudson,hudson-ma/school-committee-member,,Zach Maule,verified-current,https://www.townofhudson.org/formcenter/Hudson-Public-School-Committee-39/Contact-Us-Hudson-Public-School-Committe-85,2026-08-19,
Hudson,hudson-ma/school-committee-member,,Joan Melillo,verified-current,https://www.townofhudson.org/formcenter/Hudson-Public-School-Committee-39/Contact-Us-Hudson-Public-School-Committe-85,2026-08-19,
Hudson,hudson-ma/school-committee-member,,Marcia Mitchell,verified-current,https://www.townofhudson.org/formcenter/Hudson-Public-School-Committee-39/Contact-Us-Hudson-Public-School-Committe-85,2026-08-19,
Hudson,hudson-ma/school-committee-member,,Christopher Monsini,verified-current,https://www.townofhudson.org/formcenter/Hudson-Public-School-Committee-39/Contact-Us-Hudson-Public-School-Committe-85,2026-08-19,
Hudson,hudson-ma/school-committee-member,,Tara Sagor,verified-current,https://www.townofhudson.org/formcenter/Hudson-Public-School-Committee-39/Contact-Us-Hudson-Public-School-Committe-85,2026-08-19,
Hudson,hudson-ma/school-committee-member,,Christopher Yates,verified-current,https://www.townofhudson.org/formcenter/Hudson-Public-School-Committee-39/Contact-Us-Hudson-Public-School-Committe-85,2026-08-19,
Hudson,hudson-ma/moderator,,,unresolved,,2026-08-19,Current complete roster not independently reconciled from an official current member page in this batch.
Hudson,hudson-ma/benevolent-funds-trustee,,,unresolved,,2026-08-19,Current complete roster not independently reconciled from an official current member page in this batch.
Hudson,hudson-ma/housing-authority-member,,,unresolved,,2026-08-19,Current complete roster not independently reconciled from an official current member page in this batch.
Hudson,hudson-ma/municipal-light-board-member,,,unresolved,,2026-08-19,Current complete roster not independently reconciled from an official current member page in this batch.
Hudson,hudson-ma/park-commissioner,,,unresolved,,2026-08-19,Current complete roster not independently reconciled from an official current member page in this batch.
Hudson,hudson-ma/board-of-health-member,,,unresolved,,2026-08-19,Current complete roster not independently reconciled from an official current member page in this batch.
Hudson,hudson-ma/library-trustee,,,unresolved,,2026-08-19,Current complete roster not independently reconciled from an official current member page in this batch.
Hudson,hudson-ma/cemetery-commissioner,,,unresolved,,2026-08-19,Current complete roster not independently reconciled from an official current member page in this batch.
Hudson,hudson-ma/constable,,,unresolved,,2026-08-19,Current complete roster not independently reconciled from an official current member page in this batch.
Hudson,hudson-ma/assessor,,,unresolved,,2026-08-19,Current complete roster not independently reconciled from an official current member page in this batch.
Hull,hull-ma/select-board-member,,Brian S. McCarthy,verified-current,https://www.town.hull.ma.us/464/Select-Board,2026-08-19,
Hull,hull-ma/select-board-member,,Jerry Taverna,verified-current,https://www.town.hull.ma.us/464/Select-Board,2026-08-19,
Hull,hull-ma/select-board-member,,Susan Short Green,verified-current,https://www.town.hull.ma.us/464/Select-Board,2026-08-19,
Hull,hull-ma/select-board-member,,Greg Grey,verified-current,https://www.town.hull.ma.us/464/Select-Board,2026-08-19,
Hull,hull-ma/select-board-member,,Irwin Nesoff,verified-current,https://www.town.hull.ma.us/464/Select-Board,2026-08-19,
Hull,hull-ma/town-clerk,,Lori West,verified-current,https://www.town.hull.ma.us/169/Town-Clerk,2026-08-19,
Hull,hull-ma/planning-board-member,,Lisa French,verified-current,https://www.town.hull.ma.us/583/Planning-Board,2026-08-19,
Hull,hull-ma/planning-board-member,,Meghan Reilly,verified-current,https://www.town.hull.ma.us/583/Planning-Board,2026-08-19,
Hull,hull-ma/planning-board-member,,Abby Rose Klieman,verified-current,https://www.town.hull.ma.us/583/Planning-Board,2026-08-19,
Hull,hull-ma/planning-board-member,,Nathan Peyton,verified-current,https://www.town.hull.ma.us/583/Planning-Board,2026-08-19,
Hull,hull-ma/planning-board-member,,Chandelle Schulte,verified-current,https://www.town.hull.ma.us/583/Planning-Board,2026-08-19,
Hull,hull-ma/planning-board-member,,Nancy Boyce,verified-current,https://www.town.hull.ma.us/583/Planning-Board,2026-08-19,
Hull,hull-ma/planning-board-member,,,vacant,https://www.town.hull.ma.us/583/Planning-Board,2026-08-19,Current official Planning Board page explicitly lists one vacant seat.
Hull,hull-ma/assessor,,Pamela Bradley Sinton-Coffman,verified-current,https://www.town.hull.ma.us/DocumentCenter/View/2877/2026-Annual-Town-Election-Official-Results-PDF,2026-08-19,"Official May 18, 2026 election winner; holdover seats remain to be reconciled where applicable."
Hull,hull-ma/assessor,,,unresolved,,2026-08-19,Remaining current holdover seats or full board composition remain to be reconciled.
Hull,hull-ma/housing-authority-member,,Anne M. MacEachern,verified-current,https://www.town.hull.ma.us/DocumentCenter/View/2877/2026-Annual-Town-Election-Official-Results-PDF,2026-08-19,"Official May 18, 2026 election winner; holdover seats remain to be reconciled where applicable."
Hull,hull-ma/housing-authority-member,,,unresolved,,2026-08-19,Remaining current holdover seats or full board composition remain to be reconciled.
Hull,hull-ma/redevelopment-authority-member,,C. Anne Murray,verified-current,https://www.town.hull.ma.us/DocumentCenter/View/2877/2026-Annual-Town-Election-Official-Results-PDF,2026-08-19,"Official May 18, 2026 election winner; holdover seats remain to be reconciled where applicable."
Hull,hull-ma/redevelopment-authority-member,,,unresolved,,2026-08-19,Remaining current holdover seats or full board composition remain to be reconciled.
Hull,hull-ma/municipal-light-board-member,,Jacob Michael Vaillancourt,verified-current,https://www.town.hull.ma.us/DocumentCenter/View/2877/2026-Annual-Town-Election-Official-Results-PDF,2026-08-19,"Official May 18, 2026 election winner; holdover seats remain to be reconciled where applicable."
Hull,hull-ma/municipal-light-board-member,,Mark Leonard Kohn,verified-current,https://www.town.hull.ma.us/DocumentCenter/View/2877/2026-Annual-Town-Election-Official-Results-PDF,2026-08-19,"Official May 18, 2026 election winner; holdover seats remain to be reconciled where applicable."
Hull,hull-ma/municipal-light-board-member,,,unresolved,,2026-08-19,Remaining current holdover seats or full board composition remain to be reconciled.
Hull,hull-ma/school-committee-member,,Courtney Littlefield,verified-current,https://www.town.hull.ma.us/DocumentCenter/View/2877/2026-Annual-Town-Election-Official-Results-PDF,2026-08-19,"Official May 18, 2026 election winner; holdover seats remain to be reconciled where applicable."
Hull,hull-ma/school-committee-member,,Aleeza Rose Hagerty,verified-current,https://www.town.hull.ma.us/DocumentCenter/View/2877/2026-Annual-Town-Election-Official-Results-PDF,2026-08-19,"Official May 18, 2026 election winner; holdover seats remain to be reconciled where applicable."
Hull,hull-ma/school-committee-member,,,unresolved,,2026-08-19,Remaining current holdover seats or full board composition remain to be reconciled.
Hull,hull-ma/library-trustee,,Amy L. Hyde,verified-current,https://www.town.hull.ma.us/DocumentCenter/View/2877/2026-Annual-Town-Election-Official-Results-PDF,2026-08-19,"Official May 18, 2026 election winner; holdover seats remain to be reconciled where applicable."
Hull,hull-ma/library-trustee,,Thu-Hang Vu Tran,verified-current,https://www.town.hull.ma.us/DocumentCenter/View/2877/2026-Annual-Town-Election-Official-Results-PDF,2026-08-19,"Official May 18, 2026 election winner; holdover seats remain to be reconciled where applicable."
Hull,hull-ma/library-trustee,,,unresolved,,2026-08-19,Remaining current holdover seats or full board composition remain to be reconciled.
Huntington,huntington-ma/select-board-member,,Robert A. Drabiuk,verified-current,https://www.huntingtonma.us/selectboard,2026-08-19,
Huntington,huntington-ma/select-board-member,,John McVeigh,verified-current,https://www.huntingtonma.us/selectboard,2026-08-19,
Huntington,huntington-ma/select-board-member,,,unresolved,,2026-08-19,Third current Select Board seat not cleanly exposed in indexed official roster.
Huntington,huntington-ma/moderator,,George Peterson III,verified-current,https://www.huntingtonma.us/town-clerk/page/elections,2026-08-19,
Huntington,huntington-ma/board-of-health-member,,,unresolved,,2026-08-19,Current complete holder roster not independently reconciled from a post-2026 official roster.
Huntington,huntington-ma/assessor,,,unresolved,,2026-08-19,Current complete holder roster not independently reconciled from a post-2026 official roster.
Huntington,huntington-ma/water-sewer-commissioner,,,unresolved,,2026-08-19,Current complete holder roster not independently reconciled from a post-2026 official roster.
Huntington,huntington-ma/regional-school-committee-member,,,unresolved,,2026-08-19,Current complete holder roster not independently reconciled from a post-2026 official roster.
Huntington,huntington-ma/tree-warden,,,unresolved,,2026-08-19,Current complete holder roster not independently reconciled from a post-2026 official roster.
Huntington,huntington-ma/pettis-fund-trustee,,,unresolved,,2026-08-19,Current complete holder roster not independently reconciled from a post-2026 official roster.
Huntington,huntington-ma/constable,,,unresolved,,2026-08-19,Current complete holder roster not independently reconciled from a post-2026 official roster.
Huntington,huntington-ma/library-trustee,,,unresolved,,2026-08-19,Current complete holder roster not independently reconciled from a post-2026 official roster.
Huntington,huntington-ma/whiting-street-fund-trustee,,,unresolved,,2026-08-19,Current complete holder roster not independently reconciled from a post-2026 official roster.
Ipswich,ipswich-ma/select-board-member,,Michael S. Dougherty,verified-current,https://www.ipswichma.gov/Directory.aspx?did=29,2026-08-19,
Ipswich,ipswich-ma/select-board-member,,Carl Nylen,verified-current,https://www.ipswichma.gov/Directory.aspx?did=29,2026-08-19,
Ipswich,ipswich-ma/select-board-member,,Charles D. Surpitski,verified-current,https://www.ipswichma.gov/Directory.aspx?did=29,2026-08-19,
Ipswich,ipswich-ma/select-board-member,,Linda D. Alexson,verified-current,https://www.ipswichma.gov/Directory.aspx?did=29,2026-08-19,
Ipswich,ipswich-ma/select-board-member,,Sarah Player,verified-current,https://www.ipswichma.gov/Directory.aspx?did=29,2026-08-19,
Ipswich,ipswich-ma/moderator,,James Engel,verified-current,https://www.ipswichma.gov/AgendaCenter/ViewFile/Minutes/_06012026-8424,2026-08-19,
Ipswich,ipswich-ma/constable,,Matthew Bodwell,verified-current,https://www.ipswichma.gov/AgendaCenter/ViewFile/Minutes/_06092026-8434,2026-08-19,
Ipswich,ipswich-ma/school-committee-member,,Greg Stevens,verified-current,https://www.ipswichma.gov/DocumentCenter/View/1177/Master-Boards--Committees-Listing-?bidId=,2026-08-19,
Ipswich,ipswich-ma/school-committee-member,,Haley Rist,verified-current,https://www.ipswichma.gov/DocumentCenter/View/1177/Master-Boards--Committees-Listing-?bidId=,2026-08-19,
Ipswich,ipswich-ma/school-committee-member,,Dianna Freehan,verified-current,https://www.ipswichma.gov/DocumentCenter/View/1177/Master-Boards--Committees-Listing-?bidId=,2026-08-19,
Ipswich,ipswich-ma/school-committee-member,,Jennifer Donahue,verified-current,https://www.ipswichma.gov/DocumentCenter/View/1177/Master-Boards--Committees-Listing-?bidId=,2026-08-19,
Ipswich,ipswich-ma/school-committee-member,,Andrew Bunnell,verified-current,https://www.ipswichma.gov/DocumentCenter/View/1177/Master-Boards--Committees-Listing-?bidId=,2026-08-19,
Ipswich,ipswich-ma/school-committee-member,,Jenny L. Connolly,verified-current,https://www.ipswichma.gov/DocumentCenter/View/1177/Master-Boards--Committees-Listing-?bidId=,2026-08-19,
Ipswich,ipswich-ma/school-committee-member,,Paul Montanus,verified-current,https://www.ipswichma.gov/DocumentCenter/View/1177/Master-Boards--Committees-Listing-?bidId=,2026-08-19,
Ipswich,ipswich-ma/housing-authority-member,,Jacqueline Hayward,verified-current,https://www.ipswichma.gov/DocumentCenter/View/1177/Master-Boards--Committees-Listing-?bidId=,2026-08-19,
Ipswich,ipswich-ma/housing-authority-member,,Richard T. Bromby,verified-current,https://www.ipswichma.gov/DocumentCenter/View/1177/Master-Boards--Committees-Listing-?bidId=,2026-08-19,
Ipswich,ipswich-ma/housing-authority-member,,Glenn Gibbs,verified-current,https://www.ipswichma.gov/DocumentCenter/View/1177/Master-Boards--Committees-Listing-?bidId=,2026-08-19,
Ipswich,ipswich-ma/housing-authority-member,,Richard M. Kallman,verified-current,https://www.ipswichma.gov/DocumentCenter/View/1177/Master-Boards--Committees-Listing-?bidId=,2026-08-19,
Ipswich,ipswich-ma/housing-authority-member,,,unresolved,,2026-08-19,Fifth current elected Housing Authority seat was not clearly exposed in the indexed current roster.
Ipswich,ipswich-ma/electric-light-commissioner,,,unresolved,,2026-08-19,"Five-seat elected commission is legally established, but 2026 transition/seating timing remains unresolved; no current Person records emitted."
Kingston,kingston-ma/select-board-member,,Carl L. Pike,verified-current,https://kingstonma.gov/Directory.aspx?did=30,2026-08-19,
Kingston,kingston-ma/select-board-member,,Kimberley A. Emberg,verified-current,https://kingstonma.gov/Directory.aspx?did=30,2026-08-19,
Kingston,kingston-ma/select-board-member,,Sheila Vaughn,verified-current,https://kingstonma.gov/Directory.aspx?did=30,2026-08-19,
Kingston,kingston-ma/select-board-member,,Melissa Bateman,verified-current,https://kingstonma.gov/Directory.aspx?did=30,2026-08-19,
Kingston,kingston-ma/select-board-member,,"Joseph Cunningham, Jr.",verified-current,https://kingstonma.gov/Directory.aspx?did=30,2026-08-19,
Kingston,kingston-ma/planning-board-member,,"Thomas S. Bouchard, Sr.",verified-current,https://kingstonma.gov/269/Planning-Board,2026-08-19,
Kingston,kingston-ma/planning-board-member,,"David W. Gavigan, Jr.",verified-current,https://kingstonma.gov/269/Planning-Board,2026-08-19,
Kingston,kingston-ma/planning-board-member,,Alexander Graham,verified-current,https://kingstonma.gov/269/Planning-Board,2026-08-19,
Kingston,kingston-ma/planning-board-member,,"Jonathan J. Barnett, Sr.",verified-current,https://kingstonma.gov/269/Planning-Board,2026-08-19,
Kingston,kingston-ma/planning-board-member,,Robert Ketter,verified-current,https://kingstonma.gov/269/Planning-Board,2026-08-19,
Kingston,kingston-ma/assessor,,,unresolved,,2026-08-19,Current complete holder roster not independently reconciled in this batch.
Kingston,kingston-ma/town-clerk,,,unresolved,,2026-08-19,Current complete holder roster not independently reconciled in this batch.
Kingston,kingston-ma/moderator,,,unresolved,,2026-08-19,Current complete holder roster not independently reconciled in this batch.
Kingston,kingston-ma/elementary-school-committee-member,,,unresolved,,2026-08-19,Current complete holder roster not independently reconciled in this batch.
Kingston,kingston-ma/water-commissioner,,,unresolved,,2026-08-19,Current complete holder roster not independently reconciled in this batch.
Kingston,kingston-ma/housing-authority-member,,,unresolved,,2026-08-19,Current complete holder roster not independently reconciled in this batch.
Kingston,kingston-ma/board-of-health-member,,,unresolved,,2026-08-19,Current complete holder roster not independently reconciled in this batch.
Kingston,kingston-ma/library-trustee,,,unresolved,,2026-08-19,Current complete holder roster not independently reconciled in this batch.
Kingston,kingston-ma/recreation-commissioner,,,unresolved,,2026-08-19,Current complete holder roster not independently reconciled in this batch.
Kingston,kingston-ma/sewer-commissioner,,,unresolved,,2026-08-19,Current complete holder roster not independently reconciled in this batch.
Lakeville,lakeville-ma/moderator,,Kathryn A. Goodfellow,verified-current,https://www.lakevillema.org/678/Election-Elected-Town-Officials,2026-08-19,
Lakeville,lakeville-ma/select-board-member,,Lorraine Carboni,verified-current,https://www.lakevillema.org/678/Election-Elected-Town-Officials,2026-08-19,
Lakeville,lakeville-ma/select-board-member,,Christopher Plonka,verified-current,https://www.lakevillema.org/678/Election-Elected-Town-Officials,2026-08-19,
Lakeville,lakeville-ma/select-board-member,,Paul E. Hunt,verified-current,https://www.lakevillema.org/678/Election-Elected-Town-Officials,2026-08-19,
Lakeville,lakeville-ma/select-board-member,,Evagelia (Lia) Fabian,verified-current,https://www.lakevillema.org/678/Election-Elected-Town-Officials,2026-08-19,
Lakeville,lakeville-ma/select-board-member,,Kristen Howard,verified-current,https://www.lakevillema.org/678/Election-Elected-Town-Officials,2026-08-19,
Lakeville,lakeville-ma/assessor,,David M. Lamoureux,verified-current,https://www.lakevillema.org/678/Election-Elected-Town-Officials,2026-08-19,
Lakeville,lakeville-ma/assessor,,John M. LeBlanc,verified-current,https://www.lakevillema.org/678/Election-Elected-Town-Officials,2026-08-19,
Lakeville,lakeville-ma/assessor,,"M. John Olivieri, Jr.",verified-current,https://www.lakevillema.org/678/Election-Elected-Town-Officials,2026-08-19,
Lakeville,lakeville-ma/board-of-health-member,,Derek L. Maxim,verified-current,https://www.lakevillema.org/678/Election-Elected-Town-Officials,2026-08-19,
Lakeville,lakeville-ma/board-of-health-member,,Robert J. Poillucci,verified-current,https://www.lakevillema.org/678/Election-Elected-Town-Officials,2026-08-19,
Lakeville,lakeville-ma/board-of-health-member,,Christopher D. Spratt,verified-current,https://www.lakevillema.org/678/Election-Elected-Town-Officials,2026-08-19,
Lakeville,lakeville-ma/library-trustee,,Patrick W. Marshall,verified-current,https://www.lakevillema.org/678/Election-Elected-Town-Officials,2026-08-19,
Lakeville,lakeville-ma/library-trustee,,Nancy A. Johnson-LaFave,verified-current,https://www.lakevillema.org/678/Election-Elected-Town-Officials,2026-08-19,
Lakeville,lakeville-ma/library-trustee,,Ruth S. Gross,verified-current,https://www.lakevillema.org/678/Election-Elected-Town-Officials,2026-08-19,
Lakeville,lakeville-ma/planning-board-member,,Daniel T. Wilga,verified-current,https://www.lakevillema.org/678/Election-Elected-Town-Officials,2026-08-19,Michel Beliard is a temporary appointee filling an elected Planning Board seat until the next election.
Lakeville,lakeville-ma/planning-board-member,,Michel Beliard,verified-current,https://www.lakevillema.org/678/Election-Elected-Town-Officials,2026-08-19,Michel Beliard is a temporary appointee filling an elected Planning Board seat until the next election.
Lakeville,lakeville-ma/planning-board-member,,David C. Lodge,verified-current,https://www.lakevillema.org/678/Election-Elected-Town-Officials,2026-08-19,Michel Beliard is a temporary appointee filling an elected Planning Board seat until the next election.
Lakeville,lakeville-ma/planning-board-member,,Michelle MacEachern,verified-current,https://www.lakevillema.org/678/Election-Elected-Town-Officials,2026-08-19,Michel Beliard is a temporary appointee filling an elected Planning Board seat until the next election.
Lakeville,lakeville-ma/planning-board-member,,Donna J. Guay,verified-current,https://www.lakevillema.org/678/Election-Elected-Town-Officials,2026-08-19,Michel Beliard is a temporary appointee filling an elected Planning Board seat until the next election.
Lakeville,lakeville-ma/finance-committee-member,,Darren Beals,verified-current,https://www.lakevillema.org/678/Election-Elected-Town-Officials,2026-08-19,
Lakeville,lakeville-ma/finance-committee-member,,Michael Wright,verified-current,https://www.lakevillema.org/678/Election-Elected-Town-Officials,2026-08-19,
Lakeville,lakeville-ma/finance-committee-member,,Lawrence Kostant,verified-current,https://www.lakevillema.org/678/Election-Elected-Town-Officials,2026-08-19,
Lakeville,lakeville-ma/finance-committee-member,,Justin Tonini,verified-current,https://www.lakevillema.org/678/Election-Elected-Town-Officials,2026-08-19,
Lakeville,lakeville-ma/finance-committee-member,,Barbara Mancovsky,verified-current,https://www.lakevillema.org/678/Election-Elected-Town-Officials,2026-08-19,
Lakeville,lakeville-ma/park-commissioner,,Kerry Bogdan,verified-current,https://www.lakevillema.org/678/Election-Elected-Town-Officials,2026-08-19,
Lakeville,lakeville-ma/park-commissioner,,Andrew Moura,verified-current,https://www.lakevillema.org/678/Election-Elected-Town-Officials,2026-08-19,
Lakeville,lakeville-ma/park-commissioner,,Noelle Rilleau,verified-current,https://www.lakevillema.org/678/Election-Elected-Town-Officials,2026-08-19,
Lakeville,lakeville-ma/park-commissioner,,Melisa A. Turcotte,verified-current,https://www.lakevillema.org/678/Election-Elected-Town-Officials,2026-08-19,
Lakeville,lakeville-ma/park-commissioner,,Nolan Howard,verified-current,https://www.lakevillema.org/678/Election-Elected-Town-Officials,2026-08-19,
Lakeville,lakeville-ma/cemetery-commissioner,,"Kenneth W. Upham, Sr.",verified-current,https://www.lakevillema.org/678/Election-Elected-Town-Officials,2026-08-19,
Lakeville,lakeville-ma/cemetery-commissioner,,Deborah Kranefuss,verified-current,https://www.lakevillema.org/678/Election-Elected-Town-Officials,2026-08-19,
Lakeville,lakeville-ma/cemetery-commissioner,,Nolan Howard,verified-current,https://www.lakevillema.org/678/Election-Elected-Town-Officials,2026-08-19,
Lakeville,lakeville-ma/regional-school-committee-member,,Kathrine Trost,verified-current,https://www.lakevillema.org/678/Election-Elected-Town-Officials,2026-08-19,
Lakeville,lakeville-ma/regional-school-committee-member,,Derek Manuel Medeiros,verified-current,https://www.lakevillema.org/678/Election-Elected-Town-Officials,2026-08-19,
Lakeville,lakeville-ma/regional-school-committee-member,,Melinda Marie Richards,verified-current,https://www.lakevillema.org/678/Election-Elected-Town-Officials,2026-08-19,
Lakeville,lakeville-ma/regional-school-committee-member,,Recca Cushing,verified-current,https://www.lakevillema.org/678/Election-Elected-Town-Officials,2026-08-19,
Lakeville,lakeville-ma/town-clerk,,Lillian M. Drane,verified-current,https://www.lakevillema.org/678/Election-Elected-Town-Officials,2026-08-19,
Lancaster,lancaster-ma/select-board-member,,David R. Carr,verified-current,https://www.ci.lancaster.ma.us/directory.aspx?did=45,2026-08-19,
Lancaster,lancaster-ma/select-board-member,,Jason A. Allison,verified-current,https://www.ci.lancaster.ma.us/directory.aspx?did=45,2026-08-19,
Lancaster,lancaster-ma/select-board-member,,Ralph A. Gifford III,verified-current,https://www.ci.lancaster.ma.us/directory.aspx?did=45,2026-08-19,
Lancaster,lancaster-ma/board-of-public-works-member,,Douglas A. Decesare,verified-current,https://www.ci.lancaster.ma.us/276/Board-of-Public-Works,2026-08-19,
Lancaster,lancaster-ma/board-of-public-works-member,,Lawrence Kelley,verified-current,https://www.ci.lancaster.ma.us/276/Board-of-Public-Works,2026-08-19,
Lancaster,lancaster-ma/board-of-public-works-member,,Richard Krafve III,verified-current,https://www.ci.lancaster.ma.us/276/Board-of-Public-Works,2026-08-19,
Lancaster,lancaster-ma/finance-committee-member,,Christine Burke,verified-current,https://www.ci.lancaster.ma.us/359/Finance-Committee,2026-08-19,
Lancaster,lancaster-ma/finance-committee-member,,Linnea Lakin Servey,verified-current,https://www.ci.lancaster.ma.us/359/Finance-Committee,2026-08-19,
Lancaster,lancaster-ma/finance-committee-member,,Emily J. Notaro,verified-current,https://www.ci.lancaster.ma.us/359/Finance-Committee,2026-08-19,
Lancaster,lancaster-ma/finance-committee-member,,Michael Pultorak,verified-current,https://www.ci.lancaster.ma.us/359/Finance-Committee,2026-08-19,
Lancaster,lancaster-ma/finance-committee-member,,Roy Rezac,verified-current,https://www.ci.lancaster.ma.us/359/Finance-Committee,2026-08-19,
Lancaster,lancaster-ma/planning-board-member,,Frank Streeter,verified-current,https://www.ci.lancaster.ma.us/392/Planning-Board,2026-08-19,
Lancaster,lancaster-ma/planning-board-member,,Louis DiNatale III,verified-current,https://www.ci.lancaster.ma.us/392/Planning-Board,2026-08-19,
Lancaster,lancaster-ma/planning-board-member,,Regina Brown,verified-current,https://www.ci.lancaster.ma.us/392/Planning-Board,2026-08-19,
Lancaster,lancaster-ma/planning-board-member,,Nicole M. Kanis,verified-current,https://www.ci.lancaster.ma.us/392/Planning-Board,2026-08-19,
Lancaster,lancaster-ma/planning-board-member,,Maxwell Mahabir,verified-current,https://www.ci.lancaster.ma.us/392/Planning-Board,2026-08-19,
Lancaster,lancaster-ma/library-trustee,,Emily Rose,verified-current,https://www.ci.lancaster.ma.us/467/Board-of-Library-Trustees,2026-08-19,
Lancaster,lancaster-ma/library-trustee,,Frank Streeter,verified-current,https://www.ci.lancaster.ma.us/467/Board-of-Library-Trustees,2026-08-19,
Lancaster,lancaster-ma/library-trustee,,Michelle Frain,verified-current,https://www.ci.lancaster.ma.us/467/Board-of-Library-Trustees,2026-08-19,
Lancaster,lancaster-ma/library-trustee,,Julie D Brummer,verified-current,https://www.ci.lancaster.ma.us/467/Board-of-Library-Trustees,2026-08-19,
Lancaster,lancaster-ma/library-trustee,,Aime Sund,verified-current,https://www.ci.lancaster.ma.us/467/Board-of-Library-Trustees,2026-08-19,
Lancaster,lancaster-ma/library-trustee,,Adam Zand,verified-current,https://www.ci.lancaster.ma.us/467/Board-of-Library-Trustees,2026-08-19,
Lancaster,lancaster-ma/moderator,,William E. O’Neil Jr,verified-current,https://www.ci.lancaster.ma.us/DocumentCenter/View/3849/May-11-2026-Annual-Town-Election-Sample-Ballot,2026-08-19,Named incumbent/candidate on the official 2026 ballot for a regular three-year term; no contradictory current source located.
Lancaster,lancaster-ma/board-of-health-member,,Mackenzie J. Maloney,verified-current,https://www.ci.lancaster.ma.us/DocumentCenter/View/4008/2026-May-11-Annual-Town-Election-Final-Results,2026-08-19,Official 2026 election winner; other holdover Board of Health seats remain unresolved.
Lancaster,lancaster-ma/board-of-health-member,,,unresolved,,2026-08-19,Remaining current Board of Health seats not fully reconciled.
Lancaster,lancaster-ma/regional-school-committee-member,,Sharon B. Carlson Poch,verified-current,https://www.ci.lancaster.ma.us/DocumentCenter/View/3849/May-11-2026-Annual-Town-Election-Sample-Ballot,2026-08-19,Named on official 2026 ballot for Lancaster NRSD seats; complete Lancaster regional allocation remains unresolved.
Lancaster,lancaster-ma/regional-school-committee-member,,Alexis A. Colton,verified-current,https://www.ci.lancaster.ma.us/DocumentCenter/View/3849/May-11-2026-Annual-Town-Election-Sample-Ballot,2026-08-19,Named on official 2026 ballot for Lancaster NRSD seats; complete Lancaster regional allocation remains unresolved.
Lancaster,lancaster-ma/regional-school-committee-member,,,unresolved,,2026-08-19,Complete current Lancaster NRSD allocation/roster remains unresolved.
Lanesborough,lanesborough-ma/regional-vocational-school-committee-member,,Tessa DiLego,verified-current,https://mccanntech.org/school-committee/,2026-08-19,
Lanesborough,lanesborough-ma/select-board-member,,,unresolved,,2026-08-19,Current complete post-2026 official roster was not independently reconciled; no names inferred from secondary reporting.
Lanesborough,lanesborough-ma/finance-committee-member,,,unresolved,,2026-08-19,Current complete post-2026 official roster was not independently reconciled; no names inferred from secondary reporting.
Lanesborough,lanesborough-ma/moderator,,,unresolved,,2026-08-19,Current complete post-2026 official roster was not independently reconciled; no names inferred from secondary reporting.
Lanesborough,lanesborough-ma/regional-school-committee-member,,,unresolved,,2026-08-19,Current complete post-2026 official roster was not independently reconciled; no names inferred from secondary reporting.
Lanesborough,lanesborough-ma/library-trustee,,,unresolved,,2026-08-19,Current complete post-2026 official roster was not independently reconciled; no names inferred from secondary reporting.
Lanesborough,lanesborough-ma/planning-board-member,,,unresolved,,2026-08-19,Current complete post-2026 official roster was not independently reconciled; no names inferred from secondary reporting.
Lawrence,lawrence-ma/mayor,,Brian A. De Peña,verified-current,https://www.cityoflawrence.com/694/Elected-Officials,2026-08-19,
Lawrence,lawrence-ma/city-council-member,At-Large,Jeovanny Rodriguez,verified-current,https://www.cityoflawrence.com/694/Elected-Officials,2026-08-19,
Lawrence,lawrence-ma/city-council-member,At-Large,Ana Levy,verified-current,https://www.cityoflawrence.com/694/Elected-Officials,2026-08-19,
Lawrence,lawrence-ma/city-council-member,At-Large,Celina Reyes,verified-current,https://www.cityoflawrence.com/694/Elected-Officials,2026-08-19,
Lawrence,lawrence-ma/city-council-member,District A,Franklin Miguel,verified-current,https://www.cityoflawrence.com/694/Elected-Officials,2026-08-19,
Lawrence,lawrence-ma/city-council-member,District B,Rosaly Gonzalez,verified-current,https://www.cityoflawrence.com/694/Elected-Officials,2026-08-19,
Lawrence,lawrence-ma/city-council-member,District C,Gregory Del Rosario,verified-current,https://www.cityoflawrence.com/694/Elected-Officials,2026-08-19,
Lawrence,lawrence-ma/city-council-member,District D,Vivian Marmol,verified-current,https://www.cityoflawrence.com/694/Elected-Officials,2026-08-19,
Lawrence,lawrence-ma/city-council-member,District E,Stephany Infante,verified-current,https://www.cityoflawrence.com/694/Elected-Officials,2026-08-19,
Lawrence,lawrence-ma/city-council-member,District F,Mark LaPlante,verified-current,https://www.cityoflawrence.com/694/Elected-Officials,2026-08-19,
Lawrence,lawrence-ma/school-committee-member,,Jonathan Guzman,verified-current,https://www.cityoflawrence.com/694/Elected-Officials,2026-08-19,
Lawrence,lawrence-ma/school-committee-member,,Eliaquin Gonell,verified-current,https://www.cityoflawrence.com/694/Elected-Officials,2026-08-19,
Lawrence,lawrence-ma/school-committee-member,,Jessica Marie Ramirez,verified-current,https://www.cityoflawrence.com/694/Elected-Officials,2026-08-19,
Lawrence,lawrence-ma/regional-vocational-school-committee-member,,Julio Mejia,verified-current,https://www.glts.net/apps/pages/index.jsp?uREC_ID=1804538&type=d&pREC_ID=2013589,2026-08-19,
Lawrence,lawrence-ma/regional-vocational-school-committee-member,,Edinson Mercedes,verified-current,https://www.glts.net/apps/pages/index.jsp?uREC_ID=1804538&type=d&pREC_ID=2013589,2026-08-19,
Lawrence,lawrence-ma/regional-vocational-school-committee-member,,Zoila Disla,verified-current,https://www.glts.net/apps/pages/index.jsp?uREC_ID=1804538&type=d&pREC_ID=2013589,2026-08-19,
Lee,lee-ma/select-board-member,,Gordon Duncan Bailey,verified-current,https://www.lee.ma.us/town-clerk/pages/election-results,2026-08-19,Official 2025 election winner for a regular three-year Select Board term; no later contradictory official source located.
Lee,lee-ma/planning-board-member,,David C. Forrest,verified-current,https://www.lee.ma.us/town-clerk/pages/election-results,2026-08-19,Official 2025 election winner for a regular five-year Planning Board term; no later contradictory official source located.
Lee,lee-ma/school-committee-member,,Dorothy French,verified-current,https://www.lee.ma.us/town-clerk/pages/election-results,2026-08-19,Official 2025 election winner for a regular three-year School Committee term; no later contradictory official source located.
Lee,lee-ma/moderator,,,unresolved,,2026-08-19,Remaining current seats were not fully reconciled from a 2026 official roster.
Lee,lee-ma/select-board-member,,,unresolved,,2026-08-19,Remaining current seats were not fully reconciled from a 2026 official roster.
Lee,lee-ma/constable,,,unresolved,,2026-08-19,Remaining current seats were not fully reconciled from a 2026 official roster.
Lee,lee-ma/housing-authority-member,,,unresolved,,2026-08-19,Remaining current seats were not fully reconciled from a 2026 official roster.
Lee,lee-ma/planning-board-member,,,unresolved,,2026-08-19,Remaining current seats were not fully reconciled from a 2026 official roster.
Lee,lee-ma/school-committee-member,,,unresolved,,2026-08-19,Remaining current seats were not fully reconciled from a 2026 official roster.
Leicester,leicester-ma/assessor,,Arthur Paquette,verified-current,https://www.leicesterma.org/222/Board-of-Assessors,2026-08-19,
Leicester,leicester-ma/assessor,,Robert Mercer,verified-current,https://www.leicesterma.org/222/Board-of-Assessors,2026-08-19,
Leicester,leicester-ma/assessor,,Sara Underwood,verified-current,https://www.leicesterma.org/222/Board-of-Assessors,2026-08-19,
Leicester,leicester-ma/board-of-health-member,,Christopher M. Montiverdi,verified-current,https://www.leicesterma.org/223/Board-of-Health,2026-08-19,
Leicester,leicester-ma/board-of-health-member,,Elizabeth Barrett,verified-current,https://www.leicesterma.org/223/Board-of-Health,2026-08-19,
Leicester,leicester-ma/board-of-health-member,,,vacant,https://www.leicesterma.org/223/Board-of-Health,2026-08-19,Current official Board of Health page explicitly lists one vacancy due to failure to elect.
Leicester,leicester-ma/select-board-member,,Doug Belanger,verified-current,https://www.leicesterma.org/227/Select-Board,2026-08-19,
Leicester,leicester-ma/select-board-member,,Kevin Menard Sr.,verified-current,https://www.leicesterma.org/227/Select-Board,2026-08-19,
Leicester,leicester-ma/select-board-member,,Peter Cusolito,verified-current,https://www.leicesterma.org/227/Select-Board,2026-08-19,
Leicester,leicester-ma/select-board-member,,Dianna Provencher,verified-current,https://www.leicesterma.org/227/Select-Board,2026-08-19,
Leicester,leicester-ma/select-board-member,,Kellie Wilson,verified-current,https://www.leicesterma.org/227/Select-Board,2026-08-19,
Leicester,leicester-ma/planning-board-member,,Joshua Campbell,verified-current,https://www.leicesterma.org/225/Planning-Board,2026-08-19,
Leicester,leicester-ma/planning-board-member,,Jim Reinke,verified-current,https://www.leicesterma.org/225/Planning-Board,2026-08-19,
Leicester,leicester-ma/planning-board-member,,Sharon Nist,verified-current,https://www.leicesterma.org/225/Planning-Board,2026-08-19,
Leicester,leicester-ma/planning-board-member,,Judy Zalansky,verified-current,https://www.leicesterma.org/225/Planning-Board,2026-08-19,
Leicester,leicester-ma/planning-board-member,,Logan Benoit,verified-current,https://www.leicesterma.org/225/Planning-Board,2026-08-19,
Leicester,leicester-ma/town-clerk,,Pamela A. LaFleur,verified-current,https://www.leicesterma.org/229/Town-Clerk,2026-08-19,
Leicester,leicester-ma/library-trustee,,Pauline Lareau,verified-current,https://www.leicesterma.org/230/Library-Trustees,2026-08-19,
Leicester,leicester-ma/library-trustee,,Bruce Craven,verified-current,https://www.leicesterma.org/230/Library-Trustees,2026-08-19,
Leicester,leicester-ma/library-trustee,,R. Olney White,verified-current,https://www.leicesterma.org/230/Library-Trustees,2026-08-19,
Leicester,leicester-ma/library-trustee,,Mary Moore,verified-current,https://www.leicesterma.org/230/Library-Trustees,2026-08-19,
Leicester,leicester-ma/library-trustee,,Maureen Whitney,verified-current,https://www.leicesterma.org/230/Library-Trustees,2026-08-19,
Leicester,leicester-ma/library-trustee,,Ingrid Hathaway,verified-current,https://www.leicesterma.org/230/Library-Trustees,2026-08-19,
Leicester,leicester-ma/library-trustee,,Regan Murphy Fortune,verified-current,https://www.leicesterma.org/230/Library-Trustees,2026-08-19,
Leicester,leicester-ma/housing-authority-member,,,unresolved,,2026-08-19,Current complete post-2026 roster not independently reconciled.
Leicester,leicester-ma/moderator,,,unresolved,,2026-08-19,Current complete post-2026 roster not independently reconciled.
Leicester,leicester-ma/school-committee-member,,,unresolved,,2026-08-19,Current complete post-2026 roster not independently reconciled.
Lenox,lenox-ma/moderator,,John J. McNinch,verified-current,https://www.townoflenox.com/DocumentCenter/View/5875/May-4-2026-Annual-Town-Election-Results,2026-08-19,
Lenox,lenox-ma/select-board-member,,Ed Lane,verified-current,https://www.townoflenox.com/164/Select-Board,2026-08-19,
Lenox,lenox-ma/select-board-member,,Neal Maxymillian,verified-current,https://www.townoflenox.com/164/Select-Board,2026-08-19,
Lenox,lenox-ma/select-board-member,,Marybeth Mitts,verified-current,https://www.townoflenox.com/164/Select-Board,2026-08-19,
Lenox,lenox-ma/select-board-member,,Max Scherff,verified-current,https://www.townoflenox.com/164/Select-Board,2026-08-19,
Lenox,lenox-ma/select-board-member,,Jared Weber,verified-current,https://www.townoflenox.com/164/Select-Board,2026-08-19,
Lenox,lenox-ma/board-of-health-member,,John R. Kearns,verified-current,https://www.townoflenox.com/DocumentCenter/View/5875/May-4-2026-Annual-Town-Election-Results,2026-08-19,Official 2026 election winner for a regular three-year Board of Health term.
Lenox,lenox-ma/board-of-health-member,,,unresolved,,2026-08-19,Remaining current Board of Health seats not fully reconciled.
Lenox,lenox-ma/assessor,,Thomas Romeo,verified-current,https://www.townoflenox.com/150/Board-of-Assessors,2026-08-19,
Lenox,lenox-ma/assessor,,Jaimy Messana,verified-current,https://www.townoflenox.com/150/Board-of-Assessors,2026-08-19,
Lenox,lenox-ma/assessor,,Gordon Prescott,verified-current,https://www.townoflenox.com/150/Board-of-Assessors,2026-08-19,
Lenox,lenox-ma/school-committee-member,,Oren Cass,verified-current,https://www.townoflenox.com/170/School-Committee,2026-08-19,
Lenox,lenox-ma/school-committee-member,,Michael Dupont,verified-current,https://www.townoflenox.com/170/School-Committee,2026-08-19,
Lenox,lenox-ma/school-committee-member,,Kim Graham,verified-current,https://www.townoflenox.com/170/School-Committee,2026-08-19,
Lenox,lenox-ma/school-committee-member,,Kimberly Winger,verified-current,https://www.townoflenox.com/170/School-Committee,2026-08-19,
Lenox,lenox-ma/school-committee-member,,Meghan Kirby,verified-current,https://www.townoflenox.com/170/School-Committee,2026-08-19,
Lenox,lenox-ma/school-committee-member,,Jayson Messenger,verified-current,https://www.townoflenox.com/170/School-Committee,2026-08-19,
Lenox,lenox-ma/school-committee-member,,Richard Burke,verified-current,https://www.townoflenox.com/170/School-Committee,2026-08-19,
Lenox,lenox-ma/planning-board-member,,Daniel Bross,verified-current,https://www.townoflenox.com/166/Planning-Board,2026-08-19,
Lenox,lenox-ma/planning-board-member,,Tom Delasco,verified-current,https://www.townoflenox.com/166/Planning-Board,2026-08-19,
Lenox,lenox-ma/planning-board-member,,Kate McNulty Vaughan,verified-current,https://www.townoflenox.com/166/Planning-Board,2026-08-19,
Lenox,lenox-ma/planning-board-member,,Bob Munch,verified-current,https://www.townoflenox.com/166/Planning-Board,2026-08-19,
Lenox,lenox-ma/planning-board-member,,Mark Smith,verified-current,https://www.townoflenox.com/166/Planning-Board,2026-08-19,
Lenox,lenox-ma/housing-authority-member,,Linda Carroll,verified-current,https://www.townoflenox.com/157/Housing-Authority,2026-08-19,
Lenox,lenox-ma/housing-authority-member,,Kim Graham,verified-current,https://www.townoflenox.com/157/Housing-Authority,2026-08-19,
Lenox,lenox-ma/housing-authority-member,,Barbara Keenan,verified-current,https://www.townoflenox.com/157/Housing-Authority,2026-08-19,
Lenox,lenox-ma/housing-authority-member,,Deb Prew,verified-current,https://www.townoflenox.com/157/Housing-Authority,2026-08-19,
Ludlow,ludlow-ma/assessor,,Michael S. O’Rourke,verified-current,https://ludlow.ma.us/elected-officials/,2026-08-20,
Ludlow,ludlow-ma/assessor,,Antonio Rosa,verified-current,https://ludlow.ma.us/elected-officials/,2026-08-20,
Ludlow,ludlow-ma/assessor,,John Urban,verified-current,https://ludlow.ma.us/elected-officials/,2026-08-20,
Ludlow,ludlow-ma/board-of-health-member,,Lauren Yelinek,verified-current,https://ludlow.ma.us/elected-officials/,2026-08-20,
Ludlow,ludlow-ma/board-of-health-member,,Antonio Tavares,verified-current,https://ludlow.ma.us/elected-officials/,2026-08-20,
Ludlow,ludlow-ma/board-of-health-member,,Kelly Lamas,verified-current,https://ludlow.ma.us/elected-officials/,2026-08-20,
Ludlow,ludlow-ma/housing-authority-member,,Kimberly Babin,verified-current,https://ludlow.ma.us/elected-officials/,2026-08-20,"Current official roster; 2024 annual report explicitly identifies Kimberly Anne Babin as elected, term expiring 2029."
Ludlow,ludlow-ma/housing-authority-member,,Joao Alves,verified-current,https://ludlow.ma.us/wp-content/uploads/sites/2/2025/04/March-24-2025-Official-Local-Election-Results.pdf,2026-08-20,Official 2025 local-election results show Joao Alves elected by write-in to the five-year Housing Authority seat; current official roster confirms continued service.
Ludlow,ludlow-ma/housing-authority-member,,Michele Augusto,verified-current,https://ludlow.ma.us/wp-content/uploads/sites/2/2026/03/March-23-2026-Official-Local-Election-Results-1.pdf,2026-08-20,Official 2026 local-election results and current official roster establish current elected service.
Ludlow,ludlow-ma/library-trustee,,Ruth H. Saunders,verified-current,https://ludlow.ma.us/elected-officials/,2026-08-20,
Ludlow,ludlow-ma/library-trustee,,Antonia Golinski-Foisy,verified-current,https://ludlow.ma.us/elected-officials/,2026-08-20,
Ludlow,ludlow-ma/library-trustee,,Linda Collette,verified-current,https://ludlow.ma.us/elected-officials/,2026-08-20,
Ludlow,ludlow-ma/planning-board-member,,Raymond Phoenix,verified-current,https://ludlow.ma.us/planning-board/,2026-08-20,
Ludlow,ludlow-ma/planning-board-member,,William Ellison,verified-current,https://ludlow.ma.us/planning-board/,2026-08-20,
Ludlow,ludlow-ma/planning-board-member,,Kathleen Houle,verified-current,https://ludlow.ma.us/planning-board/,2026-08-20,
Ludlow,ludlow-ma/planning-board-member,,Christopher Coelho,verified-current,https://ludlow.ma.us/planning-board/,2026-08-20,
Ludlow,ludlow-ma/planning-board-member,,Joel Silva,verified-current,https://ludlow.ma.us/planning-board/,2026-08-20,
Ludlow,ludlow-ma/recreation-commissioner,,Sean McBride,verified-current,https://ludlow.ma.us/elected-officials/,2026-08-20,
Ludlow,ludlow-ma/recreation-commissioner,,Shawn Lebeau,verified-current,https://ludlow.ma.us/elected-officials/,2026-08-20,
Ludlow,ludlow-ma/recreation-commissioner,,Edward J. Garbacik,verified-current,https://ludlow.ma.us/elected-officials/,2026-08-20,
Ludlow,ludlow-ma/school-committee-member,,Sarah F. Bowler,verified-current,https://ludlow.ma.us/elected-officials/,2026-08-20,
Ludlow,ludlow-ma/school-committee-member,,Amanda Codding,verified-current,https://ludlow.ma.us/elected-officials/,2026-08-20,
Ludlow,ludlow-ma/school-committee-member,,Jeffrey Laing,verified-current,https://ludlow.ma.us/elected-officials/,2026-08-20,
Ludlow,ludlow-ma/school-committee-member,,Christopher Manfredi,verified-current,https://ludlow.ma.us/elected-officials/,2026-08-20,
Ludlow,ludlow-ma/school-committee-member,,Jeffrey Stratton,verified-current,https://ludlow.ma.us/elected-officials/,2026-08-20,
Ludlow,ludlow-ma/select-board-member,,William Rosenblum,verified-current,https://ludlow.ma.us/elected-officials/,2026-08-20,
Ludlow,ludlow-ma/select-board-member,,Anthony Michael Alves,verified-current,https://ludlow.ma.us/elected-officials/,2026-08-20,
Ludlow,ludlow-ma/select-board-member,,James Thomas Gennette,verified-current,https://ludlow.ma.us/elected-officials/,2026-08-20,
Ludlow,ludlow-ma/select-board-member,,Antonio L. Sanches,verified-current,https://ludlow.ma.us/elected-officials/,2026-08-20,
Ludlow,ludlow-ma/select-board-member,,Manuel Silva,verified-current,https://ludlow.ma.us/elected-officials/,2026-08-20,
Ludlow,ludlow-ma/town-clerk,,Kim M. Batista,verified-current,https://ludlow.ma.us/elected-officials/,2026-08-20,
Ludlow,ludlow-ma/moderator,,Michael J. Szlosek,verified-current,https://ludlow.ma.us/elected-officials/,2026-08-20,
Ludlow,ludlow-ma/representative-town-meeting-member,,,unresolved,https://ludlow.ma.us/wp-content/uploads/sites/2/2025/12/All-openings-available-2026-updated-2025-12-08-pdf.pdf,2026-08-20,"The current precinct-member roster exists, but the 90 individual elected precinct seats were not fully normalized in this batch. Preserved as a single explicit backfill marker rather than guessing or emitting partial membership data."
Lunenburg,lunenburg-ma/assessor,,Brian Laffond,verified-current,https://lunenburgma.gov/772/Board-of-Assessors,2026-08-20,
Lunenburg,lunenburg-ma/assessor,,Sarah Cammer,verified-current,https://lunenburgma.gov/772/Board-of-Assessors,2026-08-20,
Lunenburg,lunenburg-ma/assessor,,Bryant Moscon,verified-current,https://lunenburgma.gov/772/Board-of-Assessors,2026-08-20,
Lunenburg,lunenburg-ma/board-of-health-member,,Matt Proctor,verified-current,https://lunenburgma.gov/207/Board-Of-Health,2026-08-20,
Lunenburg,lunenburg-ma/board-of-health-member,,Perry Jewell,verified-current,https://lunenburgma.gov/207/Board-Of-Health,2026-08-20,
Lunenburg,lunenburg-ma/board-of-health-member,,Paul Fortin,verified-current,https://lunenburgma.gov/207/Board-Of-Health,2026-08-20,
Lunenburg,lunenburg-ma/board-of-health-member,,Nicholas Pirro,verified-current,https://lunenburgma.gov/207/Board-Of-Health,2026-08-20,
Lunenburg,lunenburg-ma/board-of-health-member,,Lorraine Rudd,verified-current,https://lunenburgma.gov/207/Board-Of-Health,2026-08-20,
Lunenburg,lunenburg-ma/select-board-member,,Renee Emkey,verified-current,https://www.lunenburgma.gov/295/Select-Board,2026-08-20,
Lunenburg,lunenburg-ma/select-board-member,,Brian Lehtinen,verified-current,https://www.lunenburgma.gov/295/Select-Board,2026-08-20,
Lunenburg,lunenburg-ma/select-board-member,,Glenn McLeod,verified-current,https://www.lunenburgma.gov/295/Select-Board,2026-08-20,
Lunenburg,lunenburg-ma/select-board-member,Term through 2027,,vacant,https://www.lunenburgma.gov/295/Select-Board,2026-08-20,Current official Select Board page identifies this seat as vacant.
Lunenburg,lunenburg-ma/select-board-member,Term through 2029,,vacant,https://www.lunenburgma.gov/295/Select-Board,2026-08-20,Current official Select Board page identifies this seat as vacant.
Lunenburg,lunenburg-ma/cemetery-commissioner,,Michael Clark,verified-current,https://www.lunenburgma.gov/217/Cemetery-Commission,2026-08-20,
Lunenburg,lunenburg-ma/cemetery-commissioner,,David Dorren,verified-current,https://www.lunenburgma.gov/217/Cemetery-Commission,2026-08-20,
Lunenburg,lunenburg-ma/cemetery-commissioner,,Donna Landry,verified-current,https://www.lunenburgma.gov/217/Cemetery-Commission,2026-08-20,
Lunenburg,lunenburg-ma/constable,,Michael Ray Jeffries,verified-current,https://www.lunenburgma.gov/Archive/ViewFile/Item/213,2026-08-20,FY2025 annual report lists Michael Ray Jeffries among elected officials with term through 2028; not serialized to schema-ready membership because the constable office has an unresolved charter/election-practice conflict.
Lunenburg,lunenburg-ma/housing-authority-member,,Linda McDonald,verified-current,https://lunenburgma.gov/273/Lunenburg-Housing-Authority,2026-08-20,Current Housing Authority roster; voter-elected seat complement reconciled under M.G.L. c.121B §5 after excluding the Governor appointee and tenant member.
Lunenburg,lunenburg-ma/housing-authority-member,,Dale Proulx,verified-current,https://lunenburgma.gov/273/Lunenburg-Housing-Authority,2026-08-20,Current Housing Authority roster; voter-elected seat complement reconciled under M.G.L. c.121B §5 after excluding the Governor appointee and tenant member.
Lunenburg,lunenburg-ma/housing-authority-member,,Nicole Waters,verified-current,https://lunenburgma.gov/273/Lunenburg-Housing-Authority,2026-08-20,Current Housing Authority roster; voter-elected seat complement reconciled under M.G.L. c.121B §5 after excluding the Governor appointee and tenant member.
Lunenburg,lunenburg-ma/library-trustee,,Harry Kubetz,verified-current,https://lunenburgma.gov/264/Library-Board-of-Trustees,2026-08-20,
Lunenburg,lunenburg-ma/library-trustee,,Maia Wentrup,verified-current,https://lunenburgma.gov/264/Library-Board-of-Trustees,2026-08-20,
Lunenburg,lunenburg-ma/library-trustee,,Laura Boussom,verified-current,https://lunenburgma.gov/264/Library-Board-of-Trustees,2026-08-20,
Lunenburg,lunenburg-ma/library-trustee,,Janalee Germaine Balish,verified-current,https://lunenburgma.gov/264/Library-Board-of-Trustees,2026-08-20,
Lunenburg,lunenburg-ma/library-trustee,,David Niose,verified-current,https://lunenburgma.gov/264/Library-Board-of-Trustees,2026-08-20,
Lunenburg,lunenburg-ma/library-trustee,,Stephanie Trudel,verified-current,https://lunenburgma.gov/264/Library-Board-of-Trustees,2026-08-20,
Lunenburg,lunenburg-ma/library-trustee,,Robin Venezia,verified-current,https://lunenburgma.gov/264/Library-Board-of-Trustees,2026-08-20,
Lunenburg,lunenburg-ma/moderator,,Tim Murphy,verified-current,https://lunenburgma.gov/716/Town-Manager-Screening-Committee,2026-08-20,
Lunenburg,lunenburg-ma/park-commissioner,,Chris Sullivan,verified-current,https://www.lunenburgma.gov/AgendaCenter/ViewFile/Agenda/_06242026-7864,2026-08-20,"June 24, 2026 official Park Commission agenda supplies the five-member current roster; used instead of a stale six-name webpage roster."
Lunenburg,lunenburg-ma/park-commissioner,,Dan Burns,verified-current,https://www.lunenburgma.gov/AgendaCenter/ViewFile/Agenda/_06242026-7864,2026-08-20,"June 24, 2026 official Park Commission agenda supplies the five-member current roster; used instead of a stale six-name webpage roster."
Lunenburg,lunenburg-ma/park-commissioner,,Tanya Dall,verified-current,https://www.lunenburgma.gov/AgendaCenter/ViewFile/Agenda/_06242026-7864,2026-08-20,"June 24, 2026 official Park Commission agenda supplies the five-member current roster; used instead of a stale six-name webpage roster."
Lunenburg,lunenburg-ma/park-commissioner,,Marianne Mascari,verified-current,https://www.lunenburgma.gov/AgendaCenter/ViewFile/Agenda/_06242026-7864,2026-08-20,"June 24, 2026 official Park Commission agenda supplies the five-member current roster; used instead of a stale six-name webpage roster."
Lunenburg,lunenburg-ma/park-commissioner,,Karin Menard,verified-current,https://www.lunenburgma.gov/AgendaCenter/ViewFile/Agenda/_06242026-7864,2026-08-20,"June 24, 2026 official Park Commission agenda supplies the five-member current roster; used instead of a stale six-name webpage roster."
Lunenburg,lunenburg-ma/planning-board-member,,Matthew Brenner,verified-current,https://www.lunenburgma.gov/285/Planning-Board,2026-08-20,
Lunenburg,lunenburg-ma/planning-board-member,,Timothy Willsmer,verified-current,https://www.lunenburgma.gov/285/Planning-Board,2026-08-20,
Lunenburg,lunenburg-ma/planning-board-member,,Amanda Reid,verified-current,https://www.lunenburgma.gov/285/Planning-Board,2026-08-20,
Lunenburg,lunenburg-ma/planning-board-member,,Adam Burney,verified-current,https://www.lunenburgma.gov/285/Planning-Board,2026-08-20,
Lunenburg,lunenburg-ma/planning-board-member,,Anthony Nicastro,verified-current,https://www.lunenburgma.gov/285/Planning-Board,2026-08-20,
Lunenburg,lunenburg-ma/school-committee-member,,Laura Brzozoski,verified-current,https://www.lunenburgma.gov/AgendaCenter/ViewFile/Agenda/_06242026-7869,2026-08-20,
Lunenburg,lunenburg-ma/school-committee-member,,Anthony Sculimbrene,verified-current,https://www.lunenburgma.gov/AgendaCenter/ViewFile/Agenda/_06242026-7869,2026-08-20,
Lunenburg,lunenburg-ma/school-committee-member,,Mandy Gilman,verified-current,https://www.lunenburgma.gov/AgendaCenter/ViewFile/Agenda/_06242026-7869,2026-08-20,
Lunenburg,lunenburg-ma/school-committee-member,,Jean Russell,verified-current,https://www.lunenburgma.gov/AgendaCenter/ViewFile/Agenda/_06242026-7869,2026-08-20,
Lunenburg,lunenburg-ma/school-committee-member,,Emily Young,verified-current,https://www.lunenburgma.gov/AgendaCenter/ViewFile/Agenda/_06242026-7869,2026-08-20,
Lunenburg,lunenburg-ma/sewer-commissioner,,Brett Ramsden,verified-current,https://lunenburgma.gov/302/Sewer-Commission,2026-08-20,
Lunenburg,lunenburg-ma/sewer-commissioner,,Scott Dall,verified-current,https://lunenburgma.gov/302/Sewer-Commission,2026-08-20,
Lunenburg,lunenburg-ma/sewer-commissioner,,Dan Proctor,verified-current,https://lunenburgma.gov/302/Sewer-Commission,2026-08-20,
Lunenburg,lunenburg-ma/sewer-commissioner,,Arthur Katis,verified-current,https://lunenburgma.gov/302/Sewer-Commission,2026-08-20,
Lunenburg,lunenburg-ma/sewer-commissioner,,Allan Wilson,verified-current,https://lunenburgma.gov/302/Sewer-Commission,2026-08-20,
Lunenburg,lunenburg-ma/town-clerk,,Kathryn Herrick,verified-current,https://www.lunenburgma.gov/262/Town-Clerk,2026-08-20,
Lunenburg,lunenburg-ma/commissioner-of-trust-funds,,John Bowen,verified-current,https://www.lunenburgma.gov/224/Trust-Fund-Commission,2026-08-20,
Lunenburg,lunenburg-ma/commissioner-of-trust-funds,,Richard Howard,verified-current,https://www.lunenburgma.gov/224/Trust-Fund-Commission,2026-08-20,
Lunenburg,lunenburg-ma/commissioner-of-trust-funds,,,vacant,https://www.lunenburgma.gov/224/Trust-Fund-Commission,2026-08-20,Current official Trust Fund Commission page and 2026 election result reflect an unfilled third seat / failure to elect.
Lynn,lynn-ma/mayor,,Jared C. Nicholson,verified-current,https://www.lynnma.gov/city_government/mayor,2026-08-20,
Lynn,lynn-ma/city-council-member,Ward 1,Dr. Peter D. Meaney,verified-current,https://www.lynnma.gov/city_government/citycouncil/councilors,2026-08-20,
Lynn,lynn-ma/city-council-member,Ward 2,Obed A. Matul,verified-current,https://www.lynnma.gov/city_government/citycouncil/councilors,2026-08-20,
Lynn,lynn-ma/city-council-member,Ward 3,Constantino “Coco” Alinsug,verified-current,https://www.lynnma.gov/city_government/citycouncil/councilors,2026-08-20,
Lynn,lynn-ma/city-council-member,Ward 4,Natasha S. Megie-Maddrey,verified-current,https://www.lynnma.gov/city_government/citycouncil/councilors,2026-08-20,
Lynn,lynn-ma/city-council-member,Ward 5,Cardeliz Paez,verified-current,https://www.lynnma.gov/city_government/citycouncil/councilors,2026-08-20,
Lynn,lynn-ma/city-council-member,Ward 6,Frederick “Fred” W. Hogan,verified-current,https://www.lynnma.gov/city_government/citycouncil/councilors,2026-08-20,
Lynn,lynn-ma/city-council-member,Ward 7,Jordan T. Avery,verified-current,https://www.lynnma.gov/city_government/citycouncil/councilors,2026-08-20,
Lynn,lynn-ma/city-council-member,At-Large,Brian P. LaPierre,verified-current,https://www.lynnma.gov/city_government/citycouncil/councilors,2026-08-20,
Lynn,lynn-ma/city-council-member,At-Large,Hong L. Net,verified-current,https://www.lynnma.gov/city_government/citycouncil/councilors,2026-08-20,
Lynn,lynn-ma/city-council-member,At-Large,Brian M. Field,verified-current,https://www.lynnma.gov/city_government/citycouncil/councilors,2026-08-20,
Lynn,lynn-ma/city-council-member,At-Large,Nicole D. McClain,verified-current,https://www.lynnma.gov/city_government/citycouncil/councilors,2026-08-20,
Lynn,lynn-ma/school-committee-member,,Brian Castellanos,verified-current,https://www.lynnschools.org/members,2026-08-20,
Lynn,lynn-ma/school-committee-member,,Lorraine Gately,verified-current,https://www.lynnschools.org/members,2026-08-20,
Lynn,lynn-ma/school-committee-member,,Brenda Ortiz McGrath,verified-current,https://www.lynnschools.org/members,2026-08-20,
Lynn,lynn-ma/school-committee-member,,Lenny Pena,verified-current,https://www.lynnschools.org/members,2026-08-20,
Lynn,lynn-ma/school-committee-member,,Andrea Satterwhite,verified-current,https://www.lynnschools.org/members,2026-08-20,
Lynn,lynn-ma/school-committee-member,,Tristan Smith,verified-current,https://www.lynnschools.org/members,2026-08-20,
Lynnfield,lynnfield-ma/select-board-member,,Alexis Leahy,verified-current,https://www.lynnfieldma.gov/207/Select-Board,2026-08-20,
Lynnfield,lynnfield-ma/select-board-member,,Richard Dalton,verified-current,https://www.lynnfieldma.gov/207/Select-Board,2026-08-20,
Lynnfield,lynnfield-ma/select-board-member,,Joe Gallagher,verified-current,https://www.lynnfieldma.gov/207/Select-Board,2026-08-20,
Lynnfield,lynnfield-ma/school-committee-member,,Kristen Elworthy,verified-current,https://www.lynnfield.k12.ma.us/en-US/school-committee-a905c1e5,2026-08-20,
Lynnfield,lynnfield-ma/school-committee-member,,Brian Lambert,verified-current,https://www.lynnfield.k12.ma.us/en-US/school-committee-a905c1e5,2026-08-20,
Lynnfield,lynnfield-ma/school-committee-member,,Kim Baker Donahue,verified-current,https://www.lynnfield.k12.ma.us/en-US/school-committee-a905c1e5,2026-08-20,
Lynnfield,lynnfield-ma/school-committee-member,,Kate DePrizio,verified-current,https://www.lynnfield.k12.ma.us/en-US/school-committee-a905c1e5,2026-08-20,
Lynnfield,lynnfield-ma/school-committee-member,,Jim Dillon,verified-current,https://www.lynnfield.k12.ma.us/en-US/school-committee-a905c1e5,2026-08-20,
Lynnfield,lynnfield-ma/planning-board-member,,E. Page Wilkins,verified-current,https://www.lynnfieldma.gov/196/Planning-Board,2026-08-20,
Lynnfield,lynnfield-ma/planning-board-member,,Amy MacNulty,verified-current,https://www.lynnfieldma.gov/196/Planning-Board,2026-08-20,
Lynnfield,lynnfield-ma/planning-board-member,,Edward P. Champy III,verified-current,https://www.lynnfieldma.gov/196/Planning-Board,2026-08-20,
Lynnfield,lynnfield-ma/planning-board-member,,Brian R. Charville,verified-current,https://www.lynnfieldma.gov/196/Planning-Board,2026-08-20,
Lynnfield,lynnfield-ma/planning-board-member,,Katherine Flaws,verified-current,https://www.lynnfieldma.gov/196/Planning-Board,2026-08-20,
Lynnfield,lynnfield-ma/assessor,,Donald P. Garrity,verified-current,https://www.lynnfieldma.gov/160/Board-of-Assessors,2026-08-20,
Lynnfield,lynnfield-ma/assessor,,Alan Dresios,verified-current,https://www.lynnfieldma.gov/160/Board-of-Assessors,2026-08-20,
Lynnfield,lynnfield-ma/assessor,,Richard O'Neil,verified-current,https://www.lynnfieldma.gov/160/Board-of-Assessors,2026-08-20,
Lynnfield,lynnfield-ma/library-trustee,,Anne Malenfant,verified-current,https://lynnfieldlibrary.org/trustees/,2026-08-20,
Lynnfield,lynnfield-ma/library-trustee,,Darlene Samikkannu Kumar,verified-current,https://lynnfieldlibrary.org/trustees/,2026-08-20,
Lynnfield,lynnfield-ma/library-trustee,,Karin Round,verified-current,https://lynnfieldlibrary.org/trustees/,2026-08-20,
Lynnfield,lynnfield-ma/library-trustee,,Stephanie Slate,verified-current,https://lynnfieldlibrary.org/trustees/,2026-08-20,
Lynnfield,lynnfield-ma/library-trustee,Term through April 2027,,vacant,https://lynnfieldlibrary.org/trustees/,2026-08-20,"Current Library Board page explicitly lists an open position. Town vacancy notices planned a July 27 appointment, but no completed appointment was independently verified and the current Library roster still shows the seat open."
Lynnfield,lynnfield-ma/housing-authority-member,,John Nunziato,verified-current,https://www.lynnfieldma.gov/DocumentCenter/View/2106/April-8-2025-Annual-Town-Election-Official-Results-PDF,2026-08-20,Official 2025 town-election result elects John Nunziato to a five-year Housing Authority term; current official roster confirms service.
Lynnfield,lynnfield-ma/housing-authority-member,,Stephanie Petty,verified-current,https://www.lynnfieldma.gov/184/Lynnfield-Housing-Authority,2026-08-20,Current official roster plus documented 2022 five-year re-election establishes current elected service through 2027.
Lynnfield,lynnfield-ma/housing-authority-member,,Thomas Bogart,verified-current,https://www.lynnfieldma.gov/AgendaCenter/ViewFile/Minutes/_04142026-1487,2026-08-20,"Town Clerk announced Thomas Bogart elected without opposition in the April 14, 2026 Select Board minutes; current official roster confirms service."
Lynnfield,lynnfield-ma/moderator,,Steven Walsh,verified-current,https://www.lynnfieldma.gov/289/Town-Moderator,2026-08-20,
Malden,malden-ma/mayor,,Gary Christenson,verified-current,https://www.cityofmalden.org/263/Mayor,2026-08-20,
Malden,malden-ma/city-council-member,Ward 1,Peg Crowe,verified-current,https://www.cityofmalden.org/469/City-Council,2026-08-20,
Malden,malden-ma/city-council-member,Ward 2,Paul Condon,verified-current,https://www.cityofmalden.org/469/City-Council,2026-08-20,
Malden,malden-ma/city-council-member,Ward 3,Amanda Linehan,verified-current,https://www.cityofmalden.org/469/City-Council,2026-08-20,
Malden,malden-ma/city-council-member,Ward 4,Ryan O'Malley,verified-current,https://www.cityofmalden.org/469/City-Council,2026-08-20,
Malden,malden-ma/city-council-member,Ward 5,Ari Taylor,verified-current,https://www.cityofmalden.org/469/City-Council,2026-08-20,
Malden,malden-ma/city-council-member,Ward 6,Stephen Winslow,verified-current,https://www.cityofmalden.org/469/City-Council,2026-08-20,
Malden,malden-ma/city-council-member,Ward 7,Chris Simonelli,verified-current,https://www.cityofmalden.org/469/City-Council,2026-08-20,
Malden,malden-ma/city-council-member,Ward 8,Jadeane Sica,verified-current,https://www.cityofmalden.org/469/City-Council,2026-08-20,
Malden,malden-ma/city-council-member,At-Large,Michelle Luong,verified-current,https://www.cityofmalden.org/469/City-Council,2026-08-20,
Malden,malden-ma/city-council-member,At-Large,Karen Colón Hayes,verified-current,https://www.cityofmalden.org/469/City-Council,2026-08-20,
Malden,malden-ma/city-council-member,At-Large,Carey McDonald,verified-current,https://www.cityofmalden.org/469/City-Council,2026-08-20,
Malden,malden-ma/school-committee-member,Ward 1,Michael Drummey,verified-current,https://www.cityofmalden.org/479/School-Committee,2026-08-20,
Malden,malden-ma/school-committee-member,Ward 2,Rob McCarthy,verified-current,https://www.cityofmalden.org/479/School-Committee,2026-08-20,
Malden,malden-ma/school-committee-member,Ward 3,Jennifer Spadafora,verified-current,https://www.cityofmalden.org/479/School-Committee,2026-08-20,
Malden,malden-ma/school-committee-member,Ward 4,Dawn Macklin,verified-current,https://www.cityofmalden.org/479/School-Committee,2026-08-20,
Malden,malden-ma/school-committee-member,Ward 5,Elizabeth J. Hortie,verified-current,https://www.cityofmalden.org/479/School-Committee,2026-08-20,
Malden,malden-ma/school-committee-member,Ward 6,Peter Piazza,verified-current,https://www.cityofmalden.org/479/School-Committee,2026-08-20,
Malden,malden-ma/school-committee-member,Ward 7,Keith Bernard,verified-current,https://www.cityofmalden.org/479/School-Committee,2026-08-20,
Malden,malden-ma/school-committee-member,Ward 8,Sharyn Rose-Zeiberg,verified-current,https://www.cityofmalden.org/479/School-Committee,2026-08-20,
Malden,malden-ma/regional-vocational-school-committee-member,,Sean M. Salazar,verified-current,https://www.cityofmalden.org/479/School-Committee,2026-08-20,Current Malden School Committee roster identifies Sean M. Salazar as the Northeast Metropolitan Regional Vocational School Committee member. The seating mechanism is left blank because the current roster followed a vacancy process and no completed appointment record was independently verified in this pass.
Manchester-by-the-Sea,manchester-by-the-sea-ma/constable,,Joseph P. Aiello,verified-current,https://www.manchester.ma.us/DocumentCenter/View/9524/Annual-Town-Report-2025,2026-08-20,
Manchester-by-the-Sea,manchester-by-the-sea-ma/constable,,G. David MacDougall,verified-current,https://www.manchester.ma.us/DocumentCenter/View/9524/Annual-Town-Report-2025,2026-08-20,
Manchester-by-the-Sea,manchester-by-the-sea-ma/constable,,Kevin J. Leach,verified-current,https://www.manchester.ma.us/DocumentCenter/View/9524/Annual-Town-Report-2025,2026-08-20,
Manchester-by-the-Sea,manchester-by-the-sea-ma/select-board-member,,John Round,verified-current,https://www.manchester.ma.us/343/Select-Board,2026-08-20,
Manchester-by-the-Sea,manchester-by-the-sea-ma/select-board-member,,Catherine Bilotta,verified-current,https://www.manchester.ma.us/343/Select-Board,2026-08-20,
Manchester-by-the-Sea,manchester-by-the-sea-ma/select-board-member,,Brian Sollosy,verified-current,https://www.manchester.ma.us/343/Select-Board,2026-08-20,
Manchester-by-the-Sea,manchester-by-the-sea-ma/select-board-member,,Jeffrey Delaney,verified-current,https://www.manchester.ma.us/343/Select-Board,2026-08-20,
Manchester-by-the-Sea,manchester-by-the-sea-ma/select-board-member,,Ann Harrison,verified-current,https://www.manchester.ma.us/343/Select-Board,2026-08-20,
Manchester-by-the-Sea,manchester-by-the-sea-ma/moderator,,Eli Boling,verified-current,https://www.manchester.ma.us/DocumentCenter/View/9727/2026-May-19-Annual-Town-Election-Results,2026-08-20,
Manchester-by-the-Sea,manchester-by-the-sea-ma/regional-school-committee-member,,Christopher Reed,verified-current,https://www.manchester.ma.us/DocumentCenter/View/9524/Annual-Town-Report-2025,2026-08-20,
Manchester-by-the-Sea,manchester-by-the-sea-ma/regional-school-committee-member,,Sarah Stone,verified-current,https://www.manchester.ma.us/DocumentCenter/View/9727/2026-May-19-Annual-Town-Election-Results,2026-08-20,
Manchester-by-the-Sea,manchester-by-the-sea-ma/regional-school-committee-member,,Lindsay Banks,verified-current,https://www.manchester.ma.us/DocumentCenter/View/9524/Annual-Town-Report-2025,2026-08-20,
Manchester-by-the-Sea,manchester-by-the-sea-ma/regional-school-committee-member,,Nadia Wetzler,verified-current,https://www.manchester.ma.us/DocumentCenter/View/9524/Annual-Town-Report-2025,2026-08-20,
Manchester-by-the-Sea,manchester-by-the-sea-ma/planning-board-member,,Sarah Creighton,verified-current,https://www.manchester.ma.us/384/Planning-Board,2026-08-20,
Manchester-by-the-Sea,manchester-by-the-sea-ma/planning-board-member,,Gordon Brewster,verified-current,https://www.manchester.ma.us/384/Planning-Board,2026-08-20,
Manchester-by-the-Sea,manchester-by-the-sea-ma/planning-board-member,,Sandy Bodmer-Turner,verified-current,https://www.manchester.ma.us/384/Planning-Board,2026-08-20,
Manchester-by-the-Sea,manchester-by-the-sea-ma/planning-board-member,,John Harden,verified-current,https://www.manchester.ma.us/384/Planning-Board,2026-08-20,
Manchester-by-the-Sea,manchester-by-the-sea-ma/planning-board-member,,Peter Morton,verified-current,https://www.manchester.ma.us/384/Planning-Board,2026-08-20,
Manchester-by-the-Sea,manchester-by-the-sea-ma/planning-board-member,,Christopher Olney,verified-current,https://www.manchester.ma.us/384/Planning-Board,2026-08-20,
Manchester-by-the-Sea,manchester-by-the-sea-ma/planning-board-member,,Brian Frey,verified-current,https://www.manchester.ma.us/384/Planning-Board,2026-08-20,
Manchester-by-the-Sea,manchester-by-the-sea-ma/housing-authority-member,,Brian Frey,verified-current,https://www.manchester.ma.us/DocumentCenter/View/9727/2026-May-19-Annual-Town-Election-Results,2026-08-20,"Won the two-year Housing Authority contest in the May 19, 2026 election; holder is retained in research, but the post is not serialized because current elected-seat composition conflicts with M.G.L. c.121B §5."
Manchester-by-the-Sea,manchester-by-the-sea-ma/housing-authority-member,,,vacant,https://www.manchester.ma.us/DocumentCenter/View/9727/2026-May-19-Annual-Town-Election-Results,2026-08-20,The regular five-year Housing Authority contest produced no qualifying named winner; treated as an explicit current vacancy/failure-to-elect marker pending local filling action.
Manchester-by-the-Sea,manchester-by-the-sea-ma/housing-authority-member,,,unresolved,https://malegislature.gov/Laws/GeneralLaws/PartI/TitleXVII/Chapter121b/Section5,2026-08-20,Remaining current elected-seat identity cannot be reconciled safely while local four-elected practice conflicts with current three-elected statutory composition.
Manchester-by-the-Sea,manchester-by-the-sea-ma/library-trustee,,David K. Lumsden,verified-current,https://www.manchester.ma.us/DocumentCenter/View/9727/2026-May-19-Annual-Town-Election-Results,2026-08-20,
Manchester-by-the-Sea,manchester-by-the-sea-ma/library-trustee,,Richard L. Rogers,verified-current,https://www.manchester.ma.us/DocumentCenter/View/9524/Annual-Town-Report-2025,2026-08-20,
Manchester-by-the-Sea,manchester-by-the-sea-ma/library-trustee,,Sarah Davis,verified-current,https://www.manchester.ma.us/DocumentCenter/View/9524/Annual-Town-Report-2025,2026-08-20,
Mansfield,mansfield-ma/select-board-member,,"Walter L. Wilk, Jr.",verified-current,https://www.mansfieldma.com/312/Select-Board,2026-08-20,
Mansfield,mansfield-ma/select-board-member,,Kostas Loukos,verified-current,https://www.mansfieldma.com/312/Select-Board,2026-08-20,
Mansfield,mansfield-ma/select-board-member,,Mark Corsillo,verified-current,https://www.mansfieldma.com/312/Select-Board,2026-08-20,
Mansfield,mansfield-ma/select-board-member,,Brendan Roche,verified-current,https://www.mansfieldma.com/312/Select-Board,2026-08-20,
Mansfield,mansfield-ma/select-board-member,,Michael Feck,verified-current,https://www.mansfieldma.com/312/Select-Board,2026-08-20,
Mansfield,mansfield-ma/school-committee-member,,Jenn Walsh,verified-current,https://www.mansfieldschools.com/page/members,2026-08-20,
Mansfield,mansfield-ma/school-committee-member,,Jenifer Sellon,verified-current,https://www.mansfieldschools.com/page/members,2026-08-20,
Mansfield,mansfield-ma/school-committee-member,,Lynn Cavicchi,verified-current,https://www.mansfieldschools.com/page/members,2026-08-20,
Mansfield,mansfield-ma/school-committee-member,,Diane Ready,verified-current,https://www.mansfieldschools.com/page/members,2026-08-20,
Mansfield,mansfield-ma/school-committee-member,,Jamie Vitonis,verified-current,https://www.mansfieldschools.com/page/members,2026-08-20,
Mansfield,mansfield-ma/moderator,,D. Austin Horowitz,verified-current,https://www.mansfieldma.com/307/Government-Officials---Local-State-Feder,2026-08-20,
Mansfield,mansfield-ma/regional-school-representative,,Christine Gaze,verified-current,https://www.mansfieldma.com/DocumentCenter/View/11487/Annual-Town-Report-2024-PDF,2026-08-20,
Mansfield,mansfield-ma/housing-authority-member,,,unresolved,https://www.mansfieldma.com/353/Housing-Authority,2026-08-20,"Current municipal roster is available, but elected-vs-tenant seat classification is not reconciled under the M.G.L. c.121B transition; no holder is serialized to the elected post."
Marblehead,marblehead-ma/select-board-member,,Dan Fox,verified-current,https://marbleheadma.gov/wp-content/uploads/2026/04/Annual-Town-Report-2025.pdf,2026-08-20,
Marblehead,marblehead-ma/select-board-member,,Moses Grader,verified-current,https://marbleheadma.gov/wp-content/uploads/2026/04/Annual-Town-Report-2025.pdf,2026-08-20,
Marblehead,marblehead-ma/select-board-member,,James R. Zisson,verified-current,https://marbleheadma.gov/wp-content/uploads/2026/04/Annual-Town-Report-2025.pdf,2026-08-20,
Marblehead,marblehead-ma/select-board-member,,Erin M. Noonan,verified-current,https://marbleheadma.gov/wp-content/uploads/2026/06/Town-election-official-results-June-9-2026.pdf,2026-08-20,
Marblehead,marblehead-ma/select-board-member,,Rossana Ferrante,verified-current,https://marbleheadma.gov/wp-content/uploads/2026/06/Town-election-official-results-June-9-2026.pdf,2026-08-20,
Marblehead,marblehead-ma/moderator,,John G. Attridge,verified-current,https://marbleheadma.gov/wp-content/uploads/2026/06/Town-election-official-results-June-9-2026.pdf,2026-08-20,
Marblehead,marblehead-ma/town-clerk,,Robin A. Michaud,verified-current,https://marbleheadma.gov/wp-content/uploads/2026/04/Annual-Town-Report-2025.pdf,2026-08-20,
Marblehead,marblehead-ma/assessor,,Bryan G. Adams,verified-current,https://marbleheadma.gov/wp-content/uploads/2026/06/Town-election-official-results-June-9-2026.pdf,2026-08-20,
Marblehead,marblehead-ma/assessor,,Jonathan Lederman,verified-current,https://marbleheadma.gov/wp-content/uploads/2026/04/Annual-Town-Report-2025.pdf,2026-08-20,
Marblehead,marblehead-ma/assessor,,Michael V. Cannuscio,verified-current,https://marbleheadma.gov/wp-content/uploads/2026/04/Annual-Town-Report-2025.pdf,2026-08-20,
Marblehead,marblehead-ma/cemetery-commissioner,,David C. Rodgers,verified-current,https://marbleheadma.gov/wp-content/uploads/2026/04/Annual-Town-Report-2025.pdf,2026-08-20,
Marblehead,marblehead-ma/cemetery-commissioner,,Rabbi David J. Meyer,verified-current,https://marbleheadma.gov/wp-content/uploads/2026/06/Town-election-official-results-June-9-2026.pdf,2026-08-20,
Marblehead,marblehead-ma/cemetery-commissioner,,Sally Sands,verified-current,https://marbleheadma.gov/wp-content/uploads/2026/06/Town-election-official-results-June-9-2026.pdf,2026-08-20,
Marblehead,marblehead-ma/board-of-health-member,,Thomas Andrew Massaro,verified-current,https://marbleheadma.gov/wp-content/uploads/2026/04/Annual-Town-Report-2025.pdf,2026-08-20,
Marblehead,marblehead-ma/board-of-health-member,,Amanda R. Ritvo,verified-current,https://marbleheadma.gov/wp-content/uploads/2026/04/Annual-Town-Report-2025.pdf,2026-08-20,
Marblehead,marblehead-ma/board-of-health-member,,Thomas R. McMahon,verified-current,https://marbleheadma.gov/wp-content/uploads/2026/06/Town-election-official-results-June-9-2026.pdf,2026-08-20,
Marblehead,marblehead-ma/board-of-health-member,,Kristin Elizabeth duBay Horton,verified-current,https://marbleheadma.gov/wp-content/uploads/2026/06/Town-election-official-results-June-9-2026.pdf,2026-08-20,
Marblehead,marblehead-ma/board-of-health-member,,Julie B. Selbst,verified-current,https://marbleheadma.gov/wp-content/uploads/2026/06/Town-election-official-results-June-9-2026.pdf,2026-08-20,
Marblehead,marblehead-ma/housing-authority-member,,Kristin Elizabeth duBay Horton,verified-current,https://marbleheadma.gov/wp-content/uploads/2026/06/Town-election-official-results-June-9-2026.pdf,2026-08-20,
Marblehead,marblehead-ma/housing-authority-member,,Theresa M. Tauro,verified-current,https://marbleheadma.gov/wp-content/uploads/2026/04/Annual-Town-Report-2025.pdf,2026-08-20,
Marblehead,marblehead-ma/housing-authority-member,,Jeffrey Richard Weeden,verified-current,https://marbleheadma.gov/wp-content/uploads/2026/06/Town-election-official-results-June-9-2026.pdf,2026-08-20,
Marblehead,marblehead-ma/library-trustee,,"Gary James Amberik, Jr.",verified-current,https://marbleheadma.gov/wp-content/uploads/2026/06/Town-election-official-results-June-9-2026.pdf,2026-08-20,
Marblehead,marblehead-ma/library-trustee,,Katherine H. Barker,verified-current,https://marbleheadma.gov/wp-content/uploads/2026/06/Town-election-official-results-June-9-2026.pdf,2026-08-20,
Marblehead,marblehead-ma/library-trustee,,Marjorie Norman,verified-current,https://marbleheadma.gov/wp-content/uploads/2026/04/Annual-Town-Report-2025.pdf,2026-08-20,
Marblehead,marblehead-ma/library-trustee,,Kathleen A. Waslov,verified-current,https://marbleheadma.gov/wp-content/uploads/2026/04/Annual-Town-Report-2025.pdf,2026-08-20,
Marblehead,marblehead-ma/library-trustee,,David F. Ross,verified-current,https://marbleheadma.gov/wp-content/uploads/2026/04/Annual-Town-Report-2025.pdf,2026-08-20,
Marblehead,marblehead-ma/library-trustee,,John G. Williams,verified-current,https://marbleheadma.gov/wp-content/uploads/2026/04/Annual-Town-Report-2025.pdf,2026-08-20,
Marblehead,marblehead-ma/municipal-light-commissioner,,Simon David Frechette,verified-current,https://marbleheadma.gov/wp-content/uploads/2026/04/Annual-Town-Report-2025.pdf,2026-08-20,
Marblehead,marblehead-ma/municipal-light-commissioner,,Michael A. Hull,verified-current,https://marbleheadma.gov/wp-content/uploads/2026/04/Annual-Town-Report-2025.pdf,2026-08-20,
Marblehead,marblehead-ma/municipal-light-commissioner,,Adam Robert Smith,verified-current,https://marbleheadma.gov/wp-content/uploads/2026/04/Annual-Town-Report-2025.pdf,2026-08-20,
Marblehead,marblehead-ma/municipal-light-commissioner,,Matthew B. Harrington,verified-current,https://marbleheadma.gov/wp-content/uploads/2026/06/Town-election-official-results-June-9-2026.pdf,2026-08-20,
Marblehead,marblehead-ma/municipal-light-commissioner,,Jean-Jacques Yarmoff,verified-current,https://marbleheadma.gov/wp-content/uploads/2026/04/Annual-Town-Report-2025.pdf,2026-08-20,
Marblehead,marblehead-ma/planning-board-member,,Andrew G. Christensen,verified-current,https://marbleheadma.gov/wp-content/uploads/2026/04/Annual-Town-Report-2025.pdf,2026-08-20,
Marblehead,marblehead-ma/planning-board-member,,Barton Hyte,verified-current,https://marbleheadma.gov/wp-content/uploads/2026/06/Town-election-official-results-June-9-2026.pdf,2026-08-20,
Marblehead,marblehead-ma/planning-board-member,,Marc J. Liebman,verified-current,https://marbleheadma.gov/wp-content/uploads/2026/06/Town-election-official-results-June-9-2026.pdf,2026-08-20,
Marblehead,marblehead-ma/planning-board-member,,Edward Nilsson,verified-current,https://marbleheadma.gov/wp-content/uploads/2026/04/Annual-Town-Report-2025.pdf,2026-08-20,
Marblehead,marblehead-ma/planning-board-member,,"Robert J. Schaeffner, Jr.",verified-current,https://marbleheadma.gov/wp-content/uploads/2026/06/Town-election-official-results-June-9-2026.pdf,2026-08-20,
Marblehead,marblehead-ma/recreation-parks-commissioner,,Christopher E. Kennedy,verified-current,https://marbleheadma.gov/wp-content/uploads/2026/06/Town-election-official-results-June-9-2026.pdf,2026-08-20,
Marblehead,marblehead-ma/recreation-parks-commissioner,,Shelly Curran Bedrossian,verified-current,https://marbleheadma.gov/wp-content/uploads/2026/06/Town-election-official-results-June-9-2026.pdf,2026-08-20,
Marblehead,marblehead-ma/recreation-parks-commissioner,,Michael Ryan McCarthy,verified-current,https://marbleheadma.gov/wp-content/uploads/2026/06/Town-election-official-results-June-9-2026.pdf,2026-08-20,
Marblehead,marblehead-ma/recreation-parks-commissioner,,Larry J. Simpson,verified-current,https://marbleheadma.gov/wp-content/uploads/2026/06/Town-election-official-results-June-9-2026.pdf,2026-08-20,
Marblehead,marblehead-ma/recreation-parks-commissioner,,Karin Linnea Ernst,verified-current,https://marbleheadma.gov/wp-content/uploads/2026/06/Town-election-official-results-June-9-2026.pdf,2026-08-20,
Marblehead,marblehead-ma/school-committee-member,,Katherine B. Schmeckpeper,verified-current,https://marbleheadma.gov/wp-content/uploads/2026/04/Annual-Town-Report-2025.pdf,2026-08-20,
Marblehead,marblehead-ma/school-committee-member,,Henry Gwazda,verified-current,https://marbleheadma.gov/wp-content/uploads/2026/04/Annual-Town-Report-2025.pdf,2026-08-20,
Marblehead,marblehead-ma/school-committee-member,,Alfred Williams,verified-current,https://marbleheadma.gov/wp-content/uploads/2026/04/Annual-Town-Report-2025.pdf,2026-08-20,
Marblehead,marblehead-ma/school-committee-member,,Melissa Marie Clucas,verified-current,https://marbleheadma.gov/wp-content/uploads/2026/06/Town-election-official-results-June-9-2026.pdf,2026-08-20,
Marblehead,marblehead-ma/school-committee-member,,Ann Marie Jordan,verified-current,https://marbleheadma.gov/wp-content/uploads/2026/06/Town-election-official-results-June-9-2026.pdf,2026-08-20,
Marblehead,marblehead-ma/water-sewer-commissioner,,Gregory Arthur Bates,verified-current,https://marbleheadma.gov/wp-content/uploads/2026/04/Annual-Town-Report-2025.pdf,2026-08-20,
Marblehead,marblehead-ma/water-sewer-commissioner,,Gregory W. Burt,verified-current,https://marbleheadma.gov/wp-content/uploads/2026/06/Town-election-official-results-June-9-2026.pdf,2026-08-20,
Marblehead,marblehead-ma/water-sewer-commissioner,,Barton Hyte,verified-current,https://marbleheadma.gov/wp-content/uploads/2026/06/Town-election-official-results-June-9-2026.pdf,2026-08-20,
Marblehead,marblehead-ma/water-sewer-commissioner,,Thomas L. Murray,verified-current,https://marbleheadma.gov/wp-content/uploads/2026/04/Annual-Town-Report-2025.pdf,2026-08-20,
Marblehead,marblehead-ma/water-sewer-commissioner,,James T. Maher,verified-current,https://marbleheadma.gov/wp-content/uploads/2026/04/Annual-Town-Report-2025.pdf,2026-08-20,
Marion,marion-ma/select-board-member,,John W. Hoagland,verified-current,https://marionma.gov/209/Select-BoardWater-Sewer-Commissioners,2026-08-20,
Marion,marion-ma/select-board-member,,"Carleton ""Toby"" Burr, Jr.",verified-current,https://marionma.gov/209/Select-BoardWater-Sewer-Commissioners,2026-08-20,
Marion,marion-ma/select-board-member,,Randy L. Parker,verified-current,https://marionma.gov/209/Select-BoardWater-Sewer-Commissioners,2026-08-20,
Marion,marion-ma/assessor,,Peter Winters,verified-current,https://www.marionma.gov/158/Board-of-Assessors,2026-08-20,
Marion,marion-ma/assessor,,Patricia A. DeCosta,verified-current,https://marionma.gov/DocumentCenter/View/2746/Copy-of-Unofficial-ATE-Results?bidId=,2026-08-20,
Marion,marion-ma/assessor,,George T.J. Walker,verified-current,https://www.marionma.gov/158/Board-of-Assessors,2026-08-20,
Marion,marion-ma/board-of-health-member,,Edward P. Hoffer,verified-current,https://www.marionma.gov/DocumentCenter/View/2345/Annual-Report-2024-PDF?bidId=,2026-08-20,
Marion,marion-ma/board-of-health-member,,John B. Howard,verified-current,https://www.marionma.gov/DocumentCenter/View/2345/Annual-Report-2024-PDF?bidId=,2026-08-20,
Marion,marion-ma/board-of-health-member,,Albin R. Johnson III,verified-current,https://marionma.gov/DocumentCenter/View/2746/Copy-of-Unofficial-ATE-Results?bidId=,2026-08-20,
Marion,marion-ma/planning-board-member,,Ryan Burke,verified-current,https://marionma.gov/DocumentCenter/View/2746/Copy-of-Unofficial-ATE-Results?bidId=,2026-08-20,
Marion,marion-ma/planning-board-member,,Ann Voorhees Morgan,verified-current,https://marionma.gov/DocumentCenter/View/2746/Copy-of-Unofficial-ATE-Results?bidId=,2026-08-20,
Marion,marion-ma/planning-board-member,,Sean C. Sweeney,verified-current,https://marionma.gov/DocumentCenter/View/2746/Copy-of-Unofficial-ATE-Results?bidId=,2026-08-20,
Marion,marion-ma/planning-board-member,,Tucker Burr,verified-current,https://www.marionma.gov/DocumentCenter/View/2345/Annual-Report-2024-PDF?bidId=,2026-08-20,
Marion,marion-ma/planning-board-member,,Andrew Daniel,verified-current,https://www.marionma.gov/DocumentCenter/View/2345/Annual-Report-2024-PDF?bidId=,2026-08-20,
Marion,marion-ma/planning-board-member,,Jonathan Henry,verified-current,https://www.marionma.gov/DocumentCenter/View/2345/Annual-Report-2024-PDF?bidId=,2026-08-20,
Marion,marion-ma/planning-board-member,,Alanna Nelson,verified-current,https://www.marionma.gov/DocumentCenter/View/2345/Annual-Report-2024-PDF?bidId=,2026-08-20,
Marion,marion-ma/open-space-acquisition-commission-member,,Norman Hills,verified-current,https://www.marionma.gov/592/Open-Space-Acquisition-Commission,2026-08-20,
Marion,marion-ma/open-space-acquisition-commission-member,,Kitty DeGroot,verified-current,https://www.marionma.gov/592/Open-Space-Acquisition-Commission,2026-08-20,
Marion,marion-ma/open-space-acquisition-commission-member,,Tom Friedman,verified-current,https://www.marionma.gov/592/Open-Space-Acquisition-Commission,2026-08-20,
Marion,marion-ma/open-space-acquisition-commission-member,,John Rockwell,verified-current,https://www.marionma.gov/592/Open-Space-Acquisition-Commission,2026-08-20,
Marion,marion-ma/open-space-acquisition-commission-member,,Adele Sands,verified-current,https://www.marionma.gov/592/Open-Space-Acquisition-Commission,2026-08-20,
Marion,marion-ma/moderator,,Brad Gordon,verified-current,https://www.marionma.gov/DocumentCenter/View/2345/Annual-Report-2024-PDF?bidId=,2026-08-20,
Marion,marion-ma/school-committee-member,,April Nye,verified-current,https://www.oldrochester.org/district/sc,2026-08-20,
Marion,marion-ma/school-committee-member,,Nichole Daniel,verified-current,https://www.oldrochester.org/district/sc,2026-08-20,
Marion,marion-ma/school-committee-member,,Mary Beauregard,verified-current,https://marionma.gov/DocumentCenter/View/2746/Copy-of-Unofficial-ATE-Results?bidId=,2026-08-20,
Marion,marion-ma/school-committee-member,,Nichole Nye McGaffey,verified-current,https://marionma.gov/DocumentCenter/View/2746/Copy-of-Unofficial-ATE-Results?bidId=,2026-08-20,
Marion,marion-ma/school-committee-member,,Michelle Smith,verified-current,https://www.oldrochester.org/district/sc,2026-08-20,
Marion,marion-ma/old-rochester-regional-school-committee-member,,Michelle Smith,verified-current,https://www.oldrochester.org/district/sc,2026-08-20,Appointed by Marion School Committee to fill the current elected-seat vacancy.
Marion,marion-ma/old-rochester-regional-school-committee-member,,Margaret McSweeny,verified-current,https://www.oldrochester.org/district/sc,2026-08-20,
Marion,marion-ma/old-rochester-regional-school-committee-member,,April Nye,verified-current,https://www.oldrochester.org/district/sc,2026-08-20,
Marion,marion-ma/upper-cape-cod-regional-vocational-school-committee-member,,Christine A. Marcolini,verified-current,https://www.marionma.gov/DocumentCenter/View/2345/Annual-Report-2024-PDF?bidId=,2026-08-20,
Marlborough,marlborough-ma/mayor,,J. Christian Dumais,verified-current,https://www.marlborough-ma.gov/DocumentCenter/View/3476/2025-11-04-Municipal-Election-Results,2026-08-20,
Marlborough,marlborough-ma/city-council-member,At-Large,Michael H. Ossing,verified-current,https://www.marlborough-ma.gov/387/City-Council,2026-08-20,
Marlborough,marlborough-ma/city-council-member,At-Large,Sean A. Navin,verified-current,https://www.marlborough-ma.gov/387/City-Council,2026-08-20,
Marlborough,marlborough-ma/city-council-member,At-Large,Mark A. Oram,verified-current,https://www.marlborough-ma.gov/387/City-Council,2026-08-20,
Marlborough,marlborough-ma/city-council-member,At-Large,Kathleen D. Robey,verified-current,https://www.marlborough-ma.gov/387/City-Council,2026-08-20,
Marlborough,marlborough-ma/city-council-member,Ward 1,Mark A. Vital,verified-current,https://www.marlborough-ma.gov/387/City-Council,2026-08-20,
Marlborough,marlborough-ma/city-council-member,Ward 2,David Doucette,verified-current,https://www.marlborough-ma.gov/387/City-Council,2026-08-20,
Marlborough,marlborough-ma/city-council-member,Ward 3,Robert Preciado,verified-current,https://www.marlborough-ma.gov/387/City-Council,2026-08-20,
Marlborough,marlborough-ma/city-council-member,Ward 4,Heather M. Gould,verified-current,https://www.marlborough-ma.gov/387/City-Council,2026-08-20,
Marlborough,marlborough-ma/city-council-member,Ward 5,John J. Irish,verified-current,https://www.marlborough-ma.gov/387/City-Council,2026-08-20,
Marlborough,marlborough-ma/city-council-member,Ward 6,A. Trey Fuccillo,verified-current,https://www.marlborough-ma.gov/387/City-Council,2026-08-20,
Marlborough,marlborough-ma/city-council-member,Ward 7,Matthew Sargent,verified-current,https://www.marlborough-ma.gov/387/City-Council,2026-08-20,
Marlborough,marlborough-ma/school-committee-member,,Michelle Bodin-Hettinger,verified-current,https://www.mps-edu.org/page/school-committee,2026-08-20,
Marlborough,marlborough-ma/school-committee-member,,Daniel Caruso,verified-current,https://www.mps-edu.org/page/school-committee,2026-08-20,
Marlborough,marlborough-ma/school-committee-member,,Earl Geary,verified-current,https://www.mps-edu.org/page/school-committee,2026-08-20,
Marlborough,marlborough-ma/school-committee-member,,Katherine Hennessy,verified-current,https://www.mps-edu.org/page/school-committee,2026-08-20,
Marlborough,marlborough-ma/school-committee-member,,Denise Ryan,verified-current,https://www.mps-edu.org/page/school-committee,2026-08-20,
Marlborough,marlborough-ma/school-committee-member,,Chris DeMeo,verified-current,https://www.mps-edu.org/page/school-committee,2026-08-20,Appointed in 2025 to fill the elected-seat vacancy through December 2027.
Marshfield,marshfield-ma/select-board-member,,Rick Smith,verified-current,https://959watd.com/blog/2026/05/smith-wins-marshfield-select-board-seat/,2026-08-20,
Marshfield,marshfield-ma/select-board-member,,Eric Kelley,verified-current,https://masscivics.com/marshfield/city-council/,2026-08-20,
Marshfield,marshfield-ma/select-board-member,,Chris Rohland,verified-current,https://masscivics.com/marshfield/city-council/,2026-08-20,
Marshfield,marshfield-ma/assessor,,Nicholas Giaquinto,verified-current,https://www.southshore.news/p/new-leadership-for-marshfield-select,2026-08-20,
Marshfield,marshfield-ma/assessor,,,unresolved,https://ecode360.com/30029163,2026-08-20,Two additional current assessor seats were not independently reconciled in this batch.
Marshfield,marshfield-ma/board-of-health-member,,Paul Armstrong,verified-current,https://www.southshore.news/p/new-leadership-for-marshfield-select,2026-08-20,
Marshfield,marshfield-ma/board-of-health-member,,Tyler W. Nims,verified-current,https://www.marshfield-ma.gov/Documents/Government/Boards%20Commissions/Town%20Meeting/marshfield_tr_23_web_cc.pdf,2026-08-20,
Marshfield,marshfield-ma/board-of-health-member,,,unresolved,https://ecode360.com/30029163,2026-08-20,One current Board of Health seat remains to be reconciled.
Marshfield,marshfield-ma/board-of-public-works-member,,Robert Shaughnessy,verified-current,https://www.southshore.news/p/new-leadership-for-marshfield-select,2026-08-20,
Marshfield,marshfield-ma/board-of-public-works-member,,Diane Jordan,verified-current,https://www.marshfield-ma.gov/Documents/Government/Boards%20Commissions/Town%20Meeting/marshfield_tr_23_web_cc.pdf,2026-08-20,
Marshfield,marshfield-ma/board-of-public-works-member,,,unresolved,https://ecode360.com/30029163,2026-08-20,One current Board of Public Works seat remains to be reconciled.
Marshfield,marshfield-ma/planning-board-member,,"Michael Biviano, Jr.",verified-current,https://www.southshore.news/p/new-leadership-for-marshfield-select,2026-08-20,
Marshfield,marshfield-ma/planning-board-member,,Fred Monaco,verified-current,https://www.marshfield-ma.gov/Documents/Government/Boards%20Commissions/Town%20Meeting/marshfield_tr_23_web_cc.pdf,2026-08-20,
Marshfield,marshfield-ma/planning-board-member,,Nikolas P. Pappastratis,verified-current,https://www.marshfield-ma.gov/Documents/Government/Boards%20Commissions/Town%20Meeting/marshfield_tr_23_web_cc.pdf,2026-08-20,
Marshfield,marshfield-ma/planning-board-member,,Katharine A. O’Donnell,verified-current,https://www.marshfield-ma.gov/Documents/Government/Boards%20Commissions/Town%20Meeting/marshfield_tr_23_web_cc.pdf,2026-08-20,
Marshfield,marshfield-ma/planning-board-member,,,unresolved,https://ecode360.com/30029163,2026-08-20,Fifth current Planning Board member not independently reconciled.
Marshfield,marshfield-ma/school-committee-member,,Lara Brait,verified-current,https://www.southshore.news/p/new-leadership-for-marshfield-select,2026-08-20,
Marshfield,marshfield-ma/school-committee-member,,Richard J. Greer,verified-current,https://www.southshore.news/p/new-leadership-for-marshfield-select,2026-08-20,
Marshfield,marshfield-ma/school-committee-member,,Lauren Dargan,verified-current,https://www.marshfield-ma.gov/Documents/Government/Boards%20Commissions/Town%20Meeting/marshfield_tr_23_web_cc.pdf,2026-08-20,
Marshfield,marshfield-ma/school-committee-member,,,unresolved,https://ecode360.com/30029163,2026-08-20,Two additional current School Committee seats remain to be reconciled.
Marshfield,marshfield-ma/veterans-memorial-trustee,,Janine Vaughan,verified-current,https://www.southshore.news/p/new-leadership-for-marshfield-select,2026-08-20,
Marshfield,marshfield-ma/veterans-memorial-trustee,,Heather White,verified-current,https://www.southshore.news/p/new-leadership-for-marshfield-select,2026-08-20,
Marshfield,marshfield-ma/veterans-memorial-trustee,,Joshua Summers,verified-current,https://www.southshore.news/p/new-leadership-for-marshfield-select,2026-08-20,
Marshfield,marshfield-ma/veterans-memorial-trustee,,,unresolved,https://ecode360.com/30029163,2026-08-20,Two additional current Veterans Memorial trustee seats remain to be reconciled.
Marshfield,marshfield-ma/moderator,,James Fitzgerald,verified-current,https://www.marshfield-ma.gov/Documents/Government/Boards%20Commissions/Town%20Meeting/marshfield_tr_23_web_cc.pdf,2026-08-20,
Marshfield,marshfield-ma/town-clerk,,,unresolved,https://ecode360.com/30029163,2026-08-20,Current Town Clerk holder not independently reconciled after the prior term cycle.
Marshfield,marshfield-ma/housing-authority-member,,,unresolved,https://malegislature.gov/Laws/GeneralLaws/PartI/TitleXVII/Chapter121b/Section5,2026-08-20,Holder classification blocked by c.121B transition reconciliation.
Mashpee,mashpee-ma/select-board-member,,John J. Cotton,verified-current,https://mashpeema.gov/1433/Select-Board,2026-08-20,
Mashpee,mashpee-ma/select-board-member,,Tracy Wilson,verified-current,https://mashpeema.gov/1433/Select-Board,2026-08-20,
Mashpee,mashpee-ma/select-board-member,,Michael Richardson,verified-current,https://mashpeema.gov/1433/Select-Board,2026-08-20,
Mashpee,mashpee-ma/select-board-member,,David W. Weeden,verified-current,https://mashpeema.gov/1433/Select-Board,2026-08-20,
Mashpee,mashpee-ma/select-board-member,,Michaela Wyman-Colombo,verified-current,https://mashpeema.gov/1433/Select-Board,2026-08-20,
Mashpee,mashpee-ma/school-committee-member,,Brian Weeden,verified-current,https://www.mashpeema.gov/1435/School-Committees,2026-08-20,
Mashpee,mashpee-ma/school-committee-member,,Cathy Lewis,verified-current,https://www.mashpeema.gov/1435/School-Committees,2026-08-20,
Mashpee,mashpee-ma/school-committee-member,,Kelly Robson,verified-current,https://www.mashpeema.gov/1435/School-Committees,2026-08-20,
Mashpee,mashpee-ma/school-committee-member,,Camille Madison,verified-current,https://www.mashpeema.gov/1435/School-Committees,2026-08-20,
Mashpee,mashpee-ma/school-committee-member,,Erica Andrade,verified-current,https://www.mashpeema.gov/1435/School-Committees,2026-08-20,
Mashpee,mashpee-ma/town-clerk,,Jessica Colpitts,verified-current,https://www.mashpeema.gov/1205/Town-Clerk,2026-08-20,
Mashpee,mashpee-ma/library-trustee,,Kate E. Milde,verified-current,https://www.mashpeema.gov/town-clerk/files/may-10-2025-annual-town-election-unofficial-results,2026-08-20,
Mashpee,mashpee-ma/library-trustee,,Mary J. LeClair,verified-current,https://www.mashpeema.gov/town-clerk/files/may-10-2025-annual-town-election-unofficial-results,2026-08-20,
Mashpee,mashpee-ma/library-trustee,,,unresolved,https://mashpeema.gov/DocumentCenter/View/4928/Charter-as-of-2026,2026-08-20,Five additional current Library Trustee seats were not fully reconciled after the 2026 four-seat election.
Mashpee,mashpee-ma/moderator,,John W. Miller,verified-current,https://www.mashpeema.gov/town-clerk/files/may-10-2025-annual-town-election-unofficial-results,2026-08-20,
Mashpee,mashpee-ma/planning-board-member,,Mary Waygan,verified-current,https://www.mashpeema.gov/1436/Planning-Board,2026-08-20,
Mashpee,mashpee-ma/planning-board-member,,Michael Milbury,verified-current,https://www.mashpeema.gov/1436/Planning-Board,2026-08-20,
Mashpee,mashpee-ma/planning-board-member,,Robert Hansen,verified-current,https://www.mashpeema.gov/1436/Planning-Board,2026-08-20,
Mashpee,mashpee-ma/planning-board-member,,Dennis H. Balzarini,verified-current,https://www.mashpeema.gov/1436/Planning-Board,2026-08-20,
Mashpee,mashpee-ma/planning-board-member,,Karen Faulkner,verified-current,https://www.mashpeema.gov/1436/Planning-Board,2026-08-20,
Mashpee,mashpee-ma/planning-board-associate-member,,,vacant,https://www.mashpeema.gov/1436/Planning-Board,2026-08-20,Current official Planning Board page explicitly lists the elected Associate Member position as vacant.
Mashpee,mashpee-ma/water-commissioner,,,unresolved,https://www.mashpeema.gov/DocumentCenter/View/4144,2026-08-20,Current Water District commissioner holder identities were not independently confirmed in this batch.
Mashpee,mashpee-ma/housing-authority-member,,,unresolved,https://malegislature.gov/Laws/GeneralLaws/PartI/TitleXVII/Chapter121b/Section5,2026-08-20,Current holder cannot be serialized until elected-vs-tenant/state transition classification is reconciled.
Mattapoisett,mattapoisett-ma/select-board-member,,Jodi L. Bauer,verified-current,https://mattapoisett.gov/317/Select-Board,2026-08-20,
Mattapoisett,mattapoisett-ma/select-board-member,,Jordan C. Collyer,verified-current,https://mattapoisett.gov/317/Select-Board,2026-08-20,
Mattapoisett,mattapoisett-ma/select-board-member,,Nicole Doyon Lynch,verified-current,https://mattapoisett.gov/317/Select-Board,2026-08-20,
Mattapoisett,mattapoisett-ma/select-board-member,,Judy Mooney,verified-current,https://mattapoisett.gov/317/Select-Board,2026-08-20,
Mattapoisett,mattapoisett-ma/select-board-member,,Frances-Feliz Kearns,verified-current,https://mattapoisett.gov/317/Select-Board,2026-08-20,
Mattapoisett,mattapoisett-ma/assessor,,Alan Apperson,verified-current,https://www.mattapoisett.gov/257/Board-of-Assessors,2026-08-20,
Mattapoisett,mattapoisett-ma/assessor,,Cary LeBlanc,verified-current,https://www.mattapoisett.gov/257/Board-of-Assessors,2026-08-20,
Mattapoisett,mattapoisett-ma/assessor,,Raymond Andrews,verified-current,https://www.mattapoisett.gov/257/Board-of-Assessors,2026-08-20,
Mattapoisett,mattapoisett-ma/board-of-health-member,,Michele Bernier,verified-current,https://www.mattapoisett.gov/258/Board-of-Health,2026-08-20,
Mattapoisett,mattapoisett-ma/board-of-health-member,,Carmelo Nicolosi,verified-current,https://www.mattapoisett.gov/258/Board-of-Health,2026-08-20,
Mattapoisett,mattapoisett-ma/board-of-health-member,,Kathy Eklund,verified-current,https://www.mattapoisett.gov/258/Board-of-Health,2026-08-20,
Mattapoisett,mattapoisett-ma/school-committee-member,,James Muse,verified-current,https://www.oldrochester.org/district/sc,2026-08-20,
Mattapoisett,mattapoisett-ma/school-committee-member,,Cristin Cowles,verified-current,https://www.oldrochester.org/district/sc,2026-08-20,
Mattapoisett,mattapoisett-ma/school-committee-member,,Mackenzie Emmons,verified-current,https://www.oldrochester.org/district/sc,2026-08-20,
Mattapoisett,mattapoisett-ma/school-committee-member,,Jack LeBrun,verified-current,https://www.oldrochester.org/district/sc,2026-08-20,
Mattapoisett,mattapoisett-ma/school-committee-member,,Margaret Pullo Breese,verified-current,https://www.oldrochester.org/district/sc,2026-08-20,
Mattapoisett,mattapoisett-ma/old-rochester-regional-school-committee-member,,James Muse,verified-current,https://www.mattapoisett.gov/328/ORR-District-School-Committee,2026-08-20,
Mattapoisett,mattapoisett-ma/old-rochester-regional-school-committee-member,,Frances Kearns,verified-current,https://www.mattapoisett.gov/328/ORR-District-School-Committee,2026-08-20,
Mattapoisett,mattapoisett-ma/old-rochester-regional-school-committee-member,,Betsy Stewart,verified-current,https://www.mattapoisett.gov/328/ORR-District-School-Committee,2026-08-20,
Mattapoisett,mattapoisett-ma/library-trustee,,Ruth Jolliffe,verified-current,https://mattapoisett.gov/314/Library-Trustees,2026-08-20,
Mattapoisett,mattapoisett-ma/library-trustee,,Michael F. Rosa,verified-current,https://mattapoisett.gov/314/Library-Trustees,2026-08-20,
Mattapoisett,mattapoisett-ma/library-trustee,,William Hollis Coquillette,verified-current,https://mattapoisett.gov/314/Library-Trustees,2026-08-20,
Mattapoisett,mattapoisett-ma/library-trustee,,William Osier,verified-current,https://mattapoisett.gov/314/Library-Trustees,2026-08-20,
Mattapoisett,mattapoisett-ma/library-trustee,,Elizabeth Sylvia,verified-current,https://mattapoisett.gov/314/Library-Trustees,2026-08-20,
Mattapoisett,mattapoisett-ma/library-trustee,,Jeanne Hopkins,verified-current,https://mattapoisett.gov/314/Library-Trustees,2026-08-20,
Mattapoisett,mattapoisett-ma/water-sewer-commissioner,,Daniel W. Chase,verified-current,https://mattapoisett.gov/345/Water-Sewer-Commissioners,2026-08-20,
Mattapoisett,mattapoisett-ma/water-sewer-commissioner,,Albert Meninno Jr,verified-current,https://mattapoisett.gov/345/Water-Sewer-Commissioners,2026-08-20,
Mattapoisett,mattapoisett-ma/water-sewer-commissioner,,Dana Barrows,verified-current,https://mattapoisett.gov/345/Water-Sewer-Commissioners,2026-08-20,
Mattapoisett,mattapoisett-ma/planning-board-member,,Thomas M. Tucker,verified-current,https://mattapoisett.gov/329/Planning-Board,2026-08-20,
Mattapoisett,mattapoisett-ma/planning-board-member,,Nathan Ketchel,verified-current,https://mattapoisett.gov/329/Planning-Board,2026-08-20,
Mattapoisett,mattapoisett-ma/planning-board-member,,Karen Field,verified-current,https://mattapoisett.gov/329/Planning-Board,2026-08-20,
Mattapoisett,mattapoisett-ma/planning-board-member,,John Mathieu,verified-current,https://mattapoisett.gov/329/Planning-Board,2026-08-20,
Mattapoisett,mattapoisett-ma/planning-board-member,,William Wennerberg,verified-current,https://mattapoisett.gov/329/Planning-Board,2026-08-20,
Mattapoisett,mattapoisett-ma/community-preservation-committee-elected-member,,Michelle Hughes,verified-current,https://www.mattapoisett.gov/263/Community-Preservation-Committee,2026-08-20,
Mattapoisett,mattapoisett-ma/community-preservation-committee-elected-member,,Chuck McCullough,verified-current,https://www.mattapoisett.gov/263/Community-Preservation-Committee,2026-08-20,
Mattapoisett,mattapoisett-ma/community-preservation-committee-elected-member,,Susan Wilbur,verified-current,https://www.mattapoisett.gov/263/Community-Preservation-Committee,2026-08-20,
Mattapoisett,mattapoisett-ma/community-preservation-committee-elected-member,,James Pierson,verified-current,https://www.mattapoisett.gov/263/Community-Preservation-Committee,2026-08-20,
Mattapoisett,mattapoisett-ma/moderator,,Lizanne Capper Campbell,verified-current,https://www.mattapoisett.gov/584/2026-Annual-Town-Election-Information,2026-08-20,
Mattapoisett,mattapoisett-ma/highway-surveyor,,Garrett M. Bauer,verified-current,https://www.mattapoisett.gov/188/Highway-Department,2026-08-20,
Mattapoisett,mattapoisett-ma/town-clerk,,Catherine Louise Heuberger,verified-current,https://www.mattapoisett.gov/584/2026-Annual-Town-Election-Information,2026-08-20,
Mattapoisett,mattapoisett-ma/housing-authority-member,,,unresolved,https://malegislature.gov/Laws/GeneralLaws/PartI/TitleXVII/Chapter121b/Section5,2026-08-20,Current elected-seat identity held unresolved pending statutory transition reconciliation.
Maynard,maynard-ma/select-board-member,,Mike Stevens,verified-current,https://www.townofmaynard-ma.gov/261/Select-Board,2026-08-20,
Maynard,maynard-ma/select-board-member,,Lindsay McConchie,verified-current,https://www.townofmaynard-ma.gov/261/Select-Board,2026-08-20,
Maynard,maynard-ma/select-board-member,,Chris DiSilva,verified-current,https://www.townofmaynard-ma.gov/261/Select-Board,2026-08-20,
Maynard,maynard-ma/select-board-member,,David Gavin,verified-current,https://www.townofmaynard-ma.gov/261/Select-Board,2026-08-20,
Maynard,maynard-ma/select-board-member,,Jeffrey Swanberg,verified-current,https://www.townofmaynard-ma.gov/261/Select-Board,2026-08-20,
Maynard,maynard-ma/school-committee-member,,Maro Hogan,verified-current,https://townofmaynard-ma.gov/AgendaCenter/ViewFile/Agenda/_07232026-2180,2026-08-20,
Maynard,maynard-ma/school-committee-member,,Mary Brannelly,verified-current,https://townofmaynard-ma.gov/AgendaCenter/ViewFile/Agenda/_07232026-2180,2026-08-20,
Maynard,maynard-ma/school-committee-member,,Bryan Delaney,verified-current,https://townofmaynard-ma.gov/AgendaCenter/ViewFile/Agenda/_07232026-2180,2026-08-20,
Maynard,maynard-ma/school-committee-member,,Alexis Fishbone,verified-current,https://townofmaynard-ma.gov/AgendaCenter/ViewFile/Agenda/_07232026-2180,2026-08-20,
Maynard,maynard-ma/school-committee-member,,Hilary Griffiths,verified-current,https://townofmaynard-ma.gov/AgendaCenter/ViewFile/Agenda/_07232026-2180,2026-08-20,
Maynard,maynard-ma/library-trustee,,Richard L. Pepin,verified-current,https://www.townofmaynard-ma.gov/m/newsflash/Home/Detail/522,2026-08-20,
Maynard,maynard-ma/library-trustee,,Jane Healy,verified-current,https://www.townofmaynard-ma.gov/ArchiveCenter/ViewFile/Item/371,2026-08-20,
Maynard,maynard-ma/library-trustee,,Wade Rees,verified-current,https://www.townofmaynard-ma.gov/ArchiveCenter/ViewFile/Item/371,2026-08-20,
Maynard,maynard-ma/moderator,,"Richard ""Dick"" Downey",verified-current,https://www.townofmaynard-ma.gov/DocumentCenter/View/4386/Presentation-for-Annual-Town-Meeting-May-18-2026,2026-08-20,
Maynard,maynard-ma/regional-vocational-school-committee-member,,Pamela Reiniger,verified-current,https://www.townofmaynard-ma.gov/ArchiveCenter/ViewFile/Item/371,2026-08-20,
Maynard,maynard-ma/housing-authority-member,,Matt Preys,verified-current,https://www.townofmaynard-ma.gov/296/Housing-Authority,2026-08-20,
Maynard,maynard-ma/housing-authority-member,,Patrick Greene,verified-current,https://www.townofmaynard-ma.gov/296/Housing-Authority,2026-08-20,
Maynard,maynard-ma/housing-authority-member,,Mike Chambers,verified-current,https://www.townofmaynard-ma.gov/296/Housing-Authority,2026-08-20,
Medfield,medfield-ma/select-board-member,,Osler Peterson,verified-current,https://town.medfield.net/293/Select-Board,2026-08-20,
Medfield,medfield-ma/select-board-member,,Eileen Murphy,verified-current,https://town.medfield.net/293/Select-Board,2026-08-20,
Medfield,medfield-ma/select-board-member,,Gus Murby,verified-current,https://town.medfield.net/293/Select-Board,2026-08-20,
Medfield,medfield-ma/assessor,,Kenneth L. Manning,verified-current,https://www.town.medfield.net/257/Board-of-Assessors,2026-08-20,
Medfield,medfield-ma/assessor,,Michael Rose,verified-current,https://www.town.medfield.net/257/Board-of-Assessors,2026-08-20,
Medfield,medfield-ma/assessor,,William Gallagher,verified-current,https://www.town.medfield.net/257/Board-of-Assessors,2026-08-20,
Medfield,medfield-ma/school-committee-member,,Michelle Kirkby,verified-current,https://www.town.medfield.net/AgendaCenter/ViewFile/Minutes/_05142026-4911,2026-08-20,
Medfield,medfield-ma/school-committee-member,,Leo Brehm,verified-current,https://www.town.medfield.net/AgendaCenter/ViewFile/Minutes/_05142026-4911,2026-08-20,
Medfield,medfield-ma/school-committee-member,,Sophia Viglas,verified-current,https://www.town.medfield.net/AgendaCenter/ViewFile/Minutes/_05142026-4911,2026-08-20,
Medfield,medfield-ma/school-committee-member,,Michael McCabe,verified-current,https://www.town.medfield.net/AgendaCenter/ViewFile/Minutes/_05142026-4911,2026-08-20,
Medfield,medfield-ma/school-committee-member,,Roseli Weiss,verified-current,https://www.town.medfield.net/AgendaCenter/ViewFile/Minutes/_05142026-4911,2026-08-20,
Medfield,medfield-ma/planning-board-member,,Teresa James,verified-current,https://www.town.medfield.net/240/Planning-Board,2026-08-20,
Medfield,medfield-ma/planning-board-member,,Seth Meehan,verified-current,https://www.town.medfield.net/240/Planning-Board,2026-08-20,
Medfield,medfield-ma/planning-board-member,,Paul McKechnie,verified-current,https://www.town.medfield.net/240/Planning-Board,2026-08-20,
Medfield,medfield-ma/planning-board-member,,Doug Larence,verified-current,https://www.town.medfield.net/240/Planning-Board,2026-08-20,
Medfield,medfield-ma/planning-board-member,,Corinne Schieffer,verified-current,https://www.town.medfield.net/240/Planning-Board,2026-08-20,Appointed to fill an elected-seat vacancy through the 2026 term.
Medfield,medfield-ma/park-recreation-commissioner,,Lauren Beitelspacher,verified-current,https://www.town.medfield.net/AgendaCenter/ViewFile/Minutes/_01082025-4286,2026-08-20,
Medfield,medfield-ma/park-recreation-commissioner,,Nick Brown,verified-current,https://www.town.medfield.net/AgendaCenter/ViewFile/Minutes/_01082025-4286,2026-08-20,
Medfield,medfield-ma/park-recreation-commissioner,,Rob Tatro,verified-current,https://www.town.medfield.net/AgendaCenter/ViewFile/Minutes/_01082025-4286,2026-08-20,
Medfield,medfield-ma/park-recreation-commissioner,,Tim Walsh,verified-current,https://www.town.medfield.net/AgendaCenter/ViewFile/Minutes/_01082025-4286,2026-08-20,
Medfield,medfield-ma/park-recreation-commissioner,,,unresolved,https://www.town.medfield.net/2036/Election-Results,2026-08-20,Fifth current Park & Recreation Commission seat not independently reconciled in this batch.
Medfield,medfield-ma/moderator,,Mike Pastore,verified-current,https://www.town.medfield.net/2483/2026-Annual-Town-Meeting,2026-08-20,
Medfield,medfield-ma/town-clerk,,Marion Bonoldi,verified-current,https://www.town.medfield.net/2483/2026-Annual-Town-Meeting,2026-08-20,
Medfield,medfield-ma/library-trustee,,,unresolved,https://www.town.medfield.net/2036/Election-Results,2026-08-20,Six-member current Library Trustee roster not fully reconciled in this batch.
Medfield,medfield-ma/trust-fund-commissioner,,,unresolved,https://www.town.medfield.net/2036/Election-Results,2026-08-20,Three current Trust Fund Commissioners not fully reconciled in this batch.
Medfield,medfield-ma/housing-authority-member,,,unresolved,https://malegislature.gov/Laws/GeneralLaws/PartI/TitleXVII/Chapter121b/Section5,2026-08-20,Current holder classification remains transition-unresolved.
Medford,medford-ma/mayor,,Breanna Lungo-Koehn,verified-current,https://www.medfordma.org/mayors-office/,2026-08-20,
Medford,medford-ma/city-council-member,,Isaac B. “Zac” Bears,verified-current,https://www.medfordma.org/citycouncil,2026-08-20,
Medford,medford-ma/city-council-member,,Emily Lazzaro,verified-current,https://www.medfordma.org/citycouncil,2026-08-20,
Medford,medford-ma/city-council-member,,Anna Callahan,verified-current,https://www.medfordma.org/citycouncil,2026-08-20,
Medford,medford-ma/city-council-member,,Matt Leming,verified-current,https://www.medfordma.org/citycouncil,2026-08-20,
Medford,medford-ma/city-council-member,,Liz Mullane,verified-current,https://www.medfordma.org/citycouncil,2026-08-20,
Medford,medford-ma/city-council-member,,George A. Scarpelli,verified-current,https://www.medfordma.org/citycouncil,2026-08-20,
Medford,medford-ma/city-council-member,,Justin Tseng,verified-current,https://www.medfordma.org/citycouncil,2026-08-20,
Medford,medford-ma/school-committee-member,,Jessica Parks,verified-current,https://www.mps02155.org/about/school-committee,2026-08-20,
Medford,medford-ma/school-committee-member,,Jenny Graham,verified-current,https://www.mps02155.org/about/school-committee,2026-08-20,
Medford,medford-ma/school-committee-member,,Mike Mastrobuoni,verified-current,https://www.mps02155.org/about/school-committee,2026-08-20,
Medford,medford-ma/school-committee-member,,Aaron Olapade,verified-current,https://www.mps02155.org/about/school-committee,2026-08-20,
Medford,medford-ma/school-committee-member,,Erika Reinfeld,verified-current,https://www.mps02155.org/about/school-committee,2026-08-20,
Medford,medford-ma/school-committee-member,,Paul Ruseau,verified-current,https://www.mps02155.org/about/school-committee,2026-08-20,
Medway,medway-ma/select-board-member,,Dennis Crowley,verified-current,https://medwayma.gov/select-board/,2026-08-20,
Medway,medway-ma/select-board-member,,Maryjane White,verified-current,https://medwayma.gov/select-board/,2026-08-20,
Medway,medway-ma/select-board-member,,Frank Rossi,verified-current,https://medwayma.gov/select-board/,2026-08-20,
Medway,medway-ma/select-board-member,,Glenn Trindade,verified-current,https://medwayma.gov/select-board/,2026-08-20,
Medway,medway-ma/select-board-member,,Todd Alessandri,verified-current,https://medwayma.gov/select-board/,2026-08-20,
Medway,medway-ma/moderator,,Christina Oster,verified-current,https://medwayma.gov/news-and-notices/town-election-results/,2026-08-20,
Medway,medway-ma/school-committee-member,,Cindy Sullivan,verified-current,https://www.medwayschools.org/page/school-committee,2026-08-20,
Medway,medway-ma/school-committee-member,,Lauren Nassiff,verified-current,https://www.medwayschools.org/page/school-committee,2026-08-20,
Medway,medway-ma/school-committee-member,,Melissa Greenfield,verified-current,https://www.medwayschools.org/page/school-committee,2026-08-20,
Medway,medway-ma/school-committee-member,,Kailene Simon,verified-current,https://www.medwayschools.org/page/school-committee,2026-08-20,
Medway,medway-ma/school-committee-member,,Preston Gales,verified-current,https://www.medwayschools.org/page/school-committee,2026-08-20,
Medway,medway-ma/library-trustee,,Naomi Price,verified-current,https://www.medwaylib.org/library-trustees/,2026-08-20,
Medway,medway-ma/library-trustee,,Nicole Haberman,verified-current,https://www.medwaylib.org/library-trustees/,2026-08-20,
Medway,medway-ma/library-trustee,,Nutan Mathew,verified-current,https://www.medwaylib.org/library-trustees/,2026-08-20,
Medway,medway-ma/library-trustee,,Susan Alessandri,verified-current,https://www.medwaylib.org/library-trustees/,2026-08-20,
Medway,medway-ma/library-trustee,,,unresolved,https://medwayma.gov/2026-town-election-nomination-papers/,2026-08-20,"The fifth trustee seat was contested in the May 19, 2026 election (incumbent Lisa Sheehan and Tara Rice); a complete official result was not located, so no winner is inferred."
Medway,medway-ma/planning-economic-development-board-member,,Andy Rodenhiser,verified-current,https://medwayma.gov/planning-economic-development-board/,2026-08-20,
Medway,medway-ma/planning-economic-development-board-member,,Sarah Raposa,verified-current,https://medwayma.gov/planning-economic-development-board/,2026-08-20,
Medway,medway-ma/planning-economic-development-board-member,,Timothy Harris,verified-current,https://medwayma.gov/planning-economic-development-board/,2026-08-20,
Medway,medway-ma/planning-economic-development-board-member,,John Parlee,verified-current,https://medwayma.gov/planning-economic-development-board/,2026-08-20,
Medway,medway-ma/planning-economic-development-board-member,,Janine Clifford,verified-current,https://medwayma.gov/planning-economic-development-board/,2026-08-20,
Medway,medway-ma/board-of-health-elected-member,,Caryn Metzger-Smith,verified-current,https://www.medwayma.gov/board-of-health/,2026-08-20,
Medway,medway-ma/board-of-health-elected-member,,Cristina St. Pierre,verified-current,https://www.medwayma.gov/board-of-health/,2026-08-20,
Medway,medway-ma/board-of-health-elected-member,,Amie Rotondi,verified-current,https://www.medwayma.gov/board-of-health/,2026-08-20,
Medway,medway-ma/water-sewer-advisory-board-elected-member,,Leo O'Rourke,verified-current,https://www.medwayma.gov/dpw-water-sewer/,2026-08-20,
Medway,medway-ma/water-sewer-advisory-board-elected-member,,Tracy Stewart,verified-current,https://www.medwayma.gov/dpw-water-sewer/,2026-08-20,
Medway,medway-ma/water-sewer-advisory-board-elected-member,,David Dwyer,verified-current,https://www.medwayma.gov/dpw-water-sewer/,2026-08-20,
Medway,medway-ma/housing-authority-member,,Carl M. Rice,verified-current,https://medwayma.gov/housing-authority/,2026-08-20,
Medway,medway-ma/housing-authority-member,,Rita S. Larrabee,verified-current,https://medwayma.gov/housing-authority/,2026-08-20,
Medway,medway-ma/housing-authority-member,,Linda Donahue,verified-current,https://medwayma.gov/housing-authority/,2026-08-20,
Medway,medway-ma/parks-commission-elected-member,,Debi Rossi,verified-current,https://medwayma.gov/dpw-parks-commission/,2026-08-20,
Medway,medway-ma/parks-commission-elected-member,,Richard D'Innocenzo,verified-current,https://medwayma.gov/dpw-parks-commission/,2026-08-20,
Medway,medway-ma/parks-commission-elected-member,,,unresolved,https://medwayma.gov/2026-town-election-nomination-papers/,2026-08-20,"One elected Parks Commission seat was on the May 19, 2026 ballot; candidate Tim Rice was listed, but a complete official election result was not located, so the current holder is not inferred."
Medway,medway-ma/redevelopment-authority-member,,Andy Rodenhiser,verified-current,https://medwayma.gov/redevelopment-authority/,2026-08-20,
Medway,medway-ma/redevelopment-authority-member,,Douglas Downing,verified-current,https://medwayma.gov/redevelopment-authority/,2026-08-20,
Medway,medway-ma/redevelopment-authority-member,,Michael Griffin,verified-current,https://medwayma.gov/redevelopment-authority/,2026-08-20,
Medway,medway-ma/redevelopment-authority-member,,Rori Stumpf,verified-current,https://medwayma.gov/redevelopment-authority/,2026-08-20,
Melrose,melrose-ma/mayor,,Jennifer Grigoraitis,verified-current,https://www.cityofmelrose.org/196/Mayor,2026-08-20,
Melrose,melrose-ma/city-council-member,,Jason Chen,verified-current,https://www.cityofmelrose.org/513/City-Council,2026-08-20,
Melrose,melrose-ma/city-council-member,,Elizabeth Kowal,verified-current,https://www.cityofmelrose.org/513/City-Council,2026-08-20,
Melrose,melrose-ma/city-council-member,,Maya Jamaleddine,verified-current,https://www.cityofmelrose.org/513/City-Council,2026-08-20,
Melrose,melrose-ma/city-council-member,,Ryan Williams,verified-current,https://www.cityofmelrose.org/513/City-Council,2026-08-20,
Melrose,melrose-ma/city-council-member,,Manjula Karamcheti,verified-current,https://www.cityofmelrose.org/513/City-Council,2026-08-20,
Melrose,melrose-ma/city-council-member,,John Obremski,verified-current,https://www.cityofmelrose.org/513/City-Council,2026-08-20,
Melrose,melrose-ma/city-council-member,,Christopher Park,verified-current,https://www.cityofmelrose.org/513/City-Council,2026-08-20,
Melrose,melrose-ma/city-council-member,,William Bradley Freeman,verified-current,https://www.cityofmelrose.org/513/City-Council,2026-08-20,
Melrose,melrose-ma/city-council-member,,Kimberly Vandiver,verified-current,https://www.cityofmelrose.org/513/City-Council,2026-08-20,
Melrose,melrose-ma/city-council-member,,Cal M. Finocchiaro,verified-current,https://www.cityofmelrose.org/513/City-Council,2026-08-20,
Melrose,melrose-ma/city-council-member,,Devin Romanul,verified-current,https://www.cityofmelrose.org/513/City-Council,2026-08-20,
Melrose,melrose-ma/school-committee-member,,Margaret Driscoll,verified-current,https://www.cityofmelrose.org/m/NewsFlash/Home/Detail/74,2026-08-20,
Melrose,melrose-ma/school-committee-member,,Melissa Holleran,verified-current,https://www.cityofmelrose.org/m/NewsFlash/Home/Detail/74,2026-08-20,
Melrose,melrose-ma/school-committee-member,,Sheri Leo,verified-current,https://www.cityofmelrose.org/m/NewsFlash/Home/Detail/74,2026-08-20,
Melrose,melrose-ma/school-committee-member,,Seamus Kelley,verified-current,https://www.cityofmelrose.org/m/NewsFlash/Home/Detail/74,2026-08-20,
Melrose,melrose-ma/school-committee-member,,Matt Hartman,verified-current,https://www.cityofmelrose.org/m/NewsFlash/Home/Detail/74,2026-08-20,
Melrose,melrose-ma/school-committee-member,,Jen Razi-Thomas,verified-current,https://www.cityofmelrose.org/m/NewsFlash/Home/Detail/74,2026-08-20,
Melrose,melrose-ma/northeast-metropolitan-regional-vocational-school-committee-member,,Ward Hamilton,verified-current,https://northeastmetrotech.com/77018_2,2026-08-20,
Mendon,mendon-ma/moderator,,Tom Merolli,verified-current,https://www.mendonma.gov/AgendaCenter/ViewFile/Minutes/_05192026-1520,2026-08-20,
Mendon,mendon-ma/select-board-member,,Michael Merolli,verified-current,https://mendonma.gov/210/Select-Board,2026-08-20,
Mendon,mendon-ma/select-board-member,,Alejna Brugos,verified-current,https://mendonma.gov/210/Select-Board,2026-08-20,
Mendon,mendon-ma/select-board-member,,Brendan Chenelle,verified-current,https://mendonma.gov/210/Select-Board,2026-08-20,
Mendon,mendon-ma/select-board-member,,Jason Kuter,verified-current,https://mendonma.gov/210/Select-Board,2026-08-20,
Mendon,mendon-ma/select-board-member,,Brian Morford,verified-current,https://mendonma.gov/210/Select-Board,2026-08-20,
Mendon,mendon-ma/assessor,,Kevin Rudden,verified-current,https://www.mendonma.gov/227/Board-of-Assessors,2026-08-20,
Mendon,mendon-ma/assessor,,Kenneth M. O'Brien,verified-current,https://www.mendonma.gov/227/Board-of-Assessors,2026-08-20,
Mendon,mendon-ma/assessor,,David Kurczy,verified-current,https://www.mendonma.gov/227/Board-of-Assessors,2026-08-20,
Mendon,mendon-ma/board-of-health-member,,Alan Greenberg,verified-current,https://www.mendonma.gov/226/Board-of-Health,2026-08-20,
Mendon,mendon-ma/board-of-health-member,,Tom Fichtner,verified-current,https://www.mendonma.gov/226/Board-of-Health,2026-08-20,
Mendon,mendon-ma/board-of-health-member,,Joyce Gilmore,verified-current,https://www.mendonma.gov/226/Board-of-Health,2026-08-20,
Mendon,mendon-ma/mendon-upton-regional-school-committee-member,,Erick Brown,verified-current,https://www.mursd.org/o/mendon-upton-regional-school-district/page/school-committee-members,2026-08-20,
Mendon,mendon-ma/mendon-upton-regional-school-committee-member,,Kerry Buxton,verified-current,https://www.mursd.org/o/mendon-upton-regional-school-district/page/school-committee-members,2026-08-20,
Mendon,mendon-ma/mendon-upton-regional-school-committee-member,,Sean Nicholson,verified-current,https://www.mursd.org/o/mendon-upton-regional-school-district/page/school-committee-members,2026-08-20,
Mendon,mendon-ma/blackstone-valley-regional-vocational-school-committee-member,,Edward D. Cray III,verified-current,https://www.valleytech.k12.ma.us/school-committee,2026-08-20,
Mendon,mendon-ma/library-trustee,,Leesa Michael,verified-current,https://mendonma.gov/207/Taft-Library-Trustees,2026-08-20,
Mendon,mendon-ma/library-trustee,,Gabrielle Porciello,verified-current,https://mendonma.gov/207/Taft-Library-Trustees,2026-08-20,
Mendon,mendon-ma/library-trustee,,Alison Chu,verified-current,https://mendonma.gov/207/Taft-Library-Trustees,2026-08-20,
Mendon,mendon-ma/library-trustee,,James Thach,verified-current,https://mendonma.gov/207/Taft-Library-Trustees,2026-08-20,
Mendon,mendon-ma/library-trustee,,Howard Phipps III,verified-current,https://mendonma.gov/207/Taft-Library-Trustees,2026-08-20,
Mendon,mendon-ma/water-commissioner,,Vincent Roy,verified-current,https://www.mendonma.gov/204/Water-Commission,2026-08-20,
Mendon,mendon-ma/water-commissioner,,Kevin Rudden,verified-current,https://www.mendonma.gov/204/Water-Commission,2026-08-20,
Mendon,mendon-ma/water-commissioner,,Douglas Hartman,verified-current,https://www.mendonma.gov/204/Water-Commission,2026-08-20,
Mendon,mendon-ma/parks-commissioner,,Joanne Lamothe,verified-current,https://www.mendonma.gov/212/Parks-Commission,2026-08-20,
Mendon,mendon-ma/parks-commissioner,,Steven P. Aubut,verified-current,https://www.mendonma.gov/212/Parks-Commission,2026-08-20,
Mendon,mendon-ma/parks-commissioner,,Linda Thompson,verified-current,https://www.mendonma.gov/212/Parks-Commission,2026-08-20,
Mendon,mendon-ma/planning-board-member,,Damon Tinio,verified-current,https://www.mendonma.gov/211/Planning-Board,2026-08-20,
Mendon,mendon-ma/planning-board-member,,Barry Iadarola,verified-current,https://www.mendonma.gov/211/Planning-Board,2026-08-20,
Mendon,mendon-ma/planning-board-member,,Jason Krauss,verified-current,https://www.mendonma.gov/211/Planning-Board,2026-08-20,
Mendon,mendon-ma/planning-board-member,,Eric Hodge,verified-current,https://www.mendonma.gov/211/Planning-Board,2026-08-20,
Mendon,mendon-ma/planning-board-member,,Francis Niro,verified-current,https://www.mendonma.gov/211/Planning-Board,2026-08-20,
Mendon,mendon-ma/town-clerk,,Ellen Agro,verified-current,https://www.mendonma.gov/sites/g/files/vyhlif881/f/pages/2024_annual_town_report.pdf,2026-08-20,
Mendon,mendon-ma/tree-warden,,Ted Steeves,verified-current,https://www.mendonma.gov/161/Tree-Warden,2026-08-20,
Mendon,mendon-ma/housing-authority-member,,Anthony Genna,verified-current,https://mendonma.gov/169/Housing-Authority,2026-08-20,
Mendon,mendon-ma/housing-authority-member,,Peter Denton,verified-current,https://mendonma.gov/169/Housing-Authority,2026-08-20,
Mendon,mendon-ma/housing-authority-member,,Mary Garagliano,verified-current,https://mendonma.gov/169/Housing-Authority,2026-08-20,
Merrimac,merrimac-ma/select-board-member,,Janet M. Bruno,verified-current,https://townofmerrimac.com/select-board/,2026-08-20,
Merrimac,merrimac-ma/select-board-member,,Robert L. Gustison II,verified-current,https://townofmerrimac.com/select-board/,2026-08-20,
Merrimac,merrimac-ma/select-board-member,,Gwen Lay Sabbagh,verified-current,https://townofmerrimac.com/select-board/,2026-08-20,
Merrimac,merrimac-ma/select-board-member,,Wayne Adams,verified-current,https://townofmerrimac.com/select-board/,2026-08-20,
Merrimac,merrimac-ma/select-board-member,,Matt Passeri,verified-current,https://townofmerrimac.com/select-board/,2026-08-20,
Merrimac,merrimac-ma/assessor,,Daniel Domings,verified-current,https://townofmerrimac.com/wp-content/uploads/2026/05/2025-Annual-Town-Report.pdf,2026-08-20,
Merrimac,merrimac-ma/assessor,,Susan M. Searle,verified-current,https://townofmerrimac.com/wp-content/uploads/2026/05/2025-Annual-Town-Report.pdf,2026-08-20,
Merrimac,merrimac-ma/assessor,,Gena Sinibaldi,verified-current,https://townofmerrimac.com/wp-content/uploads/2026/05/PCT-1-05042026.pdf,2026-08-20,
Merrimac,merrimac-ma/board-of-health-member,,Ashlyn Calcagni,verified-current,https://townofmerrimac.com/wp-content/uploads/2026/05/2025-Annual-Town-Report.pdf,2026-08-20,
Merrimac,merrimac-ma/board-of-health-member,,Jason Sargent,verified-current,https://townofmerrimac.com/wp-content/uploads/2026/05/2025-Annual-Town-Report.pdf,2026-08-20,
Merrimac,merrimac-ma/board-of-health-member,,Bronwyn Faye Crocker,verified-current,https://townofmerrimac.com/wp-content/uploads/2026/05/PCT-1-05042026.pdf,2026-08-20,
Merrimac,merrimac-ma/light-commissioner,,Edward Davis,verified-current,https://townofmerrimac.com/wp-content/uploads/2026/05/2025-Annual-Town-Report.pdf,2026-08-20,
Merrimac,merrimac-ma/light-commissioner,,Kenneth P. Rhudick,verified-current,https://townofmerrimac.com/wp-content/uploads/2026/05/2025-Annual-Town-Report.pdf,2026-08-20,
Merrimac,merrimac-ma/light-commissioner,,Robin D. Hudson,verified-current,https://townofmerrimac.com/wp-content/uploads/2026/05/PCT-1-05042026.pdf,2026-08-20,
Merrimac,merrimac-ma/cemetery-trustee,,Ricky Pinciaro,verified-current,https://townofmerrimac.com/wp-content/uploads/2026/05/2025-Annual-Town-Report.pdf,2026-08-20,
Merrimac,merrimac-ma/cemetery-trustee,,David J. Vance,verified-current,https://townofmerrimac.com/wp-content/uploads/2026/05/2025-Annual-Town-Report.pdf,2026-08-20,
Merrimac,merrimac-ma/cemetery-trustee,,Carol Ann Traynor,verified-current,https://townofmerrimac.com/wp-content/uploads/2026/05/PCT-1-05042026.pdf,2026-08-20,
Merrimac,merrimac-ma/constable,,Raymond Felice,verified-current,https://townofmerrimac.com/wp-content/uploads/2026/05/2025-Annual-Town-Report.pdf,2026-08-20,
Merrimac,merrimac-ma/constable,,Keith Pollman,verified-current,https://townofmerrimac.com/wp-content/uploads/2026/05/2025-Annual-Town-Report.pdf,2026-08-20,
Merrimac,merrimac-ma/constable,,David J. Vance,verified-current,https://townofmerrimac.com/wp-content/uploads/2026/05/2025-Annual-Town-Report.pdf,2026-08-20,
Merrimac,merrimac-ma/housing-authority-member,,Candie A. Benjamin,verified-current,https://townofmerrimac.com/wp-content/uploads/2026/05/2025-Annual-Town-Report.pdf,2026-08-20,
Merrimac,merrimac-ma/housing-authority-member,,Ayn Kira Carroll,verified-current,https://townofmerrimac.com/wp-content/uploads/2026/05/2025-Annual-Town-Report.pdf,2026-08-20,
Merrimac,merrimac-ma/housing-authority-member,,Connie Nucci,verified-current,https://townofmerrimac.com/wp-content/uploads/2026/05/2025-Annual-Town-Report.pdf,2026-08-20,
Merrimac,merrimac-ma/library-trustee,,Jennifer P. Brown,verified-current,https://townofmerrimac.com/wp-content/uploads/2026/05/2025-Annual-Town-Report.pdf,2026-08-20,
Merrimac,merrimac-ma/library-trustee,,Susan M. Coburn,verified-current,https://townofmerrimac.com/wp-content/uploads/2026/05/2025-Annual-Town-Report.pdf,2026-08-20,
Merrimac,merrimac-ma/library-trustee,,Robert Michaud,verified-current,https://townofmerrimac.com/wp-content/uploads/2026/05/2025-Annual-Town-Report.pdf,2026-08-20,
Merrimac,merrimac-ma/library-trustee,,Patricia Munz-Adams,verified-current,https://townofmerrimac.com/wp-content/uploads/2026/05/2025-Annual-Town-Report.pdf,2026-08-20,
Merrimac,merrimac-ma/library-trustee,,Maripaul McGinn,verified-current,https://townofmerrimac.com/wp-content/uploads/2026/05/PCT-1-05042026.pdf,2026-08-20,
Merrimac,merrimac-ma/library-trustee,,Christine B. James,verified-current,https://townofmerrimac.com/wp-content/uploads/2026/05/PCT-1-05042026.pdf,2026-08-20,
Merrimac,merrimac-ma/moderator,,W. Earl Baumgardner,verified-current,https://townofmerrimac.com/wp-content/uploads/2026/05/PCT-1-05042026.pdf,2026-08-20,
Merrimac,merrimac-ma/planning-board-member,,Tom Abisalih,verified-current,https://townofmerrimac.com/wp-content/uploads/2026/05/2025-Annual-Town-Report.pdf,2026-08-20,
Merrimac,merrimac-ma/planning-board-member,,David Cressman,verified-current,https://townofmerrimac.com/wp-content/uploads/2026/05/2025-Annual-Town-Report.pdf,2026-08-20,
Merrimac,merrimac-ma/planning-board-member,,William McGowan,verified-current,https://townofmerrimac.com/wp-content/uploads/2026/05/2025-Annual-Town-Report.pdf,2026-08-20,
Merrimac,merrimac-ma/planning-board-member,,Robert S. Sinibaldi,verified-current,https://townofmerrimac.com/wp-content/uploads/2026/05/PCT-1-05042026.pdf,2026-08-20,
Merrimac,merrimac-ma/planning-board-member,,Bronwyn Faye Crocker,verified-current,https://townofmerrimac.com/wp-content/uploads/2026/05/PCT-1-05042026.pdf,2026-08-20,
Merrimac,merrimac-ma/pentucket-regional-school-committee-member,,Julie A. King,verified-current,https://townofmerrimac.com/wp-content/uploads/2026/05/2025-Annual-Town-Report.pdf,2026-08-20,
Merrimac,merrimac-ma/pentucket-regional-school-committee-member,,Brienne Walsh,verified-current,https://townofmerrimac.com/wp-content/uploads/2026/05/2025-Annual-Town-Report.pdf,2026-08-20,
Merrimac,merrimac-ma/pentucket-regional-school-committee-member,,Maritza MacLeod,verified-current,https://townofmerrimac.com/wp-content/uploads/2026/05/PCT-1-05042026.pdf,2026-08-20,
Merrimac,merrimac-ma/town-clerk,,Gwendolyn Lay Sabbagh,verified-current,https://townofmerrimac.com/elections-and-voting/,2026-08-20,
Merrimac,merrimac-ma/park-recreation-commissioner,,Mary Emily Parry,verified-current,https://townofmerrimac.com/wp-content/uploads/2026/05/PCT-1-05042026.pdf,2026-08-20,
Merrimac,merrimac-ma/park-recreation-commissioner,,Carol Ann Traynor,verified-current,https://townofmerrimac.com/wp-content/uploads/2026/05/PCT-1-05042026.pdf,2026-08-20,
Merrimac,merrimac-ma/park-recreation-commissioner,,Denise Lynn Parry,verified-current,https://townofmerrimac.com/wp-content/uploads/2026/05/PCT-1-05042026.pdf,2026-08-20,
Methuen,methuen-ma/mayor,,"David P. “D.J.” Beauregard, Jr.",verified-current,https://www.cityofmethuen.net/262/Office-of-the-Mayor,2026-08-20,
Methuen,methuen-ma/city-council-member,At Large,Jana Zanni Pesce,verified-current,https://www.cityofmethuen.net/322/City-Council,2026-08-20,
Methuen,methuen-ma/city-council-member,At Large,Ryan DiZoglio,verified-current,https://www.cityofmethuen.net/322/City-Council,2026-08-20,
Methuen,methuen-ma/city-council-member,At Large,John Drew,verified-current,https://www.cityofmethuen.net/322/City-Council,2026-08-20,
Methuen,methuen-ma/city-council-member,East District,Neily Soto,verified-current,https://www.cityofmethuen.net/322/City-Council,2026-08-20,
Methuen,methuen-ma/city-council-member,East District,Ronald Marsan,verified-current,https://www.cityofmethuen.net/322/City-Council,2026-08-20,
Methuen,methuen-ma/city-council-member,Central District,Ella MacLaren,verified-current,https://www.cityofmethuen.net/322/City-Council,2026-08-20,
Methuen,methuen-ma/city-council-member,Central District,Yanilda Santos,verified-current,https://www.cityofmethuen.net/322/City-Council,2026-08-20,
Methuen,methuen-ma/city-council-member,West District,Mike Simard,verified-current,https://www.cityofmethuen.net/322/City-Council,2026-08-20,
Methuen,methuen-ma/city-council-member,West District,Patricia Valley,verified-current,https://www.cityofmethuen.net/322/City-Council,2026-08-20,
Methuen,methuen-ma/school-committee-member,,Nicholas DiZoglio,verified-current,https://www.methuen.k12.ma.us/school-community/directory,2026-08-20,
Methuen,methuen-ma/school-committee-member,,Mary Beth Donovan-Grassi,verified-current,https://www.methuen.k12.ma.us/school-community/directory,2026-08-20,
Methuen,methuen-ma/school-committee-member,,Martha McCarthy Sirois,verified-current,https://www.methuen.k12.ma.us/school-community/directory,2026-08-20,
Methuen,methuen-ma/school-committee-member,,Laurie Keegan,verified-current,https://www.methuen.k12.ma.us/school-community/directory,2026-08-20,
Methuen,methuen-ma/school-committee-member,,Kenneth Willette,verified-current,https://www.methuen.k12.ma.us/school-community/directory,2026-08-20,
Methuen,methuen-ma/school-committee-member,,Alejandro Baez,verified-current,https://www.methuen.k12.ma.us/school-community/directory,2026-08-20,
Methuen,methuen-ma/greater-lawrence-technical-school-committee-member,,Thomas Hatem,verified-current,https://www.glts.net/about-us/district-committee/district-members,2026-08-20,
Methuen,methuen-ma/greater-lawrence-technical-school-committee-member,,Bradley Jones,verified-current,https://www.glts.net/about-us/district-committee/district-members,2026-08-20,
Methuen,methuen-ma/housing-authority-member,,Nancy Reardon,verified-current,https://www.cityofmethuen.net/582/Housing-Authority,2026-08-20,Current official roster includes Nancy Reardon; she was also certified elected in 2025.
Methuen,methuen-ma/housing-authority-member,,,unresolved,https://www.cityofmethuen.net/582/Housing-Authority,2026-08-20,Second elected seat unresolved: Ellen Barrie Weinhold was certified elected in November 2025 but is absent from the current 2026 official Housing Authority roster; the remaining roster members cannot safely be assigned to the elected seat without appointment-status evidence.
Methuen,methuen-ma/nevins-library-trustee,,Christine Touma Conway,verified-current,https://www.nevinslibrary.org/about-nevins-library/trustees/,2026-08-20,Current library roster and 2025 municipal election results jointly support current incumbency in the two voter-elected trustee seats.
Methuen,methuen-ma/nevins-library-trustee,,David Boucher,verified-current,https://www.nevinslibrary.org/about-nevins-library/trustees/,2026-08-20,Current library roster and 2025 municipal election results jointly support current incumbency in the two voter-elected trustee seats.
Middleborough,middleborough-ma/select-board-member,,Teresa Kelly Farley,verified-current,https://www.middleboroughma.gov/DocumentCenter/View/8607/ELECTED-OFFICIALS?bidId=,2026-08-20,
Middleborough,middleborough-ma/select-board-member,,Thomas S. White,verified-current,https://www.middleboroughma.gov/DocumentCenter/View/8607/ELECTED-OFFICIALS?bidId=,2026-08-20,
Middleborough,middleborough-ma/select-board-member,,Brian P. Giovanoni,verified-current,https://www.middleboroughma.gov/DocumentCenter/View/8607/ELECTED-OFFICIALS?bidId=,2026-08-20,
Middleborough,middleborough-ma/select-board-member,,"William C. Pike, Jr.",verified-current,https://www.middleboroughma.gov/DocumentCenter/View/8607/ELECTED-OFFICIALS?bidId=,2026-08-20,
Middleborough,middleborough-ma/select-board-member,,Tracie Craig-McGee,verified-current,https://www.middleboroughma.gov/DocumentCenter/View/8607/ELECTED-OFFICIALS?bidId=,2026-08-20,
Middleborough,middleborough-ma/municipal-light-board-member,,Ellen M. Farley Wylie,verified-current,https://www.middleboroughma.gov/DocumentCenter/View/8607/ELECTED-OFFICIALS?bidId=,2026-08-20,
Middleborough,middleborough-ma/municipal-light-board-member,,Daniel E. Farley,verified-current,https://www.middleboroughma.gov/DocumentCenter/View/8607/ELECTED-OFFICIALS?bidId=,2026-08-20,
Middleborough,middleborough-ma/municipal-light-board-member,,John F. Healey,verified-current,https://www.middleboroughma.gov/DocumentCenter/View/8607/ELECTED-OFFICIALS?bidId=,2026-08-20,
Middleborough,middleborough-ma/municipal-light-board-member,,Thomas E. Murphy,verified-current,https://www.middleboroughma.gov/DocumentCenter/View/8607/ELECTED-OFFICIALS?bidId=,2026-08-20,
Middleborough,middleborough-ma/municipal-light-board-member,,William E. Taylor,verified-current,https://www.middleboroughma.gov/DocumentCenter/View/8607/ELECTED-OFFICIALS?bidId=,2026-08-20,
Middleborough,middleborough-ma/school-committee-member,,Kimberly Anne Redlon,verified-current,https://www.middleboroughma.gov/DocumentCenter/View/8607/ELECTED-OFFICIALS?bidId=,2026-08-20,
Middleborough,middleborough-ma/school-committee-member,,Christopher W. Benson,verified-current,https://www.middleboroughma.gov/DocumentCenter/View/8607/ELECTED-OFFICIALS?bidId=,2026-08-20,
Middleborough,middleborough-ma/school-committee-member,,Shannon Breen,verified-current,https://www.middleboroughma.gov/DocumentCenter/View/8607/ELECTED-OFFICIALS?bidId=,2026-08-20,
Middleborough,middleborough-ma/school-committee-member,,Leah K. Machado,verified-current,https://www.middleboroughma.gov/DocumentCenter/View/8607/ELECTED-OFFICIALS?bidId=,2026-08-20,
Middleborough,middleborough-ma/school-committee-member,,Sean Mokeler,verified-current,https://www.middleboroughma.gov/DocumentCenter/View/8607/ELECTED-OFFICIALS?bidId=,2026-08-20,
Middleborough,middleborough-ma/school-committee-member,,Susan W. Pennini,verified-current,https://www.middleboroughma.gov/DocumentCenter/View/8607/ELECTED-OFFICIALS?bidId=,2026-08-20,
Middleborough,middleborough-ma/school-committee-member,,Krysten Nicole Phillips,verified-current,https://www.middleboroughma.gov/DocumentCenter/View/8607/ELECTED-OFFICIALS?bidId=,2026-08-20,
Middleborough,middleborough-ma/assessor,,Paula M. Burdick,verified-current,https://www.middleboroughma.gov/DocumentCenter/View/8607/ELECTED-OFFICIALS?bidId=,2026-08-20,
Middleborough,middleborough-ma/assessor,,Barbara J. Erickson,verified-current,https://www.middleboroughma.gov/DocumentCenter/View/8607/ELECTED-OFFICIALS?bidId=,2026-08-20,
Middleborough,middleborough-ma/assessor,,Robin M. Perry,verified-current,https://www.middleboroughma.gov/DocumentCenter/View/8607/ELECTED-OFFICIALS?bidId=,2026-08-20,
Middleborough,middleborough-ma/moderator,,David J. Cavanaugh,verified-current,https://www.middleboroughma.gov/DocumentCenter/View/8607/ELECTED-OFFICIALS?bidId=,2026-08-20,
Middleborough,middleborough-ma/finance-committee-member,,Eric Viera Machado,verified-current,https://www.middleboroughma.gov/DocumentCenter/View/8607/ELECTED-OFFICIALS?bidId=,2026-08-20,
Middleborough,middleborough-ma/finance-committee-member,,"John Anthony Barrella, III",verified-current,https://www.middleboroughma.gov/DocumentCenter/View/8607/ELECTED-OFFICIALS?bidId=,2026-08-20,
Middleborough,middleborough-ma/finance-committee-member,,Michael R. Croatti,verified-current,https://www.middleboroughma.gov/DocumentCenter/View/8607/ELECTED-OFFICIALS?bidId=,2026-08-20,
Middleborough,middleborough-ma/finance-committee-member,,Nathan P. Demers,verified-current,https://www.middleboroughma.gov/DocumentCenter/View/8607/ELECTED-OFFICIALS?bidId=,2026-08-20,
Middleborough,middleborough-ma/finance-committee-member,,Alan R. Kirschner,verified-current,https://www.middleboroughma.gov/DocumentCenter/View/8607/ELECTED-OFFICIALS?bidId=,2026-08-20,
Middleborough,middleborough-ma/finance-committee-member,,Matthew D. Phillips,verified-current,https://www.middleboroughma.gov/DocumentCenter/View/8607/ELECTED-OFFICIALS?bidId=,2026-08-20,
Middleborough,middleborough-ma/finance-committee-member,,Robert M. Sullivan,verified-current,https://www.middleboroughma.gov/DocumentCenter/View/8607/ELECTED-OFFICIALS?bidId=,2026-08-20,
Middleborough,middleborough-ma/planning-board-member,,Allin J. Frawley,verified-current,https://www.middleboroughma.gov/DocumentCenter/View/8607/ELECTED-OFFICIALS?bidId=,2026-08-20,David Dias is separately listed as Associate Member and is not counted among the five elected regular Planning Board seats.
Middleborough,middleborough-ma/planning-board-member,,Tracie Craig-McGee,verified-current,https://www.middleboroughma.gov/DocumentCenter/View/8607/ELECTED-OFFICIALS?bidId=,2026-08-20,David Dias is separately listed as Associate Member and is not counted among the five elected regular Planning Board seats.
Middleborough,middleborough-ma/planning-board-member,,William B. Garceau,verified-current,https://www.middleboroughma.gov/DocumentCenter/View/8607/ELECTED-OFFICIALS?bidId=,2026-08-20,David Dias is separately listed as Associate Member and is not counted among the five elected regular Planning Board seats.
Middleborough,middleborough-ma/planning-board-member,,Nancy Kefalis,verified-current,https://www.middleboroughma.gov/DocumentCenter/View/8607/ELECTED-OFFICIALS?bidId=,2026-08-20,David Dias is separately listed as Associate Member and is not counted among the five elected regular Planning Board seats.
Middleborough,middleborough-ma/planning-board-member,,"Anders Martenson, IV",verified-current,https://www.middleboroughma.gov/DocumentCenter/View/8607/ELECTED-OFFICIALS?bidId=,2026-08-20,David Dias is separately listed as Associate Member and is not counted among the five elected regular Planning Board seats.
Middleborough,middleborough-ma/park-commissioner,,Garrett D. Perry,verified-current,https://www.middleboroughma.gov/DocumentCenter/View/8607/ELECTED-OFFICIALS?bidId=,2026-08-20,
Middleborough,middleborough-ma/park-commissioner,,Judith A. Bigelow-Costa,verified-current,https://www.middleboroughma.gov/DocumentCenter/View/8607/ELECTED-OFFICIALS?bidId=,2026-08-20,
Middleborough,middleborough-ma/park-commissioner,,William J. Ferdinand,verified-current,https://www.middleboroughma.gov/DocumentCenter/View/8607/ELECTED-OFFICIALS?bidId=,2026-08-20,
Middleborough,middleborough-ma/park-commissioner,,Dawn Mariann Savery,verified-current,https://www.middleboroughma.gov/DocumentCenter/View/8607/ELECTED-OFFICIALS?bidId=,2026-08-20,
Middleborough,middleborough-ma/park-commissioner,,Gregory D. Thomas,verified-current,https://www.middleboroughma.gov/DocumentCenter/View/8607/ELECTED-OFFICIALS?bidId=,2026-08-20,
Middleborough,middleborough-ma/housing-authority-member,,Dawn Mariann Savery,verified-current,https://www.middleboroughma.gov/DocumentCenter/View/8607/ELECTED-OFFICIALS?bidId=,2026-08-20,Richard Young is explicitly listed as State Appointee and is excluded from the four locally elected seats.
Middleborough,middleborough-ma/housing-authority-member,,Scott MacDonald Bernard,verified-current,https://www.middleboroughma.gov/DocumentCenter/View/8607/ELECTED-OFFICIALS?bidId=,2026-08-20,Richard Young is explicitly listed as State Appointee and is excluded from the four locally elected seats.
Middleborough,middleborough-ma/housing-authority-member,,Maureen Nicholson,verified-current,https://www.middleboroughma.gov/DocumentCenter/View/8607/ELECTED-OFFICIALS?bidId=,2026-08-20,Richard Young is explicitly listed as State Appointee and is excluded from the four locally elected seats.
Middleborough,middleborough-ma/housing-authority-member,,Thomas S. White,verified-current,https://www.middleboroughma.gov/DocumentCenter/View/8607/ELECTED-OFFICIALS?bidId=,2026-08-20,Richard Young is explicitly listed as State Appointee and is excluded from the four locally elected seats.
Middlefield,middlefield-ma/select-board-member,,Ann Marie Visconti,verified-current,https://www.middlefield-ma.gov/217/Select-Board,2026-08-20,
Middlefield,middlefield-ma/select-board-member,,Curt Robie,verified-current,https://www.middlefield-ma.gov/217/Select-Board,2026-08-20,
Middlefield,middlefield-ma/select-board-member,,Sherri Venditti,verified-current,https://www.middlefield-ma.gov/217/Select-Board,2026-08-20,
Middlefield,middlefield-ma/assessor,,Tamarin Laurel-Paine,verified-current,https://www.middlefield-ma.gov/203/Board-of-Assessors,2026-08-20,
Middlefield,middlefield-ma/assessor,,Laura Lafreniere,verified-current,https://www.middlefield-ma.gov/203/Board-of-Assessors,2026-08-20,
Middlefield,middlefield-ma/assessor,,Ken Murray,verified-current,https://www.middlefield-ma.gov/203/Board-of-Assessors,2026-08-20,
Middlefield,middlefield-ma/cemetery-commissioner,,Larry Pease,verified-current,https://www.middlefield-ma.gov/m/newsflash/home/detail/36,2026-08-20,
Middlefield,middlefield-ma/cemetery-commissioner,,Timothy Pease,verified-current,https://www.middlefield-ma.gov/DocumentCenter/View/304/May-04-2024-Election-Results-PDF,2026-08-20,
Middlefield,middlefield-ma/cemetery-commissioner,,,unresolved,https://www.middlefield-ma.gov/DocumentCenter/View/275/Bylaws-Enacted-in-1987-PDF,2026-08-20,"Three elected seats are legally established, but the current third Commissioner was not safely reconciled from an authoritative post-election roster."
Middlefield,middlefield-ma/gateway-regional-school-committee-member,,Stephanie Simonowicz,verified-current,https://www.grsd.org/school-committee,2026-08-20,
Middlefield,middlefield-ma/gateway-regional-school-committee-member,,Tasha Strong,verified-current,https://www.grsd.org/school-committee,2026-08-20,
Middlefield,middlefield-ma/finance-committee-member,,Barry Bernard,verified-current,https://www.middlefield-ma.gov/m/newsflash/home/detail/36,2026-08-20,"Elected May 2, 2026; Eric Main filled a one-year unexpired term, which does not change the regular three-year office definition."
Middlefield,middlefield-ma/finance-committee-member,,Eric Main,verified-current,https://www.middlefield-ma.gov/m/newsflash/home/detail/36,2026-08-20,"Elected May 2, 2026; Eric Main filled a one-year unexpired term, which does not change the regular three-year office definition."
Middlefield,middlefield-ma/finance-committee-member,,,unresolved,https://www.middlefield-ma.gov/DocumentCenter/View/275/Bylaws-Enacted-in-1987-PDF,2026-08-20,Remaining elected Finance Committee seats were not safely reconciled from a complete post-May-2026 official roster; shortage of names is not treated as a vacancy.
Middlefield,middlefield-ma/finance-committee-member,,,unresolved,https://www.middlefield-ma.gov/DocumentCenter/View/275/Bylaws-Enacted-in-1987-PDF,2026-08-20,Remaining elected Finance Committee seats were not safely reconciled from a complete post-May-2026 official roster; shortage of names is not treated as a vacancy.
Middlefield,middlefield-ma/finance-committee-member,,,unresolved,https://www.middlefield-ma.gov/DocumentCenter/View/275/Bylaws-Enacted-in-1987-PDF,2026-08-20,Remaining elected Finance Committee seats were not safely reconciled from a complete post-May-2026 official roster; shortage of names is not treated as a vacancy.
Middlefield,middlefield-ma/library-trustee,,Tonya Santaniello,verified-current,https://www.middlefield-ma.gov/212/Library-Trustees,2026-08-20,
Middlefield,middlefield-ma/library-trustee,,Donna Breen,verified-current,https://www.middlefield-ma.gov/212/Library-Trustees,2026-08-20,
Middlefield,middlefield-ma/library-trustee,,Susan Baker-Donnally,verified-current,https://www.middlefield-ma.gov/212/Library-Trustees,2026-08-20,
Middlefield,middlefield-ma/planning-board-member,,Maureen Sullivan,verified-current,https://www.middlefield-ma.gov/214/Planning-Board,2026-08-20,
Middlefield,middlefield-ma/planning-board-member,,Michelle Main,verified-current,https://www.middlefield-ma.gov/214/Planning-Board,2026-08-20,
Middlefield,middlefield-ma/planning-board-member,,Andrea Tosi,verified-current,https://www.middlefield-ma.gov/214/Planning-Board,2026-08-20,
Middlefield,middlefield-ma/planning-board-member,,Michael Hitchcock,verified-current,https://www.middlefield-ma.gov/214/Planning-Board,2026-08-20,
Middlefield,middlefield-ma/planning-board-member,,,unresolved,https://www.middlefield-ma.gov/214/Planning-Board,2026-08-20,"Bylaw establishes five elected seats, but the current official Planning Board page names only four members; no vacancy is inferred."
Middlefield,middlefield-ma/moderator,,Noreen Suriner,verified-current,https://www.middlefield-ma.gov/227/Moderator,2026-08-20,
Middlefield,middlefield-ma/constable,,Curt Robie,verified-current,https://www.middlefield-ma.gov/DocumentCenter/View/304/May-04-2024-Election-Results-PDF,2026-08-20,
Middlefield,middlefield-ma/constable,,,unresolved,https://www.middlefield-ma.gov/DocumentCenter/View/304/May-04-2024-Election-Results-PDF,2026-08-20,Town warrants establish two elected Constable positions; the second current holder was not safely reconciled.
Middlefield,middlefield-ma/town-clerk,,Suzanne Lemieux,verified-current,https://www.middlefield-ma.gov/230/Town-Clerk,2026-08-20,
Middleton,middleton-ma/moderator,,Barbara Piselli,verified-current,https://middletonma.gov/537/Town-Officials---Elected,2026-08-20,
Middleton,middleton-ma/town-clerk,,Ilene B. Twiss,verified-current,https://middletonma.gov/537/Town-Officials---Elected,2026-08-20,
Middleton,middleton-ma/select-board-member,,Jeffrey P. Garber,verified-current,https://middletonma.gov/537/Town-Officials---Elected,2026-08-20,
Middleton,middleton-ma/select-board-member,,Kosta E. Prentakis,verified-current,https://middletonma.gov/537/Town-Officials---Elected,2026-08-20,
Middleton,middleton-ma/select-board-member,,Richard W. Kassiotis,verified-current,https://middletonma.gov/537/Town-Officials---Elected,2026-08-20,
Middleton,middleton-ma/select-board-member,,Deborah J. Carbone,verified-current,https://middletonma.gov/537/Town-Officials---Elected,2026-08-20,
Middleton,middleton-ma/select-board-member,,Brian M. Cresta,verified-current,https://middletonma.gov/537/Town-Officials---Elected,2026-08-20,
Middleton,middleton-ma/constable,,Paul F. Armitage,verified-current,https://middletonma.gov/537/Town-Officials---Elected,2026-08-20,
Middleton,middleton-ma/assessor,,Deborah J. Carbone,verified-current,https://middletonma.gov/537/Town-Officials---Elected,2026-08-20,
Middleton,middleton-ma/assessor,,Toula Guarino,verified-current,https://middletonma.gov/537/Town-Officials---Elected,2026-08-20,
Middleton,middleton-ma/assessor,vacant assessor seat,,vacant,https://middletonma.gov/316/Board-of-Assessors,2026-08-20,Current official elected-official/assessor pages explicitly identify the third elected Assessor seat as vacant.
Middleton,middleton-ma/elementary-school-committee-member,,Michelle D. Aitken,verified-current,https://middletonma.gov/537/Town-Officials---Elected,2026-08-20,
Middleton,middleton-ma/elementary-school-committee-member,,Jacquelyn J. Dubois,verified-current,https://middletonma.gov/537/Town-Officials---Elected,2026-08-20,
Middleton,middleton-ma/elementary-school-committee-member,,David Robert DeBonis,verified-current,https://middletonma.gov/537/Town-Officials---Elected,2026-08-20,
Middleton,middleton-ma/elementary-school-committee-member,,Bettina Louise Rubendall,verified-current,https://middletonma.gov/537/Town-Officials---Elected,2026-08-20,
Middleton,middleton-ma/elementary-school-committee-member,,Arian Rahman Amiri,verified-current,https://middletonma.gov/537/Town-Officials---Elected,2026-08-20,
Middleton,middleton-ma/regional-school-committee-member,,Lisa MacInnis,verified-current,https://middletonma.gov/537/Town-Officials---Elected,2026-08-20,
Middleton,middleton-ma/regional-school-committee-member,,Trevor David Currier,verified-current,https://middletonma.gov/537/Town-Officials---Elected,2026-08-20,
Middleton,middleton-ma/regional-school-committee-member,,Matthew A. Alexander,verified-current,https://middletonma.gov/537/Town-Officials---Elected,2026-08-20,
Middleton,middleton-ma/regional-school-committee-member,,Stacy L. Smith,verified-current,https://middletonma.gov/537/Town-Officials---Elected,2026-08-20,
Middleton,middleton-ma/planning-board-member,,Jason Bernhard,verified-current,https://middletonma.gov/537/Town-Officials---Elected,2026-08-20,
Middleton,middleton-ma/planning-board-member,,Kyle M. Smith,verified-current,https://middletonma.gov/537/Town-Officials---Elected,2026-08-20,
Middleton,middleton-ma/planning-board-member,,Shad D. Brook,verified-current,https://middletonma.gov/537/Town-Officials---Elected,2026-08-20,
Middleton,middleton-ma/planning-board-member,,David S. Lebel,verified-current,https://middletonma.gov/537/Town-Officials---Elected,2026-08-20,
Middleton,middleton-ma/planning-board-member,,"James H. Currier, III",verified-current,https://middletonma.gov/537/Town-Officials---Elected,2026-08-20,
Middleton,middleton-ma/electric-light-commissioner,,James W. Kelley,verified-current,https://middletonma.gov/537/Town-Officials---Elected,2026-08-20,
Middleton,middleton-ma/electric-light-commissioner,,Timothy P. Houten,verified-current,https://middletonma.gov/537/Town-Officials---Elected,2026-08-20,
Middleton,middleton-ma/electric-light-commissioner,,"Kenneth Donald Rollins, Jr.",verified-current,https://middletonma.gov/537/Town-Officials---Elected,2026-08-20,
Middleton,middleton-ma/electric-light-commissioner,,James J. Carbone,verified-current,https://middletonma.gov/537/Town-Officials---Elected,2026-08-20,
Middleton,middleton-ma/electric-light-commissioner,,Frank William Twiss,verified-current,https://middletonma.gov/537/Town-Officials---Elected,2026-08-20,
Middleton,middleton-ma/flint-library-trustee,,Mark Allan Moreschi,verified-current,https://middletonma.gov/537/Town-Officials---Elected,2026-08-20,
Middleton,middleton-ma/flint-library-trustee,,Allison Sloan,verified-current,https://middletonma.gov/537/Town-Officials---Elected,2026-08-20,
Middleton,middleton-ma/flint-library-trustee,,Kosta E. Prentakis,verified-current,https://middletonma.gov/537/Town-Officials---Elected,2026-08-20,
Middleton,middleton-ma/flint-library-trustee,,Susan Piccole,verified-current,https://middletonma.gov/537/Town-Officials---Elected,2026-08-20,
Middleton,middleton-ma/flint-library-trustee,,Carrie-Ann Michelle Labrecque,verified-current,https://middletonma.gov/537/Town-Officials---Elected,2026-08-20,
Middleton,middleton-ma/housing-authority-member,,Douglas LeColst,verified-current,https://middletonma.gov/537/Town-Officials---Elected,2026-08-20,
Middleton,middleton-ma/housing-authority-member,,Maria J. Paikos-Hantzis,verified-current,https://middletonma.gov/537/Town-Officials---Elected,2026-08-20,
Middleton,middleton-ma/housing-authority-member,,Karen E. McCafferty,verified-current,https://middletonma.gov/537/Town-Officials---Elected,2026-08-20,
Milford,milford-ma/select-board-member,,Paul Mazzuchelli,verified-current,https://www.milfordma.gov/321/Select-Board,2026-08-20,
Milford,milford-ma/select-board-member,,Thomas J. O’Loughlin,verified-current,https://www.milfordma.gov/321/Select-Board,2026-08-20,
Milford,milford-ma/select-board-member,,Michael K. Walsh,verified-current,https://www.milfordma.gov/321/Select-Board,2026-08-20,
Milford,milford-ma/town-clerk,,Amy E. Hennessy Neves,verified-current,https://milfordma.gov/DocumentCenter/View/3047/Official-Results-2026-Annual-Town-Election,2026-08-20,
Milford,milford-ma/assessor,,Joshua Lioce,verified-current,https://www.milfordma.gov/238/Board-of-Assessors,2026-08-20,
Milford,milford-ma/assessor,,Steven L. Borges,verified-current,https://milfordma.gov/DocumentCenter/View/3047/Official-Results-2026-Annual-Town-Election,2026-08-20,
Milford,milford-ma/assessor,,Paul Simas,verified-current,https://www.milfordma.gov/238/Board-of-Assessors,2026-08-20,
Milford,milford-ma/board-of-health-member,,Diana M. Haynes,verified-current,https://milfordma.gov/DocumentCenter/View/3047/Official-Results-2026-Annual-Town-Election,2026-08-20,
Milford,milford-ma/board-of-health-member,,Loriann Braza,verified-current,https://www.milfordma.gov/ArchiveCenter/ViewFile/Item/351,2026-08-20,
Milford,milford-ma/board-of-health-member,,Paul Mazzuchelli,verified-current,https://www.milfordma.gov/ArchiveCenter/ViewFile/Item/351,2026-08-20,
Milford,milford-ma/library-trustee,,Edward L. Bertorelli,verified-current,https://milfordma.gov/DocumentCenter/View/3047/Official-Results-2026-Annual-Town-Election,2026-08-20,
Milford,milford-ma/library-trustee,,Mary Frances Best,verified-current,https://milfordma.gov/DocumentCenter/View/3047/Official-Results-2026-Annual-Town-Election,2026-08-20,
Milford,milford-ma/library-trustee,,Marco Bon Tempo,verified-current,https://www.milfordma.gov/ArchiveCenter/ViewFile/Item/351,2026-08-20,
Milford,milford-ma/library-trustee,,Johnna O’Loughlin,verified-current,https://www.milfordma.gov/ArchiveCenter/ViewFile/Item/351,2026-08-20,
Milford,milford-ma/library-trustee,,Stephanie Abisla,verified-current,https://www.milfordma.gov/ArchiveCenter/ViewFile/Item/351,2026-08-20,
Milford,milford-ma/library-trustee,,Andrew Johanson,verified-current,https://www.milfordma.gov/ArchiveCenter/ViewFile/Item/351,2026-08-20,
Milford,milford-ma/park-commissioner,,Paul J. Braza,verified-current,https://milfordma.gov/DocumentCenter/View/3047/Official-Results-2026-Annual-Town-Election,2026-08-20,
Milford,milford-ma/park-commissioner,,Joseph Arcudi,verified-current,https://www.milfordma.gov/ArchiveCenter/ViewFile/Item/351,2026-08-20,
Milford,milford-ma/park-commissioner,,Scott Crisafulli,verified-current,https://www.milfordma.gov/ArchiveCenter/ViewFile/Item/351,2026-08-20,
Milford,milford-ma/planning-board-member,,Martha White,verified-current,https://milfordma.gov/DocumentCenter/View/3047/Official-Results-2026-Annual-Town-Election,2026-08-20,
Milford,milford-ma/planning-board-member,,Jose Morais,verified-current,https://www.milfordma.gov/ArchiveCenter/ViewFile/Item/351,2026-08-20,
Milford,milford-ma/planning-board-member,,Christopher Wilson,verified-current,https://www.milfordma.gov/ArchiveCenter/ViewFile/Item/351,2026-08-20,
Milford,milford-ma/planning-board-member,,Joseph Calagione,verified-current,https://www.milfordma.gov/ArchiveCenter/ViewFile/Item/351,2026-08-20,
Milford,milford-ma/planning-board-member,,Marble Mainini III,verified-current,https://www.milfordma.gov/ArchiveCenter/ViewFile/Item/351,2026-08-20,
Milford,milford-ma/sewer-commissioner,,Leonardo Morcone,verified-current,https://milfordma.gov/DocumentCenter/View/3047/Official-Results-2026-Annual-Town-Election,2026-08-20,
Milford,milford-ma/sewer-commissioner,,Rudolph Lioce III,verified-current,https://www.milfordma.gov/ArchiveCenter/ViewFile/Item/351,2026-08-20,
Milford,milford-ma/sewer-commissioner,,Richard Cenedella,verified-current,https://www.milfordma.gov/ArchiveCenter/ViewFile/Item/351,2026-08-20,
Milford,milford-ma/moderator,,Michelangelo Bon Tempo,verified-current,https://www.milfordma.gov/ArchiveCenter/ViewFile/Item/351,2026-08-20,
Milford,milford-ma/tree-warden,,Charles Reneau,verified-current,https://milfordma.gov/DocumentCenter/View/3047/Official-Results-2026-Annual-Town-Election,2026-08-20,
Milford,milford-ma/school-committee-member,,Michael Aghajanian,verified-current,https://milfordma.gov/DocumentCenter/View/3047/Official-Results-2026-Annual-Town-Election,2026-08-20,
Milford,milford-ma/school-committee-member,,Brendan Rickert,verified-current,https://milfordma.gov/DocumentCenter/View/3047/Official-Results-2026-Annual-Town-Election,2026-08-20,
Milford,milford-ma/school-committee-member,,Meghan Hornberger,verified-current,https://www.milfordma.gov/ArchiveCenter/ViewFile/Item/351,2026-08-20,
Milford,milford-ma/school-committee-member,,Matthew Zacchilli,verified-current,https://www.milfordma.gov/ArchiveCenter/ViewFile/Item/351,2026-08-20,
Milford,milford-ma/school-committee-member,,Christopher Wilson,verified-current,https://www.milfordma.gov/ArchiveCenter/ViewFile/Item/351,2026-08-20,
Milford,milford-ma/school-committee-member,,Derrick Sobers,verified-current,https://www.milfordma.gov/ArchiveCenter/ViewFile/Item/351,2026-08-20,
Milford,milford-ma/school-committee-member,,John Erickson,verified-current,https://www.milfordma.gov/ArchiveCenter/ViewFile/Item/351,2026-08-20,
Milford,milford-ma/housing-authority-member,,Jennifer Walsh,verified-current,https://www.milfordma.gov/ArchiveCenter/ViewFile/Item/351,2026-08-20,
Milford,milford-ma/housing-authority-member,,Katherine E. Consigli,verified-current,https://milfordma.gov/DocumentCenter/View/3047/Official-Results-2026-Annual-Town-Election,2026-08-20,
Milford,milford-ma/housing-authority-member,,Patrick Holland,verified-current,https://www.milfordma.gov/ArchiveCenter/ViewFile/Item/351,2026-08-20,
Milford,milford-ma/vernon-grove-trustee,,Scott Crisafulli,verified-current,https://milfordma.gov/DocumentCenter/View/3047/Official-Results-2026-Annual-Town-Election,2026-08-20,
Milford,milford-ma/vernon-grove-trustee,,M. E. “Cissy” Hull-Allen,verified-current,https://milfordma.gov/DocumentCenter/View/3047/Official-Results-2026-Annual-Town-Election,2026-08-20,
Milford,milford-ma/vernon-grove-trustee,,Charles Skaff,verified-current,https://www.milfordma.gov/ArchiveCenter/ViewFile/Item/351,2026-08-20,
Milford,milford-ma/vernon-grove-trustee,,Michael Lenza,verified-current,https://www.milfordma.gov/ArchiveCenter/ViewFile/Item/351,2026-08-20,
Milford,milford-ma/vernon-grove-trustee,,Paul Boisclair,verified-current,https://www.milfordma.gov/ArchiveCenter/ViewFile/Item/351,2026-08-20,
Milford,milford-ma/vernon-grove-trustee,,Frederick Elliott,verified-current,https://www.milfordma.gov/ArchiveCenter/ViewFile/Item/351,2026-08-20,
Milford,milford-ma/water-commissioner,,Philip J. Ciaramicoli Jr.,verified-current,https://milfordma.gov/DocumentCenter/View/3047/Official-Results-2026-Annual-Town-Election,2026-08-20,
Milford,milford-ma/water-commissioner,,Jamie Luchini,verified-current,https://www.milfordma.gov/ArchiveCenter/ViewFile/Item/351,2026-08-20,
Milford,milford-ma/water-commissioner,,Jonathan Bruce,verified-current,https://www.milfordma.gov/ArchiveCenter/ViewFile/Item/351,2026-08-20,
Milford,milford-ma/constable,,Robert Sheedy,verified-current,https://www.milfordma.gov/ArchiveCenter/ViewFile/Item/351,2026-08-20,
Milford,milford-ma/constable,,Nadine E. Ladeau,verified-current,https://www.milfordma.gov/ArchiveCenter/ViewFile/Item/351,2026-08-20,
Milford,milford-ma/constable,,Raymond G. Pagucci Jr.,verified-current,https://www.milfordma.gov/ArchiveCenter/ViewFile/Item/351,2026-08-20,
Milford,milford-ma/constable,,Mark L. Calzolaio,verified-current,https://www.milfordma.gov/ArchiveCenter/ViewFile/Item/351,2026-08-20,
Milford,milford-ma/constable,,Charles Skaff,verified-current,https://www.milfordma.gov/ArchiveCenter/ViewFile/Item/351,2026-08-20,
Milford,milford-ma/blackstone-valley-regional-vocational-school-committee-member,,Paul J. Braza,verified-current,https://www.valleytech.k12.ma.us/about/district/schoolcommittee,2026-08-20,
Milford,milford-ma/representative-town-meeting-member,Precinct 1 / seat 01,,unresolved,https://milfordma.gov/DocumentCenter/View/3047/Official-Results-2026-Annual-Town-Election,2026-08-20,"The 240-seat elected structure is verified, but a complete current seat-by-seat roster spanning all three staggered cohorts has not yet been reconciled. No vacancy is inferred."
Milford,milford-ma/representative-town-meeting-member,Precinct 1 / seat 02,,unresolved,https://milfordma.gov/DocumentCenter/View/3047/Official-Results-2026-Annual-Town-Election,2026-08-20,"The 240-seat elected structure is verified, but a complete current seat-by-seat roster spanning all three staggered cohorts has not yet been reconciled. No vacancy is inferred."
Milford,milford-ma/representative-town-meeting-member,Precinct 1 / seat 03,,unresolved,https://milfordma.gov/DocumentCenter/View/3047/Official-Results-2026-Annual-Town-Election,2026-08-20,"The 240-seat elected structure is verified, but a complete current seat-by-seat roster spanning all three staggered cohorts has not yet been reconciled. No vacancy is inferred."
Milford,milford-ma/representative-town-meeting-member,Precinct 1 / seat 04,,unresolved,https://milfordma.gov/DocumentCenter/View/3047/Official-Results-2026-Annual-Town-Election,2026-08-20,"The 240-seat elected structure is verified, but a complete current seat-by-seat roster spanning all three staggered cohorts has not yet been reconciled. No vacancy is inferred."
Milford,milford-ma/representative-town-meeting-member,Precinct 1 / seat 05,,unresolved,https://milfordma.gov/DocumentCenter/View/3047/Official-Results-2026-Annual-Town-Election,2026-08-20,"The 240-seat elected structure is verified, but a complete current seat-by-seat roster spanning all three staggered cohorts has not yet been reconciled. No vacancy is inferred."
Milford,milford-ma/representative-town-meeting-member,Precinct 1 / seat 06,,unresolved,https://milfordma.gov/DocumentCenter/View/3047/Official-Results-2026-Annual-Town-Election,2026-08-20,"The 240-seat elected structure is verified, but a complete current seat-by-seat roster spanning all three staggered cohorts has not yet been reconciled. No vacancy is inferred."
Milford,milford-ma/representative-town-meeting-member,Precinct 1 / seat 07,,unresolved,https://milfordma.gov/DocumentCenter/View/3047/Official-Results-2026-Annual-Town-Election,2026-08-20,"The 240-seat elected structure is verified, but a complete current seat-by-seat roster spanning all three staggered cohorts has not yet been reconciled. No vacancy is inferred."
Milford,milford-ma/representative-town-meeting-member,Precinct 1 / seat 08,,unresolved,https://milfordma.gov/DocumentCenter/View/3047/Official-Results-2026-Annual-Town-Election,2026-08-20,"The 240-seat elected structure is verified, but a complete current seat-by-seat roster spanning all three staggered cohorts has not yet been reconciled. No vacancy is inferred."
Milford,milford-ma/representative-town-meeting-member,Precinct 1 / seat 09,,unresolved,https://milfordma.gov/DocumentCenter/View/3047/Official-Results-2026-Annual-Town-Election,2026-08-20,"The 240-seat elected structure is verified, but a complete current seat-by-seat roster spanning all three staggered cohorts has not yet been reconciled. No vacancy is inferred."
Milford,milford-ma/representative-town-meeting-member,Precinct 1 / seat 10,,unresolved,https://milfordma.gov/DocumentCenter/View/3047/Official-Results-2026-Annual-Town-Election,2026-08-20,"The 240-seat elected structure is verified, but a complete current seat-by-seat roster spanning all three staggered cohorts has not yet been reconciled. No vacancy is inferred."
Milford,milford-ma/representative-town-meeting-member,Precinct 1 / seat 11,,unresolved,https://milfordma.gov/DocumentCenter/View/3047/Official-Results-2026-Annual-Town-Election,2026-08-20,"The 240-seat elected structure is verified, but a complete current seat-by-seat roster spanning all three staggered cohorts has not yet been reconciled. No vacancy is inferred."
Milford,milford-ma/representative-town-meeting-member,Precinct 1 / seat 12,,unresolved,https://milfordma.gov/DocumentCenter/View/3047/Official-Results-2026-Annual-Town-Election,2026-08-20,"The 240-seat elected structure is verified, but a complete current seat-by-seat roster spanning all three staggered cohorts has not yet been reconciled. No vacancy is inferred."
Milford,milford-ma/representative-town-meeting-member,Precinct 1 / seat 13,,unresolved,https://milfordma.gov/DocumentCenter/View/3047/Official-Results-2026-Annual-Town-Election,2026-08-20,"The 240-seat elected structure is verified, but a complete current seat-by-seat roster spanning all three staggered cohorts has not yet been reconciled. No vacancy is inferred."
Milford,milford-ma/representative-town-meeting-member,Precinct 1 / seat 14,,unresolved,https://milfordma.gov/DocumentCenter/View/3047/Official-Results-2026-Annual-Town-Election,2026-08-20,"The 240-seat elected structure is verified, but a complete current seat-by-seat roster spanning all three staggered cohorts has not yet been reconciled. No vacancy is inferred."
Milford,milford-ma/representative-town-meeting-member,Precinct 1 / seat 15,,unresolved,https://milfordma.gov/DocumentCenter/View/3047/Official-Results-2026-Annual-Town-Election,2026-08-20,"The 240-seat elected structure is verified, but a complete current seat-by-seat roster spanning all three staggered cohorts has not yet been reconciled. No vacancy is inferred."
Milford,milford-ma/representative-town-meeting-member,Precinct 1 / seat 16,,unresolved,https://milfordma.gov/DocumentCenter/View/3047/Official-Results-2026-Annual-Town-Election,2026-08-20,"The 240-seat elected structure is verified, but a complete current seat-by-seat roster spanning all three staggered cohorts has not yet been reconciled. No vacancy is inferred."
Milford,milford-ma/representative-town-meeting-member,Precinct 1 / seat 17,,unresolved,https://milfordma.gov/DocumentCenter/View/3047/Official-Results-2026-Annual-Town-Election,2026-08-20,"The 240-seat elected structure is verified, but a complete current seat-by-seat roster spanning all three staggered cohorts has not yet been reconciled. No vacancy is inferred."
Milford,milford-ma/representative-town-meeting-member,Precinct 1 / seat 18,,unresolved,https://milfordma.gov/DocumentCenter/View/3047/Official-Results-2026-Annual-Town-Election,2026-08-20,"The 240-seat elected structure is verified, but a complete current seat-by-seat roster spanning all three staggered cohorts has not yet been reconciled. No vacancy is inferred."
Milford,milford-ma/representative-town-meeting-member,Precinct 1 / seat 19,,unresolved,https://milfordma.gov/DocumentCenter/View/3047/Official-Results-2026-Annual-Town-Election,2026-08-20,"The 240-seat elected structure is verified, but a complete current seat-by-seat roster spanning all three staggered cohorts has not yet been reconciled. No vacancy is inferred."
Milford,milford-ma/representative-town-meeting-member,Precinct 1 / seat 20,,unresolved,https://milfordma.gov/DocumentCenter/View/3047/Official-Results-2026-Annual-Town-Election,2026-08-20,"The 240-seat elected structure is verified, but a complete current seat-by-seat roster spanning all three staggered cohorts has not yet been reconciled. No vacancy is inferred."
Milford,milford-ma/representative-town-meeting-member,Precinct 1 / seat 21,,unresolved,https://milfordma.gov/DocumentCenter/View/3047/Official-Results-2026-Annual-Town-Election,2026-08-20,"The 240-seat elected structure is verified, but a complete current seat-by-seat roster spanning all three staggered cohorts has not yet been reconciled. No vacancy is inferred."
Milford,milford-ma/representative-town-meeting-member,Precinct 1 / seat 22,,unresolved,https://milfordma.gov/DocumentCenter/View/3047/Official-Results-2026-Annual-Town-Election,2026-08-20,"The 240-seat elected structure is verified, but a complete current seat-by-seat roster spanning all three staggered cohorts has not yet been reconciled. No vacancy is inferred."
Milford,milford-ma/representative-town-meeting-member,Precinct 1 / seat 23,,unresolved,https://milfordma.gov/DocumentCenter/View/3047/Official-Results-2026-Annual-Town-Election,2026-08-20,"The 240-seat elected structure is verified, but a complete current seat-by-seat roster spanning all three staggered cohorts has not yet been reconciled. No vacancy is inferred."
Milford,milford-ma/representative-town-meeting-member,Precinct 1 / seat 24,,unresolved,https://milfordma.gov/DocumentCenter/View/3047/Official-Results-2026-Annual-Town-Election,2026-08-20,"The 240-seat elected structure is verified, but a complete current seat-by-seat roster spanning all three staggered cohorts has not yet been reconciled. No vacancy is inferred."
Milford,milford-ma/representative-town-meeting-member,Precinct 1 / seat 25,,unresolved,https://milfordma.gov/DocumentCenter/View/3047/Official-Results-2026-Annual-Town-Election,2026-08-20,"The 240-seat elected structure is verified, but a complete current seat-by-seat roster spanning all three staggered cohorts has not yet been reconciled. No vacancy is inferred."
Milford,milford-ma/representative-town-meeting-member,Precinct 1 / seat 26,,unresolved,https://milfordma.gov/DocumentCenter/View/3047/Official-Results-2026-Annual-Town-Election,2026-08-20,"The 240-seat elected structure is verified, but a complete current seat-by-seat roster spanning all three staggered cohorts has not yet been reconciled. No vacancy is inferred."
Milford,milford-ma/representative-town-meeting-member,Precinct 1 / seat 27,,unresolved,https://milfordma.gov/DocumentCenter/View/3047/Official-Results-2026-Annual-Town-Election,2026-08-20,"The 240-seat elected structure is verified, but a complete current seat-by-seat roster spanning all three staggered cohorts has not yet been reconciled. No vacancy is inferred."
Milford,milford-ma/representative-town-meeting-member,Precinct 1 / seat 28,,unresolved,https://milfordma.gov/DocumentCenter/View/3047/Official-Results-2026-Annual-Town-Election,2026-08-20,"The 240-seat elected structure is verified, but a complete current seat-by-seat roster spanning all three staggered cohorts has not yet been reconciled. No vacancy is inferred."
Milford,milford-ma/representative-town-meeting-member,Precinct 1 / seat 29,,unresolved,https://milfordma.gov/DocumentCenter/View/3047/Official-Results-2026-Annual-Town-Election,2026-08-20,"The 240-seat elected structure is verified, but a complete current seat-by-seat roster spanning all three staggered cohorts has not yet been reconciled. No vacancy is inferred."
Milford,milford-ma/representative-town-meeting-member,Precinct 1 / seat 30,,unresolved,https://milfordma.gov/DocumentCenter/View/3047/Official-Results-2026-Annual-Town-Election,2026-08-20,"The 240-seat elected structure is verified, but a complete current seat-by-seat roster spanning all three staggered cohorts has not yet been reconciled. No vacancy is inferred."
Milford,milford-ma/representative-town-meeting-member,Precinct 2 / seat 01,,unresolved,https://milfordma.gov/DocumentCenter/View/3047/Official-Results-2026-Annual-Town-Election,2026-08-20,"The 240-seat elected structure is verified, but a complete current seat-by-seat roster spanning all three staggered cohorts has not yet been reconciled. No vacancy is inferred."
Milford,milford-ma/representative-town-meeting-member,Precinct 2 / seat 02,,unresolved,https://milfordma.gov/DocumentCenter/View/3047/Official-Results-2026-Annual-Town-Election,2026-08-20,"The 240-seat elected structure is verified, but a complete current seat-by-seat roster spanning all three staggered cohorts has not yet been reconciled. No vacancy is inferred."
Milford,milford-ma/representative-town-meeting-member,Precinct 2 / seat 03,,unresolved,https://milfordma.gov/DocumentCenter/View/3047/Official-Results-2026-Annual-Town-Election,2026-08-20,"The 240-seat elected structure is verified, but a complete current seat-by-seat roster spanning all three staggered cohorts has not yet been reconciled. No vacancy is inferred."
Milford,milford-ma/representative-town-meeting-member,Precinct 2 / seat 04,,unresolved,https://milfordma.gov/DocumentCenter/View/3047/Official-Results-2026-Annual-Town-Election,2026-08-20,"The 240-seat elected structure is verified, but a complete current seat-by-seat roster spanning all three staggered cohorts has not yet been reconciled. No vacancy is inferred."
Milford,milford-ma/representative-town-meeting-member,Precinct 2 / seat 05,,unresolved,https://milfordma.gov/DocumentCenter/View/3047/Official-Results-2026-Annual-Town-Election,2026-08-20,"The 240-seat elected structure is verified, but a complete current seat-by-seat roster spanning all three staggered cohorts has not yet been reconciled. No vacancy is inferred."
Milford,milford-ma/representative-town-meeting-member,Precinct 2 / seat 06,,unresolved,https://milfordma.gov/DocumentCenter/View/3047/Official-Results-2026-Annual-Town-Election,2026-08-20,"The 240-seat elected structure is verified, but a complete current seat-by-seat roster spanning all three staggered cohorts has not yet been reconciled. No vacancy is inferred."
Milford,milford-ma/representative-town-meeting-member,Precinct 2 / seat 07,,unresolved,https://milfordma.gov/DocumentCenter/View/3047/Official-Results-2026-Annual-Town-Election,2026-08-20,"The 240-seat elected structure is verified, but a complete current seat-by-seat roster spanning all three staggered cohorts has not yet been reconciled. No vacancy is inferred."
Milford,milford-ma/representative-town-meeting-member,Precinct 2 / seat 08,,unresolved,https://milfordma.gov/DocumentCenter/View/3047/Official-Results-2026-Annual-Town-Election,2026-08-20,"The 240-seat elected structure is verified, but a complete current seat-by-seat roster spanning all three staggered cohorts has not yet been reconciled. No vacancy is inferred."
Milford,milford-ma/representative-town-meeting-member,Precinct 2 / seat 09,,unresolved,https://milfordma.gov/DocumentCenter/View/3047/Official-Results-2026-Annual-Town-Election,2026-08-20,"The 240-seat elected structure is verified, but a complete current seat-by-seat roster spanning all three staggered cohorts has not yet been reconciled. No vacancy is inferred."
Milford,milford-ma/representative-town-meeting-member,Precinct 2 / seat 10,,unresolved,https://milfordma.gov/DocumentCenter/View/3047/Official-Results-2026-Annual-Town-Election,2026-08-20,"The 240-seat elected structure is verified, but a complete current seat-by-seat roster spanning all three staggered cohorts has not yet been reconciled. No vacancy is inferred."
Milford,milford-ma/representative-town-meeting-member,Precinct 2 / seat 11,,unresolved,https://milfordma.gov/DocumentCenter/View/3047/Official-Results-2026-Annual-Town-Election,2026-08-20,"The 240-seat elected structure is verified, but a complete current seat-by-seat roster spanning all three staggered cohorts has not yet been reconciled. No vacancy is inferred."
Milford,milford-ma/representative-town-meeting-member,Precinct 2 / seat 12,,unresolved,https://milfordma.gov/DocumentCenter/View/3047/Official-Results-2026-Annual-Town-Election,2026-08-20,"The 240-seat elected structure is verified, but a complete current seat-by-seat roster spanning all three staggered cohorts has not yet been reconciled. No vacancy is inferred."
Milford,milford-ma/representative-town-meeting-member,Precinct 2 / seat 13,,unresolved,https://milfordma.gov/DocumentCenter/View/3047/Official-Results-2026-Annual-Town-Election,2026-08-20,"The 240-seat elected structure is verified, but a complete current seat-by-seat roster spanning all three staggered cohorts has not yet been reconciled. No vacancy is inferred."
Milford,milford-ma/representative-town-meeting-member,Precinct 2 / seat 14,,unresolved,https://milfordma.gov/DocumentCenter/View/3047/Official-Results-2026-Annual-Town-Election,2026-08-20,"The 240-seat elected structure is verified, but a complete current seat-by-seat roster spanning all three staggered cohorts has not yet been reconciled. No vacancy is inferred."
Milford,milford-ma/representative-town-meeting-member,Precinct 2 / seat 15,,unresolved,https://milfordma.gov/DocumentCenter/View/3047/Official-Results-2026-Annual-Town-Election,2026-08-20,"The 240-seat elected structure is verified, but a complete current seat-by-seat roster spanning all three staggered cohorts has not yet been reconciled. No vacancy is inferred."
Milford,milford-ma/representative-town-meeting-member,Precinct 2 / seat 16,,unresolved,https://milfordma.gov/DocumentCenter/View/3047/Official-Results-2026-Annual-Town-Election,2026-08-20,"The 240-seat elected structure is verified, but a complete current seat-by-seat roster spanning all three staggered cohorts has not yet been reconciled. No vacancy is inferred."
Milford,milford-ma/representative-town-meeting-member,Precinct 2 / seat 17,,unresolved,https://milfordma.gov/DocumentCenter/View/3047/Official-Results-2026-Annual-Town-Election,2026-08-20,"The 240-seat elected structure is verified, but a complete current seat-by-seat roster spanning all three staggered cohorts has not yet been reconciled. No vacancy is inferred."
Milford,milford-ma/representative-town-meeting-member,Precinct 2 / seat 18,,unresolved,https://milfordma.gov/DocumentCenter/View/3047/Official-Results-2026-Annual-Town-Election,2026-08-20,"The 240-seat elected structure is verified, but a complete current seat-by-seat roster spanning all three staggered cohorts has not yet been reconciled. No vacancy is inferred."
Milford,milford-ma/representative-town-meeting-member,Precinct 2 / seat 19,,unresolved,https://milfordma.gov/DocumentCenter/View/3047/Official-Results-2026-Annual-Town-Election,2026-08-20,"The 240-seat elected structure is verified, but a complete current seat-by-seat roster spanning all three staggered cohorts has not yet been reconciled. No vacancy is inferred."
Milford,milford-ma/representative-town-meeting-member,Precinct 2 / seat 20,,unresolved,https://milfordma.gov/DocumentCenter/View/3047/Official-Results-2026-Annual-Town-Election,2026-08-20,"The 240-seat elected structure is verified, but a complete current seat-by-seat roster spanning all three staggered cohorts has not yet been reconciled. No vacancy is inferred."
Milford,milford-ma/representative-town-meeting-member,Precinct 2 / seat 21,,unresolved,https://milfordma.gov/DocumentCenter/View/3047/Official-Results-2026-Annual-Town-Election,2026-08-20,"The 240-seat elected structure is verified, but a complete current seat-by-seat roster spanning all three staggered cohorts has not yet been reconciled. No vacancy is inferred."
Milford,milford-ma/representative-town-meeting-member,Precinct 2 / seat 22,,unresolved,https://milfordma.gov/DocumentCenter/View/3047/Official-Results-2026-Annual-Town-Election,2026-08-20,"The 240-seat elected structure is verified, but a complete current seat-by-seat roster spanning all three staggered cohorts has not yet been reconciled. No vacancy is inferred."
Milford,milford-ma/representative-town-meeting-member,Precinct 2 / seat 23,,unresolved,https://milfordma.gov/DocumentCenter/View/3047/Official-Results-2026-Annual-Town-Election,2026-08-20,"The 240-seat elected structure is verified, but a complete current seat-by-seat roster spanning all three staggered cohorts has not yet been reconciled. No vacancy is inferred."
Milford,milford-ma/representative-town-meeting-member,Precinct 2 / seat 24,,unresolved,https://milfordma.gov/DocumentCenter/View/3047/Official-Results-2026-Annual-Town-Election,2026-08-20,"The 240-seat elected structure is verified, but a complete current seat-by-seat roster spanning all three staggered cohorts has not yet been reconciled. No vacancy is inferred."
Milford,milford-ma/representative-town-meeting-member,Precinct 2 / seat 25,,unresolved,https://milfordma.gov/DocumentCenter/View/3047/Official-Results-2026-Annual-Town-Election,2026-08-20,"The 240-seat elected structure is verified, but a complete current seat-by-seat roster spanning all three staggered cohorts has not yet been reconciled. No vacancy is inferred."
Milford,milford-ma/representative-town-meeting-member,Precinct 2 / seat 26,,unresolved,https://milfordma.gov/DocumentCenter/View/3047/Official-Results-2026-Annual-Town-Election,2026-08-20,"The 240-seat elected structure is verified, but a complete current seat-by-seat roster spanning all three staggered cohorts has not yet been reconciled. No vacancy is inferred."
Milford,milford-ma/representative-town-meeting-member,Precinct 2 / seat 27,,unresolved,https://milfordma.gov/DocumentCenter/View/3047/Official-Results-2026-Annual-Town-Election,2026-08-20,"The 240-seat elected structure is verified, but a complete current seat-by-seat roster spanning all three staggered cohorts has not yet been reconciled. No vacancy is inferred."
Milford,milford-ma/representative-town-meeting-member,Precinct 2 / seat 28,,unresolved,https://milfordma.gov/DocumentCenter/View/3047/Official-Results-2026-Annual-Town-Election,2026-08-20,"The 240-seat elected structure is verified, but a complete current seat-by-seat roster spanning all three staggered cohorts has not yet been reconciled. No vacancy is inferred."
Milford,milford-ma/representative-town-meeting-member,Precinct 2 / seat 29,,unresolved,https://milfordma.gov/DocumentCenter/View/3047/Official-Results-2026-Annual-Town-Election,2026-08-20,"The 240-seat elected structure is verified, but a complete current seat-by-seat roster spanning all three staggered cohorts has not yet been reconciled. No vacancy is inferred."
Milford,milford-ma/representative-town-meeting-member,Precinct 2 / seat 30,,unresolved,https://milfordma.gov/DocumentCenter/View/3047/Official-Results-2026-Annual-Town-Election,2026-08-20,"The 240-seat elected structure is verified, but a complete current seat-by-seat roster spanning all three staggered cohorts has not yet been reconciled. No vacancy is inferred."
Milford,milford-ma/representative-town-meeting-member,Precinct 3 / seat 01,,unresolved,https://milfordma.gov/DocumentCenter/View/3047/Official-Results-2026-Annual-Town-Election,2026-08-20,"The 240-seat elected structure is verified, but a complete current seat-by-seat roster spanning all three staggered cohorts has not yet been reconciled. No vacancy is inferred."
Milford,milford-ma/representative-town-meeting-member,Precinct 3 / seat 02,,unresolved,https://milfordma.gov/DocumentCenter/View/3047/Official-Results-2026-Annual-Town-Election,2026-08-20,"The 240-seat elected structure is verified, but a complete current seat-by-seat roster spanning all three staggered cohorts has not yet been reconciled. No vacancy is inferred."
Milford,milford-ma/representative-town-meeting-member,Precinct 3 / seat 03,,unresolved,https://milfordma.gov/DocumentCenter/View/3047/Official-Results-2026-Annual-Town-Election,2026-08-20,"The 240-seat elected structure is verified, but a complete current seat-by-seat roster spanning all three staggered cohorts has not yet been reconciled. No vacancy is inferred."
Milford,milford-ma/representative-town-meeting-member,Precinct 3 / seat 04,,unresolved,https://milfordma.gov/DocumentCenter/View/3047/Official-Results-2026-Annual-Town-Election,2026-08-20,"The 240-seat elected structure is verified, but a complete current seat-by-seat roster spanning all three staggered cohorts has not yet been reconciled. No vacancy is inferred."
Milford,milford-ma/representative-town-meeting-member,Precinct 3 / seat 05,,unresolved,https://milfordma.gov/DocumentCenter/View/3047/Official-Results-2026-Annual-Town-Election,2026-08-20,"The 240-seat elected structure is verified, but a complete current seat-by-seat roster spanning all three staggered cohorts has not yet been reconciled. No vacancy is inferred."
Milford,milford-ma/representative-town-meeting-member,Precinct 3 / seat 06,,unresolved,https://milfordma.gov/DocumentCenter/View/3047/Official-Results-2026-Annual-Town-Election,2026-08-20,"The 240-seat elected structure is verified, but a complete current seat-by-seat roster spanning all three staggered cohorts has not yet been reconciled. No vacancy is inferred."
Milford,milford-ma/representative-town-meeting-member,Precinct 3 / seat 07,,unresolved,https://milfordma.gov/DocumentCenter/View/3047/Official-Results-2026-Annual-Town-Election,2026-08-20,"The 240-seat elected structure is verified, but a complete current seat-by-seat roster spanning all three staggered cohorts has not yet been reconciled. No vacancy is inferred."
Milford,milford-ma/representative-town-meeting-member,Precinct 3 / seat 08,,unresolved,https://milfordma.gov/DocumentCenter/View/3047/Official-Results-2026-Annual-Town-Election,2026-08-20,"The 240-seat elected structure is verified, but a complete current seat-by-seat roster spanning all three staggered cohorts has not yet been reconciled. No vacancy is inferred."
Milford,milford-ma/representative-town-meeting-member,Precinct 3 / seat 09,,unresolved,https://milfordma.gov/DocumentCenter/View/3047/Official-Results-2026-Annual-Town-Election,2026-08-20,"The 240-seat elected structure is verified, but a complete current seat-by-seat roster spanning all three staggered cohorts has not yet been reconciled. No vacancy is inferred."
Milford,milford-ma/representative-town-meeting-member,Precinct 3 / seat 10,,unresolved,https://milfordma.gov/DocumentCenter/View/3047/Official-Results-2026-Annual-Town-Election,2026-08-20,"The 240-seat elected structure is verified, but a complete current seat-by-seat roster spanning all three staggered cohorts has not yet been reconciled. No vacancy is inferred."
Milford,milford-ma/representative-town-meeting-member,Precinct 3 / seat 11,,unresolved,https://milfordma.gov/DocumentCenter/View/3047/Official-Results-2026-Annual-Town-Election,2026-08-20,"The 240-seat elected structure is verified, but a complete current seat-by-seat roster spanning all three staggered cohorts has not yet been reconciled. No vacancy is inferred."
Milford,milford-ma/representative-town-meeting-member,Precinct 3 / seat 12,,unresolved,https://milfordma.gov/DocumentCenter/View/3047/Official-Results-2026-Annual-Town-Election,2026-08-20,"The 240-seat elected structure is verified, but a complete current seat-by-seat roster spanning all three staggered cohorts has not yet been reconciled. No vacancy is inferred."
Milford,milford-ma/representative-town-meeting-member,Precinct 3 / seat 13,,unresolved,https://milfordma.gov/DocumentCenter/View/3047/Official-Results-2026-Annual-Town-Election,2026-08-20,"The 240-seat elected structure is verified, but a complete current seat-by-seat roster spanning all three staggered cohorts has not yet been reconciled. No vacancy is inferred."
Milford,milford-ma/representative-town-meeting-member,Precinct 3 / seat 14,,unresolved,https://milfordma.gov/DocumentCenter/View/3047/Official-Results-2026-Annual-Town-Election,2026-08-20,"The 240-seat elected structure is verified, but a complete current seat-by-seat roster spanning all three staggered cohorts has not yet been reconciled. No vacancy is inferred."
Milford,milford-ma/representative-town-meeting-member,Precinct 3 / seat 15,,unresolved,https://milfordma.gov/DocumentCenter/View/3047/Official-Results-2026-Annual-Town-Election,2026-08-20,"The 240-seat elected structure is verified, but a complete current seat-by-seat roster spanning all three staggered cohorts has not yet been reconciled. No vacancy is inferred."
Milford,milford-ma/representative-town-meeting-member,Precinct 3 / seat 16,,unresolved,https://milfordma.gov/DocumentCenter/View/3047/Official-Results-2026-Annual-Town-Election,2026-08-20,"The 240-seat elected structure is verified, but a complete current seat-by-seat roster spanning all three staggered cohorts has not yet been reconciled. No vacancy is inferred."
Milford,milford-ma/representative-town-meeting-member,Precinct 3 / seat 17,,unresolved,https://milfordma.gov/DocumentCenter/View/3047/Official-Results-2026-Annual-Town-Election,2026-08-20,"The 240-seat elected structure is verified, but a complete current seat-by-seat roster spanning all three staggered cohorts has not yet been reconciled. No vacancy is inferred."
Milford,milford-ma/representative-town-meeting-member,Precinct 3 / seat 18,,unresolved,https://milfordma.gov/DocumentCenter/View/3047/Official-Results-2026-Annual-Town-Election,2026-08-20,"The 240-seat elected structure is verified, but a complete current seat-by-seat roster spanning all three staggered cohorts has not yet been reconciled. No vacancy is inferred."
Milford,milford-ma/representative-town-meeting-member,Precinct 3 / seat 19,,unresolved,https://milfordma.gov/DocumentCenter/View/3047/Official-Results-2026-Annual-Town-Election,2026-08-20,"The 240-seat elected structure is verified, but a complete current seat-by-seat roster spanning all three staggered cohorts has not yet been reconciled. No vacancy is inferred."
Milford,milford-ma/representative-town-meeting-member,Precinct 3 / seat 20,,unresolved,https://milfordma.gov/DocumentCenter/View/3047/Official-Results-2026-Annual-Town-Election,2026-08-20,"The 240-seat elected structure is verified, but a complete current seat-by-seat roster spanning all three staggered cohorts has not yet been reconciled. No vacancy is inferred."
Milford,milford-ma/representative-town-meeting-member,Precinct 3 / seat 21,,unresolved,https://milfordma.gov/DocumentCenter/View/3047/Official-Results-2026-Annual-Town-Election,2026-08-20,"The 240-seat elected structure is verified, but a complete current seat-by-seat roster spanning all three staggered cohorts has not yet been reconciled. No vacancy is inferred."
Milford,milford-ma/representative-town-meeting-member,Precinct 3 / seat 22,,unresolved,https://milfordma.gov/DocumentCenter/View/3047/Official-Results-2026-Annual-Town-Election,2026-08-20,"The 240-seat elected structure is verified, but a complete current seat-by-seat roster spanning all three staggered cohorts has not yet been reconciled. No vacancy is inferred."
Milford,milford-ma/representative-town-meeting-member,Precinct 3 / seat 23,,unresolved,https://milfordma.gov/DocumentCenter/View/3047/Official-Results-2026-Annual-Town-Election,2026-08-20,"The 240-seat elected structure is verified, but a complete current seat-by-seat roster spanning all three staggered cohorts has not yet been reconciled. No vacancy is inferred."
Milford,milford-ma/representative-town-meeting-member,Precinct 3 / seat 24,,unresolved,https://milfordma.gov/DocumentCenter/View/3047/Official-Results-2026-Annual-Town-Election,2026-08-20,"The 240-seat elected structure is verified, but a complete current seat-by-seat roster spanning all three staggered cohorts has not yet been reconciled. No vacancy is inferred."
Milford,milford-ma/representative-town-meeting-member,Precinct 3 / seat 25,,unresolved,https://milfordma.gov/DocumentCenter/View/3047/Official-Results-2026-Annual-Town-Election,2026-08-20,"The 240-seat elected structure is verified, but a complete current seat-by-seat roster spanning all three staggered cohorts has not yet been reconciled. No vacancy is inferred."
Milford,milford-ma/representative-town-meeting-member,Precinct 3 / seat 26,,unresolved,https://milfordma.gov/DocumentCenter/View/3047/Official-Results-2026-Annual-Town-Election,2026-08-20,"The 240-seat elected structure is verified, but a complete current seat-by-seat roster spanning all three staggered cohorts has not yet been reconciled. No vacancy is inferred."
Milford,milford-ma/representative-town-meeting-member,Precinct 3 / seat 27,,unresolved,https://milfordma.gov/DocumentCenter/View/3047/Official-Results-2026-Annual-Town-Election,2026-08-20,"The 240-seat elected structure is verified, but a complete current seat-by-seat roster spanning all three staggered cohorts has not yet been reconciled. No vacancy is inferred."
Milford,milford-ma/representative-town-meeting-member,Precinct 3 / seat 28,,unresolved,https://milfordma.gov/DocumentCenter/View/3047/Official-Results-2026-Annual-Town-Election,2026-08-20,"The 240-seat elected structure is verified, but a complete current seat-by-seat roster spanning all three staggered cohorts has not yet been reconciled. No vacancy is inferred."
Milford,milford-ma/representative-town-meeting-member,Precinct 3 / seat 29,,unresolved,https://milfordma.gov/DocumentCenter/View/3047/Official-Results-2026-Annual-Town-Election,2026-08-20,"The 240-seat elected structure is verified, but a complete current seat-by-seat roster spanning all three staggered cohorts has not yet been reconciled. No vacancy is inferred."
Milford,milford-ma/representative-town-meeting-member,Precinct 3 / seat 30,,unresolved,https://milfordma.gov/DocumentCenter/View/3047/Official-Results-2026-Annual-Town-Election,2026-08-20,"The 240-seat elected structure is verified, but a complete current seat-by-seat roster spanning all three staggered cohorts has not yet been reconciled. No vacancy is inferred."
Milford,milford-ma/representative-town-meeting-member,Precinct 4 / seat 01,,unresolved,https://milfordma.gov/DocumentCenter/View/3047/Official-Results-2026-Annual-Town-Election,2026-08-20,"The 240-seat elected structure is verified, but a complete current seat-by-seat roster spanning all three staggered cohorts has not yet been reconciled. No vacancy is inferred."
Milford,milford-ma/representative-town-meeting-member,Precinct 4 / seat 02,,unresolved,https://milfordma.gov/DocumentCenter/View/3047/Official-Results-2026-Annual-Town-Election,2026-08-20,"The 240-seat elected structure is verified, but a complete current seat-by-seat roster spanning all three staggered cohorts has not yet been reconciled. No vacancy is inferred."
Milford,milford-ma/representative-town-meeting-member,Precinct 4 / seat 03,,unresolved,https://milfordma.gov/DocumentCenter/View/3047/Official-Results-2026-Annual-Town-Election,2026-08-20,"The 240-seat elected structure is verified, but a complete current seat-by-seat roster spanning all three staggered cohorts has not yet been reconciled. No vacancy is inferred."
Milford,milford-ma/representative-town-meeting-member,Precinct 4 / seat 04,,unresolved,https://milfordma.gov/DocumentCenter/View/3047/Official-Results-2026-Annual-Town-Election,2026-08-20,"The 240-seat elected structure is verified, but a complete current seat-by-seat roster spanning all three staggered cohorts has not yet been reconciled. No vacancy is inferred."
Milford,milford-ma/representative-town-meeting-member,Precinct 4 / seat 05,,unresolved,https://milfordma.gov/DocumentCenter/View/3047/Official-Results-2026-Annual-Town-Election,2026-08-20,"The 240-seat elected structure is verified, but a complete current seat-by-seat roster spanning all three staggered cohorts has not yet been reconciled. No vacancy is inferred."
Milford,milford-ma/representative-town-meeting-member,Precinct 4 / seat 06,,unresolved,https://milfordma.gov/DocumentCenter/View/3047/Official-Results-2026-Annual-Town-Election,2026-08-20,"The 240-seat elected structure is verified, but a complete current seat-by-seat roster spanning all three staggered cohorts has not yet been reconciled. No vacancy is inferred."
Milford,milford-ma/representative-town-meeting-member,Precinct 4 / seat 07,,unresolved,https://milfordma.gov/DocumentCenter/View/3047/Official-Results-2026-Annual-Town-Election,2026-08-20,"The 240-seat elected structure is verified, but a complete current seat-by-seat roster spanning all three staggered cohorts has not yet been reconciled. No vacancy is inferred."
Milford,milford-ma/representative-town-meeting-member,Precinct 4 / seat 08,,unresolved,https://milfordma.gov/DocumentCenter/View/3047/Official-Results-2026-Annual-Town-Election,2026-08-20,"The 240-seat elected structure is verified, but a complete current seat-by-seat roster spanning all three staggered cohorts has not yet been reconciled. No vacancy is inferred."
Milford,milford-ma/representative-town-meeting-member,Precinct 4 / seat 09,,unresolved,https://milfordma.gov/DocumentCenter/View/3047/Official-Results-2026-Annual-Town-Election,2026-08-20,"The 240-seat elected structure is verified, but a complete current seat-by-seat roster spanning all three staggered cohorts has not yet been reconciled. No vacancy is inferred."
Milford,milford-ma/representative-town-meeting-member,Precinct 4 / seat 10,,unresolved,https://milfordma.gov/DocumentCenter/View/3047/Official-Results-2026-Annual-Town-Election,2026-08-20,"The 240-seat elected structure is verified, but a complete current seat-by-seat roster spanning all three staggered cohorts has not yet been reconciled. No vacancy is inferred."
Milford,milford-ma/representative-town-meeting-member,Precinct 4 / seat 11,,unresolved,https://milfordma.gov/DocumentCenter/View/3047/Official-Results-2026-Annual-Town-Election,2026-08-20,"The 240-seat elected structure is verified, but a complete current seat-by-seat roster spanning all three staggered cohorts has not yet been reconciled. No vacancy is inferred."
Milford,milford-ma/representative-town-meeting-member,Precinct 4 / seat 12,,unresolved,https://milfordma.gov/DocumentCenter/View/3047/Official-Results-2026-Annual-Town-Election,2026-08-20,"The 240-seat elected structure is verified, but a complete current seat-by-seat roster spanning all three staggered cohorts has not yet been reconciled. No vacancy is inferred."
Milford,milford-ma/representative-town-meeting-member,Precinct 4 / seat 13,,unresolved,https://milfordma.gov/DocumentCenter/View/3047/Official-Results-2026-Annual-Town-Election,2026-08-20,"The 240-seat elected structure is verified, but a complete current seat-by-seat roster spanning all three staggered cohorts has not yet been reconciled. No vacancy is inferred."
Milford,milford-ma/representative-town-meeting-member,Precinct 4 / seat 14,,unresolved,https://milfordma.gov/DocumentCenter/View/3047/Official-Results-2026-Annual-Town-Election,2026-08-20,"The 240-seat elected structure is verified, but a complete current seat-by-seat roster spanning all three staggered cohorts has not yet been reconciled. No vacancy is inferred."
Milford,milford-ma/representative-town-meeting-member,Precinct 4 / seat 15,,unresolved,https://milfordma.gov/DocumentCenter/View/3047/Official-Results-2026-Annual-Town-Election,2026-08-20,"The 240-seat elected structure is verified, but a complete current seat-by-seat roster spanning all three staggered cohorts has not yet been reconciled. No vacancy is inferred."
Milford,milford-ma/representative-town-meeting-member,Precinct 4 / seat 16,,unresolved,https://milfordma.gov/DocumentCenter/View/3047/Official-Results-2026-Annual-Town-Election,2026-08-20,"The 240-seat elected structure is verified, but a complete current seat-by-seat roster spanning all three staggered cohorts has not yet been reconciled. No vacancy is inferred."
Milford,milford-ma/representative-town-meeting-member,Precinct 4 / seat 17,,unresolved,https://milfordma.gov/DocumentCenter/View/3047/Official-Results-2026-Annual-Town-Election,2026-08-20,"The 240-seat elected structure is verified, but a complete current seat-by-seat roster spanning all three staggered cohorts has not yet been reconciled. No vacancy is inferred."
Milford,milford-ma/representative-town-meeting-member,Precinct 4 / seat 18,,unresolved,https://milfordma.gov/DocumentCenter/View/3047/Official-Results-2026-Annual-Town-Election,2026-08-20,"The 240-seat elected structure is verified, but a complete current seat-by-seat roster spanning all three staggered cohorts has not yet been reconciled. No vacancy is inferred."
Milford,milford-ma/representative-town-meeting-member,Precinct 4 / seat 19,,unresolved,https://milfordma.gov/DocumentCenter/View/3047/Official-Results-2026-Annual-Town-Election,2026-08-20,"The 240-seat elected structure is verified, but a complete current seat-by-seat roster spanning all three staggered cohorts has not yet been reconciled. No vacancy is inferred."
Milford,milford-ma/representative-town-meeting-member,Precinct 4 / seat 20,,unresolved,https://milfordma.gov/DocumentCenter/View/3047/Official-Results-2026-Annual-Town-Election,2026-08-20,"The 240-seat elected structure is verified, but a complete current seat-by-seat roster spanning all three staggered cohorts has not yet been reconciled. No vacancy is inferred."
Milford,milford-ma/representative-town-meeting-member,Precinct 4 / seat 21,,unresolved,https://milfordma.gov/DocumentCenter/View/3047/Official-Results-2026-Annual-Town-Election,2026-08-20,"The 240-seat elected structure is verified, but a complete current seat-by-seat roster spanning all three staggered cohorts has not yet been reconciled. No vacancy is inferred."
Milford,milford-ma/representative-town-meeting-member,Precinct 4 / seat 22,,unresolved,https://milfordma.gov/DocumentCenter/View/3047/Official-Results-2026-Annual-Town-Election,2026-08-20,"The 240-seat elected structure is verified, but a complete current seat-by-seat roster spanning all three staggered cohorts has not yet been reconciled. No vacancy is inferred."
Milford,milford-ma/representative-town-meeting-member,Precinct 4 / seat 23,,unresolved,https://milfordma.gov/DocumentCenter/View/3047/Official-Results-2026-Annual-Town-Election,2026-08-20,"The 240-seat elected structure is verified, but a complete current seat-by-seat roster spanning all three staggered cohorts has not yet been reconciled. No vacancy is inferred."
Milford,milford-ma/representative-town-meeting-member,Precinct 4 / seat 24,,unresolved,https://milfordma.gov/DocumentCenter/View/3047/Official-Results-2026-Annual-Town-Election,2026-08-20,"The 240-seat elected structure is verified, but a complete current seat-by-seat roster spanning all three staggered cohorts has not yet been reconciled. No vacancy is inferred."
Milford,milford-ma/representative-town-meeting-member,Precinct 4 / seat 25,,unresolved,https://milfordma.gov/DocumentCenter/View/3047/Official-Results-2026-Annual-Town-Election,2026-08-20,"The 240-seat elected structure is verified, but a complete current seat-by-seat roster spanning all three staggered cohorts has not yet been reconciled. No vacancy is inferred."
Milford,milford-ma/representative-town-meeting-member,Precinct 4 / seat 26,,unresolved,https://milfordma.gov/DocumentCenter/View/3047/Official-Results-2026-Annual-Town-Election,2026-08-20,"The 240-seat elected structure is verified, but a complete current seat-by-seat roster spanning all three staggered cohorts has not yet been reconciled. No vacancy is inferred."
Milford,milford-ma/representative-town-meeting-member,Precinct 4 / seat 27,,unresolved,https://milfordma.gov/DocumentCenter/View/3047/Official-Results-2026-Annual-Town-Election,2026-08-20,"The 240-seat elected structure is verified, but a complete current seat-by-seat roster spanning all three staggered cohorts has not yet been reconciled. No vacancy is inferred."
Milford,milford-ma/representative-town-meeting-member,Precinct 4 / seat 28,,unresolved,https://milfordma.gov/DocumentCenter/View/3047/Official-Results-2026-Annual-Town-Election,2026-08-20,"The 240-seat elected structure is verified, but a complete current seat-by-seat roster spanning all three staggered cohorts has not yet been reconciled. No vacancy is inferred."
Milford,milford-ma/representative-town-meeting-member,Precinct 4 / seat 29,,unresolved,https://milfordma.gov/DocumentCenter/View/3047/Official-Results-2026-Annual-Town-Election,2026-08-20,"The 240-seat elected structure is verified, but a complete current seat-by-seat roster spanning all three staggered cohorts has not yet been reconciled. No vacancy is inferred."
Milford,milford-ma/representative-town-meeting-member,Precinct 4 / seat 30,,unresolved,https://milfordma.gov/DocumentCenter/View/3047/Official-Results-2026-Annual-Town-Election,2026-08-20,"The 240-seat elected structure is verified, but a complete current seat-by-seat roster spanning all three staggered cohorts has not yet been reconciled. No vacancy is inferred."
Milford,milford-ma/representative-town-meeting-member,Precinct 5 / seat 01,,unresolved,https://milfordma.gov/DocumentCenter/View/3047/Official-Results-2026-Annual-Town-Election,2026-08-20,"The 240-seat elected structure is verified, but a complete current seat-by-seat roster spanning all three staggered cohorts has not yet been reconciled. No vacancy is inferred."
Milford,milford-ma/representative-town-meeting-member,Precinct 5 / seat 02,,unresolved,https://milfordma.gov/DocumentCenter/View/3047/Official-Results-2026-Annual-Town-Election,2026-08-20,"The 240-seat elected structure is verified, but a complete current seat-by-seat roster spanning all three staggered cohorts has not yet been reconciled. No vacancy is inferred."
Milford,milford-ma/representative-town-meeting-member,Precinct 5 / seat 03,,unresolved,https://milfordma.gov/DocumentCenter/View/3047/Official-Results-2026-Annual-Town-Election,2026-08-20,"The 240-seat elected structure is verified, but a complete current seat-by-seat roster spanning all three staggered cohorts has not yet been reconciled. No vacancy is inferred."
Milford,milford-ma/representative-town-meeting-member,Precinct 5 / seat 04,,unresolved,https://milfordma.gov/DocumentCenter/View/3047/Official-Results-2026-Annual-Town-Election,2026-08-20,"The 240-seat elected structure is verified, but a complete current seat-by-seat roster spanning all three staggered cohorts has not yet been reconciled. No vacancy is inferred."
Milford,milford-ma/representative-town-meeting-member,Precinct 5 / seat 05,,unresolved,https://milfordma.gov/DocumentCenter/View/3047/Official-Results-2026-Annual-Town-Election,2026-08-20,"The 240-seat elected structure is verified, but a complete current seat-by-seat roster spanning all three staggered cohorts has not yet been reconciled. No vacancy is inferred."
Milford,milford-ma/representative-town-meeting-member,Precinct 5 / seat 06,,unresolved,https://milfordma.gov/DocumentCenter/View/3047/Official-Results-2026-Annual-Town-Election,2026-08-20,"The 240-seat elected structure is verified, but a complete current seat-by-seat roster spanning all three staggered cohorts has not yet been reconciled. No vacancy is inferred."
Milford,milford-ma/representative-town-meeting-member,Precinct 5 / seat 07,,unresolved,https://milfordma.gov/DocumentCenter/View/3047/Official-Results-2026-Annual-Town-Election,2026-08-20,"The 240-seat elected structure is verified, but a complete current seat-by-seat roster spanning all three staggered cohorts has not yet been reconciled. No vacancy is inferred."
Milford,milford-ma/representative-town-meeting-member,Precinct 5 / seat 08,,unresolved,https://milfordma.gov/DocumentCenter/View/3047/Official-Results-2026-Annual-Town-Election,2026-08-20,"The 240-seat elected structure is verified, but a complete current seat-by-seat roster spanning all three staggered cohorts has not yet been reconciled. No vacancy is inferred."
Milford,milford-ma/representative-town-meeting-member,Precinct 5 / seat 09,,unresolved,https://milfordma.gov/DocumentCenter/View/3047/Official-Results-2026-Annual-Town-Election,2026-08-20,"The 240-seat elected structure is verified, but a complete current seat-by-seat roster spanning all three staggered cohorts has not yet been reconciled. No vacancy is inferred."
Milford,milford-ma/representative-town-meeting-member,Precinct 5 / seat 10,,unresolved,https://milfordma.gov/DocumentCenter/View/3047/Official-Results-2026-Annual-Town-Election,2026-08-20,"The 240-seat elected structure is verified, but a complete current seat-by-seat roster spanning all three staggered cohorts has not yet been reconciled. No vacancy is inferred."
Milford,milford-ma/representative-town-meeting-member,Precinct 5 / seat 11,,unresolved,https://milfordma.gov/DocumentCenter/View/3047/Official-Results-2026-Annual-Town-Election,2026-08-20,"The 240-seat elected structure is verified, but a complete current seat-by-seat roster spanning all three staggered cohorts has not yet been reconciled. No vacancy is inferred."
Milford,milford-ma/representative-town-meeting-member,Precinct 5 / seat 12,,unresolved,https://milfordma.gov/DocumentCenter/View/3047/Official-Results-2026-Annual-Town-Election,2026-08-20,"The 240-seat elected structure is verified, but a complete current seat-by-seat roster spanning all three staggered cohorts has not yet been reconciled. No vacancy is inferred."
Milford,milford-ma/representative-town-meeting-member,Precinct 5 / seat 13,,unresolved,https://milfordma.gov/DocumentCenter/View/3047/Official-Results-2026-Annual-Town-Election,2026-08-20,"The 240-seat elected structure is verified, but a complete current seat-by-seat roster spanning all three staggered cohorts has not yet been reconciled. No vacancy is inferred."
Milford,milford-ma/representative-town-meeting-member,Precinct 5 / seat 14,,unresolved,https://milfordma.gov/DocumentCenter/View/3047/Official-Results-2026-Annual-Town-Election,2026-08-20,"The 240-seat elected structure is verified, but a complete current seat-by-seat roster spanning all three staggered cohorts has not yet been reconciled. No vacancy is inferred."
Milford,milford-ma/representative-town-meeting-member,Precinct 5 / seat 15,,unresolved,https://milfordma.gov/DocumentCenter/View/3047/Official-Results-2026-Annual-Town-Election,2026-08-20,"The 240-seat elected structure is verified, but a complete current seat-by-seat roster spanning all three staggered cohorts has not yet been reconciled. No vacancy is inferred."
Milford,milford-ma/representative-town-meeting-member,Precinct 5 / seat 16,,unresolved,https://milfordma.gov/DocumentCenter/View/3047/Official-Results-2026-Annual-Town-Election,2026-08-20,"The 240-seat elected structure is verified, but a complete current seat-by-seat roster spanning all three staggered cohorts has not yet been reconciled. No vacancy is inferred."
Milford,milford-ma/representative-town-meeting-member,Precinct 5 / seat 17,,unresolved,https://milfordma.gov/DocumentCenter/View/3047/Official-Results-2026-Annual-Town-Election,2026-08-20,"The 240-seat elected structure is verified, but a complete current seat-by-seat roster spanning all three staggered cohorts has not yet been reconciled. No vacancy is inferred."
Milford,milford-ma/representative-town-meeting-member,Precinct 5 / seat 18,,unresolved,https://milfordma.gov/DocumentCenter/View/3047/Official-Results-2026-Annual-Town-Election,2026-08-20,"The 240-seat elected structure is verified, but a complete current seat-by-seat roster spanning all three staggered cohorts has not yet been reconciled. No vacancy is inferred."
Milford,milford-ma/representative-town-meeting-member,Precinct 5 / seat 19,,unresolved,https://milfordma.gov/DocumentCenter/View/3047/Official-Results-2026-Annual-Town-Election,2026-08-20,"The 240-seat elected structure is verified, but a complete current seat-by-seat roster spanning all three staggered cohorts has not yet been reconciled. No vacancy is inferred."
Milford,milford-ma/representative-town-meeting-member,Precinct 5 / seat 20,,unresolved,https://milfordma.gov/DocumentCenter/View/3047/Official-Results-2026-Annual-Town-Election,2026-08-20,"The 240-seat elected structure is verified, but a complete current seat-by-seat roster spanning all three staggered cohorts has not yet been reconciled. No vacancy is inferred."
Milford,milford-ma/representative-town-meeting-member,Precinct 5 / seat 21,,unresolved,https://milfordma.gov/DocumentCenter/View/3047/Official-Results-2026-Annual-Town-Election,2026-08-20,"The 240-seat elected structure is verified, but a complete current seat-by-seat roster spanning all three staggered cohorts has not yet been reconciled. No vacancy is inferred."
Milford,milford-ma/representative-town-meeting-member,Precinct 5 / seat 22,,unresolved,https://milfordma.gov/DocumentCenter/View/3047/Official-Results-2026-Annual-Town-Election,2026-08-20,"The 240-seat elected structure is verified, but a complete current seat-by-seat roster spanning all three staggered cohorts has not yet been reconciled. No vacancy is inferred."
Milford,milford-ma/representative-town-meeting-member,Precinct 5 / seat 23,,unresolved,https://milfordma.gov/DocumentCenter/View/3047/Official-Results-2026-Annual-Town-Election,2026-08-20,"The 240-seat elected structure is verified, but a complete current seat-by-seat roster spanning all three staggered cohorts has not yet been reconciled. No vacancy is inferred."
Milford,milford-ma/representative-town-meeting-member,Precinct 5 / seat 24,,unresolved,https://milfordma.gov/DocumentCenter/View/3047/Official-Results-2026-Annual-Town-Election,2026-08-20,"The 240-seat elected structure is verified, but a complete current seat-by-seat roster spanning all three staggered cohorts has not yet been reconciled. No vacancy is inferred."
Milford,milford-ma/representative-town-meeting-member,Precinct 5 / seat 25,,unresolved,https://milfordma.gov/DocumentCenter/View/3047/Official-Results-2026-Annual-Town-Election,2026-08-20,"The 240-seat elected structure is verified, but a complete current seat-by-seat roster spanning all three staggered cohorts has not yet been reconciled. No vacancy is inferred."
Milford,milford-ma/representative-town-meeting-member,Precinct 5 / seat 26,,unresolved,https://milfordma.gov/DocumentCenter/View/3047/Official-Results-2026-Annual-Town-Election,2026-08-20,"The 240-seat elected structure is verified, but a complete current seat-by-seat roster spanning all three staggered cohorts has not yet been reconciled. No vacancy is inferred."
Milford,milford-ma/representative-town-meeting-member,Precinct 5 / seat 27,,unresolved,https://milfordma.gov/DocumentCenter/View/3047/Official-Results-2026-Annual-Town-Election,2026-08-20,"The 240-seat elected structure is verified, but a complete current seat-by-seat roster spanning all three staggered cohorts has not yet been reconciled. No vacancy is inferred."
Milford,milford-ma/representative-town-meeting-member,Precinct 5 / seat 28,,unresolved,https://milfordma.gov/DocumentCenter/View/3047/Official-Results-2026-Annual-Town-Election,2026-08-20,"The 240-seat elected structure is verified, but a complete current seat-by-seat roster spanning all three staggered cohorts has not yet been reconciled. No vacancy is inferred."
Milford,milford-ma/representative-town-meeting-member,Precinct 5 / seat 29,,unresolved,https://milfordma.gov/DocumentCenter/View/3047/Official-Results-2026-Annual-Town-Election,2026-08-20,"The 240-seat elected structure is verified, but a complete current seat-by-seat roster spanning all three staggered cohorts has not yet been reconciled. No vacancy is inferred."
Milford,milford-ma/representative-town-meeting-member,Precinct 5 / seat 30,,unresolved,https://milfordma.gov/DocumentCenter/View/3047/Official-Results-2026-Annual-Town-Election,2026-08-20,"The 240-seat elected structure is verified, but a complete current seat-by-seat roster spanning all three staggered cohorts has not yet been reconciled. No vacancy is inferred."
Milford,milford-ma/representative-town-meeting-member,Precinct 6 / seat 01,,unresolved,https://milfordma.gov/DocumentCenter/View/3047/Official-Results-2026-Annual-Town-Election,2026-08-20,"The 240-seat elected structure is verified, but a complete current seat-by-seat roster spanning all three staggered cohorts has not yet been reconciled. No vacancy is inferred."
Milford,milford-ma/representative-town-meeting-member,Precinct 6 / seat 02,,unresolved,https://milfordma.gov/DocumentCenter/View/3047/Official-Results-2026-Annual-Town-Election,2026-08-20,"The 240-seat elected structure is verified, but a complete current seat-by-seat roster spanning all three staggered cohorts has not yet been reconciled. No vacancy is inferred."
Milford,milford-ma/representative-town-meeting-member,Precinct 6 / seat 03,,unresolved,https://milfordma.gov/DocumentCenter/View/3047/Official-Results-2026-Annual-Town-Election,2026-08-20,"The 240-seat elected structure is verified, but a complete current seat-by-seat roster spanning all three staggered cohorts has not yet been reconciled. No vacancy is inferred."
Milford,milford-ma/representative-town-meeting-member,Precinct 6 / seat 04,,unresolved,https://milfordma.gov/DocumentCenter/View/3047/Official-Results-2026-Annual-Town-Election,2026-08-20,"The 240-seat elected structure is verified, but a complete current seat-by-seat roster spanning all three staggered cohorts has not yet been reconciled. No vacancy is inferred."
Milford,milford-ma/representative-town-meeting-member,Precinct 6 / seat 05,,unresolved,https://milfordma.gov/DocumentCenter/View/3047/Official-Results-2026-Annual-Town-Election,2026-08-20,"The 240-seat elected structure is verified, but a complete current seat-by-seat roster spanning all three staggered cohorts has not yet been reconciled. No vacancy is inferred."
Milford,milford-ma/representative-town-meeting-member,Precinct 6 / seat 06,,unresolved,https://milfordma.gov/DocumentCenter/View/3047/Official-Results-2026-Annual-Town-Election,2026-08-20,"The 240-seat elected structure is verified, but a complete current seat-by-seat roster spanning all three staggered cohorts has not yet been reconciled. No vacancy is inferred."
Milford,milford-ma/representative-town-meeting-member,Precinct 6 / seat 07,,unresolved,https://milfordma.gov/DocumentCenter/View/3047/Official-Results-2026-Annual-Town-Election,2026-08-20,"The 240-seat elected structure is verified, but a complete current seat-by-seat roster spanning all three staggered cohorts has not yet been reconciled. No vacancy is inferred."
Milford,milford-ma/representative-town-meeting-member,Precinct 6 / seat 08,,unresolved,https://milfordma.gov/DocumentCenter/View/3047/Official-Results-2026-Annual-Town-Election,2026-08-20,"The 240-seat elected structure is verified, but a complete current seat-by-seat roster spanning all three staggered cohorts has not yet been reconciled. No vacancy is inferred."
Milford,milford-ma/representative-town-meeting-member,Precinct 6 / seat 09,,unresolved,https://milfordma.gov/DocumentCenter/View/3047/Official-Results-2026-Annual-Town-Election,2026-08-20,"The 240-seat elected structure is verified, but a complete current seat-by-seat roster spanning all three staggered cohorts has not yet been reconciled. No vacancy is inferred."
Milford,milford-ma/representative-town-meeting-member,Precinct 6 / seat 10,,unresolved,https://milfordma.gov/DocumentCenter/View/3047/Official-Results-2026-Annual-Town-Election,2026-08-20,"The 240-seat elected structure is verified, but a complete current seat-by-seat roster spanning all three staggered cohorts has not yet been reconciled. No vacancy is inferred."
Milford,milford-ma/representative-town-meeting-member,Precinct 6 / seat 11,,unresolved,https://milfordma.gov/DocumentCenter/View/3047/Official-Results-2026-Annual-Town-Election,2026-08-20,"The 240-seat elected structure is verified, but a complete current seat-by-seat roster spanning all three staggered cohorts has not yet been reconciled. No vacancy is inferred."
Milford,milford-ma/representative-town-meeting-member,Precinct 6 / seat 12,,unresolved,https://milfordma.gov/DocumentCenter/View/3047/Official-Results-2026-Annual-Town-Election,2026-08-20,"The 240-seat elected structure is verified, but a complete current seat-by-seat roster spanning all three staggered cohorts has not yet been reconciled. No vacancy is inferred."
Milford,milford-ma/representative-town-meeting-member,Precinct 6 / seat 13,,unresolved,https://milfordma.gov/DocumentCenter/View/3047/Official-Results-2026-Annual-Town-Election,2026-08-20,"The 240-seat elected structure is verified, but a complete current seat-by-seat roster spanning all three staggered cohorts has not yet been reconciled. No vacancy is inferred."
Milford,milford-ma/representative-town-meeting-member,Precinct 6 / seat 14,,unresolved,https://milfordma.gov/DocumentCenter/View/3047/Official-Results-2026-Annual-Town-Election,2026-08-20,"The 240-seat elected structure is verified, but a complete current seat-by-seat roster spanning all three staggered cohorts has not yet been reconciled. No vacancy is inferred."
Milford,milford-ma/representative-town-meeting-member,Precinct 6 / seat 15,,unresolved,https://milfordma.gov/DocumentCenter/View/3047/Official-Results-2026-Annual-Town-Election,2026-08-20,"The 240-seat elected structure is verified, but a complete current seat-by-seat roster spanning all three staggered cohorts has not yet been reconciled. No vacancy is inferred."
Milford,milford-ma/representative-town-meeting-member,Precinct 6 / seat 16,,unresolved,https://milfordma.gov/DocumentCenter/View/3047/Official-Results-2026-Annual-Town-Election,2026-08-20,"The 240-seat elected structure is verified, but a complete current seat-by-seat roster spanning all three staggered cohorts has not yet been reconciled. No vacancy is inferred."
Milford,milford-ma/representative-town-meeting-member,Precinct 6 / seat 17,,unresolved,https://milfordma.gov/DocumentCenter/View/3047/Official-Results-2026-Annual-Town-Election,2026-08-20,"The 240-seat elected structure is verified, but a complete current seat-by-seat roster spanning all three staggered cohorts has not yet been reconciled. No vacancy is inferred."
Milford,milford-ma/representative-town-meeting-member,Precinct 6 / seat 18,,unresolved,https://milfordma.gov/DocumentCenter/View/3047/Official-Results-2026-Annual-Town-Election,2026-08-20,"The 240-seat elected structure is verified, but a complete current seat-by-seat roster spanning all three staggered cohorts has not yet been reconciled. No vacancy is inferred."
Milford,milford-ma/representative-town-meeting-member,Precinct 6 / seat 19,,unresolved,https://milfordma.gov/DocumentCenter/View/3047/Official-Results-2026-Annual-Town-Election,2026-08-20,"The 240-seat elected structure is verified, but a complete current seat-by-seat roster spanning all three staggered cohorts has not yet been reconciled. No vacancy is inferred."
Milford,milford-ma/representative-town-meeting-member,Precinct 6 / seat 20,,unresolved,https://milfordma.gov/DocumentCenter/View/3047/Official-Results-2026-Annual-Town-Election,2026-08-20,"The 240-seat elected structure is verified, but a complete current seat-by-seat roster spanning all three staggered cohorts has not yet been reconciled. No vacancy is inferred."
Milford,milford-ma/representative-town-meeting-member,Precinct 6 / seat 21,,unresolved,https://milfordma.gov/DocumentCenter/View/3047/Official-Results-2026-Annual-Town-Election,2026-08-20,"The 240-seat elected structure is verified, but a complete current seat-by-seat roster spanning all three staggered cohorts has not yet been reconciled. No vacancy is inferred."
Milford,milford-ma/representative-town-meeting-member,Precinct 6 / seat 22,,unresolved,https://milfordma.gov/DocumentCenter/View/3047/Official-Results-2026-Annual-Town-Election,2026-08-20,"The 240-seat elected structure is verified, but a complete current seat-by-seat roster spanning all three staggered cohorts has not yet been reconciled. No vacancy is inferred."
Milford,milford-ma/representative-town-meeting-member,Precinct 6 / seat 23,,unresolved,https://milfordma.gov/DocumentCenter/View/3047/Official-Results-2026-Annual-Town-Election,2026-08-20,"The 240-seat elected structure is verified, but a complete current seat-by-seat roster spanning all three staggered cohorts has not yet been reconciled. No vacancy is inferred."
Milford,milford-ma/representative-town-meeting-member,Precinct 6 / seat 24,,unresolved,https://milfordma.gov/DocumentCenter/View/3047/Official-Results-2026-Annual-Town-Election,2026-08-20,"The 240-seat elected structure is verified, but a complete current seat-by-seat roster spanning all three staggered cohorts has not yet been reconciled. No vacancy is inferred."
Milford,milford-ma/representative-town-meeting-member,Precinct 6 / seat 25,,unresolved,https://milfordma.gov/DocumentCenter/View/3047/Official-Results-2026-Annual-Town-Election,2026-08-20,"The 240-seat elected structure is verified, but a complete current seat-by-seat roster spanning all three staggered cohorts has not yet been reconciled. No vacancy is inferred."
Milford,milford-ma/representative-town-meeting-member,Precinct 6 / seat 26,,unresolved,https://milfordma.gov/DocumentCenter/View/3047/Official-Results-2026-Annual-Town-Election,2026-08-20,"The 240-seat elected structure is verified, but a complete current seat-by-seat roster spanning all three staggered cohorts has not yet been reconciled. No vacancy is inferred."
Milford,milford-ma/representative-town-meeting-member,Precinct 6 / seat 27,,unresolved,https://milfordma.gov/DocumentCenter/View/3047/Official-Results-2026-Annual-Town-Election,2026-08-20,"The 240-seat elected structure is verified, but a complete current seat-by-seat roster spanning all three staggered cohorts has not yet been reconciled. No vacancy is inferred."
Milford,milford-ma/representative-town-meeting-member,Precinct 6 / seat 28,,unresolved,https://milfordma.gov/DocumentCenter/View/3047/Official-Results-2026-Annual-Town-Election,2026-08-20,"The 240-seat elected structure is verified, but a complete current seat-by-seat roster spanning all three staggered cohorts has not yet been reconciled. No vacancy is inferred."
Milford,milford-ma/representative-town-meeting-member,Precinct 6 / seat 29,,unresolved,https://milfordma.gov/DocumentCenter/View/3047/Official-Results-2026-Annual-Town-Election,2026-08-20,"The 240-seat elected structure is verified, but a complete current seat-by-seat roster spanning all three staggered cohorts has not yet been reconciled. No vacancy is inferred."
Milford,milford-ma/representative-town-meeting-member,Precinct 6 / seat 30,,unresolved,https://milfordma.gov/DocumentCenter/View/3047/Official-Results-2026-Annual-Town-Election,2026-08-20,"The 240-seat elected structure is verified, but a complete current seat-by-seat roster spanning all three staggered cohorts has not yet been reconciled. No vacancy is inferred."
Milford,milford-ma/representative-town-meeting-member,Precinct 7 / seat 01,,unresolved,https://milfordma.gov/DocumentCenter/View/3047/Official-Results-2026-Annual-Town-Election,2026-08-20,"The 240-seat elected structure is verified, but a complete current seat-by-seat roster spanning all three staggered cohorts has not yet been reconciled. No vacancy is inferred."
Milford,milford-ma/representative-town-meeting-member,Precinct 7 / seat 02,,unresolved,https://milfordma.gov/DocumentCenter/View/3047/Official-Results-2026-Annual-Town-Election,2026-08-20,"The 240-seat elected structure is verified, but a complete current seat-by-seat roster spanning all three staggered cohorts has not yet been reconciled. No vacancy is inferred."
Milford,milford-ma/representative-town-meeting-member,Precinct 7 / seat 03,,unresolved,https://milfordma.gov/DocumentCenter/View/3047/Official-Results-2026-Annual-Town-Election,2026-08-20,"The 240-seat elected structure is verified, but a complete current seat-by-seat roster spanning all three staggered cohorts has not yet been reconciled. No vacancy is inferred."
Milford,milford-ma/representative-town-meeting-member,Precinct 7 / seat 04,,unresolved,https://milfordma.gov/DocumentCenter/View/3047/Official-Results-2026-Annual-Town-Election,2026-08-20,"The 240-seat elected structure is verified, but a complete current seat-by-seat roster spanning all three staggered cohorts has not yet been reconciled. No vacancy is inferred."
Milford,milford-ma/representative-town-meeting-member,Precinct 7 / seat 05,,unresolved,https://milfordma.gov/DocumentCenter/View/3047/Official-Results-2026-Annual-Town-Election,2026-08-20,"The 240-seat elected structure is verified, but a complete current seat-by-seat roster spanning all three staggered cohorts has not yet been reconciled. No vacancy is inferred."
Milford,milford-ma/representative-town-meeting-member,Precinct 7 / seat 06,,unresolved,https://milfordma.gov/DocumentCenter/View/3047/Official-Results-2026-Annual-Town-Election,2026-08-20,"The 240-seat elected structure is verified, but a complete current seat-by-seat roster spanning all three staggered cohorts has not yet been reconciled. No vacancy is inferred."
Milford,milford-ma/representative-town-meeting-member,Precinct 7 / seat 07,,unresolved,https://milfordma.gov/DocumentCenter/View/3047/Official-Results-2026-Annual-Town-Election,2026-08-20,"The 240-seat elected structure is verified, but a complete current seat-by-seat roster spanning all three staggered cohorts has not yet been reconciled. No vacancy is inferred."
Milford,milford-ma/representative-town-meeting-member,Precinct 7 / seat 08,,unresolved,https://milfordma.gov/DocumentCenter/View/3047/Official-Results-2026-Annual-Town-Election,2026-08-20,"The 240-seat elected structure is verified, but a complete current seat-by-seat roster spanning all three staggered cohorts has not yet been reconciled. No vacancy is inferred."
Milford,milford-ma/representative-town-meeting-member,Precinct 7 / seat 09,,unresolved,https://milfordma.gov/DocumentCenter/View/3047/Official-Results-2026-Annual-Town-Election,2026-08-20,"The 240-seat elected structure is verified, but a complete current seat-by-seat roster spanning all three staggered cohorts has not yet been reconciled. No vacancy is inferred."
Milford,milford-ma/representative-town-meeting-member,Precinct 7 / seat 10,,unresolved,https://milfordma.gov/DocumentCenter/View/3047/Official-Results-2026-Annual-Town-Election,2026-08-20,"The 240-seat elected structure is verified, but a complete current seat-by-seat roster spanning all three staggered cohorts has not yet been reconciled. No vacancy is inferred."
Milford,milford-ma/representative-town-meeting-member,Precinct 7 / seat 11,,unresolved,https://milfordma.gov/DocumentCenter/View/3047/Official-Results-2026-Annual-Town-Election,2026-08-20,"The 240-seat elected structure is verified, but a complete current seat-by-seat roster spanning all three staggered cohorts has not yet been reconciled. No vacancy is inferred."
Milford,milford-ma/representative-town-meeting-member,Precinct 7 / seat 12,,unresolved,https://milfordma.gov/DocumentCenter/View/3047/Official-Results-2026-Annual-Town-Election,2026-08-20,"The 240-seat elected structure is verified, but a complete current seat-by-seat roster spanning all three staggered cohorts has not yet been reconciled. No vacancy is inferred."
Milford,milford-ma/representative-town-meeting-member,Precinct 7 / seat 13,,unresolved,https://milfordma.gov/DocumentCenter/View/3047/Official-Results-2026-Annual-Town-Election,2026-08-20,"The 240-seat elected structure is verified, but a complete current seat-by-seat roster spanning all three staggered cohorts has not yet been reconciled. No vacancy is inferred."
Milford,milford-ma/representative-town-meeting-member,Precinct 7 / seat 14,,unresolved,https://milfordma.gov/DocumentCenter/View/3047/Official-Results-2026-Annual-Town-Election,2026-08-20,"The 240-seat elected structure is verified, but a complete current seat-by-seat roster spanning all three staggered cohorts has not yet been reconciled. No vacancy is inferred."
Milford,milford-ma/representative-town-meeting-member,Precinct 7 / seat 15,,unresolved,https://milfordma.gov/DocumentCenter/View/3047/Official-Results-2026-Annual-Town-Election,2026-08-20,"The 240-seat elected structure is verified, but a complete current seat-by-seat roster spanning all three staggered cohorts has not yet been reconciled. No vacancy is inferred."
Milford,milford-ma/representative-town-meeting-member,Precinct 7 / seat 16,,unresolved,https://milfordma.gov/DocumentCenter/View/3047/Official-Results-2026-Annual-Town-Election,2026-08-20,"The 240-seat elected structure is verified, but a complete current seat-by-seat roster spanning all three staggered cohorts has not yet been reconciled. No vacancy is inferred."
Milford,milford-ma/representative-town-meeting-member,Precinct 7 / seat 17,,unresolved,https://milfordma.gov/DocumentCenter/View/3047/Official-Results-2026-Annual-Town-Election,2026-08-20,"The 240-seat elected structure is verified, but a complete current seat-by-seat roster spanning all three staggered cohorts has not yet been reconciled. No vacancy is inferred."
Milford,milford-ma/representative-town-meeting-member,Precinct 7 / seat 18,,unresolved,https://milfordma.gov/DocumentCenter/View/3047/Official-Results-2026-Annual-Town-Election,2026-08-20,"The 240-seat elected structure is verified, but a complete current seat-by-seat roster spanning all three staggered cohorts has not yet been reconciled. No vacancy is inferred."
Milford,milford-ma/representative-town-meeting-member,Precinct 7 / seat 19,,unresolved,https://milfordma.gov/DocumentCenter/View/3047/Official-Results-2026-Annual-Town-Election,2026-08-20,"The 240-seat elected structure is verified, but a complete current seat-by-seat roster spanning all three staggered cohorts has not yet been reconciled. No vacancy is inferred."
Milford,milford-ma/representative-town-meeting-member,Precinct 7 / seat 20,,unresolved,https://milfordma.gov/DocumentCenter/View/3047/Official-Results-2026-Annual-Town-Election,2026-08-20,"The 240-seat elected structure is verified, but a complete current seat-by-seat roster spanning all three staggered cohorts has not yet been reconciled. No vacancy is inferred."
Milford,milford-ma/representative-town-meeting-member,Precinct 7 / seat 21,,unresolved,https://milfordma.gov/DocumentCenter/View/3047/Official-Results-2026-Annual-Town-Election,2026-08-20,"The 240-seat elected structure is verified, but a complete current seat-by-seat roster spanning all three staggered cohorts has not yet been reconciled. No vacancy is inferred."
Milford,milford-ma/representative-town-meeting-member,Precinct 7 / seat 22,,unresolved,https://milfordma.gov/DocumentCenter/View/3047/Official-Results-2026-Annual-Town-Election,2026-08-20,"The 240-seat elected structure is verified, but a complete current seat-by-seat roster spanning all three staggered cohorts has not yet been reconciled. No vacancy is inferred."
Milford,milford-ma/representative-town-meeting-member,Precinct 7 / seat 23,,unresolved,https://milfordma.gov/DocumentCenter/View/3047/Official-Results-2026-Annual-Town-Election,2026-08-20,"The 240-seat elected structure is verified, but a complete current seat-by-seat roster spanning all three staggered cohorts has not yet been reconciled. No vacancy is inferred."
Milford,milford-ma/representative-town-meeting-member,Precinct 7 / seat 24,,unresolved,https://milfordma.gov/DocumentCenter/View/3047/Official-Results-2026-Annual-Town-Election,2026-08-20,"The 240-seat elected structure is verified, but a complete current seat-by-seat roster spanning all three staggered cohorts has not yet been reconciled. No vacancy is inferred."
Milford,milford-ma/representative-town-meeting-member,Precinct 7 / seat 25,,unresolved,https://milfordma.gov/DocumentCenter/View/3047/Official-Results-2026-Annual-Town-Election,2026-08-20,"The 240-seat elected structure is verified, but a complete current seat-by-seat roster spanning all three staggered cohorts has not yet been reconciled. No vacancy is inferred."
Milford,milford-ma/representative-town-meeting-member,Precinct 7 / seat 26,,unresolved,https://milfordma.gov/DocumentCenter/View/3047/Official-Results-2026-Annual-Town-Election,2026-08-20,"The 240-seat elected structure is verified, but a complete current seat-by-seat roster spanning all three staggered cohorts has not yet been reconciled. No vacancy is inferred."
Milford,milford-ma/representative-town-meeting-member,Precinct 7 / seat 27,,unresolved,https://milfordma.gov/DocumentCenter/View/3047/Official-Results-2026-Annual-Town-Election,2026-08-20,"The 240-seat elected structure is verified, but a complete current seat-by-seat roster spanning all three staggered cohorts has not yet been reconciled. No vacancy is inferred."
Milford,milford-ma/representative-town-meeting-member,Precinct 7 / seat 28,,unresolved,https://milfordma.gov/DocumentCenter/View/3047/Official-Results-2026-Annual-Town-Election,2026-08-20,"The 240-seat elected structure is verified, but a complete current seat-by-seat roster spanning all three staggered cohorts has not yet been reconciled. No vacancy is inferred."
Milford,milford-ma/representative-town-meeting-member,Precinct 7 / seat 29,,unresolved,https://milfordma.gov/DocumentCenter/View/3047/Official-Results-2026-Annual-Town-Election,2026-08-20,"The 240-seat elected structure is verified, but a complete current seat-by-seat roster spanning all three staggered cohorts has not yet been reconciled. No vacancy is inferred."
Milford,milford-ma/representative-town-meeting-member,Precinct 7 / seat 30,,unresolved,https://milfordma.gov/DocumentCenter/View/3047/Official-Results-2026-Annual-Town-Election,2026-08-20,"The 240-seat elected structure is verified, but a complete current seat-by-seat roster spanning all three staggered cohorts has not yet been reconciled. No vacancy is inferred."
Milford,milford-ma/representative-town-meeting-member,Precinct 8 / seat 01,,unresolved,https://milfordma.gov/DocumentCenter/View/3047/Official-Results-2026-Annual-Town-Election,2026-08-20,"The 240-seat elected structure is verified, but a complete current seat-by-seat roster spanning all three staggered cohorts has not yet been reconciled. No vacancy is inferred."
Milford,milford-ma/representative-town-meeting-member,Precinct 8 / seat 02,,unresolved,https://milfordma.gov/DocumentCenter/View/3047/Official-Results-2026-Annual-Town-Election,2026-08-20,"The 240-seat elected structure is verified, but a complete current seat-by-seat roster spanning all three staggered cohorts has not yet been reconciled. No vacancy is inferred."
Milford,milford-ma/representative-town-meeting-member,Precinct 8 / seat 03,,unresolved,https://milfordma.gov/DocumentCenter/View/3047/Official-Results-2026-Annual-Town-Election,2026-08-20,"The 240-seat elected structure is verified, but a complete current seat-by-seat roster spanning all three staggered cohorts has not yet been reconciled. No vacancy is inferred."
Milford,milford-ma/representative-town-meeting-member,Precinct 8 / seat 04,,unresolved,https://milfordma.gov/DocumentCenter/View/3047/Official-Results-2026-Annual-Town-Election,2026-08-20,"The 240-seat elected structure is verified, but a complete current seat-by-seat roster spanning all three staggered cohorts has not yet been reconciled. No vacancy is inferred."
Milford,milford-ma/representative-town-meeting-member,Precinct 8 / seat 05,,unresolved,https://milfordma.gov/DocumentCenter/View/3047/Official-Results-2026-Annual-Town-Election,2026-08-20,"The 240-seat elected structure is verified, but a complete current seat-by-seat roster spanning all three staggered cohorts has not yet been reconciled. No vacancy is inferred."
Milford,milford-ma/representative-town-meeting-member,Precinct 8 / seat 06,,unresolved,https://milfordma.gov/DocumentCenter/View/3047/Official-Results-2026-Annual-Town-Election,2026-08-20,"The 240-seat elected structure is verified, but a complete current seat-by-seat roster spanning all three staggered cohorts has not yet been reconciled. No vacancy is inferred."
Milford,milford-ma/representative-town-meeting-member,Precinct 8 / seat 07,,unresolved,https://milfordma.gov/DocumentCenter/View/3047/Official-Results-2026-Annual-Town-Election,2026-08-20,"The 240-seat elected structure is verified, but a complete current seat-by-seat roster spanning all three staggered cohorts has not yet been reconciled. No vacancy is inferred."
Milford,milford-ma/representative-town-meeting-member,Precinct 8 / seat 08,,unresolved,https://milfordma.gov/DocumentCenter/View/3047/Official-Results-2026-Annual-Town-Election,2026-08-20,"The 240-seat elected structure is verified, but a complete current seat-by-seat roster spanning all three staggered cohorts has not yet been reconciled. No vacancy is inferred."
Milford,milford-ma/representative-town-meeting-member,Precinct 8 / seat 09,,unresolved,https://milfordma.gov/DocumentCenter/View/3047/Official-Results-2026-Annual-Town-Election,2026-08-20,"The 240-seat elected structure is verified, but a complete current seat-by-seat roster spanning all three staggered cohorts has not yet been reconciled. No vacancy is inferred."
Milford,milford-ma/representative-town-meeting-member,Precinct 8 / seat 10,,unresolved,https://milfordma.gov/DocumentCenter/View/3047/Official-Results-2026-Annual-Town-Election,2026-08-20,"The 240-seat elected structure is verified, but a complete current seat-by-seat roster spanning all three staggered cohorts has not yet been reconciled. No vacancy is inferred."
Milford,milford-ma/representative-town-meeting-member,Precinct 8 / seat 11,,unresolved,https://milfordma.gov/DocumentCenter/View/3047/Official-Results-2026-Annual-Town-Election,2026-08-20,"The 240-seat elected structure is verified, but a complete current seat-by-seat roster spanning all three staggered cohorts has not yet been reconciled. No vacancy is inferred."
Milford,milford-ma/representative-town-meeting-member,Precinct 8 / seat 12,,unresolved,https://milfordma.gov/DocumentCenter/View/3047/Official-Results-2026-Annual-Town-Election,2026-08-20,"The 240-seat elected structure is verified, but a complete current seat-by-seat roster spanning all three staggered cohorts has not yet been reconciled. No vacancy is inferred."
Milford,milford-ma/representative-town-meeting-member,Precinct 8 / seat 13,,unresolved,https://milfordma.gov/DocumentCenter/View/3047/Official-Results-2026-Annual-Town-Election,2026-08-20,"The 240-seat elected structure is verified, but a complete current seat-by-seat roster spanning all three staggered cohorts has not yet been reconciled. No vacancy is inferred."
Milford,milford-ma/representative-town-meeting-member,Precinct 8 / seat 14,,unresolved,https://milfordma.gov/DocumentCenter/View/3047/Official-Results-2026-Annual-Town-Election,2026-08-20,"The 240-seat elected structure is verified, but a complete current seat-by-seat roster spanning all three staggered cohorts has not yet been reconciled. No vacancy is inferred."
Milford,milford-ma/representative-town-meeting-member,Precinct 8 / seat 15,,unresolved,https://milfordma.gov/DocumentCenter/View/3047/Official-Results-2026-Annual-Town-Election,2026-08-20,"The 240-seat elected structure is verified, but a complete current seat-by-seat roster spanning all three staggered cohorts has not yet been reconciled. No vacancy is inferred."
Milford,milford-ma/representative-town-meeting-member,Precinct 8 / seat 16,,unresolved,https://milfordma.gov/DocumentCenter/View/3047/Official-Results-2026-Annual-Town-Election,2026-08-20,"The 240-seat elected structure is verified, but a complete current seat-by-seat roster spanning all three staggered cohorts has not yet been reconciled. No vacancy is inferred."
Milford,milford-ma/representative-town-meeting-member,Precinct 8 / seat 17,,unresolved,https://milfordma.gov/DocumentCenter/View/3047/Official-Results-2026-Annual-Town-Election,2026-08-20,"The 240-seat elected structure is verified, but a complete current seat-by-seat roster spanning all three staggered cohorts has not yet been reconciled. No vacancy is inferred."
Milford,milford-ma/representative-town-meeting-member,Precinct 8 / seat 18,,unresolved,https://milfordma.gov/DocumentCenter/View/3047/Official-Results-2026-Annual-Town-Election,2026-08-20,"The 240-seat elected structure is verified, but a complete current seat-by-seat roster spanning all three staggered cohorts has not yet been reconciled. No vacancy is inferred."
Milford,milford-ma/representative-town-meeting-member,Precinct 8 / seat 19,,unresolved,https://milfordma.gov/DocumentCenter/View/3047/Official-Results-2026-Annual-Town-Election,2026-08-20,"The 240-seat elected structure is verified, but a complete current seat-by-seat roster spanning all three staggered cohorts has not yet been reconciled. No vacancy is inferred."
Milford,milford-ma/representative-town-meeting-member,Precinct 8 / seat 20,,unresolved,https://milfordma.gov/DocumentCenter/View/3047/Official-Results-2026-Annual-Town-Election,2026-08-20,"The 240-seat elected structure is verified, but a complete current seat-by-seat roster spanning all three staggered cohorts has not yet been reconciled. No vacancy is inferred."
Milford,milford-ma/representative-town-meeting-member,Precinct 8 / seat 21,,unresolved,https://milfordma.gov/DocumentCenter/View/3047/Official-Results-2026-Annual-Town-Election,2026-08-20,"The 240-seat elected structure is verified, but a complete current seat-by-seat roster spanning all three staggered cohorts has not yet been reconciled. No vacancy is inferred."
Milford,milford-ma/representative-town-meeting-member,Precinct 8 / seat 22,,unresolved,https://milfordma.gov/DocumentCenter/View/3047/Official-Results-2026-Annual-Town-Election,2026-08-20,"The 240-seat elected structure is verified, but a complete current seat-by-seat roster spanning all three staggered cohorts has not yet been reconciled. No vacancy is inferred."
Milford,milford-ma/representative-town-meeting-member,Precinct 8 / seat 23,,unresolved,https://milfordma.gov/DocumentCenter/View/3047/Official-Results-2026-Annual-Town-Election,2026-08-20,"The 240-seat elected structure is verified, but a complete current seat-by-seat roster spanning all three staggered cohorts has not yet been reconciled. No vacancy is inferred."
Milford,milford-ma/representative-town-meeting-member,Precinct 8 / seat 24,,unresolved,https://milfordma.gov/DocumentCenter/View/3047/Official-Results-2026-Annual-Town-Election,2026-08-20,"The 240-seat elected structure is verified, but a complete current seat-by-seat roster spanning all three staggered cohorts has not yet been reconciled. No vacancy is inferred."
Milford,milford-ma/representative-town-meeting-member,Precinct 8 / seat 25,,unresolved,https://milfordma.gov/DocumentCenter/View/3047/Official-Results-2026-Annual-Town-Election,2026-08-20,"The 240-seat elected structure is verified, but a complete current seat-by-seat roster spanning all three staggered cohorts has not yet been reconciled. No vacancy is inferred."
Milford,milford-ma/representative-town-meeting-member,Precinct 8 / seat 26,,unresolved,https://milfordma.gov/DocumentCenter/View/3047/Official-Results-2026-Annual-Town-Election,2026-08-20,"The 240-seat elected structure is verified, but a complete current seat-by-seat roster spanning all three staggered cohorts has not yet been reconciled. No vacancy is inferred."
Milford,milford-ma/representative-town-meeting-member,Precinct 8 / seat 27,,unresolved,https://milfordma.gov/DocumentCenter/View/3047/Official-Results-2026-Annual-Town-Election,2026-08-20,"The 240-seat elected structure is verified, but a complete current seat-by-seat roster spanning all three staggered cohorts has not yet been reconciled. No vacancy is inferred."
Milford,milford-ma/representative-town-meeting-member,Precinct 8 / seat 28,,unresolved,https://milfordma.gov/DocumentCenter/View/3047/Official-Results-2026-Annual-Town-Election,2026-08-20,"The 240-seat elected structure is verified, but a complete current seat-by-seat roster spanning all three staggered cohorts has not yet been reconciled. No vacancy is inferred."
Milford,milford-ma/representative-town-meeting-member,Precinct 8 / seat 29,,unresolved,https://milfordma.gov/DocumentCenter/View/3047/Official-Results-2026-Annual-Town-Election,2026-08-20,"The 240-seat elected structure is verified, but a complete current seat-by-seat roster spanning all three staggered cohorts has not yet been reconciled. No vacancy is inferred."
Milford,milford-ma/representative-town-meeting-member,Precinct 8 / seat 30,,unresolved,https://milfordma.gov/DocumentCenter/View/3047/Official-Results-2026-Annual-Town-Election,2026-08-20,"The 240-seat elected structure is verified, but a complete current seat-by-seat roster spanning all three staggered cohorts has not yet been reconciled. No vacancy is inferred."
Millbury,millbury-ma/select-board-member,,Mary Krumsiek,verified-current,https://www.millburyma.gov/board-selectmen/files/annual-town-report-fy2025,2026-08-20,
Millbury,millbury-ma/select-board-member,,Brian A. Sora,verified-current,https://www.millburyma.gov/board-selectmen/files/annual-town-report-fy2025,2026-08-20,
Millbury,millbury-ma/select-board-member,,Nicholas Lazzaro,verified-current,https://www.millburyma.gov/board-selectmen/files/annual-town-report-fy2025,2026-08-20,
Millbury,millbury-ma/select-board-member,,Brian Tagg,verified-current,https://www.millburyma.gov/board-selectmen/files/annual-town-report-fy2025,2026-08-20,
Millbury,millbury-ma/select-board-member,,Michael R. Gilchrist,verified-current,https://www.millburyma.gov/,2026-08-20,Current post-2026 roster research; not inferred from the FY2025 annual report.
Millbury,millbury-ma/assessor,,Jonathan M. Cammuso,verified-current,https://www.millburyma.gov/board-selectmen/files/annual-town-report-fy2025,2026-08-20,
Millbury,millbury-ma/assessor,,Jean L. Moroski,verified-current,https://www.millburyma.gov/board-selectmen/files/annual-town-report-fy2025,2026-08-20,
Millbury,millbury-ma/assessor,,Harold F. Proodian,verified-current,https://www.millburyma.gov/board-selectmen/files/annual-town-report-fy2025,2026-08-20,
Millbury,millbury-ma/school-committee-member,,Christopher Wilbur,verified-current,https://www.millburyma.gov/board-selectmen/files/annual-town-report-fy2025,2026-08-20,
Millbury,millbury-ma/school-committee-member,,Jessica L. Bristol,verified-current,https://www.millburyma.gov/board-selectmen/files/annual-town-report-fy2025,2026-08-20,
Millbury,millbury-ma/school-committee-member,,Kristen Birch,verified-current,https://www.millburyma.gov/board-selectmen/files/annual-town-report-fy2025,2026-08-20,
Millbury,millbury-ma/school-committee-member,,Michael S. Taber,verified-current,https://www.millburyma.gov/board-selectmen/files/annual-town-report-fy2025,2026-08-20,
Millbury,millbury-ma/school-committee-member,,Christine A. Pugliese-Savage,verified-current,https://www.millburyma.gov/board-selectmen/files/annual-town-report-fy2025,2026-08-20,
Millbury,millbury-ma/redevelopment-authority-member,,Leonard F. Mort,verified-current,https://www.millburyma.gov/board-selectmen/files/annual-town-report-fy2025,2026-08-20,
Millbury,millbury-ma/redevelopment-authority-member,,Harold F. Proodian,verified-current,https://www.millburyma.gov/board-selectmen/files/annual-town-report-fy2025,2026-08-20,
Millbury,millbury-ma/redevelopment-authority-member,,Sean Michael Cooper,verified-current,https://www.millburyma.gov/,2026-08-20,Current post-2026 roster research.
Millbury,millbury-ma/redevelopment-authority-member,,Robert G. O’Brien,verified-current,https://www.millburyma.gov/,2026-08-20,Current post-2026 roster research.
Millbury,millbury-ma/redevelopment-authority-member,vacant redevelopment-authority seat,,vacant,https://www.millburyma.gov/,2026-08-20,Current roster research identifies one explicit vacancy.
Millbury,millbury-ma/board-of-health-member,,John H. Dufresne,verified-current,https://www.millburyma.gov/board-selectmen/files/annual-town-report-fy2025,2026-08-20,
Millbury,millbury-ma/board-of-health-member,,Ronald J. Marlborough,verified-current,https://www.millburyma.gov/board-selectmen/files/annual-town-report-fy2025,2026-08-20,
Millbury,millbury-ma/board-of-health-member,,James M. Morin,verified-current,https://www.millburyma.gov/board-selectmen/files/annual-town-report-fy2025,2026-08-20,
Millbury,millbury-ma/housing-authority-member,,Sherry J. Forleo,verified-current,https://www.millburyma.gov/board-selectmen/files/annual-town-report-fy2025,2026-08-20,
Millbury,millbury-ma/housing-authority-member,,Michael K. Michalak Sr.,verified-current,https://www.millburyma.gov/board-selectmen/files/annual-town-report-fy2025,2026-08-20,
Millbury,millbury-ma/housing-authority-member,vacant locally elected housing-authority seat,,vacant,https://www.millburyma.gov/,2026-08-20,Current roster research identifies one vacancy among the three locally elected seats.
Millbury,millbury-ma/planning-board-member,,Bruce M. DeVault,verified-current,https://www.millburyma.gov/board-selectmen/files/annual-town-report-fy2025,2026-08-20,
Millbury,millbury-ma/planning-board-member,,Paul A. Piktelis,verified-current,https://www.millburyma.gov/board-selectmen/files/annual-town-report-fy2025,2026-08-20,
Millbury,millbury-ma/planning-board-member,,Tony Ngo,verified-current,https://www.millburyma.gov/board-selectmen/files/annual-town-report-fy2025,2026-08-20,
Millbury,millbury-ma/planning-board-member,,Francis P. DeSimone,verified-current,https://www.millburyma.gov/board-selectmen/files/annual-town-report-fy2025,2026-08-20,
Millbury,millbury-ma/planning-board-member,,Melody A. Belliveau,verified-current,https://www.millburyma.gov/,2026-08-20,Current post-2026 roster research.
Millbury,millbury-ma/library-trustee,,Keith St. Denis,verified-current,https://www.millburyma.gov/board-selectmen/files/annual-town-report-fy2025,2026-08-20,
Millbury,millbury-ma/library-trustee,,Eric Boll,verified-current,https://www.millburyma.gov/board-selectmen/files/annual-town-report-fy2025,2026-08-20,
Millbury,millbury-ma/library-trustee,,Linda M. Gosselin,verified-current,https://www.millburyma.gov/board-selectmen/files/annual-town-report-fy2025,2026-08-20,
Millbury,millbury-ma/library-trustee,,Christine Brady,verified-current,https://www.millburyma.gov/board-selectmen/files/annual-town-report-fy2025,2026-08-20,
Millbury,millbury-ma/library-trustee,,Christine Fintzel,verified-current,https://www.millburyma.gov/board-selectmen/files/annual-town-report-fy2025,2026-08-20,
Millbury,millbury-ma/library-trustee,,Stephanie Phillips,verified-current,https://www.millburyma.gov/AgendaCenter/ViewFile/Agenda/_06232026-696,2026-08-20,
Millbury,millbury-ma/library-trustee,unresolved library-trustee seat,,unresolved,https://www.millburyma.gov/AgendaCenter/ViewFile/Agenda/_06232026-696,2026-08-20,"Seven elected seats are established, but the current official materials reviewed reconcile only six names. No vacancy is inferred."
Millbury,millbury-ma/moderator,,Jim McKenna,verified-current,https://www.millburyma.gov/board-selectmen/files/annual-town-report-fy2025,2026-08-20,
Millbury,millbury-ma/blackstone-valley-regional-vocational-school-committee-member,,Jan P. Hanratty,verified-current,https://www.valleytech.k12.ma.us/about/district/schoolcommittee,2026-08-20,
Millis,millis-ma/select-board-member,,James McKay,verified-current,https://www.mma.org/community/millis/,2026-08-20,Current officeholder identity supported by the Massachusetts Municipal Association community directory; official post-election town roster was not located.
Millis,millis-ma/select-board-member,,Ellen Rosenfeld,verified-current,https://www.mma.org/community/millis/,2026-08-20,Current officeholder identity supported by the Massachusetts Municipal Association community directory; official post-election town roster was not located.
Millis,millis-ma/select-board-member,,Craig Schultze,verified-current,https://www.mma.org/community/millis/,2026-08-20,Current officeholder identity supported by the Massachusetts Municipal Association community directory; official post-election town roster was not located.
Millis,millis-ma/moderator,,Robert Cantoreggi,verified-current,https://www.millisma.gov/staff,2026-08-20,
Millis,millis-ma/school-committee-member,seat 01,,unresolved,https://www.millisma.gov/town-clerk/pages/elections-voting,2026-08-20,Current post-May-2026 seat holder was not safely reconciled from a complete authoritative roster. No vacancy is inferred.
Millis,millis-ma/school-committee-member,seat 02,,unresolved,https://www.millisma.gov/town-clerk/pages/elections-voting,2026-08-20,Current post-May-2026 seat holder was not safely reconciled from a complete authoritative roster. No vacancy is inferred.
Millis,millis-ma/school-committee-member,seat 03,,unresolved,https://www.millisma.gov/town-clerk/pages/elections-voting,2026-08-20,Current post-May-2026 seat holder was not safely reconciled from a complete authoritative roster. No vacancy is inferred.
Millis,millis-ma/school-committee-member,seat 04,,unresolved,https://www.millisma.gov/town-clerk/pages/elections-voting,2026-08-20,Current post-May-2026 seat holder was not safely reconciled from a complete authoritative roster. No vacancy is inferred.
Millis,millis-ma/school-committee-member,seat 05,,unresolved,https://www.millisma.gov/town-clerk/pages/elections-voting,2026-08-20,Current post-May-2026 seat holder was not safely reconciled from a complete authoritative roster. No vacancy is inferred.
Millis,millis-ma/town-clerk,seat 01,,unresolved,https://www.millisma.gov/town-clerk/pages/elections-voting,2026-08-20,Current post-May-2026 seat holder was not safely reconciled from a complete authoritative roster. No vacancy is inferred.
Millis,millis-ma/library-trustee,seat 01,,unresolved,https://www.millisma.gov/town-clerk/pages/elections-voting,2026-08-20,Current post-May-2026 seat holder was not safely reconciled from a complete authoritative roster. No vacancy is inferred.
Millis,millis-ma/library-trustee,seat 02,,unresolved,https://www.millisma.gov/town-clerk/pages/elections-voting,2026-08-20,Current post-May-2026 seat holder was not safely reconciled from a complete authoritative roster. No vacancy is inferred.
Millis,millis-ma/library-trustee,seat 03,,unresolved,https://www.millisma.gov/town-clerk/pages/elections-voting,2026-08-20,Current post-May-2026 seat holder was not safely reconciled from a complete authoritative roster. No vacancy is inferred.
Millis,millis-ma/planning-board-member,seat 01,,unresolved,https://www.millisma.gov/town-clerk/pages/elections-voting,2026-08-20,Current post-May-2026 seat holder was not safely reconciled from a complete authoritative roster. No vacancy is inferred.
Millis,millis-ma/planning-board-member,seat 02,,unresolved,https://www.millisma.gov/town-clerk/pages/elections-voting,2026-08-20,Current post-May-2026 seat holder was not safely reconciled from a complete authoritative roster. No vacancy is inferred.
Millis,millis-ma/planning-board-member,seat 03,,unresolved,https://www.millisma.gov/town-clerk/pages/elections-voting,2026-08-20,Current post-May-2026 seat holder was not safely reconciled from a complete authoritative roster. No vacancy is inferred.
Millis,millis-ma/planning-board-member,seat 04,,unresolved,https://www.millisma.gov/town-clerk/pages/elections-voting,2026-08-20,Current post-May-2026 seat holder was not safely reconciled from a complete authoritative roster. No vacancy is inferred.
Millis,millis-ma/planning-board-member,seat 05,,unresolved,https://www.millisma.gov/town-clerk/pages/elections-voting,2026-08-20,Current post-May-2026 seat holder was not safely reconciled from a complete authoritative roster. No vacancy is inferred.
Millis,millis-ma/housing-authority-member,seat 01,,unresolved,https://www.millisma.gov/town-clerk/pages/elections-voting,2026-08-20,Current post-May-2026 seat holder was not safely reconciled from a complete authoritative roster. No vacancy is inferred.
Millis,millis-ma/housing-authority-member,seat 02,,unresolved,https://www.millisma.gov/town-clerk/pages/elections-voting,2026-08-20,Current post-May-2026 seat holder was not safely reconciled from a complete authoritative roster. No vacancy is inferred.
Millis,millis-ma/housing-authority-member,seat 03,,unresolved,https://www.millisma.gov/town-clerk/pages/elections-voting,2026-08-20,Current post-May-2026 seat holder was not safely reconciled from a complete authoritative roster. No vacancy is inferred.
Millis,millis-ma/housing-authority-member,seat 04,,unresolved,https://www.millisma.gov/town-clerk/pages/elections-voting,2026-08-20,Current post-May-2026 seat holder was not safely reconciled from a complete authoritative roster. No vacancy is inferred.
Millis,millis-ma/board-of-health-member,seat 01,,unresolved,https://www.millisma.gov/town-clerk/pages/elections-voting,2026-08-20,Current post-May-2026 seat holder was not safely reconciled from a complete authoritative roster. No vacancy is inferred.
Millis,millis-ma/board-of-health-member,seat 02,,unresolved,https://www.millisma.gov/town-clerk/pages/elections-voting,2026-08-20,Current post-May-2026 seat holder was not safely reconciled from a complete authoritative roster. No vacancy is inferred.
Millis,millis-ma/board-of-health-member,seat 03,,unresolved,https://www.millisma.gov/town-clerk/pages/elections-voting,2026-08-20,Current post-May-2026 seat holder was not safely reconciled from a complete authoritative roster. No vacancy is inferred.
Millis,millis-ma/constable,seat 01,,unresolved,https://www.millisma.gov/town-clerk/pages/elections-voting,2026-08-20,Current post-May-2026 seat holder was not safely reconciled from a complete authoritative roster. No vacancy is inferred.
Millis,millis-ma/constable,seat 02,,unresolved,https://www.millisma.gov/town-clerk/pages/elections-voting,2026-08-20,Current post-May-2026 seat holder was not safely reconciled from a complete authoritative roster. No vacancy is inferred.
Millville,millville-ma/select-board-member,,Richard Bremilst,verified-current,https://www.millvillema.org/sites/g/files/vyhlif906/f/uploads/atm_warrant_5_11_26_with_explanations_and_recommendations_final.pdf,2026-08-20,
Millville,millville-ma/select-board-member,,Kristin Foody,verified-current,https://www.millvillema.org/sites/g/files/vyhlif906/f/uploads/atm_warrant_5_11_26_with_explanations_and_recommendations_final.pdf,2026-08-20,
Millville,millville-ma/select-board-member,,Joseph Baker,verified-current,https://www.millvillema.org/sites/g/files/vyhlif906/f/uploads/atm_warrant_5_11_26_with_explanations_and_recommendations_final.pdf,2026-08-20,
Millville,millville-ma/select-board-member,,Jennifer Dean Wing,verified-current,https://www.millvillema.org/sites/g/files/vyhlif906/f/uploads/atm_warrant_5_11_26_with_explanations_and_recommendations_final.pdf,2026-08-20,
Millville,millville-ma/select-board-member,,Rachel Anderson,verified-current,https://www.millvillema.org/sites/g/files/vyhlif906/f/uploads/atm_warrant_5_11_26_with_explanations_and_recommendations_final.pdf,2026-08-20,
Millville,millville-ma/board-of-health-member,,Catherine Robinson,verified-current,https://www.millvillema.org/board-health,2026-08-20,
Millville,millville-ma/board-of-health-member,,Timothy Benjamin,verified-current,https://www.millvillema.org/board-health,2026-08-20,
Millville,millville-ma/board-of-health-member,,Robert Marks,verified-current,https://www.millvillema.org/board-health,2026-08-20,
Millville,millville-ma/town-clerk,,Kelly J. Cote,verified-current,https://www.millvillema.org/staff,2026-08-20,
Millville,millville-ma/tree-warden,,Peter C. Ryan Jr.,verified-current,https://www.millvillema.org/town-clerk/minutes/official-results-local-election,2026-08-20,"Current elected term was filled as an unexpired term ending April 5, 2027."
Millville,millville-ma/blackstone-millville-regional-school-committee-member,,Erin Vinacco,verified-current,https://www.bmrsd.net/page/school-committee,2026-08-20,
Millville,millville-ma/blackstone-millville-regional-school-committee-member,,Jane Compagna Reggio,verified-current,https://www.bmrsd.net/page/school-committee,2026-08-20,
Millville,millville-ma/blackstone-millville-regional-school-committee-member,,Matthew Catalano,verified-current,https://www.bmrsd.net/page/school-committee,2026-08-20,
Millville,millville-ma/blackstone-millville-regional-school-committee-member,unresolved Millville regional-school seat,,unresolved,https://www.bmrsd.net/page/school-committee,2026-08-20,Four Millville seats are established; the fourth current representative was not safely reconciled.
Millville,millville-ma/blackstone-valley-regional-vocational-school-committee-member,,Gerald M. Finn,verified-current,https://www.valleytech.k12.ma.us/about/district/schoolcommittee,2026-08-20,
Millville,millville-ma/veterans-memorial-park-trustee,,John Hadley,verified-current,https://www.millvillema.org/trustees-veterans-memorial-park,2026-08-20,
Millville,millville-ma/veterans-memorial-park-trustee,,Elaine Ethier,verified-current,https://www.millvillema.org/trustees-veterans-memorial-park,2026-08-20,
Millville,millville-ma/veterans-memorial-park-trustee,,Normand Gamache,verified-current,https://www.millvillema.org/trustees-veterans-memorial-park,2026-08-20,
Millville,millville-ma/veterans-memorial-park-trustee,seat 01,,unresolved,https://www.millvillema.org/trustees-veterans-memorial-park,2026-08-20,Five elected trustee seats are established; two post-2026 holders were not safely reconciled.
Millville,millville-ma/veterans-memorial-park-trustee,seat 02,,unresolved,https://www.millvillema.org/trustees-veterans-memorial-park,2026-08-20,Five elected trustee seats are established; two post-2026 holders were not safely reconciled.
Millville,millville-ma/library-trustee,,Jane Compagna Reggio,verified-current,https://www.millvillema.org/town-clerk/minutes/official-results-local-election,2026-08-20,
Millville,millville-ma/library-trustee,seat 01,,unresolved,https://www.millvillema.org/news,2026-08-20,Three elected seats are established; two current post-2026 holders remain unresolved.
Millville,millville-ma/library-trustee,seat 02,,unresolved,https://www.millvillema.org/news,2026-08-20,Three elected seats are established; two current post-2026 holders remain unresolved.
Millville,millville-ma/planning-board-member,,Pamela A. Williams,verified-current,https://www.millvillema.org/town-clerk/minutes/official-results-local-election,2026-08-20,
Millville,millville-ma/planning-board-member,,Jason Maille,verified-current,https://www.millvillema.org/town-clerk/minutes/official-results-local-election,2026-08-20,
Millville,millville-ma/planning-board-member,seat 01,,unresolved,https://www.millvillema.org/news,2026-08-20,Five elected Planning Board seats are established; three current post-2026 holders remain unresolved.
Millville,millville-ma/planning-board-member,seat 02,,unresolved,https://www.millvillema.org/news,2026-08-20,Five elected Planning Board seats are established; three current post-2026 holders remain unresolved.
Millville,millville-ma/planning-board-member,seat 03,,unresolved,https://www.millvillema.org/news,2026-08-20,Five elected Planning Board seats are established; three current post-2026 holders remain unresolved.
Millville,millville-ma/constable,seat 01,,unresolved,https://www.millvillema.org/news,2026-08-20,Four elected Constable seats are established; current post-2026 seat holders were not safely reconciled.
Millville,millville-ma/constable,seat 02,,unresolved,https://www.millvillema.org/news,2026-08-20,Four elected Constable seats are established; current post-2026 seat holders were not safely reconciled.
Millville,millville-ma/constable,seat 03,,unresolved,https://www.millvillema.org/news,2026-08-20,Four elected Constable seats are established; current post-2026 seat holders were not safely reconciled.
Millville,millville-ma/constable,seat 04,,unresolved,https://www.millvillema.org/news,2026-08-20,Four elected Constable seats are established; current post-2026 seat holders were not safely reconciled.
Millville,millville-ma/highway-surveyor,highway-surveyor seat,,unresolved,https://www.millvillema.org/news,2026-08-20,Current holder/elected status after the April 2026 transition is unresolved; the research row is not schema-serialized.
Millville,millville-ma/moderator,moderator seat,,unresolved,https://www.millvillema.org/news,2026-08-20,Current post-2026 Moderator was not safely reconciled from an authoritative current roster.
Milton,milton-ma/select-board-member,,"John E. Driscoll, Jr.",verified-current,https://www.miltonma.gov/DocumentCenter/View/10279/1-Elected-Officials-2026--2027-5182026,2026-08-20,
Milton,milton-ma/select-board-member,,Winston Anthony Daley,verified-current,https://www.miltonma.gov/DocumentCenter/View/10279/1-Elected-Officials-2026--2027-5182026,2026-08-20,
Milton,milton-ma/select-board-member,,Meghan Elizabeth Haggerty,verified-current,https://www.miltonma.gov/DocumentCenter/View/10279/1-Elected-Officials-2026--2027-5182026,2026-08-20,
Milton,milton-ma/select-board-member,,Megan Kathleen Nolan,verified-current,https://www.miltonma.gov/DocumentCenter/View/10279/1-Elected-Officials-2026--2027-5182026,2026-08-20,
Milton,milton-ma/select-board-member,,Peter C. Obersheimer,verified-current,https://www.miltonma.gov/DocumentCenter/View/10279/1-Elected-Officials-2026--2027-5182026,2026-08-20,
Milton,milton-ma/town-clerk,,Susan M. Galvin,verified-current,https://www.miltonma.gov/DocumentCenter/View/10279/1-Elected-Officials-2026--2027-5182026,2026-08-20,
Milton,milton-ma/assessor,,C. Robert Reetz,verified-current,https://www.miltonma.gov/DocumentCenter/View/10279/1-Elected-Officials-2026--2027-5182026,2026-08-20,
Milton,milton-ma/assessor,,William E. Bennett,verified-current,https://www.miltonma.gov/DocumentCenter/View/10279/1-Elected-Officials-2026--2027-5182026,2026-08-20,
Milton,milton-ma/assessor,,Thomas M. Callahan,verified-current,https://www.miltonma.gov/DocumentCenter/View/10279/1-Elected-Officials-2026--2027-5182026,2026-08-20,
Milton,milton-ma/school-committee-member,,Elizabeth Marshall Carroll,verified-current,https://www.miltonma.gov/DocumentCenter/View/10279/1-Elected-Officials-2026--2027-5182026,2026-08-20,
Milton,milton-ma/school-committee-member,,Sharese Latisha Caldwell,verified-current,https://www.miltonma.gov/DocumentCenter/View/10279/1-Elected-Officials-2026--2027-5182026,2026-08-20,
Milton,milton-ma/school-committee-member,,Nathan David Hutto,verified-current,https://www.miltonma.gov/DocumentCenter/View/10279/1-Elected-Officials-2026--2027-5182026,2026-08-20,
Milton,milton-ma/school-committee-member,,Annamma Varghese,verified-current,https://www.miltonma.gov/DocumentCenter/View/10279/1-Elected-Officials-2026--2027-5182026,2026-08-20,
Milton,milton-ma/school-committee-member,,Mark W. Loring,verified-current,https://www.miltonma.gov/DocumentCenter/View/10279/1-Elected-Officials-2026--2027-5182026,2026-08-20,
Milton,milton-ma/school-committee-member,,Bao Qiu,verified-current,https://www.miltonma.gov/DocumentCenter/View/10279/1-Elected-Officials-2026--2027-5182026,2026-08-20,
Milton,milton-ma/blue-hills-regional-technical-school-committee-member,,Marybeth Joyce,verified-current,https://www.bluehills.org/administration/district-school-committee/about-the-dsc/,2026-08-20,
Milton,milton-ma/park-commissioner,,Robert Charles Levash,verified-current,https://www.miltonma.gov/DocumentCenter/View/10279/1-Elected-Officials-2026--2027-5182026,2026-08-20,
Milton,milton-ma/park-commissioner,,Carolyn Cahill,verified-current,https://www.miltonma.gov/DocumentCenter/View/10279/1-Elected-Officials-2026--2027-5182026,2026-08-20,
Milton,milton-ma/park-commissioner,,Steven Novak III,verified-current,https://www.miltonma.gov/DocumentCenter/View/10279/1-Elected-Officials-2026--2027-5182026,2026-08-20,
Milton,milton-ma/board-of-health-member,,Laura T. Richards,verified-current,https://www.miltonma.gov/DocumentCenter/View/10279/1-Elected-Officials-2026--2027-5182026,2026-08-20,
Milton,milton-ma/board-of-health-member,,Mary F. Stenson,verified-current,https://www.miltonma.gov/DocumentCenter/View/10279/1-Elected-Officials-2026--2027-5182026,2026-08-20,
Milton,milton-ma/board-of-health-member,,Deborah A. Milbauer,verified-current,https://www.miltonma.gov/DocumentCenter/View/10279/1-Elected-Officials-2026--2027-5182026,2026-08-20,
Milton,milton-ma/library-trustee,,Susan Edith Doyle,verified-current,https://www.miltonma.gov/DocumentCenter/View/10279/1-Elected-Officials-2026--2027-5182026,2026-08-20,
Milton,milton-ma/library-trustee,,Paul Sitton Hays,verified-current,https://www.miltonma.gov/DocumentCenter/View/10279/1-Elected-Officials-2026--2027-5182026,2026-08-20,
Milton,milton-ma/library-trustee,,Jaime Leigh Levash,verified-current,https://www.miltonma.gov/DocumentCenter/View/10279/1-Elected-Officials-2026--2027-5182026,2026-08-20,
Milton,milton-ma/library-trustee,,Hyacinth V. Crichlow,verified-current,https://www.miltonma.gov/DocumentCenter/View/10279/1-Elected-Officials-2026--2027-5182026,2026-08-20,
Milton,milton-ma/library-trustee,,James C. Potter,verified-current,https://www.miltonma.gov/DocumentCenter/View/10279/1-Elected-Officials-2026--2027-5182026,2026-08-20,
Milton,milton-ma/library-trustee,,Ellen Williams Fisher,verified-current,https://www.miltonma.gov/DocumentCenter/View/10279/1-Elected-Officials-2026--2027-5182026,2026-08-20,
Milton,milton-ma/library-trustee,,John Walsh Folcarelli,verified-current,https://www.miltonma.gov/DocumentCenter/View/10279/1-Elected-Officials-2026--2027-5182026,2026-08-20,
Milton,milton-ma/library-trustee,,Kristine Ruth Hodlin,verified-current,https://www.miltonma.gov/DocumentCenter/View/10279/1-Elected-Officials-2026--2027-5182026,2026-08-20,
Milton,milton-ma/library-trustee,resigned seat,,vacant,https://www.miltonma.gov/DocumentCenter/View/10279/1-Elected-Officials-2026--2027-5182026,2026-08-20,Official 2026-2027 elected-official PDF states Sean Patrick Bentley resigned in May 2026.
Milton,milton-ma/constable,,Tamara A. Berton,verified-current,https://www.miltonma.gov/DocumentCenter/View/10279/1-Elected-Officials-2026--2027-5182026,2026-08-20,
Milton,milton-ma/constable,,"Kevin B. Chrisom, Jr.",verified-current,https://www.miltonma.gov/DocumentCenter/View/10279/1-Elected-Officials-2026--2027-5182026,2026-08-20,
Milton,milton-ma/constable,,Eric Scott Issner,verified-current,https://www.miltonma.gov/DocumentCenter/View/10279/1-Elected-Officials-2026--2027-5182026,2026-08-20,
Milton,milton-ma/constable,,William J. Neville,verified-current,https://www.miltonma.gov/DocumentCenter/View/10279/1-Elected-Officials-2026--2027-5182026,2026-08-20,
Milton,milton-ma/cemetery-trustee,,Jed Dolan,verified-current,https://www.miltonma.gov/DocumentCenter/View/10279/1-Elected-Officials-2026--2027-5182026,2026-08-20,
Milton,milton-ma/cemetery-trustee,,James A. Coyne,verified-current,https://www.miltonma.gov/DocumentCenter/View/10279/1-Elected-Officials-2026--2027-5182026,2026-08-20,
Milton,milton-ma/cemetery-trustee,,Joseph Martin Reardon,verified-current,https://www.miltonma.gov/DocumentCenter/View/10279/1-Elected-Officials-2026--2027-5182026,2026-08-20,
Milton,milton-ma/cemetery-trustee,,Terence Joseph Driscoll,verified-current,https://www.miltonma.gov/DocumentCenter/View/10279/1-Elected-Officials-2026--2027-5182026,2026-08-20,
Milton,milton-ma/cemetery-trustee,,Stephen J. Pender,verified-current,https://www.miltonma.gov/DocumentCenter/View/10279/1-Elected-Officials-2026--2027-5182026,2026-08-20,
Milton,milton-ma/moderator,,Elizabeth Suzanne Dillon,verified-current,https://www.miltonma.gov/DocumentCenter/View/10279/1-Elected-Officials-2026--2027-5182026,2026-08-20,
Milton,milton-ma/housing-authority-member,,"Robert E. Powers, Jr.",verified-current,https://www.miltonma.gov/DocumentCenter/View/10279/1-Elected-Officials-2026--2027-5182026,2026-08-20,
Milton,milton-ma/housing-authority-member,,Lee B. Cary,verified-current,https://www.miltonma.gov/DocumentCenter/View/10279/1-Elected-Officials-2026--2027-5182026,2026-08-20,
Milton,milton-ma/housing-authority-member,,Matthew R. Morong,verified-current,https://www.miltonma.gov/DocumentCenter/View/10279/1-Elected-Officials-2026--2027-5182026,2026-08-20,
Milton,milton-ma/planning-board-member,,Meredith M. Hall,verified-current,https://www.miltonma.gov/DocumentCenter/View/10279/1-Elected-Officials-2026--2027-5182026,2026-08-20,
Milton,milton-ma/planning-board-member,,Sean Patrick Fahy,verified-current,https://www.miltonma.gov/DocumentCenter/View/10279/1-Elected-Officials-2026--2027-5182026,2026-08-20,
Milton,milton-ma/planning-board-member,,Margaret Teresa Oldfield,verified-current,https://www.miltonma.gov/DocumentCenter/View/10279/1-Elected-Officials-2026--2027-5182026,2026-08-20,
Milton,milton-ma/planning-board-member,,Hal Peter Munger,verified-current,https://www.miltonma.gov/DocumentCenter/View/10279/1-Elected-Officials-2026--2027-5182026,2026-08-20,
Milton,milton-ma/planning-board-member,,Cheryl Friedman Tougias,verified-current,https://www.miltonma.gov/DocumentCenter/View/10279/1-Elected-Officials-2026--2027-5182026,2026-08-20,
Milton,milton-ma/representative-town-meeting-member,elected representative seat 001,,unresolved,https://www.miltonma.gov/478/Town-Meeting,2026-08-20,"The 279-seat structure is verified, but a complete current member-by-seat roster was not reconciled in this batch. No vacancy is inferred."
Milton,milton-ma/representative-town-meeting-member,elected representative seat 002,,unresolved,https://www.miltonma.gov/478/Town-Meeting,2026-08-20,"The 279-seat structure is verified, but a complete current member-by-seat roster was not reconciled in this batch. No vacancy is inferred."
Milton,milton-ma/representative-town-meeting-member,elected representative seat 003,,unresolved,https://www.miltonma.gov/478/Town-Meeting,2026-08-20,"The 279-seat structure is verified, but a complete current member-by-seat roster was not reconciled in this batch. No vacancy is inferred."
Milton,milton-ma/representative-town-meeting-member,elected representative seat 004,,unresolved,https://www.miltonma.gov/478/Town-Meeting,2026-08-20,"The 279-seat structure is verified, but a complete current member-by-seat roster was not reconciled in this batch. No vacancy is inferred."
Milton,milton-ma/representative-town-meeting-member,elected representative seat 005,,unresolved,https://www.miltonma.gov/478/Town-Meeting,2026-08-20,"The 279-seat structure is verified, but a complete current member-by-seat roster was not reconciled in this batch. No vacancy is inferred."
Milton,milton-ma/representative-town-meeting-member,elected representative seat 006,,unresolved,https://www.miltonma.gov/478/Town-Meeting,2026-08-20,"The 279-seat structure is verified, but a complete current member-by-seat roster was not reconciled in this batch. No vacancy is inferred."
Milton,milton-ma/representative-town-meeting-member,elected representative seat 007,,unresolved,https://www.miltonma.gov/478/Town-Meeting,2026-08-20,"The 279-seat structure is verified, but a complete current member-by-seat roster was not reconciled in this batch. No vacancy is inferred."
Milton,milton-ma/representative-town-meeting-member,elected representative seat 008,,unresolved,https://www.miltonma.gov/478/Town-Meeting,2026-08-20,"The 279-seat structure is verified, but a complete current member-by-seat roster was not reconciled in this batch. No vacancy is inferred."
Milton,milton-ma/representative-town-meeting-member,elected representative seat 009,,unresolved,https://www.miltonma.gov/478/Town-Meeting,2026-08-20,"The 279-seat structure is verified, but a complete current member-by-seat roster was not reconciled in this batch. No vacancy is inferred."
Milton,milton-ma/representative-town-meeting-member,elected representative seat 010,,unresolved,https://www.miltonma.gov/478/Town-Meeting,2026-08-20,"The 279-seat structure is verified, but a complete current member-by-seat roster was not reconciled in this batch. No vacancy is inferred."
Milton,milton-ma/representative-town-meeting-member,elected representative seat 011,,unresolved,https://www.miltonma.gov/478/Town-Meeting,2026-08-20,"The 279-seat structure is verified, but a complete current member-by-seat roster was not reconciled in this batch. No vacancy is inferred."
Milton,milton-ma/representative-town-meeting-member,elected representative seat 012,,unresolved,https://www.miltonma.gov/478/Town-Meeting,2026-08-20,"The 279-seat structure is verified, but a complete current member-by-seat roster was not reconciled in this batch. No vacancy is inferred."
Milton,milton-ma/representative-town-meeting-member,elected representative seat 013,,unresolved,https://www.miltonma.gov/478/Town-Meeting,2026-08-20,"The 279-seat structure is verified, but a complete current member-by-seat roster was not reconciled in this batch. No vacancy is inferred."
Milton,milton-ma/representative-town-meeting-member,elected representative seat 014,,unresolved,https://www.miltonma.gov/478/Town-Meeting,2026-08-20,"The 279-seat structure is verified, but a complete current member-by-seat roster was not reconciled in this batch. No vacancy is inferred."
Milton,milton-ma/representative-town-meeting-member,elected representative seat 015,,unresolved,https://www.miltonma.gov/478/Town-Meeting,2026-08-20,"The 279-seat structure is verified, but a complete current member-by-seat roster was not reconciled in this batch. No vacancy is inferred."
Milton,milton-ma/representative-town-meeting-member,elected representative seat 016,,unresolved,https://www.miltonma.gov/478/Town-Meeting,2026-08-20,"The 279-seat structure is verified, but a complete current member-by-seat roster was not reconciled in this batch. No vacancy is inferred."
Milton,milton-ma/representative-town-meeting-member,elected representative seat 017,,unresolved,https://www.miltonma.gov/478/Town-Meeting,2026-08-20,"The 279-seat structure is verified, but a complete current member-by-seat roster was not reconciled in this batch. No vacancy is inferred."
Milton,milton-ma/representative-town-meeting-member,elected representative seat 018,,unresolved,https://www.miltonma.gov/478/Town-Meeting,2026-08-20,"The 279-seat structure is verified, but a complete current member-by-seat roster was not reconciled in this batch. No vacancy is inferred."
Milton,milton-ma/representative-town-meeting-member,elected representative seat 019,,unresolved,https://www.miltonma.gov/478/Town-Meeting,2026-08-20,"The 279-seat structure is verified, but a complete current member-by-seat roster was not reconciled in this batch. No vacancy is inferred."
Milton,milton-ma/representative-town-meeting-member,elected representative seat 020,,unresolved,https://www.miltonma.gov/478/Town-Meeting,2026-08-20,"The 279-seat structure is verified, but a complete current member-by-seat roster was not reconciled in this batch. No vacancy is inferred."
Milton,milton-ma/representative-town-meeting-member,elected representative seat 021,,unresolved,https://www.miltonma.gov/478/Town-Meeting,2026-08-20,"The 279-seat structure is verified, but a complete current member-by-seat roster was not reconciled in this batch. No vacancy is inferred."
Milton,milton-ma/representative-town-meeting-member,elected representative seat 022,,unresolved,https://www.miltonma.gov/478/Town-Meeting,2026-08-20,"The 279-seat structure is verified, but a complete current member-by-seat roster was not reconciled in this batch. No vacancy is inferred."
Milton,milton-ma/representative-town-meeting-member,elected representative seat 023,,unresolved,https://www.miltonma.gov/478/Town-Meeting,2026-08-20,"The 279-seat structure is verified, but a complete current member-by-seat roster was not reconciled in this batch. No vacancy is inferred."
Milton,milton-ma/representative-town-meeting-member,elected representative seat 024,,unresolved,https://www.miltonma.gov/478/Town-Meeting,2026-08-20,"The 279-seat structure is verified, but a complete current member-by-seat roster was not reconciled in this batch. No vacancy is inferred."
Milton,milton-ma/representative-town-meeting-member,elected representative seat 025,,unresolved,https://www.miltonma.gov/478/Town-Meeting,2026-08-20,"The 279-seat structure is verified, but a complete current member-by-seat roster was not reconciled in this batch. No vacancy is inferred."
Milton,milton-ma/representative-town-meeting-member,elected representative seat 026,,unresolved,https://www.miltonma.gov/478/Town-Meeting,2026-08-20,"The 279-seat structure is verified, but a complete current member-by-seat roster was not reconciled in this batch. No vacancy is inferred."
Milton,milton-ma/representative-town-meeting-member,elected representative seat 027,,unresolved,https://www.miltonma.gov/478/Town-Meeting,2026-08-20,"The 279-seat structure is verified, but a complete current member-by-seat roster was not reconciled in this batch. No vacancy is inferred."
Milton,milton-ma/representative-town-meeting-member,elected representative seat 028,,unresolved,https://www.miltonma.gov/478/Town-Meeting,2026-08-20,"The 279-seat structure is verified, but a complete current member-by-seat roster was not reconciled in this batch. No vacancy is inferred."
Milton,milton-ma/representative-town-meeting-member,elected representative seat 029,,unresolved,https://www.miltonma.gov/478/Town-Meeting,2026-08-20,"The 279-seat structure is verified, but a complete current member-by-seat roster was not reconciled in this batch. No vacancy is inferred."
Milton,milton-ma/representative-town-meeting-member,elected representative seat 030,,unresolved,https://www.miltonma.gov/478/Town-Meeting,2026-08-20,"The 279-seat structure is verified, but a complete current member-by-seat roster was not reconciled in this batch. No vacancy is inferred."
Milton,milton-ma/representative-town-meeting-member,elected representative seat 031,,unresolved,https://www.miltonma.gov/478/Town-Meeting,2026-08-20,"The 279-seat structure is verified, but a complete current member-by-seat roster was not reconciled in this batch. No vacancy is inferred."
Milton,milton-ma/representative-town-meeting-member,elected representative seat 032,,unresolved,https://www.miltonma.gov/478/Town-Meeting,2026-08-20,"The 279-seat structure is verified, but a complete current member-by-seat roster was not reconciled in this batch. No vacancy is inferred."
Milton,milton-ma/representative-town-meeting-member,elected representative seat 033,,unresolved,https://www.miltonma.gov/478/Town-Meeting,2026-08-20,"The 279-seat structure is verified, but a complete current member-by-seat roster was not reconciled in this batch. No vacancy is inferred."
Milton,milton-ma/representative-town-meeting-member,elected representative seat 034,,unresolved,https://www.miltonma.gov/478/Town-Meeting,2026-08-20,"The 279-seat structure is verified, but a complete current member-by-seat roster was not reconciled in this batch. No vacancy is inferred."
Milton,milton-ma/representative-town-meeting-member,elected representative seat 035,,unresolved,https://www.miltonma.gov/478/Town-Meeting,2026-08-20,"The 279-seat structure is verified, but a complete current member-by-seat roster was not reconciled in this batch. No vacancy is inferred."
Milton,milton-ma/representative-town-meeting-member,elected representative seat 036,,unresolved,https://www.miltonma.gov/478/Town-Meeting,2026-08-20,"The 279-seat structure is verified, but a complete current member-by-seat roster was not reconciled in this batch. No vacancy is inferred."
Milton,milton-ma/representative-town-meeting-member,elected representative seat 037,,unresolved,https://www.miltonma.gov/478/Town-Meeting,2026-08-20,"The 279-seat structure is verified, but a complete current member-by-seat roster was not reconciled in this batch. No vacancy is inferred."
Milton,milton-ma/representative-town-meeting-member,elected representative seat 038,,unresolved,https://www.miltonma.gov/478/Town-Meeting,2026-08-20,"The 279-seat structure is verified, but a complete current member-by-seat roster was not reconciled in this batch. No vacancy is inferred."
Milton,milton-ma/representative-town-meeting-member,elected representative seat 039,,unresolved,https://www.miltonma.gov/478/Town-Meeting,2026-08-20,"The 279-seat structure is verified, but a complete current member-by-seat roster was not reconciled in this batch. No vacancy is inferred."
Milton,milton-ma/representative-town-meeting-member,elected representative seat 040,,unresolved,https://www.miltonma.gov/478/Town-Meeting,2026-08-20,"The 279-seat structure is verified, but a complete current member-by-seat roster was not reconciled in this batch. No vacancy is inferred."
Milton,milton-ma/representative-town-meeting-member,elected representative seat 041,,unresolved,https://www.miltonma.gov/478/Town-Meeting,2026-08-20,"The 279-seat structure is verified, but a complete current member-by-seat roster was not reconciled in this batch. No vacancy is inferred."
Milton,milton-ma/representative-town-meeting-member,elected representative seat 042,,unresolved,https://www.miltonma.gov/478/Town-Meeting,2026-08-20,"The 279-seat structure is verified, but a complete current member-by-seat roster was not reconciled in this batch. No vacancy is inferred."
Milton,milton-ma/representative-town-meeting-member,elected representative seat 043,,unresolved,https://www.miltonma.gov/478/Town-Meeting,2026-08-20,"The 279-seat structure is verified, but a complete current member-by-seat roster was not reconciled in this batch. No vacancy is inferred."
Milton,milton-ma/representative-town-meeting-member,elected representative seat 044,,unresolved,https://www.miltonma.gov/478/Town-Meeting,2026-08-20,"The 279-seat structure is verified, but a complete current member-by-seat roster was not reconciled in this batch. No vacancy is inferred."
Milton,milton-ma/representative-town-meeting-member,elected representative seat 045,,unresolved,https://www.miltonma.gov/478/Town-Meeting,2026-08-20,"The 279-seat structure is verified, but a complete current member-by-seat roster was not reconciled in this batch. No vacancy is inferred."
Milton,milton-ma/representative-town-meeting-member,elected representative seat 046,,unresolved,https://www.miltonma.gov/478/Town-Meeting,2026-08-20,"The 279-seat structure is verified, but a complete current member-by-seat roster was not reconciled in this batch. No vacancy is inferred."
Milton,milton-ma/representative-town-meeting-member,elected representative seat 047,,unresolved,https://www.miltonma.gov/478/Town-Meeting,2026-08-20,"The 279-seat structure is verified, but a complete current member-by-seat roster was not reconciled in this batch. No vacancy is inferred."
Milton,milton-ma/representative-town-meeting-member,elected representative seat 048,,unresolved,https://www.miltonma.gov/478/Town-Meeting,2026-08-20,"The 279-seat structure is verified, but a complete current member-by-seat roster was not reconciled in this batch. No vacancy is inferred."
Milton,milton-ma/representative-town-meeting-member,elected representative seat 049,,unresolved,https://www.miltonma.gov/478/Town-Meeting,2026-08-20,"The 279-seat structure is verified, but a complete current member-by-seat roster was not reconciled in this batch. No vacancy is inferred."
Milton,milton-ma/representative-town-meeting-member,elected representative seat 050,,unresolved,https://www.miltonma.gov/478/Town-Meeting,2026-08-20,"The 279-seat structure is verified, but a complete current member-by-seat roster was not reconciled in this batch. No vacancy is inferred."
Milton,milton-ma/representative-town-meeting-member,elected representative seat 051,,unresolved,https://www.miltonma.gov/478/Town-Meeting,2026-08-20,"The 279-seat structure is verified, but a complete current member-by-seat roster was not reconciled in this batch. No vacancy is inferred."
Milton,milton-ma/representative-town-meeting-member,elected representative seat 052,,unresolved,https://www.miltonma.gov/478/Town-Meeting,2026-08-20,"The 279-seat structure is verified, but a complete current member-by-seat roster was not reconciled in this batch. No vacancy is inferred."
Milton,milton-ma/representative-town-meeting-member,elected representative seat 053,,unresolved,https://www.miltonma.gov/478/Town-Meeting,2026-08-20,"The 279-seat structure is verified, but a complete current member-by-seat roster was not reconciled in this batch. No vacancy is inferred."
Milton,milton-ma/representative-town-meeting-member,elected representative seat 054,,unresolved,https://www.miltonma.gov/478/Town-Meeting,2026-08-20,"The 279-seat structure is verified, but a complete current member-by-seat roster was not reconciled in this batch. No vacancy is inferred."
Milton,milton-ma/representative-town-meeting-member,elected representative seat 055,,unresolved,https://www.miltonma.gov/478/Town-Meeting,2026-08-20,"The 279-seat structure is verified, but a complete current member-by-seat roster was not reconciled in this batch. No vacancy is inferred."
Milton,milton-ma/representative-town-meeting-member,elected representative seat 056,,unresolved,https://www.miltonma.gov/478/Town-Meeting,2026-08-20,"The 279-seat structure is verified, but a complete current member-by-seat roster was not reconciled in this batch. No vacancy is inferred."
Milton,milton-ma/representative-town-meeting-member,elected representative seat 057,,unresolved,https://www.miltonma.gov/478/Town-Meeting,2026-08-20,"The 279-seat structure is verified, but a complete current member-by-seat roster was not reconciled in this batch. No vacancy is inferred."
Milton,milton-ma/representative-town-meeting-member,elected representative seat 058,,unresolved,https://www.miltonma.gov/478/Town-Meeting,2026-08-20,"The 279-seat structure is verified, but a complete current member-by-seat roster was not reconciled in this batch. No vacancy is inferred."
Milton,milton-ma/representative-town-meeting-member,elected representative seat 059,,unresolved,https://www.miltonma.gov/478/Town-Meeting,2026-08-20,"The 279-seat structure is verified, but a complete current member-by-seat roster was not reconciled in this batch. No vacancy is inferred."
Milton,milton-ma/representative-town-meeting-member,elected representative seat 060,,unresolved,https://www.miltonma.gov/478/Town-Meeting,2026-08-20,"The 279-seat structure is verified, but a complete current member-by-seat roster was not reconciled in this batch. No vacancy is inferred."
Milton,milton-ma/representative-town-meeting-member,elected representative seat 061,,unresolved,https://www.miltonma.gov/478/Town-Meeting,2026-08-20,"The 279-seat structure is verified, but a complete current member-by-seat roster was not reconciled in this batch. No vacancy is inferred."
Milton,milton-ma/representative-town-meeting-member,elected representative seat 062,,unresolved,https://www.miltonma.gov/478/Town-Meeting,2026-08-20,"The 279-seat structure is verified, but a complete current member-by-seat roster was not reconciled in this batch. No vacancy is inferred."
Milton,milton-ma/representative-town-meeting-member,elected representative seat 063,,unresolved,https://www.miltonma.gov/478/Town-Meeting,2026-08-20,"The 279-seat structure is verified, but a complete current member-by-seat roster was not reconciled in this batch. No vacancy is inferred."
Milton,milton-ma/representative-town-meeting-member,elected representative seat 064,,unresolved,https://www.miltonma.gov/478/Town-Meeting,2026-08-20,"The 279-seat structure is verified, but a complete current member-by-seat roster was not reconciled in this batch. No vacancy is inferred."
Milton,milton-ma/representative-town-meeting-member,elected representative seat 065,,unresolved,https://www.miltonma.gov/478/Town-Meeting,2026-08-20,"The 279-seat structure is verified, but a complete current member-by-seat roster was not reconciled in this batch. No vacancy is inferred."
Milton,milton-ma/representative-town-meeting-member,elected representative seat 066,,unresolved,https://www.miltonma.gov/478/Town-Meeting,2026-08-20,"The 279-seat structure is verified, but a complete current member-by-seat roster was not reconciled in this batch. No vacancy is inferred."
Milton,milton-ma/representative-town-meeting-member,elected representative seat 067,,unresolved,https://www.miltonma.gov/478/Town-Meeting,2026-08-20,"The 279-seat structure is verified, but a complete current member-by-seat roster was not reconciled in this batch. No vacancy is inferred."
Milton,milton-ma/representative-town-meeting-member,elected representative seat 068,,unresolved,https://www.miltonma.gov/478/Town-Meeting,2026-08-20,"The 279-seat structure is verified, but a complete current member-by-seat roster was not reconciled in this batch. No vacancy is inferred."
Milton,milton-ma/representative-town-meeting-member,elected representative seat 069,,unresolved,https://www.miltonma.gov/478/Town-Meeting,2026-08-20,"The 279-seat structure is verified, but a complete current member-by-seat roster was not reconciled in this batch. No vacancy is inferred."
Milton,milton-ma/representative-town-meeting-member,elected representative seat 070,,unresolved,https://www.miltonma.gov/478/Town-Meeting,2026-08-20,"The 279-seat structure is verified, but a complete current member-by-seat roster was not reconciled in this batch. No vacancy is inferred."
Milton,milton-ma/representative-town-meeting-member,elected representative seat 071,,unresolved,https://www.miltonma.gov/478/Town-Meeting,2026-08-20,"The 279-seat structure is verified, but a complete current member-by-seat roster was not reconciled in this batch. No vacancy is inferred."
Milton,milton-ma/representative-town-meeting-member,elected representative seat 072,,unresolved,https://www.miltonma.gov/478/Town-Meeting,2026-08-20,"The 279-seat structure is verified, but a complete current member-by-seat roster was not reconciled in this batch. No vacancy is inferred."
Milton,milton-ma/representative-town-meeting-member,elected representative seat 073,,unresolved,https://www.miltonma.gov/478/Town-Meeting,2026-08-20,"The 279-seat structure is verified, but a complete current member-by-seat roster was not reconciled in this batch. No vacancy is inferred."
Milton,milton-ma/representative-town-meeting-member,elected representative seat 074,,unresolved,https://www.miltonma.gov/478/Town-Meeting,2026-08-20,"The 279-seat structure is verified, but a complete current member-by-seat roster was not reconciled in this batch. No vacancy is inferred."
Milton,milton-ma/representative-town-meeting-member,elected representative seat 075,,unresolved,https://www.miltonma.gov/478/Town-Meeting,2026-08-20,"The 279-seat structure is verified, but a complete current member-by-seat roster was not reconciled in this batch. No vacancy is inferred."
Milton,milton-ma/representative-town-meeting-member,elected representative seat 076,,unresolved,https://www.miltonma.gov/478/Town-Meeting,2026-08-20,"The 279-seat structure is verified, but a complete current member-by-seat roster was not reconciled in this batch. No vacancy is inferred."
Milton,milton-ma/representative-town-meeting-member,elected representative seat 077,,unresolved,https://www.miltonma.gov/478/Town-Meeting,2026-08-20,"The 279-seat structure is verified, but a complete current member-by-seat roster was not reconciled in this batch. No vacancy is inferred."
Milton,milton-ma/representative-town-meeting-member,elected representative seat 078,,unresolved,https://www.miltonma.gov/478/Town-Meeting,2026-08-20,"The 279-seat structure is verified, but a complete current member-by-seat roster was not reconciled in this batch. No vacancy is inferred."
Milton,milton-ma/representative-town-meeting-member,elected representative seat 079,,unresolved,https://www.miltonma.gov/478/Town-Meeting,2026-08-20,"The 279-seat structure is verified, but a complete current member-by-seat roster was not reconciled in this batch. No vacancy is inferred."
Milton,milton-ma/representative-town-meeting-member,elected representative seat 080,,unresolved,https://www.miltonma.gov/478/Town-Meeting,2026-08-20,"The 279-seat structure is verified, but a complete current member-by-seat roster was not reconciled in this batch. No vacancy is inferred."
Milton,milton-ma/representative-town-meeting-member,elected representative seat 081,,unresolved,https://www.miltonma.gov/478/Town-Meeting,2026-08-20,"The 279-seat structure is verified, but a complete current member-by-seat roster was not reconciled in this batch. No vacancy is inferred."
Milton,milton-ma/representative-town-meeting-member,elected representative seat 082,,unresolved,https://www.miltonma.gov/478/Town-Meeting,2026-08-20,"The 279-seat structure is verified, but a complete current member-by-seat roster was not reconciled in this batch. No vacancy is inferred."
Milton,milton-ma/representative-town-meeting-member,elected representative seat 083,,unresolved,https://www.miltonma.gov/478/Town-Meeting,2026-08-20,"The 279-seat structure is verified, but a complete current member-by-seat roster was not reconciled in this batch. No vacancy is inferred."
Milton,milton-ma/representative-town-meeting-member,elected representative seat 084,,unresolved,https://www.miltonma.gov/478/Town-Meeting,2026-08-20,"The 279-seat structure is verified, but a complete current member-by-seat roster was not reconciled in this batch. No vacancy is inferred."
Milton,milton-ma/representative-town-meeting-member,elected representative seat 085,,unresolved,https://www.miltonma.gov/478/Town-Meeting,2026-08-20,"The 279-seat structure is verified, but a complete current member-by-seat roster was not reconciled in this batch. No vacancy is inferred."
Milton,milton-ma/representative-town-meeting-member,elected representative seat 086,,unresolved,https://www.miltonma.gov/478/Town-Meeting,2026-08-20,"The 279-seat structure is verified, but a complete current member-by-seat roster was not reconciled in this batch. No vacancy is inferred."
Milton,milton-ma/representative-town-meeting-member,elected representative seat 087,,unresolved,https://www.miltonma.gov/478/Town-Meeting,2026-08-20,"The 279-seat structure is verified, but a complete current member-by-seat roster was not reconciled in this batch. No vacancy is inferred."
Milton,milton-ma/representative-town-meeting-member,elected representative seat 088,,unresolved,https://www.miltonma.gov/478/Town-Meeting,2026-08-20,"The 279-seat structure is verified, but a complete current member-by-seat roster was not reconciled in this batch. No vacancy is inferred."
Milton,milton-ma/representative-town-meeting-member,elected representative seat 089,,unresolved,https://www.miltonma.gov/478/Town-Meeting,2026-08-20,"The 279-seat structure is verified, but a complete current member-by-seat roster was not reconciled in this batch. No vacancy is inferred."
Milton,milton-ma/representative-town-meeting-member,elected representative seat 090,,unresolved,https://www.miltonma.gov/478/Town-Meeting,2026-08-20,"The 279-seat structure is verified, but a complete current member-by-seat roster was not reconciled in this batch. No vacancy is inferred."
Milton,milton-ma/representative-town-meeting-member,elected representative seat 091,,unresolved,https://www.miltonma.gov/478/Town-Meeting,2026-08-20,"The 279-seat structure is verified, but a complete current member-by-seat roster was not reconciled in this batch. No vacancy is inferred."
Milton,milton-ma/representative-town-meeting-member,elected representative seat 092,,unresolved,https://www.miltonma.gov/478/Town-Meeting,2026-08-20,"The 279-seat structure is verified, but a complete current member-by-seat roster was not reconciled in this batch. No vacancy is inferred."
Milton,milton-ma/representative-town-meeting-member,elected representative seat 093,,unresolved,https://www.miltonma.gov/478/Town-Meeting,2026-08-20,"The 279-seat structure is verified, but a complete current member-by-seat roster was not reconciled in this batch. No vacancy is inferred."
Milton,milton-ma/representative-town-meeting-member,elected representative seat 094,,unresolved,https://www.miltonma.gov/478/Town-Meeting,2026-08-20,"The 279-seat structure is verified, but a complete current member-by-seat roster was not reconciled in this batch. No vacancy is inferred."
Milton,milton-ma/representative-town-meeting-member,elected representative seat 095,,unresolved,https://www.miltonma.gov/478/Town-Meeting,2026-08-20,"The 279-seat structure is verified, but a complete current member-by-seat roster was not reconciled in this batch. No vacancy is inferred."
Milton,milton-ma/representative-town-meeting-member,elected representative seat 096,,unresolved,https://www.miltonma.gov/478/Town-Meeting,2026-08-20,"The 279-seat structure is verified, but a complete current member-by-seat roster was not reconciled in this batch. No vacancy is inferred."
Milton,milton-ma/representative-town-meeting-member,elected representative seat 097,,unresolved,https://www.miltonma.gov/478/Town-Meeting,2026-08-20,"The 279-seat structure is verified, but a complete current member-by-seat roster was not reconciled in this batch. No vacancy is inferred."
Milton,milton-ma/representative-town-meeting-member,elected representative seat 098,,unresolved,https://www.miltonma.gov/478/Town-Meeting,2026-08-20,"The 279-seat structure is verified, but a complete current member-by-seat roster was not reconciled in this batch. No vacancy is inferred."
Milton,milton-ma/representative-town-meeting-member,elected representative seat 099,,unresolved,https://www.miltonma.gov/478/Town-Meeting,2026-08-20,"The 279-seat structure is verified, but a complete current member-by-seat roster was not reconciled in this batch. No vacancy is inferred."
Milton,milton-ma/representative-town-meeting-member,elected representative seat 100,,unresolved,https://www.miltonma.gov/478/Town-Meeting,2026-08-20,"The 279-seat structure is verified, but a complete current member-by-seat roster was not reconciled in this batch. No vacancy is inferred."
Milton,milton-ma/representative-town-meeting-member,elected representative seat 101,,unresolved,https://www.miltonma.gov/478/Town-Meeting,2026-08-20,"The 279-seat structure is verified, but a complete current member-by-seat roster was not reconciled in this batch. No vacancy is inferred."
Milton,milton-ma/representative-town-meeting-member,elected representative seat 102,,unresolved,https://www.miltonma.gov/478/Town-Meeting,2026-08-20,"The 279-seat structure is verified, but a complete current member-by-seat roster was not reconciled in this batch. No vacancy is inferred."
Milton,milton-ma/representative-town-meeting-member,elected representative seat 103,,unresolved,https://www.miltonma.gov/478/Town-Meeting,2026-08-20,"The 279-seat structure is verified, but a complete current member-by-seat roster was not reconciled in this batch. No vacancy is inferred."
Milton,milton-ma/representative-town-meeting-member,elected representative seat 104,,unresolved,https://www.miltonma.gov/478/Town-Meeting,2026-08-20,"The 279-seat structure is verified, but a complete current member-by-seat roster was not reconciled in this batch. No vacancy is inferred."
Milton,milton-ma/representative-town-meeting-member,elected representative seat 105,,unresolved,https://www.miltonma.gov/478/Town-Meeting,2026-08-20,"The 279-seat structure is verified, but a complete current member-by-seat roster was not reconciled in this batch. No vacancy is inferred."
Milton,milton-ma/representative-town-meeting-member,elected representative seat 106,,unresolved,https://www.miltonma.gov/478/Town-Meeting,2026-08-20,"The 279-seat structure is verified, but a complete current member-by-seat roster was not reconciled in this batch. No vacancy is inferred."
Milton,milton-ma/representative-town-meeting-member,elected representative seat 107,,unresolved,https://www.miltonma.gov/478/Town-Meeting,2026-08-20,"The 279-seat structure is verified, but a complete current member-by-seat roster was not reconciled in this batch. No vacancy is inferred."
Milton,milton-ma/representative-town-meeting-member,elected representative seat 108,,unresolved,https://www.miltonma.gov/478/Town-Meeting,2026-08-20,"The 279-seat structure is verified, but a complete current member-by-seat roster was not reconciled in this batch. No vacancy is inferred."
Milton,milton-ma/representative-town-meeting-member,elected representative seat 109,,unresolved,https://www.miltonma.gov/478/Town-Meeting,2026-08-20,"The 279-seat structure is verified, but a complete current member-by-seat roster was not reconciled in this batch. No vacancy is inferred."
Milton,milton-ma/representative-town-meeting-member,elected representative seat 110,,unresolved,https://www.miltonma.gov/478/Town-Meeting,2026-08-20,"The 279-seat structure is verified, but a complete current member-by-seat roster was not reconciled in this batch. No vacancy is inferred."
Milton,milton-ma/representative-town-meeting-member,elected representative seat 111,,unresolved,https://www.miltonma.gov/478/Town-Meeting,2026-08-20,"The 279-seat structure is verified, but a complete current member-by-seat roster was not reconciled in this batch. No vacancy is inferred."
Milton,milton-ma/representative-town-meeting-member,elected representative seat 112,,unresolved,https://www.miltonma.gov/478/Town-Meeting,2026-08-20,"The 279-seat structure is verified, but a complete current member-by-seat roster was not reconciled in this batch. No vacancy is inferred."
Milton,milton-ma/representative-town-meeting-member,elected representative seat 113,,unresolved,https://www.miltonma.gov/478/Town-Meeting,2026-08-20,"The 279-seat structure is verified, but a complete current member-by-seat roster was not reconciled in this batch. No vacancy is inferred."
Milton,milton-ma/representative-town-meeting-member,elected representative seat 114,,unresolved,https://www.miltonma.gov/478/Town-Meeting,2026-08-20,"The 279-seat structure is verified, but a complete current member-by-seat roster was not reconciled in this batch. No vacancy is inferred."
Milton,milton-ma/representative-town-meeting-member,elected representative seat 115,,unresolved,https://www.miltonma.gov/478/Town-Meeting,2026-08-20,"The 279-seat structure is verified, but a complete current member-by-seat roster was not reconciled in this batch. No vacancy is inferred."
Milton,milton-ma/representative-town-meeting-member,elected representative seat 116,,unresolved,https://www.miltonma.gov/478/Town-Meeting,2026-08-20,"The 279-seat structure is verified, but a complete current member-by-seat roster was not reconciled in this batch. No vacancy is inferred."
Milton,milton-ma/representative-town-meeting-member,elected representative seat 117,,unresolved,https://www.miltonma.gov/478/Town-Meeting,2026-08-20,"The 279-seat structure is verified, but a complete current member-by-seat roster was not reconciled in this batch. No vacancy is inferred."
Milton,milton-ma/representative-town-meeting-member,elected representative seat 118,,unresolved,https://www.miltonma.gov/478/Town-Meeting,2026-08-20,"The 279-seat structure is verified, but a complete current member-by-seat roster was not reconciled in this batch. No vacancy is inferred."
Milton,milton-ma/representative-town-meeting-member,elected representative seat 119,,unresolved,https://www.miltonma.gov/478/Town-Meeting,2026-08-20,"The 279-seat structure is verified, but a complete current member-by-seat roster was not reconciled in this batch. No vacancy is inferred."
Milton,milton-ma/representative-town-meeting-member,elected representative seat 120,,unresolved,https://www.miltonma.gov/478/Town-Meeting,2026-08-20,"The 279-seat structure is verified, but a complete current member-by-seat roster was not reconciled in this batch. No vacancy is inferred."
Milton,milton-ma/representative-town-meeting-member,elected representative seat 121,,unresolved,https://www.miltonma.gov/478/Town-Meeting,2026-08-20,"The 279-seat structure is verified, but a complete current member-by-seat roster was not reconciled in this batch. No vacancy is inferred."
Milton,milton-ma/representative-town-meeting-member,elected representative seat 122,,unresolved,https://www.miltonma.gov/478/Town-Meeting,2026-08-20,"The 279-seat structure is verified, but a complete current member-by-seat roster was not reconciled in this batch. No vacancy is inferred."
Milton,milton-ma/representative-town-meeting-member,elected representative seat 123,,unresolved,https://www.miltonma.gov/478/Town-Meeting,2026-08-20,"The 279-seat structure is verified, but a complete current member-by-seat roster was not reconciled in this batch. No vacancy is inferred."
Milton,milton-ma/representative-town-meeting-member,elected representative seat 124,,unresolved,https://www.miltonma.gov/478/Town-Meeting,2026-08-20,"The 279-seat structure is verified, but a complete current member-by-seat roster was not reconciled in this batch. No vacancy is inferred."
Milton,milton-ma/representative-town-meeting-member,elected representative seat 125,,unresolved,https://www.miltonma.gov/478/Town-Meeting,2026-08-20,"The 279-seat structure is verified, but a complete current member-by-seat roster was not reconciled in this batch. No vacancy is inferred."
Milton,milton-ma/representative-town-meeting-member,elected representative seat 126,,unresolved,https://www.miltonma.gov/478/Town-Meeting,2026-08-20,"The 279-seat structure is verified, but a complete current member-by-seat roster was not reconciled in this batch. No vacancy is inferred."
Milton,milton-ma/representative-town-meeting-member,elected representative seat 127,,unresolved,https://www.miltonma.gov/478/Town-Meeting,2026-08-20,"The 279-seat structure is verified, but a complete current member-by-seat roster was not reconciled in this batch. No vacancy is inferred."
Milton,milton-ma/representative-town-meeting-member,elected representative seat 128,,unresolved,https://www.miltonma.gov/478/Town-Meeting,2026-08-20,"The 279-seat structure is verified, but a complete current member-by-seat roster was not reconciled in this batch. No vacancy is inferred."
Milton,milton-ma/representative-town-meeting-member,elected representative seat 129,,unresolved,https://www.miltonma.gov/478/Town-Meeting,2026-08-20,"The 279-seat structure is verified, but a complete current member-by-seat roster was not reconciled in this batch. No vacancy is inferred."
Milton,milton-ma/representative-town-meeting-member,elected representative seat 130,,unresolved,https://www.miltonma.gov/478/Town-Meeting,2026-08-20,"The 279-seat structure is verified, but a complete current member-by-seat roster was not reconciled in this batch. No vacancy is inferred."
Milton,milton-ma/representative-town-meeting-member,elected representative seat 131,,unresolved,https://www.miltonma.gov/478/Town-Meeting,2026-08-20,"The 279-seat structure is verified, but a complete current member-by-seat roster was not reconciled in this batch. No vacancy is inferred."
Milton,milton-ma/representative-town-meeting-member,elected representative seat 132,,unresolved,https://www.miltonma.gov/478/Town-Meeting,2026-08-20,"The 279-seat structure is verified, but a complete current member-by-seat roster was not reconciled in this batch. No vacancy is inferred."
Milton,milton-ma/representative-town-meeting-member,elected representative seat 133,,unresolved,https://www.miltonma.gov/478/Town-Meeting,2026-08-20,"The 279-seat structure is verified, but a complete current member-by-seat roster was not reconciled in this batch. No vacancy is inferred."
Milton,milton-ma/representative-town-meeting-member,elected representative seat 134,,unresolved,https://www.miltonma.gov/478/Town-Meeting,2026-08-20,"The 279-seat structure is verified, but a complete current member-by-seat roster was not reconciled in this batch. No vacancy is inferred."
Milton,milton-ma/representative-town-meeting-member,elected representative seat 135,,unresolved,https://www.miltonma.gov/478/Town-Meeting,2026-08-20,"The 279-seat structure is verified, but a complete current member-by-seat roster was not reconciled in this batch. No vacancy is inferred."
Milton,milton-ma/representative-town-meeting-member,elected representative seat 136,,unresolved,https://www.miltonma.gov/478/Town-Meeting,2026-08-20,"The 279-seat structure is verified, but a complete current member-by-seat roster was not reconciled in this batch. No vacancy is inferred."
Milton,milton-ma/representative-town-meeting-member,elected representative seat 137,,unresolved,https://www.miltonma.gov/478/Town-Meeting,2026-08-20,"The 279-seat structure is verified, but a complete current member-by-seat roster was not reconciled in this batch. No vacancy is inferred."
Milton,milton-ma/representative-town-meeting-member,elected representative seat 138,,unresolved,https://www.miltonma.gov/478/Town-Meeting,2026-08-20,"The 279-seat structure is verified, but a complete current member-by-seat roster was not reconciled in this batch. No vacancy is inferred."
Milton,milton-ma/representative-town-meeting-member,elected representative seat 139,,unresolved,https://www.miltonma.gov/478/Town-Meeting,2026-08-20,"The 279-seat structure is verified, but a complete current member-by-seat roster was not reconciled in this batch. No vacancy is inferred."
Milton,milton-ma/representative-town-meeting-member,elected representative seat 140,,unresolved,https://www.miltonma.gov/478/Town-Meeting,2026-08-20,"The 279-seat structure is verified, but a complete current member-by-seat roster was not reconciled in this batch. No vacancy is inferred."
Milton,milton-ma/representative-town-meeting-member,elected representative seat 141,,unresolved,https://www.miltonma.gov/478/Town-Meeting,2026-08-20,"The 279-seat structure is verified, but a complete current member-by-seat roster was not reconciled in this batch. No vacancy is inferred."
Milton,milton-ma/representative-town-meeting-member,elected representative seat 142,,unresolved,https://www.miltonma.gov/478/Town-Meeting,2026-08-20,"The 279-seat structure is verified, but a complete current member-by-seat roster was not reconciled in this batch. No vacancy is inferred."
Milton,milton-ma/representative-town-meeting-member,elected representative seat 143,,unresolved,https://www.miltonma.gov/478/Town-Meeting,2026-08-20,"The 279-seat structure is verified, but a complete current member-by-seat roster was not reconciled in this batch. No vacancy is inferred."
Milton,milton-ma/representative-town-meeting-member,elected representative seat 144,,unresolved,https://www.miltonma.gov/478/Town-Meeting,2026-08-20,"The 279-seat structure is verified, but a complete current member-by-seat roster was not reconciled in this batch. No vacancy is inferred."
Milton,milton-ma/representative-town-meeting-member,elected representative seat 145,,unresolved,https://www.miltonma.gov/478/Town-Meeting,2026-08-20,"The 279-seat structure is verified, but a complete current member-by-seat roster was not reconciled in this batch. No vacancy is inferred."
Milton,milton-ma/representative-town-meeting-member,elected representative seat 146,,unresolved,https://www.miltonma.gov/478/Town-Meeting,2026-08-20,"The 279-seat structure is verified, but a complete current member-by-seat roster was not reconciled in this batch. No vacancy is inferred."
Milton,milton-ma/representative-town-meeting-member,elected representative seat 147,,unresolved,https://www.miltonma.gov/478/Town-Meeting,2026-08-20,"The 279-seat structure is verified, but a complete current member-by-seat roster was not reconciled in this batch. No vacancy is inferred."
Milton,milton-ma/representative-town-meeting-member,elected representative seat 148,,unresolved,https://www.miltonma.gov/478/Town-Meeting,2026-08-20,"The 279-seat structure is verified, but a complete current member-by-seat roster was not reconciled in this batch. No vacancy is inferred."
Milton,milton-ma/representative-town-meeting-member,elected representative seat 149,,unresolved,https://www.miltonma.gov/478/Town-Meeting,2026-08-20,"The 279-seat structure is verified, but a complete current member-by-seat roster was not reconciled in this batch. No vacancy is inferred."
Milton,milton-ma/representative-town-meeting-member,elected representative seat 150,,unresolved,https://www.miltonma.gov/478/Town-Meeting,2026-08-20,"The 279-seat structure is verified, but a complete current member-by-seat roster was not reconciled in this batch. No vacancy is inferred."
Milton,milton-ma/representative-town-meeting-member,elected representative seat 151,,unresolved,https://www.miltonma.gov/478/Town-Meeting,2026-08-20,"The 279-seat structure is verified, but a complete current member-by-seat roster was not reconciled in this batch. No vacancy is inferred."
Milton,milton-ma/representative-town-meeting-member,elected representative seat 152,,unresolved,https://www.miltonma.gov/478/Town-Meeting,2026-08-20,"The 279-seat structure is verified, but a complete current member-by-seat roster was not reconciled in this batch. No vacancy is inferred."
Milton,milton-ma/representative-town-meeting-member,elected representative seat 153,,unresolved,https://www.miltonma.gov/478/Town-Meeting,2026-08-20,"The 279-seat structure is verified, but a complete current member-by-seat roster was not reconciled in this batch. No vacancy is inferred."
Milton,milton-ma/representative-town-meeting-member,elected representative seat 154,,unresolved,https://www.miltonma.gov/478/Town-Meeting,2026-08-20,"The 279-seat structure is verified, but a complete current member-by-seat roster was not reconciled in this batch. No vacancy is inferred."
Milton,milton-ma/representative-town-meeting-member,elected representative seat 155,,unresolved,https://www.miltonma.gov/478/Town-Meeting,2026-08-20,"The 279-seat structure is verified, but a complete current member-by-seat roster was not reconciled in this batch. No vacancy is inferred."
Milton,milton-ma/representative-town-meeting-member,elected representative seat 156,,unresolved,https://www.miltonma.gov/478/Town-Meeting,2026-08-20,"The 279-seat structure is verified, but a complete current member-by-seat roster was not reconciled in this batch. No vacancy is inferred."
Milton,milton-ma/representative-town-meeting-member,elected representative seat 157,,unresolved,https://www.miltonma.gov/478/Town-Meeting,2026-08-20,"The 279-seat structure is verified, but a complete current member-by-seat roster was not reconciled in this batch. No vacancy is inferred."
Milton,milton-ma/representative-town-meeting-member,elected representative seat 158,,unresolved,https://www.miltonma.gov/478/Town-Meeting,2026-08-20,"The 279-seat structure is verified, but a complete current member-by-seat roster was not reconciled in this batch. No vacancy is inferred."
Milton,milton-ma/representative-town-meeting-member,elected representative seat 159,,unresolved,https://www.miltonma.gov/478/Town-Meeting,2026-08-20,"The 279-seat structure is verified, but a complete current member-by-seat roster was not reconciled in this batch. No vacancy is inferred."
Milton,milton-ma/representative-town-meeting-member,elected representative seat 160,,unresolved,https://www.miltonma.gov/478/Town-Meeting,2026-08-20,"The 279-seat structure is verified, but a complete current member-by-seat roster was not reconciled in this batch. No vacancy is inferred."
Milton,milton-ma/representative-town-meeting-member,elected representative seat 161,,unresolved,https://www.miltonma.gov/478/Town-Meeting,2026-08-20,"The 279-seat structure is verified, but a complete current member-by-seat roster was not reconciled in this batch. No vacancy is inferred."
Milton,milton-ma/representative-town-meeting-member,elected representative seat 162,,unresolved,https://www.miltonma.gov/478/Town-Meeting,2026-08-20,"The 279-seat structure is verified, but a complete current member-by-seat roster was not reconciled in this batch. No vacancy is inferred."
Milton,milton-ma/representative-town-meeting-member,elected representative seat 163,,unresolved,https://www.miltonma.gov/478/Town-Meeting,2026-08-20,"The 279-seat structure is verified, but a complete current member-by-seat roster was not reconciled in this batch. No vacancy is inferred."
Milton,milton-ma/representative-town-meeting-member,elected representative seat 164,,unresolved,https://www.miltonma.gov/478/Town-Meeting,2026-08-20,"The 279-seat structure is verified, but a complete current member-by-seat roster was not reconciled in this batch. No vacancy is inferred."
Milton,milton-ma/representative-town-meeting-member,elected representative seat 165,,unresolved,https://www.miltonma.gov/478/Town-Meeting,2026-08-20,"The 279-seat structure is verified, but a complete current member-by-seat roster was not reconciled in this batch. No vacancy is inferred."
Milton,milton-ma/representative-town-meeting-member,elected representative seat 166,,unresolved,https://www.miltonma.gov/478/Town-Meeting,2026-08-20,"The 279-seat structure is verified, but a complete current member-by-seat roster was not reconciled in this batch. No vacancy is inferred."
Milton,milton-ma/representative-town-meeting-member,elected representative seat 167,,unresolved,https://www.miltonma.gov/478/Town-Meeting,2026-08-20,"The 279-seat structure is verified, but a complete current member-by-seat roster was not reconciled in this batch. No vacancy is inferred."
Milton,milton-ma/representative-town-meeting-member,elected representative seat 168,,unresolved,https://www.miltonma.gov/478/Town-Meeting,2026-08-20,"The 279-seat structure is verified, but a complete current member-by-seat roster was not reconciled in this batch. No vacancy is inferred."
Milton,milton-ma/representative-town-meeting-member,elected representative seat 169,,unresolved,https://www.miltonma.gov/478/Town-Meeting,2026-08-20,"The 279-seat structure is verified, but a complete current member-by-seat roster was not reconciled in this batch. No vacancy is inferred."
Milton,milton-ma/representative-town-meeting-member,elected representative seat 170,,unresolved,https://www.miltonma.gov/478/Town-Meeting,2026-08-20,"The 279-seat structure is verified, but a complete current member-by-seat roster was not reconciled in this batch. No vacancy is inferred."
Milton,milton-ma/representative-town-meeting-member,elected representative seat 171,,unresolved,https://www.miltonma.gov/478/Town-Meeting,2026-08-20,"The 279-seat structure is verified, but a complete current member-by-seat roster was not reconciled in this batch. No vacancy is inferred."
Milton,milton-ma/representative-town-meeting-member,elected representative seat 172,,unresolved,https://www.miltonma.gov/478/Town-Meeting,2026-08-20,"The 279-seat structure is verified, but a complete current member-by-seat roster was not reconciled in this batch. No vacancy is inferred."
Milton,milton-ma/representative-town-meeting-member,elected representative seat 173,,unresolved,https://www.miltonma.gov/478/Town-Meeting,2026-08-20,"The 279-seat structure is verified, but a complete current member-by-seat roster was not reconciled in this batch. No vacancy is inferred."
Milton,milton-ma/representative-town-meeting-member,elected representative seat 174,,unresolved,https://www.miltonma.gov/478/Town-Meeting,2026-08-20,"The 279-seat structure is verified, but a complete current member-by-seat roster was not reconciled in this batch. No vacancy is inferred."
Milton,milton-ma/representative-town-meeting-member,elected representative seat 175,,unresolved,https://www.miltonma.gov/478/Town-Meeting,2026-08-20,"The 279-seat structure is verified, but a complete current member-by-seat roster was not reconciled in this batch. No vacancy is inferred."
Milton,milton-ma/representative-town-meeting-member,elected representative seat 176,,unresolved,https://www.miltonma.gov/478/Town-Meeting,2026-08-20,"The 279-seat structure is verified, but a complete current member-by-seat roster was not reconciled in this batch. No vacancy is inferred."
Milton,milton-ma/representative-town-meeting-member,elected representative seat 177,,unresolved,https://www.miltonma.gov/478/Town-Meeting,2026-08-20,"The 279-seat structure is verified, but a complete current member-by-seat roster was not reconciled in this batch. No vacancy is inferred."
Milton,milton-ma/representative-town-meeting-member,elected representative seat 178,,unresolved,https://www.miltonma.gov/478/Town-Meeting,2026-08-20,"The 279-seat structure is verified, but a complete current member-by-seat roster was not reconciled in this batch. No vacancy is inferred."
Milton,milton-ma/representative-town-meeting-member,elected representative seat 179,,unresolved,https://www.miltonma.gov/478/Town-Meeting,2026-08-20,"The 279-seat structure is verified, but a complete current member-by-seat roster was not reconciled in this batch. No vacancy is inferred."
Milton,milton-ma/representative-town-meeting-member,elected representative seat 180,,unresolved,https://www.miltonma.gov/478/Town-Meeting,2026-08-20,"The 279-seat structure is verified, but a complete current member-by-seat roster was not reconciled in this batch. No vacancy is inferred."
Milton,milton-ma/representative-town-meeting-member,elected representative seat 181,,unresolved,https://www.miltonma.gov/478/Town-Meeting,2026-08-20,"The 279-seat structure is verified, but a complete current member-by-seat roster was not reconciled in this batch. No vacancy is inferred."
Milton,milton-ma/representative-town-meeting-member,elected representative seat 182,,unresolved,https://www.miltonma.gov/478/Town-Meeting,2026-08-20,"The 279-seat structure is verified, but a complete current member-by-seat roster was not reconciled in this batch. No vacancy is inferred."
Milton,milton-ma/representative-town-meeting-member,elected representative seat 183,,unresolved,https://www.miltonma.gov/478/Town-Meeting,2026-08-20,"The 279-seat structure is verified, but a complete current member-by-seat roster was not reconciled in this batch. No vacancy is inferred."
Milton,milton-ma/representative-town-meeting-member,elected representative seat 184,,unresolved,https://www.miltonma.gov/478/Town-Meeting,2026-08-20,"The 279-seat structure is verified, but a complete current member-by-seat roster was not reconciled in this batch. No vacancy is inferred."
Milton,milton-ma/representative-town-meeting-member,elected representative seat 185,,unresolved,https://www.miltonma.gov/478/Town-Meeting,2026-08-20,"The 279-seat structure is verified, but a complete current member-by-seat roster was not reconciled in this batch. No vacancy is inferred."
Milton,milton-ma/representative-town-meeting-member,elected representative seat 186,,unresolved,https://www.miltonma.gov/478/Town-Meeting,2026-08-20,"The 279-seat structure is verified, but a complete current member-by-seat roster was not reconciled in this batch. No vacancy is inferred."
Milton,milton-ma/representative-town-meeting-member,elected representative seat 187,,unresolved,https://www.miltonma.gov/478/Town-Meeting,2026-08-20,"The 279-seat structure is verified, but a complete current member-by-seat roster was not reconciled in this batch. No vacancy is inferred."
Milton,milton-ma/representative-town-meeting-member,elected representative seat 188,,unresolved,https://www.miltonma.gov/478/Town-Meeting,2026-08-20,"The 279-seat structure is verified, but a complete current member-by-seat roster was not reconciled in this batch. No vacancy is inferred."
Milton,milton-ma/representative-town-meeting-member,elected representative seat 189,,unresolved,https://www.miltonma.gov/478/Town-Meeting,2026-08-20,"The 279-seat structure is verified, but a complete current member-by-seat roster was not reconciled in this batch. No vacancy is inferred."
Milton,milton-ma/representative-town-meeting-member,elected representative seat 190,,unresolved,https://www.miltonma.gov/478/Town-Meeting,2026-08-20,"The 279-seat structure is verified, but a complete current member-by-seat roster was not reconciled in this batch. No vacancy is inferred."
Milton,milton-ma/representative-town-meeting-member,elected representative seat 191,,unresolved,https://www.miltonma.gov/478/Town-Meeting,2026-08-20,"The 279-seat structure is verified, but a complete current member-by-seat roster was not reconciled in this batch. No vacancy is inferred."
Milton,milton-ma/representative-town-meeting-member,elected representative seat 192,,unresolved,https://www.miltonma.gov/478/Town-Meeting,2026-08-20,"The 279-seat structure is verified, but a complete current member-by-seat roster was not reconciled in this batch. No vacancy is inferred."
Milton,milton-ma/representative-town-meeting-member,elected representative seat 193,,unresolved,https://www.miltonma.gov/478/Town-Meeting,2026-08-20,"The 279-seat structure is verified, but a complete current member-by-seat roster was not reconciled in this batch. No vacancy is inferred."
Milton,milton-ma/representative-town-meeting-member,elected representative seat 194,,unresolved,https://www.miltonma.gov/478/Town-Meeting,2026-08-20,"The 279-seat structure is verified, but a complete current member-by-seat roster was not reconciled in this batch. No vacancy is inferred."
Milton,milton-ma/representative-town-meeting-member,elected representative seat 195,,unresolved,https://www.miltonma.gov/478/Town-Meeting,2026-08-20,"The 279-seat structure is verified, but a complete current member-by-seat roster was not reconciled in this batch. No vacancy is inferred."
Milton,milton-ma/representative-town-meeting-member,elected representative seat 196,,unresolved,https://www.miltonma.gov/478/Town-Meeting,2026-08-20,"The 279-seat structure is verified, but a complete current member-by-seat roster was not reconciled in this batch. No vacancy is inferred."
Milton,milton-ma/representative-town-meeting-member,elected representative seat 197,,unresolved,https://www.miltonma.gov/478/Town-Meeting,2026-08-20,"The 279-seat structure is verified, but a complete current member-by-seat roster was not reconciled in this batch. No vacancy is inferred."
Milton,milton-ma/representative-town-meeting-member,elected representative seat 198,,unresolved,https://www.miltonma.gov/478/Town-Meeting,2026-08-20,"The 279-seat structure is verified, but a complete current member-by-seat roster was not reconciled in this batch. No vacancy is inferred."
Milton,milton-ma/representative-town-meeting-member,elected representative seat 199,,unresolved,https://www.miltonma.gov/478/Town-Meeting,2026-08-20,"The 279-seat structure is verified, but a complete current member-by-seat roster was not reconciled in this batch. No vacancy is inferred."
Milton,milton-ma/representative-town-meeting-member,elected representative seat 200,,unresolved,https://www.miltonma.gov/478/Town-Meeting,2026-08-20,"The 279-seat structure is verified, but a complete current member-by-seat roster was not reconciled in this batch. No vacancy is inferred."
Milton,milton-ma/representative-town-meeting-member,elected representative seat 201,,unresolved,https://www.miltonma.gov/478/Town-Meeting,2026-08-20,"The 279-seat structure is verified, but a complete current member-by-seat roster was not reconciled in this batch. No vacancy is inferred."
Milton,milton-ma/representative-town-meeting-member,elected representative seat 202,,unresolved,https://www.miltonma.gov/478/Town-Meeting,2026-08-20,"The 279-seat structure is verified, but a complete current member-by-seat roster was not reconciled in this batch. No vacancy is inferred."
Milton,milton-ma/representative-town-meeting-member,elected representative seat 203,,unresolved,https://www.miltonma.gov/478/Town-Meeting,2026-08-20,"The 279-seat structure is verified, but a complete current member-by-seat roster was not reconciled in this batch. No vacancy is inferred."
Milton,milton-ma/representative-town-meeting-member,elected representative seat 204,,unresolved,https://www.miltonma.gov/478/Town-Meeting,2026-08-20,"The 279-seat structure is verified, but a complete current member-by-seat roster was not reconciled in this batch. No vacancy is inferred."
Milton,milton-ma/representative-town-meeting-member,elected representative seat 205,,unresolved,https://www.miltonma.gov/478/Town-Meeting,2026-08-20,"The 279-seat structure is verified, but a complete current member-by-seat roster was not reconciled in this batch. No vacancy is inferred."
Milton,milton-ma/representative-town-meeting-member,elected representative seat 206,,unresolved,https://www.miltonma.gov/478/Town-Meeting,2026-08-20,"The 279-seat structure is verified, but a complete current member-by-seat roster was not reconciled in this batch. No vacancy is inferred."
Milton,milton-ma/representative-town-meeting-member,elected representative seat 207,,unresolved,https://www.miltonma.gov/478/Town-Meeting,2026-08-20,"The 279-seat structure is verified, but a complete current member-by-seat roster was not reconciled in this batch. No vacancy is inferred."
Milton,milton-ma/representative-town-meeting-member,elected representative seat 208,,unresolved,https://www.miltonma.gov/478/Town-Meeting,2026-08-20,"The 279-seat structure is verified, but a complete current member-by-seat roster was not reconciled in this batch. No vacancy is inferred."
Milton,milton-ma/representative-town-meeting-member,elected representative seat 209,,unresolved,https://www.miltonma.gov/478/Town-Meeting,2026-08-20,"The 279-seat structure is verified, but a complete current member-by-seat roster was not reconciled in this batch. No vacancy is inferred."
Milton,milton-ma/representative-town-meeting-member,elected representative seat 210,,unresolved,https://www.miltonma.gov/478/Town-Meeting,2026-08-20,"The 279-seat structure is verified, but a complete current member-by-seat roster was not reconciled in this batch. No vacancy is inferred."
Milton,milton-ma/representative-town-meeting-member,elected representative seat 211,,unresolved,https://www.miltonma.gov/478/Town-Meeting,2026-08-20,"The 279-seat structure is verified, but a complete current member-by-seat roster was not reconciled in this batch. No vacancy is inferred."
Milton,milton-ma/representative-town-meeting-member,elected representative seat 212,,unresolved,https://www.miltonma.gov/478/Town-Meeting,2026-08-20,"The 279-seat structure is verified, but a complete current member-by-seat roster was not reconciled in this batch. No vacancy is inferred."
Milton,milton-ma/representative-town-meeting-member,elected representative seat 213,,unresolved,https://www.miltonma.gov/478/Town-Meeting,2026-08-20,"The 279-seat structure is verified, but a complete current member-by-seat roster was not reconciled in this batch. No vacancy is inferred."
Milton,milton-ma/representative-town-meeting-member,elected representative seat 214,,unresolved,https://www.miltonma.gov/478/Town-Meeting,2026-08-20,"The 279-seat structure is verified, but a complete current member-by-seat roster was not reconciled in this batch. No vacancy is inferred."
Milton,milton-ma/representative-town-meeting-member,elected representative seat 215,,unresolved,https://www.miltonma.gov/478/Town-Meeting,2026-08-20,"The 279-seat structure is verified, but a complete current member-by-seat roster was not reconciled in this batch. No vacancy is inferred."
Milton,milton-ma/representative-town-meeting-member,elected representative seat 216,,unresolved,https://www.miltonma.gov/478/Town-Meeting,2026-08-20,"The 279-seat structure is verified, but a complete current member-by-seat roster was not reconciled in this batch. No vacancy is inferred."
Milton,milton-ma/representative-town-meeting-member,elected representative seat 217,,unresolved,https://www.miltonma.gov/478/Town-Meeting,2026-08-20,"The 279-seat structure is verified, but a complete current member-by-seat roster was not reconciled in this batch. No vacancy is inferred."
Milton,milton-ma/representative-town-meeting-member,elected representative seat 218,,unresolved,https://www.miltonma.gov/478/Town-Meeting,2026-08-20,"The 279-seat structure is verified, but a complete current member-by-seat roster was not reconciled in this batch. No vacancy is inferred."
Milton,milton-ma/representative-town-meeting-member,elected representative seat 219,,unresolved,https://www.miltonma.gov/478/Town-Meeting,2026-08-20,"The 279-seat structure is verified, but a complete current member-by-seat roster was not reconciled in this batch. No vacancy is inferred."
Milton,milton-ma/representative-town-meeting-member,elected representative seat 220,,unresolved,https://www.miltonma.gov/478/Town-Meeting,2026-08-20,"The 279-seat structure is verified, but a complete current member-by-seat roster was not reconciled in this batch. No vacancy is inferred."
Milton,milton-ma/representative-town-meeting-member,elected representative seat 221,,unresolved,https://www.miltonma.gov/478/Town-Meeting,2026-08-20,"The 279-seat structure is verified, but a complete current member-by-seat roster was not reconciled in this batch. No vacancy is inferred."
Milton,milton-ma/representative-town-meeting-member,elected representative seat 222,,unresolved,https://www.miltonma.gov/478/Town-Meeting,2026-08-20,"The 279-seat structure is verified, but a complete current member-by-seat roster was not reconciled in this batch. No vacancy is inferred."
Milton,milton-ma/representative-town-meeting-member,elected representative seat 223,,unresolved,https://www.miltonma.gov/478/Town-Meeting,2026-08-20,"The 279-seat structure is verified, but a complete current member-by-seat roster was not reconciled in this batch. No vacancy is inferred."
Milton,milton-ma/representative-town-meeting-member,elected representative seat 224,,unresolved,https://www.miltonma.gov/478/Town-Meeting,2026-08-20,"The 279-seat structure is verified, but a complete current member-by-seat roster was not reconciled in this batch. No vacancy is inferred."
Milton,milton-ma/representative-town-meeting-member,elected representative seat 225,,unresolved,https://www.miltonma.gov/478/Town-Meeting,2026-08-20,"The 279-seat structure is verified, but a complete current member-by-seat roster was not reconciled in this batch. No vacancy is inferred."
Milton,milton-ma/representative-town-meeting-member,elected representative seat 226,,unresolved,https://www.miltonma.gov/478/Town-Meeting,2026-08-20,"The 279-seat structure is verified, but a complete current member-by-seat roster was not reconciled in this batch. No vacancy is inferred."
Milton,milton-ma/representative-town-meeting-member,elected representative seat 227,,unresolved,https://www.miltonma.gov/478/Town-Meeting,2026-08-20,"The 279-seat structure is verified, but a complete current member-by-seat roster was not reconciled in this batch. No vacancy is inferred."
Milton,milton-ma/representative-town-meeting-member,elected representative seat 228,,unresolved,https://www.miltonma.gov/478/Town-Meeting,2026-08-20,"The 279-seat structure is verified, but a complete current member-by-seat roster was not reconciled in this batch. No vacancy is inferred."
Milton,milton-ma/representative-town-meeting-member,elected representative seat 229,,unresolved,https://www.miltonma.gov/478/Town-Meeting,2026-08-20,"The 279-seat structure is verified, but a complete current member-by-seat roster was not reconciled in this batch. No vacancy is inferred."
Milton,milton-ma/representative-town-meeting-member,elected representative seat 230,,unresolved,https://www.miltonma.gov/478/Town-Meeting,2026-08-20,"The 279-seat structure is verified, but a complete current member-by-seat roster was not reconciled in this batch. No vacancy is inferred."
Milton,milton-ma/representative-town-meeting-member,elected representative seat 231,,unresolved,https://www.miltonma.gov/478/Town-Meeting,2026-08-20,"The 279-seat structure is verified, but a complete current member-by-seat roster was not reconciled in this batch. No vacancy is inferred."
Milton,milton-ma/representative-town-meeting-member,elected representative seat 232,,unresolved,https://www.miltonma.gov/478/Town-Meeting,2026-08-20,"The 279-seat structure is verified, but a complete current member-by-seat roster was not reconciled in this batch. No vacancy is inferred."
Milton,milton-ma/representative-town-meeting-member,elected representative seat 233,,unresolved,https://www.miltonma.gov/478/Town-Meeting,2026-08-20,"The 279-seat structure is verified, but a complete current member-by-seat roster was not reconciled in this batch. No vacancy is inferred."
Milton,milton-ma/representative-town-meeting-member,elected representative seat 234,,unresolved,https://www.miltonma.gov/478/Town-Meeting,2026-08-20,"The 279-seat structure is verified, but a complete current member-by-seat roster was not reconciled in this batch. No vacancy is inferred."
Milton,milton-ma/representative-town-meeting-member,elected representative seat 235,,unresolved,https://www.miltonma.gov/478/Town-Meeting,2026-08-20,"The 279-seat structure is verified, but a complete current member-by-seat roster was not reconciled in this batch. No vacancy is inferred."
Milton,milton-ma/representative-town-meeting-member,elected representative seat 236,,unresolved,https://www.miltonma.gov/478/Town-Meeting,2026-08-20,"The 279-seat structure is verified, but a complete current member-by-seat roster was not reconciled in this batch. No vacancy is inferred."
Milton,milton-ma/representative-town-meeting-member,elected representative seat 237,,unresolved,https://www.miltonma.gov/478/Town-Meeting,2026-08-20,"The 279-seat structure is verified, but a complete current member-by-seat roster was not reconciled in this batch. No vacancy is inferred."
Milton,milton-ma/representative-town-meeting-member,elected representative seat 238,,unresolved,https://www.miltonma.gov/478/Town-Meeting,2026-08-20,"The 279-seat structure is verified, but a complete current member-by-seat roster was not reconciled in this batch. No vacancy is inferred."
Milton,milton-ma/representative-town-meeting-member,elected representative seat 239,,unresolved,https://www.miltonma.gov/478/Town-Meeting,2026-08-20,"The 279-seat structure is verified, but a complete current member-by-seat roster was not reconciled in this batch. No vacancy is inferred."
Milton,milton-ma/representative-town-meeting-member,elected representative seat 240,,unresolved,https://www.miltonma.gov/478/Town-Meeting,2026-08-20,"The 279-seat structure is verified, but a complete current member-by-seat roster was not reconciled in this batch. No vacancy is inferred."
Milton,milton-ma/representative-town-meeting-member,elected representative seat 241,,unresolved,https://www.miltonma.gov/478/Town-Meeting,2026-08-20,"The 279-seat structure is verified, but a complete current member-by-seat roster was not reconciled in this batch. No vacancy is inferred."
Milton,milton-ma/representative-town-meeting-member,elected representative seat 242,,unresolved,https://www.miltonma.gov/478/Town-Meeting,2026-08-20,"The 279-seat structure is verified, but a complete current member-by-seat roster was not reconciled in this batch. No vacancy is inferred."
Milton,milton-ma/representative-town-meeting-member,elected representative seat 243,,unresolved,https://www.miltonma.gov/478/Town-Meeting,2026-08-20,"The 279-seat structure is verified, but a complete current member-by-seat roster was not reconciled in this batch. No vacancy is inferred."
Milton,milton-ma/representative-town-meeting-member,elected representative seat 244,,unresolved,https://www.miltonma.gov/478/Town-Meeting,2026-08-20,"The 279-seat structure is verified, but a complete current member-by-seat roster was not reconciled in this batch. No vacancy is inferred."
Milton,milton-ma/representative-town-meeting-member,elected representative seat 245,,unresolved,https://www.miltonma.gov/478/Town-Meeting,2026-08-20,"The 279-seat structure is verified, but a complete current member-by-seat roster was not reconciled in this batch. No vacancy is inferred."
Milton,milton-ma/representative-town-meeting-member,elected representative seat 246,,unresolved,https://www.miltonma.gov/478/Town-Meeting,2026-08-20,"The 279-seat structure is verified, but a complete current member-by-seat roster was not reconciled in this batch. No vacancy is inferred."
Milton,milton-ma/representative-town-meeting-member,elected representative seat 247,,unresolved,https://www.miltonma.gov/478/Town-Meeting,2026-08-20,"The 279-seat structure is verified, but a complete current member-by-seat roster was not reconciled in this batch. No vacancy is inferred."
Milton,milton-ma/representative-town-meeting-member,elected representative seat 248,,unresolved,https://www.miltonma.gov/478/Town-Meeting,2026-08-20,"The 279-seat structure is verified, but a complete current member-by-seat roster was not reconciled in this batch. No vacancy is inferred."
Milton,milton-ma/representative-town-meeting-member,elected representative seat 249,,unresolved,https://www.miltonma.gov/478/Town-Meeting,2026-08-20,"The 279-seat structure is verified, but a complete current member-by-seat roster was not reconciled in this batch. No vacancy is inferred."
Milton,milton-ma/representative-town-meeting-member,elected representative seat 250,,unresolved,https://www.miltonma.gov/478/Town-Meeting,2026-08-20,"The 279-seat structure is verified, but a complete current member-by-seat roster was not reconciled in this batch. No vacancy is inferred."
Milton,milton-ma/representative-town-meeting-member,elected representative seat 251,,unresolved,https://www.miltonma.gov/478/Town-Meeting,2026-08-20,"The 279-seat structure is verified, but a complete current member-by-seat roster was not reconciled in this batch. No vacancy is inferred."
Milton,milton-ma/representative-town-meeting-member,elected representative seat 252,,unresolved,https://www.miltonma.gov/478/Town-Meeting,2026-08-20,"The 279-seat structure is verified, but a complete current member-by-seat roster was not reconciled in this batch. No vacancy is inferred."
Milton,milton-ma/representative-town-meeting-member,elected representative seat 253,,unresolved,https://www.miltonma.gov/478/Town-Meeting,2026-08-20,"The 279-seat structure is verified, but a complete current member-by-seat roster was not reconciled in this batch. No vacancy is inferred."
Milton,milton-ma/representative-town-meeting-member,elected representative seat 254,,unresolved,https://www.miltonma.gov/478/Town-Meeting,2026-08-20,"The 279-seat structure is verified, but a complete current member-by-seat roster was not reconciled in this batch. No vacancy is inferred."
Milton,milton-ma/representative-town-meeting-member,elected representative seat 255,,unresolved,https://www.miltonma.gov/478/Town-Meeting,2026-08-20,"The 279-seat structure is verified, but a complete current member-by-seat roster was not reconciled in this batch. No vacancy is inferred."
Milton,milton-ma/representative-town-meeting-member,elected representative seat 256,,unresolved,https://www.miltonma.gov/478/Town-Meeting,2026-08-20,"The 279-seat structure is verified, but a complete current member-by-seat roster was not reconciled in this batch. No vacancy is inferred."
Milton,milton-ma/representative-town-meeting-member,elected representative seat 257,,unresolved,https://www.miltonma.gov/478/Town-Meeting,2026-08-20,"The 279-seat structure is verified, but a complete current member-by-seat roster was not reconciled in this batch. No vacancy is inferred."
Milton,milton-ma/representative-town-meeting-member,elected representative seat 258,,unresolved,https://www.miltonma.gov/478/Town-Meeting,2026-08-20,"The 279-seat structure is verified, but a complete current member-by-seat roster was not reconciled in this batch. No vacancy is inferred."
Milton,milton-ma/representative-town-meeting-member,elected representative seat 259,,unresolved,https://www.miltonma.gov/478/Town-Meeting,2026-08-20,"The 279-seat structure is verified, but a complete current member-by-seat roster was not reconciled in this batch. No vacancy is inferred."
Milton,milton-ma/representative-town-meeting-member,elected representative seat 260,,unresolved,https://www.miltonma.gov/478/Town-Meeting,2026-08-20,"The 279-seat structure is verified, but a complete current member-by-seat roster was not reconciled in this batch. No vacancy is inferred."
Milton,milton-ma/representative-town-meeting-member,elected representative seat 261,,unresolved,https://www.miltonma.gov/478/Town-Meeting,2026-08-20,"The 279-seat structure is verified, but a complete current member-by-seat roster was not reconciled in this batch. No vacancy is inferred."
Milton,milton-ma/representative-town-meeting-member,elected representative seat 262,,unresolved,https://www.miltonma.gov/478/Town-Meeting,2026-08-20,"The 279-seat structure is verified, but a complete current member-by-seat roster was not reconciled in this batch. No vacancy is inferred."
Milton,milton-ma/representative-town-meeting-member,elected representative seat 263,,unresolved,https://www.miltonma.gov/478/Town-Meeting,2026-08-20,"The 279-seat structure is verified, but a complete current member-by-seat roster was not reconciled in this batch. No vacancy is inferred."
Milton,milton-ma/representative-town-meeting-member,elected representative seat 264,,unresolved,https://www.miltonma.gov/478/Town-Meeting,2026-08-20,"The 279-seat structure is verified, but a complete current member-by-seat roster was not reconciled in this batch. No vacancy is inferred."
Milton,milton-ma/representative-town-meeting-member,elected representative seat 265,,unresolved,https://www.miltonma.gov/478/Town-Meeting,2026-08-20,"The 279-seat structure is verified, but a complete current member-by-seat roster was not reconciled in this batch. No vacancy is inferred."
Milton,milton-ma/representative-town-meeting-member,elected representative seat 266,,unresolved,https://www.miltonma.gov/478/Town-Meeting,2026-08-20,"The 279-seat structure is verified, but a complete current member-by-seat roster was not reconciled in this batch. No vacancy is inferred."
Milton,milton-ma/representative-town-meeting-member,elected representative seat 267,,unresolved,https://www.miltonma.gov/478/Town-Meeting,2026-08-20,"The 279-seat structure is verified, but a complete current member-by-seat roster was not reconciled in this batch. No vacancy is inferred."
Milton,milton-ma/representative-town-meeting-member,elected representative seat 268,,unresolved,https://www.miltonma.gov/478/Town-Meeting,2026-08-20,"The 279-seat structure is verified, but a complete current member-by-seat roster was not reconciled in this batch. No vacancy is inferred."
Milton,milton-ma/representative-town-meeting-member,elected representative seat 269,,unresolved,https://www.miltonma.gov/478/Town-Meeting,2026-08-20,"The 279-seat structure is verified, but a complete current member-by-seat roster was not reconciled in this batch. No vacancy is inferred."
Milton,milton-ma/representative-town-meeting-member,elected representative seat 270,,unresolved,https://www.miltonma.gov/478/Town-Meeting,2026-08-20,"The 279-seat structure is verified, but a complete current member-by-seat roster was not reconciled in this batch. No vacancy is inferred."
Milton,milton-ma/representative-town-meeting-member,elected representative seat 271,,unresolved,https://www.miltonma.gov/478/Town-Meeting,2026-08-20,"The 279-seat structure is verified, but a complete current member-by-seat roster was not reconciled in this batch. No vacancy is inferred."
Milton,milton-ma/representative-town-meeting-member,elected representative seat 272,,unresolved,https://www.miltonma.gov/478/Town-Meeting,2026-08-20,"The 279-seat structure is verified, but a complete current member-by-seat roster was not reconciled in this batch. No vacancy is inferred."
Milton,milton-ma/representative-town-meeting-member,elected representative seat 273,,unresolved,https://www.miltonma.gov/478/Town-Meeting,2026-08-20,"The 279-seat structure is verified, but a complete current member-by-seat roster was not reconciled in this batch. No vacancy is inferred."
Milton,milton-ma/representative-town-meeting-member,elected representative seat 274,,unresolved,https://www.miltonma.gov/478/Town-Meeting,2026-08-20,"The 279-seat structure is verified, but a complete current member-by-seat roster was not reconciled in this batch. No vacancy is inferred."
Milton,milton-ma/representative-town-meeting-member,elected representative seat 275,,unresolved,https://www.miltonma.gov/478/Town-Meeting,2026-08-20,"The 279-seat structure is verified, but a complete current member-by-seat roster was not reconciled in this batch. No vacancy is inferred."
Milton,milton-ma/representative-town-meeting-member,elected representative seat 276,,unresolved,https://www.miltonma.gov/478/Town-Meeting,2026-08-20,"The 279-seat structure is verified, but a complete current member-by-seat roster was not reconciled in this batch. No vacancy is inferred."
Milton,milton-ma/representative-town-meeting-member,elected representative seat 277,,unresolved,https://www.miltonma.gov/478/Town-Meeting,2026-08-20,"The 279-seat structure is verified, but a complete current member-by-seat roster was not reconciled in this batch. No vacancy is inferred."
Milton,milton-ma/representative-town-meeting-member,elected representative seat 278,,unresolved,https://www.miltonma.gov/478/Town-Meeting,2026-08-20,"The 279-seat structure is verified, but a complete current member-by-seat roster was not reconciled in this batch. No vacancy is inferred."
Milton,milton-ma/representative-town-meeting-member,elected representative seat 279,,unresolved,https://www.miltonma.gov/478/Town-Meeting,2026-08-20,"The 279-seat structure is verified, but a complete current member-by-seat roster was not reconciled in this batch. No vacancy is inferred."
Monroe,monroe-ma/select-board-planning-board-board-of-health-member,,Alice Houghtaling,verified-current,https://recorder.com/2026/05/05/monroe-town-election-results/,2026-08-20,
Monroe,monroe-ma/select-board-planning-board-board-of-health-member,,James Bua,verified-current,https://recorder.com/2026/05/05/monroe-town-election-results/,2026-08-20,
Monroe,monroe-ma/select-board-planning-board-board-of-health-member,,Carla Davis,verified-current,https://recorder.com/2025/07/02/975k-budget-approved-in-monroe-62121236/,2026-08-20,
Monroe,monroe-ma/school-committee-member,,Kim Oakes,verified-current,https://recorder.com/2026/05/05/monroe-town-election-results/,2026-08-20,
Monroe,monroe-ma/school-committee-member,,Carla Davis,verified-current,https://recorder.com/2025/07/02/975k-budget-approved-in-monroe-62121236/,2026-08-20,
Monroe,monroe-ma/school-committee-member,seat 001,,unresolved,https://recorder.com/2026/05/05/monroe-town-election-results/,2026-08-20,Third staggered current seat not safely reconciled.
Monroe,monroe-ma/finance-committee-member,,Joann Bingham,verified-current,https://recorder.com/2026/05/05/monroe-town-election-results/,2026-08-20,
Monroe,monroe-ma/finance-committee-member,,Sharon Oakes,verified-current,https://recorder.com/2025/07/02/975k-budget-approved-in-monroe-62121236/,2026-08-20,
Monroe,monroe-ma/finance-committee-member,seat 001,,unresolved,https://recorder.com/2026/05/05/monroe-town-election-results/,2026-08-20,Third staggered current seat not safely reconciled.
Monroe,monroe-ma/library-trustee,,Danielle Oakes-Pierce,verified-current,https://recorder.com/2025/07/02/975k-budget-approved-in-monroe-62121236/,2026-08-20,
Monroe,monroe-ma/library-trustee,2026 library seat,,vacant,https://recorder.com/2026/05/05/monroe-town-election-results/,2026-08-20,2026 election had no candidate or write-in for this library seat.
Monroe,monroe-ma/library-trustee,seat 001,,unresolved,https://recorder.com/2026/05/05/monroe-town-election-results/,2026-08-20,Remaining staggered library seat not safely reconciled.
Monroe,monroe-ma/constable,,Joseph Cashman,verified-current,https://recorder.com/2026/05/05/monroe-town-election-results/,2026-08-20,
Monroe,monroe-ma/constable,,Brian Lynch,verified-current,https://recorder.com/2025/07/02/975k-budget-approved-in-monroe-62121236/,2026-08-20,
Monroe,monroe-ma/constable,seat 001,,unresolved,https://recorder.com/2026/05/05/monroe-town-election-results/,2026-08-20,Third staggered current Constable seat not safely reconciled.
Monroe,monroe-ma/moderator,,Joseph Cashman,verified-current,https://recorder.com/2026/05/05/monroe-town-election-results/,2026-08-20,
Monroe,monroe-ma/town-clerk,,Sharon Oakes,verified-current,https://recorder.com/2026/05/05/monroe-town-election-results/,2026-08-20,
Monroe,monroe-ma/auditor,,Sharon Oakes,verified-current,https://recorder.com/2026/05/05/monroe-town-election-results/,2026-08-20,
Monroe,monroe-ma/tree-warden,,Brian Lynch,verified-current,https://recorder.com/2026/05/05/monroe-town-election-results/,2026-08-20,
Monson,monson-ma/moderator,,Laurent R. McDonald,verified-current,https://www.monson-ma.gov/DocumentCenter/View/3022/ELECTED-TOWN-OFFICIALS-2025,2026-08-20,
Monson,monson-ma/town-clerk,,Mary-Frances Watson,verified-current,https://www.monson-ma.gov/DocumentCenter/View/3715/Annual-Town-Election-Official-Results-06-09-26,2026-08-20,
Monson,monson-ma/select-board-member,,Patricia Oney,verified-current,https://www.monson-ma.gov/DocumentCenter/View/3022/ELECTED-TOWN-OFFICIALS-2025,2026-08-20,
Monson,monson-ma/select-board-member,,John Morrell,verified-current,https://www.monson-ma.gov/DocumentCenter/View/3022/ELECTED-TOWN-OFFICIALS-2025,2026-08-20,
Monson,monson-ma/select-board-member,,Ronald Keith Valley,verified-current,https://www.monson-ma.gov/DocumentCenter/View/3715/Annual-Town-Election-Official-Results-06-09-26,2026-08-20,
Monson,monson-ma/select-board-member,transition seat 001,,unresolved,https://malegislature.gov/Laws/SessionLaws/Acts/2026/Chapter69,2026-08-20,Acts 2026 c.69 establishes a five-member board; two additional current transition seats were not safely reconciled.
Monson,monson-ma/select-board-member,transition seat 002,,unresolved,https://malegislature.gov/Laws/SessionLaws/Acts/2026/Chapter69,2026-08-20,Acts 2026 c.69 establishes a five-member board; two additional current transition seats were not safely reconciled.
Monson,monson-ma/assessor,,Dorothy P. Jenkins,verified-current,https://www.monson-ma.gov/DocumentCenter/View/3715/Annual-Town-Election-Official-Results-06-09-26,2026-08-20,
Monson,monson-ma/assessor,,Christopher Haley,verified-current,https://www.monson-ma.gov/DocumentCenter/View/3022/ELECTED-TOWN-OFFICIALS-2025,2026-08-20,
Monson,monson-ma/assessor,,Russell A. Bressette Jr.,verified-current,https://www.monson-ma.gov/DocumentCenter/View/3022/ELECTED-TOWN-OFFICIALS-2025,2026-08-20,
Monson,monson-ma/school-committee-member,,Karen Lynn Nothe-Valley,verified-current,https://www.monson-ma.gov/DocumentCenter/View/3715/Annual-Town-Election-Official-Results-06-09-26,2026-08-20,
Monson,monson-ma/school-committee-member,,Peter Wiggins,verified-current,https://www.monson-ma.gov/DocumentCenter/View/3022/ELECTED-TOWN-OFFICIALS-2025,2026-08-20,
Monson,monson-ma/school-committee-member,,Alison Morgan,verified-current,https://www.monson-ma.gov/DocumentCenter/View/3022/ELECTED-TOWN-OFFICIALS-2025,2026-08-20,
Monson,monson-ma/school-committee-member,,Jamie Murphy,verified-current,https://www.monson-ma.gov/DocumentCenter/View/3022/ELECTED-TOWN-OFFICIALS-2025,2026-08-20,
Monson,monson-ma/school-committee-member,,Jonathan Verda,verified-current,https://www.monson-ma.gov/DocumentCenter/View/3715/Annual-Town-Election-Official-Results-06-09-26,2026-08-20,
Monson,monson-ma/water-sewer-commissioner,,Marshall L. Harris,verified-current,https://www.monson-ma.gov/DocumentCenter/View/3715/Annual-Town-Election-Official-Results-06-09-26,2026-08-20,
Monson,monson-ma/water-sewer-commissioner,,Gilberto Ortiz,verified-current,https://www.monson-ma.gov/DocumentCenter/View/3022/ELECTED-TOWN-OFFICIALS-2025,2026-08-20,
Monson,monson-ma/water-sewer-commissioner,,Michael Szwed,verified-current,https://www.monson-ma.gov/DocumentCenter/View/3022/ELECTED-TOWN-OFFICIALS-2025,2026-08-20,
Monson,monson-ma/highway-surveyor,,Benjamin H. Murphy,verified-current,https://www.monson-ma.gov/DocumentCenter/View/3022/ELECTED-TOWN-OFFICIALS-2025,2026-08-20,
Monson,monson-ma/cemetery-commissioner,,Richard Melcher Smith,verified-current,https://www.monson-ma.gov/DocumentCenter/View/3715/Annual-Town-Election-Official-Results-06-09-26,2026-08-20,
Monson,monson-ma/cemetery-commissioner,,Sarah Pedder,verified-current,https://www.monson-ma.gov/DocumentCenter/View/3022/ELECTED-TOWN-OFFICIALS-2025,2026-08-20,
Monson,monson-ma/cemetery-commissioner,,October Boots,verified-current,https://www.monson-ma.gov/DocumentCenter/View/3022/ELECTED-TOWN-OFFICIALS-2025,2026-08-20,
Monson,monson-ma/parks-recreation-commissioner,,Madeline Rose Goodrich,verified-current,https://www.monson-ma.gov/DocumentCenter/View/3715/Annual-Town-Election-Official-Results-06-09-26,2026-08-20,
Monson,monson-ma/parks-recreation-commissioner,,Jan-Michael DeMaio,verified-current,https://www.monson-ma.gov/DocumentCenter/View/3022/ELECTED-TOWN-OFFICIALS-2025,2026-08-20,
Monson,monson-ma/parks-recreation-commissioner,,Christopher Howard,verified-current,https://www.monson-ma.gov/DocumentCenter/View/3022/ELECTED-TOWN-OFFICIALS-2025,2026-08-20,
Monson,monson-ma/housing-authority-member,,Sarah Lee Geer,verified-current,https://www.monson-ma.gov/DocumentCenter/View/3715/Annual-Town-Election-Official-Results-06-09-26,2026-08-20,
Monson,monson-ma/housing-authority-member,,Shirley Bagg,verified-current,https://www.monson-ma.gov/DocumentCenter/View/3022/ELECTED-TOWN-OFFICIALS-2025,2026-08-20,
Monson,monson-ma/housing-authority-member,,Christine Evans,verified-current,https://www.monson-ma.gov/DocumentCenter/View/3022/ELECTED-TOWN-OFFICIALS-2025,2026-08-20,
Monson,monson-ma/housing-authority-member,,Dolores Scott,verified-current,https://www.monson-ma.gov/DocumentCenter/View/3022/ELECTED-TOWN-OFFICIALS-2025,2026-08-20,
Monson,monson-ma/pathfinder-regional-vocational-school-committee-member,,"Ronald K. Valley, Jr.",verified-current,https://pathfindertech.org/school-committe/,2026-08-20,
Montague,montague-ma/select-board-member,,Richard J. Kuklewicz,verified-current,https://montague-ma.gov/files/2026-06-15__Selectboard_Meeting_Materials.pdf,2026-08-20,
Montague,montague-ma/select-board-member,,Marina Goldman,verified-current,https://montague-ma.gov/files/2026-06-15__Selectboard_Meeting_Materials.pdf,2026-08-20,
Montague,montague-ma/select-board-member,,Nathanael Card Schiffbauer,verified-current,https://montague-ma.gov/files/2026-06-15__Selectboard_Meeting_Materials.pdf,2026-08-20,
Montague,montague-ma/assessor,,Ann M. Cenzano,verified-current,https://montague-ma.gov/files/Board_of_Assessors_Minutes_2025-10-2_Minutes.pdf,2026-08-20,
Montague,montague-ma/assessor,,Ann Fisk,verified-current,https://montague-ma.gov/files/Board_of_Assessors_Minutes_2025-10-2_Minutes.pdf,2026-08-20,
Montague,montague-ma/assessor,,Rebecca Jane Sabelawski,verified-current,https://montague-ma.gov/files/Board_of_Assessors_Minutes_2025-10-2_Minutes.pdf,2026-08-20,
Montague,montague-ma/board-of-health-member,,Melanie Ames Zamojski,verified-current,https://montague-ma.gov/files/2024-05-21_ANNUAL_ELECTION_RESULTS-FINAL.pdf,2026-08-20,
Montague,montague-ma/board-of-health-member,,Rachel Stoler,verified-current,https://montague-ma.gov/files/Town_Election_2025-05-20.pdf,2026-08-20,
Montague,montague-ma/board-of-health-member,,Michael Mark Nelson,verified-current,https://recorder.com/2026/05/20/montague-election-results-2026/,2026-08-20,
Montague,montague-ma/parks-recreation-commissioner,,Barbara D. Kuklewicz,verified-current,https://montague-ma.gov/files/2024-05-21_ANNUAL_ELECTION_RESULTS-FINAL.pdf,2026-08-20,
Montague,montague-ma/parks-recreation-commissioner,,Jeffrey C. Singleton,verified-current,https://recorder.com/2026/05/20/montague-election-results-2026/,2026-08-20,
Montague,montague-ma/parks-recreation-commissioner,seat 001,,unresolved,https://montague-ma.gov/files/Nomination_Papers_Due_2026_-NEWSPAPER.pdf,2026-08-20,Third staggered current Parks seat not safely reconciled.
Montague,montague-ma/library-trustee,,Patricia A. Perham,verified-current,https://montague-ma.gov/files/2024-05-21_ANNUAL_ELECTION_RESULTS-FINAL.pdf,2026-08-20,
Montague,montague-ma/library-trustee,,Gretchen W. Wetherby,verified-current,https://montague-ma.gov/files/2024-05-21_ANNUAL_ELECTION_RESULTS-FINAL.pdf,2026-08-20,
Montague,montague-ma/library-trustee,,Pamela G. Allan,verified-current,https://montague-ma.gov/files/2024-05-21_ANNUAL_ELECTION_RESULTS-FINAL.pdf,2026-08-20,
Montague,montague-ma/library-trustee,,William C. Quale,verified-current,https://montague-ma.gov/files/Town_Election_2025-05-20.pdf,2026-08-20,
Montague,montague-ma/library-trustee,,Tamara M. Kaplan,verified-current,https://montague-ma.gov/files/Town_Election_2025-05-20.pdf,2026-08-20,
Montague,montague-ma/library-trustee,,Lydia Ievins,verified-current,https://recorder.com/2026/05/20/montague-election-results-2026/,2026-08-20,
Montague,montague-ma/library-trustee,,James Martineau,verified-current,https://recorder.com/2026/05/20/montague-election-results-2026/,2026-08-20,
Montague,montague-ma/library-trustee,,Miryam Vesset,verified-current,https://recorder.com/2026/05/20/montague-election-results-2026/,2026-08-20,
Montague,montague-ma/library-trustee,seat 001,,unresolved,https://montague-ma.gov/files/Nomination_Papers_Due_2026_-NEWSPAPER.pdf,2026-08-20,Ninth staggered/special-term Library Trustee seat not safely reconciled.
Montague,montague-ma/moderator,,Elizabeth Margaret Irving,verified-current,https://recorder.com/2026/05/20/montague-election-results-2026/,2026-08-20,
Montague,montague-ma/housing-authority-member,,Karen Casey-Chretien,verified-current,https://montague-ma.gov/files/FY2023_ANNUAL_REPORT_-_Final_-_WEBSITE.pdf,2026-08-20,
Montague,montague-ma/housing-authority-member,,Paula E. Girard,verified-current,https://montague-ma.gov/files/Town_Election_2025-05-20.pdf,2026-08-20,
Montague,montague-ma/housing-authority-member,seat 001,,unresolved,https://montague-ma.gov/files/Nomination_Papers_Due_2026_-NEWSPAPER.pdf,2026-08-20,Two locally elected current Housing Authority seats not safely reconciled.
Montague,montague-ma/housing-authority-member,seat 002,,unresolved,https://montague-ma.gov/files/Nomination_Papers_Due_2026_-NEWSPAPER.pdf,2026-08-20,Two locally elected current Housing Authority seats not safely reconciled.
Montague,montague-ma/soldiers-memorial-trustee-non-veteran,,Jeffrey C. Singleton,verified-current,https://recorder.com/2026/05/20/montague-election-results-2026/,2026-08-20,
Montague,montague-ma/soldiers-memorial-trustee-non-veteran,seat 001,,unresolved,https://montague-ma.gov/files/Nomination_Papers_Due_2026_-NEWSPAPER.pdf,2026-08-20,Remaining two non-veteran trustee seats not safely reconciled.
Montague,montague-ma/soldiers-memorial-trustee-non-veteran,seat 002,,unresolved,https://montague-ma.gov/files/Nomination_Papers_Due_2026_-NEWSPAPER.pdf,2026-08-20,Remaining two non-veteran trustee seats not safely reconciled.
Montague,montague-ma/soldiers-memorial-trustee-veteran,seat 001,,unresolved,https://montague-ma.gov/files/Nomination_Papers_Due_2026_-NEWSPAPER.pdf,2026-08-20,Current veteran trustee seats not safely reconciled from authoritative post-election results.
Montague,montague-ma/soldiers-memorial-trustee-veteran,seat 002,,unresolved,https://montague-ma.gov/files/Nomination_Papers_Due_2026_-NEWSPAPER.pdf,2026-08-20,Current veteran trustee seats not safely reconciled from authoritative post-election results.
Montague,montague-ma/soldiers-memorial-trustee-veteran,seat 003,,unresolved,https://montague-ma.gov/files/Nomination_Papers_Due_2026_-NEWSPAPER.pdf,2026-08-20,Current veteran trustee seats not safely reconciled from authoritative post-election results.
Montague,montague-ma/gill-montague-regional-school-committee-member,,Carol Jacobs,verified-current,https://www.gmrsd.org/school-committee-2,2026-08-20,
Montague,montague-ma/gill-montague-regional-school-committee-member,,Heather Katsoulis,verified-current,https://www.gmrsd.org/school-committee-2,2026-08-20,
Montague,montague-ma/gill-montague-regional-school-committee-member,,Lori-lee Adams,verified-current,https://www.gmrsd.org/school-committee-2,2026-08-20,
Montague,montague-ma/gill-montague-regional-school-committee-member,,Wendy Thompson,verified-current,https://www.gmrsd.org/school-committee-2,2026-08-20,
Montague,montague-ma/gill-montague-regional-school-committee-member,,Clifford Spatcher,verified-current,https://gillmass.org/files/GillNews_2026_2SUMMER.pdf,2026-08-20,
Montague,montague-ma/gill-montague-regional-school-committee-member,,Sue Ann Richardson,verified-current,https://gillmass.org/files/GillNews_2026_2SUMMER.pdf,2026-08-20,
Montague,montague-ma/representative-town-meeting-member,Precinct 1 / seat 01,,unresolved,https://montague-ma.gov/,2026-08-20,126-seat structure verified; complete current member-by-seat reconciliation remains outstanding. No vacancy inferred.
Montague,montague-ma/representative-town-meeting-member,Precinct 1 / seat 02,,unresolved,https://montague-ma.gov/,2026-08-20,126-seat structure verified; complete current member-by-seat reconciliation remains outstanding. No vacancy inferred.
Montague,montague-ma/representative-town-meeting-member,Precinct 1 / seat 03,,unresolved,https://montague-ma.gov/,2026-08-20,126-seat structure verified; complete current member-by-seat reconciliation remains outstanding. No vacancy inferred.
Montague,montague-ma/representative-town-meeting-member,Precinct 1 / seat 04,,unresolved,https://montague-ma.gov/,2026-08-20,126-seat structure verified; complete current member-by-seat reconciliation remains outstanding. No vacancy inferred.
Montague,montague-ma/representative-town-meeting-member,Precinct 1 / seat 05,,unresolved,https://montague-ma.gov/,2026-08-20,126-seat structure verified; complete current member-by-seat reconciliation remains outstanding. No vacancy inferred.
Montague,montague-ma/representative-town-meeting-member,Precinct 1 / seat 06,,unresolved,https://montague-ma.gov/,2026-08-20,126-seat structure verified; complete current member-by-seat reconciliation remains outstanding. No vacancy inferred.
Montague,montague-ma/representative-town-meeting-member,Precinct 1 / seat 07,,unresolved,https://montague-ma.gov/,2026-08-20,126-seat structure verified; complete current member-by-seat reconciliation remains outstanding. No vacancy inferred.
Montague,montague-ma/representative-town-meeting-member,Precinct 1 / seat 08,,unresolved,https://montague-ma.gov/,2026-08-20,126-seat structure verified; complete current member-by-seat reconciliation remains outstanding. No vacancy inferred.
Montague,montague-ma/representative-town-meeting-member,Precinct 1 / seat 09,,unresolved,https://montague-ma.gov/,2026-08-20,126-seat structure verified; complete current member-by-seat reconciliation remains outstanding. No vacancy inferred.
Montague,montague-ma/representative-town-meeting-member,Precinct 1 / seat 10,,unresolved,https://montague-ma.gov/,2026-08-20,126-seat structure verified; complete current member-by-seat reconciliation remains outstanding. No vacancy inferred.
Montague,montague-ma/representative-town-meeting-member,Precinct 1 / seat 11,,unresolved,https://montague-ma.gov/,2026-08-20,126-seat structure verified; complete current member-by-seat reconciliation remains outstanding. No vacancy inferred.
Montague,montague-ma/representative-town-meeting-member,Precinct 1 / seat 12,,unresolved,https://montague-ma.gov/,2026-08-20,126-seat structure verified; complete current member-by-seat reconciliation remains outstanding. No vacancy inferred.
Montague,montague-ma/representative-town-meeting-member,Precinct 1 / seat 13,,unresolved,https://montague-ma.gov/,2026-08-20,126-seat structure verified; complete current member-by-seat reconciliation remains outstanding. No vacancy inferred.
Montague,montague-ma/representative-town-meeting-member,Precinct 1 / seat 14,,unresolved,https://montague-ma.gov/,2026-08-20,126-seat structure verified; complete current member-by-seat reconciliation remains outstanding. No vacancy inferred.
Montague,montague-ma/representative-town-meeting-member,Precinct 1 / seat 15,,unresolved,https://montague-ma.gov/,2026-08-20,126-seat structure verified; complete current member-by-seat reconciliation remains outstanding. No vacancy inferred.
Montague,montague-ma/representative-town-meeting-member,Precinct 1 / seat 16,,unresolved,https://montague-ma.gov/,2026-08-20,126-seat structure verified; complete current member-by-seat reconciliation remains outstanding. No vacancy inferred.
Montague,montague-ma/representative-town-meeting-member,Precinct 1 / seat 17,,unresolved,https://montague-ma.gov/,2026-08-20,126-seat structure verified; complete current member-by-seat reconciliation remains outstanding. No vacancy inferred.
Montague,montague-ma/representative-town-meeting-member,Precinct 1 / seat 18,,unresolved,https://montague-ma.gov/,2026-08-20,126-seat structure verified; complete current member-by-seat reconciliation remains outstanding. No vacancy inferred.
Montague,montague-ma/representative-town-meeting-member,Precinct 1 / seat 19,,unresolved,https://montague-ma.gov/,2026-08-20,126-seat structure verified; complete current member-by-seat reconciliation remains outstanding. No vacancy inferred.
Montague,montague-ma/representative-town-meeting-member,Precinct 1 / seat 20,,unresolved,https://montague-ma.gov/,2026-08-20,126-seat structure verified; complete current member-by-seat reconciliation remains outstanding. No vacancy inferred.
Montague,montague-ma/representative-town-meeting-member,Precinct 1 / seat 21,,unresolved,https://montague-ma.gov/,2026-08-20,126-seat structure verified; complete current member-by-seat reconciliation remains outstanding. No vacancy inferred.
Montague,montague-ma/representative-town-meeting-member,Precinct 2 / seat 01,,unresolved,https://montague-ma.gov/,2026-08-20,126-seat structure verified; complete current member-by-seat reconciliation remains outstanding. No vacancy inferred.
Montague,montague-ma/representative-town-meeting-member,Precinct 2 / seat 02,,unresolved,https://montague-ma.gov/,2026-08-20,126-seat structure verified; complete current member-by-seat reconciliation remains outstanding. No vacancy inferred.
Montague,montague-ma/representative-town-meeting-member,Precinct 2 / seat 03,,unresolved,https://montague-ma.gov/,2026-08-20,126-seat structure verified; complete current member-by-seat reconciliation remains outstanding. No vacancy inferred.
Montague,montague-ma/representative-town-meeting-member,Precinct 2 / seat 04,,unresolved,https://montague-ma.gov/,2026-08-20,126-seat structure verified; complete current member-by-seat reconciliation remains outstanding. No vacancy inferred.
Montague,montague-ma/representative-town-meeting-member,Precinct 2 / seat 05,,unresolved,https://montague-ma.gov/,2026-08-20,126-seat structure verified; complete current member-by-seat reconciliation remains outstanding. No vacancy inferred.
Montague,montague-ma/representative-town-meeting-member,Precinct 2 / seat 06,,unresolved,https://montague-ma.gov/,2026-08-20,126-seat structure verified; complete current member-by-seat reconciliation remains outstanding. No vacancy inferred.
Montague,montague-ma/representative-town-meeting-member,Precinct 2 / seat 07,,unresolved,https://montague-ma.gov/,2026-08-20,126-seat structure verified; complete current member-by-seat reconciliation remains outstanding. No vacancy inferred.
Montague,montague-ma/representative-town-meeting-member,Precinct 2 / seat 08,,unresolved,https://montague-ma.gov/,2026-08-20,126-seat structure verified; complete current member-by-seat reconciliation remains outstanding. No vacancy inferred.
Montague,montague-ma/representative-town-meeting-member,Precinct 2 / seat 09,,unresolved,https://montague-ma.gov/,2026-08-20,126-seat structure verified; complete current member-by-seat reconciliation remains outstanding. No vacancy inferred.
Montague,montague-ma/representative-town-meeting-member,Precinct 2 / seat 10,,unresolved,https://montague-ma.gov/,2026-08-20,126-seat structure verified; complete current member-by-seat reconciliation remains outstanding. No vacancy inferred.
Montague,montague-ma/representative-town-meeting-member,Precinct 2 / seat 11,,unresolved,https://montague-ma.gov/,2026-08-20,126-seat structure verified; complete current member-by-seat reconciliation remains outstanding. No vacancy inferred.
Montague,montague-ma/representative-town-meeting-member,Precinct 2 / seat 12,,unresolved,https://montague-ma.gov/,2026-08-20,126-seat structure verified; complete current member-by-seat reconciliation remains outstanding. No vacancy inferred.
Montague,montague-ma/representative-town-meeting-member,Precinct 2 / seat 13,,unresolved,https://montague-ma.gov/,2026-08-20,126-seat structure verified; complete current member-by-seat reconciliation remains outstanding. No vacancy inferred.
Montague,montague-ma/representative-town-meeting-member,Precinct 2 / seat 14,,unresolved,https://montague-ma.gov/,2026-08-20,126-seat structure verified; complete current member-by-seat reconciliation remains outstanding. No vacancy inferred.
Montague,montague-ma/representative-town-meeting-member,Precinct 2 / seat 15,,unresolved,https://montague-ma.gov/,2026-08-20,126-seat structure verified; complete current member-by-seat reconciliation remains outstanding. No vacancy inferred.
Montague,montague-ma/representative-town-meeting-member,Precinct 2 / seat 16,,unresolved,https://montague-ma.gov/,2026-08-20,126-seat structure verified; complete current member-by-seat reconciliation remains outstanding. No vacancy inferred.
Montague,montague-ma/representative-town-meeting-member,Precinct 2 / seat 17,,unresolved,https://montague-ma.gov/,2026-08-20,126-seat structure verified; complete current member-by-seat reconciliation remains outstanding. No vacancy inferred.
Montague,montague-ma/representative-town-meeting-member,Precinct 2 / seat 18,,unresolved,https://montague-ma.gov/,2026-08-20,126-seat structure verified; complete current member-by-seat reconciliation remains outstanding. No vacancy inferred.
Montague,montague-ma/representative-town-meeting-member,Precinct 2 / seat 19,,unresolved,https://montague-ma.gov/,2026-08-20,126-seat structure verified; complete current member-by-seat reconciliation remains outstanding. No vacancy inferred.
Montague,montague-ma/representative-town-meeting-member,Precinct 2 / seat 20,,unresolved,https://montague-ma.gov/,2026-08-20,126-seat structure verified; complete current member-by-seat reconciliation remains outstanding. No vacancy inferred.
Montague,montague-ma/representative-town-meeting-member,Precinct 2 / seat 21,,unresolved,https://montague-ma.gov/,2026-08-20,126-seat structure verified; complete current member-by-seat reconciliation remains outstanding. No vacancy inferred.
Montague,montague-ma/representative-town-meeting-member,Precinct 3 / seat 01,,unresolved,https://montague-ma.gov/,2026-08-20,126-seat structure verified; complete current member-by-seat reconciliation remains outstanding. No vacancy inferred.
Montague,montague-ma/representative-town-meeting-member,Precinct 3 / seat 02,,unresolved,https://montague-ma.gov/,2026-08-20,126-seat structure verified; complete current member-by-seat reconciliation remains outstanding. No vacancy inferred.
Montague,montague-ma/representative-town-meeting-member,Precinct 3 / seat 03,,unresolved,https://montague-ma.gov/,2026-08-20,126-seat structure verified; complete current member-by-seat reconciliation remains outstanding. No vacancy inferred.
Montague,montague-ma/representative-town-meeting-member,Precinct 3 / seat 04,,unresolved,https://montague-ma.gov/,2026-08-20,126-seat structure verified; complete current member-by-seat reconciliation remains outstanding. No vacancy inferred.
Montague,montague-ma/representative-town-meeting-member,Precinct 3 / seat 05,,unresolved,https://montague-ma.gov/,2026-08-20,126-seat structure verified; complete current member-by-seat reconciliation remains outstanding. No vacancy inferred.
Montague,montague-ma/representative-town-meeting-member,Precinct 3 / seat 06,,unresolved,https://montague-ma.gov/,2026-08-20,126-seat structure verified; complete current member-by-seat reconciliation remains outstanding. No vacancy inferred.
Montague,montague-ma/representative-town-meeting-member,Precinct 3 / seat 07,,unresolved,https://montague-ma.gov/,2026-08-20,126-seat structure verified; complete current member-by-seat reconciliation remains outstanding. No vacancy inferred.
Montague,montague-ma/representative-town-meeting-member,Precinct 3 / seat 08,,unresolved,https://montague-ma.gov/,2026-08-20,126-seat structure verified; complete current member-by-seat reconciliation remains outstanding. No vacancy inferred.
Montague,montague-ma/representative-town-meeting-member,Precinct 3 / seat 09,,unresolved,https://montague-ma.gov/,2026-08-20,126-seat structure verified; complete current member-by-seat reconciliation remains outstanding. No vacancy inferred.
Montague,montague-ma/representative-town-meeting-member,Precinct 3 / seat 10,,unresolved,https://montague-ma.gov/,2026-08-20,126-seat structure verified; complete current member-by-seat reconciliation remains outstanding. No vacancy inferred.
Montague,montague-ma/representative-town-meeting-member,Precinct 3 / seat 11,,unresolved,https://montague-ma.gov/,2026-08-20,126-seat structure verified; complete current member-by-seat reconciliation remains outstanding. No vacancy inferred.
Montague,montague-ma/representative-town-meeting-member,Precinct 3 / seat 12,,unresolved,https://montague-ma.gov/,2026-08-20,126-seat structure verified; complete current member-by-seat reconciliation remains outstanding. No vacancy inferred.
Montague,montague-ma/representative-town-meeting-member,Precinct 3 / seat 13,,unresolved,https://montague-ma.gov/,2026-08-20,126-seat structure verified; complete current member-by-seat reconciliation remains outstanding. No vacancy inferred.
Montague,montague-ma/representative-town-meeting-member,Precinct 3 / seat 14,,unresolved,https://montague-ma.gov/,2026-08-20,126-seat structure verified; complete current member-by-seat reconciliation remains outstanding. No vacancy inferred.
Montague,montague-ma/representative-town-meeting-member,Precinct 3 / seat 15,,unresolved,https://montague-ma.gov/,2026-08-20,126-seat structure verified; complete current member-by-seat reconciliation remains outstanding. No vacancy inferred.
Montague,montague-ma/representative-town-meeting-member,Precinct 3 / seat 16,,unresolved,https://montague-ma.gov/,2026-08-20,126-seat structure verified; complete current member-by-seat reconciliation remains outstanding. No vacancy inferred.
Montague,montague-ma/representative-town-meeting-member,Precinct 3 / seat 17,,unresolved,https://montague-ma.gov/,2026-08-20,126-seat structure verified; complete current member-by-seat reconciliation remains outstanding. No vacancy inferred.
Montague,montague-ma/representative-town-meeting-member,Precinct 3 / seat 18,,unresolved,https://montague-ma.gov/,2026-08-20,126-seat structure verified; complete current member-by-seat reconciliation remains outstanding. No vacancy inferred.
Montague,montague-ma/representative-town-meeting-member,Precinct 3 / seat 19,,unresolved,https://montague-ma.gov/,2026-08-20,126-seat structure verified; complete current member-by-seat reconciliation remains outstanding. No vacancy inferred.
Montague,montague-ma/representative-town-meeting-member,Precinct 3 / seat 20,,unresolved,https://montague-ma.gov/,2026-08-20,126-seat structure verified; complete current member-by-seat reconciliation remains outstanding. No vacancy inferred.
Montague,montague-ma/representative-town-meeting-member,Precinct 3 / seat 21,,unresolved,https://montague-ma.gov/,2026-08-20,126-seat structure verified; complete current member-by-seat reconciliation remains outstanding. No vacancy inferred.
Montague,montague-ma/representative-town-meeting-member,Precinct 4 / seat 01,,unresolved,https://montague-ma.gov/,2026-08-20,126-seat structure verified; complete current member-by-seat reconciliation remains outstanding. No vacancy inferred.
Montague,montague-ma/representative-town-meeting-member,Precinct 4 / seat 02,,unresolved,https://montague-ma.gov/,2026-08-20,126-seat structure verified; complete current member-by-seat reconciliation remains outstanding. No vacancy inferred.
Montague,montague-ma/representative-town-meeting-member,Precinct 4 / seat 03,,unresolved,https://montague-ma.gov/,2026-08-20,126-seat structure verified; complete current member-by-seat reconciliation remains outstanding. No vacancy inferred.
Montague,montague-ma/representative-town-meeting-member,Precinct 4 / seat 04,,unresolved,https://montague-ma.gov/,2026-08-20,126-seat structure verified; complete current member-by-seat reconciliation remains outstanding. No vacancy inferred.
Montague,montague-ma/representative-town-meeting-member,Precinct 4 / seat 05,,unresolved,https://montague-ma.gov/,2026-08-20,126-seat structure verified; complete current member-by-seat reconciliation remains outstanding. No vacancy inferred.
Montague,montague-ma/representative-town-meeting-member,Precinct 4 / seat 06,,unresolved,https://montague-ma.gov/,2026-08-20,126-seat structure verified; complete current member-by-seat reconciliation remains outstanding. No vacancy inferred.
Montague,montague-ma/representative-town-meeting-member,Precinct 4 / seat 07,,unresolved,https://montague-ma.gov/,2026-08-20,126-seat structure verified; complete current member-by-seat reconciliation remains outstanding. No vacancy inferred.
Montague,montague-ma/representative-town-meeting-member,Precinct 4 / seat 08,,unresolved,https://montague-ma.gov/,2026-08-20,126-seat structure verified; complete current member-by-seat reconciliation remains outstanding. No vacancy inferred.
Montague,montague-ma/representative-town-meeting-member,Precinct 4 / seat 09,,unresolved,https://montague-ma.gov/,2026-08-20,126-seat structure verified; complete current member-by-seat reconciliation remains outstanding. No vacancy inferred.
Montague,montague-ma/representative-town-meeting-member,Precinct 4 / seat 10,,unresolved,https://montague-ma.gov/,2026-08-20,126-seat structure verified; complete current member-by-seat reconciliation remains outstanding. No vacancy inferred.
Montague,montague-ma/representative-town-meeting-member,Precinct 4 / seat 11,,unresolved,https://montague-ma.gov/,2026-08-20,126-seat structure verified; complete current member-by-seat reconciliation remains outstanding. No vacancy inferred.
Montague,montague-ma/representative-town-meeting-member,Precinct 4 / seat 12,,unresolved,https://montague-ma.gov/,2026-08-20,126-seat structure verified; complete current member-by-seat reconciliation remains outstanding. No vacancy inferred.
Montague,montague-ma/representative-town-meeting-member,Precinct 4 / seat 13,,unresolved,https://montague-ma.gov/,2026-08-20,126-seat structure verified; complete current member-by-seat reconciliation remains outstanding. No vacancy inferred.
Montague,montague-ma/representative-town-meeting-member,Precinct 4 / seat 14,,unresolved,https://montague-ma.gov/,2026-08-20,126-seat structure verified; complete current member-by-seat reconciliation remains outstanding. No vacancy inferred.
Montague,montague-ma/representative-town-meeting-member,Precinct 4 / seat 15,,unresolved,https://montague-ma.gov/,2026-08-20,126-seat structure verified; complete current member-by-seat reconciliation remains outstanding. No vacancy inferred.
Montague,montague-ma/representative-town-meeting-member,Precinct 4 / seat 16,,unresolved,https://montague-ma.gov/,2026-08-20,126-seat structure verified; complete current member-by-seat reconciliation remains outstanding. No vacancy inferred.
Montague,montague-ma/representative-town-meeting-member,Precinct 4 / seat 17,,unresolved,https://montague-ma.gov/,2026-08-20,126-seat structure verified; complete current member-by-seat reconciliation remains outstanding. No vacancy inferred.
Montague,montague-ma/representative-town-meeting-member,Precinct 4 / seat 18,,unresolved,https://montague-ma.gov/,2026-08-20,126-seat structure verified; complete current member-by-seat reconciliation remains outstanding. No vacancy inferred.
Montague,montague-ma/representative-town-meeting-member,Precinct 4 / seat 19,,unresolved,https://montague-ma.gov/,2026-08-20,126-seat structure verified; complete current member-by-seat reconciliation remains outstanding. No vacancy inferred.
Montague,montague-ma/representative-town-meeting-member,Precinct 4 / seat 20,,unresolved,https://montague-ma.gov/,2026-08-20,126-seat structure verified; complete current member-by-seat reconciliation remains outstanding. No vacancy inferred.
Montague,montague-ma/representative-town-meeting-member,Precinct 4 / seat 21,,unresolved,https://montague-ma.gov/,2026-08-20,126-seat structure verified; complete current member-by-seat reconciliation remains outstanding. No vacancy inferred.
Montague,montague-ma/representative-town-meeting-member,Precinct 5 / seat 01,,unresolved,https://montague-ma.gov/,2026-08-20,126-seat structure verified; complete current member-by-seat reconciliation remains outstanding. No vacancy inferred.
Montague,montague-ma/representative-town-meeting-member,Precinct 5 / seat 02,,unresolved,https://montague-ma.gov/,2026-08-20,126-seat structure verified; complete current member-by-seat reconciliation remains outstanding. No vacancy inferred.
Montague,montague-ma/representative-town-meeting-member,Precinct 5 / seat 03,,unresolved,https://montague-ma.gov/,2026-08-20,126-seat structure verified; complete current member-by-seat reconciliation remains outstanding. No vacancy inferred.
Montague,montague-ma/representative-town-meeting-member,Precinct 5 / seat 04,,unresolved,https://montague-ma.gov/,2026-08-20,126-seat structure verified; complete current member-by-seat reconciliation remains outstanding. No vacancy inferred.
Montague,montague-ma/representative-town-meeting-member,Precinct 5 / seat 05,,unresolved,https://montague-ma.gov/,2026-08-20,126-seat structure verified; complete current member-by-seat reconciliation remains outstanding. No vacancy inferred.
Montague,montague-ma/representative-town-meeting-member,Precinct 5 / seat 06,,unresolved,https://montague-ma.gov/,2026-08-20,126-seat structure verified; complete current member-by-seat reconciliation remains outstanding. No vacancy inferred.
Montague,montague-ma/representative-town-meeting-member,Precinct 5 / seat 07,,unresolved,https://montague-ma.gov/,2026-08-20,126-seat structure verified; complete current member-by-seat reconciliation remains outstanding. No vacancy inferred.
Montague,montague-ma/representative-town-meeting-member,Precinct 5 / seat 08,,unresolved,https://montague-ma.gov/,2026-08-20,126-seat structure verified; complete current member-by-seat reconciliation remains outstanding. No vacancy inferred.
Montague,montague-ma/representative-town-meeting-member,Precinct 5 / seat 09,,unresolved,https://montague-ma.gov/,2026-08-20,126-seat structure verified; complete current member-by-seat reconciliation remains outstanding. No vacancy inferred.
Montague,montague-ma/representative-town-meeting-member,Precinct 5 / seat 10,,unresolved,https://montague-ma.gov/,2026-08-20,126-seat structure verified; complete current member-by-seat reconciliation remains outstanding. No vacancy inferred.
Montague,montague-ma/representative-town-meeting-member,Precinct 5 / seat 11,,unresolved,https://montague-ma.gov/,2026-08-20,126-seat structure verified; complete current member-by-seat reconciliation remains outstanding. No vacancy inferred.
Montague,montague-ma/representative-town-meeting-member,Precinct 5 / seat 12,,unresolved,https://montague-ma.gov/,2026-08-20,126-seat structure verified; complete current member-by-seat reconciliation remains outstanding. No vacancy inferred.
Montague,montague-ma/representative-town-meeting-member,Precinct 5 / seat 13,,unresolved,https://montague-ma.gov/,2026-08-20,126-seat structure verified; complete current member-by-seat reconciliation remains outstanding. No vacancy inferred.
Montague,montague-ma/representative-town-meeting-member,Precinct 5 / seat 14,,unresolved,https://montague-ma.gov/,2026-08-20,126-seat structure verified; complete current member-by-seat reconciliation remains outstanding. No vacancy inferred.
Montague,montague-ma/representative-town-meeting-member,Precinct 5 / seat 15,,unresolved,https://montague-ma.gov/,2026-08-20,126-seat structure verified; complete current member-by-seat reconciliation remains outstanding. No vacancy inferred.
Montague,montague-ma/representative-town-meeting-member,Precinct 5 / seat 16,,unresolved,https://montague-ma.gov/,2026-08-20,126-seat structure verified; complete current member-by-seat reconciliation remains outstanding. No vacancy inferred.
Montague,montague-ma/representative-town-meeting-member,Precinct 5 / seat 17,,unresolved,https://montague-ma.gov/,2026-08-20,126-seat structure verified; complete current member-by-seat reconciliation remains outstanding. No vacancy inferred.
Montague,montague-ma/representative-town-meeting-member,Precinct 5 / seat 18,,unresolved,https://montague-ma.gov/,2026-08-20,126-seat structure verified; complete current member-by-seat reconciliation remains outstanding. No vacancy inferred.
Montague,montague-ma/representative-town-meeting-member,Precinct 5 / seat 19,,unresolved,https://montague-ma.gov/,2026-08-20,126-seat structure verified; complete current member-by-seat reconciliation remains outstanding. No vacancy inferred.
Montague,montague-ma/representative-town-meeting-member,Precinct 5 / seat 20,,unresolved,https://montague-ma.gov/,2026-08-20,126-seat structure verified; complete current member-by-seat reconciliation remains outstanding. No vacancy inferred.
Montague,montague-ma/representative-town-meeting-member,Precinct 5 / seat 21,,unresolved,https://montague-ma.gov/,2026-08-20,126-seat structure verified; complete current member-by-seat reconciliation remains outstanding. No vacancy inferred.
Montague,montague-ma/representative-town-meeting-member,Precinct 6 / seat 01,,unresolved,https://montague-ma.gov/,2026-08-20,126-seat structure verified; complete current member-by-seat reconciliation remains outstanding. No vacancy inferred.
Montague,montague-ma/representative-town-meeting-member,Precinct 6 / seat 02,,unresolved,https://montague-ma.gov/,2026-08-20,126-seat structure verified; complete current member-by-seat reconciliation remains outstanding. No vacancy inferred.
Montague,montague-ma/representative-town-meeting-member,Precinct 6 / seat 03,,unresolved,https://montague-ma.gov/,2026-08-20,126-seat structure verified; complete current member-by-seat reconciliation remains outstanding. No vacancy inferred.
Montague,montague-ma/representative-town-meeting-member,Precinct 6 / seat 04,,unresolved,https://montague-ma.gov/,2026-08-20,126-seat structure verified; complete current member-by-seat reconciliation remains outstanding. No vacancy inferred.
Montague,montague-ma/representative-town-meeting-member,Precinct 6 / seat 05,,unresolved,https://montague-ma.gov/,2026-08-20,126-seat structure verified; complete current member-by-seat reconciliation remains outstanding. No vacancy inferred.
Montague,montague-ma/representative-town-meeting-member,Precinct 6 / seat 06,,unresolved,https://montague-ma.gov/,2026-08-20,126-seat structure verified; complete current member-by-seat reconciliation remains outstanding. No vacancy inferred.
Montague,montague-ma/representative-town-meeting-member,Precinct 6 / seat 07,,unresolved,https://montague-ma.gov/,2026-08-20,126-seat structure verified; complete current member-by-seat reconciliation remains outstanding. No vacancy inferred.
Montague,montague-ma/representative-town-meeting-member,Precinct 6 / seat 08,,unresolved,https://montague-ma.gov/,2026-08-20,126-seat structure verified; complete current member-by-seat reconciliation remains outstanding. No vacancy inferred.
Montague,montague-ma/representative-town-meeting-member,Precinct 6 / seat 09,,unresolved,https://montague-ma.gov/,2026-08-20,126-seat structure verified; complete current member-by-seat reconciliation remains outstanding. No vacancy inferred.
Montague,montague-ma/representative-town-meeting-member,Precinct 6 / seat 10,,unresolved,https://montague-ma.gov/,2026-08-20,126-seat structure verified; complete current member-by-seat reconciliation remains outstanding. No vacancy inferred.
Montague,montague-ma/representative-town-meeting-member,Precinct 6 / seat 11,,unresolved,https://montague-ma.gov/,2026-08-20,126-seat structure verified; complete current member-by-seat reconciliation remains outstanding. No vacancy inferred.
Montague,montague-ma/representative-town-meeting-member,Precinct 6 / seat 12,,unresolved,https://montague-ma.gov/,2026-08-20,126-seat structure verified; complete current member-by-seat reconciliation remains outstanding. No vacancy inferred.
Montague,montague-ma/representative-town-meeting-member,Precinct 6 / seat 13,,unresolved,https://montague-ma.gov/,2026-08-20,126-seat structure verified; complete current member-by-seat reconciliation remains outstanding. No vacancy inferred.
Montague,montague-ma/representative-town-meeting-member,Precinct 6 / seat 14,,unresolved,https://montague-ma.gov/,2026-08-20,126-seat structure verified; complete current member-by-seat reconciliation remains outstanding. No vacancy inferred.
Montague,montague-ma/representative-town-meeting-member,Precinct 6 / seat 15,,unresolved,https://montague-ma.gov/,2026-08-20,126-seat structure verified; complete current member-by-seat reconciliation remains outstanding. No vacancy inferred.
Montague,montague-ma/representative-town-meeting-member,Precinct 6 / seat 16,,unresolved,https://montague-ma.gov/,2026-08-20,126-seat structure verified; complete current member-by-seat reconciliation remains outstanding. No vacancy inferred.
Montague,montague-ma/representative-town-meeting-member,Precinct 6 / seat 17,,unresolved,https://montague-ma.gov/,2026-08-20,126-seat structure verified; complete current member-by-seat reconciliation remains outstanding. No vacancy inferred.
Montague,montague-ma/representative-town-meeting-member,Precinct 6 / seat 18,,unresolved,https://montague-ma.gov/,2026-08-20,126-seat structure verified; complete current member-by-seat reconciliation remains outstanding. No vacancy inferred.
Montague,montague-ma/representative-town-meeting-member,Precinct 6 / seat 19,,unresolved,https://montague-ma.gov/,2026-08-20,126-seat structure verified; complete current member-by-seat reconciliation remains outstanding. No vacancy inferred.
Montague,montague-ma/representative-town-meeting-member,Precinct 6 / seat 20,,unresolved,https://montague-ma.gov/,2026-08-20,126-seat structure verified; complete current member-by-seat reconciliation remains outstanding. No vacancy inferred.
Montague,montague-ma/representative-town-meeting-member,Precinct 6 / seat 21,,unresolved,https://montague-ma.gov/,2026-08-20,126-seat structure verified; complete current member-by-seat reconciliation remains outstanding. No vacancy inferred.
Monterey,monterey-ma/board-of-appeals-member,,Jon Levin,verified-current,https://www.montereyma.gov/town-clerk/pages/election-ballots-and-results,2026-08-20,
Monterey,monterey-ma/board-of-appeals-member,,Gary Shaw,verified-current,https://www.montereyma.gov/town-clerk/pages/election-ballots-and-results,2026-08-20,
Monterey,monterey-ma/board-of-appeals-member,,Scott Jenssen,verified-current,https://www.montereyma.gov/town-clerk/pages/election-ballots-and-results,2026-08-20,
Monterey,monterey-ma/board-of-appeals-member,,Susan Cooper,verified-current,https://www.montereyma.gov/town-clerk/pages/election-ballots-and-results,2026-08-20,
Monterey,monterey-ma/board-of-appeals-member,seat 001,,unresolved,https://www.montereyma.gov/town-clerk/pages/election-ballots-and-results,2026-08-20,2026-expiring Board of Appeals seat successor not safely reconciled.
Monterey,monterey-ma/assessor,,Scott Steibel,verified-current,https://www.montereyma.gov/assessors,2026-08-20,
Monterey,monterey-ma/assessor,,Teresa Steibel,verified-current,https://www.montereyma.gov/assessors,2026-08-20,
Monterey,monterey-ma/assessor,seat 001,,unresolved,https://www.montereyma.gov/town-clerk/pages/election-ballots-and-results,2026-08-20,Third current Assessor seat not safely reconciled after 2026 election.
Monterey,monterey-ma/board-of-health-member,,Mort Salomon,verified-current,https://www.montereyma.gov/town-clerk/pages/election-ballots-and-results,2026-08-20,
Monterey,monterey-ma/board-of-health-member,,Thomas Mensi,verified-current,https://www.montereyma.gov/town-clerk/pages/election-ballots-and-results,2026-08-20,
Monterey,monterey-ma/board-of-health-member,seat 001,,unresolved,https://www.montereyma.gov/town-clerk/pages/election-ballots-and-results,2026-08-20,Third current Board of Health seat not safely reconciled after 2026 election.
Monterey,monterey-ma/bylaw-review-committee-member,seat 001,,unresolved,https://www.montereyma.gov/town-clerk/pages/election-ballots-and-results,2026-08-20,Current Bylaw Review Committee holders not safely reconciled from complete post-2026 official results.
Monterey,monterey-ma/bylaw-review-committee-member,seat 002,,unresolved,https://www.montereyma.gov/town-clerk/pages/election-ballots-and-results,2026-08-20,Current Bylaw Review Committee holders not safely reconciled from complete post-2026 official results.
Monterey,monterey-ma/bylaw-review-committee-member,seat 003,,unresolved,https://www.montereyma.gov/town-clerk/pages/election-ballots-and-results,2026-08-20,Current Bylaw Review Committee holders not safely reconciled from complete post-2026 official results.
Monterey,monterey-ma/bylaw-review-committee-member,seat 004,,unresolved,https://www.montereyma.gov/town-clerk/pages/election-ballots-and-results,2026-08-20,Current Bylaw Review Committee holders not safely reconciled from complete post-2026 official results.
Monterey,monterey-ma/bylaw-review-committee-member,seat 005,,unresolved,https://www.montereyma.gov/town-clerk/pages/election-ballots-and-results,2026-08-20,Current Bylaw Review Committee holders not safely reconciled from complete post-2026 official results.
Monterey,monterey-ma/cemetery-commissioner,,Michael Banner,verified-current,https://www.montereyma.gov/town-clerk/pages/election-ballots-and-results,2026-08-20,
Monterey,monterey-ma/cemetery-commissioner,seat 001,,unresolved,https://www.montereyma.gov/town-clerk/pages/election-ballots-and-results,2026-08-20,Remaining current Cemetery Commission seats not safely reconciled.
Monterey,monterey-ma/cemetery-commissioner,seat 002,,unresolved,https://www.montereyma.gov/town-clerk/pages/election-ballots-and-results,2026-08-20,Remaining current Cemetery Commission seats not safely reconciled.
Monterey,monterey-ma/constable,,Julio Rodriguez,verified-current,https://www.montereyma.gov/town-clerk/pages/election-ballots-and-results,2026-08-20,
Monterey,monterey-ma/finance-committee-member,,Roger Tryon,verified-current,https://www.montereyma.gov/town-clerk/pages/election-ballots-and-results,2026-08-20,
Monterey,monterey-ma/finance-committee-member,seat 001,,unresolved,https://www.montereyma.gov/town-clerk/pages/election-ballots-and-results,2026-08-20,Remaining current Finance Committee seats not safely reconciled.
Monterey,monterey-ma/finance-committee-member,seat 002,,unresolved,https://www.montereyma.gov/town-clerk/pages/election-ballots-and-results,2026-08-20,Remaining current Finance Committee seats not safely reconciled.
Monterey,monterey-ma/library-trustee,,Mickey Jervas,verified-current,https://www.montereyma.gov/town-clerk/pages/election-ballots-and-results,2026-08-20,
Monterey,monterey-ma/library-trustee,,Rebecca Wolin,verified-current,https://www.montereyma.gov/town-clerk/pages/election-ballots-and-results,2026-08-20,
Monterey,monterey-ma/library-trustee,seat 001,,unresolved,https://www.montereyma.gov/town-clerk/pages/election-ballots-and-results,2026-08-20,Four current Library Trustee seats not safely reconciled from complete post-2026 results.
Monterey,monterey-ma/library-trustee,seat 002,,unresolved,https://www.montereyma.gov/town-clerk/pages/election-ballots-and-results,2026-08-20,Four current Library Trustee seats not safely reconciled from complete post-2026 results.
Monterey,monterey-ma/library-trustee,seat 003,,unresolved,https://www.montereyma.gov/town-clerk/pages/election-ballots-and-results,2026-08-20,Four current Library Trustee seats not safely reconciled from complete post-2026 results.
Monterey,monterey-ma/library-trustee,seat 004,,unresolved,https://www.montereyma.gov/town-clerk/pages/election-ballots-and-results,2026-08-20,Four current Library Trustee seats not safely reconciled from complete post-2026 results.
Monterey,monterey-ma/moderator,seat 001,,unresolved,https://www.montereyma.gov/town-clerk/pages/election-ballots-and-results,2026-08-20,Current 2026 Moderator successor not safely reconciled.
Monterey,monterey-ma/park-commissioner,,Gerard Clarin,verified-current,https://www.montereyma.gov/town-clerk/pages/election-ballots-and-results,2026-08-20,
Monterey,monterey-ma/park-commissioner,seat 001,,unresolved,https://www.montereyma.gov/town-clerk/pages/election-ballots-and-results,2026-08-20,Four current Park Commission seats not safely reconciled; no vacancy inferred from Steve Snyder's 2025 resignation because the replacement process is not fully reconciled.
Monterey,monterey-ma/park-commissioner,seat 002,,unresolved,https://www.montereyma.gov/town-clerk/pages/election-ballots-and-results,2026-08-20,Four current Park Commission seats not safely reconciled; no vacancy inferred from Steve Snyder's 2025 resignation because the replacement process is not fully reconciled.
Monterey,monterey-ma/park-commissioner,seat 003,,unresolved,https://www.montereyma.gov/town-clerk/pages/election-ballots-and-results,2026-08-20,Four current Park Commission seats not safely reconciled; no vacancy inferred from Steve Snyder's 2025 resignation because the replacement process is not fully reconciled.
Monterey,monterey-ma/park-commissioner,seat 004,,unresolved,https://www.montereyma.gov/town-clerk/pages/election-ballots-and-results,2026-08-20,Four current Park Commission seats not safely reconciled; no vacancy inferred from Steve Snyder's 2025 resignation because the replacement process is not fully reconciled.
Monterey,monterey-ma/planning-board-member,,Laura Mensi,verified-current,https://www.montereyma.gov/town-clerk/pages/election-ballots-and-results,2026-08-20,
Monterey,monterey-ma/planning-board-member,seat 001,,unresolved,https://www.montereyma.gov/town-clerk/pages/election-ballots-and-results,2026-08-20,Remaining six regular elected Planning Board seats not safely reconciled.
Monterey,monterey-ma/planning-board-member,seat 002,,unresolved,https://www.montereyma.gov/town-clerk/pages/election-ballots-and-results,2026-08-20,Remaining six regular elected Planning Board seats not safely reconciled.
Monterey,monterey-ma/planning-board-member,seat 003,,unresolved,https://www.montereyma.gov/town-clerk/pages/election-ballots-and-results,2026-08-20,Remaining six regular elected Planning Board seats not safely reconciled.
Monterey,monterey-ma/planning-board-member,seat 004,,unresolved,https://www.montereyma.gov/town-clerk/pages/election-ballots-and-results,2026-08-20,Remaining six regular elected Planning Board seats not safely reconciled.
Monterey,monterey-ma/planning-board-member,seat 005,,unresolved,https://www.montereyma.gov/town-clerk/pages/election-ballots-and-results,2026-08-20,Remaining six regular elected Planning Board seats not safely reconciled.
Monterey,monterey-ma/planning-board-member,seat 006,,unresolved,https://www.montereyma.gov/town-clerk/pages/election-ballots-and-results,2026-08-20,Remaining six regular elected Planning Board seats not safely reconciled.
Monterey,monterey-ma/select-board-member,,Justin Makuc,verified-current,https://www.montereyma.gov/select-board,2026-08-20,
Monterey,monterey-ma/select-board-member,,Susan Cooper,verified-current,https://www.montereyma.gov/select-board,2026-08-20,
Monterey,monterey-ma/select-board-member,seat 001,,unresolved,https://www.montereyma.gov/town-clerk/pages/election-ballots-and-results,2026-08-20,2026-expiring Select Board seat successor not safely reconciled.
Monterey,monterey-ma/southern-berkshire-regional-school-committee-member,,Kim Alcantara,verified-current,https://www.montereyma.gov/select-board/minutes/select-board-meeting-minutes-070125,2026-08-20,
Monterey,monterey-ma/tax-collector,,Anne Marie Enoch,verified-current,https://www.montereyma.gov/town-clerk/pages/election-ballots-and-results,2026-08-20,
Monterey,monterey-ma/tree-warden,seat 001,,unresolved,https://www.montereyma.gov/town-clerk/pages/election-ballots-and-results,2026-08-20,Current 2026 Tree Warden successor not safely reconciled.
Nantucket,nantucket-ma/moderator,,Sarah F. Alger,verified-current,https://nantucket-ma.gov/DocumentCenter/View/55809/2026-Annual-Town-Election-Results-PDF,2026-08-21,
Nantucket,nantucket-ma/select-board-member,,Bob DeCosta,verified-current,https://nantucket-ma.gov/DocumentCenter/View/55809/2026-Annual-Town-Election-Results-PDF,2026-08-21,Three continuing seats remain unresolved in this bounded roster pass.
Nantucket,nantucket-ma/select-board-member,,Jill Vieth,verified-current,https://nantucket-ma.gov/DocumentCenter/View/55809/2026-Annual-Town-Election-Results-PDF,2026-08-21,Three continuing seats remain unresolved in this bounded roster pass.
Nantucket,nantucket-ma/select-board-member,seat 003,,unresolved,https://nantucket-ma.gov/DocumentCenter/View/55809/2026-Annual-Town-Election-Results-PDF,2026-08-21,Three continuing seats remain unresolved in this bounded roster pass.
Nantucket,nantucket-ma/select-board-member,seat 004,,unresolved,https://nantucket-ma.gov/DocumentCenter/View/55809/2026-Annual-Town-Election-Results-PDF,2026-08-21,Three continuing seats remain unresolved in this bounded roster pass.
Nantucket,nantucket-ma/select-board-member,seat 005,,unresolved,https://nantucket-ma.gov/DocumentCenter/View/55809/2026-Annual-Town-Election-Results-PDF,2026-08-21,Three continuing seats remain unresolved in this bounded roster pass.
Nantucket,nantucket-ma/school-committee-member,,Tim Lepore,verified-current,https://nantucket-ma.gov/DocumentCenter/View/55809/2026-Annual-Town-Election-Results-PDF,2026-08-21,
Nantucket,nantucket-ma/school-committee-member,,Shantaw Bloise-Murphy,verified-current,https://nantucket-ma.gov/DocumentCenter/View/55809/2026-Annual-Town-Election-Results-PDF,2026-08-21,
Nantucket,nantucket-ma/historic-district-commissioner,,Val Oliver,verified-current,https://nantucket-ma.gov/DocumentCenter/View/55809/2026-Annual-Town-Election-Results-PDF,2026-08-21,
Nantucket,nantucket-ma/historic-district-commissioner,,Ray Pohl,verified-current,https://nantucket-ma.gov/DocumentCenter/View/55809/2026-Annual-Town-Election-Results-PDF,2026-08-21,
Nantucket,nantucket-ma/land-bank-commissioner,,Neil Paterson,verified-current,https://nantucket-ma.gov/DocumentCenter/View/55809/2026-Annual-Town-Election-Results-PDF,2026-08-21,
Nantucket,nantucket-ma/harbor-shellfish-advisory-board-member,,Peter B. Brace,verified-current,https://nantucket-ma.gov/DocumentCenter/View/55809/2026-Annual-Town-Election-Results-PDF,2026-08-21,
Nantucket,nantucket-ma/harbor-shellfish-advisory-board-member,,Kevin C. Korn,verified-current,https://nantucket-ma.gov/DocumentCenter/View/55809/2026-Annual-Town-Election-Results-PDF,2026-08-21,
Nantucket,nantucket-ma/housing-authority-member,,Beth Ann Meehan,verified-current,https://nantucket-ma.gov/DocumentCenter/View/55809/2026-Annual-Town-Election-Results-PDF,2026-08-21,
Nantucket,nantucket-ma/planning-board-member,,Brian A. Borgeson,verified-current,https://nantucket-ma.gov/DocumentCenter/View/55809/2026-Annual-Town-Election-Results-PDF,2026-08-21,
Nantucket,nantucket-ma/water-commissioner,,"Nelson ""Snooky"" Eldridge",verified-current,https://nantucket-ma.gov/DocumentCenter/View/55809/2026-Annual-Town-Election-Results-PDF,2026-08-21,
Nantucket,nantucket-ma/water-commissioner,,Curtis L. Barnes,verified-current,https://nantucket-ma.gov/DocumentCenter/View/55809/2026-Annual-Town-Election-Results-PDF,2026-08-21,
Natick,natick-ma/town-meeting-member,seat 001,,unresolved,https://www.natickma.gov/DocumentCenter/View/19476/TMM-List--Master-Spring-2025,2026-08-21,Current holder not safely reconciled from official sources.
Natick,natick-ma/town-meeting-member,seat 002,,unresolved,https://www.natickma.gov/DocumentCenter/View/19476/TMM-List--Master-Spring-2025,2026-08-21,Current holder not safely reconciled from official sources.
Natick,natick-ma/town-meeting-member,seat 003,,unresolved,https://www.natickma.gov/DocumentCenter/View/19476/TMM-List--Master-Spring-2025,2026-08-21,Current holder not safely reconciled from official sources.
Natick,natick-ma/town-meeting-member,seat 004,,unresolved,https://www.natickma.gov/DocumentCenter/View/19476/TMM-List--Master-Spring-2025,2026-08-21,Current holder not safely reconciled from official sources.
Natick,natick-ma/town-meeting-member,seat 005,,unresolved,https://www.natickma.gov/DocumentCenter/View/19476/TMM-List--Master-Spring-2025,2026-08-21,Current holder not safely reconciled from official sources.
Natick,natick-ma/town-meeting-member,seat 006,,unresolved,https://www.natickma.gov/DocumentCenter/View/19476/TMM-List--Master-Spring-2025,2026-08-21,Current holder not safely reconciled from official sources.
Natick,natick-ma/town-meeting-member,seat 007,,unresolved,https://www.natickma.gov/DocumentCenter/View/19476/TMM-List--Master-Spring-2025,2026-08-21,Current holder not safely reconciled from official sources.
Natick,natick-ma/town-meeting-member,seat 008,,unresolved,https://www.natickma.gov/DocumentCenter/View/19476/TMM-List--Master-Spring-2025,2026-08-21,Current holder not safely reconciled from official sources.
Natick,natick-ma/town-meeting-member,seat 009,,unresolved,https://www.natickma.gov/DocumentCenter/View/19476/TMM-List--Master-Spring-2025,2026-08-21,Current holder not safely reconciled from official sources.
Natick,natick-ma/town-meeting-member,seat 010,,unresolved,https://www.natickma.gov/DocumentCenter/View/19476/TMM-List--Master-Spring-2025,2026-08-21,Current holder not safely reconciled from official sources.
Natick,natick-ma/town-meeting-member,seat 011,,unresolved,https://www.natickma.gov/DocumentCenter/View/19476/TMM-List--Master-Spring-2025,2026-08-21,Current holder not safely reconciled from official sources.
Natick,natick-ma/town-meeting-member,seat 012,,unresolved,https://www.natickma.gov/DocumentCenter/View/19476/TMM-List--Master-Spring-2025,2026-08-21,Current holder not safely reconciled from official sources.
Natick,natick-ma/town-meeting-member,seat 013,,unresolved,https://www.natickma.gov/DocumentCenter/View/19476/TMM-List--Master-Spring-2025,2026-08-21,Current holder not safely reconciled from official sources.
Natick,natick-ma/town-meeting-member,seat 014,,unresolved,https://www.natickma.gov/DocumentCenter/View/19476/TMM-List--Master-Spring-2025,2026-08-21,Current holder not safely reconciled from official sources.
Natick,natick-ma/town-meeting-member,seat 015,,unresolved,https://www.natickma.gov/DocumentCenter/View/19476/TMM-List--Master-Spring-2025,2026-08-21,Current holder not safely reconciled from official sources.
Natick,natick-ma/town-meeting-member,seat 016,,unresolved,https://www.natickma.gov/DocumentCenter/View/19476/TMM-List--Master-Spring-2025,2026-08-21,Current holder not safely reconciled from official sources.
Natick,natick-ma/town-meeting-member,seat 017,,unresolved,https://www.natickma.gov/DocumentCenter/View/19476/TMM-List--Master-Spring-2025,2026-08-21,Current holder not safely reconciled from official sources.
Natick,natick-ma/town-meeting-member,seat 018,,unresolved,https://www.natickma.gov/DocumentCenter/View/19476/TMM-List--Master-Spring-2025,2026-08-21,Current holder not safely reconciled from official sources.
Natick,natick-ma/town-meeting-member,seat 019,,unresolved,https://www.natickma.gov/DocumentCenter/View/19476/TMM-List--Master-Spring-2025,2026-08-21,Current holder not safely reconciled from official sources.
Natick,natick-ma/town-meeting-member,seat 020,,unresolved,https://www.natickma.gov/DocumentCenter/View/19476/TMM-List--Master-Spring-2025,2026-08-21,Current holder not safely reconciled from official sources.
Natick,natick-ma/town-meeting-member,seat 021,,unresolved,https://www.natickma.gov/DocumentCenter/View/19476/TMM-List--Master-Spring-2025,2026-08-21,Current holder not safely reconciled from official sources.
Natick,natick-ma/town-meeting-member,seat 022,,unresolved,https://www.natickma.gov/DocumentCenter/View/19476/TMM-List--Master-Spring-2025,2026-08-21,Current holder not safely reconciled from official sources.
Natick,natick-ma/town-meeting-member,seat 023,,unresolved,https://www.natickma.gov/DocumentCenter/View/19476/TMM-List--Master-Spring-2025,2026-08-21,Current holder not safely reconciled from official sources.
Natick,natick-ma/town-meeting-member,seat 024,,unresolved,https://www.natickma.gov/DocumentCenter/View/19476/TMM-List--Master-Spring-2025,2026-08-21,Current holder not safely reconciled from official sources.
Natick,natick-ma/town-meeting-member,seat 025,,unresolved,https://www.natickma.gov/DocumentCenter/View/19476/TMM-List--Master-Spring-2025,2026-08-21,Current holder not safely reconciled from official sources.
Natick,natick-ma/town-meeting-member,seat 026,,unresolved,https://www.natickma.gov/DocumentCenter/View/19476/TMM-List--Master-Spring-2025,2026-08-21,Current holder not safely reconciled from official sources.
Natick,natick-ma/town-meeting-member,seat 027,,unresolved,https://www.natickma.gov/DocumentCenter/View/19476/TMM-List--Master-Spring-2025,2026-08-21,Current holder not safely reconciled from official sources.
Natick,natick-ma/town-meeting-member,seat 028,,unresolved,https://www.natickma.gov/DocumentCenter/View/19476/TMM-List--Master-Spring-2025,2026-08-21,Current holder not safely reconciled from official sources.
Natick,natick-ma/town-meeting-member,seat 029,,unresolved,https://www.natickma.gov/DocumentCenter/View/19476/TMM-List--Master-Spring-2025,2026-08-21,Current holder not safely reconciled from official sources.
Natick,natick-ma/town-meeting-member,seat 030,,unresolved,https://www.natickma.gov/DocumentCenter/View/19476/TMM-List--Master-Spring-2025,2026-08-21,Current holder not safely reconciled from official sources.
Natick,natick-ma/town-meeting-member,seat 031,,unresolved,https://www.natickma.gov/DocumentCenter/View/19476/TMM-List--Master-Spring-2025,2026-08-21,Current holder not safely reconciled from official sources.
Natick,natick-ma/town-meeting-member,seat 032,,unresolved,https://www.natickma.gov/DocumentCenter/View/19476/TMM-List--Master-Spring-2025,2026-08-21,Current holder not safely reconciled from official sources.
Natick,natick-ma/town-meeting-member,seat 033,,unresolved,https://www.natickma.gov/DocumentCenter/View/19476/TMM-List--Master-Spring-2025,2026-08-21,Current holder not safely reconciled from official sources.
Natick,natick-ma/town-meeting-member,seat 034,,unresolved,https://www.natickma.gov/DocumentCenter/View/19476/TMM-List--Master-Spring-2025,2026-08-21,Current holder not safely reconciled from official sources.
Natick,natick-ma/town-meeting-member,seat 035,,unresolved,https://www.natickma.gov/DocumentCenter/View/19476/TMM-List--Master-Spring-2025,2026-08-21,Current holder not safely reconciled from official sources.
Natick,natick-ma/town-meeting-member,seat 036,,unresolved,https://www.natickma.gov/DocumentCenter/View/19476/TMM-List--Master-Spring-2025,2026-08-21,Current holder not safely reconciled from official sources.
Natick,natick-ma/town-meeting-member,seat 037,,unresolved,https://www.natickma.gov/DocumentCenter/View/19476/TMM-List--Master-Spring-2025,2026-08-21,Current holder not safely reconciled from official sources.
Natick,natick-ma/town-meeting-member,seat 038,,unresolved,https://www.natickma.gov/DocumentCenter/View/19476/TMM-List--Master-Spring-2025,2026-08-21,Current holder not safely reconciled from official sources.
Natick,natick-ma/town-meeting-member,seat 039,,unresolved,https://www.natickma.gov/DocumentCenter/View/19476/TMM-List--Master-Spring-2025,2026-08-21,Current holder not safely reconciled from official sources.
Natick,natick-ma/town-meeting-member,seat 040,,unresolved,https://www.natickma.gov/DocumentCenter/View/19476/TMM-List--Master-Spring-2025,2026-08-21,Current holder not safely reconciled from official sources.
Natick,natick-ma/town-meeting-member,seat 041,,unresolved,https://www.natickma.gov/DocumentCenter/View/19476/TMM-List--Master-Spring-2025,2026-08-21,Current holder not safely reconciled from official sources.
Natick,natick-ma/town-meeting-member,seat 042,,unresolved,https://www.natickma.gov/DocumentCenter/View/19476/TMM-List--Master-Spring-2025,2026-08-21,Current holder not safely reconciled from official sources.
Natick,natick-ma/town-meeting-member,seat 043,,unresolved,https://www.natickma.gov/DocumentCenter/View/19476/TMM-List--Master-Spring-2025,2026-08-21,Current holder not safely reconciled from official sources.
Natick,natick-ma/town-meeting-member,seat 044,,unresolved,https://www.natickma.gov/DocumentCenter/View/19476/TMM-List--Master-Spring-2025,2026-08-21,Current holder not safely reconciled from official sources.
Natick,natick-ma/town-meeting-member,seat 045,,unresolved,https://www.natickma.gov/DocumentCenter/View/19476/TMM-List--Master-Spring-2025,2026-08-21,Current holder not safely reconciled from official sources.
Natick,natick-ma/town-meeting-member,seat 046,,unresolved,https://www.natickma.gov/DocumentCenter/View/19476/TMM-List--Master-Spring-2025,2026-08-21,Current holder not safely reconciled from official sources.
Natick,natick-ma/town-meeting-member,seat 047,,unresolved,https://www.natickma.gov/DocumentCenter/View/19476/TMM-List--Master-Spring-2025,2026-08-21,Current holder not safely reconciled from official sources.
Natick,natick-ma/town-meeting-member,seat 048,,unresolved,https://www.natickma.gov/DocumentCenter/View/19476/TMM-List--Master-Spring-2025,2026-08-21,Current holder not safely reconciled from official sources.
Natick,natick-ma/town-meeting-member,seat 049,,unresolved,https://www.natickma.gov/DocumentCenter/View/19476/TMM-List--Master-Spring-2025,2026-08-21,Current holder not safely reconciled from official sources.
Natick,natick-ma/town-meeting-member,seat 050,,unresolved,https://www.natickma.gov/DocumentCenter/View/19476/TMM-List--Master-Spring-2025,2026-08-21,Current holder not safely reconciled from official sources.
Natick,natick-ma/town-meeting-member,seat 051,,unresolved,https://www.natickma.gov/DocumentCenter/View/19476/TMM-List--Master-Spring-2025,2026-08-21,Current holder not safely reconciled from official sources.
Natick,natick-ma/town-meeting-member,seat 052,,unresolved,https://www.natickma.gov/DocumentCenter/View/19476/TMM-List--Master-Spring-2025,2026-08-21,Current holder not safely reconciled from official sources.
Natick,natick-ma/town-meeting-member,seat 053,,unresolved,https://www.natickma.gov/DocumentCenter/View/19476/TMM-List--Master-Spring-2025,2026-08-21,Current holder not safely reconciled from official sources.
Natick,natick-ma/town-meeting-member,seat 054,,unresolved,https://www.natickma.gov/DocumentCenter/View/19476/TMM-List--Master-Spring-2025,2026-08-21,Current holder not safely reconciled from official sources.
Natick,natick-ma/town-meeting-member,seat 055,,unresolved,https://www.natickma.gov/DocumentCenter/View/19476/TMM-List--Master-Spring-2025,2026-08-21,Current holder not safely reconciled from official sources.
Natick,natick-ma/town-meeting-member,seat 056,,unresolved,https://www.natickma.gov/DocumentCenter/View/19476/TMM-List--Master-Spring-2025,2026-08-21,Current holder not safely reconciled from official sources.
Natick,natick-ma/town-meeting-member,seat 057,,unresolved,https://www.natickma.gov/DocumentCenter/View/19476/TMM-List--Master-Spring-2025,2026-08-21,Current holder not safely reconciled from official sources.
Natick,natick-ma/town-meeting-member,seat 058,,unresolved,https://www.natickma.gov/DocumentCenter/View/19476/TMM-List--Master-Spring-2025,2026-08-21,Current holder not safely reconciled from official sources.
Natick,natick-ma/town-meeting-member,seat 059,,unresolved,https://www.natickma.gov/DocumentCenter/View/19476/TMM-List--Master-Spring-2025,2026-08-21,Current holder not safely reconciled from official sources.
Natick,natick-ma/town-meeting-member,seat 060,,unresolved,https://www.natickma.gov/DocumentCenter/View/19476/TMM-List--Master-Spring-2025,2026-08-21,Current holder not safely reconciled from official sources.
Natick,natick-ma/town-meeting-member,seat 061,,unresolved,https://www.natickma.gov/DocumentCenter/View/19476/TMM-List--Master-Spring-2025,2026-08-21,Current holder not safely reconciled from official sources.
Natick,natick-ma/town-meeting-member,seat 062,,unresolved,https://www.natickma.gov/DocumentCenter/View/19476/TMM-List--Master-Spring-2025,2026-08-21,Current holder not safely reconciled from official sources.
Natick,natick-ma/town-meeting-member,seat 063,,unresolved,https://www.natickma.gov/DocumentCenter/View/19476/TMM-List--Master-Spring-2025,2026-08-21,Current holder not safely reconciled from official sources.
Natick,natick-ma/town-meeting-member,seat 064,,unresolved,https://www.natickma.gov/DocumentCenter/View/19476/TMM-List--Master-Spring-2025,2026-08-21,Current holder not safely reconciled from official sources.
Natick,natick-ma/town-meeting-member,seat 065,,unresolved,https://www.natickma.gov/DocumentCenter/View/19476/TMM-List--Master-Spring-2025,2026-08-21,Current holder not safely reconciled from official sources.
Natick,natick-ma/town-meeting-member,seat 066,,unresolved,https://www.natickma.gov/DocumentCenter/View/19476/TMM-List--Master-Spring-2025,2026-08-21,Current holder not safely reconciled from official sources.
Natick,natick-ma/town-meeting-member,seat 067,,unresolved,https://www.natickma.gov/DocumentCenter/View/19476/TMM-List--Master-Spring-2025,2026-08-21,Current holder not safely reconciled from official sources.
Natick,natick-ma/town-meeting-member,seat 068,,unresolved,https://www.natickma.gov/DocumentCenter/View/19476/TMM-List--Master-Spring-2025,2026-08-21,Current holder not safely reconciled from official sources.
Natick,natick-ma/town-meeting-member,seat 069,,unresolved,https://www.natickma.gov/DocumentCenter/View/19476/TMM-List--Master-Spring-2025,2026-08-21,Current holder not safely reconciled from official sources.
Natick,natick-ma/town-meeting-member,seat 070,,unresolved,https://www.natickma.gov/DocumentCenter/View/19476/TMM-List--Master-Spring-2025,2026-08-21,Current holder not safely reconciled from official sources.
Natick,natick-ma/town-meeting-member,seat 071,,unresolved,https://www.natickma.gov/DocumentCenter/View/19476/TMM-List--Master-Spring-2025,2026-08-21,Current holder not safely reconciled from official sources.
Natick,natick-ma/town-meeting-member,seat 072,,unresolved,https://www.natickma.gov/DocumentCenter/View/19476/TMM-List--Master-Spring-2025,2026-08-21,Current holder not safely reconciled from official sources.
Natick,natick-ma/town-meeting-member,seat 073,,unresolved,https://www.natickma.gov/DocumentCenter/View/19476/TMM-List--Master-Spring-2025,2026-08-21,Current holder not safely reconciled from official sources.
Natick,natick-ma/town-meeting-member,seat 074,,unresolved,https://www.natickma.gov/DocumentCenter/View/19476/TMM-List--Master-Spring-2025,2026-08-21,Current holder not safely reconciled from official sources.
Natick,natick-ma/town-meeting-member,seat 075,,unresolved,https://www.natickma.gov/DocumentCenter/View/19476/TMM-List--Master-Spring-2025,2026-08-21,Current holder not safely reconciled from official sources.
Natick,natick-ma/town-meeting-member,seat 076,,unresolved,https://www.natickma.gov/DocumentCenter/View/19476/TMM-List--Master-Spring-2025,2026-08-21,Current holder not safely reconciled from official sources.
Natick,natick-ma/town-meeting-member,seat 077,,unresolved,https://www.natickma.gov/DocumentCenter/View/19476/TMM-List--Master-Spring-2025,2026-08-21,Current holder not safely reconciled from official sources.
Natick,natick-ma/town-meeting-member,seat 078,,unresolved,https://www.natickma.gov/DocumentCenter/View/19476/TMM-List--Master-Spring-2025,2026-08-21,Current holder not safely reconciled from official sources.
Natick,natick-ma/town-meeting-member,seat 079,,unresolved,https://www.natickma.gov/DocumentCenter/View/19476/TMM-List--Master-Spring-2025,2026-08-21,Current holder not safely reconciled from official sources.
Natick,natick-ma/town-meeting-member,seat 080,,unresolved,https://www.natickma.gov/DocumentCenter/View/19476/TMM-List--Master-Spring-2025,2026-08-21,Current holder not safely reconciled from official sources.
Natick,natick-ma/town-meeting-member,seat 081,,unresolved,https://www.natickma.gov/DocumentCenter/View/19476/TMM-List--Master-Spring-2025,2026-08-21,Current holder not safely reconciled from official sources.
Natick,natick-ma/town-meeting-member,seat 082,,unresolved,https://www.natickma.gov/DocumentCenter/View/19476/TMM-List--Master-Spring-2025,2026-08-21,Current holder not safely reconciled from official sources.
Natick,natick-ma/town-meeting-member,seat 083,,unresolved,https://www.natickma.gov/DocumentCenter/View/19476/TMM-List--Master-Spring-2025,2026-08-21,Current holder not safely reconciled from official sources.
Natick,natick-ma/town-meeting-member,seat 084,,unresolved,https://www.natickma.gov/DocumentCenter/View/19476/TMM-List--Master-Spring-2025,2026-08-21,Current holder not safely reconciled from official sources.
Natick,natick-ma/town-meeting-member,seat 085,,unresolved,https://www.natickma.gov/DocumentCenter/View/19476/TMM-List--Master-Spring-2025,2026-08-21,Current holder not safely reconciled from official sources.
Natick,natick-ma/town-meeting-member,seat 086,,unresolved,https://www.natickma.gov/DocumentCenter/View/19476/TMM-List--Master-Spring-2025,2026-08-21,Current holder not safely reconciled from official sources.
Natick,natick-ma/town-meeting-member,seat 087,,unresolved,https://www.natickma.gov/DocumentCenter/View/19476/TMM-List--Master-Spring-2025,2026-08-21,Current holder not safely reconciled from official sources.
Natick,natick-ma/town-meeting-member,seat 088,,unresolved,https://www.natickma.gov/DocumentCenter/View/19476/TMM-List--Master-Spring-2025,2026-08-21,Current holder not safely reconciled from official sources.
Natick,natick-ma/town-meeting-member,seat 089,,unresolved,https://www.natickma.gov/DocumentCenter/View/19476/TMM-List--Master-Spring-2025,2026-08-21,Current holder not safely reconciled from official sources.
Natick,natick-ma/town-meeting-member,seat 090,,unresolved,https://www.natickma.gov/DocumentCenter/View/19476/TMM-List--Master-Spring-2025,2026-08-21,Current holder not safely reconciled from official sources.
Natick,natick-ma/town-meeting-member,seat 091,,unresolved,https://www.natickma.gov/DocumentCenter/View/19476/TMM-List--Master-Spring-2025,2026-08-21,Current holder not safely reconciled from official sources.
Natick,natick-ma/town-meeting-member,seat 092,,unresolved,https://www.natickma.gov/DocumentCenter/View/19476/TMM-List--Master-Spring-2025,2026-08-21,Current holder not safely reconciled from official sources.
Natick,natick-ma/town-meeting-member,seat 093,,unresolved,https://www.natickma.gov/DocumentCenter/View/19476/TMM-List--Master-Spring-2025,2026-08-21,Current holder not safely reconciled from official sources.
Natick,natick-ma/town-meeting-member,seat 094,,unresolved,https://www.natickma.gov/DocumentCenter/View/19476/TMM-List--Master-Spring-2025,2026-08-21,Current holder not safely reconciled from official sources.
Natick,natick-ma/town-meeting-member,seat 095,,unresolved,https://www.natickma.gov/DocumentCenter/View/19476/TMM-List--Master-Spring-2025,2026-08-21,Current holder not safely reconciled from official sources.
Natick,natick-ma/town-meeting-member,seat 096,,unresolved,https://www.natickma.gov/DocumentCenter/View/19476/TMM-List--Master-Spring-2025,2026-08-21,Current holder not safely reconciled from official sources.
Natick,natick-ma/town-meeting-member,seat 097,,unresolved,https://www.natickma.gov/DocumentCenter/View/19476/TMM-List--Master-Spring-2025,2026-08-21,Current holder not safely reconciled from official sources.
Natick,natick-ma/town-meeting-member,seat 098,,unresolved,https://www.natickma.gov/DocumentCenter/View/19476/TMM-List--Master-Spring-2025,2026-08-21,Current holder not safely reconciled from official sources.
Natick,natick-ma/town-meeting-member,seat 099,,unresolved,https://www.natickma.gov/DocumentCenter/View/19476/TMM-List--Master-Spring-2025,2026-08-21,Current holder not safely reconciled from official sources.
Natick,natick-ma/town-meeting-member,seat 100,,unresolved,https://www.natickma.gov/DocumentCenter/View/19476/TMM-List--Master-Spring-2025,2026-08-21,Current holder not safely reconciled from official sources.
Natick,natick-ma/town-meeting-member,seat 101,,unresolved,https://www.natickma.gov/DocumentCenter/View/19476/TMM-List--Master-Spring-2025,2026-08-21,Current holder not safely reconciled from official sources.
Natick,natick-ma/town-meeting-member,seat 102,,unresolved,https://www.natickma.gov/DocumentCenter/View/19476/TMM-List--Master-Spring-2025,2026-08-21,Current holder not safely reconciled from official sources.
Natick,natick-ma/town-meeting-member,seat 103,,unresolved,https://www.natickma.gov/DocumentCenter/View/19476/TMM-List--Master-Spring-2025,2026-08-21,Current holder not safely reconciled from official sources.
Natick,natick-ma/town-meeting-member,seat 104,,unresolved,https://www.natickma.gov/DocumentCenter/View/19476/TMM-List--Master-Spring-2025,2026-08-21,Current holder not safely reconciled from official sources.
Natick,natick-ma/town-meeting-member,seat 105,,unresolved,https://www.natickma.gov/DocumentCenter/View/19476/TMM-List--Master-Spring-2025,2026-08-21,Current holder not safely reconciled from official sources.
Natick,natick-ma/town-meeting-member,seat 106,,unresolved,https://www.natickma.gov/DocumentCenter/View/19476/TMM-List--Master-Spring-2025,2026-08-21,Current holder not safely reconciled from official sources.
Natick,natick-ma/town-meeting-member,seat 107,,unresolved,https://www.natickma.gov/DocumentCenter/View/19476/TMM-List--Master-Spring-2025,2026-08-21,Current holder not safely reconciled from official sources.
Natick,natick-ma/town-meeting-member,seat 108,,unresolved,https://www.natickma.gov/DocumentCenter/View/19476/TMM-List--Master-Spring-2025,2026-08-21,Current holder not safely reconciled from official sources.
Natick,natick-ma/town-meeting-member,seat 109,,unresolved,https://www.natickma.gov/DocumentCenter/View/19476/TMM-List--Master-Spring-2025,2026-08-21,Current holder not safely reconciled from official sources.
Natick,natick-ma/town-meeting-member,seat 110,,unresolved,https://www.natickma.gov/DocumentCenter/View/19476/TMM-List--Master-Spring-2025,2026-08-21,Current holder not safely reconciled from official sources.
Natick,natick-ma/town-meeting-member,seat 111,,unresolved,https://www.natickma.gov/DocumentCenter/View/19476/TMM-List--Master-Spring-2025,2026-08-21,Current holder not safely reconciled from official sources.
Natick,natick-ma/town-meeting-member,seat 112,,unresolved,https://www.natickma.gov/DocumentCenter/View/19476/TMM-List--Master-Spring-2025,2026-08-21,Current holder not safely reconciled from official sources.
Natick,natick-ma/town-meeting-member,seat 113,,unresolved,https://www.natickma.gov/DocumentCenter/View/19476/TMM-List--Master-Spring-2025,2026-08-21,Current holder not safely reconciled from official sources.
Natick,natick-ma/town-meeting-member,seat 114,,unresolved,https://www.natickma.gov/DocumentCenter/View/19476/TMM-List--Master-Spring-2025,2026-08-21,Current holder not safely reconciled from official sources.
Natick,natick-ma/town-meeting-member,seat 115,,unresolved,https://www.natickma.gov/DocumentCenter/View/19476/TMM-List--Master-Spring-2025,2026-08-21,Current holder not safely reconciled from official sources.
Natick,natick-ma/town-meeting-member,seat 116,,unresolved,https://www.natickma.gov/DocumentCenter/View/19476/TMM-List--Master-Spring-2025,2026-08-21,Current holder not safely reconciled from official sources.
Natick,natick-ma/town-meeting-member,seat 117,,unresolved,https://www.natickma.gov/DocumentCenter/View/19476/TMM-List--Master-Spring-2025,2026-08-21,Current holder not safely reconciled from official sources.
Natick,natick-ma/town-meeting-member,seat 118,,unresolved,https://www.natickma.gov/DocumentCenter/View/19476/TMM-List--Master-Spring-2025,2026-08-21,Current holder not safely reconciled from official sources.
Natick,natick-ma/town-meeting-member,seat 119,,unresolved,https://www.natickma.gov/DocumentCenter/View/19476/TMM-List--Master-Spring-2025,2026-08-21,Current holder not safely reconciled from official sources.
Natick,natick-ma/town-meeting-member,seat 120,,unresolved,https://www.natickma.gov/DocumentCenter/View/19476/TMM-List--Master-Spring-2025,2026-08-21,Current holder not safely reconciled from official sources.
Natick,natick-ma/town-meeting-member,seat 121,,unresolved,https://www.natickma.gov/DocumentCenter/View/19476/TMM-List--Master-Spring-2025,2026-08-21,Current holder not safely reconciled from official sources.
Natick,natick-ma/town-meeting-member,seat 122,,unresolved,https://www.natickma.gov/DocumentCenter/View/19476/TMM-List--Master-Spring-2025,2026-08-21,Current holder not safely reconciled from official sources.
Natick,natick-ma/town-meeting-member,seat 123,,unresolved,https://www.natickma.gov/DocumentCenter/View/19476/TMM-List--Master-Spring-2025,2026-08-21,Current holder not safely reconciled from official sources.
Natick,natick-ma/town-meeting-member,seat 124,,unresolved,https://www.natickma.gov/DocumentCenter/View/19476/TMM-List--Master-Spring-2025,2026-08-21,Current holder not safely reconciled from official sources.
Natick,natick-ma/town-meeting-member,seat 125,,unresolved,https://www.natickma.gov/DocumentCenter/View/19476/TMM-List--Master-Spring-2025,2026-08-21,Current holder not safely reconciled from official sources.
Natick,natick-ma/town-meeting-member,seat 126,,unresolved,https://www.natickma.gov/DocumentCenter/View/19476/TMM-List--Master-Spring-2025,2026-08-21,Current holder not safely reconciled from official sources.
Natick,natick-ma/town-meeting-member,seat 127,,unresolved,https://www.natickma.gov/DocumentCenter/View/19476/TMM-List--Master-Spring-2025,2026-08-21,Current holder not safely reconciled from official sources.
Natick,natick-ma/town-meeting-member,seat 128,,unresolved,https://www.natickma.gov/DocumentCenter/View/19476/TMM-List--Master-Spring-2025,2026-08-21,Current holder not safely reconciled from official sources.
Natick,natick-ma/town-meeting-member,seat 129,,unresolved,https://www.natickma.gov/DocumentCenter/View/19476/TMM-List--Master-Spring-2025,2026-08-21,Current holder not safely reconciled from official sources.
Natick,natick-ma/town-meeting-member,seat 130,,unresolved,https://www.natickma.gov/DocumentCenter/View/19476/TMM-List--Master-Spring-2025,2026-08-21,Current holder not safely reconciled from official sources.
Natick,natick-ma/town-meeting-member,seat 131,,unresolved,https://www.natickma.gov/DocumentCenter/View/19476/TMM-List--Master-Spring-2025,2026-08-21,Current holder not safely reconciled from official sources.
Natick,natick-ma/town-meeting-member,seat 132,,unresolved,https://www.natickma.gov/DocumentCenter/View/19476/TMM-List--Master-Spring-2025,2026-08-21,Current holder not safely reconciled from official sources.
Natick,natick-ma/town-meeting-member,seat 133,,unresolved,https://www.natickma.gov/DocumentCenter/View/19476/TMM-List--Master-Spring-2025,2026-08-21,Current holder not safely reconciled from official sources.
Natick,natick-ma/town-meeting-member,seat 134,,unresolved,https://www.natickma.gov/DocumentCenter/View/19476/TMM-List--Master-Spring-2025,2026-08-21,Current holder not safely reconciled from official sources.
Natick,natick-ma/town-meeting-member,seat 135,,unresolved,https://www.natickma.gov/DocumentCenter/View/19476/TMM-List--Master-Spring-2025,2026-08-21,Current holder not safely reconciled from official sources.
Natick,natick-ma/town-meeting-member,seat 136,,unresolved,https://www.natickma.gov/DocumentCenter/View/19476/TMM-List--Master-Spring-2025,2026-08-21,Current holder not safely reconciled from official sources.
Natick,natick-ma/town-meeting-member,seat 137,,unresolved,https://www.natickma.gov/DocumentCenter/View/19476/TMM-List--Master-Spring-2025,2026-08-21,Current holder not safely reconciled from official sources.
Natick,natick-ma/town-meeting-member,seat 138,,unresolved,https://www.natickma.gov/DocumentCenter/View/19476/TMM-List--Master-Spring-2025,2026-08-21,Current holder not safely reconciled from official sources.
Natick,natick-ma/town-meeting-member,seat 139,,unresolved,https://www.natickma.gov/DocumentCenter/View/19476/TMM-List--Master-Spring-2025,2026-08-21,Current holder not safely reconciled from official sources.
Natick,natick-ma/town-meeting-member,seat 140,,unresolved,https://www.natickma.gov/DocumentCenter/View/19476/TMM-List--Master-Spring-2025,2026-08-21,Current holder not safely reconciled from official sources.
Natick,natick-ma/town-meeting-member,seat 141,,unresolved,https://www.natickma.gov/DocumentCenter/View/19476/TMM-List--Master-Spring-2025,2026-08-21,Current holder not safely reconciled from official sources.
Natick,natick-ma/town-meeting-member,seat 142,,unresolved,https://www.natickma.gov/DocumentCenter/View/19476/TMM-List--Master-Spring-2025,2026-08-21,Current holder not safely reconciled from official sources.
Natick,natick-ma/town-meeting-member,seat 143,,unresolved,https://www.natickma.gov/DocumentCenter/View/19476/TMM-List--Master-Spring-2025,2026-08-21,Current holder not safely reconciled from official sources.
Natick,natick-ma/town-meeting-member,seat 144,,unresolved,https://www.natickma.gov/DocumentCenter/View/19476/TMM-List--Master-Spring-2025,2026-08-21,Current holder not safely reconciled from official sources.
Natick,natick-ma/town-meeting-member,seat 145,,unresolved,https://www.natickma.gov/DocumentCenter/View/19476/TMM-List--Master-Spring-2025,2026-08-21,Current holder not safely reconciled from official sources.
Natick,natick-ma/town-meeting-member,seat 146,,unresolved,https://www.natickma.gov/DocumentCenter/View/19476/TMM-List--Master-Spring-2025,2026-08-21,Current holder not safely reconciled from official sources.
Natick,natick-ma/town-meeting-member,seat 147,,unresolved,https://www.natickma.gov/DocumentCenter/View/19476/TMM-List--Master-Spring-2025,2026-08-21,Current holder not safely reconciled from official sources.
Natick,natick-ma/town-meeting-member,seat 148,,unresolved,https://www.natickma.gov/DocumentCenter/View/19476/TMM-List--Master-Spring-2025,2026-08-21,Current holder not safely reconciled from official sources.
Natick,natick-ma/town-meeting-member,seat 149,,unresolved,https://www.natickma.gov/DocumentCenter/View/19476/TMM-List--Master-Spring-2025,2026-08-21,Current holder not safely reconciled from official sources.
Natick,natick-ma/town-meeting-member,seat 150,,unresolved,https://www.natickma.gov/DocumentCenter/View/19476/TMM-List--Master-Spring-2025,2026-08-21,Current holder not safely reconciled from official sources.
Natick,natick-ma/town-meeting-member,seat 151,,unresolved,https://www.natickma.gov/DocumentCenter/View/19476/TMM-List--Master-Spring-2025,2026-08-21,Current holder not safely reconciled from official sources.
Natick,natick-ma/town-meeting-member,seat 152,,unresolved,https://www.natickma.gov/DocumentCenter/View/19476/TMM-List--Master-Spring-2025,2026-08-21,Current holder not safely reconciled from official sources.
Natick,natick-ma/town-meeting-member,seat 153,,unresolved,https://www.natickma.gov/DocumentCenter/View/19476/TMM-List--Master-Spring-2025,2026-08-21,Current holder not safely reconciled from official sources.
Natick,natick-ma/town-meeting-member,seat 154,,unresolved,https://www.natickma.gov/DocumentCenter/View/19476/TMM-List--Master-Spring-2025,2026-08-21,Current holder not safely reconciled from official sources.
Natick,natick-ma/town-meeting-member,seat 155,,unresolved,https://www.natickma.gov/DocumentCenter/View/19476/TMM-List--Master-Spring-2025,2026-08-21,Current holder not safely reconciled from official sources.
Natick,natick-ma/town-meeting-member,seat 156,,unresolved,https://www.natickma.gov/DocumentCenter/View/19476/TMM-List--Master-Spring-2025,2026-08-21,Current holder not safely reconciled from official sources.
Natick,natick-ma/town-meeting-member,seat 157,,unresolved,https://www.natickma.gov/DocumentCenter/View/19476/TMM-List--Master-Spring-2025,2026-08-21,Current holder not safely reconciled from official sources.
Natick,natick-ma/town-meeting-member,seat 158,,unresolved,https://www.natickma.gov/DocumentCenter/View/19476/TMM-List--Master-Spring-2025,2026-08-21,Current holder not safely reconciled from official sources.
Natick,natick-ma/town-meeting-member,seat 159,,unresolved,https://www.natickma.gov/DocumentCenter/View/19476/TMM-List--Master-Spring-2025,2026-08-21,Current holder not safely reconciled from official sources.
Natick,natick-ma/town-meeting-member,seat 160,,unresolved,https://www.natickma.gov/DocumentCenter/View/19476/TMM-List--Master-Spring-2025,2026-08-21,Current holder not safely reconciled from official sources.
Natick,natick-ma/town-meeting-member,seat 161,,unresolved,https://www.natickma.gov/DocumentCenter/View/19476/TMM-List--Master-Spring-2025,2026-08-21,Current holder not safely reconciled from official sources.
Natick,natick-ma/town-meeting-member,seat 162,,unresolved,https://www.natickma.gov/DocumentCenter/View/19476/TMM-List--Master-Spring-2025,2026-08-21,Current holder not safely reconciled from official sources.
Natick,natick-ma/town-meeting-member,seat 163,,unresolved,https://www.natickma.gov/DocumentCenter/View/19476/TMM-List--Master-Spring-2025,2026-08-21,Current holder not safely reconciled from official sources.
Natick,natick-ma/town-meeting-member,seat 164,,unresolved,https://www.natickma.gov/DocumentCenter/View/19476/TMM-List--Master-Spring-2025,2026-08-21,Current holder not safely reconciled from official sources.
Natick,natick-ma/town-meeting-member,seat 165,,unresolved,https://www.natickma.gov/DocumentCenter/View/19476/TMM-List--Master-Spring-2025,2026-08-21,Current holder not safely reconciled from official sources.
Natick,natick-ma/town-meeting-member,seat 166,,unresolved,https://www.natickma.gov/DocumentCenter/View/19476/TMM-List--Master-Spring-2025,2026-08-21,Current holder not safely reconciled from official sources.
Natick,natick-ma/town-meeting-member,seat 167,,unresolved,https://www.natickma.gov/DocumentCenter/View/19476/TMM-List--Master-Spring-2025,2026-08-21,Current holder not safely reconciled from official sources.
Natick,natick-ma/town-meeting-member,seat 168,,unresolved,https://www.natickma.gov/DocumentCenter/View/19476/TMM-List--Master-Spring-2025,2026-08-21,Current holder not safely reconciled from official sources.
Natick,natick-ma/town-meeting-member,seat 169,,unresolved,https://www.natickma.gov/DocumentCenter/View/19476/TMM-List--Master-Spring-2025,2026-08-21,Current holder not safely reconciled from official sources.
Natick,natick-ma/town-meeting-member,seat 170,,unresolved,https://www.natickma.gov/DocumentCenter/View/19476/TMM-List--Master-Spring-2025,2026-08-21,Current holder not safely reconciled from official sources.
Natick,natick-ma/town-meeting-member,seat 171,,unresolved,https://www.natickma.gov/DocumentCenter/View/19476/TMM-List--Master-Spring-2025,2026-08-21,Current holder not safely reconciled from official sources.
Natick,natick-ma/town-meeting-member,seat 172,,unresolved,https://www.natickma.gov/DocumentCenter/View/19476/TMM-List--Master-Spring-2025,2026-08-21,Current holder not safely reconciled from official sources.
Natick,natick-ma/town-meeting-member,seat 173,,unresolved,https://www.natickma.gov/DocumentCenter/View/19476/TMM-List--Master-Spring-2025,2026-08-21,Current holder not safely reconciled from official sources.
Natick,natick-ma/town-meeting-member,seat 174,,unresolved,https://www.natickma.gov/DocumentCenter/View/19476/TMM-List--Master-Spring-2025,2026-08-21,Current holder not safely reconciled from official sources.
Natick,natick-ma/town-meeting-member,seat 175,,unresolved,https://www.natickma.gov/DocumentCenter/View/19476/TMM-List--Master-Spring-2025,2026-08-21,Current holder not safely reconciled from official sources.
Natick,natick-ma/town-meeting-member,seat 176,,unresolved,https://www.natickma.gov/DocumentCenter/View/19476/TMM-List--Master-Spring-2025,2026-08-21,Current holder not safely reconciled from official sources.
Natick,natick-ma/town-meeting-member,seat 177,,unresolved,https://www.natickma.gov/DocumentCenter/View/19476/TMM-List--Master-Spring-2025,2026-08-21,Current holder not safely reconciled from official sources.
Natick,natick-ma/town-meeting-member,seat 178,,unresolved,https://www.natickma.gov/DocumentCenter/View/19476/TMM-List--Master-Spring-2025,2026-08-21,Current holder not safely reconciled from official sources.
Natick,natick-ma/town-meeting-member,seat 179,,unresolved,https://www.natickma.gov/DocumentCenter/View/19476/TMM-List--Master-Spring-2025,2026-08-21,Current holder not safely reconciled from official sources.
Natick,natick-ma/town-meeting-member,seat 180,,unresolved,https://www.natickma.gov/DocumentCenter/View/19476/TMM-List--Master-Spring-2025,2026-08-21,Current holder not safely reconciled from official sources.
Natick,natick-ma/select-board-member,,Danielle P. Dente,verified-current,https://natickma.granicus.com/boards/w/92da504fd1cc6cc6/boards/7612,2026-08-21,
Natick,natick-ma/select-board-member,,Kristen M. Pope,verified-current,https://natickma.granicus.com/boards/w/92da504fd1cc6cc6/boards/7612,2026-08-21,
Natick,natick-ma/select-board-member,,Michael J. Hickey,verified-current,https://natickma.granicus.com/boards/w/92da504fd1cc6cc6/boards/7612,2026-08-21,
Natick,natick-ma/select-board-member,,James P. Pederson,verified-current,https://natickma.granicus.com/boards/w/92da504fd1cc6cc6/boards/7612,2026-08-21,
Natick,natick-ma/select-board-member,,Bruce I. Evans,verified-current,https://natickma.granicus.com/boards/w/92da504fd1cc6cc6/boards/7612,2026-08-21,
Natick,natick-ma/town-clerk,,Andrew Ghobrial,verified-current,https://www.natickma.gov/358/Town-Clerk,2026-08-21,
Natick,natick-ma/moderator,,John Barrett,verified-current,https://www.natickma.gov/642/Moderator,2026-08-21,
Natick,natick-ma/school-committee-member,,Courtney Leigh,verified-current,https://www.natickps.org/o/nps/page/school-committee,2026-08-21,
Natick,natick-ma/school-committee-member,,Matt Brand,verified-current,https://www.natickps.org/o/nps/page/school-committee,2026-08-21,
Natick,natick-ma/school-committee-member,,Amanda Lipman,verified-current,https://www.natickps.org/o/nps/page/school-committee,2026-08-21,
Natick,natick-ma/school-committee-member,,Julie McDonough,verified-current,https://www.natickps.org/o/nps/page/school-committee,2026-08-21,
Natick,natick-ma/school-committee-member,seat 005,,unresolved,https://www.natickps.org/o/nps/page/school-committee,2026-08-21,Current holder not safely reconciled from official sources.
Natick,natick-ma/school-committee-member,seat 006,,unresolved,https://www.natickps.org/o/nps/page/school-committee,2026-08-21,Current holder not safely reconciled from official sources.
Natick,natick-ma/school-committee-member,seat 007,,unresolved,https://www.natickps.org/o/nps/page/school-committee,2026-08-21,Current holder not safely reconciled from official sources.
Natick,natick-ma/assessor,seat 001,,unresolved,https://www.natickma.gov/389/Board-of-Assessors,2026-08-21,Current holder not safely reconciled from official sources.
Natick,natick-ma/assessor,seat 002,,unresolved,https://www.natickma.gov/389/Board-of-Assessors,2026-08-21,Current holder not safely reconciled from official sources.
Natick,natick-ma/assessor,seat 003,,unresolved,https://www.natickma.gov/389/Board-of-Assessors,2026-08-21,Current holder not safely reconciled from official sources.
Natick,natick-ma/board-of-health-member,seat 001,,unresolved,https://www.natickma.gov/392/Board-of-Health,2026-08-21,Current holder not safely reconciled from official sources.
Natick,natick-ma/board-of-health-member,seat 002,,unresolved,https://www.natickma.gov/392/Board-of-Health,2026-08-21,Current holder not safely reconciled from official sources.
Natick,natick-ma/board-of-health-member,seat 003,,unresolved,https://www.natickma.gov/392/Board-of-Health,2026-08-21,Current holder not safely reconciled from official sources.
Natick,natick-ma/constable,seat 001,,unresolved,https://www.natickma.gov/461/Constables,2026-08-21,Current holder not safely reconciled from official sources.
Natick,natick-ma/constable,seat 002,,unresolved,https://www.natickma.gov/461/Constables,2026-08-21,Current holder not safely reconciled from official sources.
Natick,natick-ma/constable,seat 003,,unresolved,https://www.natickma.gov/461/Constables,2026-08-21,Current holder not safely reconciled from official sources.
Natick,natick-ma/constable,seat 004,,unresolved,https://www.natickma.gov/461/Constables,2026-08-21,Current holder not safely reconciled from official sources.
Natick,natick-ma/constable,seat 005,,unresolved,https://www.natickma.gov/461/Constables,2026-08-21,Current holder not safely reconciled from official sources.
Natick,natick-ma/constable,seat 006,,unresolved,https://www.natickma.gov/461/Constables,2026-08-21,Current holder not safely reconciled from official sources.
Natick,natick-ma/housing-authority-member,,Michael Lioce Jr.,verified-current,https://natickma.granicus.com/boards/w/f6f39663a18babea/boards/8941,2026-08-21,
Natick,natick-ma/housing-authority-member,,Jeremy Kadden,verified-current,https://natickma.granicus.com/boards/w/f6f39663a18babea/boards/8941,2026-08-21,
Natick,natick-ma/housing-authority-member,,David M. Ciminelli,verified-current,https://natickma.granicus.com/boards/w/f6f39663a18babea/boards/8941,2026-08-21,
Natick,natick-ma/library-trustee,seat 001,,unresolved,https://www.natickma.gov/646/Morse-Institute-Library-Board-of-Trustee,2026-08-21,Current holder not safely reconciled from official sources.
Natick,natick-ma/library-trustee,seat 002,,unresolved,https://www.natickma.gov/646/Morse-Institute-Library-Board-of-Trustee,2026-08-21,Current holder not safely reconciled from official sources.
Natick,natick-ma/library-trustee,seat 003,,unresolved,https://www.natickma.gov/646/Morse-Institute-Library-Board-of-Trustee,2026-08-21,Current holder not safely reconciled from official sources.
Natick,natick-ma/library-trustee,seat 004,,unresolved,https://www.natickma.gov/646/Morse-Institute-Library-Board-of-Trustee,2026-08-21,Current holder not safely reconciled from official sources.
Natick,natick-ma/library-trustee,seat 005,,unresolved,https://www.natickma.gov/646/Morse-Institute-Library-Board-of-Trustee,2026-08-21,Current holder not safely reconciled from official sources.
Natick,natick-ma/planning-board-member,seat 001,,unresolved,https://www.natickma.gov/515/Planning-Board,2026-08-21,Current holder not safely reconciled from official sources.
Natick,natick-ma/planning-board-member,seat 002,,unresolved,https://www.natickma.gov/515/Planning-Board,2026-08-21,Current holder not safely reconciled from official sources.
Natick,natick-ma/planning-board-member,seat 003,,unresolved,https://www.natickma.gov/515/Planning-Board,2026-08-21,Current holder not safely reconciled from official sources.
Natick,natick-ma/planning-board-member,seat 004,,unresolved,https://www.natickma.gov/515/Planning-Board,2026-08-21,Current holder not safely reconciled from official sources.
Natick,natick-ma/planning-board-member,seat 005,,unresolved,https://www.natickma.gov/515/Planning-Board,2026-08-21,Current holder not safely reconciled from official sources.
Natick,natick-ma/recreation-parks-commissioner,seat 001,,unresolved,https://www.natickma.gov/467/Recreation-Parks-Commission,2026-08-21,Current holder not safely reconciled from official sources.
Natick,natick-ma/recreation-parks-commissioner,seat 002,,unresolved,https://www.natickma.gov/467/Recreation-Parks-Commission,2026-08-21,Current holder not safely reconciled from official sources.
Natick,natick-ma/recreation-parks-commissioner,seat 003,,unresolved,https://www.natickma.gov/467/Recreation-Parks-Commission,2026-08-21,Current holder not safely reconciled from official sources.
Natick,natick-ma/recreation-parks-commissioner,seat 004,,unresolved,https://www.natickma.gov/467/Recreation-Parks-Commission,2026-08-21,Current holder not safely reconciled from official sources.
Natick,natick-ma/recreation-parks-commissioner,seat 005,,unresolved,https://www.natickma.gov/467/Recreation-Parks-Commission,2026-08-21,Current holder not safely reconciled from official sources.
Needham,needham-ma/select-board-member,,Heidi R. Frail,verified-current,https://needhamma.gov/DocumentCenter/View/61963/Final-Tally-4142026-Annual-Town-Election,2026-08-21,
Needham,needham-ma/select-board-member,,Kevin T. Keane,verified-current,https://needhamma.gov/DocumentCenter/View/61963/Final-Tally-4142026-Annual-Town-Election,2026-08-21,
Needham,needham-ma/select-board-member,,Joshua W. Levy,verified-current,https://needhamma.gov/DocumentCenter/View/61963/Final-Tally-4142026-Annual-Town-Election,2026-08-21,
Needham,needham-ma/select-board-member,,Catherine Reid Dowd,verified-current,https://needhamma.gov/DocumentCenter/View/61963/Final-Tally-4142026-Annual-Town-Election,2026-08-21,
Needham,needham-ma/select-board-member,,William R. Dermody,verified-current,https://needhamma.gov/DocumentCenter/View/61963/Final-Tally-4142026-Annual-Town-Election,2026-08-21,
Needham,needham-ma/school-committee-member,,Alisa M. Skatrud,verified-current,https://needhamma.gov/DocumentCenter/View/61963/Final-Tally-4142026-Annual-Town-Election,2026-08-21,
Needham,needham-ma/school-committee-member,,Sri Baqri,verified-current,https://needhamma.gov/DocumentCenter/View/61963/Final-Tally-4142026-Annual-Town-Election,2026-08-21,
Needham,needham-ma/school-committee-member,,Andrea Longo Carter,verified-current,https://needhamma.gov/DocumentCenter/View/61963/Final-Tally-4142026-Annual-Town-Election,2026-08-21,
Needham,needham-ma/school-committee-member,,Elizabeth Lee,verified-current,https://needhamma.gov/DocumentCenter/View/61963/Final-Tally-4142026-Annual-Town-Election,2026-08-21,
Needham,needham-ma/school-committee-member,,Michael E. O'Brien,verified-current,https://needhamma.gov/DocumentCenter/View/61963/Final-Tally-4142026-Annual-Town-Election,2026-08-21,
Needham,needham-ma/school-committee-member,,Michael J. Greis,verified-current,https://needhamma.gov/DocumentCenter/View/61963/Final-Tally-4142026-Annual-Town-Election,2026-08-21,
Needham,needham-ma/school-committee-member,,Matthew Spengler,verified-current,https://needhamma.gov/DocumentCenter/View/61963/Final-Tally-4142026-Annual-Town-Election,2026-08-21,
Needham,needham-ma/moderator,,Michael K. Fee,verified-current,https://needhamma.gov/DocumentCenter/View/61963/Final-Tally-4142026-Annual-Town-Election,2026-08-21,
Needham,needham-ma/town-clerk,,Louise L. Miller,verified-current,https://needhamma.gov/DocumentCenter/View/61963/Final-Tally-4142026-Annual-Town-Election,2026-08-21,
Needham,needham-ma/park-and-recreation-commissioner,,Michelle S. Geddes,verified-current,https://needhamma.gov/DocumentCenter/View/61963/Final-Tally-4142026-Annual-Town-Election,2026-08-21,
Needham,needham-ma/park-and-recreation-commissioner,,Cynthia J. Chaston,verified-current,https://needhamma.gov/DocumentCenter/View/61963/Final-Tally-4142026-Annual-Town-Election,2026-08-21,
Needham,needham-ma/park-and-recreation-commissioner,,Dina R. Hannigan,verified-current,https://needhamma.gov/DocumentCenter/View/61963/Final-Tally-4142026-Annual-Town-Election,2026-08-21,
Needham,needham-ma/park-and-recreation-commissioner,,Christopher J. Gerstel,verified-current,https://needhamma.gov/DocumentCenter/View/61963/Final-Tally-4142026-Annual-Town-Election,2026-08-21,
Needham,needham-ma/park-and-recreation-commissioner,,James E. Rosenbaum,verified-current,https://needhamma.gov/DocumentCenter/View/61963/Final-Tally-4142026-Annual-Town-Election,2026-08-21,
Needham,needham-ma/constable,,John J. Longley,verified-current,https://needhamma.gov/DocumentCenter/View/61963/Final-Tally-4142026-Annual-Town-Election,2026-08-21,
Needham,needham-ma/constable,seat 002,,unresolved,https://needhamma.gov/DocumentCenter/View/61963/Final-Tally-4142026-Annual-Town-Election,2026-08-21,Current holder not safely reconciled from official sources.
Needham,needham-ma/assessor,,John Bulian,verified-current,https://needhamma.gov/DocumentCenter/View/61963/Final-Tally-4142026-Annual-Town-Election,2026-08-21,
Needham,needham-ma/assessor,,Michael Diener,verified-current,https://needhamma.gov/DocumentCenter/View/61963/Final-Tally-4142026-Annual-Town-Election,2026-08-21,
Needham,needham-ma/assessor,,Marc J. Wexler,verified-current,https://needhamma.gov/DocumentCenter/View/61963/Final-Tally-4142026-Annual-Town-Election,2026-08-21,
Needham,needham-ma/commissioner-of-trust-funds,seat 001,,vacant,https://needhamma.gov/DocumentCenter/View/61963/Final-Tally-4142026-Annual-Town-Election,2026-08-21,
Needham,needham-ma/commissioner-of-trust-funds,seat 002,,unresolved,https://needhamma.gov/DocumentCenter/View/61963/Final-Tally-4142026-Annual-Town-Election,2026-08-21,Current holder not safely reconciled from official sources.
Needham,needham-ma/commissioner-of-trust-funds,seat 003,,unresolved,https://needhamma.gov/DocumentCenter/View/61963/Final-Tally-4142026-Annual-Town-Election,2026-08-21,Current holder not safely reconciled from official sources.
Needham,needham-ma/needham-public-library-trustee,,Kathleen Cahill Allison,verified-current,https://needhamma.gov/DocumentCenter/View/61963/Final-Tally-4142026-Annual-Town-Election,2026-08-21,
Needham,needham-ma/needham-public-library-trustee,,Robert A. Petitt,verified-current,https://needhamma.gov/DocumentCenter/View/61963/Final-Tally-4142026-Annual-Town-Election,2026-08-21,
Needham,needham-ma/needham-public-library-trustee,,Jay M. Fialkov,verified-current,https://needhamma.gov/DocumentCenter/View/61963/Final-Tally-4142026-Annual-Town-Election,2026-08-21,
Needham,needham-ma/needham-public-library-trustee,,Joshua Adam Small,verified-current,https://needhamma.gov/DocumentCenter/View/61963/Final-Tally-4142026-Annual-Town-Election,2026-08-21,
Needham,needham-ma/needham-public-library-trustee,,Erhardt Graeff,verified-current,https://needhamma.gov/DocumentCenter/View/61963/Final-Tally-4142026-Annual-Town-Election,2026-08-21,
Needham,needham-ma/needham-public-library-trustee,,Michael D. O'Neal,verified-current,https://needhamma.gov/DocumentCenter/View/61963/Final-Tally-4142026-Annual-Town-Election,2026-08-21,
Needham,needham-ma/needham-public-library-trustee,,Meghan W. Small,verified-current,https://needhamma.gov/DocumentCenter/View/61963/Final-Tally-4142026-Annual-Town-Election,2026-08-21,
Needham,needham-ma/memorial-park-trustee,,Matthew L. Ching,verified-current,https://needhamma.gov/DocumentCenter/View/61963/Final-Tally-4142026-Annual-Town-Election,2026-08-21,
Needham,needham-ma/memorial-park-trustee,,Michael A. Fraini,verified-current,https://needhamma.gov/DocumentCenter/View/61963/Final-Tally-4142026-Annual-Town-Election,2026-08-21,
Needham,needham-ma/memorial-park-trustee,,William R. Dermody,verified-current,https://needhamma.gov/DocumentCenter/View/61963/Final-Tally-4142026-Annual-Town-Election,2026-08-21,
Needham,needham-ma/memorial-park-trustee,,John S. Gallello,verified-current,https://needhamma.gov/DocumentCenter/View/61963/Final-Tally-4142026-Annual-Town-Election,2026-08-21,
Needham,needham-ma/memorial-park-trustee,seat 005,,unresolved,https://needhamma.gov/DocumentCenter/View/61963/Final-Tally-4142026-Annual-Town-Election,2026-08-21,Current holder not safely reconciled from official sources.
Needham,needham-ma/board-of-health-member,,Edward V. Cosgrove III,verified-current,https://needhamma.gov/DocumentCenter/View/61963/Final-Tally-4142026-Annual-Town-Election,2026-08-21,
Needham,needham-ma/board-of-health-member,,Stephen K. Epstein,verified-current,https://needhamma.gov/DocumentCenter/View/61963/Final-Tally-4142026-Annual-Town-Election,2026-08-21,
Needham,needham-ma/board-of-health-member,,Robert A. Partridge,verified-current,https://needhamma.gov/DocumentCenter/View/61963/Final-Tally-4142026-Annual-Town-Election,2026-08-21,
Needham,needham-ma/board-of-health-member,,Tejal Gandhi,verified-current,https://needhamma.gov/DocumentCenter/View/61963/Final-Tally-4142026-Annual-Town-Election,2026-08-21,
Needham,needham-ma/board-of-health-member,,Aarti Sawant-Basak,verified-current,https://needhamma.gov/DocumentCenter/View/61963/Final-Tally-4142026-Annual-Town-Election,2026-08-21,
Needham,needham-ma/planning-board-member,,Justin D. McCullen,verified-current,https://needhamma.gov/DocumentCenter/View/61963/Final-Tally-4142026-Annual-Town-Election,2026-08-21,
Needham,needham-ma/planning-board-member,,Adam J. Block,verified-current,https://needhamma.gov/DocumentCenter/View/61963/Final-Tally-4142026-Annual-Town-Election,2026-08-21,
Needham,needham-ma/planning-board-member,,Artie R. Crocker,verified-current,https://needhamma.gov/DocumentCenter/View/61963/Final-Tally-4142026-Annual-Town-Election,2026-08-21,
Needham,needham-ma/planning-board-member,,Eric Greenberg,verified-current,https://needhamma.gov/DocumentCenter/View/61963/Final-Tally-4142026-Annual-Town-Election,2026-08-21,
Needham,needham-ma/planning-board-member,,Oscar E. Mertz,verified-current,https://needhamma.gov/DocumentCenter/View/61963/Final-Tally-4142026-Annual-Town-Election,2026-08-21,
Needham,needham-ma/needham-housing-authority-member,,James D. Flanagan,verified-current,https://needhamma.gov/DocumentCenter/View/61963/Final-Tally-4142026-Annual-Town-Election,2026-08-21,
Needham,needham-ma/needham-housing-authority-member,,Geoffrey Engler,verified-current,https://needhamma.gov/DocumentCenter/View/61963/Final-Tally-4142026-Annual-Town-Election,2026-08-21,
Needham,needham-ma/needham-housing-authority-member,,Amanda Berman,verified-current,https://needhamma.gov/DocumentCenter/View/61963/Final-Tally-4142026-Annual-Town-Election,2026-08-21,
Needham,needham-ma/town-meeting-member,seat 001,,unresolved,https://needhamma.gov/DocumentCenter/View/61963/Final-Tally-4142026-Annual-Town-Election,2026-08-21,Current holder not safely reconciled from official sources.
Needham,needham-ma/town-meeting-member,seat 002,,unresolved,https://needhamma.gov/DocumentCenter/View/61963/Final-Tally-4142026-Annual-Town-Election,2026-08-21,Current holder not safely reconciled from official sources.
Needham,needham-ma/town-meeting-member,seat 003,,unresolved,https://needhamma.gov/DocumentCenter/View/61963/Final-Tally-4142026-Annual-Town-Election,2026-08-21,Current holder not safely reconciled from official sources.
Needham,needham-ma/town-meeting-member,seat 004,,unresolved,https://needhamma.gov/DocumentCenter/View/61963/Final-Tally-4142026-Annual-Town-Election,2026-08-21,Current holder not safely reconciled from official sources.
Needham,needham-ma/town-meeting-member,seat 005,,unresolved,https://needhamma.gov/DocumentCenter/View/61963/Final-Tally-4142026-Annual-Town-Election,2026-08-21,Current holder not safely reconciled from official sources.
Needham,needham-ma/town-meeting-member,seat 006,,unresolved,https://needhamma.gov/DocumentCenter/View/61963/Final-Tally-4142026-Annual-Town-Election,2026-08-21,Current holder not safely reconciled from official sources.
Needham,needham-ma/town-meeting-member,seat 007,,unresolved,https://needhamma.gov/DocumentCenter/View/61963/Final-Tally-4142026-Annual-Town-Election,2026-08-21,Current holder not safely reconciled from official sources.
Needham,needham-ma/town-meeting-member,seat 008,,unresolved,https://needhamma.gov/DocumentCenter/View/61963/Final-Tally-4142026-Annual-Town-Election,2026-08-21,Current holder not safely reconciled from official sources.
Needham,needham-ma/town-meeting-member,seat 009,,unresolved,https://needhamma.gov/DocumentCenter/View/61963/Final-Tally-4142026-Annual-Town-Election,2026-08-21,Current holder not safely reconciled from official sources.
Needham,needham-ma/town-meeting-member,seat 010,,unresolved,https://needhamma.gov/DocumentCenter/View/61963/Final-Tally-4142026-Annual-Town-Election,2026-08-21,Current holder not safely reconciled from official sources.
Needham,needham-ma/town-meeting-member,seat 011,,unresolved,https://needhamma.gov/DocumentCenter/View/61963/Final-Tally-4142026-Annual-Town-Election,2026-08-21,Current holder not safely reconciled from official sources.
Needham,needham-ma/town-meeting-member,seat 012,,unresolved,https://needhamma.gov/DocumentCenter/View/61963/Final-Tally-4142026-Annual-Town-Election,2026-08-21,Current holder not safely reconciled from official sources.
Needham,needham-ma/town-meeting-member,seat 013,,unresolved,https://needhamma.gov/DocumentCenter/View/61963/Final-Tally-4142026-Annual-Town-Election,2026-08-21,Current holder not safely reconciled from official sources.
Needham,needham-ma/town-meeting-member,seat 014,,unresolved,https://needhamma.gov/DocumentCenter/View/61963/Final-Tally-4142026-Annual-Town-Election,2026-08-21,Current holder not safely reconciled from official sources.
Needham,needham-ma/town-meeting-member,seat 015,,unresolved,https://needhamma.gov/DocumentCenter/View/61963/Final-Tally-4142026-Annual-Town-Election,2026-08-21,Current holder not safely reconciled from official sources.
Needham,needham-ma/town-meeting-member,seat 016,,unresolved,https://needhamma.gov/DocumentCenter/View/61963/Final-Tally-4142026-Annual-Town-Election,2026-08-21,Current holder not safely reconciled from official sources.
Needham,needham-ma/town-meeting-member,seat 017,,unresolved,https://needhamma.gov/DocumentCenter/View/61963/Final-Tally-4142026-Annual-Town-Election,2026-08-21,Current holder not safely reconciled from official sources.
Needham,needham-ma/town-meeting-member,seat 018,,unresolved,https://needhamma.gov/DocumentCenter/View/61963/Final-Tally-4142026-Annual-Town-Election,2026-08-21,Current holder not safely reconciled from official sources.
Needham,needham-ma/town-meeting-member,seat 019,,unresolved,https://needhamma.gov/DocumentCenter/View/61963/Final-Tally-4142026-Annual-Town-Election,2026-08-21,Current holder not safely reconciled from official sources.
Needham,needham-ma/town-meeting-member,seat 020,,unresolved,https://needhamma.gov/DocumentCenter/View/61963/Final-Tally-4142026-Annual-Town-Election,2026-08-21,Current holder not safely reconciled from official sources.
Needham,needham-ma/town-meeting-member,seat 021,,unresolved,https://needhamma.gov/DocumentCenter/View/61963/Final-Tally-4142026-Annual-Town-Election,2026-08-21,Current holder not safely reconciled from official sources.
Needham,needham-ma/town-meeting-member,seat 022,,unresolved,https://needhamma.gov/DocumentCenter/View/61963/Final-Tally-4142026-Annual-Town-Election,2026-08-21,Current holder not safely reconciled from official sources.
Needham,needham-ma/town-meeting-member,seat 023,,unresolved,https://needhamma.gov/DocumentCenter/View/61963/Final-Tally-4142026-Annual-Town-Election,2026-08-21,Current holder not safely reconciled from official sources.
Needham,needham-ma/town-meeting-member,seat 024,,unresolved,https://needhamma.gov/DocumentCenter/View/61963/Final-Tally-4142026-Annual-Town-Election,2026-08-21,Current holder not safely reconciled from official sources.
Needham,needham-ma/town-meeting-member,seat 025,,unresolved,https://needhamma.gov/DocumentCenter/View/61963/Final-Tally-4142026-Annual-Town-Election,2026-08-21,Current holder not safely reconciled from official sources.
Needham,needham-ma/town-meeting-member,seat 026,,unresolved,https://needhamma.gov/DocumentCenter/View/61963/Final-Tally-4142026-Annual-Town-Election,2026-08-21,Current holder not safely reconciled from official sources.
Needham,needham-ma/town-meeting-member,seat 027,,unresolved,https://needhamma.gov/DocumentCenter/View/61963/Final-Tally-4142026-Annual-Town-Election,2026-08-21,Current holder not safely reconciled from official sources.
Needham,needham-ma/town-meeting-member,seat 028,,unresolved,https://needhamma.gov/DocumentCenter/View/61963/Final-Tally-4142026-Annual-Town-Election,2026-08-21,Current holder not safely reconciled from official sources.
Needham,needham-ma/town-meeting-member,seat 029,,unresolved,https://needhamma.gov/DocumentCenter/View/61963/Final-Tally-4142026-Annual-Town-Election,2026-08-21,Current holder not safely reconciled from official sources.
Needham,needham-ma/town-meeting-member,seat 030,,unresolved,https://needhamma.gov/DocumentCenter/View/61963/Final-Tally-4142026-Annual-Town-Election,2026-08-21,Current holder not safely reconciled from official sources.
Needham,needham-ma/town-meeting-member,seat 031,,unresolved,https://needhamma.gov/DocumentCenter/View/61963/Final-Tally-4142026-Annual-Town-Election,2026-08-21,Current holder not safely reconciled from official sources.
Needham,needham-ma/town-meeting-member,seat 032,,unresolved,https://needhamma.gov/DocumentCenter/View/61963/Final-Tally-4142026-Annual-Town-Election,2026-08-21,Current holder not safely reconciled from official sources.
Needham,needham-ma/town-meeting-member,seat 033,,unresolved,https://needhamma.gov/DocumentCenter/View/61963/Final-Tally-4142026-Annual-Town-Election,2026-08-21,Current holder not safely reconciled from official sources.
Needham,needham-ma/town-meeting-member,seat 034,,unresolved,https://needhamma.gov/DocumentCenter/View/61963/Final-Tally-4142026-Annual-Town-Election,2026-08-21,Current holder not safely reconciled from official sources.
Needham,needham-ma/town-meeting-member,seat 035,,unresolved,https://needhamma.gov/DocumentCenter/View/61963/Final-Tally-4142026-Annual-Town-Election,2026-08-21,Current holder not safely reconciled from official sources.
Needham,needham-ma/town-meeting-member,seat 036,,unresolved,https://needhamma.gov/DocumentCenter/View/61963/Final-Tally-4142026-Annual-Town-Election,2026-08-21,Current holder not safely reconciled from official sources.
Needham,needham-ma/town-meeting-member,seat 037,,unresolved,https://needhamma.gov/DocumentCenter/View/61963/Final-Tally-4142026-Annual-Town-Election,2026-08-21,Current holder not safely reconciled from official sources.
Needham,needham-ma/town-meeting-member,seat 038,,unresolved,https://needhamma.gov/DocumentCenter/View/61963/Final-Tally-4142026-Annual-Town-Election,2026-08-21,Current holder not safely reconciled from official sources.
Needham,needham-ma/town-meeting-member,seat 039,,unresolved,https://needhamma.gov/DocumentCenter/View/61963/Final-Tally-4142026-Annual-Town-Election,2026-08-21,Current holder not safely reconciled from official sources.
Needham,needham-ma/town-meeting-member,seat 040,,unresolved,https://needhamma.gov/DocumentCenter/View/61963/Final-Tally-4142026-Annual-Town-Election,2026-08-21,Current holder not safely reconciled from official sources.
Needham,needham-ma/town-meeting-member,seat 041,,unresolved,https://needhamma.gov/DocumentCenter/View/61963/Final-Tally-4142026-Annual-Town-Election,2026-08-21,Current holder not safely reconciled from official sources.
Needham,needham-ma/town-meeting-member,seat 042,,unresolved,https://needhamma.gov/DocumentCenter/View/61963/Final-Tally-4142026-Annual-Town-Election,2026-08-21,Current holder not safely reconciled from official sources.
Needham,needham-ma/town-meeting-member,seat 043,,unresolved,https://needhamma.gov/DocumentCenter/View/61963/Final-Tally-4142026-Annual-Town-Election,2026-08-21,Current holder not safely reconciled from official sources.
Needham,needham-ma/town-meeting-member,seat 044,,unresolved,https://needhamma.gov/DocumentCenter/View/61963/Final-Tally-4142026-Annual-Town-Election,2026-08-21,Current holder not safely reconciled from official sources.
Needham,needham-ma/town-meeting-member,seat 045,,unresolved,https://needhamma.gov/DocumentCenter/View/61963/Final-Tally-4142026-Annual-Town-Election,2026-08-21,Current holder not safely reconciled from official sources.
Needham,needham-ma/town-meeting-member,seat 046,,unresolved,https://needhamma.gov/DocumentCenter/View/61963/Final-Tally-4142026-Annual-Town-Election,2026-08-21,Current holder not safely reconciled from official sources.
Needham,needham-ma/town-meeting-member,seat 047,,unresolved,https://needhamma.gov/DocumentCenter/View/61963/Final-Tally-4142026-Annual-Town-Election,2026-08-21,Current holder not safely reconciled from official sources.
Needham,needham-ma/town-meeting-member,seat 048,,unresolved,https://needhamma.gov/DocumentCenter/View/61963/Final-Tally-4142026-Annual-Town-Election,2026-08-21,Current holder not safely reconciled from official sources.
Needham,needham-ma/town-meeting-member,seat 049,,unresolved,https://needhamma.gov/DocumentCenter/View/61963/Final-Tally-4142026-Annual-Town-Election,2026-08-21,Current holder not safely reconciled from official sources.
Needham,needham-ma/town-meeting-member,seat 050,,unresolved,https://needhamma.gov/DocumentCenter/View/61963/Final-Tally-4142026-Annual-Town-Election,2026-08-21,Current holder not safely reconciled from official sources.
Needham,needham-ma/town-meeting-member,seat 051,,unresolved,https://needhamma.gov/DocumentCenter/View/61963/Final-Tally-4142026-Annual-Town-Election,2026-08-21,Current holder not safely reconciled from official sources.
Needham,needham-ma/town-meeting-member,seat 052,,unresolved,https://needhamma.gov/DocumentCenter/View/61963/Final-Tally-4142026-Annual-Town-Election,2026-08-21,Current holder not safely reconciled from official sources.
Needham,needham-ma/town-meeting-member,seat 053,,unresolved,https://needhamma.gov/DocumentCenter/View/61963/Final-Tally-4142026-Annual-Town-Election,2026-08-21,Current holder not safely reconciled from official sources.
Needham,needham-ma/town-meeting-member,seat 054,,unresolved,https://needhamma.gov/DocumentCenter/View/61963/Final-Tally-4142026-Annual-Town-Election,2026-08-21,Current holder not safely reconciled from official sources.
Needham,needham-ma/town-meeting-member,seat 055,,unresolved,https://needhamma.gov/DocumentCenter/View/61963/Final-Tally-4142026-Annual-Town-Election,2026-08-21,Current holder not safely reconciled from official sources.
Needham,needham-ma/town-meeting-member,seat 056,,unresolved,https://needhamma.gov/DocumentCenter/View/61963/Final-Tally-4142026-Annual-Town-Election,2026-08-21,Current holder not safely reconciled from official sources.
Needham,needham-ma/town-meeting-member,seat 057,,unresolved,https://needhamma.gov/DocumentCenter/View/61963/Final-Tally-4142026-Annual-Town-Election,2026-08-21,Current holder not safely reconciled from official sources.
Needham,needham-ma/town-meeting-member,seat 058,,unresolved,https://needhamma.gov/DocumentCenter/View/61963/Final-Tally-4142026-Annual-Town-Election,2026-08-21,Current holder not safely reconciled from official sources.
Needham,needham-ma/town-meeting-member,seat 059,,unresolved,https://needhamma.gov/DocumentCenter/View/61963/Final-Tally-4142026-Annual-Town-Election,2026-08-21,Current holder not safely reconciled from official sources.
Needham,needham-ma/town-meeting-member,seat 060,,unresolved,https://needhamma.gov/DocumentCenter/View/61963/Final-Tally-4142026-Annual-Town-Election,2026-08-21,Current holder not safely reconciled from official sources.
Needham,needham-ma/town-meeting-member,seat 061,,unresolved,https://needhamma.gov/DocumentCenter/View/61963/Final-Tally-4142026-Annual-Town-Election,2026-08-21,Current holder not safely reconciled from official sources.
Needham,needham-ma/town-meeting-member,seat 062,,unresolved,https://needhamma.gov/DocumentCenter/View/61963/Final-Tally-4142026-Annual-Town-Election,2026-08-21,Current holder not safely reconciled from official sources.
Needham,needham-ma/town-meeting-member,seat 063,,unresolved,https://needhamma.gov/DocumentCenter/View/61963/Final-Tally-4142026-Annual-Town-Election,2026-08-21,Current holder not safely reconciled from official sources.
Needham,needham-ma/town-meeting-member,seat 064,,unresolved,https://needhamma.gov/DocumentCenter/View/61963/Final-Tally-4142026-Annual-Town-Election,2026-08-21,Current holder not safely reconciled from official sources.
Needham,needham-ma/town-meeting-member,seat 065,,unresolved,https://needhamma.gov/DocumentCenter/View/61963/Final-Tally-4142026-Annual-Town-Election,2026-08-21,Current holder not safely reconciled from official sources.
Needham,needham-ma/town-meeting-member,seat 066,,unresolved,https://needhamma.gov/DocumentCenter/View/61963/Final-Tally-4142026-Annual-Town-Election,2026-08-21,Current holder not safely reconciled from official sources.
Needham,needham-ma/town-meeting-member,seat 067,,unresolved,https://needhamma.gov/DocumentCenter/View/61963/Final-Tally-4142026-Annual-Town-Election,2026-08-21,Current holder not safely reconciled from official sources.
Needham,needham-ma/town-meeting-member,seat 068,,unresolved,https://needhamma.gov/DocumentCenter/View/61963/Final-Tally-4142026-Annual-Town-Election,2026-08-21,Current holder not safely reconciled from official sources.
Needham,needham-ma/town-meeting-member,seat 069,,unresolved,https://needhamma.gov/DocumentCenter/View/61963/Final-Tally-4142026-Annual-Town-Election,2026-08-21,Current holder not safely reconciled from official sources.
Needham,needham-ma/town-meeting-member,seat 070,,unresolved,https://needhamma.gov/DocumentCenter/View/61963/Final-Tally-4142026-Annual-Town-Election,2026-08-21,Current holder not safely reconciled from official sources.
Needham,needham-ma/town-meeting-member,seat 071,,unresolved,https://needhamma.gov/DocumentCenter/View/61963/Final-Tally-4142026-Annual-Town-Election,2026-08-21,Current holder not safely reconciled from official sources.
Needham,needham-ma/town-meeting-member,seat 072,,unresolved,https://needhamma.gov/DocumentCenter/View/61963/Final-Tally-4142026-Annual-Town-Election,2026-08-21,Current holder not safely reconciled from official sources.
Needham,needham-ma/town-meeting-member,seat 073,,unresolved,https://needhamma.gov/DocumentCenter/View/61963/Final-Tally-4142026-Annual-Town-Election,2026-08-21,Current holder not safely reconciled from official sources.
Needham,needham-ma/town-meeting-member,seat 074,,unresolved,https://needhamma.gov/DocumentCenter/View/61963/Final-Tally-4142026-Annual-Town-Election,2026-08-21,Current holder not safely reconciled from official sources.
Needham,needham-ma/town-meeting-member,seat 075,,unresolved,https://needhamma.gov/DocumentCenter/View/61963/Final-Tally-4142026-Annual-Town-Election,2026-08-21,Current holder not safely reconciled from official sources.
Needham,needham-ma/town-meeting-member,seat 076,,unresolved,https://needhamma.gov/DocumentCenter/View/61963/Final-Tally-4142026-Annual-Town-Election,2026-08-21,Current holder not safely reconciled from official sources.
Needham,needham-ma/town-meeting-member,seat 077,,unresolved,https://needhamma.gov/DocumentCenter/View/61963/Final-Tally-4142026-Annual-Town-Election,2026-08-21,Current holder not safely reconciled from official sources.
Needham,needham-ma/town-meeting-member,seat 078,,unresolved,https://needhamma.gov/DocumentCenter/View/61963/Final-Tally-4142026-Annual-Town-Election,2026-08-21,Current holder not safely reconciled from official sources.
Needham,needham-ma/town-meeting-member,seat 079,,unresolved,https://needhamma.gov/DocumentCenter/View/61963/Final-Tally-4142026-Annual-Town-Election,2026-08-21,Current holder not safely reconciled from official sources.
Needham,needham-ma/town-meeting-member,seat 080,,unresolved,https://needhamma.gov/DocumentCenter/View/61963/Final-Tally-4142026-Annual-Town-Election,2026-08-21,Current holder not safely reconciled from official sources.
Needham,needham-ma/town-meeting-member,seat 081,,unresolved,https://needhamma.gov/DocumentCenter/View/61963/Final-Tally-4142026-Annual-Town-Election,2026-08-21,Current holder not safely reconciled from official sources.
Needham,needham-ma/town-meeting-member,seat 082,,unresolved,https://needhamma.gov/DocumentCenter/View/61963/Final-Tally-4142026-Annual-Town-Election,2026-08-21,Current holder not safely reconciled from official sources.
Needham,needham-ma/town-meeting-member,seat 083,,unresolved,https://needhamma.gov/DocumentCenter/View/61963/Final-Tally-4142026-Annual-Town-Election,2026-08-21,Current holder not safely reconciled from official sources.
Needham,needham-ma/town-meeting-member,seat 084,,unresolved,https://needhamma.gov/DocumentCenter/View/61963/Final-Tally-4142026-Annual-Town-Election,2026-08-21,Current holder not safely reconciled from official sources.
Needham,needham-ma/town-meeting-member,seat 085,,unresolved,https://needhamma.gov/DocumentCenter/View/61963/Final-Tally-4142026-Annual-Town-Election,2026-08-21,Current holder not safely reconciled from official sources.
Needham,needham-ma/town-meeting-member,seat 086,,unresolved,https://needhamma.gov/DocumentCenter/View/61963/Final-Tally-4142026-Annual-Town-Election,2026-08-21,Current holder not safely reconciled from official sources.
Needham,needham-ma/town-meeting-member,seat 087,,unresolved,https://needhamma.gov/DocumentCenter/View/61963/Final-Tally-4142026-Annual-Town-Election,2026-08-21,Current holder not safely reconciled from official sources.
Needham,needham-ma/town-meeting-member,seat 088,,unresolved,https://needhamma.gov/DocumentCenter/View/61963/Final-Tally-4142026-Annual-Town-Election,2026-08-21,Current holder not safely reconciled from official sources.
Needham,needham-ma/town-meeting-member,seat 089,,unresolved,https://needhamma.gov/DocumentCenter/View/61963/Final-Tally-4142026-Annual-Town-Election,2026-08-21,Current holder not safely reconciled from official sources.
Needham,needham-ma/town-meeting-member,seat 090,,unresolved,https://needhamma.gov/DocumentCenter/View/61963/Final-Tally-4142026-Annual-Town-Election,2026-08-21,Current holder not safely reconciled from official sources.
Needham,needham-ma/town-meeting-member,seat 091,,unresolved,https://needhamma.gov/DocumentCenter/View/61963/Final-Tally-4142026-Annual-Town-Election,2026-08-21,Current holder not safely reconciled from official sources.
Needham,needham-ma/town-meeting-member,seat 092,,unresolved,https://needhamma.gov/DocumentCenter/View/61963/Final-Tally-4142026-Annual-Town-Election,2026-08-21,Current holder not safely reconciled from official sources.
Needham,needham-ma/town-meeting-member,seat 093,,unresolved,https://needhamma.gov/DocumentCenter/View/61963/Final-Tally-4142026-Annual-Town-Election,2026-08-21,Current holder not safely reconciled from official sources.
Needham,needham-ma/town-meeting-member,seat 094,,unresolved,https://needhamma.gov/DocumentCenter/View/61963/Final-Tally-4142026-Annual-Town-Election,2026-08-21,Current holder not safely reconciled from official sources.
Needham,needham-ma/town-meeting-member,seat 095,,unresolved,https://needhamma.gov/DocumentCenter/View/61963/Final-Tally-4142026-Annual-Town-Election,2026-08-21,Current holder not safely reconciled from official sources.
Needham,needham-ma/town-meeting-member,seat 096,,unresolved,https://needhamma.gov/DocumentCenter/View/61963/Final-Tally-4142026-Annual-Town-Election,2026-08-21,Current holder not safely reconciled from official sources.
Needham,needham-ma/town-meeting-member,seat 097,,unresolved,https://needhamma.gov/DocumentCenter/View/61963/Final-Tally-4142026-Annual-Town-Election,2026-08-21,Current holder not safely reconciled from official sources.
Needham,needham-ma/town-meeting-member,seat 098,,unresolved,https://needhamma.gov/DocumentCenter/View/61963/Final-Tally-4142026-Annual-Town-Election,2026-08-21,Current holder not safely reconciled from official sources.
Needham,needham-ma/town-meeting-member,seat 099,,unresolved,https://needhamma.gov/DocumentCenter/View/61963/Final-Tally-4142026-Annual-Town-Election,2026-08-21,Current holder not safely reconciled from official sources.
Needham,needham-ma/town-meeting-member,seat 100,,unresolved,https://needhamma.gov/DocumentCenter/View/61963/Final-Tally-4142026-Annual-Town-Election,2026-08-21,Current holder not safely reconciled from official sources.
Needham,needham-ma/town-meeting-member,seat 101,,unresolved,https://needhamma.gov/DocumentCenter/View/61963/Final-Tally-4142026-Annual-Town-Election,2026-08-21,Current holder not safely reconciled from official sources.
Needham,needham-ma/town-meeting-member,seat 102,,unresolved,https://needhamma.gov/DocumentCenter/View/61963/Final-Tally-4142026-Annual-Town-Election,2026-08-21,Current holder not safely reconciled from official sources.
Needham,needham-ma/town-meeting-member,seat 103,,unresolved,https://needhamma.gov/DocumentCenter/View/61963/Final-Tally-4142026-Annual-Town-Election,2026-08-21,Current holder not safely reconciled from official sources.
Needham,needham-ma/town-meeting-member,seat 104,,unresolved,https://needhamma.gov/DocumentCenter/View/61963/Final-Tally-4142026-Annual-Town-Election,2026-08-21,Current holder not safely reconciled from official sources.
Needham,needham-ma/town-meeting-member,seat 105,,unresolved,https://needhamma.gov/DocumentCenter/View/61963/Final-Tally-4142026-Annual-Town-Election,2026-08-21,Current holder not safely reconciled from official sources.
Needham,needham-ma/town-meeting-member,seat 106,,unresolved,https://needhamma.gov/DocumentCenter/View/61963/Final-Tally-4142026-Annual-Town-Election,2026-08-21,Current holder not safely reconciled from official sources.
Needham,needham-ma/town-meeting-member,seat 107,,unresolved,https://needhamma.gov/DocumentCenter/View/61963/Final-Tally-4142026-Annual-Town-Election,2026-08-21,Current holder not safely reconciled from official sources.
Needham,needham-ma/town-meeting-member,seat 108,,unresolved,https://needhamma.gov/DocumentCenter/View/61963/Final-Tally-4142026-Annual-Town-Election,2026-08-21,Current holder not safely reconciled from official sources.
Needham,needham-ma/town-meeting-member,seat 109,,unresolved,https://needhamma.gov/DocumentCenter/View/61963/Final-Tally-4142026-Annual-Town-Election,2026-08-21,Current holder not safely reconciled from official sources.
Needham,needham-ma/town-meeting-member,seat 110,,unresolved,https://needhamma.gov/DocumentCenter/View/61963/Final-Tally-4142026-Annual-Town-Election,2026-08-21,Current holder not safely reconciled from official sources.
Needham,needham-ma/town-meeting-member,seat 111,,unresolved,https://needhamma.gov/DocumentCenter/View/61963/Final-Tally-4142026-Annual-Town-Election,2026-08-21,Current holder not safely reconciled from official sources.
Needham,needham-ma/town-meeting-member,seat 112,,unresolved,https://needhamma.gov/DocumentCenter/View/61963/Final-Tally-4142026-Annual-Town-Election,2026-08-21,Current holder not safely reconciled from official sources.
Needham,needham-ma/town-meeting-member,seat 113,,unresolved,https://needhamma.gov/DocumentCenter/View/61963/Final-Tally-4142026-Annual-Town-Election,2026-08-21,Current holder not safely reconciled from official sources.
Needham,needham-ma/town-meeting-member,seat 114,,unresolved,https://needhamma.gov/DocumentCenter/View/61963/Final-Tally-4142026-Annual-Town-Election,2026-08-21,Current holder not safely reconciled from official sources.
Needham,needham-ma/town-meeting-member,seat 115,,unresolved,https://needhamma.gov/DocumentCenter/View/61963/Final-Tally-4142026-Annual-Town-Election,2026-08-21,Current holder not safely reconciled from official sources.
Needham,needham-ma/town-meeting-member,seat 116,,unresolved,https://needhamma.gov/DocumentCenter/View/61963/Final-Tally-4142026-Annual-Town-Election,2026-08-21,Current holder not safely reconciled from official sources.
Needham,needham-ma/town-meeting-member,seat 117,,unresolved,https://needhamma.gov/DocumentCenter/View/61963/Final-Tally-4142026-Annual-Town-Election,2026-08-21,Current holder not safely reconciled from official sources.
Needham,needham-ma/town-meeting-member,seat 118,,unresolved,https://needhamma.gov/DocumentCenter/View/61963/Final-Tally-4142026-Annual-Town-Election,2026-08-21,Current holder not safely reconciled from official sources.
Needham,needham-ma/town-meeting-member,seat 119,,unresolved,https://needhamma.gov/DocumentCenter/View/61963/Final-Tally-4142026-Annual-Town-Election,2026-08-21,Current holder not safely reconciled from official sources.
Needham,needham-ma/town-meeting-member,seat 120,,unresolved,https://needhamma.gov/DocumentCenter/View/61963/Final-Tally-4142026-Annual-Town-Election,2026-08-21,Current holder not safely reconciled from official sources.
Needham,needham-ma/town-meeting-member,seat 121,,unresolved,https://needhamma.gov/DocumentCenter/View/61963/Final-Tally-4142026-Annual-Town-Election,2026-08-21,Current holder not safely reconciled from official sources.
Needham,needham-ma/town-meeting-member,seat 122,,unresolved,https://needhamma.gov/DocumentCenter/View/61963/Final-Tally-4142026-Annual-Town-Election,2026-08-21,Current holder not safely reconciled from official sources.
Needham,needham-ma/town-meeting-member,seat 123,,unresolved,https://needhamma.gov/DocumentCenter/View/61963/Final-Tally-4142026-Annual-Town-Election,2026-08-21,Current holder not safely reconciled from official sources.
Needham,needham-ma/town-meeting-member,seat 124,,unresolved,https://needhamma.gov/DocumentCenter/View/61963/Final-Tally-4142026-Annual-Town-Election,2026-08-21,Current holder not safely reconciled from official sources.
Needham,needham-ma/town-meeting-member,seat 125,,unresolved,https://needhamma.gov/DocumentCenter/View/61963/Final-Tally-4142026-Annual-Town-Election,2026-08-21,Current holder not safely reconciled from official sources.
Needham,needham-ma/town-meeting-member,seat 126,,unresolved,https://needhamma.gov/DocumentCenter/View/61963/Final-Tally-4142026-Annual-Town-Election,2026-08-21,Current holder not safely reconciled from official sources.
Needham,needham-ma/town-meeting-member,seat 127,,unresolved,https://needhamma.gov/DocumentCenter/View/61963/Final-Tally-4142026-Annual-Town-Election,2026-08-21,Current holder not safely reconciled from official sources.
Needham,needham-ma/town-meeting-member,seat 128,,unresolved,https://needhamma.gov/DocumentCenter/View/61963/Final-Tally-4142026-Annual-Town-Election,2026-08-21,Current holder not safely reconciled from official sources.
Needham,needham-ma/town-meeting-member,seat 129,,unresolved,https://needhamma.gov/DocumentCenter/View/61963/Final-Tally-4142026-Annual-Town-Election,2026-08-21,Current holder not safely reconciled from official sources.
Needham,needham-ma/town-meeting-member,seat 130,,unresolved,https://needhamma.gov/DocumentCenter/View/61963/Final-Tally-4142026-Annual-Town-Election,2026-08-21,Current holder not safely reconciled from official sources.
Needham,needham-ma/town-meeting-member,seat 131,,unresolved,https://needhamma.gov/DocumentCenter/View/61963/Final-Tally-4142026-Annual-Town-Election,2026-08-21,Current holder not safely reconciled from official sources.
Needham,needham-ma/town-meeting-member,seat 132,,unresolved,https://needhamma.gov/DocumentCenter/View/61963/Final-Tally-4142026-Annual-Town-Election,2026-08-21,Current holder not safely reconciled from official sources.
Needham,needham-ma/town-meeting-member,seat 133,,unresolved,https://needhamma.gov/DocumentCenter/View/61963/Final-Tally-4142026-Annual-Town-Election,2026-08-21,Current holder not safely reconciled from official sources.
Needham,needham-ma/town-meeting-member,seat 134,,unresolved,https://needhamma.gov/DocumentCenter/View/61963/Final-Tally-4142026-Annual-Town-Election,2026-08-21,Current holder not safely reconciled from official sources.
Needham,needham-ma/town-meeting-member,seat 135,,unresolved,https://needhamma.gov/DocumentCenter/View/61963/Final-Tally-4142026-Annual-Town-Election,2026-08-21,Current holder not safely reconciled from official sources.
Needham,needham-ma/town-meeting-member,seat 136,,unresolved,https://needhamma.gov/DocumentCenter/View/61963/Final-Tally-4142026-Annual-Town-Election,2026-08-21,Current holder not safely reconciled from official sources.
Needham,needham-ma/town-meeting-member,seat 137,,unresolved,https://needhamma.gov/DocumentCenter/View/61963/Final-Tally-4142026-Annual-Town-Election,2026-08-21,Current holder not safely reconciled from official sources.
Needham,needham-ma/town-meeting-member,seat 138,,unresolved,https://needhamma.gov/DocumentCenter/View/61963/Final-Tally-4142026-Annual-Town-Election,2026-08-21,Current holder not safely reconciled from official sources.
Needham,needham-ma/town-meeting-member,seat 139,,unresolved,https://needhamma.gov/DocumentCenter/View/61963/Final-Tally-4142026-Annual-Town-Election,2026-08-21,Current holder not safely reconciled from official sources.
Needham,needham-ma/town-meeting-member,seat 140,,unresolved,https://needhamma.gov/DocumentCenter/View/61963/Final-Tally-4142026-Annual-Town-Election,2026-08-21,Current holder not safely reconciled from official sources.
Needham,needham-ma/town-meeting-member,seat 141,,unresolved,https://needhamma.gov/DocumentCenter/View/61963/Final-Tally-4142026-Annual-Town-Election,2026-08-21,Current holder not safely reconciled from official sources.
Needham,needham-ma/town-meeting-member,seat 142,,unresolved,https://needhamma.gov/DocumentCenter/View/61963/Final-Tally-4142026-Annual-Town-Election,2026-08-21,Current holder not safely reconciled from official sources.
Needham,needham-ma/town-meeting-member,seat 143,,unresolved,https://needhamma.gov/DocumentCenter/View/61963/Final-Tally-4142026-Annual-Town-Election,2026-08-21,Current holder not safely reconciled from official sources.
Needham,needham-ma/town-meeting-member,seat 144,,unresolved,https://needhamma.gov/DocumentCenter/View/61963/Final-Tally-4142026-Annual-Town-Election,2026-08-21,Current holder not safely reconciled from official sources.
Needham,needham-ma/town-meeting-member,seat 145,,unresolved,https://needhamma.gov/DocumentCenter/View/61963/Final-Tally-4142026-Annual-Town-Election,2026-08-21,Current holder not safely reconciled from official sources.
Needham,needham-ma/town-meeting-member,seat 146,,unresolved,https://needhamma.gov/DocumentCenter/View/61963/Final-Tally-4142026-Annual-Town-Election,2026-08-21,Current holder not safely reconciled from official sources.
Needham,needham-ma/town-meeting-member,seat 147,,unresolved,https://needhamma.gov/DocumentCenter/View/61963/Final-Tally-4142026-Annual-Town-Election,2026-08-21,Current holder not safely reconciled from official sources.
Needham,needham-ma/town-meeting-member,seat 148,,unresolved,https://needhamma.gov/DocumentCenter/View/61963/Final-Tally-4142026-Annual-Town-Election,2026-08-21,Current holder not safely reconciled from official sources.
Needham,needham-ma/town-meeting-member,seat 149,,unresolved,https://needhamma.gov/DocumentCenter/View/61963/Final-Tally-4142026-Annual-Town-Election,2026-08-21,Current holder not safely reconciled from official sources.
Needham,needham-ma/town-meeting-member,seat 150,,unresolved,https://needhamma.gov/DocumentCenter/View/61963/Final-Tally-4142026-Annual-Town-Election,2026-08-21,Current holder not safely reconciled from official sources.
Needham,needham-ma/town-meeting-member,seat 151,,unresolved,https://needhamma.gov/DocumentCenter/View/61963/Final-Tally-4142026-Annual-Town-Election,2026-08-21,Current holder not safely reconciled from official sources.
Needham,needham-ma/town-meeting-member,seat 152,,unresolved,https://needhamma.gov/DocumentCenter/View/61963/Final-Tally-4142026-Annual-Town-Election,2026-08-21,Current holder not safely reconciled from official sources.
Needham,needham-ma/town-meeting-member,seat 153,,unresolved,https://needhamma.gov/DocumentCenter/View/61963/Final-Tally-4142026-Annual-Town-Election,2026-08-21,Current holder not safely reconciled from official sources.
Needham,needham-ma/town-meeting-member,seat 154,,unresolved,https://needhamma.gov/DocumentCenter/View/61963/Final-Tally-4142026-Annual-Town-Election,2026-08-21,Current holder not safely reconciled from official sources.
Needham,needham-ma/town-meeting-member,seat 155,,unresolved,https://needhamma.gov/DocumentCenter/View/61963/Final-Tally-4142026-Annual-Town-Election,2026-08-21,Current holder not safely reconciled from official sources.
Needham,needham-ma/town-meeting-member,seat 156,,unresolved,https://needhamma.gov/DocumentCenter/View/61963/Final-Tally-4142026-Annual-Town-Election,2026-08-21,Current holder not safely reconciled from official sources.
Needham,needham-ma/town-meeting-member,seat 157,,unresolved,https://needhamma.gov/DocumentCenter/View/61963/Final-Tally-4142026-Annual-Town-Election,2026-08-21,Current holder not safely reconciled from official sources.
Needham,needham-ma/town-meeting-member,seat 158,,unresolved,https://needhamma.gov/DocumentCenter/View/61963/Final-Tally-4142026-Annual-Town-Election,2026-08-21,Current holder not safely reconciled from official sources.
Needham,needham-ma/town-meeting-member,seat 159,,unresolved,https://needhamma.gov/DocumentCenter/View/61963/Final-Tally-4142026-Annual-Town-Election,2026-08-21,Current holder not safely reconciled from official sources.
Needham,needham-ma/town-meeting-member,seat 160,,unresolved,https://needhamma.gov/DocumentCenter/View/61963/Final-Tally-4142026-Annual-Town-Election,2026-08-21,Current holder not safely reconciled from official sources.
Needham,needham-ma/town-meeting-member,seat 161,,unresolved,https://needhamma.gov/DocumentCenter/View/61963/Final-Tally-4142026-Annual-Town-Election,2026-08-21,Current holder not safely reconciled from official sources.
Needham,needham-ma/town-meeting-member,seat 162,,unresolved,https://needhamma.gov/DocumentCenter/View/61963/Final-Tally-4142026-Annual-Town-Election,2026-08-21,Current holder not safely reconciled from official sources.
Needham,needham-ma/town-meeting-member,seat 163,,unresolved,https://needhamma.gov/DocumentCenter/View/61963/Final-Tally-4142026-Annual-Town-Election,2026-08-21,Current holder not safely reconciled from official sources.
Needham,needham-ma/town-meeting-member,seat 164,,unresolved,https://needhamma.gov/DocumentCenter/View/61963/Final-Tally-4142026-Annual-Town-Election,2026-08-21,Current holder not safely reconciled from official sources.
Needham,needham-ma/town-meeting-member,seat 165,,unresolved,https://needhamma.gov/DocumentCenter/View/61963/Final-Tally-4142026-Annual-Town-Election,2026-08-21,Current holder not safely reconciled from official sources.
Needham,needham-ma/town-meeting-member,seat 166,,unresolved,https://needhamma.gov/DocumentCenter/View/61963/Final-Tally-4142026-Annual-Town-Election,2026-08-21,Current holder not safely reconciled from official sources.
Needham,needham-ma/town-meeting-member,seat 167,,unresolved,https://needhamma.gov/DocumentCenter/View/61963/Final-Tally-4142026-Annual-Town-Election,2026-08-21,Current holder not safely reconciled from official sources.
Needham,needham-ma/town-meeting-member,seat 168,,unresolved,https://needhamma.gov/DocumentCenter/View/61963/Final-Tally-4142026-Annual-Town-Election,2026-08-21,Current holder not safely reconciled from official sources.
Needham,needham-ma/town-meeting-member,seat 169,,unresolved,https://needhamma.gov/DocumentCenter/View/61963/Final-Tally-4142026-Annual-Town-Election,2026-08-21,Current holder not safely reconciled from official sources.
Needham,needham-ma/town-meeting-member,seat 170,,unresolved,https://needhamma.gov/DocumentCenter/View/61963/Final-Tally-4142026-Annual-Town-Election,2026-08-21,Current holder not safely reconciled from official sources.
Needham,needham-ma/town-meeting-member,seat 171,,unresolved,https://needhamma.gov/DocumentCenter/View/61963/Final-Tally-4142026-Annual-Town-Election,2026-08-21,Current holder not safely reconciled from official sources.
Needham,needham-ma/town-meeting-member,seat 172,,unresolved,https://needhamma.gov/DocumentCenter/View/61963/Final-Tally-4142026-Annual-Town-Election,2026-08-21,Current holder not safely reconciled from official sources.
Needham,needham-ma/town-meeting-member,seat 173,,unresolved,https://needhamma.gov/DocumentCenter/View/61963/Final-Tally-4142026-Annual-Town-Election,2026-08-21,Current holder not safely reconciled from official sources.
Needham,needham-ma/town-meeting-member,seat 174,,unresolved,https://needhamma.gov/DocumentCenter/View/61963/Final-Tally-4142026-Annual-Town-Election,2026-08-21,Current holder not safely reconciled from official sources.
Needham,needham-ma/town-meeting-member,seat 175,,unresolved,https://needhamma.gov/DocumentCenter/View/61963/Final-Tally-4142026-Annual-Town-Election,2026-08-21,Current holder not safely reconciled from official sources.
Needham,needham-ma/town-meeting-member,seat 176,,unresolved,https://needhamma.gov/DocumentCenter/View/61963/Final-Tally-4142026-Annual-Town-Election,2026-08-21,Current holder not safely reconciled from official sources.
Needham,needham-ma/town-meeting-member,seat 177,,unresolved,https://needhamma.gov/DocumentCenter/View/61963/Final-Tally-4142026-Annual-Town-Election,2026-08-21,Current holder not safely reconciled from official sources.
Needham,needham-ma/town-meeting-member,seat 178,,unresolved,https://needhamma.gov/DocumentCenter/View/61963/Final-Tally-4142026-Annual-Town-Election,2026-08-21,Current holder not safely reconciled from official sources.
Needham,needham-ma/town-meeting-member,seat 179,,unresolved,https://needhamma.gov/DocumentCenter/View/61963/Final-Tally-4142026-Annual-Town-Election,2026-08-21,Current holder not safely reconciled from official sources.
Needham,needham-ma/town-meeting-member,seat 180,,unresolved,https://needhamma.gov/DocumentCenter/View/61963/Final-Tally-4142026-Annual-Town-Election,2026-08-21,Current holder not safely reconciled from official sources.
Needham,needham-ma/town-meeting-member,seat 181,,unresolved,https://needhamma.gov/DocumentCenter/View/61963/Final-Tally-4142026-Annual-Town-Election,2026-08-21,Current holder not safely reconciled from official sources.
Needham,needham-ma/town-meeting-member,seat 182,,unresolved,https://needhamma.gov/DocumentCenter/View/61963/Final-Tally-4142026-Annual-Town-Election,2026-08-21,Current holder not safely reconciled from official sources.
Needham,needham-ma/town-meeting-member,seat 183,,unresolved,https://needhamma.gov/DocumentCenter/View/61963/Final-Tally-4142026-Annual-Town-Election,2026-08-21,Current holder not safely reconciled from official sources.
Needham,needham-ma/town-meeting-member,seat 184,,unresolved,https://needhamma.gov/DocumentCenter/View/61963/Final-Tally-4142026-Annual-Town-Election,2026-08-21,Current holder not safely reconciled from official sources.
Needham,needham-ma/town-meeting-member,seat 185,,unresolved,https://needhamma.gov/DocumentCenter/View/61963/Final-Tally-4142026-Annual-Town-Election,2026-08-21,Current holder not safely reconciled from official sources.
Needham,needham-ma/town-meeting-member,seat 186,,unresolved,https://needhamma.gov/DocumentCenter/View/61963/Final-Tally-4142026-Annual-Town-Election,2026-08-21,Current holder not safely reconciled from official sources.
Needham,needham-ma/town-meeting-member,seat 187,,unresolved,https://needhamma.gov/DocumentCenter/View/61963/Final-Tally-4142026-Annual-Town-Election,2026-08-21,Current holder not safely reconciled from official sources.
Needham,needham-ma/town-meeting-member,seat 188,,unresolved,https://needhamma.gov/DocumentCenter/View/61963/Final-Tally-4142026-Annual-Town-Election,2026-08-21,Current holder not safely reconciled from official sources.
Needham,needham-ma/town-meeting-member,seat 189,,unresolved,https://needhamma.gov/DocumentCenter/View/61963/Final-Tally-4142026-Annual-Town-Election,2026-08-21,Current holder not safely reconciled from official sources.
Needham,needham-ma/town-meeting-member,seat 190,,unresolved,https://needhamma.gov/DocumentCenter/View/61963/Final-Tally-4142026-Annual-Town-Election,2026-08-21,Current holder not safely reconciled from official sources.
Needham,needham-ma/town-meeting-member,seat 191,,unresolved,https://needhamma.gov/DocumentCenter/View/61963/Final-Tally-4142026-Annual-Town-Election,2026-08-21,Current holder not safely reconciled from official sources.
Needham,needham-ma/town-meeting-member,seat 192,,unresolved,https://needhamma.gov/DocumentCenter/View/61963/Final-Tally-4142026-Annual-Town-Election,2026-08-21,Current holder not safely reconciled from official sources.
Needham,needham-ma/town-meeting-member,seat 193,,unresolved,https://needhamma.gov/DocumentCenter/View/61963/Final-Tally-4142026-Annual-Town-Election,2026-08-21,Current holder not safely reconciled from official sources.
Needham,needham-ma/town-meeting-member,seat 194,,unresolved,https://needhamma.gov/DocumentCenter/View/61963/Final-Tally-4142026-Annual-Town-Election,2026-08-21,Current holder not safely reconciled from official sources.
Needham,needham-ma/town-meeting-member,seat 195,,unresolved,https://needhamma.gov/DocumentCenter/View/61963/Final-Tally-4142026-Annual-Town-Election,2026-08-21,Current holder not safely reconciled from official sources.
Needham,needham-ma/town-meeting-member,seat 196,,unresolved,https://needhamma.gov/DocumentCenter/View/61963/Final-Tally-4142026-Annual-Town-Election,2026-08-21,Current holder not safely reconciled from official sources.
Needham,needham-ma/town-meeting-member,seat 197,,unresolved,https://needhamma.gov/DocumentCenter/View/61963/Final-Tally-4142026-Annual-Town-Election,2026-08-21,Current holder not safely reconciled from official sources.
Needham,needham-ma/town-meeting-member,seat 198,,unresolved,https://needhamma.gov/DocumentCenter/View/61963/Final-Tally-4142026-Annual-Town-Election,2026-08-21,Current holder not safely reconciled from official sources.
Needham,needham-ma/town-meeting-member,seat 199,,unresolved,https://needhamma.gov/DocumentCenter/View/61963/Final-Tally-4142026-Annual-Town-Election,2026-08-21,Current holder not safely reconciled from official sources.
Needham,needham-ma/town-meeting-member,seat 200,,unresolved,https://needhamma.gov/DocumentCenter/View/61963/Final-Tally-4142026-Annual-Town-Election,2026-08-21,Current holder not safely reconciled from official sources.
Needham,needham-ma/town-meeting-member,seat 201,,unresolved,https://needhamma.gov/DocumentCenter/View/61963/Final-Tally-4142026-Annual-Town-Election,2026-08-21,Current holder not safely reconciled from official sources.
Needham,needham-ma/town-meeting-member,seat 202,,unresolved,https://needhamma.gov/DocumentCenter/View/61963/Final-Tally-4142026-Annual-Town-Election,2026-08-21,Current holder not safely reconciled from official sources.
Needham,needham-ma/town-meeting-member,seat 203,,unresolved,https://needhamma.gov/DocumentCenter/View/61963/Final-Tally-4142026-Annual-Town-Election,2026-08-21,Current holder not safely reconciled from official sources.
Needham,needham-ma/town-meeting-member,seat 204,,unresolved,https://needhamma.gov/DocumentCenter/View/61963/Final-Tally-4142026-Annual-Town-Election,2026-08-21,Current holder not safely reconciled from official sources.
Needham,needham-ma/town-meeting-member,seat 205,,unresolved,https://needhamma.gov/DocumentCenter/View/61963/Final-Tally-4142026-Annual-Town-Election,2026-08-21,Current holder not safely reconciled from official sources.
Needham,needham-ma/town-meeting-member,seat 206,,unresolved,https://needhamma.gov/DocumentCenter/View/61963/Final-Tally-4142026-Annual-Town-Election,2026-08-21,Current holder not safely reconciled from official sources.
Needham,needham-ma/town-meeting-member,seat 207,,unresolved,https://needhamma.gov/DocumentCenter/View/61963/Final-Tally-4142026-Annual-Town-Election,2026-08-21,Current holder not safely reconciled from official sources.
Needham,needham-ma/town-meeting-member,seat 208,,unresolved,https://needhamma.gov/DocumentCenter/View/61963/Final-Tally-4142026-Annual-Town-Election,2026-08-21,Current holder not safely reconciled from official sources.
Needham,needham-ma/town-meeting-member,seat 209,,unresolved,https://needhamma.gov/DocumentCenter/View/61963/Final-Tally-4142026-Annual-Town-Election,2026-08-21,Current holder not safely reconciled from official sources.
Needham,needham-ma/town-meeting-member,seat 210,,unresolved,https://needhamma.gov/DocumentCenter/View/61963/Final-Tally-4142026-Annual-Town-Election,2026-08-21,Current holder not safely reconciled from official sources.
Needham,needham-ma/town-meeting-member,seat 211,,unresolved,https://needhamma.gov/DocumentCenter/View/61963/Final-Tally-4142026-Annual-Town-Election,2026-08-21,Current holder not safely reconciled from official sources.
Needham,needham-ma/town-meeting-member,seat 212,,unresolved,https://needhamma.gov/DocumentCenter/View/61963/Final-Tally-4142026-Annual-Town-Election,2026-08-21,Current holder not safely reconciled from official sources.
Needham,needham-ma/town-meeting-member,seat 213,,unresolved,https://needhamma.gov/DocumentCenter/View/61963/Final-Tally-4142026-Annual-Town-Election,2026-08-21,Current holder not safely reconciled from official sources.
Needham,needham-ma/town-meeting-member,seat 214,,unresolved,https://needhamma.gov/DocumentCenter/View/61963/Final-Tally-4142026-Annual-Town-Election,2026-08-21,Current holder not safely reconciled from official sources.
Needham,needham-ma/town-meeting-member,seat 215,,unresolved,https://needhamma.gov/DocumentCenter/View/61963/Final-Tally-4142026-Annual-Town-Election,2026-08-21,Current holder not safely reconciled from official sources.
Needham,needham-ma/town-meeting-member,seat 216,,unresolved,https://needhamma.gov/DocumentCenter/View/61963/Final-Tally-4142026-Annual-Town-Election,2026-08-21,Current holder not safely reconciled from official sources.
Needham,needham-ma/town-meeting-member,seat 217,,unresolved,https://needhamma.gov/DocumentCenter/View/61963/Final-Tally-4142026-Annual-Town-Election,2026-08-21,Current holder not safely reconciled from official sources.
Needham,needham-ma/town-meeting-member,seat 218,,unresolved,https://needhamma.gov/DocumentCenter/View/61963/Final-Tally-4142026-Annual-Town-Election,2026-08-21,Current holder not safely reconciled from official sources.
Needham,needham-ma/town-meeting-member,seat 219,,unresolved,https://needhamma.gov/DocumentCenter/View/61963/Final-Tally-4142026-Annual-Town-Election,2026-08-21,Current holder not safely reconciled from official sources.
Needham,needham-ma/town-meeting-member,seat 220,,unresolved,https://needhamma.gov/DocumentCenter/View/61963/Final-Tally-4142026-Annual-Town-Election,2026-08-21,Current holder not safely reconciled from official sources.
Needham,needham-ma/town-meeting-member,seat 221,,unresolved,https://needhamma.gov/DocumentCenter/View/61963/Final-Tally-4142026-Annual-Town-Election,2026-08-21,Current holder not safely reconciled from official sources.
Needham,needham-ma/town-meeting-member,seat 222,,unresolved,https://needhamma.gov/DocumentCenter/View/61963/Final-Tally-4142026-Annual-Town-Election,2026-08-21,Current holder not safely reconciled from official sources.
Needham,needham-ma/town-meeting-member,seat 223,,unresolved,https://needhamma.gov/DocumentCenter/View/61963/Final-Tally-4142026-Annual-Town-Election,2026-08-21,Current holder not safely reconciled from official sources.
Needham,needham-ma/town-meeting-member,seat 224,,unresolved,https://needhamma.gov/DocumentCenter/View/61963/Final-Tally-4142026-Annual-Town-Election,2026-08-21,Current holder not safely reconciled from official sources.
Needham,needham-ma/town-meeting-member,seat 225,,unresolved,https://needhamma.gov/DocumentCenter/View/61963/Final-Tally-4142026-Annual-Town-Election,2026-08-21,Current holder not safely reconciled from official sources.
Needham,needham-ma/town-meeting-member,seat 226,,unresolved,https://needhamma.gov/DocumentCenter/View/61963/Final-Tally-4142026-Annual-Town-Election,2026-08-21,Current holder not safely reconciled from official sources.
Needham,needham-ma/town-meeting-member,seat 227,,unresolved,https://needhamma.gov/DocumentCenter/View/61963/Final-Tally-4142026-Annual-Town-Election,2026-08-21,Current holder not safely reconciled from official sources.
Needham,needham-ma/town-meeting-member,seat 228,,unresolved,https://needhamma.gov/DocumentCenter/View/61963/Final-Tally-4142026-Annual-Town-Election,2026-08-21,Current holder not safely reconciled from official sources.
Needham,needham-ma/town-meeting-member,seat 229,,unresolved,https://needhamma.gov/DocumentCenter/View/61963/Final-Tally-4142026-Annual-Town-Election,2026-08-21,Current holder not safely reconciled from official sources.
Needham,needham-ma/town-meeting-member,seat 230,,unresolved,https://needhamma.gov/DocumentCenter/View/61963/Final-Tally-4142026-Annual-Town-Election,2026-08-21,Current holder not safely reconciled from official sources.
Needham,needham-ma/town-meeting-member,seat 231,,unresolved,https://needhamma.gov/DocumentCenter/View/61963/Final-Tally-4142026-Annual-Town-Election,2026-08-21,Current holder not safely reconciled from official sources.
Needham,needham-ma/town-meeting-member,seat 232,,unresolved,https://needhamma.gov/DocumentCenter/View/61963/Final-Tally-4142026-Annual-Town-Election,2026-08-21,Current holder not safely reconciled from official sources.
Needham,needham-ma/town-meeting-member,seat 233,,unresolved,https://needhamma.gov/DocumentCenter/View/61963/Final-Tally-4142026-Annual-Town-Election,2026-08-21,Current holder not safely reconciled from official sources.
Needham,needham-ma/town-meeting-member,seat 234,,unresolved,https://needhamma.gov/DocumentCenter/View/61963/Final-Tally-4142026-Annual-Town-Election,2026-08-21,Current holder not safely reconciled from official sources.
Needham,needham-ma/town-meeting-member,seat 235,,unresolved,https://needhamma.gov/DocumentCenter/View/61963/Final-Tally-4142026-Annual-Town-Election,2026-08-21,Current holder not safely reconciled from official sources.
Needham,needham-ma/town-meeting-member,seat 236,,unresolved,https://needhamma.gov/DocumentCenter/View/61963/Final-Tally-4142026-Annual-Town-Election,2026-08-21,Current holder not safely reconciled from official sources.
Needham,needham-ma/town-meeting-member,seat 237,,unresolved,https://needhamma.gov/DocumentCenter/View/61963/Final-Tally-4142026-Annual-Town-Election,2026-08-21,Current holder not safely reconciled from official sources.
Needham,needham-ma/town-meeting-member,seat 238,,unresolved,https://needhamma.gov/DocumentCenter/View/61963/Final-Tally-4142026-Annual-Town-Election,2026-08-21,Current holder not safely reconciled from official sources.
Needham,needham-ma/town-meeting-member,seat 239,,unresolved,https://needhamma.gov/DocumentCenter/View/61963/Final-Tally-4142026-Annual-Town-Election,2026-08-21,Current holder not safely reconciled from official sources.
Needham,needham-ma/town-meeting-member,seat 240,,unresolved,https://needhamma.gov/DocumentCenter/View/61963/Final-Tally-4142026-Annual-Town-Election,2026-08-21,Current holder not safely reconciled from official sources.
New Bedford,new-bedford-ma/mayor,,Jonathan F. Mitchell,verified-current,https://newbedford.ss16.sharpschool.com/cms/one.aspx?pageId=159932,2026-08-21,
New Bedford,new-bedford-ma/city-council-member,At-Large,Ian Abreu,verified-current,https://stories.opengov.com/newbedfordma/published/nntClIy7M,2026-08-21,
New Bedford,new-bedford-ma/city-council-member,At-Large,Shane A. Burgo,verified-current,https://stories.opengov.com/newbedfordma/published/nntClIy7M,2026-08-21,
New Bedford,new-bedford-ma/city-council-member,At-Large,Brian K. Gomes,verified-current,https://stories.opengov.com/newbedfordma/published/nntClIy7M,2026-08-21,
New Bedford,new-bedford-ma/city-council-member,At-Large,Naomi R.A. Carney,verified-current,https://stories.opengov.com/newbedfordma/published/nntClIy7M,2026-08-21,
New Bedford,new-bedford-ma/city-council-member,Ward 1,Leo Chouetta,verified-current,https://stories.opengov.com/newbedfordma/published/nntClIy7M,2026-08-21,
New Bedford,new-bedford-ma/city-council-member,Ward 3,Shawn Oliver,verified-current,https://stories.opengov.com/newbedfordma/published/nntClIy7M,2026-08-21,
New Bedford,new-bedford-ma/city-council-member,Ward 4,Derek Baptiste,verified-current,https://stories.opengov.com/newbedfordma/published/nntClIy7M,2026-08-21,
New Bedford,new-bedford-ma/city-council-member,Ward 5,Joseph P. Lopes,verified-current,https://stories.opengov.com/newbedfordma/published/nntClIy7M,2026-08-21,
New Bedford,new-bedford-ma/city-council-member,Ward 6,Ryan J. Pereira,verified-current,https://stories.opengov.com/newbedfordma/published/nntClIy7M,2026-08-21,
New Bedford,new-bedford-ma/city-council-member,seat 010,,unresolved,https://stories.opengov.com/newbedfordma/published/nntClIy7M,2026-08-21,Current holder not safely reconciled from official sources.
New Bedford,new-bedford-ma/city-council-member,seat 011,,unresolved,https://stories.opengov.com/newbedfordma/published/nntClIy7M,2026-08-21,Current holder not safely reconciled from official sources.
New Bedford,new-bedford-ma/school-committee-member,,Melissa Costa,verified-current,https://newbedford.ss16.sharpschool.com/cms/one.aspx?pageId=159932,2026-08-21,
New Bedford,new-bedford-ma/school-committee-member,,Christopher A. Cotter,verified-current,https://newbedford.ss16.sharpschool.com/cms/one.aspx?pageId=159932,2026-08-21,
New Bedford,new-bedford-ma/school-committee-member,,"Joaquim ""Jack"" Livramento, Jr.",verified-current,https://newbedford.ss16.sharpschool.com/cms/one.aspx?pageId=159932,2026-08-21,
New Bedford,new-bedford-ma/school-committee-member,,Von Marie Moniz,verified-current,https://newbedford.ss16.sharpschool.com/cms/one.aspx?pageId=159932,2026-08-21,
New Bedford,new-bedford-ma/school-committee-member,,Richard Porter,verified-current,https://newbedford.ss16.sharpschool.com/cms/one.aspx?pageId=159932,2026-08-21,
New Bedford,new-bedford-ma/school-committee-member,,William B. Markey,verified-current,https://newbedford.ss16.sharpschool.com/cms/one.aspx?pageId=159932,2026-08-21,
New Braintree,new-braintree-ma/select-board-member,,Joe Chenevert,verified-current,https://www.newbraintree.org/committees.html,2026-08-21,
New Braintree,new-braintree-ma/select-board-member,,William Howland,verified-current,https://www.newbraintree.org/committees.html,2026-08-21,
New Braintree,new-braintree-ma/select-board-member,,Randy Walker,verified-current,https://www.newbraintree.org/committees.html,2026-08-21,
New Braintree,new-braintree-ma/town-moderator,seat 001,,unresolved,https://www.newbraintree.org/warrant.html,2026-08-21,Current holder not safely reconciled from official sources.
New Braintree,new-braintree-ma/town-clerk,,Jessica Bennett,verified-current,https://www.newbraintree.org/committees.html,2026-08-21,
New Braintree,new-braintree-ma/town-auditor,,Christina DeVries,verified-current,https://www.newbraintree.org/committees.html,2026-08-21,
New Braintree,new-braintree-ma/town-treasurer,,Janet Pierce,verified-current,https://www.newbraintree.org/committees.html,2026-08-21,
New Braintree,new-braintree-ma/tax-collector,,Janet Pierce,verified-current,https://www.newbraintree.org/committees.html,2026-08-21,
New Braintree,new-braintree-ma/assessor,,Joe Chenevert,verified-current,https://www.newbraintree.org/committees.html,2026-08-21,
New Braintree,new-braintree-ma/assessor,,Andrea Letendre,verified-current,https://www.newbraintree.org/committees.html,2026-08-21,
New Braintree,new-braintree-ma/assessor,,Claire Reavey,verified-current,https://www.newbraintree.org/committees.html,2026-08-21,
New Braintree,new-braintree-ma/planning-board-member,,Jason Ayer,verified-current,https://www.newbraintree.org/committees.html,2026-08-21,
New Braintree,new-braintree-ma/planning-board-member,,Genevieve Stillman,verified-current,https://www.newbraintree.org/committees.html,2026-08-21,
New Braintree,new-braintree-ma/pathfinder-regional-vocational-school-committee-member,,Marty Goulet,verified-current,https://pathfindertech.org/school-committe/,2026-08-21,
New Marlborough,new-marlborough-ma/moderator,,Barry Shapiro,verified-current,https://www.newmarlboroughma.gov/DocumentCenter/View/3645/OFFICIAL-RESULTS-OF-ANNUAL-TOWN-ELECTION-51126,2026-08-21,
New Marlborough,new-marlborough-ma/select-board-member,,Tara B. White,verified-current,https://www.newmarlboroughma.gov/1225/Select-Board,2026-08-21,
New Marlborough,new-marlborough-ma/select-board-member,,William West,verified-current,https://www.newmarlboroughma.gov/1225/Select-Board,2026-08-21,
New Marlborough,new-marlborough-ma/select-board-member,,Maggie Arian,verified-current,https://www.newmarlboroughma.gov/1225/Select-Board,2026-08-21,
New Marlborough,new-marlborough-ma/assessor,,Michael Britton,verified-current,https://www.newmarlboroughma.gov/1244/Board-of-Assessors,2026-08-21,
New Marlborough,new-marlborough-ma/assessor,,Wendy W Miller,verified-current,https://www.newmarlboroughma.gov/1244/Board-of-Assessors,2026-08-21,
New Marlborough,new-marlborough-ma/assessor,,Freddy Friedman,verified-current,https://www.newmarlboroughma.gov/1244/Board-of-Assessors,2026-08-21,
New Marlborough,new-marlborough-ma/board-of-health-member,,Larry Davis,verified-current,https://www.newmarlboroughma.gov/1243/Board-of-Health,2026-08-21,
New Marlborough,new-marlborough-ma/board-of-health-member,,Jordan Chretien,verified-current,https://www.newmarlboroughma.gov/1243/Board-of-Health,2026-08-21,
New Marlborough,new-marlborough-ma/board-of-health-member,,John Miller,verified-current,https://www.newmarlboroughma.gov/1243/Board-of-Health,2026-08-21,
New Marlborough,new-marlborough-ma/cemetery-commissioner,,Tammi Palmer,verified-current,https://www.newmarlboroughma.gov/1239/Cemetery-Commission,2026-08-21,
New Marlborough,new-marlborough-ma/cemetery-commissioner,,Robert Palmer,verified-current,https://www.newmarlboroughma.gov/1239/Cemetery-Commission,2026-08-21,
New Marlborough,new-marlborough-ma/cemetery-commissioner,,Tara B. White,verified-current,https://www.newmarlboroughma.gov/1239/Cemetery-Commission,2026-08-21,
New Marlborough,new-marlborough-ma/constable,,William West,verified-current,https://www.newmarlboroughma.gov/1215/Constable,2026-08-21,Current holder and May 2027 endpoint verified; regular term length unresolved.
New Marlborough,new-marlborough-ma/finance-committee-member,,I. Douglas Newman,verified-current,https://www.newmarlboroughma.gov/1234/Finance-Committee,2026-08-21,Bylaws establish seven elected staggered seats; official current page explicitly marks one vacancy through May 2027.
New Marlborough,new-marlborough-ma/finance-committee-member,,John Pshenishny,verified-current,https://www.newmarlboroughma.gov/1234/Finance-Committee,2026-08-21,Bylaws establish seven elected staggered seats; official current page explicitly marks one vacancy through May 2027.
New Marlborough,new-marlborough-ma/finance-committee-member,,Jane Fuccillo,verified-current,https://www.newmarlboroughma.gov/1234/Finance-Committee,2026-08-21,Bylaws establish seven elected staggered seats; official current page explicitly marks one vacancy through May 2027.
New Marlborough,new-marlborough-ma/finance-committee-member,,Timothy Fitzgerald,verified-current,https://www.newmarlboroughma.gov/1234/Finance-Committee,2026-08-21,Bylaws establish seven elected staggered seats; official current page explicitly marks one vacancy through May 2027.
New Marlborough,new-marlborough-ma/finance-committee-member,,Anne Riney,verified-current,https://www.newmarlboroughma.gov/1234/Finance-Committee,2026-08-21,Bylaws establish seven elected staggered seats; official current page explicitly marks one vacancy through May 2027.
New Marlborough,new-marlborough-ma/finance-committee-member,,Sharon Fleck,verified-current,https://www.newmarlboroughma.gov/1234/Finance-Committee,2026-08-21,Bylaws establish seven elected staggered seats; official current page explicitly marks one vacancy through May 2027.
New Marlborough,new-marlborough-ma/finance-committee-member,seat 007,,vacant,https://www.newmarlboroughma.gov/1234/Finance-Committee,2026-08-21,Bylaws establish seven elected staggered seats; official current page explicitly marks one vacancy through May 2027.
New Marlborough,new-marlborough-ma/library-trustee,,Thomas Masters,verified-current,https://www.newmarlboroughma.gov/1229/Library-Trustees,2026-08-21,
New Marlborough,new-marlborough-ma/library-trustee,,Robin Tost,verified-current,https://www.newmarlboroughma.gov/1229/Library-Trustees,2026-08-21,
New Marlborough,new-marlborough-ma/library-trustee,,Sarah North Reynolds,verified-current,https://www.newmarlboroughma.gov/1229/Library-Trustees,2026-08-21,
New Marlborough,new-marlborough-ma/planning-board-member,,Robert W Hartt,verified-current,https://www.newmarlboroughma.gov/1228/Planning-Board,2026-08-21,
New Marlborough,new-marlborough-ma/planning-board-member,,Jonathan James,verified-current,https://www.newmarlboroughma.gov/1228/Planning-Board,2026-08-21,
New Marlborough,new-marlborough-ma/planning-board-member,,Jordan Archey,verified-current,https://www.newmarlboroughma.gov/1228/Planning-Board,2026-08-21,
New Marlborough,new-marlborough-ma/planning-board-member,,Christian Stovall,verified-current,https://www.newmarlboroughma.gov/1228/Planning-Board,2026-08-21,
New Marlborough,new-marlborough-ma/planning-board-member,,Becky Wilkinson,verified-current,https://www.newmarlboroughma.gov/1228/Planning-Board,2026-08-21,
New Marlborough,new-marlborough-ma/regional-school-committee-member,,Nanci Worthington,verified-current,https://www.newmarlboroughma.gov/1226/School-Committee,2026-08-21,Regional agreement §2 allocates two of ten district seats to New Marlborough; elected at biennial state elections.
New Marlborough,new-marlborough-ma/regional-school-committee-member,,Miguel Mir,verified-current,https://www.newmarlboroughma.gov/1226/School-Committee,2026-08-21,Regional agreement §2 allocates two of ten district seats to New Marlborough; elected at biennial state elections.
New Marlborough,new-marlborough-ma/town-clerk,,Katherine Chretien,verified-current,https://newmarlboroughma.gov/1208/Town-Clerk,2026-08-21,
New Marlborough,new-marlborough-ma/tree-warden,,Matthew Wright,verified-current,https://www.newmarlboroughma.gov/1204/Tree-Warden,2026-08-21,
New Salem,new-salem-ma/selectboard-member,seat 001,,unresolved,https://www.newsalemma.org/1495/2023-Annual-Town-Meeting-Warrant,2026-08-21,Current holder not safely reconciled from official sources.
New Salem,new-salem-ma/selectboard-member,seat 002,,unresolved,https://www.newsalemma.org/1495/2023-Annual-Town-Meeting-Warrant,2026-08-21,Current holder not safely reconciled from official sources.
New Salem,new-salem-ma/selectboard-member,seat 003,,unresolved,https://www.newsalemma.org/1495/2023-Annual-Town-Meeting-Warrant,2026-08-21,Current holder not safely reconciled from official sources.
New Salem,new-salem-ma/town-clerk,seat 001,,unresolved,https://www.newsalemma.org/1495/2023-Annual-Town-Meeting-Warrant,2026-08-21,Current holder not safely reconciled from official sources.
New Salem,new-salem-ma/assessor,,Pat Renville,verified-current,https://www.newsalemma.org/1410/Assessors,2026-08-21,
New Salem,new-salem-ma/assessor,,Sarah Childs,verified-current,https://www.newsalemma.org/1410/Assessors,2026-08-21,
New Salem,new-salem-ma/assessor,,Leanne Rist,verified-current,https://www.newsalemma.org/1410/Assessors,2026-08-21,
New Salem,new-salem-ma/constable,seat 001,,unresolved,https://www.newsalemma.org/1495/2023-Annual-Town-Meeting-Warrant,2026-08-21,Current holder not safely reconciled from official sources.
New Salem,new-salem-ma/moderator,seat 001,,unresolved,https://www.newsalemma.org/1495/2023-Annual-Town-Meeting-Warrant,2026-08-21,Current holder not safely reconciled from official sources.
New Salem,new-salem-ma/board-of-health-member,,Jenny Potee,verified-current,https://www.newsalemma.org/1354/Board-of-Health,2026-08-21,
New Salem,new-salem-ma/board-of-health-member,,Patrick Temple,verified-current,https://www.newsalemma.org/1354/Board-of-Health,2026-08-21,
Newbury,newbury-ma/town-clerk,,Gretchen Girard,verified-current,https://www.newburyma.gov/837/Elected-Officials,2026-08-21,
Newbury,newbury-ma/select-board-member,,William F. DiMaio,verified-current,https://www.newburyma.gov/AgendaCenter/ViewFile/Agenda/_05122026-1041,2026-08-21,
Newbury,newbury-ma/select-board-member,,Leslie D. Matthews,verified-current,https://www.newburyma.gov/AgendaCenter/ViewFile/Agenda/_05122026-1041,2026-08-21,
Newbury,newbury-ma/moderator,,F.N. Budd Kelley III,verified-current,https://www.newburyma.gov/AgendaCenter/ViewFile/Agenda/_05122026-1041,2026-08-21,
Newbury,newbury-ma/assessor,,Sanford Wechsler,verified-current,https://www.newburyma.gov/AgendaCenter/ViewFile/Agenda/_05122026-1041,2026-08-21,
Newbury,newbury-ma/board-of-health-member,,Steven H. Fram,verified-current,https://www.newburyma.gov/AgendaCenter/ViewFile/Agenda/_05122026-1041,2026-08-21,
Newbury,newbury-ma/constable,,Charles A. Colby Jr.,verified-current,https://www.newburyma.gov/AgendaCenter/ViewFile/Agenda/_05122026-1041,2026-08-21,
Newbury,newbury-ma/fish-commissioner,,Paul A. Thistlewood,verified-current,https://www.newburyma.gov/AgendaCenter/ViewFile/Agenda/_05122026-1041,2026-08-21,
Newbury,newbury-ma/planning-board-member,,Peter C. Paicos Jr.,verified-current,https://www.newburyma.gov/830/Planning-Board-Member,2026-08-21,
Newbury,newbury-ma/planning-board-member,seat 002,,unresolved,https://www.newburyma.gov/830/Planning-Board-Member,2026-08-21,Current holder not safely reconciled from official sources.
Newbury,newbury-ma/planning-board-member,seat 003,,unresolved,https://www.newburyma.gov/830/Planning-Board-Member,2026-08-21,Current holder not safely reconciled from official sources.
Newbury,newbury-ma/planning-board-member,seat 004,,unresolved,https://www.newburyma.gov/830/Planning-Board-Member,2026-08-21,Current holder not safely reconciled from official sources.
Newbury,newbury-ma/planning-board-member,seat 005,,unresolved,https://www.newburyma.gov/830/Planning-Board-Member,2026-08-21,Current holder not safely reconciled from official sources.
Newbury,newbury-ma/library-trustee,,Patricia A. Olson,verified-current,https://www.newburyma.gov/AgendaCenter/ViewFile/Minutes/_06242026-1075,2026-08-21,
Newbury,newbury-ma/library-trustee,,Richard J. Passeri,verified-current,https://www.newburyma.gov/AgendaCenter/ViewFile/Minutes/_06242026-1075,2026-08-21,
Newbury,newbury-ma/library-trustee,,Melissa Mashburn,verified-current,https://www.newburyma.gov/AgendaCenter/ViewFile/Minutes/_06242026-1075,2026-08-21,
Newbury,newbury-ma/library-trustee,,Terry Litterst,verified-current,https://www.newburyma.gov/AgendaCenter/ViewFile/Minutes/_06242026-1075,2026-08-21,
Newbury,newbury-ma/library-trustee,,Alex Burke,verified-current,https://www.newburyma.gov/AgendaCenter/ViewFile/Minutes/_06242026-1075,2026-08-21,
Newbury,newbury-ma/tree-warden,,Keith J. Stromski,verified-current,https://www.newburyma.gov/AgendaCenter/ViewFile/Agenda/_05122026-1041,2026-08-21,
Newbury,newbury-ma/triton-regional-school-committee-member,,Paul Goldner,verified-current,https://www.newburyma.gov/745/Schools,2026-08-21,
Newbury,newbury-ma/triton-regional-school-committee-member,,Matthew Landers,verified-current,https://www.newburyma.gov/745/Schools,2026-08-21,
Newbury,newbury-ma/triton-regional-school-committee-member,,Brett M. Alger,verified-current,https://www.newburyma.gov/745/Schools,2026-08-21,
Newbury,newbury-ma/first-settlers-burial-ground-trustee,,Anthony John Matthews Jr.,verified-current,https://www.newburyma.gov/AgendaCenter/ViewFile/Agenda/_05122026-1041,2026-08-21,
Newburyport,newburyport-ma/mayor,,Sean Reardon,verified-current,https://www.cityofnewburyport.com/mayors-office,2026-08-21,
Newburyport,newburyport-ma/city-councillor,Ward 1,Sharif I. Zeid,verified-current,https://www.cityofnewburyport.com/city-council,2026-08-21,
Newburyport,newburyport-ma/city-councillor,Ward 2,Stephanie Niketic,verified-current,https://www.cityofnewburyport.com/city-council,2026-08-21,
Newburyport,newburyport-ma/city-councillor,Ward 3,Brian Callahan,verified-current,https://www.cityofnewburyport.com/city-council,2026-08-21,
Newburyport,newburyport-ma/city-councillor,Ward 4,Beth Trach,verified-current,https://www.cityofnewburyport.com/city-council,2026-08-21,
Newburyport,newburyport-ma/city-councillor,Ward 5,Lisa Medina Smith,verified-current,https://www.cityofnewburyport.com/city-council,2026-08-21,
Newburyport,newburyport-ma/city-councillor,Ward 6,Mary C. DeLai,verified-current,https://www.cityofnewburyport.com/city-council,2026-08-21,
Newburyport,newburyport-ma/city-councillor,At-Large,Heather Shand,verified-current,https://www.cityofnewburyport.com/city-council,2026-08-21,
Newburyport,newburyport-ma/city-councillor,At-Large,Ed Cameron,verified-current,https://www.cityofnewburyport.com/city-council,2026-08-21,
Newburyport,newburyport-ma/city-councillor,At-Large,Afroz K. Khan,verified-current,https://www.cityofnewburyport.com/city-council,2026-08-21,
Newburyport,newburyport-ma/city-councillor,At-Large,Sarah Hall,verified-current,https://www.cityofnewburyport.com/city-council,2026-08-21,
Newburyport,newburyport-ma/city-councillor,At-Large,Ben Harman,verified-current,https://www.cityofnewburyport.com/city-council,2026-08-21,
Newburyport,newburyport-ma/school-committee-member,,Pamela A. Leblanc,verified-current,https://www.cityofnewburyport.com/school-committee,2026-08-21,
Newburyport,newburyport-ma/school-committee-member,,Jennifer Moore,verified-current,https://www.cityofnewburyport.com/school-committee,2026-08-21,
Newburyport,newburyport-ma/school-committee-member,seat 003,,unresolved,https://www.cityofnewburyport.com/school-committee,2026-08-21,Current holder not safely reconciled from official sources.
Newburyport,newburyport-ma/school-committee-member,seat 004,,unresolved,https://www.cityofnewburyport.com/school-committee,2026-08-21,Current holder not safely reconciled from official sources.
Newburyport,newburyport-ma/school-committee-member,seat 005,,unresolved,https://www.cityofnewburyport.com/school-committee,2026-08-21,Current holder not safely reconciled from official sources.
Newburyport,newburyport-ma/school-committee-member,seat 006,,unresolved,https://www.cityofnewburyport.com/school-committee,2026-08-21,Current holder not safely reconciled from official sources.
Newton,newton-ma/mayor,,Marc Laredo,verified-current,https://www.newtonma.gov/government/mayor,2026-08-21,
Newton,newton-ma/city-councilor-at-large,Ward 1 At-Large,John Oliver,verified-current,https://www.newtonma.gov/government/city-clerk/city-council,2026-08-21,
Newton,newton-ma/city-councilor-at-large,Ward 1 At-Large,Alison Leary,verified-current,https://www.newtonma.gov/government/city-clerk/city-council,2026-08-21,
Newton,newton-ma/city-councilor-at-large,Ward 2 At-Large,Susan Albright,verified-current,https://www.newtonma.gov/government/city-clerk/city-council,2026-08-21,
Newton,newton-ma/city-councilor-at-large,Ward 2 At-Large,Tarik Lucas,verified-current,https://www.newtonma.gov/government/city-clerk/city-council,2026-08-21,
Newton,newton-ma/city-councilor-at-large,Ward 3 At-Large,Andrea W. Kelley,verified-current,https://www.newtonma.gov/government/city-clerk/city-council,2026-08-21,
Newton,newton-ma/city-councilor-at-large,Ward 3 At-Large,Pamela A. Wright,verified-current,https://www.newtonma.gov/government/city-clerk/city-council,2026-08-21,
Newton,newton-ma/city-councilor-at-large,Ward 4 At-Large,Cyrus Dahmubed,verified-current,https://www.newtonma.gov/government/city-clerk/city-council,2026-08-21,
Newton,newton-ma/city-councilor-at-large,Ward 4 At-Large,Joshua Krintzman,verified-current,https://www.newtonma.gov/government/city-clerk/city-council,2026-08-21,
Newton,newton-ma/city-councilor-at-large,Ward 5 At-Large,Rena Getz Escudero,verified-current,https://www.newtonma.gov/government/city-clerk/city-council,2026-08-21,
Newton,newton-ma/city-councilor-at-large,Ward 5 At-Large,Brittany Hume Charm,verified-current,https://www.newtonma.gov/government/city-clerk/city-council,2026-08-21,
Newton,newton-ma/city-councilor-at-large,Ward 6 At-Large,Martha Bixby,verified-current,https://www.newtonma.gov/government/city-clerk/city-council,2026-08-21,
Newton,newton-ma/city-councilor-at-large,Ward 6 At-Large,Lisa Gordon,verified-current,https://www.newtonma.gov/government/city-clerk/city-council,2026-08-21,
Newton,newton-ma/city-councilor-at-large,Ward 7 At-Large,R. Lisle Baker,verified-current,https://www.newtonma.gov/government/city-clerk/city-council,2026-08-21,
Newton,newton-ma/city-councilor-at-large,Ward 7 At-Large,Brian Golden,verified-current,https://www.newtonma.gov/government/city-clerk/city-council,2026-08-21,
Newton,newton-ma/city-councilor-at-large,Ward 8 At-Large,David A. Kalis,verified-current,https://www.newtonma.gov/government/city-clerk/city-council,2026-08-21,
Newton,newton-ma/city-councilor-at-large,Ward 8 At-Large,Stephen Farrell,verified-current,https://www.newtonma.gov/government/city-clerk/city-council,2026-08-21,
Newton,newton-ma/ward-councilor,Ward 1,Maria Scibelli Greenberg,verified-current,https://www.newtonma.gov/government/city-clerk/city-council,2026-08-21,
Newton,newton-ma/ward-councilor,Ward 2,David Micley,verified-current,https://www.newtonma.gov/government/city-clerk/city-council,2026-08-21,
Newton,newton-ma/ward-councilor,Ward 3,Julia Malakie,verified-current,https://www.newtonma.gov/government/city-clerk/city-council,2026-08-21,
Newton,newton-ma/ward-councilor,Ward 4,Randy Block,verified-current,https://www.newtonma.gov/government/city-clerk/city-council,2026-08-21,
Newton,newton-ma/ward-councilor,Ward 5,Julie Irish,verified-current,https://www.newtonma.gov/government/city-clerk/city-council,2026-08-21,
Newton,newton-ma/ward-councilor,Ward 6,Sean Roche,verified-current,https://www.newtonma.gov/government/city-clerk/city-council,2026-08-21,
Newton,newton-ma/ward-councilor,Ward 7,Rebecca Walker Grossman,verified-current,https://www.newtonma.gov/government/city-clerk/city-council,2026-08-21,
Newton,newton-ma/ward-councilor,Ward 8,Jacob Silber,verified-current,https://www.newtonma.gov/government/city-clerk/city-council,2026-08-21,
Newton,newton-ma/school-committee-member,Ward 1,Arrianna Proia,verified-current,https://www.newton.k12.ma.us/Page/225,2026-08-21,
Newton,newton-ma/school-committee-member,Ward 2,Linda Swain,verified-current,https://www.newton.k12.ma.us/Page/225,2026-08-21,
Newton,newton-ma/school-committee-member,Ward 3,Jason Bhardwaj,verified-current,https://www.newton.k12.ma.us/Page/225,2026-08-21,
Newton,newton-ma/school-committee-member,Ward 4,Tamika Olszewski,verified-current,https://www.newton.k12.ma.us/Page/225,2026-08-21,
Newton,newton-ma/school-committee-member,Ward 5,Ben Schlesinger,verified-current,https://www.newton.k12.ma.us/Page/225,2026-08-21,
Newton,newton-ma/school-committee-member,Ward 6,Jonathan Greene,verified-current,https://www.newton.k12.ma.us/Page/225,2026-08-21,
Newton,newton-ma/school-committee-member,Ward 7,Alicia Piedalue,verified-current,https://www.newton.k12.ma.us/Page/225,2026-08-21,
Newton,newton-ma/school-committee-member,Ward 8,Victor Lee,verified-current,https://www.newton.k12.ma.us/Page/225,2026-08-21,
Newton,newton-ma/newton-highlands-neighborhood-area-council-member,,Allen Ciccone,verified-current,https://www.newtonma.gov/government/neighborhood-area-councils/newton-highlands,2026-08-21,
Newton,newton-ma/newton-highlands-neighborhood-area-council-member,,Beverly Daniel,verified-current,https://www.newtonma.gov/government/neighborhood-area-councils/newton-highlands,2026-08-21,
Newton,newton-ma/newton-highlands-neighborhood-area-council-member,,Matthew M. Miller,verified-current,https://www.newtonma.gov/government/neighborhood-area-councils/newton-highlands,2026-08-21,
Newton,newton-ma/newton-highlands-neighborhood-area-council-member,,Julia Malakie,verified-current,https://www.newtonma.gov/government/neighborhood-area-councils/newton-highlands,2026-08-21,
Newton,newton-ma/newton-highlands-neighborhood-area-council-member,,Paul Levy,verified-current,https://www.newtonma.gov/government/neighborhood-area-councils/newton-highlands,2026-08-21,
Newton,newton-ma/newton-highlands-neighborhood-area-council-member,,Timon Singh,verified-current,https://www.newtonma.gov/government/neighborhood-area-councils/newton-highlands,2026-08-21,
Newton,newton-ma/newton-highlands-neighborhood-area-council-member,,Cassandra Dorman,verified-current,https://www.newtonma.gov/government/neighborhood-area-councils/newton-highlands,2026-08-21,
Newton,newton-ma/newton-highlands-neighborhood-area-council-member,seat 008,,unresolved,https://www.newtonma.gov/government/neighborhood-area-councils/newton-highlands,2026-08-21,Current holder not safely reconciled from official sources.
Newton,newton-ma/newton-highlands-neighborhood-area-council-member,seat 009,,unresolved,https://www.newtonma.gov/government/neighborhood-area-councils/newton-highlands,2026-08-21,Current holder not safely reconciled from official sources.
Newton,newton-ma/newtonville-area-council-member,seat 001,,unresolved,https://www.newtonma.gov/government/neighborhood-area-councils/newtonville,2026-08-21,Current holder not safely reconciled from official sources.
Newton,newton-ma/newtonville-area-council-member,seat 002,,unresolved,https://www.newtonma.gov/government/neighborhood-area-councils/newtonville,2026-08-21,Current holder not safely reconciled from official sources.
Newton,newton-ma/newtonville-area-council-member,seat 003,,unresolved,https://www.newtonma.gov/government/neighborhood-area-councils/newtonville,2026-08-21,Current holder not safely reconciled from official sources.
Newton,newton-ma/newtonville-area-council-member,seat 004,,unresolved,https://www.newtonma.gov/government/neighborhood-area-councils/newtonville,2026-08-21,Current holder not safely reconciled from official sources.
Newton,newton-ma/newtonville-area-council-member,seat 005,,unresolved,https://www.newtonma.gov/government/neighborhood-area-councils/newtonville,2026-08-21,Current holder not safely reconciled from official sources.
Newton,newton-ma/newtonville-area-council-member,seat 006,,unresolved,https://www.newtonma.gov/government/neighborhood-area-councils/newtonville,2026-08-21,Current holder not safely reconciled from official sources.
Newton,newton-ma/newtonville-area-council-member,seat 007,,unresolved,https://www.newtonma.gov/government/neighborhood-area-councils/newtonville,2026-08-21,Current holder not safely reconciled from official sources.
Newton,newton-ma/newtonville-area-council-member,seat 008,,unresolved,https://www.newtonma.gov/government/neighborhood-area-councils/newtonville,2026-08-21,Current holder not safely reconciled from official sources.
Newton,newton-ma/newtonville-area-council-member,seat 009,,unresolved,https://www.newtonma.gov/government/neighborhood-area-councils/newtonville,2026-08-21,Current holder not safely reconciled from official sources.
Norfolk,norfolk-ma/select-board-member,,Kevin Roche,verified-current,https://www.norfolkmass.gov/government/boards___committees/select_board/index.php,2026-08-24,
Norfolk,norfolk-ma/select-board-member,,Taiese Hickman,verified-current,https://www.norfolkmass.gov/government/boards___committees/select_board/index.php,2026-08-24,
Norfolk,norfolk-ma/select-board-member,,Anita Mecklenburg,verified-current,https://www.norfolkmass.gov/government/boards___committees/select_board/index.php,2026-08-24,
Norfolk,norfolk-ma/assessor,,Anthony Kennedy,verified-current,https://www.norfolkmass.gov/government/boards___committees/board_of_assessors/index.php,2026-08-24,
Norfolk,norfolk-ma/assessor,,Deborah Robbins,verified-current,https://www.norfolkmass.gov/government/boards___committees/board_of_assessors/index.php,2026-08-24,
Norfolk,norfolk-ma/assessor,,Patricia Salamone,verified-current,https://www.norfolkmass.gov/government/boards___committees/board_of_assessors/index.php,2026-08-24,
Norfolk,norfolk-ma/board-of-health-member,,Andy Bakinowski,verified-current,https://www.norfolkmass.gov/government/boards___committees/board_of_health/index.php,2026-08-24,
Norfolk,norfolk-ma/board-of-health-member,,Josephine Cordahi,verified-current,https://www.norfolkmass.gov/government/boards___committees/board_of_health/index.php,2026-08-24,
Norfolk,norfolk-ma/board-of-health-member,,John Bowman,verified-current,https://www.norfolkmass.gov/government/boards___committees/board_of_health/index.php,2026-08-24,
Norfolk,norfolk-ma/housing-authority-member,,Susan Jacobson,verified-current,https://www.norfolkmass.gov/government/boards___committees/housing_authority/index.php,2026-08-24,Official roster distinguishes this locally elected member from tenant/state appointees.
Norfolk,norfolk-ma/housing-authority-member,,Elizabeth Lehan,verified-current,https://www.norfolkmass.gov/government/boards___committees/housing_authority/index.php,2026-08-24,Official roster distinguishes this locally elected member from tenant/state appointees.
Norfolk,norfolk-ma/housing-authority-member,,Carol Greene,verified-current,https://www.norfolkmass.gov/government/boards___committees/housing_authority/index.php,2026-08-24,Official roster distinguishes this locally elected member from tenant/state appointees.
Norfolk,norfolk-ma/planning-board-member,,Chris Montfort,verified-current,https://www.norfolkmass.gov/government/boards___committees/planning_board/index.php,2026-08-24,
Norfolk,norfolk-ma/planning-board-member,,Melissa Meo,verified-current,https://www.norfolkmass.gov/government/boards___committees/planning_board/index.php,2026-08-24,
Norfolk,norfolk-ma/planning-board-member,,Allary Braitsch,verified-current,https://www.norfolkmass.gov/government/boards___committees/planning_board/index.php,2026-08-24,
Norfolk,norfolk-ma/planning-board-member,,Gary Sullivan,verified-current,https://www.norfolkmass.gov/government/boards___committees/planning_board/index.php,2026-08-24,
Norfolk,norfolk-ma/planning-board-member,,Daniel Sieger,verified-current,https://www.norfolkmass.gov/government/boards___committees/planning_board/index.php,2026-08-24,
Norfolk,norfolk-ma/recreation-commissioner,,Rob Taglienti,verified-current,https://www.norfolkmass.gov/government/boards___committees/recreation_commission/index.php,2026-08-24,
Norfolk,norfolk-ma/recreation-commissioner,,Jill Lawrence,verified-current,https://www.norfolkmass.gov/government/boards___committees/recreation_commission/index.php,2026-08-24,
Norfolk,norfolk-ma/recreation-commissioner,,Alex Perry,verified-current,https://www.norfolkmass.gov/government/boards___committees/recreation_commission/index.php,2026-08-24,
Norfolk,norfolk-ma/recreation-commissioner,,Lauren Sager,verified-current,https://www.norfolkmass.gov/government/boards___committees/recreation_commission/index.php,2026-08-24,
Norfolk,norfolk-ma/recreation-commissioner,,Chris Thoman,verified-current,https://www.norfolkmass.gov/government/boards___committees/recreation_commission/index.php,2026-08-24,
Norfolk,norfolk-ma/school-committee-member,,Medora Champagne,verified-current,https://www.norfolk.k12.ma.us/school-committee,2026-08-24,
Norfolk,norfolk-ma/school-committee-member,,Birch Duggins-Warf,verified-current,https://www.norfolk.k12.ma.us/school-committee,2026-08-24,
Norfolk,norfolk-ma/school-committee-member,,Lisa Sheldon,verified-current,https://www.norfolk.k12.ma.us/school-committee,2026-08-24,
Norfolk,norfolk-ma/school-committee-member,,Peter Svalbe,verified-current,https://www.norfolk.k12.ma.us/school-committee,2026-08-24,
Norfolk,norfolk-ma/school-committee-member,,Lauren Vives,verified-current,https://www.norfolk.k12.ma.us/school-committee,2026-08-24,
Norfolk,norfolk-ma/king-philip-regional-school-committee-member,,Eric Harmon,verified-current,https://www.kingphilip.org/about/school-committee/,2026-08-24,Direct Norfolk regional seat; elementary-school representative/ex-officio role excluded.
Norfolk,norfolk-ma/king-philip-regional-school-committee-member,,Jim Lehan,verified-current,https://www.kingphilip.org/about/school-committee/,2026-08-24,Direct Norfolk regional seat; elementary-school representative/ex-officio role excluded.
Norfolk,norfolk-ma/town-clerk,,Carol Greene,verified-current,https://www.norfolkmass.gov/departments/town_clerk/index.php,2026-08-24,
Norfolk,norfolk-ma/moderator,,Jason Talerman,verified-current,https://cms5.revize.com/revize/norfolk/Document_Center/Departments/Town%20Clerk/MInutes/Town%20Meetings/2025/May%2014%202025%20final%20combined%20minutes.pdf,2026-08-24,Presiding as Moderator immediately following the 2025 election.
Norfolk,norfolk-ma/library-trustee,seat 001,,unresolved,https://www.norfolkmass.gov/government/boards___committees/library_trustees/index.php,2026-08-24,Official trustee page contains a term ending in 2025 and is stale/incomplete for an August 2026 current-holder assertion; current seat holder not guessed.
Norfolk,norfolk-ma/library-trustee,seat 002,,unresolved,https://www.norfolkmass.gov/government/boards___committees/library_trustees/index.php,2026-08-24,Official trustee page contains a term ending in 2025 and is stale/incomplete for an August 2026 current-holder assertion; current seat holder not guessed.
Norfolk,norfolk-ma/library-trustee,seat 003,,unresolved,https://www.norfolkmass.gov/government/boards___committees/library_trustees/index.php,2026-08-24,Official trustee page contains a term ending in 2025 and is stale/incomplete for an August 2026 current-holder assertion; current seat holder not guessed.
Norfolk,norfolk-ma/constable,seat 001,,unresolved,https://cms5.revize.com/revize/norfolk/Document_Center/Government/Boards%20%26%20Committees/Select%20Board/Town%20Meetings/Warrants/May%202025/2025%20ATM%20Warrant%20for%20Printer-FINAL%204.17.25.pdf,2026-08-24,"At least one elected constable seat is verified, but total elected constable composition is unresolved because official materials also list appointed precinct constables."
North Adams,north-adams-ma/mayor,,Jennifer A. Macksey,verified-current,https://www.northadams-ma.gov/government/mayor_s_office/index.php,2026-08-24,
North Adams,north-adams-ma/city-councilor,,Ashley Shade,verified-current,https://www.northadams-ma.gov/government/city_council/index.php,2026-08-24,
North Adams,north-adams-ma/city-councilor,,Andrew Fitch,verified-current,https://www.northadams-ma.gov/government/city_council/index.php,2026-08-24,
North Adams,north-adams-ma/city-councilor,,Lisa Hall Blackmer,verified-current,https://www.northadams-ma.gov/government/city_council/index.php,2026-08-24,
North Adams,north-adams-ma/city-councilor,,Keith J. Bona,verified-current,https://www.northadams-ma.gov/government/city_council/index.php,2026-08-24,
North Adams,north-adams-ma/city-councilor,,Peter Breen,verified-current,https://www.northadams-ma.gov/government/city_council/index.php,2026-08-24,
North Adams,north-adams-ma/city-councilor,,Alexa MacDonald,verified-current,https://www.northadams-ma.gov/government/city_council/index.php,2026-08-24,
North Adams,north-adams-ma/city-councilor,,Marie McCarron,verified-current,https://www.northadams-ma.gov/government/city_council/index.php,2026-08-24,
North Adams,north-adams-ma/city-councilor,,Bryan Sapienza,verified-current,https://www.northadams-ma.gov/government/city_council/index.php,2026-08-24,
North Adams,north-adams-ma/city-councilor,,Lillian Zavatsky,verified-current,https://www.northadams-ma.gov/government/city_council/index.php,2026-08-24,
North Adams,north-adams-ma/northern-berkshire-vocational-regional-school-committee-member,,Gary Rivers,verified-current,https://www.mccanntech.org/about/school-committee,2026-08-24,
North Adams,north-adams-ma/northern-berkshire-vocational-regional-school-committee-member,,Peter Breen,verified-current,https://www.mccanntech.org/about/school-committee,2026-08-24,
North Adams,north-adams-ma/northern-berkshire-vocational-regional-school-committee-member,,George Canales,verified-current,https://www.mccanntech.org/about/school-committee,2026-08-24,
North Adams,north-adams-ma/northern-berkshire-vocational-regional-school-committee-member,,William Diamond,verified-current,https://www.mccanntech.org/about/school-committee,2026-08-24,
North Adams,north-adams-ma/northern-berkshire-vocational-regional-school-committee-member,,Taylor Gibeau,verified-current,https://www.mccanntech.org/about/school-committee,2026-08-24,
North Adams,north-adams-ma/school-committee-member,seat 001,,unresolved,https://www.napsk12.org/page/school-committee-members1,2026-08-24,Current official school-committee roster/vacancy chain could not be reliably reconciled from the dynamic official site; January 2026 vacancy convention requires confirmation.
North Adams,north-adams-ma/school-committee-member,seat 002,,unresolved,https://www.napsk12.org/page/school-committee-members1,2026-08-24,Current official school-committee roster/vacancy chain could not be reliably reconciled from the dynamic official site; January 2026 vacancy convention requires confirmation.
North Adams,north-adams-ma/school-committee-member,seat 003,,unresolved,https://www.napsk12.org/page/school-committee-members1,2026-08-24,Current official school-committee roster/vacancy chain could not be reliably reconciled from the dynamic official site; January 2026 vacancy convention requires confirmation.
North Adams,north-adams-ma/school-committee-member,seat 004,,unresolved,https://www.napsk12.org/page/school-committee-members1,2026-08-24,Current official school-committee roster/vacancy chain could not be reliably reconciled from the dynamic official site; January 2026 vacancy convention requires confirmation.
North Adams,north-adams-ma/school-committee-member,seat 005,,unresolved,https://www.napsk12.org/page/school-committee-members1,2026-08-24,Current official school-committee roster/vacancy chain could not be reliably reconciled from the dynamic official site; January 2026 vacancy convention requires confirmation.
North Adams,north-adams-ma/school-committee-member,seat 006,,unresolved,https://www.napsk12.org/page/school-committee-members1,2026-08-24,Current official school-committee roster/vacancy chain could not be reliably reconciled from the dynamic official site; January 2026 vacancy convention requires confirmation.
North Andover,north-andover-ma/select-board-member,,Laura M. Bates,verified-current,https://northandoverma.gov/724/Select-Board,2026-08-24,
North Andover,north-andover-ma/select-board-member,,Janice Phillips,verified-current,https://northandoverma.gov/724/Select-Board,2026-08-24,
North Andover,north-andover-ma/select-board-member,,Dave Kres,verified-current,https://northandoverma.gov/724/Select-Board,2026-08-24,
North Andover,north-andover-ma/select-board-member,,Brian E. Roache,verified-current,https://northandoverma.gov/724/Select-Board,2026-08-24,
North Andover,north-andover-ma/select-board-member,,Rosemary Smedile,verified-current,https://northandoverma.gov/724/Select-Board,2026-08-24,
North Andover,north-andover-ma/school-committee-member,,David Brown,verified-current,https://www.northandoverpublicschools.com/school-committee,2026-08-24,
North Andover,north-andover-ma/school-committee-member,,Kelly Cormier,verified-current,https://www.northandoverpublicschools.com/school-committee,2026-08-24,
North Andover,north-andover-ma/school-committee-member,,Alissa Samz,verified-current,https://www.northandoverpublicschools.com/school-committee,2026-08-24,
North Andover,north-andover-ma/school-committee-member,,Joseph Hicks,verified-current,https://www.northandoverpublicschools.com/school-committee,2026-08-24,
North Andover,north-andover-ma/school-committee-member,,Ed Moscovitch,verified-current,https://www.northandoverpublicschools.com/school-committee,2026-08-24,
North Andover,north-andover-ma/moderator,,Mark DiSalvo,verified-current,https://www.northandoverma.gov/730/Town-Moderator,2026-08-24,
North Andover,north-andover-ma/greater-lawrence-regional-technical-school-committee-member,,William C Tarbox,verified-current,https://www.northandoverma.gov/683/Greater-Lawrence-Representatives,2026-08-24,
North Andover,north-andover-ma/housing-authority-member,seat 001,,unresolved,https://www.northandoverha.com/board.aspx,2026-08-24,"Four elected seats are structurally verified, but the current official authority board roster was inaccessible during this retrieval; holders not guessed."
North Andover,north-andover-ma/housing-authority-member,seat 002,,unresolved,https://www.northandoverha.com/board.aspx,2026-08-24,"Four elected seats are structurally verified, but the current official authority board roster was inaccessible during this retrieval; holders not guessed."
North Andover,north-andover-ma/housing-authority-member,seat 003,,unresolved,https://www.northandoverha.com/board.aspx,2026-08-24,"Four elected seats are structurally verified, but the current official authority board roster was inaccessible during this retrieval; holders not guessed."
North Andover,north-andover-ma/housing-authority-member,seat 004,,unresolved,https://www.northandoverha.com/board.aspx,2026-08-24,"Four elected seats are structurally verified, but the current official authority board roster was inaccessible during this retrieval; holders not guessed."
North Attleborough,north-attleborough-ma/town-councilor,,Justin Pare,verified-current,https://www.northattleborough.gov/543/Town-Council,2026-08-24,
North Attleborough,north-attleborough-ma/town-councilor,,Keith Lapointe,verified-current,https://www.northattleborough.gov/543/Town-Council,2026-08-24,
North Attleborough,north-attleborough-ma/town-councilor,,John Costello,verified-current,https://www.northattleborough.gov/543/Town-Council,2026-08-24,
North Attleborough,north-attleborough-ma/town-councilor,,Daniel Donovan,verified-current,https://www.northattleborough.gov/543/Town-Council,2026-08-24,
North Attleborough,north-attleborough-ma/town-councilor,,Mark Gould Jr.,verified-current,https://www.northattleborough.gov/543/Town-Council,2026-08-24,
North Attleborough,north-attleborough-ma/town-councilor,,Kevin McCarthy,verified-current,https://www.northattleborough.gov/543/Town-Council,2026-08-24,
North Attleborough,north-attleborough-ma/town-councilor,,John Simmons,verified-current,https://www.northattleborough.gov/543/Town-Council,2026-08-24,
North Attleborough,north-attleborough-ma/town-councilor,,Andrea Slobogan,verified-current,https://www.northattleborough.gov/543/Town-Council,2026-08-24,
North Attleborough,north-attleborough-ma/town-councilor,,Laura Wagner,verified-current,https://www.northattleborough.gov/543/Town-Council,2026-08-24,
North Attleborough,north-attleborough-ma/electric-commissioner,,Steven Cabral,verified-current,https://www.naelectric.com/185/Governance,2026-08-24,
North Attleborough,north-attleborough-ma/electric-commissioner,,Craig Cameron,verified-current,https://www.naelectric.com/185/Governance,2026-08-24,
North Attleborough,north-attleborough-ma/electric-commissioner,,Kory Campbell,verified-current,https://www.naelectric.com/185/Governance,2026-08-24,
North Attleborough,north-attleborough-ma/electric-commissioner,,Clifford Bassett,verified-current,https://www.naelectric.com/185/Governance,2026-08-24,
North Attleborough,north-attleborough-ma/electric-commissioner,,William Kabai,verified-current,https://www.naelectric.com/185/Governance,2026-08-24,
North Attleborough,north-attleborough-ma/board-of-public-works-member,,Michael S. Thompson,verified-current,https://www.northattleborough.gov/384/Board-of-Public-Works,2026-08-24,
North Attleborough,north-attleborough-ma/board-of-public-works-member,,Donald Cerrone,verified-current,https://www.northattleborough.gov/384/Board-of-Public-Works,2026-08-24,
North Attleborough,north-attleborough-ma/board-of-public-works-member,,John Donohue,verified-current,https://www.northattleborough.gov/384/Board-of-Public-Works,2026-08-24,
North Attleborough,north-attleborough-ma/board-of-public-works-member,,Paul Collupy,verified-current,https://www.northattleborough.gov/384/Board-of-Public-Works,2026-08-24,
North Attleborough,north-attleborough-ma/board-of-public-works-member,,Richard Houle,verified-current,https://www.northattleborough.gov/384/Board-of-Public-Works,2026-08-24,
North Attleborough,north-attleborough-ma/park-commissioner,,Paul Rofino,verified-current,https://www.northattleborough.gov/338/Parks-and-Recreation-Commission,2026-08-24,
North Attleborough,north-attleborough-ma/park-commissioner,,John Ruppert,verified-current,https://www.northattleborough.gov/338/Parks-and-Recreation-Commission,2026-08-24,
North Attleborough,north-attleborough-ma/park-commissioner,,Tom Difiore,verified-current,https://www.northattleborough.gov/338/Parks-and-Recreation-Commission,2026-08-24,
North Attleborough,north-attleborough-ma/park-commissioner,,Mark Giansante,verified-current,https://www.northattleborough.gov/338/Parks-and-Recreation-Commission,2026-08-24,
North Attleborough,north-attleborough-ma/park-commissioner,,Mike Izzo,verified-current,https://www.northattleborough.gov/338/Parks-and-Recreation-Commission,2026-08-24,
North Attleborough,north-attleborough-ma/school-committee-member,,Sarah Stone,verified-current,https://www.nattleboro.com/AgendaCenter/ViewFile/Agenda/_05042026-2514,2026-08-24,"Post-election May 4, 2026 official School Committee agenda; non-voting Town Council liaison excluded."
North Attleborough,north-attleborough-ma/school-committee-member,,Tasha Buzzell,verified-current,https://www.nattleboro.com/AgendaCenter/ViewFile/Agenda/_05042026-2514,2026-08-24,"Post-election May 4, 2026 official School Committee agenda; non-voting Town Council liaison excluded."
North Attleborough,north-attleborough-ma/school-committee-member,,Katie Cloutier,verified-current,https://www.nattleboro.com/AgendaCenter/ViewFile/Agenda/_05042026-2514,2026-08-24,"Post-election May 4, 2026 official School Committee agenda; non-voting Town Council liaison excluded."
North Attleborough,north-attleborough-ma/school-committee-member,,Lyndsey Benharris,verified-current,https://www.nattleboro.com/AgendaCenter/ViewFile/Agenda/_05042026-2514,2026-08-24,"Post-election May 4, 2026 official School Committee agenda; non-voting Town Council liaison excluded."
North Attleborough,north-attleborough-ma/school-committee-member,,Cari Orsi,verified-current,https://www.nattleboro.com/AgendaCenter/ViewFile/Agenda/_05042026-2514,2026-08-24,"Post-election May 4, 2026 official School Committee agenda; non-voting Town Council liaison excluded."
North Attleborough,north-attleborough-ma/school-committee-member,,Colleen Endres,verified-current,https://www.nattleboro.com/AgendaCenter/ViewFile/Agenda/_05042026-2514,2026-08-24,"Post-election May 4, 2026 official School Committee agenda; non-voting Town Council liaison excluded."
North Attleborough,north-attleborough-ma/school-committee-member,,Charlie Peters,verified-current,https://www.nattleboro.com/AgendaCenter/ViewFile/Agenda/_05042026-2514,2026-08-24,"Post-election May 4, 2026 official School Committee agenda; non-voting Town Council liaison excluded."
North Brookfield,north-brookfield-ma/select-board-member,,Jamie Gilman,verified-current,https://www.northbrookfield.net/m/Directory,2026-08-24,
North Brookfield,north-brookfield-ma/select-board-member,,Ralph Kay,verified-current,https://www.northbrookfield.net/m/Directory,2026-08-24,
North Brookfield,north-brookfield-ma/select-board-member,,Peter Orsi,verified-current,https://www.northbrookfield.net/m/Directory,2026-08-24,
North Brookfield,north-brookfield-ma/moderator,,Sheila Orsi,verified-current,https://northbrookfield.net/DocumentCenter/View/6684/Special-Town-Meeting-May-9-2025,2026-08-24,Town-meeting record documents transition to newly elected Moderator.
North Brookfield,north-brookfield-ma/town-clerk,,Tara Hayes,verified-current,https://www.northbrookfield.net/1285/Town-Clerk,2026-08-24,
North Brookfield,north-brookfield-ma/assessor,,Brandon Avery,verified-current,https://northbrookfield.net/1361/Board-of-Assessors,2026-08-24,
North Brookfield,north-brookfield-ma/assessor,,James Arcese,verified-current,https://northbrookfield.net/1361/Board-of-Assessors,2026-08-24,
North Brookfield,north-brookfield-ma/assessor,,Justine Floria,verified-current,https://northbrookfield.net/1361/Board-of-Assessors,2026-08-24,Current official Assessor roster says 'Justine Floria'; 2026 election result uses 'Tina Floria' for vacancy contests. Identity linkage is flagged for human review.
North Brookfield,north-brookfield-ma/school-committee-member,,Nancy Waldron,verified-current,https://www.northbrookfield.net/m/newsflash?cat=29,2026-08-24,Recent official 2026 election winner; remaining committee seats separately marked unresolved.
North Brookfield,north-brookfield-ma/school-committee-member,,Michelle Thayer,verified-current,https://www.northbrookfield.net/m/newsflash?cat=29,2026-08-24,Recent official 2026 election winner; remaining committee seats separately marked unresolved.
North Brookfield,north-brookfield-ma/school-committee-member,,Michelle Petraitis,verified-current,https://www.northbrookfield.net/m/newsflash?cat=29,2026-08-24,Recent official 2026 election winner; remaining committee seats separately marked unresolved.
North Brookfield,north-brookfield-ma/school-committee-member,seat 001,,unresolved,https://www.northbrookfield.net/sites/g/files/vyhlif3576/f/news/regional_agreement_north_brookfield_clean_10-9-24_.pdf,2026-08-24,Two of five current elected seats were not safely reconciled from the official roster/election chain; no stale names carried forward.
North Brookfield,north-brookfield-ma/school-committee-member,seat 002,,unresolved,https://www.northbrookfield.net/sites/g/files/vyhlif3576/f/news/regional_agreement_north_brookfield_clean_10-9-24_.pdf,2026-08-24,Two of five current elected seats were not safely reconciled from the official roster/election chain; no stale names carried forward.
North Brookfield,north-brookfield-ma/water-commissioner,,Richard Kennan,verified-current,https://www.northbrookfield.net/m/newsflash?cat=29,2026-08-24,
North Brookfield,north-brookfield-ma/water-commissioner,,Donald Gillette,verified-current,https://www.northbrookfield.net/m/newsflash?cat=29,2026-08-24,
North Brookfield,north-brookfield-ma/water-commissioner,,Tim Nason,verified-current,https://www.northbrookfield.net/DocumentCenter/View/456/Minutes-for-Annual-Town-Election-May-6-2024,2026-08-24,"2024 election winner for regular three-year term, extending through the 2027 annual election."
North Brookfield,north-brookfield-ma/board-of-health-member,,Ethan Melad,verified-current,https://northbrookfield.net/1368/Board-of-Health,2026-08-24,
North Brookfield,north-brookfield-ma/board-of-health-member,,Samuel Biagetti,verified-current,https://northbrookfield.net/1368/Board-of-Health,2026-08-24,
North Brookfield,north-brookfield-ma/board-of-health-member,,Susan Johnson,verified-current,https://northbrookfield.net/1368/Board-of-Health,2026-08-24,
North Brookfield,north-brookfield-ma/cemetery-commissioner,,Melissa Magario,verified-current,https://www.northbrookfield.net/m/Directory,2026-08-24,
North Brookfield,north-brookfield-ma/cemetery-commissioner,,Mary Beth Kularski,verified-current,https://www.northbrookfield.net/m/Directory,2026-08-24,
North Brookfield,north-brookfield-ma/cemetery-commissioner,,Kirk P. Burnham,verified-current,https://www.northbrookfield.net/m/Directory,2026-08-24,
North Brookfield,north-brookfield-ma/library-trustee,,Carol Kelley,verified-current,https://www.northbrookfield.net/m/newsflash?cat=29,2026-08-24,2026 elected regular three-year term.
North Brookfield,north-brookfield-ma/library-trustee,,Noah Caouette,verified-current,https://www.northbrookfield.net/m/newsflash?cat=29,2026-08-24,2026 elected regular three-year term.
North Brookfield,north-brookfield-ma/library-trustee,,Thomas Skowron,verified-current,https://www.northbrookfield.net/DocumentCenter/View/456/Minutes-for-Annual-Town-Election-May-6-2024,2026-08-24,"2024 elected regular three-year term, extending through the 2027 annual election."
North Brookfield,north-brookfield-ma/library-trustee,,Harbour Hodder,verified-current,https://www.northbrookfield.net/DocumentCenter/View/456/Minutes-for-Annual-Town-Election-May-6-2024,2026-08-24,"2024 elected regular three-year term, extending through the 2027 annual election."
North Brookfield,north-brookfield-ma/library-trustee,,Diane Buzzell,verified-current,https://www.northbrookfield.net/DocumentCenter/View/456/Minutes-for-Annual-Town-Election-May-6-2024,2026-08-24,"2024 elected regular three-year term, extending through the 2027 annual election."
North Brookfield,north-brookfield-ma/library-trustee,seat 001,,unresolved,https://www.northbrookfield.net/m/Directory,2026-08-24,Two current trustee seats (the 2025 election class) were not safely reconciled from an authoritative current roster/result.
North Brookfield,north-brookfield-ma/library-trustee,seat 002,,unresolved,https://www.northbrookfield.net/m/Directory,2026-08-24,Two current trustee seats (the 2025 election class) were not safely reconciled from an authoritative current roster/result.
North Brookfield,north-brookfield-ma/planning-board-member,,Karen Hubacz,verified-current,https://www.northbrookfield.net/m/newsflash?cat=29,2026-08-24,2026 regular five-year election winner.
North Brookfield,north-brookfield-ma/planning-board-member,,Sadie Kiley,verified-current,https://www.northbrookfield.net/m/newsflash?cat=29,2026-08-24,2026 four-year unexpired-vacancy election winner; stable office term remains five years.
North Brookfield,north-brookfield-ma/planning-board-member,,William H. King,verified-current,https://www.northbrookfield.net/DocumentCenter/View/456/Minutes-for-Annual-Town-Election-May-6-2024,2026-08-24,2024 regular five-year election winner.
North Brookfield,north-brookfield-ma/planning-board-member,,John Tripp,verified-current,https://www.northbrookfield.net/sites/g/files/vyhlif3576/f/news/offices_for_election_1.pdf,2026-08-24,2023 regular five-year candidate/incumbent chain; current term expected through 2028.
North Brookfield,north-brookfield-ma/planning-board-member,seat 001,,unresolved,https://www.northbrookfield.net/m/Directory,2026-08-24,One of five current elected Planning Board seats (2025 election class) not safely reconciled.
North Brookfield,north-brookfield-ma/housing-authority-member,,Darlene Lavin,verified-current,https://www.northbrookfield.net/m/newsflash?cat=29,2026-08-24,2026 elected to a three-year unexpired term; stable office term is five years.
North Brookfield,north-brookfield-ma/housing-authority-member,,Mary Dolan,verified-current,https://www.northbrookfield.net/DocumentCenter/View/456/Minutes-for-Annual-Town-Election-May-6-2024,2026-08-24,2024 regular five-year election winner.
North Brookfield,north-brookfield-ma/housing-authority-member,seat 001,,unresolved,https://www.northbrookfield.net/m/Directory,2026-08-24,Two of four locally elected Housing Authority seats not safely reconciled from current authoritative roster/results; state-appointed fifth seat excluded.
North Brookfield,north-brookfield-ma/housing-authority-member,seat 002,,unresolved,https://www.northbrookfield.net/m/Directory,2026-08-24,Two of four locally elected Housing Authority seats not safely reconciled from current authoritative roster/results; state-appointed fifth seat excluded.
North Brookfield,north-brookfield-ma/southern-worcester-county-regional-vocational-school-district-representative,,Donald Gillette,verified-current,https://www.northbrookfield.net/m/newsflash?cat=29,2026-08-24,
North Brookfield,north-brookfield-ma/constable,seat 001,,unresolved,https://www.northbrookfield.net/sites/g/files/vyhlif3576/f/news/offices_for_election_2022.pdf,2026-08-24,"Three-seat elected structure verified, but 2022 terms expired in 2025 and authoritative 2025 results were not located; current holders not guessed."
North Brookfield,north-brookfield-ma/constable,seat 002,,unresolved,https://www.northbrookfield.net/sites/g/files/vyhlif3576/f/news/offices_for_election_2022.pdf,2026-08-24,"Three-seat elected structure verified, but 2022 terms expired in 2025 and authoritative 2025 results were not located; current holders not guessed."
North Brookfield,north-brookfield-ma/constable,seat 003,,unresolved,https://www.northbrookfield.net/sites/g/files/vyhlif3576/f/news/offices_for_election_2022.pdf,2026-08-24,"Three-seat elected structure verified, but 2022 terms expired in 2025 and authoritative 2025 results were not located; current holders not guessed."
North Reading,north-reading-ma/select-board-member,,Richard F. Wallner,verified-current,https://www.northreadingma.gov/DocumentCenter/View/7102/Elected-Officials-2026,2026-08-25,
North Reading,north-reading-ma/select-board-member,,Catherine A. Morrin,verified-current,https://www.northreadingma.gov/DocumentCenter/View/7102/Elected-Officials-2026,2026-08-25,
North Reading,north-reading-ma/select-board-member,,Charles B. Tyler,verified-current,https://www.northreadingma.gov/DocumentCenter/View/7102/Elected-Officials-2026,2026-08-25,
North Reading,north-reading-ma/select-board-member,,Stephen J. O’Leary,verified-current,https://www.northreadingma.gov/DocumentCenter/View/7102/Elected-Officials-2026,2026-08-25,
North Reading,north-reading-ma/select-board-member,,Nicholas Masse,verified-current,https://www.northreadingma.gov/DocumentCenter/View/7102/Elected-Officials-2026,2026-08-25,
North Reading,north-reading-ma/moderator,,John J. Murphy,verified-current,https://www.northreadingma.gov/DocumentCenter/View/7102/Elected-Officials-2026,2026-08-25,
North Reading,north-reading-ma/school-committee-member,,Jeffrey L. Friedman,verified-current,https://www.northreadingma.gov/DocumentCenter/View/7102/Elected-Officials-2026,2026-08-25,
North Reading,north-reading-ma/school-committee-member,,Timothy M. Sutherland,verified-current,https://www.northreadingma.gov/DocumentCenter/View/7102/Elected-Officials-2026,2026-08-25,
North Reading,north-reading-ma/school-committee-member,,Noelle M. Rudloff,verified-current,https://www.northreadingma.gov/DocumentCenter/View/7102/Elected-Officials-2026,2026-08-25,
North Reading,north-reading-ma/school-committee-member,,Jennifer M. Leenders,verified-current,https://www.northreadingma.gov/DocumentCenter/View/7102/Elected-Officials-2026,2026-08-25,
North Reading,north-reading-ma/school-committee-member,,Julie B. Elkins,verified-current,https://www.northreadingma.gov/DocumentCenter/View/7102/Elected-Officials-2026,2026-08-25,
North Reading,north-reading-ma/community-planning-commission-member,,"Warren R. Pearce, Jr.",verified-current,https://www.northreadingma.gov/DocumentCenter/View/7102/Elected-Officials-2026,2026-08-25,
North Reading,north-reading-ma/community-planning-commission-member,,Jonathon B. Coste,verified-current,https://www.northreadingma.gov/DocumentCenter/View/7102/Elected-Officials-2026,2026-08-25,
North Reading,north-reading-ma/community-planning-commission-member,,"William Cannell, Jr.",verified-current,https://www.northreadingma.gov/DocumentCenter/View/7102/Elected-Officials-2026,2026-08-25,
North Reading,north-reading-ma/community-planning-commission-member,,David L. Rudloff,verified-current,https://www.northreadingma.gov/DocumentCenter/View/7102/Elected-Officials-2026,2026-08-25,
North Reading,north-reading-ma/community-planning-commission-member,,Ciara He,verified-current,https://www.northreadingma.gov/DocumentCenter/View/7102/Elected-Officials-2026,2026-08-25,
North Reading,north-reading-ma/housing-authority-member,,James DeCola,verified-current,https://www.northreadingma.gov/DocumentCenter/View/7102/Elected-Officials-2026,2026-08-25,
North Reading,north-reading-ma/housing-authority-member,,Charles Carucci,verified-current,https://www.northreadingma.gov/DocumentCenter/View/7102/Elected-Officials-2026,2026-08-25,
North Reading,north-reading-ma/housing-authority-member,,Sherri L. Greer,verified-current,https://www.northreadingma.gov/DocumentCenter/View/7102/Elected-Officials-2026,2026-08-25,
North Reading,north-reading-ma/housing-authority-member,,Lillian Martin,verified-current,https://www.northreadingma.gov/DocumentCenter/View/7102/Elected-Officials-2026,2026-08-25,Tenant member; listed among locally elected Housing Authority members.
North Reading,north-reading-ma/northeast-metropolitan-regional-vocational-school-committee-member,,Judith M. Dyment,verified-current,https://www.northreadingma.gov/DocumentCenter/View/7102/Elected-Officials-2026,2026-08-25,
Northampton,northampton-ma/mayor,,Gina Louise Sciarra,verified-current,https://www.northamptonma.gov/1992/Our-Citys-Elected-Offices,2026-08-25,
Northampton,northampton-ma/city-councilor-at-large,,Garrick Perry,verified-current,https://www.northamptonma.gov/2570/City-Council,2026-08-25,
Northampton,northampton-ma/city-councilor-at-large,,Margaret Robbins,verified-current,https://www.northamptonma.gov/2570/City-Council,2026-08-25,
Northampton,northampton-ma/ward-city-councilor,Ward 1,Gwen Nabad,verified-current,https://www.northamptonma.gov/2570/City-Council,2026-08-25,
Northampton,northampton-ma/ward-city-councilor,Ward 2,Deborah L. Klemer,verified-current,https://www.northamptonma.gov/2570/City-Council,2026-08-25,
Northampton,northampton-ma/ward-city-councilor,Ward 3,Laurie Loisel,verified-current,https://www.northamptonma.gov/2570/City-Council,2026-08-25,
Northampton,northampton-ma/ward-city-councilor,Ward 4,Jeremy Dubs,verified-current,https://www.northamptonma.gov/2570/City-Council,2026-08-25,
Northampton,northampton-ma/ward-city-councilor,Ward 5,Aline Laborwit Davis,verified-current,https://www.northamptonma.gov/2570/City-Council,2026-08-25,
Northampton,northampton-ma/ward-city-councilor,Ward 6,Christopher C. Stratton,verified-current,https://www.northamptonma.gov/2570/City-Council,2026-08-25,
Northampton,northampton-ma/ward-city-councilor,Ward 7,Rachel A. Maiore,verified-current,https://www.northamptonma.gov/2570/City-Council,2026-08-25,
Northampton,northampton-ma/school-committee-member-at-large,,"Robberta ""Robbie"" Saner Sullivan",verified-current,https://www.northamptonma.gov/1992/Our-Citys-Elected-Offices,2026-08-25,
Northampton,northampton-ma/school-committee-member-at-large,,Tiffany Jewell,verified-current,https://www.northamptonma.gov/1992/Our-Citys-Elected-Offices,2026-08-25,
Northampton,northampton-ma/ward-school-committee-member,Ward 1,Alena Bartoli,verified-current,https://www.northamptonma.gov/1992/Our-Citys-Elected-Offices,2026-08-25,
Northampton,northampton-ma/ward-school-committee-member,Ward 2,Anat Weisenfreund,verified-current,https://www.northamptonma.gov/1992/Our-Citys-Elected-Offices,2026-08-25,
Northampton,northampton-ma/ward-school-committee-member,Ward 3,Renika Montgomery-Tamakloe,verified-current,https://www.northamptonma.gov/1992/Our-Citys-Elected-Offices,2026-08-25,
Northampton,northampton-ma/ward-school-committee-member,Ward 4,Michael K. Stein,verified-current,https://www.northamptonma.gov/1992/Our-Citys-Elected-Offices,2026-08-25,
Northampton,northampton-ma/ward-school-committee-member,Ward 5,Amy Martyn,verified-current,https://www.northamptonma.gov/1992/Our-Citys-Elected-Offices,2026-08-25,
Northampton,northampton-ma/ward-school-committee-member,Ward 6,Cynthia Mahoney,verified-current,https://www.northamptonma.gov/1992/Our-Citys-Elected-Offices,2026-08-25,
Northampton,northampton-ma/ward-school-committee-member,Ward 7,Valerie Reiss,verified-current,https://www.northamptonma.gov/1992/Our-Citys-Elected-Offices,2026-08-25,
Northampton,northampton-ma/trustee-under-will-of-charles-e-forbes,,Anne E. Teschner,verified-current,https://www.northamptonma.gov/1992/Our-Citys-Elected-Offices,2026-08-25,
Northampton,northampton-ma/trustee-under-will-of-charles-e-forbes,,Kathleen Wight,verified-current,https://www.northamptonma.gov/1992/Our-Citys-Elected-Offices,2026-08-25,
Northampton,northampton-ma/trustee-under-will-of-charles-e-forbes,,Ruth Francis,verified-current,https://www.northamptonma.gov/1992/Our-Citys-Elected-Offices,2026-08-25,
Northampton,northampton-ma/trustee-under-will-of-charles-e-forbes,,Rebekah Evelyn Anderson,verified-current,https://www.northamptonma.gov/1992/Our-Citys-Elected-Offices,2026-08-25,
Northampton,northampton-ma/trustee-under-will-of-charles-e-forbes,,Ann Michele Ruocco,verified-current,https://www.northamptonma.gov/1992/Our-Citys-Elected-Offices,2026-08-25,
Northampton,northampton-ma/trustee-under-will-of-charles-e-forbes,,Lolan Buhain Sevilla,verified-current,https://www.northamptonma.gov/1992/Our-Citys-Elected-Offices,2026-08-25,
Northampton,northampton-ma/trustee-under-will-of-charles-e-forbes,,Frederick D Kass,verified-current,https://www.northamptonma.gov/1992/Our-Citys-Elected-Offices,2026-08-25,
Northampton,northampton-ma/smith-vocational-agricultural-high-school-trustee,,Michael T. Cahillane,verified-current,https://www.northamptonma.gov/1992/Our-Citys-Elected-Offices,2026-08-25,
Northampton,northampton-ma/smith-vocational-agricultural-high-school-trustee,,Richard D. Aquadro,verified-current,https://www.northamptonma.gov/1992/Our-Citys-Elected-Offices,2026-08-25,
Northampton,northampton-ma/smith-vocational-agricultural-high-school-trustee,,Julie Spencer-Robinson,verified-current,https://www.northamptonma.gov/1992/Our-Citys-Elected-Offices,2026-08-25,
Northampton,northampton-ma/community-preservation-committee-member-at-large,,K. Christopher Hellman,verified-current,https://www.northamptonma.gov/1992/Our-Citys-Elected-Offices,2026-08-25,
Northampton,northampton-ma/community-preservation-committee-member-at-large,,Emily Coffin,verified-current,https://www.northamptonma.gov/1992/Our-Citys-Elected-Offices,2026-08-25,
Northampton,northampton-ma/elector-under-oliver-smith-will,,David Murphy,verified-current,https://www.northamptonma.gov/1992/Our-Citys-Elected-Offices,2026-08-25,
Northborough,northborough-ma/select-board-member,,Julianne Hirsh,verified-current,https://www.northboroughma.gov/select-board,2026-08-25,Continuing three-year seat; current official Select Board materials and prior election chain support incumbency.
Northborough,northborough-ma/select-board-member,,Michael J. Tietjen,verified-current,https://www.northboroughma.gov/select-board,2026-08-25,Continuing three-year seat; current official Select Board materials and prior election chain support incumbency.
Northborough,northborough-ma/select-board-member,,Jonathan C. Rea,verified-current,https://www.northboroughma.gov/select-board,2026-08-25,Continuing seat not among the two 2026 seats on the candidate-tracking sheet.
Northborough,northborough-ma/select-board-member,2026 elected seat 1,,unresolved,https://www.northboroughma.gov/home/files/2026-annual-town-election-candidate-tracking-sheet,2026-08-25,2026 election had four candidates for two seats; certified 2026 results were not present in the official results archive at retrieval.
Northborough,northborough-ma/select-board-member,2026 elected seat 2,,unresolved,https://www.northboroughma.gov/home/files/2026-annual-town-election-candidate-tracking-sheet,2026-08-25,2026 election had four candidates for two seats; certified 2026 results were not present in the official results archive at retrieval.
Northborough,northborough-ma/planning-board-member,,Anthony W. Ziton,verified-current,https://www.northboroughma.gov/planning-board,2026-08-25,Continuing seat supported by official Planning Board/current election-chain materials.
Northborough,northborough-ma/planning-board-member,,Bill Pierce,verified-current,https://www.northboroughma.gov/planning-board,2026-08-25,Continuing seat supported by official Planning Board/current election-chain materials.
Northborough,northborough-ma/planning-board-member,,Carter Brannon,verified-current,https://www.northboroughma.gov/planning-board,2026-08-25,Continuing seat supported by official Planning Board/current election-chain materials.
Northborough,northborough-ma/planning-board-member,2026 elected seat 1,,unresolved,https://www.northboroughma.gov/home/files/2026-annual-town-election-candidate-tracking-sheet,2026-08-25,"Amy B. Poretsky and Millie Milton were the listed candidates for two 2026 seats, but the certified result was not available in the indexed official results archive; write-ins cannot be excluded."
Northborough,northborough-ma/planning-board-member,2026 elected seat 2,,unresolved,https://www.northboroughma.gov/home/files/2026-annual-town-election-candidate-tracking-sheet,2026-08-25,"Amy B. Poretsky and Millie Milton were the listed candidates for two 2026 seats, but the certified result was not available in the indexed official results archive; write-ins cannot be excluded."
Northborough,northborough-ma/moderator,2026 elected seat,,unresolved,https://www.northboroughma.gov/home/files/2026-annual-town-election-candidate-tracking-sheet,2026-08-25,Frederick A. George and Aaron Hutchins contested the one-year 2026 Moderator seat; certified 2026 result was not available in the indexed official results archive.
Northborough,northborough-ma/school-committee-member,,Kristen Willems Tietjen,verified-current,https://www.nsboro.k12.ma.us/143542_2,2026-08-25,
Northborough,northborough-ma/school-committee-member,,Lauren C. Bailey-Jones,verified-current,https://www.nsboro.k12.ma.us/143542_2,2026-08-25,
Northborough,northborough-ma/school-committee-member,,Kelly L. Guenette,verified-current,https://www.nsboro.k12.ma.us/143542_2,2026-08-25,
Northborough,northborough-ma/school-committee-member,,Joan G. Frank,verified-current,https://www.nsboro.k12.ma.us/143542_2,2026-08-25,
Northborough,northborough-ma/school-committee-member,,Bryce A. MacKnight,verified-current,https://www.nsboro.k12.ma.us/143542_2,2026-08-25,
Northborough,northborough-ma/northborough-southborough-regional-school-committee-member,,Joan G. Frank,verified-current,https://www.nsboro.k12.ma.us/regional,2026-08-25,Northborough-allocated seat.
Northborough,northborough-ma/northborough-southborough-regional-school-committee-member,,Kathleen M. Howland,verified-current,https://www.nsboro.k12.ma.us/regional,2026-08-25,Northborough-allocated seat.
Northborough,northborough-ma/northborough-southborough-regional-school-committee-member,,Christopher Lacasse,verified-current,https://www.nsboro.k12.ma.us/regional,2026-08-25,Northborough-allocated seat.
Northborough,northborough-ma/northborough-southborough-regional-school-committee-member,,Meagan Sanko,verified-current,https://www.nsboro.k12.ma.us/regional,2026-08-25,Northborough-allocated seat.
Northborough,northborough-ma/northborough-southborough-regional-school-committee-member,,Erin E. Tagliaferri,verified-current,https://www.nsboro.k12.ma.us/regional,2026-08-25,Northborough-allocated seat.
Northborough,northborough-ma/assabet-valley-regional-vocational-school-committee-member,,Virginia Simms George,verified-current,https://www.assabet.org/Do-More/Administration/School-Committee/index.html,2026-08-25,Northborough representative.
Northbridge,northbridge-ma/select-board-member,,Charles Ampagoomian Jr.,verified-current,https://www.northbridgemass.org/196/Elected-Officials,2026-08-25,
Northbridge,northbridge-ma/select-board-member,,Brian M. Paulhus,verified-current,https://www.northbridgemass.org/196/Elected-Officials,2026-08-25,
Northbridge,northbridge-ma/select-board-member,,Michael A. Selzo,verified-current,https://www.northbridgemass.org/196/Elected-Officials,2026-08-25,
Northbridge,northbridge-ma/select-board-member,,Russell D. Collins,verified-current,https://www.northbridgemass.org/196/Elected-Officials,2026-08-25,
Northbridge,northbridge-ma/select-board-member,,Michael Joseph Wilkes,verified-current,https://www.northbridgemass.org/196/Elected-Officials,2026-08-25,
Northbridge,northbridge-ma/school-committee-member,,Pamela Plitnick-LaPorte,verified-current,https://www.northbridgemass.org/196/Elected-Officials,2026-08-25,
Northbridge,northbridge-ma/school-committee-member,,Dana Elizabeth Booker,verified-current,https://www.northbridgemass.org/196/Elected-Officials,2026-08-25,
Northbridge,northbridge-ma/school-committee-member,,Heather Alden,verified-current,https://www.northbridgemass.org/196/Elected-Officials,2026-08-25,
Northbridge,northbridge-ma/school-committee-member,,Carl Cowen,verified-current,https://www.northbridgemass.org/196/Elected-Officials,2026-08-25,
Northbridge,northbridge-ma/school-committee-member,,Erin Meagher,verified-current,https://www.northbridgemass.org/196/Elected-Officials,2026-08-25,
Northbridge,northbridge-ma/planning-board-member,,Diane Metcalf,verified-current,https://www.northbridgemass.org/196/Elected-Officials,2026-08-25,
Northbridge,northbridge-ma/planning-board-member,,Rebecca Rushford,verified-current,https://www.northbridgemass.org/196/Elected-Officials,2026-08-25,
Northbridge,northbridge-ma/planning-board-member,,James Berkowitz,verified-current,https://www.northbridgemass.org/196/Elected-Officials,2026-08-25,
Northbridge,northbridge-ma/planning-board-member,,Matthew Kalinowski,verified-current,https://www.northbridgemass.org/196/Elected-Officials,2026-08-25,
Northbridge,northbridge-ma/planning-board-member,,Michael Baker,verified-current,https://www.northbridgemass.org/196/Elected-Officials,2026-08-25,
Northbridge,northbridge-ma/soldiers-sailors-marines-memorial-trustee,Veteran,Kenneth Harrigan,verified-current,https://www.northbridgemass.org/196/Elected-Officials,2026-08-25,Current elected-office seat filled by appointment; official roster marks him appointed.
Northbridge,northbridge-ma/soldiers-sailors-marines-memorial-trustee,Veteran,Thomas A. Farley,verified-current,https://www.northbridgemass.org/196/Elected-Officials,2026-08-25,
Northbridge,northbridge-ma/soldiers-sailors-marines-memorial-trustee,Non-Veteran,Jeffrey Gordon Manion,verified-current,https://www.northbridgemass.org/196/Elected-Officials,2026-08-25,
Northbridge,northbridge-ma/soldiers-sailors-marines-memorial-trustee,Non-Veteran,Richard T. Trier,verified-current,https://www.northbridgemass.org/196/Elected-Officials,2026-08-25,
Northbridge,northbridge-ma/soldiers-sailors-marines-memorial-trustee,Veteran seat (term expires May 2027),,vacant,https://www.northbridgemass.org/196/Elected-Officials,2026-08-25,Official current elected-official roster explicitly marks this voter-elected trustee seat vacant.
Northbridge,northbridge-ma/moderator,,Henry J. Lane,verified-current,https://www.northbridgemass.org/196/Elected-Officials,2026-08-25,
Northbridge,northbridge-ma/housing-authority-member,,Robert Burrows,verified-current,https://www.northbridgemass.org/196/Elected-Officials,2026-08-25,Tenant member listed among the four locally elected Housing Authority seats.
Northbridge,northbridge-ma/housing-authority-member,,John F. O’Brien,verified-current,https://www.northbridgemass.org/196/Elected-Officials,2026-08-25,
Northbridge,northbridge-ma/housing-authority-member,,Elaine L. Mahoney,verified-current,https://www.northbridgemass.org/196/Elected-Officials,2026-08-25,
Northbridge,northbridge-ma/housing-authority-member,,Nancy E. Hill,verified-current,https://www.northbridgemass.org/196/Elected-Officials,2026-08-25,
Northbridge,northbridge-ma/blackstone-valley-regional-vocational-school-committee-member,,Jeff T. Koopman,verified-current,https://www.valleytech.k12.ma.us/about/district/schoolcommittee,2026-08-25,Northbridge representative.
Northfield,northfield-ma/assessor,,Robert MacEwen,verified-current,https://www.northfieldma.gov/181/Board-of-Assessors,2026-08-25,
Northfield,northfield-ma/assessor,,Alice Lord,verified-current,https://www.northfieldma.gov/181/Board-of-Assessors,2026-08-25,
Northfield,northfield-ma/assessor,,Bethany Walker,verified-current,https://www.northfieldma.gov/181/Board-of-Assessors,2026-08-25,
Northfield,northfield-ma/board-of-health-member,,David Balk,verified-current,https://www.northfieldma.gov/180/Board-of-Health,2026-08-25,
Northfield,northfield-ma/board-of-health-member,,Kathryn Bridges,verified-current,https://www.northfieldma.gov/180/Board-of-Health,2026-08-25,
Northfield,northfield-ma/board-of-health-member,,Dan Gray,verified-current,https://www.northfieldma.gov/180/Board-of-Health,2026-08-25,
Northfield,northfield-ma/board-of-health-member,,Sarah Kerns,verified-current,https://www.northfieldma.gov/180/Board-of-Health,2026-08-25,
Northfield,northfield-ma/board-of-health-member,,Ruth Potee,verified-current,https://www.northfieldma.gov/180/Board-of-Health,2026-08-25,
Northfield,northfield-ma/library-trustee,,Jon McGowan,verified-current,https://www.northfieldma.gov/179/Board-of-Library-Trustees,2026-08-25,
Northfield,northfield-ma/library-trustee,,Nolan Kitfield,verified-current,https://www.northfieldma.gov/179/Board-of-Library-Trustees,2026-08-25,
Northfield,northfield-ma/library-trustee,,Gretchen Licata,verified-current,https://www.northfieldma.gov/179/Board-of-Library-Trustees,2026-08-25,
Northfield,northfield-ma/library-trustee,,Deb Potee,verified-current,https://www.northfieldma.gov/179/Board-of-Library-Trustees,2026-08-25,
Northfield,northfield-ma/library-trustee,,Alex Strysky,verified-current,https://www.northfieldma.gov/179/Board-of-Library-Trustees,2026-08-25,
Northfield,northfield-ma/library-trustee,,Peter Weis,verified-current,https://www.northfieldma.gov/179/Board-of-Library-Trustees,2026-08-25,
Northfield,northfield-ma/planning-board-member,,Joe Graveline,verified-current,https://www.northfieldma.gov/m/directory/department?did=11,2026-08-25,
Northfield,northfield-ma/planning-board-member,,Victoria Luksha,verified-current,https://www.northfieldma.gov/m/directory/department?did=11,2026-08-25,
Northfield,northfield-ma/planning-board-member,,Tammy Pelletier,verified-current,https://www.northfieldma.gov/m/directory/department?did=11,2026-08-25,
Northfield,northfield-ma/planning-board-member,,Margaret Riordan,verified-current,https://www.northfieldma.gov/m/directory/department?did=11,2026-08-25,
Northfield,northfield-ma/planning-board-member,,Michele Wood,verified-current,https://www.northfieldma.gov/m/directory/department?did=11,2026-08-25,
Northfield,northfield-ma/recreation-commissioner,,Chelsea Depault,verified-current,https://www.northfieldma.gov/m/directory/department?did=11,2026-08-25,
Northfield,northfield-ma/recreation-commissioner,,Bob Emberly,verified-current,https://www.northfieldma.gov/m/directory/department?did=11,2026-08-25,
Northfield,northfield-ma/recreation-commissioner,,Laura Fries,verified-current,https://www.northfieldma.gov/m/directory/department?did=11,2026-08-25,
Northfield,northfield-ma/recreation-commissioner,,Courtney Lawler,verified-current,https://www.northfieldma.gov/m/directory/department?did=11,2026-08-25,
Northfield,northfield-ma/recreation-commissioner,,Joshua Roman,verified-current,https://www.northfieldma.gov/m/directory/department?did=11,2026-08-25,
Northfield,northfield-ma/select-board-member,,Barbara Jacque,verified-current,https://www.northfieldma.gov/165/Select-Board,2026-08-25,
Northfield,northfield-ma/select-board-member,,Dan Campbell,verified-current,https://www.northfieldma.gov/165/Select-Board,2026-08-25,
Northfield,northfield-ma/select-board-member,,David McCarthy,verified-current,https://www.northfieldma.gov/165/Select-Board,2026-08-25,
Northfield,northfield-ma/select-board-member,,Bernard Boudreau,verified-current,https://www.northfieldma.gov/165/Select-Board,2026-08-25,
Northfield,northfield-ma/select-board-member,,Shane Duclos,verified-current,https://www.northfieldma.gov/165/Select-Board,2026-08-25,
Northfield,northfield-ma/veterans-memorial-trustee,Veteran,Denis Brennan,verified-current,https://www.northfieldma.gov/board-trustees-veterans-memorials-veterans-services-information,2026-08-25,
Northfield,northfield-ma/veterans-memorial-trustee,Veteran,Francis Froment,verified-current,https://www.northfieldma.gov/board-trustees-veterans-memorials-veterans-services-information,2026-08-25,
Northfield,northfield-ma/veterans-memorial-trustee,Veteran,Robert Henry,verified-current,https://www.northfieldma.gov/board-trustees-veterans-memorials-veterans-services-information,2026-08-25,
Northfield,northfield-ma/veterans-memorial-trustee,Non-Veteran,Gail Doolittle,verified-current,https://www.northfieldma.gov/board-trustees-veterans-memorials-veterans-services-information,2026-08-25,
Northfield,northfield-ma/veterans-memorial-trustee,Non-Veteran,Raymond Zukowski Jr.,verified-current,https://www.northfieldma.gov/board-trustees-veterans-memorials-veterans-services-information,2026-08-25,
Northfield,northfield-ma/moderator,,Nathan L’Etoile,verified-current,https://www.northfieldma.gov/sites/g/files/vyhlif991/f/uploads/northfield_fy26_budget_and_annual_town_report_final_0.pdf,2026-08-25,
Northfield,northfield-ma/grandin-water-district-representative,,Peter H. Weis,verified-current,https://www.northfieldma.gov/DocumentCenter/View/606/2026-Annual-Town-Election-Results-PDF?bidId=,2026-08-25,Elected in certified 2026 results.
Northfield,northfield-ma/pioneer-valley-regional-school-committee-member,,Reina Dastous,verified-current,https://www.pvrsdk12.org/school-committee/members-elections,2026-08-25,Northfield-allocated regional seat.
Northfield,northfield-ma/pioneer-valley-regional-school-committee-member,,Stephen Martin,verified-current,https://www.pvrsdk12.org/school-committee/members-elections,2026-08-25,Northfield-allocated regional seat.
Northfield,northfield-ma/pioneer-valley-regional-school-committee-member,,Melissa Ross,verified-current,https://www.pvrsdk12.org/school-committee/members-elections,2026-08-25,Northfield-allocated regional seat.
Northfield,northfield-ma/sewer-commissioner,,Bernard Boudreau,verified-current,https://www.northfieldma.gov/m/directory/department?did=11,2026-08-25,Current directory and 2025 certified election agree; elected to a three-year term in 2025.
Northfield,northfield-ma/sewer-commissioner,,Barbara Jacque,verified-current,https://www.northfieldma.gov/m/directory/department?did=11,2026-08-25,Current directory and 2025 certified election agree; elected to the transitional two-year term in 2025.
Northfield,northfield-ma/sewer-commissioner,,Karen Boudreau,verified-current,https://www.northfieldma.gov/m/directory/department?did=11,2026-08-25,Current directory lists her as chair; certified 2026 results elect Karen Boudreau to a three-year term.
Northfield,northfield-ma/sewer-commissioner,,Matt Beldon,verified-current,https://www.northfieldma.gov/m/directory/department?did=11,2026-08-25,Current directory lists 'Matt Beldon'; certified 2026 results spell the elected winner 'Matthew Belden'. Identity/spelling linkage requires human review.
Northfield,northfield-ma/sewer-commissioner,Fifth legal elected seat,,unresolved,https://www.northfieldma.gov/m/directory/department?did=11,2026-08-25,"Acts of 2024, c. 242 fixes the commission at five. Directory lists six apparent members and omits 2024-elected Thomas E. Walker; Tammy Pelletier's one-year 2025 term expired at the 2026 election. Could not determine whether Mitch Damon was appointed/elected to replace Walker or why stale/extra names remain."
Norton,norton-ma/select-board-member,1,,unresolved,https://www.nortonma.org/town-clerk,2026-08-25,Current holder not safely resolved from a post-election official roster/result during this batch.
Norton,norton-ma/select-board-member,2,,unresolved,https://www.nortonma.org/town-clerk,2026-08-25,Current holder not safely resolved from a post-election official roster/result during this batch.
Norton,norton-ma/select-board-member,3,,unresolved,https://www.nortonma.org/town-clerk,2026-08-25,Current holder not safely resolved from a post-election official roster/result during this batch.
Norton,norton-ma/select-board-member,4,,unresolved,https://www.nortonma.org/town-clerk,2026-08-25,Current holder not safely resolved from a post-election official roster/result during this batch.
Norton,norton-ma/select-board-member,5,,unresolved,https://www.nortonma.org/town-clerk,2026-08-25,Current holder not safely resolved from a post-election official roster/result during this batch.
Norton,norton-ma/assessor,1,,unresolved,https://www.nortonma.org/town-clerk,2026-08-25,Current holder not safely resolved from a post-election official roster/result during this batch.
Norton,norton-ma/assessor,2,,unresolved,https://www.nortonma.org/town-clerk,2026-08-25,Current holder not safely resolved from a post-election official roster/result during this batch.
Norton,norton-ma/assessor,3,,unresolved,https://www.nortonma.org/town-clerk,2026-08-25,Current holder not safely resolved from a post-election official roster/result during this batch.
Norton,norton-ma/planning-board-member,1,,unresolved,https://www.nortonma.org/town-clerk,2026-08-25,Current holder not safely resolved from a post-election official roster/result during this batch.
Norton,norton-ma/planning-board-member,2,,unresolved,https://www.nortonma.org/town-clerk,2026-08-25,Current holder not safely resolved from a post-election official roster/result during this batch.
Norton,norton-ma/planning-board-member,3,,unresolved,https://www.nortonma.org/town-clerk,2026-08-25,Current holder not safely resolved from a post-election official roster/result during this batch.
Norton,norton-ma/planning-board-member,4,,unresolved,https://www.nortonma.org/town-clerk,2026-08-25,Current holder not safely resolved from a post-election official roster/result during this batch.
Norton,norton-ma/planning-board-member,5,,unresolved,https://www.nortonma.org/town-clerk,2026-08-25,Current holder not safely resolved from a post-election official roster/result during this batch.
Norton,norton-ma/planning-board-member,6,,unresolved,https://www.nortonma.org/town-clerk,2026-08-25,Current holder not safely resolved from a post-election official roster/result during this batch.
Norton,norton-ma/planning-board-member,7,,unresolved,https://www.nortonma.org/town-clerk,2026-08-25,Current holder not safely resolved from a post-election official roster/result during this batch.
Norton,norton-ma/school-committee-member,1,,unresolved,https://www.nortonma.org/town-clerk,2026-08-25,Current holder not safely resolved from a post-election official roster/result during this batch.
Norton,norton-ma/school-committee-member,2,,unresolved,https://www.nortonma.org/town-clerk,2026-08-25,Current holder not safely resolved from a post-election official roster/result during this batch.
Norton,norton-ma/school-committee-member,3,,unresolved,https://www.nortonma.org/town-clerk,2026-08-25,Current holder not safely resolved from a post-election official roster/result during this batch.
Norton,norton-ma/school-committee-member,4,,unresolved,https://www.nortonma.org/town-clerk,2026-08-25,Current holder not safely resolved from a post-election official roster/result during this batch.
Norton,norton-ma/school-committee-member,5,,unresolved,https://www.nortonma.org/town-clerk,2026-08-25,Current holder not safely resolved from a post-election official roster/result during this batch.
Norton,norton-ma/moderator,1,,unresolved,https://www.nortonma.org/town-clerk,2026-08-25,Current holder not safely resolved from a post-election official roster/result during this batch.
Norton,norton-ma/housing-authority-member,1,,unresolved,https://www.nortonma.org/town-clerk,2026-08-25,Current holder not safely resolved from a post-election official roster/result during this batch.
Norton,norton-ma/housing-authority-member,2,,unresolved,https://www.nortonma.org/town-clerk,2026-08-25,Current holder not safely resolved from a post-election official roster/result during this batch.
Norton,norton-ma/housing-authority-member,3,,unresolved,https://www.nortonma.org/town-clerk,2026-08-25,Current holder not safely resolved from a post-election official roster/result during this batch.
Norton,norton-ma/housing-authority-member,4,,unresolved,https://www.nortonma.org/town-clerk,2026-08-25,Current holder not safely resolved from a post-election official roster/result during this batch.
Norton,norton-ma/regional-vocational-school-committee-member,1,,unresolved,https://www.nortonma.org/town-clerk,2026-08-25,Current holder not safely resolved from a post-election official roster/result during this batch.
Norton,norton-ma/water-sewer-commissioner,1,,unresolved,https://www.nortonma.org/town-clerk,2026-08-25,Current holder not safely resolved from a post-election official roster/result during this batch.
Norton,norton-ma/water-sewer-commissioner,2,,unresolved,https://www.nortonma.org/town-clerk,2026-08-25,Current holder not safely resolved from a post-election official roster/result during this batch.
Norton,norton-ma/water-sewer-commissioner,3,,unresolved,https://www.nortonma.org/town-clerk,2026-08-25,Current holder not safely resolved from a post-election official roster/result during this batch.
Norwell,norwell-ma/select-board-member,1,,unresolved,https://www.townofnorwell.net/town-clerk,2026-08-25,Current holder not safely resolved from a post-election official roster/result during this batch.
Norwell,norwell-ma/select-board-member,2,,unresolved,https://www.townofnorwell.net/town-clerk,2026-08-25,Current holder not safely resolved from a post-election official roster/result during this batch.
Norwell,norwell-ma/select-board-member,3,,unresolved,https://www.townofnorwell.net/town-clerk,2026-08-25,Current holder not safely resolved from a post-election official roster/result during this batch.
Norwell,norwell-ma/select-board-member,4,,unresolved,https://www.townofnorwell.net/town-clerk,2026-08-25,Current holder not safely resolved from a post-election official roster/result during this batch.
Norwell,norwell-ma/select-board-member,5,,unresolved,https://www.townofnorwell.net/town-clerk,2026-08-25,Current holder not safely resolved from a post-election official roster/result during this batch.
Norwell,norwell-ma/assessor,1,,unresolved,https://www.townofnorwell.net/town-clerk,2026-08-25,Current holder not safely resolved from a post-election official roster/result during this batch.
Norwell,norwell-ma/assessor,2,,unresolved,https://www.townofnorwell.net/town-clerk,2026-08-25,Current holder not safely resolved from a post-election official roster/result during this batch.
Norwell,norwell-ma/assessor,3,,unresolved,https://www.townofnorwell.net/town-clerk,2026-08-25,Current holder not safely resolved from a post-election official roster/result during this batch.
Norwell,norwell-ma/board-of-health-member,1,,unresolved,https://www.townofnorwell.net/town-clerk,2026-08-25,Current holder not safely resolved from a post-election official roster/result during this batch.
Norwell,norwell-ma/board-of-health-member,2,,unresolved,https://www.townofnorwell.net/town-clerk,2026-08-25,Current holder not safely resolved from a post-election official roster/result during this batch.
Norwell,norwell-ma/board-of-health-member,3,,unresolved,https://www.townofnorwell.net/town-clerk,2026-08-25,Current holder not safely resolved from a post-election official roster/result during this batch.
Norwell,norwell-ma/highway-surveyor-director,1,,unresolved,https://www.townofnorwell.net/town-clerk,2026-08-25,Current holder not safely resolved from a post-election official roster/result during this batch.
Norwell,norwell-ma/moderator,1,,unresolved,https://www.townofnorwell.net/town-clerk,2026-08-25,Current holder not safely resolved from a post-election official roster/result during this batch.
Norwell,norwell-ma/housing-authority-member,1,,unresolved,https://www.townofnorwell.net/town-clerk,2026-08-25,Current holder not safely resolved from a post-election official roster/result during this batch.
Norwell,norwell-ma/housing-authority-member,2,,unresolved,https://www.townofnorwell.net/town-clerk,2026-08-25,Current holder not safely resolved from a post-election official roster/result during this batch.
Norwell,norwell-ma/housing-authority-member,3,,unresolved,https://www.townofnorwell.net/town-clerk,2026-08-25,Current holder not safely resolved from a post-election official roster/result during this batch.
Norwell,norwell-ma/housing-authority-member,4,,unresolved,https://www.townofnorwell.net/town-clerk,2026-08-25,Current holder not safely resolved from a post-election official roster/result during this batch.
Norwell,norwell-ma/planning-board-member,1,,unresolved,https://www.townofnorwell.net/town-clerk,2026-08-25,Current holder not safely resolved from a post-election official roster/result during this batch.
Norwell,norwell-ma/planning-board-member,2,,unresolved,https://www.townofnorwell.net/town-clerk,2026-08-25,Current holder not safely resolved from a post-election official roster/result during this batch.
Norwell,norwell-ma/planning-board-member,3,,unresolved,https://www.townofnorwell.net/town-clerk,2026-08-25,Current holder not safely resolved from a post-election official roster/result during this batch.
Norwell,norwell-ma/planning-board-member,4,,unresolved,https://www.townofnorwell.net/town-clerk,2026-08-25,Current holder not safely resolved from a post-election official roster/result during this batch.
Norwell,norwell-ma/planning-board-member,5,,unresolved,https://www.townofnorwell.net/town-clerk,2026-08-25,Current holder not safely resolved from a post-election official roster/result during this batch.
Norwell,norwell-ma/school-committee-member,1,,unresolved,https://www.townofnorwell.net/town-clerk,2026-08-25,Current holder not safely resolved from a post-election official roster/result during this batch.
Norwell,norwell-ma/school-committee-member,2,,unresolved,https://www.townofnorwell.net/town-clerk,2026-08-25,Current holder not safely resolved from a post-election official roster/result during this batch.
Norwell,norwell-ma/school-committee-member,3,,unresolved,https://www.townofnorwell.net/town-clerk,2026-08-25,Current holder not safely resolved from a post-election official roster/result during this batch.
Norwell,norwell-ma/school-committee-member,4,,unresolved,https://www.townofnorwell.net/town-clerk,2026-08-25,Current holder not safely resolved from a post-election official roster/result during this batch.
Norwell,norwell-ma/school-committee-member,5,,unresolved,https://www.townofnorwell.net/town-clerk,2026-08-25,Current holder not safely resolved from a post-election official roster/result during this batch.
Norwell,norwell-ma/town-clerk,1,,unresolved,https://www.townofnorwell.net/town-clerk,2026-08-25,Current holder not safely resolved from a post-election official roster/result during this batch.
Norwell,norwell-ma/library-trustee,1,,unresolved,https://www.townofnorwell.net/town-clerk,2026-08-25,Current holder not safely resolved from a post-election official roster/result during this batch.
Norwell,norwell-ma/library-trustee,2,,unresolved,https://www.townofnorwell.net/town-clerk,2026-08-25,Current holder not safely resolved from a post-election official roster/result during this batch.
Norwell,norwell-ma/library-trustee,3,,unresolved,https://www.townofnorwell.net/town-clerk,2026-08-25,Current holder not safely resolved from a post-election official roster/result during this batch.
Norwell,norwell-ma/library-trustee,4,,unresolved,https://www.townofnorwell.net/town-clerk,2026-08-25,Current holder not safely resolved from a post-election official roster/result during this batch.
Norwell,norwell-ma/library-trustee,5,,unresolved,https://www.townofnorwell.net/town-clerk,2026-08-25,Current holder not safely resolved from a post-election official roster/result during this batch.
Norwell,norwell-ma/library-trustee,6,,unresolved,https://www.townofnorwell.net/town-clerk,2026-08-25,Current holder not safely resolved from a post-election official roster/result during this batch.
Norwell,norwell-ma/water-commissioner,1,,unresolved,https://www.townofnorwell.net/town-clerk,2026-08-25,Current holder not safely resolved from a post-election official roster/result during this batch.
Norwell,norwell-ma/water-commissioner,2,,unresolved,https://www.townofnorwell.net/town-clerk,2026-08-25,Current holder not safely resolved from a post-election official roster/result during this batch.
Norwell,norwell-ma/water-commissioner,3,,unresolved,https://www.townofnorwell.net/town-clerk,2026-08-25,Current holder not safely resolved from a post-election official roster/result during this batch.
Norwood,norwood-ma/select-board-member,1,,unresolved,https://www.norwoodma.gov/departments/town_clerk/elections.php,2026-08-25,Current holder not safely resolved from a post-election official roster/result during this batch.
Norwood,norwood-ma/select-board-member,2,,unresolved,https://www.norwoodma.gov/departments/town_clerk/elections.php,2026-08-25,Current holder not safely resolved from a post-election official roster/result during this batch.
Norwood,norwood-ma/select-board-member,3,,unresolved,https://www.norwoodma.gov/departments/town_clerk/elections.php,2026-08-25,Current holder not safely resolved from a post-election official roster/result during this batch.
Norwood,norwood-ma/select-board-member,4,,unresolved,https://www.norwoodma.gov/departments/town_clerk/elections.php,2026-08-25,Current holder not safely resolved from a post-election official roster/result during this batch.
Norwood,norwood-ma/select-board-member,5,,unresolved,https://www.norwoodma.gov/departments/town_clerk/elections.php,2026-08-25,Current holder not safely resolved from a post-election official roster/result during this batch.
Norwood,norwood-ma/moderator,1,,unresolved,https://www.norwoodma.gov/departments/town_clerk/elections.php,2026-08-25,Current holder not safely resolved from a post-election official roster/result during this batch.
Norwood,norwood-ma/board-of-health-member,1,,unresolved,https://www.norwoodma.gov/departments/town_clerk/elections.php,2026-08-25,Current holder not safely resolved from a post-election official roster/result during this batch.
Norwood,norwood-ma/board-of-health-member,2,,unresolved,https://www.norwoodma.gov/departments/town_clerk/elections.php,2026-08-25,Current holder not safely resolved from a post-election official roster/result during this batch.
Norwood,norwood-ma/board-of-health-member,3,,unresolved,https://www.norwoodma.gov/departments/town_clerk/elections.php,2026-08-25,Current holder not safely resolved from a post-election official roster/result during this batch.
Norwood,norwood-ma/school-committee-member,1,,unresolved,https://www.norwoodma.gov/departments/town_clerk/elections.php,2026-08-25,Current holder not safely resolved from a post-election official roster/result during this batch.
Norwood,norwood-ma/school-committee-member,2,,unresolved,https://www.norwoodma.gov/departments/town_clerk/elections.php,2026-08-25,Current holder not safely resolved from a post-election official roster/result during this batch.
Norwood,norwood-ma/school-committee-member,3,,unresolved,https://www.norwoodma.gov/departments/town_clerk/elections.php,2026-08-25,Current holder not safely resolved from a post-election official roster/result during this batch.
Norwood,norwood-ma/school-committee-member,4,,unresolved,https://www.norwoodma.gov/departments/town_clerk/elections.php,2026-08-25,Current holder not safely resolved from a post-election official roster/result during this batch.
Norwood,norwood-ma/school-committee-member,5,,unresolved,https://www.norwoodma.gov/departments/town_clerk/elections.php,2026-08-25,Current holder not safely resolved from a post-election official roster/result during this batch.
Norwood,norwood-ma/finance-commission-member,1,,unresolved,https://www.norwoodma.gov/departments/town_clerk/elections.php,2026-08-25,Current holder not safely resolved from a post-election official roster/result during this batch.
Norwood,norwood-ma/finance-commission-member,2,,unresolved,https://www.norwoodma.gov/departments/town_clerk/elections.php,2026-08-25,Current holder not safely resolved from a post-election official roster/result during this batch.
Norwood,norwood-ma/finance-commission-member,3,,unresolved,https://www.norwoodma.gov/departments/town_clerk/elections.php,2026-08-25,Current holder not safely resolved from a post-election official roster/result during this batch.
Norwood,norwood-ma/finance-commission-member,4,,unresolved,https://www.norwoodma.gov/departments/town_clerk/elections.php,2026-08-25,Current holder not safely resolved from a post-election official roster/result during this batch.
Norwood,norwood-ma/finance-commission-member,5,,unresolved,https://www.norwoodma.gov/departments/town_clerk/elections.php,2026-08-25,Current holder not safely resolved from a post-election official roster/result during this batch.
Norwood,norwood-ma/planning-board-member,1,,unresolved,https://www.norwoodma.gov/departments/town_clerk/elections.php,2026-08-25,Current holder not safely resolved from a post-election official roster/result during this batch.
Norwood,norwood-ma/planning-board-member,2,,unresolved,https://www.norwoodma.gov/departments/town_clerk/elections.php,2026-08-25,Current holder not safely resolved from a post-election official roster/result during this batch.
Norwood,norwood-ma/planning-board-member,3,,unresolved,https://www.norwoodma.gov/departments/town_clerk/elections.php,2026-08-25,Current holder not safely resolved from a post-election official roster/result during this batch.
Norwood,norwood-ma/planning-board-member,4,,unresolved,https://www.norwoodma.gov/departments/town_clerk/elections.php,2026-08-25,Current holder not safely resolved from a post-election official roster/result during this batch.
Norwood,norwood-ma/planning-board-member,5,,unresolved,https://www.norwoodma.gov/departments/town_clerk/elections.php,2026-08-25,Current holder not safely resolved from a post-election official roster/result during this batch.
Norwood,norwood-ma/library-trustee,1,,unresolved,https://www.norwoodma.gov/departments/town_clerk/elections.php,2026-08-25,Current holder not safely resolved from a post-election official roster/result during this batch.
Norwood,norwood-ma/library-trustee,2,,unresolved,https://www.norwoodma.gov/departments/town_clerk/elections.php,2026-08-25,Current holder not safely resolved from a post-election official roster/result during this batch.
Norwood,norwood-ma/library-trustee,3,,unresolved,https://www.norwoodma.gov/departments/town_clerk/elections.php,2026-08-25,Current holder not safely resolved from a post-election official roster/result during this batch.
Norwood,norwood-ma/library-trustee,4,,unresolved,https://www.norwoodma.gov/departments/town_clerk/elections.php,2026-08-25,Current holder not safely resolved from a post-election official roster/result during this batch.
Norwood,norwood-ma/library-trustee,5,,unresolved,https://www.norwoodma.gov/departments/town_clerk/elections.php,2026-08-25,Current holder not safely resolved from a post-election official roster/result during this batch.
Norwood,norwood-ma/library-trustee,6,,unresolved,https://www.norwoodma.gov/departments/town_clerk/elections.php,2026-08-25,Current holder not safely resolved from a post-election official roster/result during this batch.
Norwood,norwood-ma/housing-authority-member,1,,unresolved,https://www.norwoodma.gov/departments/town_clerk/elections.php,2026-08-25,Current holder not safely resolved from a post-election official roster/result during this batch.
Norwood,norwood-ma/housing-authority-member,2,,unresolved,https://www.norwoodma.gov/departments/town_clerk/elections.php,2026-08-25,Current holder not safely resolved from a post-election official roster/result during this batch.
Norwood,norwood-ma/housing-authority-member,3,,unresolved,https://www.norwoodma.gov/departments/town_clerk/elections.php,2026-08-25,Current holder not safely resolved from a post-election official roster/result during this batch.
Norwood,norwood-ma/housing-authority-member,4,,unresolved,https://www.norwoodma.gov/departments/town_clerk/elections.php,2026-08-25,Current holder not safely resolved from a post-election official roster/result during this batch.
Norwood,norwood-ma/regional-vocational-school-district-commissioner,1,Kevin L. Connolly,verified-current,https://www.bluehills.org/administration/district-school-committee/dsc-contact-information,2026-08-25,
Oak Bluffs,oak-bluffs-ma/select-board-member,1,William Cleary,verified-current,https://oakbluffsma.gov/directory.aspx?did=26,2026-08-25,
Oak Bluffs,oak-bluffs-ma/select-board-member,2,Sean P. DeBettencourt,verified-current,https://oakbluffsma.gov/directory.aspx?did=26,2026-08-25,
Oak Bluffs,oak-bluffs-ma/select-board-member,3,Dion Alley,verified-current,https://oakbluffsma.gov/directory.aspx?did=26,2026-08-25,
Oak Bluffs,oak-bluffs-ma/select-board-member,4,Mark Leonard,verified-current,https://oakbluffsma.gov/directory.aspx?did=26,2026-08-25,
Oak Bluffs,oak-bluffs-ma/select-board-member,5,Emma Green-Beach,verified-current,https://oakbluffsma.gov/directory.aspx?did=26,2026-08-25,
Oak Bluffs,oak-bluffs-ma/moderator,1,,unresolved,https://www.oakbluffsma.gov/160/Elections,2026-08-25,Current holder not safely resolved from a post-election official roster/result during this batch.
Oak Bluffs,oak-bluffs-ma/town-clerk,1,Amy Del Torto,verified-current,https://www.oakbluffsma.gov/DocumentCenter/View/12364/TA-ATA-Report-20250422,2026-08-25,Official town-administration update identifies Amy Del Torto as elected Town Clerk.
Oak Bluffs,oak-bluffs-ma/board-of-health-member,1,William White,verified-current,https://www.oakbluffsma.gov/172/Board-of-Health,2026-08-25,
Oak Bluffs,oak-bluffs-ma/board-of-health-member,2,Tom Zinno,verified-current,https://www.oakbluffsma.gov/172/Board-of-Health,2026-08-25,
Oak Bluffs,oak-bluffs-ma/board-of-health-member,3,James Butterick,verified-current,https://www.oakbluffsma.gov/172/Board-of-Health,2026-08-25,
Oak Bluffs,oak-bluffs-ma/park-commissioner,1,Antone Lima,verified-current,https://www.oakbluffsma.gov/directory.aspx?did=8,2026-08-25,
Oak Bluffs,oak-bluffs-ma/park-commissioner,2,Amy Billings,verified-current,https://www.oakbluffsma.gov/directory.aspx?did=8,2026-08-25,
Oak Bluffs,oak-bluffs-ma/park-commissioner,3,Dana Hughes,verified-current,https://www.oakbluffsma.gov/directory.aspx?did=8,2026-08-25,
Oak Bluffs,oak-bluffs-ma/cemetery-commissioner,1,Jesse Law III,verified-current,https://www.oakbluffsma.gov/173/Cemetery-Commission,2026-08-25,
Oak Bluffs,oak-bluffs-ma/cemetery-commissioner,2,"Richard Combra, Jr.",verified-current,https://www.oakbluffsma.gov/173/Cemetery-Commission,2026-08-25,
Oak Bluffs,oak-bluffs-ma/cemetery-commissioner,3,John Tiernan,verified-current,https://www.oakbluffsma.gov/173/Cemetery-Commission,2026-08-25,
Oak Bluffs,oak-bluffs-ma/school-committee-member,1,,unresolved,https://www.oakbluffsma.gov/160/Elections,2026-08-25,Current holder not safely resolved from a post-election official roster/result during this batch.
Oak Bluffs,oak-bluffs-ma/school-committee-member,2,,unresolved,https://www.oakbluffsma.gov/160/Elections,2026-08-25,Current holder not safely resolved from a post-election official roster/result during this batch.
Oak Bluffs,oak-bluffs-ma/school-committee-member,3,,unresolved,https://www.oakbluffsma.gov/160/Elections,2026-08-25,Current holder not safely resolved from a post-election official roster/result during this batch.
Oak Bluffs,oak-bluffs-ma/finance-advisory-committee-member,1,Robert Malecki,verified-current,https://www.oakbluffsma.gov/179/Finance-Advisory-Committee,2026-08-25,Official current web roster lists seven names for a legally nine-seat committee; remaining two seats stay unresolved.
Oak Bluffs,oak-bluffs-ma/finance-advisory-committee-member,2,Maura McGroarty,verified-current,https://www.oakbluffsma.gov/179/Finance-Advisory-Committee,2026-08-25,Official current web roster lists seven names for a legally nine-seat committee; remaining two seats stay unresolved.
Oak Bluffs,oak-bluffs-ma/finance-advisory-committee-member,3,Eugene (Donny) Brice,verified-current,https://www.oakbluffsma.gov/179/Finance-Advisory-Committee,2026-08-25,Official current web roster lists seven names for a legally nine-seat committee; remaining two seats stay unresolved.
Oak Bluffs,oak-bluffs-ma/finance-advisory-committee-member,4,Christopher Chambers,verified-current,https://www.oakbluffsma.gov/179/Finance-Advisory-Committee,2026-08-25,Official current web roster lists seven names for a legally nine-seat committee; remaining two seats stay unresolved.
Oak Bluffs,oak-bluffs-ma/finance-advisory-committee-member,5,"James ""Reuben"" Fitzgerald",verified-current,https://www.oakbluffsma.gov/179/Finance-Advisory-Committee,2026-08-25,Official current web roster lists seven names for a legally nine-seat committee; remaining two seats stay unresolved.
Oak Bluffs,oak-bluffs-ma/finance-advisory-committee-member,6,Mike Taus,verified-current,https://www.oakbluffsma.gov/179/Finance-Advisory-Committee,2026-08-25,Official current web roster lists seven names for a legally nine-seat committee; remaining two seats stay unresolved.
Oak Bluffs,oak-bluffs-ma/finance-advisory-committee-member,7,Christine Todd,verified-current,https://www.oakbluffsma.gov/179/Finance-Advisory-Committee,2026-08-25,Official current web roster lists seven names for a legally nine-seat committee; remaining two seats stay unresolved.
Oak Bluffs,oak-bluffs-ma/finance-advisory-committee-member,8,,unresolved,https://www.oakbluffsma.gov/160/Elections,2026-08-25,Current holder not safely resolved from a post-election official roster/result during this batch.
Oak Bluffs,oak-bluffs-ma/finance-advisory-committee-member,9,,unresolved,https://www.oakbluffsma.gov/160/Elections,2026-08-25,Current holder not safely resolved from a post-election official roster/result during this batch.
Oak Bluffs,oak-bluffs-ma/planning-board-member,1,Mark Crossland,verified-current,https://www.oakbluffsma.gov/184/Planning-Board,2026-08-25,
Oak Bluffs,oak-bluffs-ma/planning-board-member,2,Chris Chambers,verified-current,https://www.oakbluffsma.gov/184/Planning-Board,2026-08-25,
Oak Bluffs,oak-bluffs-ma/planning-board-member,3,Erik Albert,verified-current,https://www.oakbluffsma.gov/184/Planning-Board,2026-08-25,
Oak Bluffs,oak-bluffs-ma/planning-board-member,4,Bill Davies,verified-current,https://www.oakbluffsma.gov/184/Planning-Board,2026-08-25,
Oak Bluffs,oak-bluffs-ma/planning-board-member,5,Scott Slarsky,verified-current,https://www.oakbluffsma.gov/184/Planning-Board,2026-08-25,
Oak Bluffs,oak-bluffs-ma/wastewater-commissioner,1,,unresolved,https://www.oakbluffsma.gov/160/Elections,2026-08-25,Current holder not safely resolved from a post-election official roster/result during this batch.
Oak Bluffs,oak-bluffs-ma/wastewater-commissioner,2,,unresolved,https://www.oakbluffsma.gov/160/Elections,2026-08-25,Current holder not safely resolved from a post-election official roster/result during this batch.
Oak Bluffs,oak-bluffs-ma/wastewater-commissioner,3,,unresolved,https://www.oakbluffsma.gov/160/Elections,2026-08-25,Current holder not safely resolved from a post-election official roster/result during this batch.
Oak Bluffs,oak-bluffs-ma/martha-vineyard-land-bank-commissioner,1,,unresolved,https://www.oakbluffsma.gov/160/Elections,2026-08-25,Current holder not safely resolved from a post-election official roster/result during this batch.
Oak Bluffs,oak-bluffs-ma/constable,1,,unresolved,https://www.oakbluffsma.gov/160/Elections,2026-08-25,Current holder not safely resolved from a post-election official roster/result during this batch.
Oak Bluffs,oak-bluffs-ma/constable,2,,unresolved,https://www.oakbluffsma.gov/160/Elections,2026-08-25,Current holder not safely resolved from a post-election official roster/result during this batch.
Oak Bluffs,oak-bluffs-ma/constable,3,,unresolved,https://www.oakbluffsma.gov/160/Elections,2026-08-25,Current holder not safely resolved from a post-election official roster/result during this batch.
Oak Bluffs,oak-bluffs-ma/tree-warden,1,,unresolved,https://www.oakbluffsma.gov/160/Elections,2026-08-25,Current holder not safely resolved from a post-election official roster/result during this batch.
Oak Bluffs,oak-bluffs-ma/water-district-commissioner,1,"Raymond Moreis, Jr.",verified-current,https://www.oakbluffswaterdistrict.com/staff/,2026-08-25,
Oak Bluffs,oak-bluffs-ma/water-district-commissioner,2,Michael S. deBettencourt,verified-current,https://www.oakbluffswaterdistrict.com/staff/,2026-08-25,
Oak Bluffs,oak-bluffs-ma/water-district-commissioner,3,Nelson Oliver,verified-current,https://www.oakbluffswaterdistrict.com/staff/,2026-08-25,
Oakham,oakham-ma/select-board-member,1,Michael Brunelle,verified-current,https://www.oakham-ma.gov/209/Board-of-Selectmen,2026-08-25,"Official current roster; the 2026 election validating bill remains pending, so Frederick Gehring’s election is separately flagged for human/legal review."
Oakham,oakham-ma/select-board-member,2,Dennis Bergin,verified-current,https://www.oakham-ma.gov/209/Board-of-Selectmen,2026-08-25,"Official current roster; the 2026 election validating bill remains pending, so Frederick Gehring’s election is separately flagged for human/legal review."
Oakham,oakham-ma/select-board-member,3,"Frederick J. Gehring, Jr.",verified-current,https://www.oakham-ma.gov/209/Board-of-Selectmen,2026-08-25,"Official current roster; the 2026 election validating bill remains pending, so Frederick Gehring’s election is separately flagged for human/legal review."
Oakham,oakham-ma/assessor,1,,unresolved,https://www.oakham-ma.gov/207/Board-of-Assessors,2026-08-25,Current holder not safely resolved from a post-election official roster/result during this batch.
Oakham,oakham-ma/assessor,2,,unresolved,https://www.oakham-ma.gov/207/Board-of-Assessors,2026-08-25,Current holder not safely resolved from a post-election official roster/result during this batch.
Oakham,oakham-ma/assessor,3,,unresolved,https://www.oakham-ma.gov/207/Board-of-Assessors,2026-08-25,Current holder not safely resolved from a post-election official roster/result during this batch.
Oakham,oakham-ma/board-of-health-member,1,,unresolved,https://www.oakham-ma.gov/,2026-08-25,Current holder not safely resolved from a post-election official roster/result during this batch.
Oakham,oakham-ma/board-of-health-member,2,,unresolved,https://www.oakham-ma.gov/,2026-08-25,Current holder not safely resolved from a post-election official roster/result during this batch.
Oakham,oakham-ma/board-of-health-member,3,,unresolved,https://www.oakham-ma.gov/,2026-08-25,Current holder not safely resolved from a post-election official roster/result during this batch.
Oakham,oakham-ma/library-trustee,1,,unresolved,https://www.oakham-ma.gov/,2026-08-25,Current holder not safely resolved from a post-election official roster/result during this batch.
Oakham,oakham-ma/library-trustee,2,,unresolved,https://www.oakham-ma.gov/,2026-08-25,Current holder not safely resolved from a post-election official roster/result during this batch.
Oakham,oakham-ma/library-trustee,3,,unresolved,https://www.oakham-ma.gov/,2026-08-25,Current holder not safely resolved from a post-election official roster/result during this batch.
Oakham,oakham-ma/moderator,1,,unresolved,https://www.oakham-ma.gov/,2026-08-25,Current holder not safely resolved from a post-election official roster/result during this batch.
Oakham,oakham-ma/constable,1,,unresolved,https://www.oakham-ma.gov/,2026-08-25,Current holder not safely resolved from a post-election official roster/result during this batch.
Oakham,oakham-ma/constable,2,,unresolved,https://www.oakham-ma.gov/,2026-08-25,Current holder not safely resolved from a post-election official roster/result during this batch.
Oakham,oakham-ma/constable,3,,unresolved,https://www.oakham-ma.gov/,2026-08-25,Current holder not safely resolved from a post-election official roster/result during this batch.
Oakham,oakham-ma/constable,4,,unresolved,https://www.oakham-ma.gov/,2026-08-25,Current holder not safely resolved from a post-election official roster/result during this batch.
Oakham,oakham-ma/constable,5,,unresolved,https://www.oakham-ma.gov/,2026-08-25,Current holder not safely resolved from a post-election official roster/result during this batch.
Oakham,oakham-ma/tree-warden,1,Michael Brunelle,verified-current,https://www.oakham-ma.gov/sites/g/files/vyhlif6136/f/pages/fy2024_annual_town_report.pdf,2026-08-25,FY2024 official elected-official roster gives term through 2027; no intervening conversion located.
Oakham,oakham-ma/cemetery-commissioner,1,,unresolved,https://www.oakham-ma.gov/,2026-08-25,Current holder not safely resolved from a post-election official roster/result during this batch.
Oakham,oakham-ma/cemetery-commissioner,2,,unresolved,https://www.oakham-ma.gov/,2026-08-25,Current holder not safely resolved from a post-election official roster/result during this batch.
Oakham,oakham-ma/cemetery-commissioner,3,,unresolved,https://www.oakham-ma.gov/,2026-08-25,Current holder not safely resolved from a post-election official roster/result during this batch.
Oakham,oakham-ma/school-committee-member,1,,unresolved,https://www.oakham-ma.gov/,2026-08-25,Current holder not safely resolved from a post-election official roster/result during this batch.
Oakham,oakham-ma/school-committee-member,2,,unresolved,https://www.oakham-ma.gov/,2026-08-25,Current holder not safely resolved from a post-election official roster/result during this batch.
Oakham,oakham-ma/planning-board-member,1,Phillip Warbasse,verified-current,https://www.oakham-ma.gov/215/Planning-Board,2026-08-25,
Oakham,oakham-ma/planning-board-member,2,Thomas Hughes,verified-current,https://www.oakham-ma.gov/215/Planning-Board,2026-08-25,
Oakham,oakham-ma/planning-board-member,3,Lisa Huntington,verified-current,https://www.oakham-ma.gov/215/Planning-Board,2026-08-25,
Oakham,oakham-ma/planning-board-member,4,Nancy Monson,verified-current,https://www.oakham-ma.gov/215/Planning-Board,2026-08-25,
Oakham,oakham-ma/planning-board-member,5,Matthew Broderick,verified-current,https://www.oakham-ma.gov/215/Planning-Board,2026-08-25,
