municipality,office_id,seat,person_name,current_status,source_url,retrieved_on,notes
Sherborn,sherborn-ma/moderator,1,Michael Giaimo,verified-current,https://www.sherbornma.org/DocumentCenter/View/4190/OFFICIAL-RESULTS--May-12-2026-ATE,2026-08-25,Current official municipal roster/election evidence supports holder; unresolved markers are intentional.
Sherborn,sherborn-ma/select-board-member,1,Paul DeRensis,verified-current,https://www.sherbornma.org/311/Select-Board,2026-08-25,Current official municipal roster/election evidence supports holder; unresolved markers are intentional.
Sherborn,sherborn-ma/select-board-member,2,Steven Tsai,verified-current,https://www.sherbornma.org/311/Select-Board,2026-08-25,Current official municipal roster/election evidence supports holder; unresolved markers are intentional.
Sherborn,sherborn-ma/select-board-member,3,Marian Neutra,verified-current,https://www.sherbornma.org/311/Select-Board,2026-08-25,Current official municipal roster/election evidence supports holder; unresolved markers are intentional.
Sherborn,sherborn-ma/select-board-member,4,Dan Sichel,verified-current,https://www.sherbornma.org/311/Select-Board,2026-08-25,Current official municipal roster/election evidence supports holder; unresolved markers are intentional.
Sherborn,sherborn-ma/select-board-member,5,Jeff Waldron,verified-current,https://www.sherbornma.org/311/Select-Board,2026-08-25,Current official municipal roster/election evidence supports holder; unresolved markers are intentional.
Sherborn,sherborn-ma/school-committee-member,1,Mason Kaye,verified-current,https://www.sherbornma.org/DocumentCenter/View/4094/2025-Annual-Town-Report,2026-08-25,Current official municipal roster/election evidence supports holder; unresolved markers are intentional.
Sherborn,sherborn-ma/school-committee-member,2,Nathaniel Jackson,verified-current,https://www.sherbornma.org/DocumentCenter/View/4094/2025-Annual-Town-Report,2026-08-25,Current official municipal roster/election evidence supports holder; unresolved markers are intentional.
Sherborn,sherborn-ma/school-committee-member,3,Megha Kadiyala,verified-current,https://www.sherbornma.org/DocumentCenter/View/4094/2025-Annual-Town-Report,2026-08-25,Current official municipal roster/election evidence supports holder; unresolved markers are intentional.
Sherborn,sherborn-ma/school-committee-member,4,William Alfano,verified-current,https://www.sherbornma.org/DocumentCenter/View/4094/2025-Annual-Town-Report,2026-08-25,Current official municipal roster/election evidence supports holder; unresolved markers are intentional.
Sherborn,sherborn-ma/school-committee-member,5,Katharine Hayes Manzolini,verified-current,https://www.sherbornma.org/DocumentCenter/View/4094/2025-Annual-Town-Report,2026-08-25,Current official municipal roster/election evidence supports holder; unresolved markers are intentional.
Sherborn,sherborn-ma/sawin-academy-trustee,1,David Welch,verified-current,https://www.sherbornma.org/DocumentCenter/View/4094/2025-Annual-Town-Report,2026-08-25,Current official municipal roster/election evidence supports holder; unresolved markers are intentional.
Sherborn,sherborn-ma/sawin-academy-trustee,2,Kari Toney,verified-current,https://www.sherbornma.org/DocumentCenter/View/4094/2025-Annual-Town-Report,2026-08-25,Current official municipal roster/election evidence supports holder; unresolved markers are intentional.
Sherborn,sherborn-ma/sawin-academy-trustee,3,Georgia Bruggeman,verified-current,https://www.sherbornma.org/DocumentCenter/View/4094/2025-Annual-Town-Report,2026-08-25,Current official municipal roster/election evidence supports holder; unresolved markers are intentional.
Sherborn,sherborn-ma/sawin-academy-trustee,4,William Scott Embree,verified-current,https://www.sherbornma.org/DocumentCenter/View/4094/2025-Annual-Town-Report,2026-08-25,Current official municipal roster/election evidence supports holder; unresolved markers are intentional.
Sherborn,sherborn-ma/sawin-academy-trustee,5,Elizabeth Hoffman,verified-current,https://www.sherbornma.org/DocumentCenter/View/4094/2025-Annual-Town-Report,2026-08-25,Current official municipal roster/election evidence supports holder; unresolved markers are intentional.
Sherborn,sherborn-ma/library-trustee,1,Francis Orlando,verified-current,https://www.sherbornma.org/496/Library-Trustees,2026-08-25,Current official municipal roster/election evidence supports holder; unresolved markers are intentional.
Sherborn,sherborn-ma/library-trustee,2,Susanne Girgenti,verified-current,https://www.sherbornma.org/496/Library-Trustees,2026-08-25,Current official municipal roster/election evidence supports holder; unresolved markers are intentional.
Sherborn,sherborn-ma/library-trustee,3,Courtney Williams,verified-current,https://www.sherbornma.org/496/Library-Trustees,2026-08-25,Current official municipal roster/election evidence supports holder; unresolved markers are intentional.
Sherborn,sherborn-ma/library-trustee,4,Christopher Kenney,verified-current,https://www.sherbornma.org/496/Library-Trustees,2026-08-25,Current official municipal roster/election evidence supports holder; unresolved markers are intentional.
Sherborn,sherborn-ma/library-trustee,5,Susan Foley Lepard,verified-current,https://www.sherbornma.org/496/Library-Trustees,2026-08-25,Current official municipal roster/election evidence supports holder; unresolved markers are intentional.
Sherborn,sherborn-ma/library-trustee,6,Mary McKenna,verified-current,https://www.sherbornma.org/496/Library-Trustees,2026-08-25,Current official municipal roster/election evidence supports holder; unresolved markers are intentional.
Sherborn,sherborn-ma/library-trustee,7,Brian Connolly,verified-current,https://www.sherbornma.org/496/Library-Trustees,2026-08-25,Current official municipal roster/election evidence supports holder; unresolved markers are intentional.
Sherborn,sherborn-ma/library-trustee,8,Seth Malloy,verified-current,https://www.sherbornma.org/496/Library-Trustees,2026-08-25,Current official municipal roster/election evidence supports holder; unresolved markers are intentional.
Sherborn,sherborn-ma/library-trustee,9,Thomas Van Langen,verified-current,https://www.sherbornma.org/496/Library-Trustees,2026-08-25,Current official municipal roster/election evidence supports holder; unresolved markers are intentional.
Sherborn,sherborn-ma/water-commissioner,1,Meredith Wesolowski,verified-current,https://www.sherbornma.org/DocumentCenter/View/4094/2025-Annual-Town-Report,2026-08-25,Current official municipal roster/election evidence supports holder; unresolved markers are intentional.
Sherborn,sherborn-ma/water-commissioner,2,Frank Hess,verified-current,https://www.sherbornma.org/DocumentCenter/View/4094/2025-Annual-Town-Report,2026-08-25,Current official municipal roster/election evidence supports holder; unresolved markers are intentional.
Sherborn,sherborn-ma/water-commissioner,3,Taylor Rycroft,verified-current,https://www.sherbornma.org/DocumentCenter/View/4094/2025-Annual-Town-Report,2026-08-25,Current official municipal roster/election evidence supports holder; unresolved markers are intentional.
Sherborn,sherborn-ma/cemetery-commissioner,1,Eugene Ham,verified-current,https://www.sherbornma.org/DocumentCenter/View/4094/2025-Annual-Town-Report,2026-08-25,Current official municipal roster/election evidence supports holder; unresolved markers are intentional.
Sherborn,sherborn-ma/cemetery-commissioner,2,Robert D'Eramo,verified-current,https://www.sherbornma.org/DocumentCenter/View/4094/2025-Annual-Town-Report,2026-08-25,Current official municipal roster/election evidence supports holder; unresolved markers are intentional.
Sherborn,sherborn-ma/cemetery-commissioner,3,Chuckie Blaney,verified-current,https://www.sherbornma.org/DocumentCenter/View/4094/2025-Annual-Town-Report,2026-08-25,Current official municipal roster/election evidence supports holder; unresolved markers are intentional.
Sherborn,sherborn-ma/planning-board-member,1,James Guarino,verified-current,https://www.sherbornma.org/328/Planning-Board,2026-08-25,Current official municipal roster/election evidence supports holder; unresolved markers are intentional.
Sherborn,sherborn-ma/planning-board-member,2,Stefani Harrison,verified-current,https://www.sherbornma.org/328/Planning-Board,2026-08-25,Current official municipal roster/election evidence supports holder; unresolved markers are intentional.
Sherborn,sherborn-ma/planning-board-member,3,Robert Wolff,verified-current,https://www.sherbornma.org/328/Planning-Board,2026-08-25,Current official municipal roster/election evidence supports holder; unresolved markers are intentional.
Sherborn,sherborn-ma/planning-board-member,4,Brett Piercy,verified-current,https://www.sherbornma.org/328/Planning-Board,2026-08-25,Current official municipal roster/election evidence supports holder; unresolved markers are intentional.
Sherborn,sherborn-ma/planning-board-member,5,Christopher Browne,verified-current,https://www.sherbornma.org/328/Planning-Board,2026-08-25,Current official municipal roster/election evidence supports holder; unresolved markers are intentional.
Sherborn,sherborn-ma/dover-sherborn-regional-school-committee-member,1,Angela Johnson,verified-current,https://www.sherbornma.org/DocumentCenter/View/4094/2025-Annual-Town-Report,2026-08-25,Current official municipal roster/election evidence supports holder; unresolved markers are intentional.
Sherborn,sherborn-ma/dover-sherborn-regional-school-committee-member,2,Toa Ashk,verified-current,https://www.sherbornma.org/DocumentCenter/View/4094/2025-Annual-Town-Report,2026-08-25,Current official municipal roster/election evidence supports holder; unresolved markers are intentional.
Sherborn,sherborn-ma/dover-sherborn-regional-school-committee-member,3,Maria Lowder,verified-current,https://www.sherbornma.org/DocumentCenter/View/4094/2025-Annual-Town-Report,2026-08-25,Current official municipal roster/election evidence supports holder; unresolved markers are intentional.
Sherborn,sherborn-ma/dover-sherborn-regional-school-committee-member,4,,unresolved-current-holder,https://www.sherbornma.org/DocumentCenter/View/4094/2025-Annual-Town-Report,2026-08-25,Current official municipal roster/election evidence supports holder; unresolved markers are intentional.
Sherborn,sherborn-ma/board-of-health-member,1,Daryl Beardsley,verified-current,https://sherbornma.org/176/Board-of-Health,2026-08-25,Current official municipal roster/election evidence supports holder; unresolved markers are intentional.
Sherborn,sherborn-ma/board-of-health-member,2,Julie Dreyfus,verified-current,https://sherbornma.org/176/Board-of-Health,2026-08-25,Current official municipal roster/election evidence supports holder; unresolved markers are intentional.
Sherborn,sherborn-ma/board-of-health-member,3,Steven Constantine,verified-current,https://sherbornma.org/176/Board-of-Health,2026-08-25,Current official municipal roster/election evidence supports holder; unresolved markers are intentional.
Sherborn,sherborn-ma/board-of-health-member,4,Rebecca Hunnewell,verified-current,https://sherbornma.org/176/Board-of-Health,2026-08-25,Current official municipal roster/election evidence supports holder; unresolved markers are intentional.
Sherborn,sherborn-ma/board-of-health-member,5,Bose Kochupurakkal,verified-current,https://sherbornma.org/176/Board-of-Health,2026-08-25,Current official municipal roster/election evidence supports holder; unresolved markers are intentional.
Sherborn,sherborn-ma/recreation-commissioner,1,Patrick Bresnehan,verified-current,https://www.sherbornma.org/DocumentCenter/View/4094/2025-Annual-Town-Report,2026-08-25,Current official municipal roster/election evidence supports holder; unresolved markers are intentional.
Sherborn,sherborn-ma/recreation-commissioner,2,James Drews II,verified-current,https://www.sherbornma.org/DocumentCenter/View/4094/2025-Annual-Town-Report,2026-08-25,Current official municipal roster/election evidence supports holder; unresolved markers are intentional.
Sherborn,sherborn-ma/recreation-commissioner,3,Edward McGuire,verified-current,https://www.sherbornma.org/DocumentCenter/View/4094/2025-Annual-Town-Report,2026-08-25,Current official municipal roster/election evidence supports holder; unresolved markers are intentional.
Sherborn,sherborn-ma/recreation-commissioner,4,,unresolved-current-holder,https://www.sherbornma.org/DocumentCenter/View/4094/2025-Annual-Town-Report,2026-08-25,Current official municipal roster/election evidence supports holder; unresolved markers are intentional.
Shirley,shirley-ma/board-of-assessors-member,1,April Iannacone,verified-current,https://www.shirley-ma.gov/DocumentCenter/View/1343/2025-2026-Elected-Town-Officials-PDF,2026-08-25,Current official municipal roster/election evidence supports holder; unresolved markers are intentional.
Shirley,shirley-ma/board-of-assessors-member,2,Jonathan T. Roark,verified-current,https://www.shirley-ma.gov/DocumentCenter/View/1343/2025-2026-Elected-Town-Officials-PDF,2026-08-25,Current official municipal roster/election evidence supports holder; unresolved markers are intentional.
Shirley,shirley-ma/board-of-assessors-member,3,Robert Prescott,verified-current,https://www.shirley-ma.gov/DocumentCenter/View/1343/2025-2026-Elected-Town-Officials-PDF,2026-08-25,Current official municipal roster/election evidence supports holder; unresolved markers are intentional.
Shirley,shirley-ma/board-of-health-member,1,Daniel Taylor III,verified-current,https://www.shirley-ma.gov/DocumentCenter/View/1343/2025-2026-Elected-Town-Officials-PDF,2026-08-25,Current official municipal roster/election evidence supports holder; unresolved markers are intentional.
Shirley,shirley-ma/board-of-health-member,2,Linda M. Sargent,verified-current,https://www.shirley-ma.gov/DocumentCenter/View/1343/2025-2026-Elected-Town-Officials-PDF,2026-08-25,Current official municipal roster/election evidence supports holder; unresolved markers are intentional.
Shirley,shirley-ma/board-of-health-member,3,Peter E. Chausse,verified-current,https://www.shirley-ma.gov/DocumentCenter/View/1343/2025-2026-Elected-Town-Officials-PDF,2026-08-25,Current official municipal roster/election evidence supports holder; unresolved markers are intentional.
Shirley,shirley-ma/constable,1,,unresolved-current-holder,https://shirley-ma.gov/DocumentCenter/View/2380/2026-05-05-Annual-Town-Election-Results,2026-08-25,The 2026 constable contest did not yield a safely attributable current winner in the reviewed official result; one seat remains unresolved.
Shirley,shirley-ma/constable,2,Patricia Krauchune,verified-current,https://shirley-ma.gov/DocumentCenter/View/2380/2026-05-05-Annual-Town-Election-Results,2026-08-25,The 2026 constable contest did not yield a safely attributable current winner in the reviewed official result; one seat remains unresolved.
Shirley,shirley-ma/constable,3,Keith Keady,verified-current,https://shirley-ma.gov/DocumentCenter/View/2380/2026-05-05-Annual-Town-Election-Results,2026-08-25,The 2026 constable contest did not yield a safely attributable current winner in the reviewed official result; one seat remains unresolved.
Shirley,shirley-ma/library-trustee,1,Judy Stanislaw,verified-current,https://www.shirley-ma.gov/DocumentCenter/View/1343/2025-2026-Elected-Town-Officials-PDF,2026-08-25,Current official municipal roster/election evidence supports holder; unresolved markers are intentional.
Shirley,shirley-ma/library-trustee,2,Elizabeth West,verified-current,https://www.shirley-ma.gov/DocumentCenter/View/1343/2025-2026-Elected-Town-Officials-PDF,2026-08-25,Current official municipal roster/election evidence supports holder; unresolved markers are intentional.
Shirley,shirley-ma/library-trustee,3,Julia O'Keefe,verified-current,https://www.shirley-ma.gov/DocumentCenter/View/1343/2025-2026-Elected-Town-Officials-PDF,2026-08-25,Current official municipal roster/election evidence supports holder; unresolved markers are intentional.
Shirley,shirley-ma/library-trustee,4,Jayne Garrett,verified-current,https://www.shirley-ma.gov/DocumentCenter/View/1343/2025-2026-Elected-Town-Officials-PDF,2026-08-25,Current official municipal roster/election evidence supports holder; unresolved markers are intentional.
Shirley,shirley-ma/library-trustee,5,Doris Barreiro,verified-current,https://www.shirley-ma.gov/DocumentCenter/View/1343/2025-2026-Elected-Town-Officials-PDF,2026-08-25,Current official municipal roster/election evidence supports holder; unresolved markers are intentional.
Shirley,shirley-ma/library-trustee,6,Elizabeth Quinty,verified-current,https://www.shirley-ma.gov/DocumentCenter/View/1343/2025-2026-Elected-Town-Officials-PDF,2026-08-25,Current official municipal roster/election evidence supports holder; unresolved markers are intentional.
Shirley,shirley-ma/moderator,1,Leonardo Guercio,verified-current,https://www.shirley-ma.gov/DocumentCenter/View/1343/2025-2026-Elected-Town-Officials-PDF,2026-08-25,Current official municipal roster/election evidence supports holder; unresolved markers are intentional.
Shirley,shirley-ma/planning-board-member,1,Sarah Widing,verified-current,https://www.shirley-ma.gov/DocumentCenter/View/1343/2025-2026-Elected-Town-Officials-PDF,2026-08-25,Current official municipal roster/election evidence supports holder; unresolved markers are intentional.
Shirley,shirley-ma/planning-board-member,2,William Oelfke,verified-current,https://www.shirley-ma.gov/DocumentCenter/View/1343/2025-2026-Elected-Town-Officials-PDF,2026-08-25,Current official municipal roster/election evidence supports holder; unresolved markers are intentional.
Shirley,shirley-ma/planning-board-member,3,Mark Jones,verified-current,https://www.shirley-ma.gov/DocumentCenter/View/1343/2025-2026-Elected-Town-Officials-PDF,2026-08-25,Current official municipal roster/election evidence supports holder; unresolved markers are intentional.
Shirley,shirley-ma/planning-board-member,4,Janet Tice,verified-current,https://www.shirley-ma.gov/DocumentCenter/View/1343/2025-2026-Elected-Town-Officials-PDF,2026-08-25,Current official municipal roster/election evidence supports holder; unresolved markers are intentional.
Shirley,shirley-ma/planning-board-member,5,Asa Losurdo,verified-current,https://www.shirley-ma.gov/DocumentCenter/View/1343/2025-2026-Elected-Town-Officials-PDF,2026-08-25,Current official municipal roster/election evidence supports holder; unresolved markers are intentional.
Shirley,shirley-ma/planning-board-associate-member,1,Bonnie Lawrence,verified-current,https://www.shirley-ma.gov/DocumentCenter/View/1343/2025-2026-Elected-Town-Officials-PDF,2026-08-25,Current official municipal roster/election evidence supports holder; unresolved markers are intentional.
Shirley,shirley-ma/recreation-commissioner,1,Jonathan DeForge,verified-current,https://www.shirley-ma.gov/DocumentCenter/View/1343/2025-2026-Elected-Town-Officials-PDF,2026-08-25,Current official municipal roster/election evidence supports holder; unresolved markers are intentional.
Shirley,shirley-ma/recreation-commissioner,2,Linda Cournoyer,verified-current,https://www.shirley-ma.gov/DocumentCenter/View/1343/2025-2026-Elected-Town-Officials-PDF,2026-08-25,Current official municipal roster/election evidence supports holder; unresolved markers are intentional.
Shirley,shirley-ma/recreation-commissioner,3,Matthew Thomas,verified-current,https://www.shirley-ma.gov/DocumentCenter/View/1343/2025-2026-Elected-Town-Officials-PDF,2026-08-25,Current official municipal roster/election evidence supports holder; unresolved markers are intentional.
Shirley,shirley-ma/recreation-commissioner,4,Katie Aponte,verified-current,https://www.shirley-ma.gov/DocumentCenter/View/1343/2025-2026-Elected-Town-Officials-PDF,2026-08-25,Current official municipal roster/election evidence supports holder; unresolved markers are intentional.
Shirley,shirley-ma/recreation-commissioner,5,H. Keith Begun,verified-current,https://www.shirley-ma.gov/DocumentCenter/View/1343/2025-2026-Elected-Town-Officials-PDF,2026-08-25,Current official municipal roster/election evidence supports holder; unresolved markers are intentional.
Shirley,shirley-ma/ayer-shirley-regional-school-committee-member,1,Joyce Reischutz,verified-current,https://www.shirley-ma.gov/DocumentCenter/View/1343/2025-2026-Elected-Town-Officials-PDF,2026-08-25,Current official municipal roster/election evidence supports holder; unresolved markers are intentional.
Shirley,shirley-ma/ayer-shirley-regional-school-committee-member,2,Christopher Rupprecht,verified-current,https://www.shirley-ma.gov/DocumentCenter/View/1343/2025-2026-Elected-Town-Officials-PDF,2026-08-25,Current official municipal roster/election evidence supports holder; unresolved markers are intentional.
Shirley,shirley-ma/ayer-shirley-regional-school-committee-member,3,James Quinty,verified-current,https://www.shirley-ma.gov/DocumentCenter/View/1343/2025-2026-Elected-Town-Officials-PDF,2026-08-25,Current official municipal roster/election evidence supports holder; unresolved markers are intentional.
Shirley,shirley-ma/select-board-member,1,Debra Flagg,verified-current,https://www.shirley-ma.gov/DocumentCenter/View/1343/2025-2026-Elected-Town-Officials-PDF,2026-08-25,Current official municipal roster/election evidence supports holder; unresolved markers are intentional.
Shirley,shirley-ma/select-board-member,2,Brian Hildebrant,verified-current,https://www.shirley-ma.gov/DocumentCenter/View/1343/2025-2026-Elected-Town-Officials-PDF,2026-08-25,Current official municipal roster/election evidence supports holder; unresolved markers are intentional.
Shirley,shirley-ma/select-board-member,3,Andree Lourdes Jean-Jacques,verified-current,https://www.shirley-ma.gov/DocumentCenter/View/1343/2025-2026-Elected-Town-Officials-PDF,2026-08-25,Current official municipal roster/election evidence supports holder; unresolved markers are intentional.
Shirley,shirley-ma/sewer-commissioner,1,Paul Wilson,verified-current,https://shirley-ma.gov/434/Sewer-Commission,2026-08-25,Current official municipal roster/election evidence supports holder; unresolved markers are intentional.
Shirley,shirley-ma/sewer-commissioner,2,Dave Swain,verified-current,https://shirley-ma.gov/434/Sewer-Commission,2026-08-25,Current official municipal roster/election evidence supports holder; unresolved markers are intentional.
Shirley,shirley-ma/town-clerk,1,William Oelfke,verified-current,https://www.shirley-ma.gov/DocumentCenter/View/1343/2025-2026-Elected-Town-Officials-PDF,2026-08-25,Current official municipal roster/election evidence supports holder; unresolved markers are intentional.
Shirley,shirley-ma/war-memorial-trustee,1,Matthew Callahan,verified-current,https://www.shirley-ma.gov/DocumentCenter/View/1343/2025-2026-Elected-Town-Officials-PDF,2026-08-25,Current official municipal roster/election evidence supports holder; unresolved markers are intentional.
Shirley,shirley-ma/war-memorial-trustee,2,Aron Griffin,verified-current,https://www.shirley-ma.gov/DocumentCenter/View/1343/2025-2026-Elected-Town-Officials-PDF,2026-08-25,Current official municipal roster/election evidence supports holder; unresolved markers are intentional.
Shirley,shirley-ma/war-memorial-trustee,3,Karen Blood,verified-current,https://www.shirley-ma.gov/DocumentCenter/View/1343/2025-2026-Elected-Town-Officials-PDF,2026-08-25,Current official municipal roster/election evidence supports holder; unresolved markers are intentional.
Shirley,shirley-ma/war-memorial-trustee,4,Tristum Darby,verified-current,https://www.shirley-ma.gov/DocumentCenter/View/1343/2025-2026-Elected-Town-Officials-PDF,2026-08-25,Current official municipal roster/election evidence supports holder; unresolved markers are intentional.
Shirley,shirley-ma/war-memorial-trustee,5,Scott Bulger,verified-current,https://www.shirley-ma.gov/DocumentCenter/View/1343/2025-2026-Elected-Town-Officials-PDF,2026-08-25,Current official municipal roster/election evidence supports holder; unresolved markers are intentional.
Shrewsbury,shrewsbury-ma/moderator,1,James F. Kane,verified-current,https://www.shrewsburyma.gov/380/Town-Moderator,2026-08-25,Current official municipal roster/election evidence supports holder; unresolved markers are intentional.
Shrewsbury,shrewsbury-ma/select-board-member,1,Theresa H. Flynn,verified-current,https://shrewsburyma.gov/SelectBoard,2026-08-25,Current official municipal roster/election evidence supports holder; unresolved markers are intentional.
Shrewsbury,shrewsbury-ma/select-board-member,2,Carlos A. Garcia,verified-current,https://shrewsburyma.gov/SelectBoard,2026-08-25,Current official municipal roster/election evidence supports holder; unresolved markers are intentional.
Shrewsbury,shrewsbury-ma/select-board-member,3,Michelle K. Conlin,verified-current,https://shrewsburyma.gov/SelectBoard,2026-08-25,Current official municipal roster/election evidence supports holder; unresolved markers are intentional.
Shrewsbury,shrewsbury-ma/select-board-member,4,Gregg Richards,verified-current,https://shrewsburyma.gov/SelectBoard,2026-08-25,Current official municipal roster/election evidence supports holder; unresolved markers are intentional.
Shrewsbury,shrewsbury-ma/select-board-member,5,Anand Sharma,verified-current,https://shrewsburyma.gov/SelectBoard,2026-08-25,Current official municipal roster/election evidence supports holder; unresolved markers are intentional.
Shrewsbury,shrewsbury-ma/school-committee-member,1,Erin Boucher,verified-current,https://schools.shrewsburyma.gov/sc/people,2026-08-25,Current official municipal roster/election evidence supports holder; unresolved markers are intentional.
Shrewsbury,shrewsbury-ma/school-committee-member,2,Rachel Sharifipour,verified-current,https://schools.shrewsburyma.gov/sc/people,2026-08-25,Current official municipal roster/election evidence supports holder; unresolved markers are intentional.
Shrewsbury,shrewsbury-ma/school-committee-member,3,Jon Wensky,verified-current,https://schools.shrewsburyma.gov/sc/people,2026-08-25,Current official municipal roster/election evidence supports holder; unresolved markers are intentional.
Shrewsbury,shrewsbury-ma/school-committee-member,4,Nicole Torres,verified-current,https://schools.shrewsburyma.gov/sc/people,2026-08-25,Current official municipal roster/election evidence supports holder; unresolved markers are intentional.
Shrewsbury,shrewsbury-ma/school-committee-member,5,Rajesh Velagapudi,verified-current,https://schools.shrewsburyma.gov/sc/people,2026-08-25,Current official municipal roster/election evidence supports holder; unresolved markers are intentional.
Shrewsbury,shrewsbury-ma/library-trustee,1,Elizabeth Powers,verified-current,https://www.shrewsburyma.gov/385/Board-of-Library-Trustees,2026-08-25,Current official municipal roster/election evidence supports holder; unresolved markers are intentional.
Shrewsbury,shrewsbury-ma/library-trustee,2,April Jones Prince,verified-current,https://www.shrewsburyma.gov/385/Board-of-Library-Trustees,2026-08-25,Current official municipal roster/election evidence supports holder; unresolved markers are intentional.
Shrewsbury,shrewsbury-ma/library-trustee,3,Barbara Trudel,verified-current,https://www.shrewsburyma.gov/385/Board-of-Library-Trustees,2026-08-25,Current official municipal roster/election evidence supports holder; unresolved markers are intentional.
Shrewsbury,shrewsbury-ma/library-trustee,4,Deborah Lebeaux,verified-current,https://www.shrewsburyma.gov/385/Board-of-Library-Trustees,2026-08-25,Current official municipal roster/election evidence supports holder; unresolved markers are intentional.
Shrewsbury,shrewsbury-ma/library-trustee,5,Clare O'Connor,verified-current,https://www.shrewsburyma.gov/385/Board-of-Library-Trustees,2026-08-25,Current official municipal roster/election evidence supports holder; unresolved markers are intentional.
Shrewsbury,shrewsbury-ma/library-trustee,6,Poornima Tekumalla,verified-current,https://www.shrewsburyma.gov/385/Board-of-Library-Trustees,2026-08-25,Current official municipal roster/election evidence supports holder; unresolved markers are intentional.
Shrewsbury,shrewsbury-ma/library-trustee,7,Noor Ali,verified-current,https://www.shrewsburyma.gov/385/Board-of-Library-Trustees,2026-08-25,Current official municipal roster/election evidence supports holder; unresolved markers are intentional.
Shrewsbury,shrewsbury-ma/library-trustee,8,Louise Garone,verified-current,https://www.shrewsburyma.gov/385/Board-of-Library-Trustees,2026-08-25,Current official municipal roster/election evidence supports holder; unresolved markers are intentional.
Shrewsbury,shrewsbury-ma/library-trustee,9,Kathleen Thompson,verified-current,https://www.shrewsburyma.gov/385/Board-of-Library-Trustees,2026-08-25,Current official municipal roster/election evidence supports holder; unresolved markers are intentional.
Shrewsbury,shrewsbury-ma/housing-authority-member,1,Kathy Curran McSweeney,verified-current,https://www.shrewsburyma.gov/251/Housing-Authority,2026-08-25,Current official municipal roster/election evidence supports holder; unresolved markers are intentional.
Shrewsbury,shrewsbury-ma/housing-authority-member,2,Paul Campaniello,verified-current,https://www.shrewsburyma.gov/251/Housing-Authority,2026-08-25,Current official municipal roster/election evidence supports holder; unresolved markers are intentional.
Shrewsbury,shrewsbury-ma/housing-authority-member,3,Richard Ricker,verified-current,https://www.shrewsburyma.gov/251/Housing-Authority,2026-08-25,Current official municipal roster/election evidence supports holder; unresolved markers are intentional.
Shrewsbury,shrewsbury-ma/representative-town-meeting-member,1,,unresolved-current-holder,https://shrewsburyma.gov/1079/Annual-Town-Election-May-5-2026,2026-08-25,Representative Town Meeting has 240 direct-voter seats; this overlay preserves structure but does not fabricate a current 240-person roster.
Shrewsbury,shrewsbury-ma/representative-town-meeting-member,2,,unresolved-current-holder,https://shrewsburyma.gov/1079/Annual-Town-Election-May-5-2026,2026-08-25,Representative Town Meeting has 240 direct-voter seats; this overlay preserves structure but does not fabricate a current 240-person roster.
Shrewsbury,shrewsbury-ma/representative-town-meeting-member,3,,unresolved-current-holder,https://shrewsburyma.gov/1079/Annual-Town-Election-May-5-2026,2026-08-25,Representative Town Meeting has 240 direct-voter seats; this overlay preserves structure but does not fabricate a current 240-person roster.
Shrewsbury,shrewsbury-ma/representative-town-meeting-member,4,,unresolved-current-holder,https://shrewsburyma.gov/1079/Annual-Town-Election-May-5-2026,2026-08-25,Representative Town Meeting has 240 direct-voter seats; this overlay preserves structure but does not fabricate a current 240-person roster.
Shrewsbury,shrewsbury-ma/representative-town-meeting-member,5,,unresolved-current-holder,https://shrewsburyma.gov/1079/Annual-Town-Election-May-5-2026,2026-08-25,Representative Town Meeting has 240 direct-voter seats; this overlay preserves structure but does not fabricate a current 240-person roster.
Shrewsbury,shrewsbury-ma/representative-town-meeting-member,6,,unresolved-current-holder,https://shrewsburyma.gov/1079/Annual-Town-Election-May-5-2026,2026-08-25,Representative Town Meeting has 240 direct-voter seats; this overlay preserves structure but does not fabricate a current 240-person roster.
Shrewsbury,shrewsbury-ma/representative-town-meeting-member,7,,unresolved-current-holder,https://shrewsburyma.gov/1079/Annual-Town-Election-May-5-2026,2026-08-25,Representative Town Meeting has 240 direct-voter seats; this overlay preserves structure but does not fabricate a current 240-person roster.
Shrewsbury,shrewsbury-ma/representative-town-meeting-member,8,,unresolved-current-holder,https://shrewsburyma.gov/1079/Annual-Town-Election-May-5-2026,2026-08-25,Representative Town Meeting has 240 direct-voter seats; this overlay preserves structure but does not fabricate a current 240-person roster.
Shrewsbury,shrewsbury-ma/representative-town-meeting-member,9,,unresolved-current-holder,https://shrewsburyma.gov/1079/Annual-Town-Election-May-5-2026,2026-08-25,Representative Town Meeting has 240 direct-voter seats; this overlay preserves structure but does not fabricate a current 240-person roster.
Shrewsbury,shrewsbury-ma/representative-town-meeting-member,10,,unresolved-current-holder,https://shrewsburyma.gov/1079/Annual-Town-Election-May-5-2026,2026-08-25,Representative Town Meeting has 240 direct-voter seats; this overlay preserves structure but does not fabricate a current 240-person roster.
Shrewsbury,shrewsbury-ma/representative-town-meeting-member,11,,unresolved-current-holder,https://shrewsburyma.gov/1079/Annual-Town-Election-May-5-2026,2026-08-25,Representative Town Meeting has 240 direct-voter seats; this overlay preserves structure but does not fabricate a current 240-person roster.
Shrewsbury,shrewsbury-ma/representative-town-meeting-member,12,,unresolved-current-holder,https://shrewsburyma.gov/1079/Annual-Town-Election-May-5-2026,2026-08-25,Representative Town Meeting has 240 direct-voter seats; this overlay preserves structure but does not fabricate a current 240-person roster.
Shrewsbury,shrewsbury-ma/representative-town-meeting-member,13,,unresolved-current-holder,https://shrewsburyma.gov/1079/Annual-Town-Election-May-5-2026,2026-08-25,Representative Town Meeting has 240 direct-voter seats; this overlay preserves structure but does not fabricate a current 240-person roster.
Shrewsbury,shrewsbury-ma/representative-town-meeting-member,14,,unresolved-current-holder,https://shrewsburyma.gov/1079/Annual-Town-Election-May-5-2026,2026-08-25,Representative Town Meeting has 240 direct-voter seats; this overlay preserves structure but does not fabricate a current 240-person roster.
Shrewsbury,shrewsbury-ma/representative-town-meeting-member,15,,unresolved-current-holder,https://shrewsburyma.gov/1079/Annual-Town-Election-May-5-2026,2026-08-25,Representative Town Meeting has 240 direct-voter seats; this overlay preserves structure but does not fabricate a current 240-person roster.
Shrewsbury,shrewsbury-ma/representative-town-meeting-member,16,,unresolved-current-holder,https://shrewsburyma.gov/1079/Annual-Town-Election-May-5-2026,2026-08-25,Representative Town Meeting has 240 direct-voter seats; this overlay preserves structure but does not fabricate a current 240-person roster.
Shrewsbury,shrewsbury-ma/representative-town-meeting-member,17,,unresolved-current-holder,https://shrewsburyma.gov/1079/Annual-Town-Election-May-5-2026,2026-08-25,Representative Town Meeting has 240 direct-voter seats; this overlay preserves structure but does not fabricate a current 240-person roster.
Shrewsbury,shrewsbury-ma/representative-town-meeting-member,18,,unresolved-current-holder,https://shrewsburyma.gov/1079/Annual-Town-Election-May-5-2026,2026-08-25,Representative Town Meeting has 240 direct-voter seats; this overlay preserves structure but does not fabricate a current 240-person roster.
Shrewsbury,shrewsbury-ma/representative-town-meeting-member,19,,unresolved-current-holder,https://shrewsburyma.gov/1079/Annual-Town-Election-May-5-2026,2026-08-25,Representative Town Meeting has 240 direct-voter seats; this overlay preserves structure but does not fabricate a current 240-person roster.
Shrewsbury,shrewsbury-ma/representative-town-meeting-member,20,,unresolved-current-holder,https://shrewsburyma.gov/1079/Annual-Town-Election-May-5-2026,2026-08-25,Representative Town Meeting has 240 direct-voter seats; this overlay preserves structure but does not fabricate a current 240-person roster.
Shrewsbury,shrewsbury-ma/representative-town-meeting-member,21,,unresolved-current-holder,https://shrewsburyma.gov/1079/Annual-Town-Election-May-5-2026,2026-08-25,Representative Town Meeting has 240 direct-voter seats; this overlay preserves structure but does not fabricate a current 240-person roster.
Shrewsbury,shrewsbury-ma/representative-town-meeting-member,22,,unresolved-current-holder,https://shrewsburyma.gov/1079/Annual-Town-Election-May-5-2026,2026-08-25,Representative Town Meeting has 240 direct-voter seats; this overlay preserves structure but does not fabricate a current 240-person roster.
Shrewsbury,shrewsbury-ma/representative-town-meeting-member,23,,unresolved-current-holder,https://shrewsburyma.gov/1079/Annual-Town-Election-May-5-2026,2026-08-25,Representative Town Meeting has 240 direct-voter seats; this overlay preserves structure but does not fabricate a current 240-person roster.
Shrewsbury,shrewsbury-ma/representative-town-meeting-member,24,,unresolved-current-holder,https://shrewsburyma.gov/1079/Annual-Town-Election-May-5-2026,2026-08-25,Representative Town Meeting has 240 direct-voter seats; this overlay preserves structure but does not fabricate a current 240-person roster.
Shrewsbury,shrewsbury-ma/representative-town-meeting-member,25,,unresolved-current-holder,https://shrewsburyma.gov/1079/Annual-Town-Election-May-5-2026,2026-08-25,Representative Town Meeting has 240 direct-voter seats; this overlay preserves structure but does not fabricate a current 240-person roster.
Shrewsbury,shrewsbury-ma/representative-town-meeting-member,26,,unresolved-current-holder,https://shrewsburyma.gov/1079/Annual-Town-Election-May-5-2026,2026-08-25,Representative Town Meeting has 240 direct-voter seats; this overlay preserves structure but does not fabricate a current 240-person roster.
Shrewsbury,shrewsbury-ma/representative-town-meeting-member,27,,unresolved-current-holder,https://shrewsburyma.gov/1079/Annual-Town-Election-May-5-2026,2026-08-25,Representative Town Meeting has 240 direct-voter seats; this overlay preserves structure but does not fabricate a current 240-person roster.
Shrewsbury,shrewsbury-ma/representative-town-meeting-member,28,,unresolved-current-holder,https://shrewsburyma.gov/1079/Annual-Town-Election-May-5-2026,2026-08-25,Representative Town Meeting has 240 direct-voter seats; this overlay preserves structure but does not fabricate a current 240-person roster.
Shrewsbury,shrewsbury-ma/representative-town-meeting-member,29,,unresolved-current-holder,https://shrewsburyma.gov/1079/Annual-Town-Election-May-5-2026,2026-08-25,Representative Town Meeting has 240 direct-voter seats; this overlay preserves structure but does not fabricate a current 240-person roster.
Shrewsbury,shrewsbury-ma/representative-town-meeting-member,30,,unresolved-current-holder,https://shrewsburyma.gov/1079/Annual-Town-Election-May-5-2026,2026-08-25,Representative Town Meeting has 240 direct-voter seats; this overlay preserves structure but does not fabricate a current 240-person roster.
Shrewsbury,shrewsbury-ma/representative-town-meeting-member,31,,unresolved-current-holder,https://shrewsburyma.gov/1079/Annual-Town-Election-May-5-2026,2026-08-25,Representative Town Meeting has 240 direct-voter seats; this overlay preserves structure but does not fabricate a current 240-person roster.
Shrewsbury,shrewsbury-ma/representative-town-meeting-member,32,,unresolved-current-holder,https://shrewsburyma.gov/1079/Annual-Town-Election-May-5-2026,2026-08-25,Representative Town Meeting has 240 direct-voter seats; this overlay preserves structure but does not fabricate a current 240-person roster.
Shrewsbury,shrewsbury-ma/representative-town-meeting-member,33,,unresolved-current-holder,https://shrewsburyma.gov/1079/Annual-Town-Election-May-5-2026,2026-08-25,Representative Town Meeting has 240 direct-voter seats; this overlay preserves structure but does not fabricate a current 240-person roster.
Shrewsbury,shrewsbury-ma/representative-town-meeting-member,34,,unresolved-current-holder,https://shrewsburyma.gov/1079/Annual-Town-Election-May-5-2026,2026-08-25,Representative Town Meeting has 240 direct-voter seats; this overlay preserves structure but does not fabricate a current 240-person roster.
Shrewsbury,shrewsbury-ma/representative-town-meeting-member,35,,unresolved-current-holder,https://shrewsburyma.gov/1079/Annual-Town-Election-May-5-2026,2026-08-25,Representative Town Meeting has 240 direct-voter seats; this overlay preserves structure but does not fabricate a current 240-person roster.
Shrewsbury,shrewsbury-ma/representative-town-meeting-member,36,,unresolved-current-holder,https://shrewsburyma.gov/1079/Annual-Town-Election-May-5-2026,2026-08-25,Representative Town Meeting has 240 direct-voter seats; this overlay preserves structure but does not fabricate a current 240-person roster.
Shrewsbury,shrewsbury-ma/representative-town-meeting-member,37,,unresolved-current-holder,https://shrewsburyma.gov/1079/Annual-Town-Election-May-5-2026,2026-08-25,Representative Town Meeting has 240 direct-voter seats; this overlay preserves structure but does not fabricate a current 240-person roster.
Shrewsbury,shrewsbury-ma/representative-town-meeting-member,38,,unresolved-current-holder,https://shrewsburyma.gov/1079/Annual-Town-Election-May-5-2026,2026-08-25,Representative Town Meeting has 240 direct-voter seats; this overlay preserves structure but does not fabricate a current 240-person roster.
Shrewsbury,shrewsbury-ma/representative-town-meeting-member,39,,unresolved-current-holder,https://shrewsburyma.gov/1079/Annual-Town-Election-May-5-2026,2026-08-25,Representative Town Meeting has 240 direct-voter seats; this overlay preserves structure but does not fabricate a current 240-person roster.
Shrewsbury,shrewsbury-ma/representative-town-meeting-member,40,,unresolved-current-holder,https://shrewsburyma.gov/1079/Annual-Town-Election-May-5-2026,2026-08-25,Representative Town Meeting has 240 direct-voter seats; this overlay preserves structure but does not fabricate a current 240-person roster.
Shrewsbury,shrewsbury-ma/representative-town-meeting-member,41,,unresolved-current-holder,https://shrewsburyma.gov/1079/Annual-Town-Election-May-5-2026,2026-08-25,Representative Town Meeting has 240 direct-voter seats; this overlay preserves structure but does not fabricate a current 240-person roster.
Shrewsbury,shrewsbury-ma/representative-town-meeting-member,42,,unresolved-current-holder,https://shrewsburyma.gov/1079/Annual-Town-Election-May-5-2026,2026-08-25,Representative Town Meeting has 240 direct-voter seats; this overlay preserves structure but does not fabricate a current 240-person roster.
Shrewsbury,shrewsbury-ma/representative-town-meeting-member,43,,unresolved-current-holder,https://shrewsburyma.gov/1079/Annual-Town-Election-May-5-2026,2026-08-25,Representative Town Meeting has 240 direct-voter seats; this overlay preserves structure but does not fabricate a current 240-person roster.
Shrewsbury,shrewsbury-ma/representative-town-meeting-member,44,,unresolved-current-holder,https://shrewsburyma.gov/1079/Annual-Town-Election-May-5-2026,2026-08-25,Representative Town Meeting has 240 direct-voter seats; this overlay preserves structure but does not fabricate a current 240-person roster.
Shrewsbury,shrewsbury-ma/representative-town-meeting-member,45,,unresolved-current-holder,https://shrewsburyma.gov/1079/Annual-Town-Election-May-5-2026,2026-08-25,Representative Town Meeting has 240 direct-voter seats; this overlay preserves structure but does not fabricate a current 240-person roster.
Shrewsbury,shrewsbury-ma/representative-town-meeting-member,46,,unresolved-current-holder,https://shrewsburyma.gov/1079/Annual-Town-Election-May-5-2026,2026-08-25,Representative Town Meeting has 240 direct-voter seats; this overlay preserves structure but does not fabricate a current 240-person roster.
Shrewsbury,shrewsbury-ma/representative-town-meeting-member,47,,unresolved-current-holder,https://shrewsburyma.gov/1079/Annual-Town-Election-May-5-2026,2026-08-25,Representative Town Meeting has 240 direct-voter seats; this overlay preserves structure but does not fabricate a current 240-person roster.
Shrewsbury,shrewsbury-ma/representative-town-meeting-member,48,,unresolved-current-holder,https://shrewsburyma.gov/1079/Annual-Town-Election-May-5-2026,2026-08-25,Representative Town Meeting has 240 direct-voter seats; this overlay preserves structure but does not fabricate a current 240-person roster.
Shrewsbury,shrewsbury-ma/representative-town-meeting-member,49,,unresolved-current-holder,https://shrewsburyma.gov/1079/Annual-Town-Election-May-5-2026,2026-08-25,Representative Town Meeting has 240 direct-voter seats; this overlay preserves structure but does not fabricate a current 240-person roster.
Shrewsbury,shrewsbury-ma/representative-town-meeting-member,50,,unresolved-current-holder,https://shrewsburyma.gov/1079/Annual-Town-Election-May-5-2026,2026-08-25,Representative Town Meeting has 240 direct-voter seats; this overlay preserves structure but does not fabricate a current 240-person roster.
Shrewsbury,shrewsbury-ma/representative-town-meeting-member,51,,unresolved-current-holder,https://shrewsburyma.gov/1079/Annual-Town-Election-May-5-2026,2026-08-25,Representative Town Meeting has 240 direct-voter seats; this overlay preserves structure but does not fabricate a current 240-person roster.
Shrewsbury,shrewsbury-ma/representative-town-meeting-member,52,,unresolved-current-holder,https://shrewsburyma.gov/1079/Annual-Town-Election-May-5-2026,2026-08-25,Representative Town Meeting has 240 direct-voter seats; this overlay preserves structure but does not fabricate a current 240-person roster.
Shrewsbury,shrewsbury-ma/representative-town-meeting-member,53,,unresolved-current-holder,https://shrewsburyma.gov/1079/Annual-Town-Election-May-5-2026,2026-08-25,Representative Town Meeting has 240 direct-voter seats; this overlay preserves structure but does not fabricate a current 240-person roster.
Shrewsbury,shrewsbury-ma/representative-town-meeting-member,54,,unresolved-current-holder,https://shrewsburyma.gov/1079/Annual-Town-Election-May-5-2026,2026-08-25,Representative Town Meeting has 240 direct-voter seats; this overlay preserves structure but does not fabricate a current 240-person roster.
Shrewsbury,shrewsbury-ma/representative-town-meeting-member,55,,unresolved-current-holder,https://shrewsburyma.gov/1079/Annual-Town-Election-May-5-2026,2026-08-25,Representative Town Meeting has 240 direct-voter seats; this overlay preserves structure but does not fabricate a current 240-person roster.
Shrewsbury,shrewsbury-ma/representative-town-meeting-member,56,,unresolved-current-holder,https://shrewsburyma.gov/1079/Annual-Town-Election-May-5-2026,2026-08-25,Representative Town Meeting has 240 direct-voter seats; this overlay preserves structure but does not fabricate a current 240-person roster.
Shrewsbury,shrewsbury-ma/representative-town-meeting-member,57,,unresolved-current-holder,https://shrewsburyma.gov/1079/Annual-Town-Election-May-5-2026,2026-08-25,Representative Town Meeting has 240 direct-voter seats; this overlay preserves structure but does not fabricate a current 240-person roster.
Shrewsbury,shrewsbury-ma/representative-town-meeting-member,58,,unresolved-current-holder,https://shrewsburyma.gov/1079/Annual-Town-Election-May-5-2026,2026-08-25,Representative Town Meeting has 240 direct-voter seats; this overlay preserves structure but does not fabricate a current 240-person roster.
Shrewsbury,shrewsbury-ma/representative-town-meeting-member,59,,unresolved-current-holder,https://shrewsburyma.gov/1079/Annual-Town-Election-May-5-2026,2026-08-25,Representative Town Meeting has 240 direct-voter seats; this overlay preserves structure but does not fabricate a current 240-person roster.
Shrewsbury,shrewsbury-ma/representative-town-meeting-member,60,,unresolved-current-holder,https://shrewsburyma.gov/1079/Annual-Town-Election-May-5-2026,2026-08-25,Representative Town Meeting has 240 direct-voter seats; this overlay preserves structure but does not fabricate a current 240-person roster.
Shrewsbury,shrewsbury-ma/representative-town-meeting-member,61,,unresolved-current-holder,https://shrewsburyma.gov/1079/Annual-Town-Election-May-5-2026,2026-08-25,Representative Town Meeting has 240 direct-voter seats; this overlay preserves structure but does not fabricate a current 240-person roster.
Shrewsbury,shrewsbury-ma/representative-town-meeting-member,62,,unresolved-current-holder,https://shrewsburyma.gov/1079/Annual-Town-Election-May-5-2026,2026-08-25,Representative Town Meeting has 240 direct-voter seats; this overlay preserves structure but does not fabricate a current 240-person roster.
Shrewsbury,shrewsbury-ma/representative-town-meeting-member,63,,unresolved-current-holder,https://shrewsburyma.gov/1079/Annual-Town-Election-May-5-2026,2026-08-25,Representative Town Meeting has 240 direct-voter seats; this overlay preserves structure but does not fabricate a current 240-person roster.
Shrewsbury,shrewsbury-ma/representative-town-meeting-member,64,,unresolved-current-holder,https://shrewsburyma.gov/1079/Annual-Town-Election-May-5-2026,2026-08-25,Representative Town Meeting has 240 direct-voter seats; this overlay preserves structure but does not fabricate a current 240-person roster.
Shrewsbury,shrewsbury-ma/representative-town-meeting-member,65,,unresolved-current-holder,https://shrewsburyma.gov/1079/Annual-Town-Election-May-5-2026,2026-08-25,Representative Town Meeting has 240 direct-voter seats; this overlay preserves structure but does not fabricate a current 240-person roster.
Shrewsbury,shrewsbury-ma/representative-town-meeting-member,66,,unresolved-current-holder,https://shrewsburyma.gov/1079/Annual-Town-Election-May-5-2026,2026-08-25,Representative Town Meeting has 240 direct-voter seats; this overlay preserves structure but does not fabricate a current 240-person roster.
Shrewsbury,shrewsbury-ma/representative-town-meeting-member,67,,unresolved-current-holder,https://shrewsburyma.gov/1079/Annual-Town-Election-May-5-2026,2026-08-25,Representative Town Meeting has 240 direct-voter seats; this overlay preserves structure but does not fabricate a current 240-person roster.
Shrewsbury,shrewsbury-ma/representative-town-meeting-member,68,,unresolved-current-holder,https://shrewsburyma.gov/1079/Annual-Town-Election-May-5-2026,2026-08-25,Representative Town Meeting has 240 direct-voter seats; this overlay preserves structure but does not fabricate a current 240-person roster.
Shrewsbury,shrewsbury-ma/representative-town-meeting-member,69,,unresolved-current-holder,https://shrewsburyma.gov/1079/Annual-Town-Election-May-5-2026,2026-08-25,Representative Town Meeting has 240 direct-voter seats; this overlay preserves structure but does not fabricate a current 240-person roster.
Shrewsbury,shrewsbury-ma/representative-town-meeting-member,70,,unresolved-current-holder,https://shrewsburyma.gov/1079/Annual-Town-Election-May-5-2026,2026-08-25,Representative Town Meeting has 240 direct-voter seats; this overlay preserves structure but does not fabricate a current 240-person roster.
Shrewsbury,shrewsbury-ma/representative-town-meeting-member,71,,unresolved-current-holder,https://shrewsburyma.gov/1079/Annual-Town-Election-May-5-2026,2026-08-25,Representative Town Meeting has 240 direct-voter seats; this overlay preserves structure but does not fabricate a current 240-person roster.
Shrewsbury,shrewsbury-ma/representative-town-meeting-member,72,,unresolved-current-holder,https://shrewsburyma.gov/1079/Annual-Town-Election-May-5-2026,2026-08-25,Representative Town Meeting has 240 direct-voter seats; this overlay preserves structure but does not fabricate a current 240-person roster.
Shrewsbury,shrewsbury-ma/representative-town-meeting-member,73,,unresolved-current-holder,https://shrewsburyma.gov/1079/Annual-Town-Election-May-5-2026,2026-08-25,Representative Town Meeting has 240 direct-voter seats; this overlay preserves structure but does not fabricate a current 240-person roster.
Shrewsbury,shrewsbury-ma/representative-town-meeting-member,74,,unresolved-current-holder,https://shrewsburyma.gov/1079/Annual-Town-Election-May-5-2026,2026-08-25,Representative Town Meeting has 240 direct-voter seats; this overlay preserves structure but does not fabricate a current 240-person roster.
Shrewsbury,shrewsbury-ma/representative-town-meeting-member,75,,unresolved-current-holder,https://shrewsburyma.gov/1079/Annual-Town-Election-May-5-2026,2026-08-25,Representative Town Meeting has 240 direct-voter seats; this overlay preserves structure but does not fabricate a current 240-person roster.
Shrewsbury,shrewsbury-ma/representative-town-meeting-member,76,,unresolved-current-holder,https://shrewsburyma.gov/1079/Annual-Town-Election-May-5-2026,2026-08-25,Representative Town Meeting has 240 direct-voter seats; this overlay preserves structure but does not fabricate a current 240-person roster.
Shrewsbury,shrewsbury-ma/representative-town-meeting-member,77,,unresolved-current-holder,https://shrewsburyma.gov/1079/Annual-Town-Election-May-5-2026,2026-08-25,Representative Town Meeting has 240 direct-voter seats; this overlay preserves structure but does not fabricate a current 240-person roster.
Shrewsbury,shrewsbury-ma/representative-town-meeting-member,78,,unresolved-current-holder,https://shrewsburyma.gov/1079/Annual-Town-Election-May-5-2026,2026-08-25,Representative Town Meeting has 240 direct-voter seats; this overlay preserves structure but does not fabricate a current 240-person roster.
Shrewsbury,shrewsbury-ma/representative-town-meeting-member,79,,unresolved-current-holder,https://shrewsburyma.gov/1079/Annual-Town-Election-May-5-2026,2026-08-25,Representative Town Meeting has 240 direct-voter seats; this overlay preserves structure but does not fabricate a current 240-person roster.
Shrewsbury,shrewsbury-ma/representative-town-meeting-member,80,,unresolved-current-holder,https://shrewsburyma.gov/1079/Annual-Town-Election-May-5-2026,2026-08-25,Representative Town Meeting has 240 direct-voter seats; this overlay preserves structure but does not fabricate a current 240-person roster.
Shrewsbury,shrewsbury-ma/representative-town-meeting-member,81,,unresolved-current-holder,https://shrewsburyma.gov/1079/Annual-Town-Election-May-5-2026,2026-08-25,Representative Town Meeting has 240 direct-voter seats; this overlay preserves structure but does not fabricate a current 240-person roster.
Shrewsbury,shrewsbury-ma/representative-town-meeting-member,82,,unresolved-current-holder,https://shrewsburyma.gov/1079/Annual-Town-Election-May-5-2026,2026-08-25,Representative Town Meeting has 240 direct-voter seats; this overlay preserves structure but does not fabricate a current 240-person roster.
Shrewsbury,shrewsbury-ma/representative-town-meeting-member,83,,unresolved-current-holder,https://shrewsburyma.gov/1079/Annual-Town-Election-May-5-2026,2026-08-25,Representative Town Meeting has 240 direct-voter seats; this overlay preserves structure but does not fabricate a current 240-person roster.
Shrewsbury,shrewsbury-ma/representative-town-meeting-member,84,,unresolved-current-holder,https://shrewsburyma.gov/1079/Annual-Town-Election-May-5-2026,2026-08-25,Representative Town Meeting has 240 direct-voter seats; this overlay preserves structure but does not fabricate a current 240-person roster.
Shrewsbury,shrewsbury-ma/representative-town-meeting-member,85,,unresolved-current-holder,https://shrewsburyma.gov/1079/Annual-Town-Election-May-5-2026,2026-08-25,Representative Town Meeting has 240 direct-voter seats; this overlay preserves structure but does not fabricate a current 240-person roster.
Shrewsbury,shrewsbury-ma/representative-town-meeting-member,86,,unresolved-current-holder,https://shrewsburyma.gov/1079/Annual-Town-Election-May-5-2026,2026-08-25,Representative Town Meeting has 240 direct-voter seats; this overlay preserves structure but does not fabricate a current 240-person roster.
Shrewsbury,shrewsbury-ma/representative-town-meeting-member,87,,unresolved-current-holder,https://shrewsburyma.gov/1079/Annual-Town-Election-May-5-2026,2026-08-25,Representative Town Meeting has 240 direct-voter seats; this overlay preserves structure but does not fabricate a current 240-person roster.
Shrewsbury,shrewsbury-ma/representative-town-meeting-member,88,,unresolved-current-holder,https://shrewsburyma.gov/1079/Annual-Town-Election-May-5-2026,2026-08-25,Representative Town Meeting has 240 direct-voter seats; this overlay preserves structure but does not fabricate a current 240-person roster.
Shrewsbury,shrewsbury-ma/representative-town-meeting-member,89,,unresolved-current-holder,https://shrewsburyma.gov/1079/Annual-Town-Election-May-5-2026,2026-08-25,Representative Town Meeting has 240 direct-voter seats; this overlay preserves structure but does not fabricate a current 240-person roster.
Shrewsbury,shrewsbury-ma/representative-town-meeting-member,90,,unresolved-current-holder,https://shrewsburyma.gov/1079/Annual-Town-Election-May-5-2026,2026-08-25,Representative Town Meeting has 240 direct-voter seats; this overlay preserves structure but does not fabricate a current 240-person roster.
Shrewsbury,shrewsbury-ma/representative-town-meeting-member,91,,unresolved-current-holder,https://shrewsburyma.gov/1079/Annual-Town-Election-May-5-2026,2026-08-25,Representative Town Meeting has 240 direct-voter seats; this overlay preserves structure but does not fabricate a current 240-person roster.
Shrewsbury,shrewsbury-ma/representative-town-meeting-member,92,,unresolved-current-holder,https://shrewsburyma.gov/1079/Annual-Town-Election-May-5-2026,2026-08-25,Representative Town Meeting has 240 direct-voter seats; this overlay preserves structure but does not fabricate a current 240-person roster.
Shrewsbury,shrewsbury-ma/representative-town-meeting-member,93,,unresolved-current-holder,https://shrewsburyma.gov/1079/Annual-Town-Election-May-5-2026,2026-08-25,Representative Town Meeting has 240 direct-voter seats; this overlay preserves structure but does not fabricate a current 240-person roster.
Shrewsbury,shrewsbury-ma/representative-town-meeting-member,94,,unresolved-current-holder,https://shrewsburyma.gov/1079/Annual-Town-Election-May-5-2026,2026-08-25,Representative Town Meeting has 240 direct-voter seats; this overlay preserves structure but does not fabricate a current 240-person roster.
Shrewsbury,shrewsbury-ma/representative-town-meeting-member,95,,unresolved-current-holder,https://shrewsburyma.gov/1079/Annual-Town-Election-May-5-2026,2026-08-25,Representative Town Meeting has 240 direct-voter seats; this overlay preserves structure but does not fabricate a current 240-person roster.
Shrewsbury,shrewsbury-ma/representative-town-meeting-member,96,,unresolved-current-holder,https://shrewsburyma.gov/1079/Annual-Town-Election-May-5-2026,2026-08-25,Representative Town Meeting has 240 direct-voter seats; this overlay preserves structure but does not fabricate a current 240-person roster.
Shrewsbury,shrewsbury-ma/representative-town-meeting-member,97,,unresolved-current-holder,https://shrewsburyma.gov/1079/Annual-Town-Election-May-5-2026,2026-08-25,Representative Town Meeting has 240 direct-voter seats; this overlay preserves structure but does not fabricate a current 240-person roster.
Shrewsbury,shrewsbury-ma/representative-town-meeting-member,98,,unresolved-current-holder,https://shrewsburyma.gov/1079/Annual-Town-Election-May-5-2026,2026-08-25,Representative Town Meeting has 240 direct-voter seats; this overlay preserves structure but does not fabricate a current 240-person roster.
Shrewsbury,shrewsbury-ma/representative-town-meeting-member,99,,unresolved-current-holder,https://shrewsburyma.gov/1079/Annual-Town-Election-May-5-2026,2026-08-25,Representative Town Meeting has 240 direct-voter seats; this overlay preserves structure but does not fabricate a current 240-person roster.
Shrewsbury,shrewsbury-ma/representative-town-meeting-member,100,,unresolved-current-holder,https://shrewsburyma.gov/1079/Annual-Town-Election-May-5-2026,2026-08-25,Representative Town Meeting has 240 direct-voter seats; this overlay preserves structure but does not fabricate a current 240-person roster.
Shrewsbury,shrewsbury-ma/representative-town-meeting-member,101,,unresolved-current-holder,https://shrewsburyma.gov/1079/Annual-Town-Election-May-5-2026,2026-08-25,Representative Town Meeting has 240 direct-voter seats; this overlay preserves structure but does not fabricate a current 240-person roster.
Shrewsbury,shrewsbury-ma/representative-town-meeting-member,102,,unresolved-current-holder,https://shrewsburyma.gov/1079/Annual-Town-Election-May-5-2026,2026-08-25,Representative Town Meeting has 240 direct-voter seats; this overlay preserves structure but does not fabricate a current 240-person roster.
Shrewsbury,shrewsbury-ma/representative-town-meeting-member,103,,unresolved-current-holder,https://shrewsburyma.gov/1079/Annual-Town-Election-May-5-2026,2026-08-25,Representative Town Meeting has 240 direct-voter seats; this overlay preserves structure but does not fabricate a current 240-person roster.
Shrewsbury,shrewsbury-ma/representative-town-meeting-member,104,,unresolved-current-holder,https://shrewsburyma.gov/1079/Annual-Town-Election-May-5-2026,2026-08-25,Representative Town Meeting has 240 direct-voter seats; this overlay preserves structure but does not fabricate a current 240-person roster.
Shrewsbury,shrewsbury-ma/representative-town-meeting-member,105,,unresolved-current-holder,https://shrewsburyma.gov/1079/Annual-Town-Election-May-5-2026,2026-08-25,Representative Town Meeting has 240 direct-voter seats; this overlay preserves structure but does not fabricate a current 240-person roster.
Shrewsbury,shrewsbury-ma/representative-town-meeting-member,106,,unresolved-current-holder,https://shrewsburyma.gov/1079/Annual-Town-Election-May-5-2026,2026-08-25,Representative Town Meeting has 240 direct-voter seats; this overlay preserves structure but does not fabricate a current 240-person roster.
Shrewsbury,shrewsbury-ma/representative-town-meeting-member,107,,unresolved-current-holder,https://shrewsburyma.gov/1079/Annual-Town-Election-May-5-2026,2026-08-25,Representative Town Meeting has 240 direct-voter seats; this overlay preserves structure but does not fabricate a current 240-person roster.
Shrewsbury,shrewsbury-ma/representative-town-meeting-member,108,,unresolved-current-holder,https://shrewsburyma.gov/1079/Annual-Town-Election-May-5-2026,2026-08-25,Representative Town Meeting has 240 direct-voter seats; this overlay preserves structure but does not fabricate a current 240-person roster.
Shrewsbury,shrewsbury-ma/representative-town-meeting-member,109,,unresolved-current-holder,https://shrewsburyma.gov/1079/Annual-Town-Election-May-5-2026,2026-08-25,Representative Town Meeting has 240 direct-voter seats; this overlay preserves structure but does not fabricate a current 240-person roster.
Shrewsbury,shrewsbury-ma/representative-town-meeting-member,110,,unresolved-current-holder,https://shrewsburyma.gov/1079/Annual-Town-Election-May-5-2026,2026-08-25,Representative Town Meeting has 240 direct-voter seats; this overlay preserves structure but does not fabricate a current 240-person roster.
Shrewsbury,shrewsbury-ma/representative-town-meeting-member,111,,unresolved-current-holder,https://shrewsburyma.gov/1079/Annual-Town-Election-May-5-2026,2026-08-25,Representative Town Meeting has 240 direct-voter seats; this overlay preserves structure but does not fabricate a current 240-person roster.
Shrewsbury,shrewsbury-ma/representative-town-meeting-member,112,,unresolved-current-holder,https://shrewsburyma.gov/1079/Annual-Town-Election-May-5-2026,2026-08-25,Representative Town Meeting has 240 direct-voter seats; this overlay preserves structure but does not fabricate a current 240-person roster.
Shrewsbury,shrewsbury-ma/representative-town-meeting-member,113,,unresolved-current-holder,https://shrewsburyma.gov/1079/Annual-Town-Election-May-5-2026,2026-08-25,Representative Town Meeting has 240 direct-voter seats; this overlay preserves structure but does not fabricate a current 240-person roster.
Shrewsbury,shrewsbury-ma/representative-town-meeting-member,114,,unresolved-current-holder,https://shrewsburyma.gov/1079/Annual-Town-Election-May-5-2026,2026-08-25,Representative Town Meeting has 240 direct-voter seats; this overlay preserves structure but does not fabricate a current 240-person roster.
Shrewsbury,shrewsbury-ma/representative-town-meeting-member,115,,unresolved-current-holder,https://shrewsburyma.gov/1079/Annual-Town-Election-May-5-2026,2026-08-25,Representative Town Meeting has 240 direct-voter seats; this overlay preserves structure but does not fabricate a current 240-person roster.
Shrewsbury,shrewsbury-ma/representative-town-meeting-member,116,,unresolved-current-holder,https://shrewsburyma.gov/1079/Annual-Town-Election-May-5-2026,2026-08-25,Representative Town Meeting has 240 direct-voter seats; this overlay preserves structure but does not fabricate a current 240-person roster.
Shrewsbury,shrewsbury-ma/representative-town-meeting-member,117,,unresolved-current-holder,https://shrewsburyma.gov/1079/Annual-Town-Election-May-5-2026,2026-08-25,Representative Town Meeting has 240 direct-voter seats; this overlay preserves structure but does not fabricate a current 240-person roster.
Shrewsbury,shrewsbury-ma/representative-town-meeting-member,118,,unresolved-current-holder,https://shrewsburyma.gov/1079/Annual-Town-Election-May-5-2026,2026-08-25,Representative Town Meeting has 240 direct-voter seats; this overlay preserves structure but does not fabricate a current 240-person roster.
Shrewsbury,shrewsbury-ma/representative-town-meeting-member,119,,unresolved-current-holder,https://shrewsburyma.gov/1079/Annual-Town-Election-May-5-2026,2026-08-25,Representative Town Meeting has 240 direct-voter seats; this overlay preserves structure but does not fabricate a current 240-person roster.
Shrewsbury,shrewsbury-ma/representative-town-meeting-member,120,,unresolved-current-holder,https://shrewsburyma.gov/1079/Annual-Town-Election-May-5-2026,2026-08-25,Representative Town Meeting has 240 direct-voter seats; this overlay preserves structure but does not fabricate a current 240-person roster.
Shrewsbury,shrewsbury-ma/representative-town-meeting-member,121,,unresolved-current-holder,https://shrewsburyma.gov/1079/Annual-Town-Election-May-5-2026,2026-08-25,Representative Town Meeting has 240 direct-voter seats; this overlay preserves structure but does not fabricate a current 240-person roster.
Shrewsbury,shrewsbury-ma/representative-town-meeting-member,122,,unresolved-current-holder,https://shrewsburyma.gov/1079/Annual-Town-Election-May-5-2026,2026-08-25,Representative Town Meeting has 240 direct-voter seats; this overlay preserves structure but does not fabricate a current 240-person roster.
Shrewsbury,shrewsbury-ma/representative-town-meeting-member,123,,unresolved-current-holder,https://shrewsburyma.gov/1079/Annual-Town-Election-May-5-2026,2026-08-25,Representative Town Meeting has 240 direct-voter seats; this overlay preserves structure but does not fabricate a current 240-person roster.
Shrewsbury,shrewsbury-ma/representative-town-meeting-member,124,,unresolved-current-holder,https://shrewsburyma.gov/1079/Annual-Town-Election-May-5-2026,2026-08-25,Representative Town Meeting has 240 direct-voter seats; this overlay preserves structure but does not fabricate a current 240-person roster.
Shrewsbury,shrewsbury-ma/representative-town-meeting-member,125,,unresolved-current-holder,https://shrewsburyma.gov/1079/Annual-Town-Election-May-5-2026,2026-08-25,Representative Town Meeting has 240 direct-voter seats; this overlay preserves structure but does not fabricate a current 240-person roster.
Shrewsbury,shrewsbury-ma/representative-town-meeting-member,126,,unresolved-current-holder,https://shrewsburyma.gov/1079/Annual-Town-Election-May-5-2026,2026-08-25,Representative Town Meeting has 240 direct-voter seats; this overlay preserves structure but does not fabricate a current 240-person roster.
Shrewsbury,shrewsbury-ma/representative-town-meeting-member,127,,unresolved-current-holder,https://shrewsburyma.gov/1079/Annual-Town-Election-May-5-2026,2026-08-25,Representative Town Meeting has 240 direct-voter seats; this overlay preserves structure but does not fabricate a current 240-person roster.
Shrewsbury,shrewsbury-ma/representative-town-meeting-member,128,,unresolved-current-holder,https://shrewsburyma.gov/1079/Annual-Town-Election-May-5-2026,2026-08-25,Representative Town Meeting has 240 direct-voter seats; this overlay preserves structure but does not fabricate a current 240-person roster.
Shrewsbury,shrewsbury-ma/representative-town-meeting-member,129,,unresolved-current-holder,https://shrewsburyma.gov/1079/Annual-Town-Election-May-5-2026,2026-08-25,Representative Town Meeting has 240 direct-voter seats; this overlay preserves structure but does not fabricate a current 240-person roster.
Shrewsbury,shrewsbury-ma/representative-town-meeting-member,130,,unresolved-current-holder,https://shrewsburyma.gov/1079/Annual-Town-Election-May-5-2026,2026-08-25,Representative Town Meeting has 240 direct-voter seats; this overlay preserves structure but does not fabricate a current 240-person roster.
Shrewsbury,shrewsbury-ma/representative-town-meeting-member,131,,unresolved-current-holder,https://shrewsburyma.gov/1079/Annual-Town-Election-May-5-2026,2026-08-25,Representative Town Meeting has 240 direct-voter seats; this overlay preserves structure but does not fabricate a current 240-person roster.
Shrewsbury,shrewsbury-ma/representative-town-meeting-member,132,,unresolved-current-holder,https://shrewsburyma.gov/1079/Annual-Town-Election-May-5-2026,2026-08-25,Representative Town Meeting has 240 direct-voter seats; this overlay preserves structure but does not fabricate a current 240-person roster.
Shrewsbury,shrewsbury-ma/representative-town-meeting-member,133,,unresolved-current-holder,https://shrewsburyma.gov/1079/Annual-Town-Election-May-5-2026,2026-08-25,Representative Town Meeting has 240 direct-voter seats; this overlay preserves structure but does not fabricate a current 240-person roster.
Shrewsbury,shrewsbury-ma/representative-town-meeting-member,134,,unresolved-current-holder,https://shrewsburyma.gov/1079/Annual-Town-Election-May-5-2026,2026-08-25,Representative Town Meeting has 240 direct-voter seats; this overlay preserves structure but does not fabricate a current 240-person roster.
Shrewsbury,shrewsbury-ma/representative-town-meeting-member,135,,unresolved-current-holder,https://shrewsburyma.gov/1079/Annual-Town-Election-May-5-2026,2026-08-25,Representative Town Meeting has 240 direct-voter seats; this overlay preserves structure but does not fabricate a current 240-person roster.
Shrewsbury,shrewsbury-ma/representative-town-meeting-member,136,,unresolved-current-holder,https://shrewsburyma.gov/1079/Annual-Town-Election-May-5-2026,2026-08-25,Representative Town Meeting has 240 direct-voter seats; this overlay preserves structure but does not fabricate a current 240-person roster.
Shrewsbury,shrewsbury-ma/representative-town-meeting-member,137,,unresolved-current-holder,https://shrewsburyma.gov/1079/Annual-Town-Election-May-5-2026,2026-08-25,Representative Town Meeting has 240 direct-voter seats; this overlay preserves structure but does not fabricate a current 240-person roster.
Shrewsbury,shrewsbury-ma/representative-town-meeting-member,138,,unresolved-current-holder,https://shrewsburyma.gov/1079/Annual-Town-Election-May-5-2026,2026-08-25,Representative Town Meeting has 240 direct-voter seats; this overlay preserves structure but does not fabricate a current 240-person roster.
Shrewsbury,shrewsbury-ma/representative-town-meeting-member,139,,unresolved-current-holder,https://shrewsburyma.gov/1079/Annual-Town-Election-May-5-2026,2026-08-25,Representative Town Meeting has 240 direct-voter seats; this overlay preserves structure but does not fabricate a current 240-person roster.
Shrewsbury,shrewsbury-ma/representative-town-meeting-member,140,,unresolved-current-holder,https://shrewsburyma.gov/1079/Annual-Town-Election-May-5-2026,2026-08-25,Representative Town Meeting has 240 direct-voter seats; this overlay preserves structure but does not fabricate a current 240-person roster.
Shrewsbury,shrewsbury-ma/representative-town-meeting-member,141,,unresolved-current-holder,https://shrewsburyma.gov/1079/Annual-Town-Election-May-5-2026,2026-08-25,Representative Town Meeting has 240 direct-voter seats; this overlay preserves structure but does not fabricate a current 240-person roster.
Shrewsbury,shrewsbury-ma/representative-town-meeting-member,142,,unresolved-current-holder,https://shrewsburyma.gov/1079/Annual-Town-Election-May-5-2026,2026-08-25,Representative Town Meeting has 240 direct-voter seats; this overlay preserves structure but does not fabricate a current 240-person roster.
Shrewsbury,shrewsbury-ma/representative-town-meeting-member,143,,unresolved-current-holder,https://shrewsburyma.gov/1079/Annual-Town-Election-May-5-2026,2026-08-25,Representative Town Meeting has 240 direct-voter seats; this overlay preserves structure but does not fabricate a current 240-person roster.
Shrewsbury,shrewsbury-ma/representative-town-meeting-member,144,,unresolved-current-holder,https://shrewsburyma.gov/1079/Annual-Town-Election-May-5-2026,2026-08-25,Representative Town Meeting has 240 direct-voter seats; this overlay preserves structure but does not fabricate a current 240-person roster.
Shrewsbury,shrewsbury-ma/representative-town-meeting-member,145,,unresolved-current-holder,https://shrewsburyma.gov/1079/Annual-Town-Election-May-5-2026,2026-08-25,Representative Town Meeting has 240 direct-voter seats; this overlay preserves structure but does not fabricate a current 240-person roster.
Shrewsbury,shrewsbury-ma/representative-town-meeting-member,146,,unresolved-current-holder,https://shrewsburyma.gov/1079/Annual-Town-Election-May-5-2026,2026-08-25,Representative Town Meeting has 240 direct-voter seats; this overlay preserves structure but does not fabricate a current 240-person roster.
Shrewsbury,shrewsbury-ma/representative-town-meeting-member,147,,unresolved-current-holder,https://shrewsburyma.gov/1079/Annual-Town-Election-May-5-2026,2026-08-25,Representative Town Meeting has 240 direct-voter seats; this overlay preserves structure but does not fabricate a current 240-person roster.
Shrewsbury,shrewsbury-ma/representative-town-meeting-member,148,,unresolved-current-holder,https://shrewsburyma.gov/1079/Annual-Town-Election-May-5-2026,2026-08-25,Representative Town Meeting has 240 direct-voter seats; this overlay preserves structure but does not fabricate a current 240-person roster.
Shrewsbury,shrewsbury-ma/representative-town-meeting-member,149,,unresolved-current-holder,https://shrewsburyma.gov/1079/Annual-Town-Election-May-5-2026,2026-08-25,Representative Town Meeting has 240 direct-voter seats; this overlay preserves structure but does not fabricate a current 240-person roster.
Shrewsbury,shrewsbury-ma/representative-town-meeting-member,150,,unresolved-current-holder,https://shrewsburyma.gov/1079/Annual-Town-Election-May-5-2026,2026-08-25,Representative Town Meeting has 240 direct-voter seats; this overlay preserves structure but does not fabricate a current 240-person roster.
Shrewsbury,shrewsbury-ma/representative-town-meeting-member,151,,unresolved-current-holder,https://shrewsburyma.gov/1079/Annual-Town-Election-May-5-2026,2026-08-25,Representative Town Meeting has 240 direct-voter seats; this overlay preserves structure but does not fabricate a current 240-person roster.
Shrewsbury,shrewsbury-ma/representative-town-meeting-member,152,,unresolved-current-holder,https://shrewsburyma.gov/1079/Annual-Town-Election-May-5-2026,2026-08-25,Representative Town Meeting has 240 direct-voter seats; this overlay preserves structure but does not fabricate a current 240-person roster.
Shrewsbury,shrewsbury-ma/representative-town-meeting-member,153,,unresolved-current-holder,https://shrewsburyma.gov/1079/Annual-Town-Election-May-5-2026,2026-08-25,Representative Town Meeting has 240 direct-voter seats; this overlay preserves structure but does not fabricate a current 240-person roster.
Shrewsbury,shrewsbury-ma/representative-town-meeting-member,154,,unresolved-current-holder,https://shrewsburyma.gov/1079/Annual-Town-Election-May-5-2026,2026-08-25,Representative Town Meeting has 240 direct-voter seats; this overlay preserves structure but does not fabricate a current 240-person roster.
Shrewsbury,shrewsbury-ma/representative-town-meeting-member,155,,unresolved-current-holder,https://shrewsburyma.gov/1079/Annual-Town-Election-May-5-2026,2026-08-25,Representative Town Meeting has 240 direct-voter seats; this overlay preserves structure but does not fabricate a current 240-person roster.
Shrewsbury,shrewsbury-ma/representative-town-meeting-member,156,,unresolved-current-holder,https://shrewsburyma.gov/1079/Annual-Town-Election-May-5-2026,2026-08-25,Representative Town Meeting has 240 direct-voter seats; this overlay preserves structure but does not fabricate a current 240-person roster.
Shrewsbury,shrewsbury-ma/representative-town-meeting-member,157,,unresolved-current-holder,https://shrewsburyma.gov/1079/Annual-Town-Election-May-5-2026,2026-08-25,Representative Town Meeting has 240 direct-voter seats; this overlay preserves structure but does not fabricate a current 240-person roster.
Shrewsbury,shrewsbury-ma/representative-town-meeting-member,158,,unresolved-current-holder,https://shrewsburyma.gov/1079/Annual-Town-Election-May-5-2026,2026-08-25,Representative Town Meeting has 240 direct-voter seats; this overlay preserves structure but does not fabricate a current 240-person roster.
Shrewsbury,shrewsbury-ma/representative-town-meeting-member,159,,unresolved-current-holder,https://shrewsburyma.gov/1079/Annual-Town-Election-May-5-2026,2026-08-25,Representative Town Meeting has 240 direct-voter seats; this overlay preserves structure but does not fabricate a current 240-person roster.
Shrewsbury,shrewsbury-ma/representative-town-meeting-member,160,,unresolved-current-holder,https://shrewsburyma.gov/1079/Annual-Town-Election-May-5-2026,2026-08-25,Representative Town Meeting has 240 direct-voter seats; this overlay preserves structure but does not fabricate a current 240-person roster.
Shrewsbury,shrewsbury-ma/representative-town-meeting-member,161,,unresolved-current-holder,https://shrewsburyma.gov/1079/Annual-Town-Election-May-5-2026,2026-08-25,Representative Town Meeting has 240 direct-voter seats; this overlay preserves structure but does not fabricate a current 240-person roster.
Shrewsbury,shrewsbury-ma/representative-town-meeting-member,162,,unresolved-current-holder,https://shrewsburyma.gov/1079/Annual-Town-Election-May-5-2026,2026-08-25,Representative Town Meeting has 240 direct-voter seats; this overlay preserves structure but does not fabricate a current 240-person roster.
Shrewsbury,shrewsbury-ma/representative-town-meeting-member,163,,unresolved-current-holder,https://shrewsburyma.gov/1079/Annual-Town-Election-May-5-2026,2026-08-25,Representative Town Meeting has 240 direct-voter seats; this overlay preserves structure but does not fabricate a current 240-person roster.
Shrewsbury,shrewsbury-ma/representative-town-meeting-member,164,,unresolved-current-holder,https://shrewsburyma.gov/1079/Annual-Town-Election-May-5-2026,2026-08-25,Representative Town Meeting has 240 direct-voter seats; this overlay preserves structure but does not fabricate a current 240-person roster.
Shrewsbury,shrewsbury-ma/representative-town-meeting-member,165,,unresolved-current-holder,https://shrewsburyma.gov/1079/Annual-Town-Election-May-5-2026,2026-08-25,Representative Town Meeting has 240 direct-voter seats; this overlay preserves structure but does not fabricate a current 240-person roster.
Shrewsbury,shrewsbury-ma/representative-town-meeting-member,166,,unresolved-current-holder,https://shrewsburyma.gov/1079/Annual-Town-Election-May-5-2026,2026-08-25,Representative Town Meeting has 240 direct-voter seats; this overlay preserves structure but does not fabricate a current 240-person roster.
Shrewsbury,shrewsbury-ma/representative-town-meeting-member,167,,unresolved-current-holder,https://shrewsburyma.gov/1079/Annual-Town-Election-May-5-2026,2026-08-25,Representative Town Meeting has 240 direct-voter seats; this overlay preserves structure but does not fabricate a current 240-person roster.
Shrewsbury,shrewsbury-ma/representative-town-meeting-member,168,,unresolved-current-holder,https://shrewsburyma.gov/1079/Annual-Town-Election-May-5-2026,2026-08-25,Representative Town Meeting has 240 direct-voter seats; this overlay preserves structure but does not fabricate a current 240-person roster.
Shrewsbury,shrewsbury-ma/representative-town-meeting-member,169,,unresolved-current-holder,https://shrewsburyma.gov/1079/Annual-Town-Election-May-5-2026,2026-08-25,Representative Town Meeting has 240 direct-voter seats; this overlay preserves structure but does not fabricate a current 240-person roster.
Shrewsbury,shrewsbury-ma/representative-town-meeting-member,170,,unresolved-current-holder,https://shrewsburyma.gov/1079/Annual-Town-Election-May-5-2026,2026-08-25,Representative Town Meeting has 240 direct-voter seats; this overlay preserves structure but does not fabricate a current 240-person roster.
Shrewsbury,shrewsbury-ma/representative-town-meeting-member,171,,unresolved-current-holder,https://shrewsburyma.gov/1079/Annual-Town-Election-May-5-2026,2026-08-25,Representative Town Meeting has 240 direct-voter seats; this overlay preserves structure but does not fabricate a current 240-person roster.
Shrewsbury,shrewsbury-ma/representative-town-meeting-member,172,,unresolved-current-holder,https://shrewsburyma.gov/1079/Annual-Town-Election-May-5-2026,2026-08-25,Representative Town Meeting has 240 direct-voter seats; this overlay preserves structure but does not fabricate a current 240-person roster.
Shrewsbury,shrewsbury-ma/representative-town-meeting-member,173,,unresolved-current-holder,https://shrewsburyma.gov/1079/Annual-Town-Election-May-5-2026,2026-08-25,Representative Town Meeting has 240 direct-voter seats; this overlay preserves structure but does not fabricate a current 240-person roster.
Shrewsbury,shrewsbury-ma/representative-town-meeting-member,174,,unresolved-current-holder,https://shrewsburyma.gov/1079/Annual-Town-Election-May-5-2026,2026-08-25,Representative Town Meeting has 240 direct-voter seats; this overlay preserves structure but does not fabricate a current 240-person roster.
Shrewsbury,shrewsbury-ma/representative-town-meeting-member,175,,unresolved-current-holder,https://shrewsburyma.gov/1079/Annual-Town-Election-May-5-2026,2026-08-25,Representative Town Meeting has 240 direct-voter seats; this overlay preserves structure but does not fabricate a current 240-person roster.
Shrewsbury,shrewsbury-ma/representative-town-meeting-member,176,,unresolved-current-holder,https://shrewsburyma.gov/1079/Annual-Town-Election-May-5-2026,2026-08-25,Representative Town Meeting has 240 direct-voter seats; this overlay preserves structure but does not fabricate a current 240-person roster.
Shrewsbury,shrewsbury-ma/representative-town-meeting-member,177,,unresolved-current-holder,https://shrewsburyma.gov/1079/Annual-Town-Election-May-5-2026,2026-08-25,Representative Town Meeting has 240 direct-voter seats; this overlay preserves structure but does not fabricate a current 240-person roster.
Shrewsbury,shrewsbury-ma/representative-town-meeting-member,178,,unresolved-current-holder,https://shrewsburyma.gov/1079/Annual-Town-Election-May-5-2026,2026-08-25,Representative Town Meeting has 240 direct-voter seats; this overlay preserves structure but does not fabricate a current 240-person roster.
Shrewsbury,shrewsbury-ma/representative-town-meeting-member,179,,unresolved-current-holder,https://shrewsburyma.gov/1079/Annual-Town-Election-May-5-2026,2026-08-25,Representative Town Meeting has 240 direct-voter seats; this overlay preserves structure but does not fabricate a current 240-person roster.
Shrewsbury,shrewsbury-ma/representative-town-meeting-member,180,,unresolved-current-holder,https://shrewsburyma.gov/1079/Annual-Town-Election-May-5-2026,2026-08-25,Representative Town Meeting has 240 direct-voter seats; this overlay preserves structure but does not fabricate a current 240-person roster.
Shrewsbury,shrewsbury-ma/representative-town-meeting-member,181,,unresolved-current-holder,https://shrewsburyma.gov/1079/Annual-Town-Election-May-5-2026,2026-08-25,Representative Town Meeting has 240 direct-voter seats; this overlay preserves structure but does not fabricate a current 240-person roster.
Shrewsbury,shrewsbury-ma/representative-town-meeting-member,182,,unresolved-current-holder,https://shrewsburyma.gov/1079/Annual-Town-Election-May-5-2026,2026-08-25,Representative Town Meeting has 240 direct-voter seats; this overlay preserves structure but does not fabricate a current 240-person roster.
Shrewsbury,shrewsbury-ma/representative-town-meeting-member,183,,unresolved-current-holder,https://shrewsburyma.gov/1079/Annual-Town-Election-May-5-2026,2026-08-25,Representative Town Meeting has 240 direct-voter seats; this overlay preserves structure but does not fabricate a current 240-person roster.
Shrewsbury,shrewsbury-ma/representative-town-meeting-member,184,,unresolved-current-holder,https://shrewsburyma.gov/1079/Annual-Town-Election-May-5-2026,2026-08-25,Representative Town Meeting has 240 direct-voter seats; this overlay preserves structure but does not fabricate a current 240-person roster.
Shrewsbury,shrewsbury-ma/representative-town-meeting-member,185,,unresolved-current-holder,https://shrewsburyma.gov/1079/Annual-Town-Election-May-5-2026,2026-08-25,Representative Town Meeting has 240 direct-voter seats; this overlay preserves structure but does not fabricate a current 240-person roster.
Shrewsbury,shrewsbury-ma/representative-town-meeting-member,186,,unresolved-current-holder,https://shrewsburyma.gov/1079/Annual-Town-Election-May-5-2026,2026-08-25,Representative Town Meeting has 240 direct-voter seats; this overlay preserves structure but does not fabricate a current 240-person roster.
Shrewsbury,shrewsbury-ma/representative-town-meeting-member,187,,unresolved-current-holder,https://shrewsburyma.gov/1079/Annual-Town-Election-May-5-2026,2026-08-25,Representative Town Meeting has 240 direct-voter seats; this overlay preserves structure but does not fabricate a current 240-person roster.
Shrewsbury,shrewsbury-ma/representative-town-meeting-member,188,,unresolved-current-holder,https://shrewsburyma.gov/1079/Annual-Town-Election-May-5-2026,2026-08-25,Representative Town Meeting has 240 direct-voter seats; this overlay preserves structure but does not fabricate a current 240-person roster.
Shrewsbury,shrewsbury-ma/representative-town-meeting-member,189,,unresolved-current-holder,https://shrewsburyma.gov/1079/Annual-Town-Election-May-5-2026,2026-08-25,Representative Town Meeting has 240 direct-voter seats; this overlay preserves structure but does not fabricate a current 240-person roster.
Shrewsbury,shrewsbury-ma/representative-town-meeting-member,190,,unresolved-current-holder,https://shrewsburyma.gov/1079/Annual-Town-Election-May-5-2026,2026-08-25,Representative Town Meeting has 240 direct-voter seats; this overlay preserves structure but does not fabricate a current 240-person roster.
Shrewsbury,shrewsbury-ma/representative-town-meeting-member,191,,unresolved-current-holder,https://shrewsburyma.gov/1079/Annual-Town-Election-May-5-2026,2026-08-25,Representative Town Meeting has 240 direct-voter seats; this overlay preserves structure but does not fabricate a current 240-person roster.
Shrewsbury,shrewsbury-ma/representative-town-meeting-member,192,,unresolved-current-holder,https://shrewsburyma.gov/1079/Annual-Town-Election-May-5-2026,2026-08-25,Representative Town Meeting has 240 direct-voter seats; this overlay preserves structure but does not fabricate a current 240-person roster.
Shrewsbury,shrewsbury-ma/representative-town-meeting-member,193,,unresolved-current-holder,https://shrewsburyma.gov/1079/Annual-Town-Election-May-5-2026,2026-08-25,Representative Town Meeting has 240 direct-voter seats; this overlay preserves structure but does not fabricate a current 240-person roster.
Shrewsbury,shrewsbury-ma/representative-town-meeting-member,194,,unresolved-current-holder,https://shrewsburyma.gov/1079/Annual-Town-Election-May-5-2026,2026-08-25,Representative Town Meeting has 240 direct-voter seats; this overlay preserves structure but does not fabricate a current 240-person roster.
Shrewsbury,shrewsbury-ma/representative-town-meeting-member,195,,unresolved-current-holder,https://shrewsburyma.gov/1079/Annual-Town-Election-May-5-2026,2026-08-25,Representative Town Meeting has 240 direct-voter seats; this overlay preserves structure but does not fabricate a current 240-person roster.
Shrewsbury,shrewsbury-ma/representative-town-meeting-member,196,,unresolved-current-holder,https://shrewsburyma.gov/1079/Annual-Town-Election-May-5-2026,2026-08-25,Representative Town Meeting has 240 direct-voter seats; this overlay preserves structure but does not fabricate a current 240-person roster.
Shrewsbury,shrewsbury-ma/representative-town-meeting-member,197,,unresolved-current-holder,https://shrewsburyma.gov/1079/Annual-Town-Election-May-5-2026,2026-08-25,Representative Town Meeting has 240 direct-voter seats; this overlay preserves structure but does not fabricate a current 240-person roster.
Shrewsbury,shrewsbury-ma/representative-town-meeting-member,198,,unresolved-current-holder,https://shrewsburyma.gov/1079/Annual-Town-Election-May-5-2026,2026-08-25,Representative Town Meeting has 240 direct-voter seats; this overlay preserves structure but does not fabricate a current 240-person roster.
Shrewsbury,shrewsbury-ma/representative-town-meeting-member,199,,unresolved-current-holder,https://shrewsburyma.gov/1079/Annual-Town-Election-May-5-2026,2026-08-25,Representative Town Meeting has 240 direct-voter seats; this overlay preserves structure but does not fabricate a current 240-person roster.
Shrewsbury,shrewsbury-ma/representative-town-meeting-member,200,,unresolved-current-holder,https://shrewsburyma.gov/1079/Annual-Town-Election-May-5-2026,2026-08-25,Representative Town Meeting has 240 direct-voter seats; this overlay preserves structure but does not fabricate a current 240-person roster.
Shrewsbury,shrewsbury-ma/representative-town-meeting-member,201,,unresolved-current-holder,https://shrewsburyma.gov/1079/Annual-Town-Election-May-5-2026,2026-08-25,Representative Town Meeting has 240 direct-voter seats; this overlay preserves structure but does not fabricate a current 240-person roster.
Shrewsbury,shrewsbury-ma/representative-town-meeting-member,202,,unresolved-current-holder,https://shrewsburyma.gov/1079/Annual-Town-Election-May-5-2026,2026-08-25,Representative Town Meeting has 240 direct-voter seats; this overlay preserves structure but does not fabricate a current 240-person roster.
Shrewsbury,shrewsbury-ma/representative-town-meeting-member,203,,unresolved-current-holder,https://shrewsburyma.gov/1079/Annual-Town-Election-May-5-2026,2026-08-25,Representative Town Meeting has 240 direct-voter seats; this overlay preserves structure but does not fabricate a current 240-person roster.
Shrewsbury,shrewsbury-ma/representative-town-meeting-member,204,,unresolved-current-holder,https://shrewsburyma.gov/1079/Annual-Town-Election-May-5-2026,2026-08-25,Representative Town Meeting has 240 direct-voter seats; this overlay preserves structure but does not fabricate a current 240-person roster.
Shrewsbury,shrewsbury-ma/representative-town-meeting-member,205,,unresolved-current-holder,https://shrewsburyma.gov/1079/Annual-Town-Election-May-5-2026,2026-08-25,Representative Town Meeting has 240 direct-voter seats; this overlay preserves structure but does not fabricate a current 240-person roster.
Shrewsbury,shrewsbury-ma/representative-town-meeting-member,206,,unresolved-current-holder,https://shrewsburyma.gov/1079/Annual-Town-Election-May-5-2026,2026-08-25,Representative Town Meeting has 240 direct-voter seats; this overlay preserves structure but does not fabricate a current 240-person roster.
Shrewsbury,shrewsbury-ma/representative-town-meeting-member,207,,unresolved-current-holder,https://shrewsburyma.gov/1079/Annual-Town-Election-May-5-2026,2026-08-25,Representative Town Meeting has 240 direct-voter seats; this overlay preserves structure but does not fabricate a current 240-person roster.
Shrewsbury,shrewsbury-ma/representative-town-meeting-member,208,,unresolved-current-holder,https://shrewsburyma.gov/1079/Annual-Town-Election-May-5-2026,2026-08-25,Representative Town Meeting has 240 direct-voter seats; this overlay preserves structure but does not fabricate a current 240-person roster.
Shrewsbury,shrewsbury-ma/representative-town-meeting-member,209,,unresolved-current-holder,https://shrewsburyma.gov/1079/Annual-Town-Election-May-5-2026,2026-08-25,Representative Town Meeting has 240 direct-voter seats; this overlay preserves structure but does not fabricate a current 240-person roster.
Shrewsbury,shrewsbury-ma/representative-town-meeting-member,210,,unresolved-current-holder,https://shrewsburyma.gov/1079/Annual-Town-Election-May-5-2026,2026-08-25,Representative Town Meeting has 240 direct-voter seats; this overlay preserves structure but does not fabricate a current 240-person roster.
Shrewsbury,shrewsbury-ma/representative-town-meeting-member,211,,unresolved-current-holder,https://shrewsburyma.gov/1079/Annual-Town-Election-May-5-2026,2026-08-25,Representative Town Meeting has 240 direct-voter seats; this overlay preserves structure but does not fabricate a current 240-person roster.
Shrewsbury,shrewsbury-ma/representative-town-meeting-member,212,,unresolved-current-holder,https://shrewsburyma.gov/1079/Annual-Town-Election-May-5-2026,2026-08-25,Representative Town Meeting has 240 direct-voter seats; this overlay preserves structure but does not fabricate a current 240-person roster.
Shrewsbury,shrewsbury-ma/representative-town-meeting-member,213,,unresolved-current-holder,https://shrewsburyma.gov/1079/Annual-Town-Election-May-5-2026,2026-08-25,Representative Town Meeting has 240 direct-voter seats; this overlay preserves structure but does not fabricate a current 240-person roster.
Shrewsbury,shrewsbury-ma/representative-town-meeting-member,214,,unresolved-current-holder,https://shrewsburyma.gov/1079/Annual-Town-Election-May-5-2026,2026-08-25,Representative Town Meeting has 240 direct-voter seats; this overlay preserves structure but does not fabricate a current 240-person roster.
Shrewsbury,shrewsbury-ma/representative-town-meeting-member,215,,unresolved-current-holder,https://shrewsburyma.gov/1079/Annual-Town-Election-May-5-2026,2026-08-25,Representative Town Meeting has 240 direct-voter seats; this overlay preserves structure but does not fabricate a current 240-person roster.
Shrewsbury,shrewsbury-ma/representative-town-meeting-member,216,,unresolved-current-holder,https://shrewsburyma.gov/1079/Annual-Town-Election-May-5-2026,2026-08-25,Representative Town Meeting has 240 direct-voter seats; this overlay preserves structure but does not fabricate a current 240-person roster.
Shrewsbury,shrewsbury-ma/representative-town-meeting-member,217,,unresolved-current-holder,https://shrewsburyma.gov/1079/Annual-Town-Election-May-5-2026,2026-08-25,Representative Town Meeting has 240 direct-voter seats; this overlay preserves structure but does not fabricate a current 240-person roster.
Shrewsbury,shrewsbury-ma/representative-town-meeting-member,218,,unresolved-current-holder,https://shrewsburyma.gov/1079/Annual-Town-Election-May-5-2026,2026-08-25,Representative Town Meeting has 240 direct-voter seats; this overlay preserves structure but does not fabricate a current 240-person roster.
Shrewsbury,shrewsbury-ma/representative-town-meeting-member,219,,unresolved-current-holder,https://shrewsburyma.gov/1079/Annual-Town-Election-May-5-2026,2026-08-25,Representative Town Meeting has 240 direct-voter seats; this overlay preserves structure but does not fabricate a current 240-person roster.
Shrewsbury,shrewsbury-ma/representative-town-meeting-member,220,,unresolved-current-holder,https://shrewsburyma.gov/1079/Annual-Town-Election-May-5-2026,2026-08-25,Representative Town Meeting has 240 direct-voter seats; this overlay preserves structure but does not fabricate a current 240-person roster.
Shrewsbury,shrewsbury-ma/representative-town-meeting-member,221,,unresolved-current-holder,https://shrewsburyma.gov/1079/Annual-Town-Election-May-5-2026,2026-08-25,Representative Town Meeting has 240 direct-voter seats; this overlay preserves structure but does not fabricate a current 240-person roster.
Shrewsbury,shrewsbury-ma/representative-town-meeting-member,222,,unresolved-current-holder,https://shrewsburyma.gov/1079/Annual-Town-Election-May-5-2026,2026-08-25,Representative Town Meeting has 240 direct-voter seats; this overlay preserves structure but does not fabricate a current 240-person roster.
Shrewsbury,shrewsbury-ma/representative-town-meeting-member,223,,unresolved-current-holder,https://shrewsburyma.gov/1079/Annual-Town-Election-May-5-2026,2026-08-25,Representative Town Meeting has 240 direct-voter seats; this overlay preserves structure but does not fabricate a current 240-person roster.
Shrewsbury,shrewsbury-ma/representative-town-meeting-member,224,,unresolved-current-holder,https://shrewsburyma.gov/1079/Annual-Town-Election-May-5-2026,2026-08-25,Representative Town Meeting has 240 direct-voter seats; this overlay preserves structure but does not fabricate a current 240-person roster.
Shrewsbury,shrewsbury-ma/representative-town-meeting-member,225,,unresolved-current-holder,https://shrewsburyma.gov/1079/Annual-Town-Election-May-5-2026,2026-08-25,Representative Town Meeting has 240 direct-voter seats; this overlay preserves structure but does not fabricate a current 240-person roster.
Shrewsbury,shrewsbury-ma/representative-town-meeting-member,226,,unresolved-current-holder,https://shrewsburyma.gov/1079/Annual-Town-Election-May-5-2026,2026-08-25,Representative Town Meeting has 240 direct-voter seats; this overlay preserves structure but does not fabricate a current 240-person roster.
Shrewsbury,shrewsbury-ma/representative-town-meeting-member,227,,unresolved-current-holder,https://shrewsburyma.gov/1079/Annual-Town-Election-May-5-2026,2026-08-25,Representative Town Meeting has 240 direct-voter seats; this overlay preserves structure but does not fabricate a current 240-person roster.
Shrewsbury,shrewsbury-ma/representative-town-meeting-member,228,,unresolved-current-holder,https://shrewsburyma.gov/1079/Annual-Town-Election-May-5-2026,2026-08-25,Representative Town Meeting has 240 direct-voter seats; this overlay preserves structure but does not fabricate a current 240-person roster.
Shrewsbury,shrewsbury-ma/representative-town-meeting-member,229,,unresolved-current-holder,https://shrewsburyma.gov/1079/Annual-Town-Election-May-5-2026,2026-08-25,Representative Town Meeting has 240 direct-voter seats; this overlay preserves structure but does not fabricate a current 240-person roster.
Shrewsbury,shrewsbury-ma/representative-town-meeting-member,230,,unresolved-current-holder,https://shrewsburyma.gov/1079/Annual-Town-Election-May-5-2026,2026-08-25,Representative Town Meeting has 240 direct-voter seats; this overlay preserves structure but does not fabricate a current 240-person roster.
Shrewsbury,shrewsbury-ma/representative-town-meeting-member,231,,unresolved-current-holder,https://shrewsburyma.gov/1079/Annual-Town-Election-May-5-2026,2026-08-25,Representative Town Meeting has 240 direct-voter seats; this overlay preserves structure but does not fabricate a current 240-person roster.
Shrewsbury,shrewsbury-ma/representative-town-meeting-member,232,,unresolved-current-holder,https://shrewsburyma.gov/1079/Annual-Town-Election-May-5-2026,2026-08-25,Representative Town Meeting has 240 direct-voter seats; this overlay preserves structure but does not fabricate a current 240-person roster.
Shrewsbury,shrewsbury-ma/representative-town-meeting-member,233,,unresolved-current-holder,https://shrewsburyma.gov/1079/Annual-Town-Election-May-5-2026,2026-08-25,Representative Town Meeting has 240 direct-voter seats; this overlay preserves structure but does not fabricate a current 240-person roster.
Shrewsbury,shrewsbury-ma/representative-town-meeting-member,234,,unresolved-current-holder,https://shrewsburyma.gov/1079/Annual-Town-Election-May-5-2026,2026-08-25,Representative Town Meeting has 240 direct-voter seats; this overlay preserves structure but does not fabricate a current 240-person roster.
Shrewsbury,shrewsbury-ma/representative-town-meeting-member,235,,unresolved-current-holder,https://shrewsburyma.gov/1079/Annual-Town-Election-May-5-2026,2026-08-25,Representative Town Meeting has 240 direct-voter seats; this overlay preserves structure but does not fabricate a current 240-person roster.
Shrewsbury,shrewsbury-ma/representative-town-meeting-member,236,,unresolved-current-holder,https://shrewsburyma.gov/1079/Annual-Town-Election-May-5-2026,2026-08-25,Representative Town Meeting has 240 direct-voter seats; this overlay preserves structure but does not fabricate a current 240-person roster.
Shrewsbury,shrewsbury-ma/representative-town-meeting-member,237,,unresolved-current-holder,https://shrewsburyma.gov/1079/Annual-Town-Election-May-5-2026,2026-08-25,Representative Town Meeting has 240 direct-voter seats; this overlay preserves structure but does not fabricate a current 240-person roster.
Shrewsbury,shrewsbury-ma/representative-town-meeting-member,238,,unresolved-current-holder,https://shrewsburyma.gov/1079/Annual-Town-Election-May-5-2026,2026-08-25,Representative Town Meeting has 240 direct-voter seats; this overlay preserves structure but does not fabricate a current 240-person roster.
Shrewsbury,shrewsbury-ma/representative-town-meeting-member,239,,unresolved-current-holder,https://shrewsburyma.gov/1079/Annual-Town-Election-May-5-2026,2026-08-25,Representative Town Meeting has 240 direct-voter seats; this overlay preserves structure but does not fabricate a current 240-person roster.
Shrewsbury,shrewsbury-ma/representative-town-meeting-member,240,,unresolved-current-holder,https://shrewsburyma.gov/1079/Annual-Town-Election-May-5-2026,2026-08-25,Representative Town Meeting has 240 direct-voter seats; this overlay preserves structure but does not fabricate a current 240-person roster.
Shutesbury,shutesbury-ma/board-of-health-member,1,Claire R. Pless,verified-current,https://shutesbury.org/sites/default/files/260509%20Final%20Election%20Results.pdf,2026-08-25,Current official municipal roster/election evidence supports holder; unresolved markers are intentional.
Shutesbury,shutesbury-ma/board-of-health-member,2,Garrett W. Simonsen,verified-current,https://shutesbury.org/sites/default/files/260509%20Final%20Election%20Results.pdf,2026-08-25,Current official municipal roster/election evidence supports holder; unresolved markers are intentional.
Shutesbury,shutesbury-ma/board-of-health-member,3,,unresolved-current-holder,https://shutesbury.org/sites/default/files/260509%20Final%20Election%20Results.pdf,2026-08-25,Current official municipal roster/election evidence supports holder; unresolved markers are intentional.
Shutesbury,shutesbury-ma/board-of-health-member,4,,unresolved-current-holder,https://shutesbury.org/sites/default/files/260509%20Final%20Election%20Results.pdf,2026-08-25,Current official municipal roster/election evidence supports holder; unresolved markers are intentional.
Shutesbury,shutesbury-ma/board-of-health-member,5,,unresolved-current-holder,https://shutesbury.org/sites/default/files/260509%20Final%20Election%20Results.pdf,2026-08-25,Current official municipal roster/election evidence supports holder; unresolved markers are intentional.
Shutesbury,shutesbury-ma/cemetery-commissioner,1,Walter Tibbetts,verified-current,https://shutesbury.org/sites/default/files/260509%20Final%20Election%20Results.pdf,2026-08-25,Current official municipal roster/election evidence supports holder; unresolved markers are intentional.
Shutesbury,shutesbury-ma/cemetery-commissioner,2,,unresolved-current-holder,https://shutesbury.org/sites/default/files/260509%20Final%20Election%20Results.pdf,2026-08-25,Current official municipal roster/election evidence supports holder; unresolved markers are intentional.
Shutesbury,shutesbury-ma/cemetery-commissioner,3,,unresolved-current-holder,https://shutesbury.org/sites/default/files/260509%20Final%20Election%20Results.pdf,2026-08-25,Current official municipal roster/election evidence supports holder; unresolved markers are intentional.
Shutesbury,shutesbury-ma/constable,1,,unresolved-current-holder,https://shutesbury.org/sites/default/files/260509%20Final%20Election%20Results.pdf,2026-08-25,Current official municipal roster/election evidence supports holder; unresolved markers are intentional.
Shutesbury,shutesbury-ma/library-trustee,1,Kate Cell,verified-current,https://www.shutesbury.org/library-trustees,2026-08-25,Current official municipal roster/election evidence supports holder; unresolved markers are intentional.
Shutesbury,shutesbury-ma/library-trustee,2,Bradley Foster,verified-current,https://www.shutesbury.org/library-trustees,2026-08-25,Current official municipal roster/election evidence supports holder; unresolved markers are intentional.
Shutesbury,shutesbury-ma/library-trustee,3,Anne Hartwell Graham,verified-current,https://www.shutesbury.org/library-trustees,2026-08-25,Current official municipal roster/election evidence supports holder; unresolved markers are intentional.
Shutesbury,shutesbury-ma/library-trustee,4,Elizabeth India Murphy,verified-current,https://www.shutesbury.org/library-trustees,2026-08-25,Current official municipal roster/election evidence supports holder; unresolved markers are intentional.
Shutesbury,shutesbury-ma/library-trustee,5,Pam Ososky,verified-current,https://www.shutesbury.org/library-trustees,2026-08-25,Current official municipal roster/election evidence supports holder; unresolved markers are intentional.
Shutesbury,shutesbury-ma/library-trustee,6,Michele Regan-Ladd,verified-current,https://www.shutesbury.org/library-trustees,2026-08-25,Current official municipal roster/election evidence supports holder; unresolved markers are intentional.
Shutesbury,shutesbury-ma/moderator,1,Nettie Harrington-Pangallo,verified-current,https://shutesbury.org/sites/default/files/260509%20Final%20Election%20Results.pdf,2026-08-25,Current official municipal roster/election evidence supports holder; unresolved markers are intentional.
Shutesbury,shutesbury-ma/municipal-light-plant-board-member,1,Andrew James Reagan,verified-current,https://shutesbury.org/sites/default/files/260509%20Final%20Election%20Results.pdf,2026-08-25,Current official municipal roster/election evidence supports holder; unresolved markers are intentional.
Shutesbury,shutesbury-ma/municipal-light-plant-board-member,2,,unresolved-current-holder,https://shutesbury.org/sites/default/files/260509%20Final%20Election%20Results.pdf,2026-08-25,Current official municipal roster/election evidence supports holder; unresolved markers are intentional.
Shutesbury,shutesbury-ma/municipal-light-plant-board-member,3,,unresolved-current-holder,https://shutesbury.org/sites/default/files/260509%20Final%20Election%20Results.pdf,2026-08-25,Current official municipal roster/election evidence supports holder; unresolved markers are intentional.
Shutesbury,shutesbury-ma/planning-board-member,1,Steven Bressler,verified-current,https://www.shutesbury.org/planning-board,2026-08-25,Current official municipal roster/election evidence supports holder; unresolved markers are intentional.
Shutesbury,shutesbury-ma/planning-board-member,2,Michael DeChiara,verified-current,https://www.shutesbury.org/planning-board,2026-08-25,Current official municipal roster/election evidence supports holder; unresolved markers are intentional.
Shutesbury,shutesbury-ma/planning-board-member,3,Thomas Siefert,verified-current,https://www.shutesbury.org/planning-board,2026-08-25,Current official municipal roster/election evidence supports holder; unresolved markers are intentional.
Shutesbury,shutesbury-ma/planning-board-member,4,,unresolved-current-holder,https://www.shutesbury.org/planning-board,2026-08-25,Current official municipal roster/election evidence supports holder; unresolved markers are intentional.
Shutesbury,shutesbury-ma/planning-board-member,5,,unresolved-current-holder,https://www.shutesbury.org/planning-board,2026-08-25,Current official municipal roster/election evidence supports holder; unresolved markers are intentional.
Shutesbury,shutesbury-ma/planning-board-member,6,,unresolved-current-holder,https://www.shutesbury.org/planning-board,2026-08-25,Current official municipal roster/election evidence supports holder; unresolved markers are intentional.
Shutesbury,shutesbury-ma/planning-board-member,7,,unresolved-current-holder,https://www.shutesbury.org/planning-board,2026-08-25,Current official municipal roster/election evidence supports holder; unresolved markers are intentional.
Shutesbury,shutesbury-ma/school-committee-member,1,Anna Cederberg Heard,verified-current,https://shutesbury.org/sites/default/files/260509%20Final%20Election%20Results.pdf,2026-08-25,Current official municipal roster/election evidence supports holder; unresolved markers are intentional.
Shutesbury,shutesbury-ma/school-committee-member,2,Megan Lennon,verified-current,https://shutesbury.org/sites/default/files/260509%20Final%20Election%20Results.pdf,2026-08-25,Current official municipal roster/election evidence supports holder; unresolved markers are intentional.
Shutesbury,shutesbury-ma/school-committee-member,3,,unresolved-current-holder,https://shutesbury.org/sites/default/files/260509%20Final%20Election%20Results.pdf,2026-08-25,Current official municipal roster/election evidence supports holder; unresolved markers are intentional.
Shutesbury,shutesbury-ma/school-committee-member,4,,unresolved-current-holder,https://shutesbury.org/sites/default/files/260509%20Final%20Election%20Results.pdf,2026-08-25,Current official municipal roster/election evidence supports holder; unresolved markers are intentional.
Shutesbury,shutesbury-ma/school-committee-member,5,,unresolved-current-holder,https://shutesbury.org/sites/default/files/260509%20Final%20Election%20Results.pdf,2026-08-25,Current official municipal roster/election evidence supports holder; unresolved markers are intentional.
Shutesbury,shutesbury-ma/select-board-member,1,James P. Walton Jr.,verified-current,https://shutesbury.org/sites/default/files/260509%20Final%20Election%20Results.pdf,2026-08-25,Current official municipal roster/election evidence supports holder; unresolved markers are intentional.
Shutesbury,shutesbury-ma/select-board-member,2,,unresolved-current-holder,https://shutesbury.org/sites/default/files/260509%20Final%20Election%20Results.pdf,2026-08-25,Current official municipal roster/election evidence supports holder; unresolved markers are intentional.
Shutesbury,shutesbury-ma/select-board-member,3,,unresolved-current-holder,https://shutesbury.org/sites/default/files/260509%20Final%20Election%20Results.pdf,2026-08-25,Current official municipal roster/election evidence supports holder; unresolved markers are intentional.
Somerset,somerset-ma/select-board-member,1,Joseph Bednarik,verified-current,https://www.townofsomerset.org/314/Elected-Officials,2026-08-25,Current official municipal roster/election evidence supports holder; unresolved markers are intentional.
Somerset,somerset-ma/select-board-member,2,Todd Costa,verified-current,https://www.townofsomerset.org/314/Elected-Officials,2026-08-25,Current official municipal roster/election evidence supports holder; unresolved markers are intentional.
Somerset,somerset-ma/select-board-member,3,Allen Smith,verified-current,https://www.townofsomerset.org/314/Elected-Officials,2026-08-25,Current official municipal roster/election evidence supports holder; unresolved markers are intentional.
Somerset,somerset-ma/moderator,1,Kyle Neves,verified-current,https://www.townofsomerset.org/314/Elected-Officials,2026-08-25,Current official municipal roster/election evidence supports holder; unresolved markers are intentional.
Somerset,somerset-ma/town-clerk,1,Caitlin Hadala,verified-current,https://www.townofsomerset.org/314/Elected-Officials,2026-08-25,Current official municipal roster/election evidence supports holder; unresolved markers are intentional.
Somerset,somerset-ma/board-of-assessors-member,1,Marc Dionne,verified-current,https://www.townofsomerset.org/314/Elected-Officials,2026-08-25,Current official municipal roster/election evidence supports holder; unresolved markers are intentional.
Somerset,somerset-ma/board-of-assessors-member,2,Michael Correia,verified-current,https://www.townofsomerset.org/314/Elected-Officials,2026-08-25,Current official municipal roster/election evidence supports holder; unresolved markers are intentional.
Somerset,somerset-ma/board-of-assessors-member,3,Donald Setters,verified-current,https://www.townofsomerset.org/314/Elected-Officials,2026-08-25,Current official municipal roster/election evidence supports holder; unresolved markers are intentional.
Somerset,somerset-ma/school-committee-member,1,Victor Machado,verified-current,https://www.townofsomerset.org/314/Elected-Officials,2026-08-25,Current official municipal roster/election evidence supports holder; unresolved markers are intentional.
Somerset,somerset-ma/school-committee-member,2,Jennifer Ashley,verified-current,https://www.townofsomerset.org/314/Elected-Officials,2026-08-25,Current official municipal roster/election evidence supports holder; unresolved markers are intentional.
Somerset,somerset-ma/school-committee-member,3,Carlton Medeiros,verified-current,https://www.townofsomerset.org/314/Elected-Officials,2026-08-25,Current official municipal roster/election evidence supports holder; unresolved markers are intentional.
Somerset,somerset-ma/school-committee-member,4,Christine Courville,verified-current,https://www.townofsomerset.org/314/Elected-Officials,2026-08-25,Current official municipal roster/election evidence supports holder; unresolved markers are intentional.
Somerset,somerset-ma/school-committee-member,5,John Ventura,verified-current,https://www.townofsomerset.org/314/Elected-Officials,2026-08-25,Current official municipal roster/election evidence supports holder; unresolved markers are intentional.
Somerset,somerset-ma/somerset-berkley-regional-school-committee-member,1,Robert Gaw,verified-current,https://www.townofsomerset.org/314/Elected-Officials,2026-08-25,Current official municipal roster/election evidence supports holder; unresolved markers are intentional.
Somerset,somerset-ma/somerset-berkley-regional-school-committee-member,2,Michael Pasternak,verified-current,https://www.townofsomerset.org/314/Elected-Officials,2026-08-25,Current official municipal roster/election evidence supports holder; unresolved markers are intentional.
Somerset,somerset-ma/somerset-berkley-regional-school-committee-member,3,Kimberly Ferreira,verified-current,https://www.townofsomerset.org/314/Elected-Officials,2026-08-25,Current official municipal roster/election evidence supports holder; unresolved markers are intentional.
Somerset,somerset-ma/somerset-berkley-regional-school-committee-member,4,Jenifer Andrews,verified-current,https://www.townofsomerset.org/314/Elected-Officials,2026-08-25,Current official municipal roster/election evidence supports holder; unresolved markers are intentional.
Somerset,somerset-ma/diman-regional-vocational-technical-school-committee-member,1,Donald M. DiBiasio,verified-current,https://www.townofsomerset.org/314/Elected-Officials,2026-08-25,Current official municipal roster/election evidence supports holder; unresolved markers are intentional.
Somerset,somerset-ma/water-and-sewer-commissioner,1,Steven Cadorette,verified-current,https://www.townofsomerset.org/314/Elected-Officials,2026-08-25,Current official municipal roster/election evidence supports holder; unresolved markers are intentional.
Somerset,somerset-ma/water-and-sewer-commissioner,2,Robert Lima,verified-current,https://www.townofsomerset.org/314/Elected-Officials,2026-08-25,Current official municipal roster/election evidence supports holder; unresolved markers are intentional.
Somerset,somerset-ma/water-and-sewer-commissioner,3,Joseph Bednarik,verified-current,https://www.townofsomerset.org/314/Elected-Officials,2026-08-25,Current official municipal roster/election evidence supports holder; unresolved markers are intentional.
Somerset,somerset-ma/library-trustee,1,Elizabeth Ponte,verified-current,https://www.townofsomerset.org/314/Elected-Officials,2026-08-25,Current official municipal roster/election evidence supports holder; unresolved markers are intentional.
Somerset,somerset-ma/library-trustee,2,Gayle Bradbury,verified-current,https://www.townofsomerset.org/314/Elected-Officials,2026-08-25,Current official municipal roster/election evidence supports holder; unresolved markers are intentional.
Somerset,somerset-ma/library-trustee,3,Bridget Marcot,verified-current,https://www.townofsomerset.org/314/Elected-Officials,2026-08-25,Current official municipal roster/election evidence supports holder; unresolved markers are intentional.
Somerset,somerset-ma/library-trustee,4,Jill Dyl,verified-current,https://www.townofsomerset.org/314/Elected-Officials,2026-08-25,Current official municipal roster/election evidence supports holder; unresolved markers are intentional.
Somerset,somerset-ma/library-trustee,5,Norbert Dionne,verified-current,https://www.townofsomerset.org/314/Elected-Officials,2026-08-25,Current official municipal roster/election evidence supports holder; unresolved markers are intentional.
Somerset,somerset-ma/library-trustee,6,John Foley,verified-current,https://www.townofsomerset.org/314/Elected-Officials,2026-08-25,Current official municipal roster/election evidence supports holder; unresolved markers are intentional.
Somerset,somerset-ma/playground-and-recreation-commissioner,1,Maryellen Aspden,verified-current,https://www.townofsomerset.org/314/Elected-Officials,2026-08-25,Current official municipal roster/election evidence supports holder; unresolved markers are intentional.
Somerset,somerset-ma/playground-and-recreation-commissioner,2,Jennifer Gaw,verified-current,https://www.townofsomerset.org/314/Elected-Officials,2026-08-25,Current official municipal roster/election evidence supports holder; unresolved markers are intentional.
Somerset,somerset-ma/playground-and-recreation-commissioner,3,Andrew Crisafulli,verified-current,https://www.townofsomerset.org/314/Elected-Officials,2026-08-25,Current official municipal roster/election evidence supports holder; unresolved markers are intentional.
Somerset,somerset-ma/playground-and-recreation-commissioner,4,Jeffrey Kardel,verified-current,https://www.townofsomerset.org/314/Elected-Officials,2026-08-25,Current official municipal roster/election evidence supports holder; unresolved markers are intentional.
Somerset,somerset-ma/playground-and-recreation-commissioner,5,Joshua Darlington,verified-current,https://www.townofsomerset.org/314/Elected-Officials,2026-08-25,Current official municipal roster/election evidence supports holder; unresolved markers are intentional.
Somerset,somerset-ma/planning-board-member,1,Gary Simons,verified-current,https://www.townofsomerset.org/314/Elected-Officials,2026-08-25,Current official municipal roster/election evidence supports holder; unresolved markers are intentional.
Somerset,somerset-ma/planning-board-member,2,Timothy Turner,verified-current,https://www.townofsomerset.org/314/Elected-Officials,2026-08-25,Current official municipal roster/election evidence supports holder; unresolved markers are intentional.
Somerset,somerset-ma/planning-board-member,3,William Raposa,verified-current,https://www.townofsomerset.org/314/Elected-Officials,2026-08-25,Current official municipal roster/election evidence supports holder; unresolved markers are intentional.
Somerset,somerset-ma/planning-board-member,4,Nicole McDonald,verified-current,https://www.townofsomerset.org/314/Elected-Officials,2026-08-25,Current official municipal roster/election evidence supports holder; unresolved markers are intentional.
Somerset,somerset-ma/planning-board-member,5,Lloyd Mendes,verified-current,https://www.townofsomerset.org/314/Elected-Officials,2026-08-25,Current official municipal roster/election evidence supports holder; unresolved markers are intentional.
Somerset,somerset-ma/housing-authority-member,1,Christopher Migneault,verified-current,https://www.townofsomerset.org/314/Elected-Officials,2026-08-25,Current official municipal roster/election evidence supports holder; unresolved markers are intentional.
Somerset,somerset-ma/housing-authority-member,2,Matthew Aspden,verified-current,https://www.townofsomerset.org/314/Elected-Officials,2026-08-25,Current official municipal roster/election evidence supports holder; unresolved markers are intentional.
Somerset,somerset-ma/housing-authority-member,3,Robert Taylor,verified-current,https://www.townofsomerset.org/314/Elected-Officials,2026-08-25,Current official municipal roster/election evidence supports holder; unresolved markers are intentional.
