id,spd_publ_id,spd_ent_rpt_id,ent_dis_nm,rpt_yr,rp_ty_cd,rp_cmpy_nm,rp_frst_nm,rp_mid_nm,rp_lst_nm,rp_titl_tx,email_ad_tx,wbst_url_tx,ph_nr,ph_extn_nr,cnty_cd,ad_ty_cd,ad_str_or_pob_tx,ad_addl_line_tx,city_nm,st_cd,ad_zp,ad_plus_4_zp
1,103225518,F4E89E5E-F161-4568-B4EE-627A0EC8BDAC,Stamford Hospital District,2018,BrdMem,,Kevin,,Corzine,Board Member,,,,,0,,,,,,,
2,103225518,F4E89E5E-F161-4568-B4EE-627A0EC8BDAC,Stamford Hospital District,2018,BrdMem,,Kevin,,McCright,Board President,,,,,0,,,,,,,
3,103225518,F4E89E5E-F161-4568-B4EE-627A0EC8BDAC,Stamford Hospital District,2018,BrdMem,,Chuck,,Muehlstein,Vice President,,,,,0,,,,,,,
4,103225518,F4E89E5E-F161-4568-B4EE-627A0EC8BDAC,Stamford Hospital District,2018,BrdMem,,Sutton,,Page,Board Member,,,,,0,,,,,,,
5,103225518,F4E89E5E-F161-4568-B4EE-627A0EC8BDAC,Stamford Hospital District,2018,BrdMem,,Wyatt,,Oakley,Board Member,,,,,0,,,,,,,
6,103225518,F4E89E5E-F161-4568-B4EE-627A0EC8BDAC,Stamford Hospital District,2018,BrdMem,,Cary,,Davis,Secretary,,,,,0,,,,,,,
7,103225518,F4E89E5E-F161-4568-B4EE-627A0EC8BDAC,Stamford Hospital District,2018,BrdMem,,Erick,,Richards,Board Member,,,,,0,,,,,,,
12,103225518,4E9E4229-ADE2-4B1E-BF24-BE6F942AEE3D,Stamford Hospital District,2019,BrdMem,,Erick,,Richards,Board Member,,,,,0,,,,,,,
13,103225518,4E9E4229-ADE2-4B1E-BF24-BE6F942AEE3D,Stamford Hospital District,2019,BrdMem,,Cary,,Davis,Secretary,,,,,0,,,,,,,
14,103225518,4E9E4229-ADE2-4B1E-BF24-BE6F942AEE3D,Stamford Hospital District,2019,BrdMem,,Kevin,,Corzine,Board Member,,,,,0,,,,,,,
15,103225518,4E9E4229-ADE2-4B1E-BF24-BE6F942AEE3D,Stamford Hospital District,2019,BrdMem,,Sutton,,Page,Board Member,,,,,0,,,,,,,
16,103225518,4E9E4229-ADE2-4B1E-BF24-BE6F942AEE3D,Stamford Hospital District,2019,BrdMem,,Wyatt,,Oakley,Board Member,,,,,0,,,,,,,
17,103225518,4E9E4229-ADE2-4B1E-BF24-BE6F942AEE3D,Stamford Hospital District,2019,BrdMem,,Kevin,,McCright,Board President,,,,,0,,,,,,,
18,103225518,4E9E4229-ADE2-4B1E-BF24-BE6F942AEE3D,Stamford Hospital District,2019,BrdMem,,Chuck,,Muehlstein,Vice President,,,,,0,,,,,,,
23,103225518,1DB7FAF6-8B14-4244-8C8F-292C37C98729,Stamford Hospital District,2023,BrdMem,,Chuck,,Muehlstein,Vice President,,,,,0,,,,,,,
24,103225518,1DB7FAF6-8B14-4244-8C8F-292C37C98729,Stamford Hospital District,2023,BrdMem,,Mark,,Lundgren,Board Member,,,,,0,,,,,,,
25,103225518,1DB7FAF6-8B14-4244-8C8F-292C37C98729,Stamford Hospital District,2023,BrdMem,,Stormy,,Higgins,Board Member,,,,,0,,,,,,,
26,103225518,1DB7FAF6-8B14-4244-8C8F-292C37C98729,Stamford Hospital District,2023,BrdMem,,Sutton,,Page,Board Member,,,,,0,,,,,,,
27,103225518,1DB7FAF6-8B14-4244-8C8F-292C37C98729,Stamford Hospital District,2023,BrdMem,,Kevin,,McCright,Board President,,,,,0,,,,,,,
28,103225518,1DB7FAF6-8B14-4244-8C8F-292C37C98729,Stamford Hospital District,2023,BrdMem,,Gary,,Decker,Board Member,,,,,0,,,,,,,
29,103225518,1DB7FAF6-8B14-4244-8C8F-292C37C98729,Stamford Hospital District,2023,BrdMem,,Kevin,,Corzine,Board Member,,,,,0,,,,,,,
35,103225518,CAF08DBF-14A2-4A69-9161-F982F12F6165,Stamford Hospital District,2024,BrdMem,,Chuck,,Muehlstein,Vice President,,,,,0,,,,,,,
36,103225518,CAF08DBF-14A2-4A69-9161-F982F12F6165,Stamford Hospital District,2024,BrdMem,,Kevin,,Corzine,Board Member,,,,,0,,,,,,,
37,103225518,CAF08DBF-14A2-4A69-9161-F982F12F6165,Stamford Hospital District,2024,BrdMem,,Kevin,,McCright,Board Member,,,,,0,,,,,,,
38,103225518,CAF08DBF-14A2-4A69-9161-F982F12F6165,Stamford Hospital District,2024,BrdMem,,Gary,,Decker,Board Member,,,,,0,,,,,,,
39,103225518,CAF08DBF-14A2-4A69-9161-F982F12F6165,Stamford Hospital District,2024,BrdMem,,Stormy,,Higgins,Board Member,,,,,0,,,,,,,
40,103225518,CAF08DBF-14A2-4A69-9161-F982F12F6165,Stamford Hospital District,2024,BrdMem,,Mark,,Lundgren,Board Member,,,,,0,,,,,,,
41,103225518,CAF08DBF-14A2-4A69-9161-F982F12F6165,Stamford Hospital District,2024,BrdMem,,Sutton,,Page,President,,,,,0,,,,,,,
47,103225518,437C8093-70F0-43F5-AF58-1EECD7993498,Stamford Hospital District,2025,BrdMem,,Mark,,Lundgren,Secretary,,,,,0,,,,,,,
48,103225518,437C8093-70F0-43F5-AF58-1EECD7993498,Stamford Hospital District,2025,BrdMem,,Ryan,,Vaughan,Board Member,,,,,0,,,,,,,
49,103225518,437C8093-70F0-43F5-AF58-1EECD7993498,Stamford Hospital District,2025,BrdMem,,Gary,,Decker,Vice President,,,,,0,,,,,,,
50,103225518,437C8093-70F0-43F5-AF58-1EECD7993498,Stamford Hospital District,2025,BrdMem,,Kevin,,McCright,Board Member,,,,,0,,,,,,,
51,103225518,437C8093-70F0-43F5-AF58-1EECD7993498,Stamford Hospital District,2025,BrdMem,,Kelly,,Jones,Board Member,,,,,0,,,,,,,
52,103225518,437C8093-70F0-43F5-AF58-1EECD7993498,Stamford Hospital District,2025,BrdMem,,Sutton,,Page,President,,,,,0,,,,,,,
53,103225518,437C8093-70F0-43F5-AF58-1EECD7993498,Stamford Hospital District,2025,BrdMem,,Stormy,,Higgins,Board Member,,,,,0,,,,,,,
59,103225518,2897573B-0315-4763-966B-14A1B5368BDF,Stamford Hospital District,2026,BrdMem,,Ryan,,Vaughan,Board Member,,,,,0,,,,,,,
60,103225518,2897573B-0315-4763-966B-14A1B5368BDF,Stamford Hospital District,2026,BrdMem,,Gary,,Decker,Vice President,,,,,0,,,,,,,
61,103225518,2897573B-0315-4763-966B-14A1B5368BDF,Stamford Hospital District,2026,BrdMem,,Stormy,,Higgins,Board Member,,,,,0,,,,,,,
62,103225518,2897573B-0315-4763-966B-14A1B5368BDF,Stamford Hospital District,2026,BrdMem,,Sutton,,Page,President,,,,,0,,,,,,,
63,103225518,2897573B-0315-4763-966B-14A1B5368BDF,Stamford Hospital District,2026,BrdMem,,Kelly,,Jones,Board Member,,,,,0,,,,,,,
64,103225518,2897573B-0315-4763-966B-14A1B5368BDF,Stamford Hospital District,2026,BrdMem,,Jim,,Astin,Board Member,,,,,0,,,,,,,
65,103225518,2897573B-0315-4763-966B-14A1B5368BDF,Stamford Hospital District,2026,BrdMem,,Mark,,Lundgren,Secretary,,,,,0,,,,,,,
135,103225520,7A9A9CBD-AD2D-4680-89D9-0BFE7CF30526,Marion County Hospital District,2018,BrdMem,,Jack,,Nelson,Chairman,,,,,0,,,,,,,
136,103225520,7A9A9CBD-AD2D-4680-89D9-0BFE7CF30526,Marion County Hospital District,2018,BrdMem,,Paulette,,Cooper,Treasurer,,,,,0,,,,,,,
137,103225520,7A9A9CBD-AD2D-4680-89D9-0BFE7CF30526,Marion County Hospital District,2018,BrdMem,,Susan,,Anderson,Director,,,,,0,,,,,,,
138,103225520,7A9A9CBD-AD2D-4680-89D9-0BFE7CF30526,Marion County Hospital District,2018,BrdMem,,Maurice,,Jones,Bldg & Mnt. Chairman,,,,,0,,,,,,,
139,103225520,7A9A9CBD-AD2D-4680-89D9-0BFE7CF30526,Marion County Hospital District,2018,BrdMem,,Barbara,,Hampton,IHC Representative,,,,,0,,,,,,,
140,103225520,7A9A9CBD-AD2D-4680-89D9-0BFE7CF30526,Marion County Hospital District,2018,BrdMem,,Tammy,,Cornett,Vice Chairman,,,,,0,,,,,,,
141,103225520,7A9A9CBD-AD2D-4680-89D9-0BFE7CF30526,Marion County Hospital District,2018,BrdMem,,Patsy,,Dreesen,Board Secretary,,,,,0,,,,,,,
145,103225520,DE201265-0E4F-41B0-9A8F-E0AB1C21D27D,Marion County Hospital District,2019,BrdMem,,Susan,,Anderson,Director,,,,,0,,,,,,,
146,103225520,DE201265-0E4F-41B0-9A8F-E0AB1C21D27D,Marion County Hospital District,2019,BrdMem,,Maurice,,Jones,Bldg & Mnt. Chairman,,,,,0,,,,,,,
147,103225520,DE201265-0E4F-41B0-9A8F-E0AB1C21D27D,Marion County Hospital District,2019,BrdMem,,Tammy,,Cornett,Vice Chairman,,,,,0,,,,,,,
148,103225520,DE201265-0E4F-41B0-9A8F-E0AB1C21D27D,Marion County Hospital District,2019,BrdMem,,Jack,,Nelson,Chairman,,,,,0,,,,,,,
149,103225520,DE201265-0E4F-41B0-9A8F-E0AB1C21D27D,Marion County Hospital District,2019,BrdMem,,Patsy,,Dreesen,Board Secretary,,,,,0,,,,,,,
150,103225520,DE201265-0E4F-41B0-9A8F-E0AB1C21D27D,Marion County Hospital District,2019,BrdMem,,Paulette,,Cooper,Treasurer,,,,,0,,,,,,,
151,103225520,DE201265-0E4F-41B0-9A8F-E0AB1C21D27D,Marion County Hospital District,2019,BrdMem,,Barbara,,Hampton,IHC Representative,,,,,0,,,,,,,
155,103225520,0E06B09B-2996-4792-B644-1FE8A08B3D31,Marion County Hospital District,2020,BrdMem,,Susan,,Anderson,Director,,,,,0,,,,,,,
156,103225520,0E06B09B-2996-4792-B644-1FE8A08B3D31,Marion County Hospital District,2020,BrdMem,,Maurice,,Jones,Bldg & Mnt. Chairman,,,,,0,,,,,,,
157,103225520,0E06B09B-2996-4792-B644-1FE8A08B3D31,Marion County Hospital District,2020,BrdMem,,Jack,,Nelson,Chairman,,,,,0,,,,,,,
158,103225520,0E06B09B-2996-4792-B644-1FE8A08B3D31,Marion County Hospital District,2020,BrdMem,,Jeremy,,Dreesen,Director,,,,,0,,,,,,,
159,103225520,0E06B09B-2996-4792-B644-1FE8A08B3D31,Marion County Hospital District,2020,BrdMem,,Paulette,,Cooper,Treasurer,,,,,0,,,,,,,
160,103225520,0E06B09B-2996-4792-B644-1FE8A08B3D31,Marion County Hospital District,2020,BrdMem,,Barbara,,Hampton,IHC Representative,,,,,0,,,,,,,
161,103225520,0E06B09B-2996-4792-B644-1FE8A08B3D31,Marion County Hospital District,2020,BrdMem,,Tammy,,Cornett,Vice Chairman,,,,,0,,,,,,,
165,103225520,3A172EA8-2086-4F4E-9FDC-B8151C46FAAB,Marion County Hospital District,2021,BrdMem,,Jack,,Nelson,Chairman,,,,,0,,,,,,,
166,103225520,3A172EA8-2086-4F4E-9FDC-B8151C46FAAB,Marion County Hospital District,2021,BrdMem,,Paulette,,Cooper,Treasurer,,,,,0,,,,,,,
167,103225520,3A172EA8-2086-4F4E-9FDC-B8151C46FAAB,Marion County Hospital District,2021,BrdMem,,Maurice,,Jones,Bldg & Mnt. Chairman,,,,,0,,,,,,,
168,103225520,3A172EA8-2086-4F4E-9FDC-B8151C46FAAB,Marion County Hospital District,2021,BrdMem,,Barbara,,Hampton,IHC Representative,,,,,0,,,,,,,
169,103225520,3A172EA8-2086-4F4E-9FDC-B8151C46FAAB,Marion County Hospital District,2021,BrdMem,,Jeremy,,Dreesen,Director,,,,,0,,,,,,,
170,103225520,3A172EA8-2086-4F4E-9FDC-B8151C46FAAB,Marion County Hospital District,2021,BrdMem,,Tammy,,Cornett,Vice Chairman,,,,,0,,,,,,,
171,103225520,3A172EA8-2086-4F4E-9FDC-B8151C46FAAB,Marion County Hospital District,2021,BrdMem,,Susan,,Anderson,Director,,,,,0,,,,,,,
179,103225520,CE8F4CEB-E69D-4B54-B63F-7F04C1511632,Marion County Hospital District,2025,BrdMem,,Jodie,,Harris,Director,,,,,0,,,,,,,
180,103225520,CE8F4CEB-E69D-4B54-B63F-7F04C1511632,Marion County Hospital District,2025,BrdMem,,Tammy,,Cornett,Chair,,,,,0,,,,,,,
181,103225520,CE8F4CEB-E69D-4B54-B63F-7F04C1511632,Marion County Hospital District,2025,BrdMem,,Paulette,,Cooper,Treasurer,,,,,0,,,,,,,
182,103225520,CE8F4CEB-E69D-4B54-B63F-7F04C1511632,Marion County Hospital District,2025,BrdMem,,Michelle,,Ready,Director,,,,,0,,,,,,,
183,103225520,CE8F4CEB-E69D-4B54-B63F-7F04C1511632,Marion County Hospital District,2025,BrdMem,,Vivian,,Foster,Director,,,,,0,,,,,,,
184,103225520,CE8F4CEB-E69D-4B54-B63F-7F04C1511632,Marion County Hospital District,2025,BrdMem,,Susan,,Anderson,Secretary,,,,,0,,,,,,,
185,103225520,CE8F4CEB-E69D-4B54-B63F-7F04C1511632,Marion County Hospital District,2025,BrdMem,,Karen,,Kent,Vice-Chair,,,,,0,,,,,,,
652,103225528,BA80B14F-059D-40A8-A4A3-55B0F85FAB0F,Nocona Hospital District,2018,BrdMem,,Charles,,May,Board Chairman,,,,,0,,,,,,,
653,103225528,BA80B14F-059D-40A8-A4A3-55B0F85FAB0F,Nocona Hospital District,2018,BrdMem,,Melissa,,Murphey,Board Member,,,,,0,,,,,,,
654,103225528,BA80B14F-059D-40A8-A4A3-55B0F85FAB0F,Nocona Hospital District,2018,BrdMem,,Cris,,Lemon,Board Member,,,,,0,,,,,,,
655,103225528,BA80B14F-059D-40A8-A4A3-55B0F85FAB0F,Nocona Hospital District,2018,BrdMem,,Chris,,Keck,Board Secretary,,,,,0,,,,,,,
656,103225528,BA80B14F-059D-40A8-A4A3-55B0F85FAB0F,Nocona Hospital District,2018,BrdMem,,Charlie,,Brown,Board Member,,,,,0,,,,,,,
657,103225528,BA80B14F-059D-40A8-A4A3-55B0F85FAB0F,Nocona Hospital District,2018,BrdMem,,Todd,,Peterson,Board Member,,,,,0,,,,,,,
658,103225528,BA80B14F-059D-40A8-A4A3-55B0F85FAB0F,Nocona Hospital District,2018,BrdMem,,Kenneth,,Koontz,Board Vice Chairman,,,,,0,,,,,,,
662,103225528,FD45CA1E-B89A-4F26-AE80-C5606076CC1F,Nocona Hospital District,2019,BrdMem,,Ronald,,Brown,Board Member,,,,,0,,,,,,,
663,103225528,FD45CA1E-B89A-4F26-AE80-C5606076CC1F,Nocona Hospital District,2019,BrdMem,,Cris,,Lemon,Board Member,,,,,0,,,,,,,
664,103225528,FD45CA1E-B89A-4F26-AE80-C5606076CC1F,Nocona Hospital District,2019,BrdMem,,Chris,,Keck,Board Secretary,,,,,0,,,,,,,
665,103225528,FD45CA1E-B89A-4F26-AE80-C5606076CC1F,Nocona Hospital District,2019,BrdMem,,Melissa,,Murphey,Board Member,,,,,0,,,,,,,
666,103225528,FD45CA1E-B89A-4F26-AE80-C5606076CC1F,Nocona Hospital District,2019,BrdMem,,Charles,,May,Board Chairman,,,,,0,,,,,,,
667,103225528,FD45CA1E-B89A-4F26-AE80-C5606076CC1F,Nocona Hospital District,2019,BrdMem,,Kenneth,,Koontz,Board Vice Chairman,,,,,0,,,,,,,
668,103225528,FD45CA1E-B89A-4F26-AE80-C5606076CC1F,Nocona Hospital District,2019,BrdMem,,Charlie,,Brown,Board Member,,,,,0,,,,,,,
672,103225528,E3F1ACFB-9FEF-4F70-BBAF-42E4F28F6D4E,Nocona Hospital District,2020,BrdMem,,Melissa,,Murphey,Board Member,,,,,0,,,,,,,
673,103225528,E3F1ACFB-9FEF-4F70-BBAF-42E4F28F6D4E,Nocona Hospital District,2020,BrdMem,,Chris,,Keck,Board Secretary,,,,,0,,,,,,,
674,103225528,E3F1ACFB-9FEF-4F70-BBAF-42E4F28F6D4E,Nocona Hospital District,2020,BrdMem,,Cris,,Lemon,Board Member,,,,,0,,,,,,,
675,103225528,E3F1ACFB-9FEF-4F70-BBAF-42E4F28F6D4E,Nocona Hospital District,2020,BrdMem,,Kristal,,Ferguson,Board Member,,,,,0,,,,,,,
676,103225528,E3F1ACFB-9FEF-4F70-BBAF-42E4F28F6D4E,Nocona Hospital District,2020,BrdMem,,Charles,,May,Board Chairman,,,,,0,,,,,,,
677,103225528,E3F1ACFB-9FEF-4F70-BBAF-42E4F28F6D4E,Nocona Hospital District,2020,BrdMem,,Ronald,,Brown,Board Member,,,,,0,,,,,,,
678,103225528,E3F1ACFB-9FEF-4F70-BBAF-42E4F28F6D4E,Nocona Hospital District,2020,BrdMem,,Kenneth,,Koontz,Board Vice Chairman,,,,,0,,,,,,,
682,103225528,3C7A5F29-64F1-4C51-88EE-F855C2F28854,Nocona Hospital District,2021,BrdMem,,Kristal,,Ferguson,Board Member,,,,,0,,,,,,,
683,103225528,3C7A5F29-64F1-4C51-88EE-F855C2F28854,Nocona Hospital District,2021,BrdMem,,Kenneth,,Koontz,Board Vice Chairman,,,,,0,,,,,,,
684,103225528,3C7A5F29-64F1-4C51-88EE-F855C2F28854,Nocona Hospital District,2021,BrdMem,,Charles,,May,Board Chairman,,,,,0,,,,,,,
685,103225528,3C7A5F29-64F1-4C51-88EE-F855C2F28854,Nocona Hospital District,2021,BrdMem,,Chris,,Keck,Board Secretary,,,,,0,,,,,,,
686,103225528,3C7A5F29-64F1-4C51-88EE-F855C2F28854,Nocona Hospital District,2021,BrdMem,,Cris,,Lemon,Board Member,,,,,0,,,,,,,
687,103225528,3C7A5F29-64F1-4C51-88EE-F855C2F28854,Nocona Hospital District,2021,BrdMem,,Paula,,Webb,Board Member,,,,,0,,,,,,,
688,103225528,3C7A5F29-64F1-4C51-88EE-F855C2F28854,Nocona Hospital District,2021,BrdMem,,Ronald,,Brown,Board Member,,,,,0,,,,,,,
692,103225528,9EED3A0C-2BA3-4AAE-9243-089A633891B6,Nocona Hospital District,2022,BrdMem,,Paula,,Webb,Board Member,,,,,0,,,,,,,
693,103225528,9EED3A0C-2BA3-4AAE-9243-089A633891B6,Nocona Hospital District,2022,BrdMem,,Kenneth,,Koontz,Board Vice Chairman,,,,,0,,,,,,,
694,103225528,9EED3A0C-2BA3-4AAE-9243-089A633891B6,Nocona Hospital District,2022,BrdMem,,Cris,,Lemon,Board Member,,,,,0,,,,,,,
695,103225528,9EED3A0C-2BA3-4AAE-9243-089A633891B6,Nocona Hospital District,2022,BrdMem,,Chris,,Keck,Board Secretary,,,,,0,,,,,,,
696,103225528,9EED3A0C-2BA3-4AAE-9243-089A633891B6,Nocona Hospital District,2022,BrdMem,,Ronald,,Brown,Board Member,,,,,0,,,,,,,
697,103225528,9EED3A0C-2BA3-4AAE-9243-089A633891B6,Nocona Hospital District,2022,BrdMem,,Charles,,May,Board Chairman,,,,,0,,,,,,,
698,103225528,9EED3A0C-2BA3-4AAE-9243-089A633891B6,Nocona Hospital District,2022,BrdMem,,Kristal,,Ferguson,Board Member,,,,,0,,,,,,,
702,103225528,DF2E9466-FB90-45E9-B94D-46D7E40BD193,Nocona Hospital District,2023,BrdMem,,Ronald,,Brown,Board Member,,,,,0,,,,,,,
703,103225528,DF2E9466-FB90-45E9-B94D-46D7E40BD193,Nocona Hospital District,2023,BrdMem,,Charles,,May,Board Chairman,,,,,0,,,,,,,
704,103225528,DF2E9466-FB90-45E9-B94D-46D7E40BD193,Nocona Hospital District,2023,BrdMem,,Kristal,,Ferguson,Board Member,,,,,0,,,,,,,
705,103225528,DF2E9466-FB90-45E9-B94D-46D7E40BD193,Nocona Hospital District,2023,BrdMem,,Kenneth,,Koontz,Board Vice Chairman,,,,,0,,,,,,,
706,103225528,DF2E9466-FB90-45E9-B94D-46D7E40BD193,Nocona Hospital District,2023,BrdMem,,Paula,,Webb,Board Member,,,,,0,,,,,,,
707,103225528,DF2E9466-FB90-45E9-B94D-46D7E40BD193,Nocona Hospital District,2023,BrdMem,,Chris,,Keck,Board Secretary,,,,,0,,,,,,,
708,103225528,DF2E9466-FB90-45E9-B94D-46D7E40BD193,Nocona Hospital District,2023,BrdMem,,Cris,,Lemon,Board Member,,,,,0,,,,,,,
712,103225528,1E739E73-4FBD-4E71-BF04-B7F194E18929,Nocona Hospital District,2024,BrdMem,,Ronald,,Brown,Board Member,,,,,0,,,,,,,
713,103225528,1E739E73-4FBD-4E71-BF04-B7F194E18929,Nocona Hospital District,2024,BrdMem,,Cris,,Lemon,Board Member,,,,,0,,,,,,,
714,103225528,1E739E73-4FBD-4E71-BF04-B7F194E18929,Nocona Hospital District,2024,BrdMem,,Charles,,May,Board Chairman,,,,,0,,,,,,,
715,103225528,1E739E73-4FBD-4E71-BF04-B7F194E18929,Nocona Hospital District,2024,BrdMem,,Kenneth,,Koontz,Board Vice Chairman,,,,,0,,,,,,,
716,103225528,1E739E73-4FBD-4E71-BF04-B7F194E18929,Nocona Hospital District,2024,BrdMem,,Paula,,Webb,Board Member,,,,,0,,,,,,,
717,103225528,1E739E73-4FBD-4E71-BF04-B7F194E18929,Nocona Hospital District,2024,BrdMem,,Kristal,,Ferguson,Board Member,,,,,0,,,,,,,
718,103225528,1E739E73-4FBD-4E71-BF04-B7F194E18929,Nocona Hospital District,2024,BrdMem,,Chris,,Keck,Board Secretary,,,,,0,,,,,,,
722,103225528,245D7252-ACA9-46CD-A0AC-EA094869597B,Nocona Hospital District,2025,BrdMem,,Ronald,,Brown,Board Member,,,,,0,,,,,,,
723,103225528,245D7252-ACA9-46CD-A0AC-EA094869597B,Nocona Hospital District,2025,BrdMem,,Cris,,Lemon,Board Member,,,,,0,,,,,,,
724,103225528,245D7252-ACA9-46CD-A0AC-EA094869597B,Nocona Hospital District,2025,BrdMem,,Chris,,Keck,Board Secretary,,,,,0,,,,,,,
725,103225528,245D7252-ACA9-46CD-A0AC-EA094869597B,Nocona Hospital District,2025,BrdMem,,Kristal,,Ferguson,Board Member,,,,,0,,,,,,,
726,103225528,245D7252-ACA9-46CD-A0AC-EA094869597B,Nocona Hospital District,2025,BrdMem,,Kenneth,,Koontz,Board Vice Chairman,,,,,0,,,,,,,
727,103225528,245D7252-ACA9-46CD-A0AC-EA094869597B,Nocona Hospital District,2025,BrdMem,,Paula,,Webb,Board Member,,,,,0,,,,,,,
728,103225528,245D7252-ACA9-46CD-A0AC-EA094869597B,Nocona Hospital District,2025,BrdMem,,Charles,,May,Board Chairman,,,,,0,,,,,,,
732,103225528,55CB79B8-850E-4C34-8734-2F233718180F,Nocona Hospital District,2026,BrdMem,,Charles,,May,Board Chairman,,,,,0,,,,,,,
733,103225528,55CB79B8-850E-4C34-8734-2F233718180F,Nocona Hospital District,2026,BrdMem,,Ronald,,Brown,Board Member,,,,,0,,,,,,,
734,103225528,55CB79B8-850E-4C34-8734-2F233718180F,Nocona Hospital District,2026,BrdMem,,Kristal,,Ferguson,Board Member,,,,,0,,,,,,,
735,103225528,55CB79B8-850E-4C34-8734-2F233718180F,Nocona Hospital District,2026,BrdMem,,Paula,,Webb,Board Member,,,,,0,,,,,,,
736,103225528,55CB79B8-850E-4C34-8734-2F233718180F,Nocona Hospital District,2026,BrdMem,,Chris,,Keck,Board Secretary,,,,,0,,,,,,,
737,103225528,55CB79B8-850E-4C34-8734-2F233718180F,Nocona Hospital District,2026,BrdMem,,Kenneth,,Koontz,Board Vice Chairman,,,,,0,,,,,,,
738,103225528,55CB79B8-850E-4C34-8734-2F233718180F,Nocona Hospital District,2026,BrdMem,,De,,Brown,Board Member,,,,,0,,,,,,,
1044,103225533,0222E7BB-71E8-438F-9FCD-F91BE2567EDF,Westbank Community Library District,2018,BrdMem,,Lyle,,Thormann,President,,,,,0,,,,,,,
1045,103225533,0222E7BB-71E8-438F-9FCD-F91BE2567EDF,Westbank Community Library District,2018,BrdMem,,Susan,,Smith,Trustee,,,,,0,,,,,,,
1046,103225533,0222E7BB-71E8-438F-9FCD-F91BE2567EDF,Westbank Community Library District,2018,BrdMem,,Todd,,Crickmer,Trustee,,,,,0,,,,,,,
1047,103225533,0222E7BB-71E8-438F-9FCD-F91BE2567EDF,Westbank Community Library District,2018,BrdMem,,David,,Oertel,Vice President,,,,,0,,,,,,,
1048,103225533,0222E7BB-71E8-438F-9FCD-F91BE2567EDF,Westbank Community Library District,2018,BrdMem,,Nancy,,Jennings,Secretary,,,,,0,,,,,,,
1051,103225533,707C4065-2389-4FB2-9E65-50EE890089DE,Westbank Community Library District,2019,BrdMem,,Nancy,,Jennings,Secretary,,,,,0,,,,,,,
1052,103225533,707C4065-2389-4FB2-9E65-50EE890089DE,Westbank Community Library District,2019,BrdMem,,Lyle,,Thormann,President,,,,,0,,,,,,,
1053,103225533,707C4065-2389-4FB2-9E65-50EE890089DE,Westbank Community Library District,2019,BrdMem,,Todd,,Crickmer,Trustee,,,,,0,,,,,,,
1054,103225533,707C4065-2389-4FB2-9E65-50EE890089DE,Westbank Community Library District,2019,BrdMem,,Susan,,Smith,Trustee,,,,,0,,,,,,,
1055,103225533,707C4065-2389-4FB2-9E65-50EE890089DE,Westbank Community Library District,2019,BrdMem,,David,,Oertel,Vice President,,,,,0,,,,,,,
1058,103225533,660EBD6F-8A12-4F9B-9D22-0A209690ADC9,Westbank Community Library District,2020,BrdMem,,Lyle,,Thormann,President,,,,,0,,,,,,,
1059,103225533,660EBD6F-8A12-4F9B-9D22-0A209690ADC9,Westbank Community Library District,2020,BrdMem,,Sumaya,,Saati,Trustee,,,,,0,,,,,,,
1060,103225533,660EBD6F-8A12-4F9B-9D22-0A209690ADC9,Westbank Community Library District,2020,BrdMem,,Nancy,,Jennings,Secretary,,,,,0,,,,,,,
1061,103225533,660EBD6F-8A12-4F9B-9D22-0A209690ADC9,Westbank Community Library District,2020,BrdMem,,David,,Oertel,Vice President,,,,,0,,,,,,,
1062,103225533,660EBD6F-8A12-4F9B-9D22-0A209690ADC9,Westbank Community Library District,2020,BrdMem,,Todd,,Crickmer,Trustee,,,,,0,,,,,,,
1065,103225533,E56F6F11-9A78-4DE6-A035-A68029BB651F,Westbank Community Library District,2021,BrdMem,,Sumaya,,Saati,Trustee,,,,,0,,,,,,,
1066,103225533,E56F6F11-9A78-4DE6-A035-A68029BB651F,Westbank Community Library District,2021,BrdMem,,Carol,,Keller,Trustee,,,,,0,,,,,,,
1067,103225533,E56F6F11-9A78-4DE6-A035-A68029BB651F,Westbank Community Library District,2021,BrdMem,,Todd,,Crickmer,Vice President,,,,,0,,,,,,,
1068,103225533,E56F6F11-9A78-4DE6-A035-A68029BB651F,Westbank Community Library District,2021,BrdMem,,Nancy,,Jennings,Secretary,,,,,0,,,,,,,
1069,103225533,E56F6F11-9A78-4DE6-A035-A68029BB651F,Westbank Community Library District,2021,BrdMem,,David,,Oertel,President,,,,,0,,,,,,,
1072,103225533,04B6D0D8-EC03-4D50-A3E6-1AC6041E719C,Westbank Community Library District,2022,BrdMem,,Carol,,Keller,Secretary,,,,,0,,,,,,,
1073,103225533,04B6D0D8-EC03-4D50-A3E6-1AC6041E719C,Westbank Community Library District,2022,BrdMem,,Nancy,,Jennings,Trustee,,,,,0,,,,,,,
1074,103225533,04B6D0D8-EC03-4D50-A3E6-1AC6041E719C,Westbank Community Library District,2022,BrdMem,,Sumaya,,Saati,Trustee,,,,,0,,,,,,,
1075,103225533,04B6D0D8-EC03-4D50-A3E6-1AC6041E719C,Westbank Community Library District,2022,BrdMem,,David,,Oertel,President,,,,,0,,,,,,,
1076,103225533,04B6D0D8-EC03-4D50-A3E6-1AC6041E719C,Westbank Community Library District,2022,BrdMem,,Todd,,Crickmer,Vice President,,,,,0,,,,,,,
1079,103225533,34F5DDF5-6B07-4E19-A873-D007A7C31CCB,Westbank Community Library District,2023,BrdMem,,Nancy,,Jennings,Trustee,,,,,0,,,,,,,
1080,103225533,34F5DDF5-6B07-4E19-A873-D007A7C31CCB,Westbank Community Library District,2023,BrdMem,,Sumaya,,Saati,Trustee,,,,,0,,,,,,,
1081,103225533,34F5DDF5-6B07-4E19-A873-D007A7C31CCB,Westbank Community Library District,2023,BrdMem,,Carol,,Keller,Secretary,,,,,0,,,,,,,
1082,103225533,34F5DDF5-6B07-4E19-A873-D007A7C31CCB,Westbank Community Library District,2023,BrdMem,,Todd,,Crickmer,Vice President,,,,,0,,,,,,,
1083,103225533,34F5DDF5-6B07-4E19-A873-D007A7C31CCB,Westbank Community Library District,2023,BrdMem,,David,,Oertel,President,,,,,0,,,,,,,
1086,103225533,A4144AFB-A794-4F4B-B964-5BEBC8CE41F9,Westbank Community Library District,2024,BrdMem,,Sumaya,,Saati,Trustee,,,,,0,,,,,,,
1087,103225533,A4144AFB-A794-4F4B-B964-5BEBC8CE41F9,Westbank Community Library District,2024,BrdMem,,Carol,,Keller,Secretary,,,,,0,,,,,,,
1088,103225533,A4144AFB-A794-4F4B-B964-5BEBC8CE41F9,Westbank Community Library District,2024,BrdMem,,Todd,,Crickmer,Vice President,,,,,0,,,,,,,
1089,103225533,A4144AFB-A794-4F4B-B964-5BEBC8CE41F9,Westbank Community Library District,2024,BrdMem,,David,,Oertel,President,,,,,0,,,,,,,
1090,103225533,A4144AFB-A794-4F4B-B964-5BEBC8CE41F9,Westbank Community Library District,2024,BrdMem,,Nancy,,Jennings,Trustee,,,,,0,,,,,,,
1093,103225533,A7B8F031-D0FF-4142-AB6B-B2B32EB0A4F6,Westbank Community Library District,2025,BrdMem,,Todd,,Crickmer,Vice President,,,,,0,,,,,,,
1094,103225533,A7B8F031-D0FF-4142-AB6B-B2B32EB0A4F6,Westbank Community Library District,2025,BrdMem,,Elisa,,Huang,Trustee,,,,,0,,,,,,,
1095,103225533,A7B8F031-D0FF-4142-AB6B-B2B32EB0A4F6,Westbank Community Library District,2025,BrdMem,,Nancy,,Jennings,Secretary,,,,,0,,,,,,,
1096,103225533,A7B8F031-D0FF-4142-AB6B-B2B32EB0A4F6,Westbank Community Library District,2025,BrdMem,,Sumaya,,Saati,Trustee,,,,,0,,,,,,,
1097,103225533,A7B8F031-D0FF-4142-AB6B-B2B32EB0A4F6,Westbank Community Library District,2025,BrdMem,,David,,Oertel,President,,,,,0,,,,,,,
1100,103225533,E58DDA0C-9693-40A0-8724-96C1A698D093,Westbank Community Library District,2026,BrdMem,,David,,Oertel,President,,,,,0,,,,,,,
1101,103225533,E58DDA0C-9693-40A0-8724-96C1A698D093,Westbank Community Library District,2026,BrdMem,,Elisa,,Huang,Trustee,,,,,0,,,,,,,
1102,103225533,E58DDA0C-9693-40A0-8724-96C1A698D093,Westbank Community Library District,2026,BrdMem,,Sumaya,,Saati,Trustee,,,,,0,,,,,,,
1103,103225533,E58DDA0C-9693-40A0-8724-96C1A698D093,Westbank Community Library District,2026,BrdMem,,Todd,,Crickmer,Vice President,,,,,0,,,,,,,
1104,103225533,E58DDA0C-9693-40A0-8724-96C1A698D093,Westbank Community Library District,2026,BrdMem,,Nancy,,Jennings,Secretary,,,,,0,,,,,,,
1970,103225545,22068D55-26F8-488A-BBFF-5B9422E323E7,Chambers County Public Hospital District #1,2018,BrdMem,,Theresa,,Greco,Vice Chair,,,,,0,,,,,,,
1971,103225545,22068D55-26F8-488A-BBFF-5B9422E323E7,Chambers County Public Hospital District #1,2018,BrdMem,,Willie,,Lancon,Director,,,,,0,,,,,,,
1972,103225545,22068D55-26F8-488A-BBFF-5B9422E323E7,Chambers County Public Hospital District #1,2018,BrdMem,,Leslie,,Turner,Director,,,,,0,,,,,,,
1973,103225545,22068D55-26F8-488A-BBFF-5B9422E323E7,Chambers County Public Hospital District #1,2018,BrdMem,,Marian,,Whitley,Chair,,,,,0,,,,,,,
1974,103225545,22068D55-26F8-488A-BBFF-5B9422E323E7,Chambers County Public Hospital District #1,2018,BrdMem,,Marcia,,Smith,Secretary,,,,,0,,,,,,,
1979,103225545,7B02B852-4480-43FF-A875-DCDC1FC1519C,Chambers County Public Hospital District #1,2019,BrdMem,,Willie,,Lancon,Director,,,,,0,,,,,,,
1980,103225545,7B02B852-4480-43FF-A875-DCDC1FC1519C,Chambers County Public Hospital District #1,2019,BrdMem,,Marcia,,Smith,Secretary,,,,,0,,,,,,,
1981,103225545,7B02B852-4480-43FF-A875-DCDC1FC1519C,Chambers County Public Hospital District #1,2019,BrdMem,,Theresa,,Greco,Vice Chair,,,,,0,,,,,,,
1982,103225545,7B02B852-4480-43FF-A875-DCDC1FC1519C,Chambers County Public Hospital District #1,2019,BrdMem,,Leslie,,Turner,Director,,,,,0,,,,,,,
1983,103225545,7B02B852-4480-43FF-A875-DCDC1FC1519C,Chambers County Public Hospital District #1,2019,BrdMem,,Marian,,Whitley,Chair,,,,,0,,,,,,,
1988,103225545,D5422174-1C62-4053-8BBD-B43981FE5CCE,Chambers County Public Hospital District #1,2020,BrdMem,,Michael,,Manders,Director,,,,,0,,,,,,,
1989,103225545,D5422174-1C62-4053-8BBD-B43981FE5CCE,Chambers County Public Hospital District #1,2020,BrdMem,,Theresa,,Greco,Vice Chair,,,,,0,,,,,,,
1990,103225545,D5422174-1C62-4053-8BBD-B43981FE5CCE,Chambers County Public Hospital District #1,2020,BrdMem,,Leslie,,Turner,Director,,,,,0,,,,,,,
1991,103225545,D5422174-1C62-4053-8BBD-B43981FE5CCE,Chambers County Public Hospital District #1,2020,BrdMem,,Marian,,Whitley,Chair,,,,,0,,,,,,,
1992,103225545,D5422174-1C62-4053-8BBD-B43981FE5CCE,Chambers County Public Hospital District #1,2020,BrdMem,,Marcia,,Smith,Secretary,,,,,0,,,,,,,
1997,103225545,E13607B5-2596-47E7-B104-4D5AF01DF070,Chambers County Public Hospital District #1,2021,BrdMem,,Geraldine,,Brown,Director,,,,,0,,,,,,,
1998,103225545,E13607B5-2596-47E7-B104-4D5AF01DF070,Chambers County Public Hospital District #1,2021,BrdMem,,Leslie,,Turner,Secretary,,,,,0,,,,,,,
1999,103225545,E13607B5-2596-47E7-B104-4D5AF01DF070,Chambers County Public Hospital District #1,2021,BrdMem,,Mike,,Emmons,Director,,,,,0,,,,,,,
2000,103225545,E13607B5-2596-47E7-B104-4D5AF01DF070,Chambers County Public Hospital District #1,2021,BrdMem,,Teresa,,Greco,Chair,,,,,0,,,,,,,
2001,103225545,E13607B5-2596-47E7-B104-4D5AF01DF070,Chambers County Public Hospital District #1,2021,BrdMem,,Marcia,,Smith,Vice Chair,,,,,0,,,,,,,
2006,103225545,39C1C033-B581-4BBA-95A0-B7A014C0D6D2,Chambers County Public Hospital District #1,2022,BrdMem,,Geraldine,,Brown,Director,,,,,0,,,,,,,
2007,103225545,39C1C033-B581-4BBA-95A0-B7A014C0D6D2,Chambers County Public Hospital District #1,2022,BrdMem,,Mike,,Emmons,Director,,,,,0,,,,,,,
2008,103225545,39C1C033-B581-4BBA-95A0-B7A014C0D6D2,Chambers County Public Hospital District #1,2022,BrdMem,,Teresa,,Greco,Chair,,,,,0,,,,,,,
2009,103225545,39C1C033-B581-4BBA-95A0-B7A014C0D6D2,Chambers County Public Hospital District #1,2022,BrdMem,,Leslie,,Turner,Secretary,,,,,0,,,,,,,
2014,103225545,DBB26431-B92E-4791-AA6F-91B98C03C801,Chambers County Public Hospital District #1,2023,BrdMem,,Mike,,Emmons,Chairperson,,,,,0,,,,,,,
2015,103225545,DBB26431-B92E-4791-AA6F-91B98C03C801,Chambers County Public Hospital District #1,2023,BrdMem,,Andy,,Legg,Vice Chairperson,,,,,0,,,,,,,
2016,103225545,DBB26431-B92E-4791-AA6F-91B98C03C801,Chambers County Public Hospital District #1,2023,BrdMem,,Linda,,Tinnerman,Secretary,,,,,0,,,,,,,
2017,103225545,DBB26431-B92E-4791-AA6F-91B98C03C801,Chambers County Public Hospital District #1,2023,BrdMem,,Geraldine,,Brown,Director,,,,,0,,,,,,,
2018,103225545,DBB26431-B92E-4791-AA6F-91B98C03C801,Chambers County Public Hospital District #1,2023,BrdMem,,Leslie,,Turner,Director,,,,,0,,,,,,,
2023,103225545,7154987E-ABA7-467B-B915-2F8C8FDFEF18,Chambers County Public Hospital District #1,2024,BrdMem,,Mike,,Emmons,Chairperson,,,,,0,,,,,,,
2024,103225545,7154987E-ABA7-467B-B915-2F8C8FDFEF18,Chambers County Public Hospital District #1,2024,BrdMem,,Andy,,Legg,Vice Chairperson,,,,,0,,,,,,,
2025,103225545,7154987E-ABA7-467B-B915-2F8C8FDFEF18,Chambers County Public Hospital District #1,2024,BrdMem,,Geraldine,,Brown,Director,,,,,0,,,,,,,
2026,103225545,7154987E-ABA7-467B-B915-2F8C8FDFEF18,Chambers County Public Hospital District #1,2024,BrdMem,,Linda,,Tinnerman,Secretary,,,,,0,,,,,,,
2027,103225545,7154987E-ABA7-467B-B915-2F8C8FDFEF18,Chambers County Public Hospital District #1,2024,BrdMem,,Leslie,,Turner,Director,,,,,0,,,,,,,
2032,103225545,1671956F-09DA-4110-8A22-27C2C1637ED6,Chambers County Public Hospital District #1,2025,BrdMem,,Andy,,Legg,Chairperson,,,,,0,,,,,,,
2033,103225545,1671956F-09DA-4110-8A22-27C2C1637ED6,Chambers County Public Hospital District #1,2025,BrdMem,,Mary Annette,,Abernathy,Vice Chairperson,,,,,0,,,,,,,
2034,103225545,1671956F-09DA-4110-8A22-27C2C1637ED6,Chambers County Public Hospital District #1,2025,BrdMem,,Leslie,,Turner,Director,,,,,0,,,,,,,
2035,103225545,1671956F-09DA-4110-8A22-27C2C1637ED6,Chambers County Public Hospital District #1,2025,BrdMem,,Linda,,Tinnerman,Secretary,,,,,0,,,,,,,
2036,103225545,1671956F-09DA-4110-8A22-27C2C1637ED6,Chambers County Public Hospital District #1,2025,BrdMem,,Eric,,Humphrey,Director,,,,,0,,,,,,,
2041,103225545,78291244-642C-46AC-B45C-9D81ECBC5590,Chambers County Public Hospital District #1,2026,BrdMem,,Mary Annette,,Abernathy,Vice Chairperson,,,,,0,,,,,,,
2042,103225545,78291244-642C-46AC-B45C-9D81ECBC5590,Chambers County Public Hospital District #1,2026,BrdMem,,Andy,,Legg,Chairperson,,,,,0,,,,,,,
2043,103225545,78291244-642C-46AC-B45C-9D81ECBC5590,Chambers County Public Hospital District #1,2026,BrdMem,,Eric,,Humphrey,Director,,,,,0,,,,,,,
2044,103225545,78291244-642C-46AC-B45C-9D81ECBC5590,Chambers County Public Hospital District #1,2026,BrdMem,,Kathy,,Paden,Director,,,,,0,,,,,,,
2045,103225545,78291244-642C-46AC-B45C-9D81ECBC5590,Chambers County Public Hospital District #1,2026,BrdMem,,Leslie,,Turner,Director,,,,,0,,,,,,,
2796,103225556,F5DA1BB0-B620-400A-A461-4C8F0463BBA5,Midland County Hospital District,2018,BrdMem,,Joe,,Kiowski,President,,,,,0,,,,,,,
2797,103225556,F5DA1BB0-B620-400A-A461-4C8F0463BBA5,Midland County Hospital District,2018,BrdMem,,Tracie,,Greene,Director,,,,,0,,,,,,,
2798,103225556,F5DA1BB0-B620-400A-A461-4C8F0463BBA5,Midland County Hospital District,2018,BrdMem,,Larry,,Mercer,Director,,,,,0,,,,,,,
2799,103225556,F5DA1BB0-B620-400A-A461-4C8F0463BBA5,Midland County Hospital District,2018,BrdMem,,Cressinda,,Hyatt,Secretary,,,,,0,,,,,,,
2800,103225556,F5DA1BB0-B620-400A-A461-4C8F0463BBA5,Midland County Hospital District,2018,BrdMem,,Dwain,,Tomlin,Director,,,,,0,,,,,,,
2801,103225556,F5DA1BB0-B620-400A-A461-4C8F0463BBA5,Midland County Hospital District,2018,BrdMem,,Jeffrey,,Beard,Vice President,,,,,0,,,,,,,
2805,103225556,DE450D40-8B6E-4C13-BECE-C896479452EB,Midland County Hospital District,2019,BrdMem,,Link,,Grimes,Director,,,,,0,,,,,,,
2806,103225556,DE450D40-8B6E-4C13-BECE-C896479452EB,Midland County Hospital District,2019,BrdMem,,Joe,,Kiowski,President,,,,,0,,,,,,,
2807,103225556,DE450D40-8B6E-4C13-BECE-C896479452EB,Midland County Hospital District,2019,BrdMem,,Cari,,Chaplain,Director,,,,,0,,,,,,,
2808,103225556,DE450D40-8B6E-4C13-BECE-C896479452EB,Midland County Hospital District,2019,BrdMem,,Larry,,Mercer,Director,,,,,0,,,,,,,
2809,103225556,DE450D40-8B6E-4C13-BECE-C896479452EB,Midland County Hospital District,2019,BrdMem,,Dwain,,Tomlin,Director,,,,,0,,,,,,,
2810,103225556,DE450D40-8B6E-4C13-BECE-C896479452EB,Midland County Hospital District,2019,BrdMem,,Tracie,,Greene,Director,,,,,0,,,,,,,
2811,103225556,DE450D40-8B6E-4C13-BECE-C896479452EB,Midland County Hospital District,2019,BrdMem,,Jeffrey,,Beard,Vice President,,,,,0,,,,,,,
2815,103225556,0F1393E6-8795-42D9-BCF7-127A2AD5E4D7,Midland County Hospital District,2020,BrdMem,,Joe,,Kiowski,President,,,,,0,,,,,,,
2816,103225556,0F1393E6-8795-42D9-BCF7-127A2AD5E4D7,Midland County Hospital District,2020,BrdMem,,Larry,,Mercer,Director,,,,,0,,,,,,,
2817,103225556,0F1393E6-8795-42D9-BCF7-127A2AD5E4D7,Midland County Hospital District,2020,BrdMem,,Cari,,Chaplin,Director,,,,,0,,,,,,,
2818,103225556,0F1393E6-8795-42D9-BCF7-127A2AD5E4D7,Midland County Hospital District,2020,BrdMem,,Tracie,,Greene,Director,,,,,0,,,,,,,
2819,103225556,0F1393E6-8795-42D9-BCF7-127A2AD5E4D7,Midland County Hospital District,2020,BrdMem,,Link,,Grimes,Director,,,,,0,,,,,,,
2820,103225556,0F1393E6-8795-42D9-BCF7-127A2AD5E4D7,Midland County Hospital District,2020,BrdMem,,Jeffrey,,Beard,Vice President,,,,,0,,,,,,,
2821,103225556,0F1393E6-8795-42D9-BCF7-127A2AD5E4D7,Midland County Hospital District,2020,BrdMem,,Dwain,,Tomlin,Director,,,,,0,,,,,,,
2825,103225556,49B10580-F321-48A5-A068-B1CAE4CA3E54,Midland County Hospital District,2021,BrdMem,,Antonio,,Miramontes,Director,,,,,0,,,,,,,
2826,103225556,49B10580-F321-48A5-A068-B1CAE4CA3E54,Midland County Hospital District,2021,BrdMem,,Larry,,Mercer,Director,,,,,0,,,,,,,
2827,103225556,49B10580-F321-48A5-A068-B1CAE4CA3E54,Midland County Hospital District,2021,BrdMem,,Tracie,,Greene,Director,,,,,0,,,,,,,
2828,103225556,49B10580-F321-48A5-A068-B1CAE4CA3E54,Midland County Hospital District,2021,BrdMem,,Link,,Grimes,Vice President,,,,,0,,,,,,,
2829,103225556,49B10580-F321-48A5-A068-B1CAE4CA3E54,Midland County Hospital District,2021,BrdMem,,Dwain,,Tomlin,Director,,,,,0,,,,,,,
2830,103225556,49B10580-F321-48A5-A068-B1CAE4CA3E54,Midland County Hospital District,2021,BrdMem,,Jeffrey,,Beard,President,,,,,0,,,,,,,
2831,103225556,49B10580-F321-48A5-A068-B1CAE4CA3E54,Midland County Hospital District,2021,BrdMem,,Cari,,Chaplin,Director,,,,,0,,,,,,,
2835,103225556,0718FA73-73FE-44D6-9092-CC10E5CE030B,Midland County Hospital District,2022,BrdMem,,Cari,,Chaplin,Director,,,,,0,,,,,,,
2836,103225556,0718FA73-73FE-44D6-9092-CC10E5CE030B,Midland County Hospital District,2022,BrdMem,,Larry,,Mercer,Director,,,,,0,,,,,,,
2837,103225556,0718FA73-73FE-44D6-9092-CC10E5CE030B,Midland County Hospital District,2022,BrdMem,,Antonio,,Miramontes,Director,,,,,0,,,,,,,
2838,103225556,0718FA73-73FE-44D6-9092-CC10E5CE030B,Midland County Hospital District,2022,BrdMem,,Link,,Grimes,Vice President,,,,,0,,,,,,,
2839,103225556,0718FA73-73FE-44D6-9092-CC10E5CE030B,Midland County Hospital District,2022,BrdMem,,Jeffrey,,Beard,President,,,,,0,,,,,,,
2840,103225556,0718FA73-73FE-44D6-9092-CC10E5CE030B,Midland County Hospital District,2022,BrdMem,,Dwain,,Tomlin,Director,,,,,0,,,,,,,
2841,103225556,0718FA73-73FE-44D6-9092-CC10E5CE030B,Midland County Hospital District,2022,BrdMem,,Tracie,,Greene,Director,,,,,0,,,,,,,
2845,103225556,4234367A-0068-4EE8-9D18-CAC87CC5F556,Midland County Hospital District,2023,BrdMem,,Cari,,Chaplin,Director,,,,,0,,,,,,,
2846,103225556,4234367A-0068-4EE8-9D18-CAC87CC5F556,Midland County Hospital District,2023,BrdMem,,Jeffrey,,Beard,President,,,,,0,,,,,,,
2847,103225556,4234367A-0068-4EE8-9D18-CAC87CC5F556,Midland County Hospital District,2023,BrdMem,,Dwain,,Tomlin,Director,,,,,0,,,,,,,
2848,103225556,4234367A-0068-4EE8-9D18-CAC87CC5F556,Midland County Hospital District,2023,BrdMem,,Link,,Grimes,Vice President,,,,,0,,,,,,,
2849,103225556,4234367A-0068-4EE8-9D18-CAC87CC5F556,Midland County Hospital District,2023,BrdMem,,Tracie,,Greene,Director,,,,,0,,,,,,,
2850,103225556,4234367A-0068-4EE8-9D18-CAC87CC5F556,Midland County Hospital District,2023,BrdMem,,Larry,,Mercer,Director,,,,,0,,,,,,,
2851,103225556,4234367A-0068-4EE8-9D18-CAC87CC5F556,Midland County Hospital District,2023,BrdMem,,Antonio,,Miramontes,Director,,,,,0,,,,,,,
2855,103225556,C34F48F9-7A42-4401-8A76-8041F71C4C11,Midland County Hospital District,2024,BrdMem,,Jeffrey,,Beard,President,,,,,0,,,,,,,
2856,103225556,C34F48F9-7A42-4401-8A76-8041F71C4C11,Midland County Hospital District,2024,BrdMem,,Link,,Grimes,Vice President,,,,,0,,,,,,,
2857,103225556,C34F48F9-7A42-4401-8A76-8041F71C4C11,Midland County Hospital District,2024,BrdMem,,Tracie,,Greene,Director,,,,,0,,,,,,,
2858,103225556,C34F48F9-7A42-4401-8A76-8041F71C4C11,Midland County Hospital District,2024,BrdMem,,Tommy,,Flores,Director,,,,,0,,,,,,,
2859,103225556,C34F48F9-7A42-4401-8A76-8041F71C4C11,Midland County Hospital District,2024,BrdMem,,Dwain,,Tomlin,Director,,,,,0,,,,,,,
2860,103225556,C34F48F9-7A42-4401-8A76-8041F71C4C11,Midland County Hospital District,2024,BrdMem,,Cari,,Chaplin,Director,,,,,0,,,,,,,
2861,103225556,C34F48F9-7A42-4401-8A76-8041F71C4C11,Midland County Hospital District,2024,BrdMem,,Antonio,,Miramontes,Director,,,,,0,,,,,,,
2865,103225556,3C2307E1-DDC1-4B00-B8C9-E011319A750F,Midland County Hospital District,2025,BrdMem,,Dwain,,Tomlin,Director,,,,,0,,,,,,,
2866,103225556,3C2307E1-DDC1-4B00-B8C9-E011319A750F,Midland County Hospital District,2025,BrdMem,,Cari,,Lamar,"Director, President",,,,,0,,,,,,,
2867,103225556,3C2307E1-DDC1-4B00-B8C9-E011319A750F,Midland County Hospital District,2025,BrdMem,,Shannon,,Goldapp,Director,,,,,0,,,,,,,
2868,103225556,3C2307E1-DDC1-4B00-B8C9-E011319A750F,Midland County Hospital District,2025,BrdMem,,Tracie,,Greene,Director,,,,,0,,,,,,,
2869,103225556,3C2307E1-DDC1-4B00-B8C9-E011319A750F,Midland County Hospital District,2025,BrdMem,,Link,,Grimes,Vice President,,,,,0,,,,,,,
2870,103225556,3C2307E1-DDC1-4B00-B8C9-E011319A750F,Midland County Hospital District,2025,BrdMem,,Bryan,,Jarman,Director,,,,,0,,,,,,,
2871,103225556,3C2307E1-DDC1-4B00-B8C9-E011319A750F,Midland County Hospital District,2025,BrdMem,,Tommy,,Flores,Director,,,,,0,,,,,,,
2875,103225556,1D2FC7DC-687F-485D-A1E9-603ED4471EB6,Midland County Hospital District,2026,BrdMem,,Jeremy,,Bishop,Director,,,,,0,,,,,,,
2876,103225556,1D2FC7DC-687F-485D-A1E9-603ED4471EB6,Midland County Hospital District,2026,BrdMem,,Bryan,,Jarman,Director,,,,,0,,,,,,,
2877,103225556,1D2FC7DC-687F-485D-A1E9-603ED4471EB6,Midland County Hospital District,2026,BrdMem,,Shannon,,Goldapp,Director,,,,,0,,,,,,,
2878,103225556,1D2FC7DC-687F-485D-A1E9-603ED4471EB6,Midland County Hospital District,2026,BrdMem,,Link,,Grimes,Vice President,,,,,0,,,,,,,
2879,103225556,1D2FC7DC-687F-485D-A1E9-603ED4471EB6,Midland County Hospital District,2026,BrdMem,,Tommy,,Flores,Director,,,,,0,,,,,,,
2880,103225556,1D2FC7DC-687F-485D-A1E9-603ED4471EB6,Midland County Hospital District,2026,BrdMem,,Tracie,,Greene,Director,,,,,0,,,,,,,
2881,103225556,1D2FC7DC-687F-485D-A1E9-603ED4471EB6,Midland County Hospital District,2026,BrdMem,,Cari,,Lamar,"Director, President",,,,,0,,,,,,,
3438,103225565,4D4089D1-1876-4D75-8849-51556638F7A0,Sutton County Hospital District,2018,BrdMem,,MARY,,HUMPHREY,BOARD MEMBER,,,,,0,,,,,,,
3439,103225565,4D4089D1-1876-4D75-8849-51556638F7A0,Sutton County Hospital District,2018,BrdMem,,JOHN HENRY,,STRAUCH,BOARD MEMBER,,,,,0,,,,,,,
3440,103225565,4D4089D1-1876-4D75-8849-51556638F7A0,Sutton County Hospital District,2018,BrdMem,,EDWARD,,EARWOOD,VICE PRESIDENT,,,,,0,,,,,,,
3441,103225565,4D4089D1-1876-4D75-8849-51556638F7A0,Sutton County Hospital District,2018,BrdMem,,SHARON,,HOLMAN,PRESIDENT,,,,,0,,,,,,,
3442,103225565,4D4089D1-1876-4D75-8849-51556638F7A0,Sutton County Hospital District,2018,BrdMem,,LENORA,,POOL,BOARD MEMBER,,,,,0,,,,,,,
3443,103225565,4D4089D1-1876-4D75-8849-51556638F7A0,Sutton County Hospital District,2018,BrdMem,,ADELITA,,ALVAREZ,BOARD MEMBER,,,,,0,,,,,,,
3444,103225565,4D4089D1-1876-4D75-8849-51556638F7A0,Sutton County Hospital District,2018,BrdMem,,DON,,LONGORIA,BOARD MEMBER,,,,,0,,,,,,,
3448,103225565,8D9B5AED-1D35-41C8-96D3-F3DAF81162A3,Sutton County Hospital District,2019,BrdMem,,NOEMI,,SAMANIEGO,BOARD MEMBER,,,,,0,,,,,,,
3449,103225565,8D9B5AED-1D35-41C8-96D3-F3DAF81162A3,Sutton County Hospital District,2019,BrdMem,,EDWARD,,EARWOOD,BOARD MEMBER,,,,,0,,,,,,,
3450,103225565,8D9B5AED-1D35-41C8-96D3-F3DAF81162A3,Sutton County Hospital District,2019,BrdMem,,MARY,,HUMPHREY,BOARD MEMBER,,,,,0,,,,,,,
3451,103225565,8D9B5AED-1D35-41C8-96D3-F3DAF81162A3,Sutton County Hospital District,2019,BrdMem,,ADELITA,,ALVAREZ,BOARD MEMBER,,,,,0,,,,,,,
3452,103225565,8D9B5AED-1D35-41C8-96D3-F3DAF81162A3,Sutton County Hospital District,2019,BrdMem,,DON,,LONGORIA,VICE PRESIENDT,,,,,0,,,,,,,
3453,103225565,8D9B5AED-1D35-41C8-96D3-F3DAF81162A3,Sutton County Hospital District,2019,BrdMem,,JOHN HENRY,,STRAUCH,BOARD MEMBER,,,,,0,,,,,,,
3454,103225565,8D9B5AED-1D35-41C8-96D3-F3DAF81162A3,Sutton County Hospital District,2019,BrdMem,,MARK,,EDWARDS MD,PRESIDENT,,,,,0,,,,,,,
3458,103225565,8865CEA4-2E47-4EF5-8E6B-51C0120B8E06,Sutton County Hospital District,2020,BrdMem,,JOHN HENRY,,STRAUCH,BOARD MEMBER,,,,,0,,,,,,,
3459,103225565,8865CEA4-2E47-4EF5-8E6B-51C0120B8E06,Sutton County Hospital District,2020,BrdMem,,DON,,LONGORIA,VICE PRESIENDT,,,,,0,,,,,,,
3460,103225565,8865CEA4-2E47-4EF5-8E6B-51C0120B8E06,Sutton County Hospital District,2020,BrdMem,,EDWARD,,EARWOOD,BOARD MEMBER,,,,,0,,,,,,,
3461,103225565,8865CEA4-2E47-4EF5-8E6B-51C0120B8E06,Sutton County Hospital District,2020,BrdMem,,MARY,,HUMPHREY,BOARD MEMBER,,,,,0,,,,,,,
3462,103225565,8865CEA4-2E47-4EF5-8E6B-51C0120B8E06,Sutton County Hospital District,2020,BrdMem,,ADELITA,,ALVAREZ,BOARD MEMBER,,,,,0,,,,,,,
3463,103225565,8865CEA4-2E47-4EF5-8E6B-51C0120B8E06,Sutton County Hospital District,2020,BrdMem,,NOEMI,,SAMANIEGO,BOARD MEMBER,,,,,0,,,,,,,
3464,103225565,8865CEA4-2E47-4EF5-8E6B-51C0120B8E06,Sutton County Hospital District,2020,BrdMem,,MARK,,EDWARDS MD,PRESIDENT,,,,,0,,,,,,,
3468,103225565,2FB38D58-CD42-41EC-8499-29DE1C7F2209,Sutton County Hospital District,2021,BrdMem,,IRENE,,DOMINGUEZ,BOARD MEMBER,,,,,0,,,,,,,
3469,103225565,2FB38D58-CD42-41EC-8499-29DE1C7F2209,Sutton County Hospital District,2021,BrdMem,,MARK,,EDWARDS MD,PRESIDENT,,,,,0,,,,,,,
3470,103225565,2FB38D58-CD42-41EC-8499-29DE1C7F2209,Sutton County Hospital District,2021,BrdMem,,EDWARD,,EARWOOD,BOARD MEMBER,,,,,0,,,,,,,
3471,103225565,2FB38D58-CD42-41EC-8499-29DE1C7F2209,Sutton County Hospital District,2021,BrdMem,,SHARON,,HOLMAN,BOARD MEMBER,,,,,0,,,,,,,
3472,103225565,2FB38D58-CD42-41EC-8499-29DE1C7F2209,Sutton County Hospital District,2021,BrdMem,,NOEMI,,SAMANIEGO,BOARD MEMBER,,,,,0,,,,,,,
3473,103225565,2FB38D58-CD42-41EC-8499-29DE1C7F2209,Sutton County Hospital District,2021,BrdMem,,MARY,,HUMPHREY,BOARD MEMBER,,,,,0,,,,,,,
3474,103225565,2FB38D58-CD42-41EC-8499-29DE1C7F2209,Sutton County Hospital District,2021,BrdMem,,JOHN HENRY,,STRAUCH,BOARD MEMBER,,,,,0,,,,,,,
3478,103225565,45FD558B-F019-4F41-AB95-DED1F0E6EDCF,Sutton County Hospital District,2022,BrdMem,,MARK,,EDWARDS MD,PRESIDENT,,,,,0,,,,,,,
3479,103225565,45FD558B-F019-4F41-AB95-DED1F0E6EDCF,Sutton County Hospital District,2022,BrdMem,,IRENE,,DOMINGUEZ,BOARD MEMBER,,,,,0,,,,,,,
3480,103225565,45FD558B-F019-4F41-AB95-DED1F0E6EDCF,Sutton County Hospital District,2022,BrdMem,,EDWARD,,EARWOOD,BOARD MEMBER,,,,,0,,,,,,,
3481,103225565,45FD558B-F019-4F41-AB95-DED1F0E6EDCF,Sutton County Hospital District,2022,BrdMem,,JOHN HENRY,,STRAUCH,BOARD MEMBER,,,,,0,,,,,,,
3482,103225565,45FD558B-F019-4F41-AB95-DED1F0E6EDCF,Sutton County Hospital District,2022,BrdMem,,NOEMI,,SAMANIEGO,BOARD MEMBER,,,,,0,,,,,,,
3483,103225565,45FD558B-F019-4F41-AB95-DED1F0E6EDCF,Sutton County Hospital District,2022,BrdMem,,SHARON,,HOLMAN,BOARD MEMBER,,,,,0,,,,,,,
3484,103225565,45FD558B-F019-4F41-AB95-DED1F0E6EDCF,Sutton County Hospital District,2022,BrdMem,,MARY,,HUMPHREY,BOARD MEMBER,,,,,0,,,,,,,
3488,103225565,BDCA7AA8-B08B-449B-8D0B-1DB6306ADCDF,Sutton County Hospital District,2023,BrdMem,,BEN,,POOL,BOARD MEMBER,,,,,0,,,,,,,
3489,103225565,BDCA7AA8-B08B-449B-8D0B-1DB6306ADCDF,Sutton County Hospital District,2023,BrdMem,,SHARON,,HOLMAN,BOARD MEMBER,,,,,0,,,,,,,
3490,103225565,BDCA7AA8-B08B-449B-8D0B-1DB6306ADCDF,Sutton County Hospital District,2023,BrdMem,,IRENE,,DOMINGUEZ,BOARD MEMBER,,,,,0,,,,,,,
3491,103225565,BDCA7AA8-B08B-449B-8D0B-1DB6306ADCDF,Sutton County Hospital District,2023,BrdMem,,EDWARD,,EARWOOD,BOARD MEMBER,,,,,0,,,,,,,
3492,103225565,BDCA7AA8-B08B-449B-8D0B-1DB6306ADCDF,Sutton County Hospital District,2023,BrdMem,,NOEMI,,SAMANIEGO,BOARD MEMBER,,,,,0,,,,,,,
3493,103225565,BDCA7AA8-B08B-449B-8D0B-1DB6306ADCDF,Sutton County Hospital District,2023,BrdMem,,MARY,,HUMPHREY,BOARD MEMBER,,,,,0,,,,,,,
3494,103225565,BDCA7AA8-B08B-449B-8D0B-1DB6306ADCDF,Sutton County Hospital District,2023,BrdMem,,JOHN HENRY,,STRAUCH,BOARD MEMBER,,,,,0,,,,,,,
3498,103225565,3F93BAC9-4D1F-4B3B-91D0-DCFAFE5940CD,Sutton County Hospital District,2024,BrdMem,,SHARON,,HOLMAN,BOARD MEMBER,,,,,0,,,,,,,
3499,103225565,3F93BAC9-4D1F-4B3B-91D0-DCFAFE5940CD,Sutton County Hospital District,2024,BrdMem,,EDWARD,,EARWOOD,BOARD MEMBER,,,,,0,,,,,,,
3500,103225565,3F93BAC9-4D1F-4B3B-91D0-DCFAFE5940CD,Sutton County Hospital District,2024,BrdMem,,JOHN HENRY,,STRAUCH,BOARD MEMBER,,,,,0,,,,,,,
3501,103225565,3F93BAC9-4D1F-4B3B-91D0-DCFAFE5940CD,Sutton County Hospital District,2024,BrdMem,,NOEMI,,SAMANIEGO,BOARD MEMBER,,,,,0,,,,,,,
3502,103225565,3F93BAC9-4D1F-4B3B-91D0-DCFAFE5940CD,Sutton County Hospital District,2024,BrdMem,,BEN,,POOL,BOARD MEMBER,,,,,0,,,,,,,
3503,103225565,3F93BAC9-4D1F-4B3B-91D0-DCFAFE5940CD,Sutton County Hospital District,2024,BrdMem,,MARY,,HUMPHREY,BOARD MEMBER,,,,,0,,,,,,,
3504,103225565,3F93BAC9-4D1F-4B3B-91D0-DCFAFE5940CD,Sutton County Hospital District,2024,BrdMem,,IRENE,,DOMINGUEZ,BOARD MEMBER,,,,,0,,,,,,,
3508,103225565,168CF862-9488-455C-B727-9BA0E408D30F,Sutton County Hospital District,2025,BrdMem,,SHARON,,HOLMAN,BOARD MEMBER,,,,,0,,,,,,,
3509,103225565,168CF862-9488-455C-B727-9BA0E408D30F,Sutton County Hospital District,2025,BrdMem,,JOHN HENRY,,STRAUCH,BOARD MEMBER,,,,,0,,,,,,,
3510,103225565,168CF862-9488-455C-B727-9BA0E408D30F,Sutton County Hospital District,2025,BrdMem,,Sofia,,Galindo,Board Member,,,,,0,,,,,,,
3511,103225565,168CF862-9488-455C-B727-9BA0E408D30F,Sutton County Hospital District,2025,BrdMem,,MARY,,HUMPHREY,BOARD MEMBER,,,,,0,,,,,,,
3512,103225565,168CF862-9488-455C-B727-9BA0E408D30F,Sutton County Hospital District,2025,BrdMem,,EDWARD,,EARWOOD,BOARD MEMBER,,,,,0,,,,,,,
3513,103225565,168CF862-9488-455C-B727-9BA0E408D30F,Sutton County Hospital District,2025,BrdMem,,BEN,,POOL,BOARD MEMBER,,,,,0,,,,,,,
3514,103225565,168CF862-9488-455C-B727-9BA0E408D30F,Sutton County Hospital District,2025,BrdMem,,NOEMI,,SAMANIEGO,BOARD MEMBER,,,,,0,,,,,,,
3518,103225565,4E0363C4-BED0-412F-9901-6E55BA4B52AA,Sutton County Hospital District,2026,BrdMem,,JOHN HENRY,,STRAUCH,BOARD MEMBER,,,,,0,,,,,,,
3519,103225565,4E0363C4-BED0-412F-9901-6E55BA4B52AA,Sutton County Hospital District,2026,BrdMem,,BEN,,POOL,BOARD MEMBER,,,,,0,,,,,,,
3520,103225565,4E0363C4-BED0-412F-9901-6E55BA4B52AA,Sutton County Hospital District,2026,BrdMem,,MARY,,HUMPHREY,BOARD MEMBER,,,,,0,,,,,,,
3521,103225565,4E0363C4-BED0-412F-9901-6E55BA4B52AA,Sutton County Hospital District,2026,BrdMem,,Sofia,,Galindo,Board Member,,,,,0,,,,,,,
3522,103225565,4E0363C4-BED0-412F-9901-6E55BA4B52AA,Sutton County Hospital District,2026,BrdMem,,SHARON,,HOLMAN,BOARD MEMBER,,,,,0,,,,,,,
3523,103225565,4E0363C4-BED0-412F-9901-6E55BA4B52AA,Sutton County Hospital District,2026,BrdMem,,EDWARD,,EARWOOD,BOARD MEMBER,,,,,0,,,,,,,
3524,103225565,4E0363C4-BED0-412F-9901-6E55BA4B52AA,Sutton County Hospital District,2026,BrdMem,,NOEMI,,SAMANIEGO,BOARD MEMBER,,,,,0,,,,,,,
5008,103225589,E889286A-789F-413B-9F87-19E158002286,Dripping Springs Community Library District,2020,BrdMem,,Bob,,Richardson,Library Bd Vice Pres,,,,,0,,,,,,,
5009,103225589,E889286A-789F-413B-9F87-19E158002286,Dripping Springs Community Library District,2020,BrdMem,,Missy,,Atwood,Library Bd President,,,,,0,,,,,,,
5010,103225589,E889286A-789F-413B-9F87-19E158002286,Dripping Springs Community Library District,2020,BrdMem,,Derek,,Smith,Library Bd. Treas.,,,,,0,,,,,,,
5011,103225589,E889286A-789F-413B-9F87-19E158002286,Dripping Springs Community Library District,2020,BrdMem,,Melva,,Codina,Library Bd Sec.,,,,,0,,,,,,,
5014,103225589,F0D43198-248E-4FE9-8361-4A633DB0AEA8,Dripping Springs Community Library District,2021,BrdMem,,Marcie,,Cochran,Board Trustee,,,,,0,,,,,,,
5015,103225589,F0D43198-248E-4FE9-8361-4A633DB0AEA8,Dripping Springs Community Library District,2021,BrdMem,,Derek,,Smith,Library Bd. Treas.,,,,,0,,,,,,,
5016,103225589,F0D43198-248E-4FE9-8361-4A633DB0AEA8,Dripping Springs Community Library District,2021,BrdMem,,Melva,,Codina,Library Bd Sec.,,,,,0,,,,,,,
5017,103225589,F0D43198-248E-4FE9-8361-4A633DB0AEA8,Dripping Springs Community Library District,2021,BrdMem,,Bob,,Richardson,Library Bd Vice Pres,,,,,0,,,,,,,
5018,103225589,F0D43198-248E-4FE9-8361-4A633DB0AEA8,Dripping Springs Community Library District,2021,BrdMem,,Missy,,Atwood,Library Bd President,,,,,0,,,,,,,
5021,103225589,947020E7-B342-4FBF-ACE7-B4CB6D26D657,Dripping Springs Community Library District,2022,BrdMem,,Melva,,Codina,Library Bd Sec.,,,,,0,,,,,,,
5022,103225589,947020E7-B342-4FBF-ACE7-B4CB6D26D657,Dripping Springs Community Library District,2022,BrdMem,,Bob,,Richardson,Library Bd Vice Pres,,,,,0,,,,,,,
5023,103225589,947020E7-B342-4FBF-ACE7-B4CB6D26D657,Dripping Springs Community Library District,2022,BrdMem,,Derek,,Smith,Library Bd. Treas.,,,,,0,,,,,,,
5024,103225589,947020E7-B342-4FBF-ACE7-B4CB6D26D657,Dripping Springs Community Library District,2022,BrdMem,,Marcie,,Cochran,Board Trustee,,,,,0,,,,,,,
5025,103225589,947020E7-B342-4FBF-ACE7-B4CB6D26D657,Dripping Springs Community Library District,2022,BrdMem,,Missy,,Atwood,Library Bd President,,,,,0,,,,,,,
5028,103225589,A9E75F70-D0FA-4F48-B636-DC86B210C39B,Dripping Springs Community Library District,2023,BrdMem,,Melva,,Codina,Library Bd Sec.,,,,,0,,,,,,,
5029,103225589,A9E75F70-D0FA-4F48-B636-DC86B210C39B,Dripping Springs Community Library District,2023,BrdMem,,Derek,,Smith,Library Bd. Treas.,,,,,0,,,,,,,
5030,103225589,A9E75F70-D0FA-4F48-B636-DC86B210C39B,Dripping Springs Community Library District,2023,BrdMem,,Missy,,Atwood,Library Bd President,,,,,0,,,,,,,
5031,103225589,A9E75F70-D0FA-4F48-B636-DC86B210C39B,Dripping Springs Community Library District,2023,BrdMem,,Bob,,Richardson,Library Bd Vice Pres,,,,,0,,,,,,,
5032,103225589,A9E75F70-D0FA-4F48-B636-DC86B210C39B,Dripping Springs Community Library District,2023,BrdMem,,Marcie,,Cochran,Board Trustee,,,,,0,,,,,,,
5035,103225589,BDFB0EC0-688E-4184-A816-FCE2551F9676,Dripping Springs Community Library District,2024,BrdMem,,Melva,,Codina,Library Bd Treasuer,,,,,0,,,,,,,
5036,103225589,BDFB0EC0-688E-4184-A816-FCE2551F9676,Dripping Springs Community Library District,2024,BrdMem,,Bob,,Richardson,Library Bd Vice Pres,,,,,0,,,,,,,
5037,103225589,BDFB0EC0-688E-4184-A816-FCE2551F9676,Dripping Springs Community Library District,2024,BrdMem,,Marcie,,Cochran,Board Trustee,,,,,0,,,,,,,
5038,103225589,BDFB0EC0-688E-4184-A816-FCE2551F9676,Dripping Springs Community Library District,2024,BrdMem,,Missy,,Atwood,Library Bd President,,,,,0,,,,,,,
5041,103225589,9C3B778B-9457-418A-91C9-03760DEF83D2,Dripping Springs Community Library District,2025,BrdMem,,Melva,,Codina,Library Bd Treasuer,,,,,0,,,,,,,
5042,103225589,9C3B778B-9457-418A-91C9-03760DEF83D2,Dripping Springs Community Library District,2025,BrdMem,,Missy,,Atwood,Library Bd President,,,,,0,,,,,,,
5043,103225589,9C3B778B-9457-418A-91C9-03760DEF83D2,Dripping Springs Community Library District,2025,BrdMem,,Bob,,Richardson,Library Bd Vice Pres,,,,,0,,,,,,,
5044,103225589,9C3B778B-9457-418A-91C9-03760DEF83D2,Dripping Springs Community Library District,2025,BrdMem,,Marcie,,Cochran,Board Trustee,,,,,0,,,,,,,
5047,103225589,2C29A24A-74B7-4B33-B41A-8A5F1A80CD4D,Dripping Springs Community Library District,2026,BrdMem,,Marcie,,Cochran,Board Trustee,,,,,0,,,,,,,
5048,103225589,2C29A24A-74B7-4B33-B41A-8A5F1A80CD4D,Dripping Springs Community Library District,2026,BrdMem,,Paul,,Schreier,Board Treasurer,,,,,0,,,,,,,
5049,103225589,2C29A24A-74B7-4B33-B41A-8A5F1A80CD4D,Dripping Springs Community Library District,2026,BrdMem,,Melva,,Codina,Board Secretary,,,,,0,,,,,,,
5050,103225589,2C29A24A-74B7-4B33-B41A-8A5F1A80CD4D,Dripping Springs Community Library District,2026,BrdMem,,Bob,,Richardson,Library Bd Vice Pres,,,,,0,,,,,,,
5051,103225589,2C29A24A-74B7-4B33-B41A-8A5F1A80CD4D,Dripping Springs Community Library District,2026,BrdMem,,Missy,,Atwood,Library Bd President,,,,,0,,,,,,,
6403,103225608,6DBB8641-6520-4E69-990B-1F9C0ADA79DD,Refugio County Memorial Hospital District,2018,BrdMem,,Harry,,Lawson,Board Member,,,,,0,,,,,,,
6404,103225608,6DBB8641-6520-4E69-990B-1F9C0ADA79DD,Refugio County Memorial Hospital District,2018,BrdMem,,Sandra,,Ermis,President,,,,,0,,,,,,,
6405,103225608,6DBB8641-6520-4E69-990B-1F9C0ADA79DD,Refugio County Memorial Hospital District,2018,BrdMem,,Kenneth,,Wright,Vice President,,,,,0,,,,,,,
6406,103225608,6DBB8641-6520-4E69-990B-1F9C0ADA79DD,Refugio County Memorial Hospital District,2018,BrdMem,,Bob,,Koonce,Board Member,,,,,0,,,,,,,
6407,103225608,6DBB8641-6520-4E69-990B-1F9C0ADA79DD,Refugio County Memorial Hospital District,2018,BrdMem,,Jerry,,Lockett,Board Member,,,,,0,,,,,,,
6408,103225608,6DBB8641-6520-4E69-990B-1F9C0ADA79DD,Refugio County Memorial Hospital District,2018,BrdMem,,Ronnie,,Boerner,Board Member,,,,,0,,,,,,,
6409,103225608,6DBB8641-6520-4E69-990B-1F9C0ADA79DD,Refugio County Memorial Hospital District,2018,BrdMem,,Art,,Loya,Secretary,,,,,0,,,,,,,
6413,103225608,77697F12-B78E-43F5-88ED-9260BA41D745,Refugio County Memorial Hospital District,2019,BrdMem,,Sandra,,Ermis,President,,,,,0,,,,,,,
6414,103225608,77697F12-B78E-43F5-88ED-9260BA41D745,Refugio County Memorial Hospital District,2019,BrdMem,,Harry,,Lawson,Secretary,,,,,0,,,,,,,
6415,103225608,77697F12-B78E-43F5-88ED-9260BA41D745,Refugio County Memorial Hospital District,2019,BrdMem,,Jerry,,Lockett,Board Member,,,,,0,,,,,,,
6416,103225608,77697F12-B78E-43F5-88ED-9260BA41D745,Refugio County Memorial Hospital District,2019,BrdMem,,Bob,,Koonce,Board Member,,,,,0,,,,,,,
6417,103225608,77697F12-B78E-43F5-88ED-9260BA41D745,Refugio County Memorial Hospital District,2019,BrdMem,,Kenneth,,Wright,Vice President,,,,,0,,,,,,,
6418,103225608,77697F12-B78E-43F5-88ED-9260BA41D745,Refugio County Memorial Hospital District,2019,BrdMem,,Ronnie,,Boerner,Board Member,,,,,0,,,,,,,
6419,103225608,77697F12-B78E-43F5-88ED-9260BA41D745,Refugio County Memorial Hospital District,2019,BrdMem,,Lydia,,Aguirre,Board Member,,,,,0,,,,,,,
6423,103225608,4E7B6AE4-2E51-4ABF-BC3C-BDDA6BA188EE,Refugio County Memorial Hospital District,2020,BrdMem,,Ronnie,,Boerner,Board Member,,,,,0,,,,,,,
6424,103225608,4E7B6AE4-2E51-4ABF-BC3C-BDDA6BA188EE,Refugio County Memorial Hospital District,2020,BrdMem,,Harry,,Lawson,Secretary,,,,,0,,,,,,,
6425,103225608,4E7B6AE4-2E51-4ABF-BC3C-BDDA6BA188EE,Refugio County Memorial Hospital District,2020,BrdMem,,Bob,,Koonce,Board Member,,,,,0,,,,,,,
6426,103225608,4E7B6AE4-2E51-4ABF-BC3C-BDDA6BA188EE,Refugio County Memorial Hospital District,2020,BrdMem,,Sandra,,Ermis,President,,,,,0,,,,,,,
6427,103225608,4E7B6AE4-2E51-4ABF-BC3C-BDDA6BA188EE,Refugio County Memorial Hospital District,2020,BrdMem,,Jerry,,Lockett,Board Member,,,,,0,,,,,,,
6428,103225608,4E7B6AE4-2E51-4ABF-BC3C-BDDA6BA188EE,Refugio County Memorial Hospital District,2020,BrdMem,,Kenneth,,Wright,Vice President,,,,,0,,,,,,,
6429,103225608,4E7B6AE4-2E51-4ABF-BC3C-BDDA6BA188EE,Refugio County Memorial Hospital District,2020,BrdMem,,Lydia,,Aguirre,Board Member,,,,,0,,,,,,,
6433,103225608,9917B382-282D-4891-80EB-EB36795D875A,Refugio County Memorial Hospital District,2021,BrdMem,,Harry,,Lawson,Secretary,,,,,0,,,,,,,
6434,103225608,9917B382-282D-4891-80EB-EB36795D875A,Refugio County Memorial Hospital District,2021,BrdMem,,Sandra,,Ermis,President,,,,,0,,,,,,,
6435,103225608,9917B382-282D-4891-80EB-EB36795D875A,Refugio County Memorial Hospital District,2021,BrdMem,,Bob,,Koonce,Board Member,,,,,0,,,,,,,
6436,103225608,9917B382-282D-4891-80EB-EB36795D875A,Refugio County Memorial Hospital District,2021,BrdMem,,Ronnie,,Boerner,Board Member,,,,,0,,,,,,,
6437,103225608,9917B382-282D-4891-80EB-EB36795D875A,Refugio County Memorial Hospital District,2021,BrdMem,,Jerry,,Lockett,Board Member,,,,,0,,,,,,,
6438,103225608,9917B382-282D-4891-80EB-EB36795D875A,Refugio County Memorial Hospital District,2021,BrdMem,,Kenneth,,Wright,Vice President,,,,,0,,,,,,,
6439,103225608,9917B382-282D-4891-80EB-EB36795D875A,Refugio County Memorial Hospital District,2021,BrdMem,,Lydia,,Aguirre,Board Member,,,,,0,,,,,,,
6443,103225608,638532E6-83EA-4A5D-A06A-98E3F7669AE1,Refugio County Memorial Hospital District,2022,BrdMem,,Ronnie,,Boerner,Board Member,,,,,0,,,,,,,
6444,103225608,638532E6-83EA-4A5D-A06A-98E3F7669AE1,Refugio County Memorial Hospital District,2022,BrdMem,,Sandra,,Ermis,President,,,,,0,,,,,,,
6445,103225608,638532E6-83EA-4A5D-A06A-98E3F7669AE1,Refugio County Memorial Hospital District,2022,BrdMem,,Kenneth,,Wright,Vice President,,,,,0,,,,,,,
6446,103225608,638532E6-83EA-4A5D-A06A-98E3F7669AE1,Refugio County Memorial Hospital District,2022,BrdMem,,Harry,,Lawson,Secretary,,,,,0,,,,,,,
6447,103225608,638532E6-83EA-4A5D-A06A-98E3F7669AE1,Refugio County Memorial Hospital District,2022,BrdMem,,Bob,,Koonce,Board Member,,,,,0,,,,,,,
6448,103225608,638532E6-83EA-4A5D-A06A-98E3F7669AE1,Refugio County Memorial Hospital District,2022,BrdMem,,Lydia,,Aguirre,Board Member,,,,,0,,,,,,,
6449,103225608,638532E6-83EA-4A5D-A06A-98E3F7669AE1,Refugio County Memorial Hospital District,2022,BrdMem,,Jerry,,Lockett,Board Member,,,,,0,,,,,,,
6453,103225608,AAB4D7A8-82E7-44D0-936C-16B4039DE36D,Refugio County Memorial Hospital District,2023,BrdMem,,Robert,,Shaw,Board Member,,,,,0,,,,,,,
6454,103225608,AAB4D7A8-82E7-44D0-936C-16B4039DE36D,Refugio County Memorial Hospital District,2023,BrdMem,,Harry,,Lawson,Secretary,,,,,0,,,,,,,
6455,103225608,AAB4D7A8-82E7-44D0-936C-16B4039DE36D,Refugio County Memorial Hospital District,2023,BrdMem,,Lydia,,Aguirre,Board Member,,,,,0,,,,,,,
6456,103225608,AAB4D7A8-82E7-44D0-936C-16B4039DE36D,Refugio County Memorial Hospital District,2023,BrdMem,,Bob,,Koonce,Board Member,,,,,0,,,,,,,
6457,103225608,AAB4D7A8-82E7-44D0-936C-16B4039DE36D,Refugio County Memorial Hospital District,2023,BrdMem,,Kenneth,,Wright,Vice President,,,,,0,,,,,,,
6458,103225608,AAB4D7A8-82E7-44D0-936C-16B4039DE36D,Refugio County Memorial Hospital District,2023,BrdMem,,Brad,,Gillespie,Board Member,,,,,0,,,,,,,
6459,103225608,AAB4D7A8-82E7-44D0-936C-16B4039DE36D,Refugio County Memorial Hospital District,2023,BrdMem,,Sandra,,Ermis,President,,,,,0,,,,,,,
6463,103225608,92B880CD-8473-4F66-BBE5-409EB64A59F7,Refugio County Memorial Hospital District,2024,BrdMem,,Robert,,Shaw,Board Member,,,,,0,,,,,,,
6464,103225608,92B880CD-8473-4F66-BBE5-409EB64A59F7,Refugio County Memorial Hospital District,2024,BrdMem,,Harry,,Lawson,Secretary,,,,,0,,,,,,,
6465,103225608,92B880CD-8473-4F66-BBE5-409EB64A59F7,Refugio County Memorial Hospital District,2024,BrdMem,,Kenneth,,Wright,Vice President,,,,,0,,,,,,,
6466,103225608,92B880CD-8473-4F66-BBE5-409EB64A59F7,Refugio County Memorial Hospital District,2024,BrdMem,,Lydia,,Aguirre,Board Member,,,,,0,,,,,,,
6467,103225608,92B880CD-8473-4F66-BBE5-409EB64A59F7,Refugio County Memorial Hospital District,2024,BrdMem,,Bob,,Koonce,Board Member,,,,,0,,,,,,,
6468,103225608,92B880CD-8473-4F66-BBE5-409EB64A59F7,Refugio County Memorial Hospital District,2024,BrdMem,,Brad,,Gillespie,Board Member,,,,,0,,,,,,,
6469,103225608,92B880CD-8473-4F66-BBE5-409EB64A59F7,Refugio County Memorial Hospital District,2024,BrdMem,,Sandra,,Ermis,President,,,,,0,,,,,,,
6473,103225608,FA75D46E-6E33-4498-9C66-0B97E08C4701,Refugio County Memorial Hospital District,2025,BrdMem,,Kenneth,,Wright,Vice President,,,,,0,,,,,,,
6474,103225608,FA75D46E-6E33-4498-9C66-0B97E08C4701,Refugio County Memorial Hospital District,2025,BrdMem,,Brad,,Gillespie,Board Member,,,,,0,,,,,,,
6475,103225608,FA75D46E-6E33-4498-9C66-0B97E08C4701,Refugio County Memorial Hospital District,2025,BrdMem,,Lydia,,Aguirre,Board Member,,,,,0,,,,,,,
6476,103225608,FA75D46E-6E33-4498-9C66-0B97E08C4701,Refugio County Memorial Hospital District,2025,BrdMem,,Bob,,Koonce,Board Member,,,,,0,,,,,,,
6477,103225608,FA75D46E-6E33-4498-9C66-0B97E08C4701,Refugio County Memorial Hospital District,2025,BrdMem,,Sandra,,Ermis,President,,,,,0,,,,,,,
6478,103225608,FA75D46E-6E33-4498-9C66-0B97E08C4701,Refugio County Memorial Hospital District,2025,BrdMem,,Robert,,Shaw,Board Member,,,,,0,,,,,,,
6479,103225608,FA75D46E-6E33-4498-9C66-0B97E08C4701,Refugio County Memorial Hospital District,2025,BrdMem,,Harry,,Lawson,Secretary,,,,,0,,,,,,,
6483,103225608,DA34E50B-5D7A-48BD-A556-7ACF6DAF6343,Refugio County Memorial Hospital District,2026,BrdMem,,Brad,,Gillespie,Board Member,,,,,0,,,,,,,
6484,103225608,DA34E50B-5D7A-48BD-A556-7ACF6DAF6343,Refugio County Memorial Hospital District,2026,BrdMem,,Sandra,,Ermis,President,,,,,0,,,,,,,
6485,103225608,DA34E50B-5D7A-48BD-A556-7ACF6DAF6343,Refugio County Memorial Hospital District,2026,BrdMem,,Bob,,Koonce,Board Member,,,,,0,,,,,,,
6486,103225608,DA34E50B-5D7A-48BD-A556-7ACF6DAF6343,Refugio County Memorial Hospital District,2026,BrdMem,,Lydia,,Aguirre,Board Member,,,,,0,,,,,,,
6487,103225608,DA34E50B-5D7A-48BD-A556-7ACF6DAF6343,Refugio County Memorial Hospital District,2026,BrdMem,,Robert,,Shaw,Board Member,,,,,0,,,,,,,
6488,103225608,DA34E50B-5D7A-48BD-A556-7ACF6DAF6343,Refugio County Memorial Hospital District,2026,BrdMem,,Harry,,Lawson,Secretary,,,,,0,,,,,,,
6489,103225608,DA34E50B-5D7A-48BD-A556-7ACF6DAF6343,Refugio County Memorial Hospital District,2026,BrdMem,,Kenneth,,Wright,Vice President,,,,,0,,,,,,,
6720,103225614,B111F213-8060-47C9-95D1-4E234530ECFB,Harris County Emergency Services District #6,2018,BrdMem,,Roger,,Hamilton,Commissioner,,,,,0,,,,,,,
6721,103225614,B111F213-8060-47C9-95D1-4E234530ECFB,Harris County Emergency Services District #6,2018,BrdMem,,Dennis,,Murray,Commissioner,,,,,0,,,,,,,
6722,103225614,B111F213-8060-47C9-95D1-4E234530ECFB,Harris County Emergency Services District #6,2018,BrdMem,,Theresa,,Parker,Commissioner,,,,,0,,,,,,,
6723,103225614,B111F213-8060-47C9-95D1-4E234530ECFB,Harris County Emergency Services District #6,2018,BrdMem,,Danny,,Naramore,Commissioner,,,,,0,,,,,,,
6724,103225614,B111F213-8060-47C9-95D1-4E234530ECFB,Harris County Emergency Services District #6,2018,BrdMem,,Margie,,Buentello,Commissioner,,,,,0,,,,,,,
6728,103225614,FD1B8989-2CE2-4915-9585-C310B070BCED,Harris County Emergency Services District #6,2019,BrdMem,,Margie,,Buentello,Commissioner,,,,,0,,,,,,,
6729,103225614,FD1B8989-2CE2-4915-9585-C310B070BCED,Harris County Emergency Services District #6,2019,BrdMem,,Roger,,Hamilton,Commissioner,,,,,0,,,,,,,
6730,103225614,FD1B8989-2CE2-4915-9585-C310B070BCED,Harris County Emergency Services District #6,2019,BrdMem,,Dennis,,Murray,Commissioner,,,,,0,,,,,,,
6731,103225614,FD1B8989-2CE2-4915-9585-C310B070BCED,Harris County Emergency Services District #6,2019,BrdMem,,Theresa,,Parker,Commissioner,,,,,0,,,,,,,
6732,103225614,FD1B8989-2CE2-4915-9585-C310B070BCED,Harris County Emergency Services District #6,2019,BrdMem,,Danny,,Naramore,Commissioner,,,,,0,,,,,,,
6736,103225614,B625ED02-0A22-4345-A2D6-6AB8D49DE4D3,Harris County Emergency Services District #6,2020,BrdMem,,Danny,,Naramore,Commissioner,,,,,0,,,,,,,
6737,103225614,B625ED02-0A22-4345-A2D6-6AB8D49DE4D3,Harris County Emergency Services District #6,2020,BrdMem,,Roger,,Hamilton,Commissioner,,,,,0,,,,,,,
6738,103225614,B625ED02-0A22-4345-A2D6-6AB8D49DE4D3,Harris County Emergency Services District #6,2020,BrdMem,,Margie,,Buentello,Commissioner,,,,,0,,,,,,,
6739,103225614,B625ED02-0A22-4345-A2D6-6AB8D49DE4D3,Harris County Emergency Services District #6,2020,BrdMem,,Dennis,,Murray,Commissioner,,,,,0,,,,,,,
6740,103225614,B625ED02-0A22-4345-A2D6-6AB8D49DE4D3,Harris County Emergency Services District #6,2020,BrdMem,,Theresa,,Parker,Commissioner,,,,,0,,,,,,,
6744,103225614,1C22285F-4DC3-4CE6-8BE8-FFE878878838,Harris County Emergency Services District #6,2021,BrdMem,,Dennis,,Murray,Commissioner,,,,,0,,,,,,,
6745,103225614,1C22285F-4DC3-4CE6-8BE8-FFE878878838,Harris County Emergency Services District #6,2021,BrdMem,,Roger,,Hamilton,Commissioner,,,,,0,,,,,,,
6746,103225614,1C22285F-4DC3-4CE6-8BE8-FFE878878838,Harris County Emergency Services District #6,2021,BrdMem,,Margie,,Buentello,Commissioner,,,,,0,,,,,,,
6747,103225614,1C22285F-4DC3-4CE6-8BE8-FFE878878838,Harris County Emergency Services District #6,2021,BrdMem,,Theresa,,Parker,Commissioner,,,,,0,,,,,,,
6748,103225614,1C22285F-4DC3-4CE6-8BE8-FFE878878838,Harris County Emergency Services District #6,2021,BrdMem,,Danny,,Naramore,Commissioner,,,,,0,,,,,,,
6752,103225614,0EC7B8B4-00BC-4ED2-BBC9-27337C7CADAD,Harris County Emergency Services District #6,2022,BrdMem,,Danny,,Naramore,Commissioner,,,,,0,,,,,,,
6753,103225614,0EC7B8B4-00BC-4ED2-BBC9-27337C7CADAD,Harris County Emergency Services District #6,2022,BrdMem,,Roger,,Hamilton,Commissioner,,,,,0,,,,,,,
6754,103225614,0EC7B8B4-00BC-4ED2-BBC9-27337C7CADAD,Harris County Emergency Services District #6,2022,BrdMem,,Theresa,,Parker,Commissioner,,,,,0,,,,,,,
6755,103225614,0EC7B8B4-00BC-4ED2-BBC9-27337C7CADAD,Harris County Emergency Services District #6,2022,BrdMem,,Mickey,,Berguin,Commissioner,,,,,0,,,,,,,
6756,103225614,0EC7B8B4-00BC-4ED2-BBC9-27337C7CADAD,Harris County Emergency Services District #6,2022,BrdMem,,Margie,,Buentello,Commissioner,,,,,0,,,,,,,
6760,103225614,31FFA94F-4B0F-425B-A350-D54FBBAE3BD4,Harris County Emergency Services District #6,2023,BrdMem,,Danny,,Naramore,Commissioner,,,,,0,,,,,,,
6761,103225614,31FFA94F-4B0F-425B-A350-D54FBBAE3BD4,Harris County Emergency Services District #6,2023,BrdMem,,Mickey,,Berguin,Commissioner,,,,,0,,,,,,,
6762,103225614,31FFA94F-4B0F-425B-A350-D54FBBAE3BD4,Harris County Emergency Services District #6,2023,BrdMem,,Margie,,Buentello,Commissioner,,,,,0,,,,,,,
6763,103225614,31FFA94F-4B0F-425B-A350-D54FBBAE3BD4,Harris County Emergency Services District #6,2023,BrdMem,,Theresa,,Parker,Commissioner,,,,,0,,,,,,,
6764,103225614,31FFA94F-4B0F-425B-A350-D54FBBAE3BD4,Harris County Emergency Services District #6,2023,BrdMem,,Roger,,Hamilton,Commissioner,,,,,0,,,,,,,
6768,103225614,0C873C3A-915C-4815-A653-4A6A260D15ED,Harris County Emergency Services District #6,2024,BrdMem,,Danny,,Naramore,Commissioner,,,,,0,,,,,,,
6769,103225614,0C873C3A-915C-4815-A653-4A6A260D15ED,Harris County Emergency Services District #6,2024,BrdMem,,Mickey,,Berguin,Commissioner,,,,,0,,,,,,,
6770,103225614,0C873C3A-915C-4815-A653-4A6A260D15ED,Harris County Emergency Services District #6,2024,BrdMem,,Margie,,Buentello,Commissioner,,,,,0,,,,,,,
6771,103225614,0C873C3A-915C-4815-A653-4A6A260D15ED,Harris County Emergency Services District #6,2024,BrdMem,,Vinh,,Lam,Commissioner,,,,,0,,,,,,,
6772,103225614,0C873C3A-915C-4815-A653-4A6A260D15ED,Harris County Emergency Services District #6,2024,BrdMem,,Roger,,Hamilton,Commissioner,,,,,0,,,,,,,
6776,103225614,B56755E4-B661-4CD3-8B2A-8EF16BA1C8DC,Harris County Emergency Services District #6,2025,BrdMem,,Mickey,,Berguin,Commissioner,,,,,0,,,,,,,
6777,103225614,B56755E4-B661-4CD3-8B2A-8EF16BA1C8DC,Harris County Emergency Services District #6,2025,BrdMem,,Vinh,,Lam,Commissioner,,,,,0,,,,,,,
6778,103225614,B56755E4-B661-4CD3-8B2A-8EF16BA1C8DC,Harris County Emergency Services District #6,2025,BrdMem,,Roger,,Hamilton,Commissioner,,,,,0,,,,,,,
6779,103225614,B56755E4-B661-4CD3-8B2A-8EF16BA1C8DC,Harris County Emergency Services District #6,2025,BrdMem,,Margie,,Buentello,Commissioner,,,,,0,,,,,,,
6780,103225614,B56755E4-B661-4CD3-8B2A-8EF16BA1C8DC,Harris County Emergency Services District #6,2025,BrdMem,,Danny,,Naramore,Commissioner,,,,,0,,,,,,,
6784,103225614,E2F6FED7-CE8F-4C46-9C11-A44B566C6F59,Harris County Emergency Services District #6,2026,BrdMem,,Margie,,Buentello,Commissioner,,,,,0,,,,,,,
6785,103225614,E2F6FED7-CE8F-4C46-9C11-A44B566C6F59,Harris County Emergency Services District #6,2026,BrdMem,,Roger,,Hamilton,Commissioner,,,,,0,,,,,,,
6786,103225614,E2F6FED7-CE8F-4C46-9C11-A44B566C6F59,Harris County Emergency Services District #6,2026,BrdMem,,Mickey,,Berguin,Commissioner,,,,,0,,,,,,,
6787,103225614,E2F6FED7-CE8F-4C46-9C11-A44B566C6F59,Harris County Emergency Services District #6,2026,BrdMem,,Vinh,,Lam,Commissioner,,,,,0,,,,,,,
6788,103225614,E2F6FED7-CE8F-4C46-9C11-A44B566C6F59,Harris County Emergency Services District #6,2026,BrdMem,,Danny,,Naramore,Commissioner,,,,,0,,,,,,,
7281,103225625,C2784611-9D11-4834-BBED-6FEA615D4B78,Smith County Emergency Services District #1,2018,BrdMem,,John,,Yarbrough,Treasurer,,,,,0,,,,,,,
7282,103225625,C2784611-9D11-4834-BBED-6FEA615D4B78,Smith County Emergency Services District #1,2018,BrdMem,,Charles,,Froebe,Assistant Treasurer,,,,,0,,,,,,,
7283,103225625,C2784611-9D11-4834-BBED-6FEA615D4B78,Smith County Emergency Services District #1,2018,BrdMem,,Kenneth,,Smith,Secretary,,,,,0,,,,,,,
7284,103225625,C2784611-9D11-4834-BBED-6FEA615D4B78,Smith County Emergency Services District #1,2018,BrdMem,,Louie,,Brown,Vice President,,,,,0,,,,,,,
7285,103225625,C2784611-9D11-4834-BBED-6FEA615D4B78,Smith County Emergency Services District #1,2018,BrdMem,,Carolyn,,Todd,President,,,,,0,,,,,,,
7289,103225625,7AFEE628-53CF-4B90-BA38-9B7B611A7070,Smith County Emergency Services District #1,2019,BrdMem,,Charles,,Froebe,Assistant Treasurer,,,,,0,,,,,,,
7290,103225625,7AFEE628-53CF-4B90-BA38-9B7B611A7070,Smith County Emergency Services District #1,2019,BrdMem,,John,,Yarbrough,Treasurer,,,,,0,,,,,,,
7291,103225625,7AFEE628-53CF-4B90-BA38-9B7B611A7070,Smith County Emergency Services District #1,2019,BrdMem,,Kenneth,,Smith,Secretary,,,,,0,,,,,,,
7292,103225625,7AFEE628-53CF-4B90-BA38-9B7B611A7070,Smith County Emergency Services District #1,2019,BrdMem,,Louie,,Brown,Vice President,,,,,0,,,,,,,
7293,103225625,7AFEE628-53CF-4B90-BA38-9B7B611A7070,Smith County Emergency Services District #1,2019,BrdMem,,Carolyn,,Todd,President,,,,,0,,,,,,,
7297,103225625,1BDC006C-39CE-4E83-A093-BB7581C55F6D,Smith County Emergency Services District #1,2020,BrdMem,,John,,Yarbrough,Treasurer,,,,,0,,,,,,,
7298,103225625,1BDC006C-39CE-4E83-A093-BB7581C55F6D,Smith County Emergency Services District #1,2020,BrdMem,,Carolyn,,Todd,President,,,,,0,,,,,,,
7299,103225625,1BDC006C-39CE-4E83-A093-BB7581C55F6D,Smith County Emergency Services District #1,2020,BrdMem,,Charles,,Froebe,Assistant Treasurer,,,,,0,,,,,,,
7300,103225625,1BDC006C-39CE-4E83-A093-BB7581C55F6D,Smith County Emergency Services District #1,2020,BrdMem,,Kenneth,,Smith,Secretary,,,,,0,,,,,,,
7301,103225625,1BDC006C-39CE-4E83-A093-BB7581C55F6D,Smith County Emergency Services District #1,2020,BrdMem,,Louie,,Brown,Vice President,,,,,0,,,,,,,
7305,103225625,FBE865BA-BEFD-4B2F-B477-912F41BED14D,Smith County Emergency Services District #1,2021,BrdMem,,Charles,,Froebe,Treasurer,,,,,0,,,,,,,
7306,103225625,FBE865BA-BEFD-4B2F-B477-912F41BED14D,Smith County Emergency Services District #1,2021,BrdMem,,Louie,,Brown,Vice President,,,,,0,,,,,,,
7307,103225625,FBE865BA-BEFD-4B2F-B477-912F41BED14D,Smith County Emergency Services District #1,2021,BrdMem,,Owen,,Scott,Assistant Treasurer,,,,,0,,,,,,,
7308,103225625,FBE865BA-BEFD-4B2F-B477-912F41BED14D,Smith County Emergency Services District #1,2021,BrdMem,,Carolyn,,Todd,President,,,,,0,,,,,,,
7309,103225625,FBE865BA-BEFD-4B2F-B477-912F41BED14D,Smith County Emergency Services District #1,2021,BrdMem,,Kenneth,,Smith,Secretary,,,,,0,,,,,,,
7313,103225625,E61893B3-417F-41B9-8681-FC7F8D79FBCD,Smith County Emergency Services District #1,2022,BrdMem,,Charles,,Froebe,Treasurer,,,,,0,,,,,,,
7314,103225625,E61893B3-417F-41B9-8681-FC7F8D79FBCD,Smith County Emergency Services District #1,2022,BrdMem,,Kenneth,,Smith,Secretary,,,,,0,,,,,,,
7315,103225625,E61893B3-417F-41B9-8681-FC7F8D79FBCD,Smith County Emergency Services District #1,2022,BrdMem,,Owen,,Scott,Assistant Treasurer,,,,,0,,,,,,,
7316,103225625,E61893B3-417F-41B9-8681-FC7F8D79FBCD,Smith County Emergency Services District #1,2022,BrdMem,,Carolyn,,Todd,President,,,,,0,,,,,,,
7317,103225625,E61893B3-417F-41B9-8681-FC7F8D79FBCD,Smith County Emergency Services District #1,2022,BrdMem,,Louie,,Brown,Vice President,,,,,0,,,,,,,
7321,103225625,6839997F-50AE-4566-8205-7CBB71C2EAF3,Smith County Emergency Services District #1,2023,BrdMem,,Owen,,Scott,Assistant Treasurer,,,,,0,,,,,,,
7322,103225625,6839997F-50AE-4566-8205-7CBB71C2EAF3,Smith County Emergency Services District #1,2023,BrdMem,,Carolyn,,Todd,President,,,,,0,,,,,,,
7323,103225625,6839997F-50AE-4566-8205-7CBB71C2EAF3,Smith County Emergency Services District #1,2023,BrdMem,,Kenneth,,Smith,Secretary,,,,,0,,,,,,,
7324,103225625,6839997F-50AE-4566-8205-7CBB71C2EAF3,Smith County Emergency Services District #1,2023,BrdMem,,Charles,,Froebe,Treasurer,,,,,0,,,,,,,
7325,103225625,6839997F-50AE-4566-8205-7CBB71C2EAF3,Smith County Emergency Services District #1,2023,BrdMem,,Louie,,Brown,Vice President,,,,,0,,,,,,,
7329,103225625,C504CD7C-C579-4376-99F3-0601D145D26C,Smith County Emergency Services District #1,2024,BrdMem,,Owen,,Scott,Assistant Treasurer,,,,,0,,,,,,,
7330,103225625,C504CD7C-C579-4376-99F3-0601D145D26C,Smith County Emergency Services District #1,2024,BrdMem,,Charles,,Froebe,Treasurer,,,,,0,,,,,,,
7331,103225625,C504CD7C-C579-4376-99F3-0601D145D26C,Smith County Emergency Services District #1,2024,BrdMem,,Louie,,Brown,Vice President,,,,,0,,,,,,,
7332,103225625,C504CD7C-C579-4376-99F3-0601D145D26C,Smith County Emergency Services District #1,2024,BrdMem,,Kenneth,,Smith,Secretary,,,,,0,,,,,,,
7333,103225625,C504CD7C-C579-4376-99F3-0601D145D26C,Smith County Emergency Services District #1,2024,BrdMem,,Carolyn,,Todd,President,,,,,0,,,,,,,
7337,103225625,1B3C6F5A-0BA0-438F-A444-0BC5ABF504ED,Smith County Emergency Services District #1,2025,BrdMem,,Cory,,Crowell,Assistant Treasurer,,,,,0,,,,,,,
7338,103225625,1B3C6F5A-0BA0-438F-A444-0BC5ABF504ED,Smith County Emergency Services District #1,2025,BrdMem,,Owen,,Scott,Treasurer,,,,,0,,,,,,,
7339,103225625,1B3C6F5A-0BA0-438F-A444-0BC5ABF504ED,Smith County Emergency Services District #1,2025,BrdMem,,Louie,,Brown,Vice-President,,,,,0,,,,,,,
7340,103225625,1B3C6F5A-0BA0-438F-A444-0BC5ABF504ED,Smith County Emergency Services District #1,2025,BrdMem,,Carolyn,,Todd,President,,,,,0,,,,,,,
7341,103225625,1B3C6F5A-0BA0-438F-A444-0BC5ABF504ED,Smith County Emergency Services District #1,2025,BrdMem,,Charles,,Froebe,Secretary,,,,,0,,,,,,,
7345,103225625,DD172003-3900-4030-9DEE-72852C69B777,Smith County Emergency Services District #1,2026,BrdMem,,Owen,,Scott,Treasurer,,,,,0,,,,,,,
7346,103225625,DD172003-3900-4030-9DEE-72852C69B777,Smith County Emergency Services District #1,2026,BrdMem,,Carolyn,,Todd,President,,,,,0,,,,,,,
7347,103225625,DD172003-3900-4030-9DEE-72852C69B777,Smith County Emergency Services District #1,2026,BrdMem,,Cory,,Crowell,Assistant Treasurer,,,,,0,,,,,,,
7348,103225625,DD172003-3900-4030-9DEE-72852C69B777,Smith County Emergency Services District #1,2026,BrdMem,,Louie,,Brown,Vice-President,,,,,0,,,,,,,
7349,103225625,DD172003-3900-4030-9DEE-72852C69B777,Smith County Emergency Services District #1,2026,BrdMem,,Charles,,Froebe,Secretary,,,,,0,,,,,,,
7484,103225627,496D030C-9127-4A2A-94AB-9610987349B4,Yoakum Hospital District,2018,BrdMem,,LINDA,,SCHMIDT,VICE PRESIDENT,,,,,0,,,,,,,
7485,103225627,496D030C-9127-4A2A-94AB-9610987349B4,Yoakum Hospital District,2018,BrdMem,,ELAINE G.,,ALBRECHT,DIRECTOR,,,,,0,,,,,,,
7486,103225627,496D030C-9127-4A2A-94AB-9610987349B4,Yoakum Hospital District,2018,BrdMem,,CLAY,,HERMANN,DIRECTOR,,,,,0,,,,,,,
7487,103225627,496D030C-9127-4A2A-94AB-9610987349B4,Yoakum Hospital District,2018,BrdMem,,MARLIN,,KUENSTLER,TREASURER,,,,,0,,,,,,,
7488,103225627,496D030C-9127-4A2A-94AB-9610987349B4,Yoakum Hospital District,2018,BrdMem,,LARRY,,BRANDT,DIRECTOR,,,,,0,,,,,,,
7489,103225627,496D030C-9127-4A2A-94AB-9610987349B4,Yoakum Hospital District,2018,BrdMem,,RON M.,,WHITE,SECRETARY,,,,,0,,,,,,,
7490,103225627,496D030C-9127-4A2A-94AB-9610987349B4,Yoakum Hospital District,2018,BrdMem,,ROGER L.,,LEE,PRESIDENT,,,,,0,,,,,,,
7496,103225627,C9F3BCB2-F36D-4E22-9ADE-4154043D03EA,Yoakum Hospital District,2019,BrdMem,,LINDA,,SCHMIDT,VICE PRESIDENT,,,,,0,,,,,,,
7497,103225627,C9F3BCB2-F36D-4E22-9ADE-4154043D03EA,Yoakum Hospital District,2019,BrdMem,,ELAINE G.,,ALBRECHT,DIRECTOR,,,,,0,,,,,,,
7498,103225627,C9F3BCB2-F36D-4E22-9ADE-4154043D03EA,Yoakum Hospital District,2019,BrdMem,,CLAY,,HERMANN,TREASURER,,,,,0,,,,,,,
7499,103225627,C9F3BCB2-F36D-4E22-9ADE-4154043D03EA,Yoakum Hospital District,2019,BrdMem,,CYNTHIA,,MORRIS,DIRECTOR,,,,,0,,,,,,,
7500,103225627,C9F3BCB2-F36D-4E22-9ADE-4154043D03EA,Yoakum Hospital District,2019,BrdMem,,ROGER L.,,LEE,PRESIDENT,,,,,0,,,,,,,
7501,103225627,C9F3BCB2-F36D-4E22-9ADE-4154043D03EA,Yoakum Hospital District,2019,BrdMem,,RON M.,,WHITE,SECRETARY,,,,,0,,,,,,,
7502,103225627,C9F3BCB2-F36D-4E22-9ADE-4154043D03EA,Yoakum Hospital District,2019,BrdMem,,MARLIN,,KUENSTLER,DIRECTOR,,,,,0,,,,,,,
7509,103225627,AAECFCE9-F3A8-468B-B003-0774D1D1DC12,Yoakum Hospital District,2020,BrdMem,,HARRY,,SHERMAN,DIRECTOR,,,,,0,,,,,,,
7510,103225627,AAECFCE9-F3A8-468B-B003-0774D1D1DC12,Yoakum Hospital District,2020,BrdMem,,ELAINE G.,,ALBRECHT,VICE PRESIDENT,,,,,0,,,,,,,
7511,103225627,AAECFCE9-F3A8-468B-B003-0774D1D1DC12,Yoakum Hospital District,2020,BrdMem,,LINDA,,SCHMIDT,PRESIDENT,,,,,0,,,,,,,
7512,103225627,AAECFCE9-F3A8-468B-B003-0774D1D1DC12,Yoakum Hospital District,2020,BrdMem,,CHRIS,,CHERRY,DIRECTOR,,,,,0,,,,,,,
7513,103225627,AAECFCE9-F3A8-468B-B003-0774D1D1DC12,Yoakum Hospital District,2020,BrdMem,,CYNTHIA,,MORRIS,SECRETARY,,,,,0,,,,,,,
7514,103225627,AAECFCE9-F3A8-468B-B003-0774D1D1DC12,Yoakum Hospital District,2020,BrdMem,,CLAY,,HERMANN,TREASURER,,,,,0,,,,,,,
7521,103225627,CDC6434D-0D39-4C4A-A9BA-2A9928DFDCA3,Yoakum Hospital District,2021,BrdMem,,HARRY,,SHERMAN,DIRECTOR,,,,,0,,,,,,,
7522,103225627,CDC6434D-0D39-4C4A-A9BA-2A9928DFDCA3,Yoakum Hospital District,2021,BrdMem,,CLAY,,HERMANN,TREASURER,,,,,0,,,,,,,
7523,103225627,CDC6434D-0D39-4C4A-A9BA-2A9928DFDCA3,Yoakum Hospital District,2021,BrdMem,,LINDA,,SCHMIDT,PRESIDENT,,,,,0,,,,,,,
7524,103225627,CDC6434D-0D39-4C4A-A9BA-2A9928DFDCA3,Yoakum Hospital District,2021,BrdMem,,RON M.,,WHITE,DIRECTOR,,,,,0,,,,,,,
7525,103225627,CDC6434D-0D39-4C4A-A9BA-2A9928DFDCA3,Yoakum Hospital District,2021,BrdMem,,CYNTHIA,,MORRIS,SECRETARY,,,,,0,,,,,,,
7526,103225627,CDC6434D-0D39-4C4A-A9BA-2A9928DFDCA3,Yoakum Hospital District,2021,BrdMem,,ELAINE G.,,ALBRECHT,VICE PRESIDENT,,,,,0,,,,,,,
7527,103225627,CDC6434D-0D39-4C4A-A9BA-2A9928DFDCA3,Yoakum Hospital District,2021,BrdMem,,LOUISE,,WITTE,DIRECTOR,,,,,0,,,,,,,
7534,103225627,35FA10D1-F3B5-4533-981F-B0722290029F,Yoakum Hospital District,2022,BrdMem,,ELAINE G.,,ALBRECHT,VICE PRESIDENT,,,,,0,,,,,,,
7535,103225627,35FA10D1-F3B5-4533-981F-B0722290029F,Yoakum Hospital District,2022,BrdMem,,RON M.,,WHITE,DIRECTOR,,,,,0,,,,,,,
7536,103225627,35FA10D1-F3B5-4533-981F-B0722290029F,Yoakum Hospital District,2022,BrdMem,,LINDA,,SCHMIDT,PRESIDENT,,,,,0,,,,,,,
7537,103225627,35FA10D1-F3B5-4533-981F-B0722290029F,Yoakum Hospital District,2022,BrdMem,,LOUISE,,WITTE,DIRECTOR,,,,,0,,,,,,,
7538,103225627,35FA10D1-F3B5-4533-981F-B0722290029F,Yoakum Hospital District,2022,BrdMem,,HARRY,,SHERMAN,DIRECTOR,,,,,0,,,,,,,
7539,103225627,35FA10D1-F3B5-4533-981F-B0722290029F,Yoakum Hospital District,2022,BrdMem,,CLAY,,HERMANN,TREASURER,,,,,0,,,,,,,
7540,103225627,35FA10D1-F3B5-4533-981F-B0722290029F,Yoakum Hospital District,2022,BrdMem,,CYNTHIA,,MORRIS,SECRETARY,,,,,0,,,,,,,
7547,103225627,8F115AEF-B655-4E95-AE01-0C3CC3B85738,Yoakum Hospital District,2023,BrdMem,,HARRY,,SHERMAN,DIRECTOR,,,,,0,,,,,,,
7548,103225627,8F115AEF-B655-4E95-AE01-0C3CC3B85738,Yoakum Hospital District,2023,BrdMem,,ELAINE G.,,ALBRECHT,VICE PRESIDENT,,,,,0,,,,,,,
7549,103225627,8F115AEF-B655-4E95-AE01-0C3CC3B85738,Yoakum Hospital District,2023,BrdMem,,CYNTHIA,,MORRIS,SECRETARY,,,,,0,,,,,,,
7550,103225627,8F115AEF-B655-4E95-AE01-0C3CC3B85738,Yoakum Hospital District,2023,BrdMem,,CLAY,,HERMANN,TREASURER,,,,,0,,,,,,,
7551,103225627,8F115AEF-B655-4E95-AE01-0C3CC3B85738,Yoakum Hospital District,2023,BrdMem,,RON M.,,WHITE,DIRECTOR,,,,,0,,,,,,,
7552,103225627,8F115AEF-B655-4E95-AE01-0C3CC3B85738,Yoakum Hospital District,2023,BrdMem,,LINDA,,SCHMIDT,PRESIDENT,,,,,0,,,,,,,
7559,103225627,1B1FC156-5A0B-45C7-B717-C11B55789320,Yoakum Hospital District,2024,BrdMem,,ELAINE G.,,ALBRECHT,VICE PRESIDENT,,,,,0,,,,,,,
7560,103225627,1B1FC156-5A0B-45C7-B717-C11B55789320,Yoakum Hospital District,2024,BrdMem,,HARRY,,SHERMAN,DIRECTOR,,,,,0,,,,,,,
7561,103225627,1B1FC156-5A0B-45C7-B717-C11B55789320,Yoakum Hospital District,2024,BrdMem,,LINDA,,SCHMIDT,PRESIDENT,,,,,0,,,,,,,
7562,103225627,1B1FC156-5A0B-45C7-B717-C11B55789320,Yoakum Hospital District,2024,BrdMem,,CYNTHIA,,MORRIS,SECRETARY,,,,,0,,,,,,,
7563,103225627,1B1FC156-5A0B-45C7-B717-C11B55789320,Yoakum Hospital District,2024,BrdMem,,RON M.,,WHITE,DIRECTOR,,,,,0,,,,,,,
7564,103225627,1B1FC156-5A0B-45C7-B717-C11B55789320,Yoakum Hospital District,2024,BrdMem,,CLAY,,HERMANN,TREASURER,,,,,0,,,,,,,
7571,103225627,36E064A0-2459-4002-842E-BBD1D0FFE089,Yoakum Hospital District,2025,BrdMem,,CYNTHIA,,MORRIS,SECRETARY,,,,,0,,,,,,,
7572,103225627,36E064A0-2459-4002-842E-BBD1D0FFE089,Yoakum Hospital District,2025,BrdMem,,LINDA,,SCHMIDT,PRESIDENT,,,,,0,,,,,,,
7573,103225627,36E064A0-2459-4002-842E-BBD1D0FFE089,Yoakum Hospital District,2025,BrdMem,,ELAINE G.,,ALBRECHT,VICE PRESIDENT,,,,,0,,,,,,,
7574,103225627,36E064A0-2459-4002-842E-BBD1D0FFE089,Yoakum Hospital District,2025,BrdMem,,RON M.,,WHITE,DIRECTOR,,,,,0,,,,,,,
7575,103225627,36E064A0-2459-4002-842E-BBD1D0FFE089,Yoakum Hospital District,2025,BrdMem,,MARY JO,,LEAHY,DIRECTOR,,,,,0,,,,,,,
7576,103225627,36E064A0-2459-4002-842E-BBD1D0FFE089,Yoakum Hospital District,2025,BrdMem,,HARRY,,SHERMAN,DIRECTOR,,,,,0,,,,,,,
7577,103225627,36E064A0-2459-4002-842E-BBD1D0FFE089,Yoakum Hospital District,2025,BrdMem,,CLAY,,HERMANN,TREASURER,,,,,0,,,,,,,
7584,103225627,7035D544-A56F-4D9D-B266-1FFC4D6B1B1C,Yoakum Hospital District,2026,BrdMem,,ELAINE G.,,ALBRECHT,VICE PRESIDENT,,,,,0,,,,,,,
7585,103225627,7035D544-A56F-4D9D-B266-1FFC4D6B1B1C,Yoakum Hospital District,2026,BrdMem,,LINDA,,SCHMIDT,PRESIDENT,,,,,0,,,,,,,
7586,103225627,7035D544-A56F-4D9D-B266-1FFC4D6B1B1C,Yoakum Hospital District,2026,BrdMem,,CLAY,,HERMANN,TREASURER,,,,,0,,,,,,,
7587,103225627,7035D544-A56F-4D9D-B266-1FFC4D6B1B1C,Yoakum Hospital District,2026,BrdMem,,HARRY,,SHERMAN,DIRECTOR,,,,,0,,,,,,,
7588,103225627,7035D544-A56F-4D9D-B266-1FFC4D6B1B1C,Yoakum Hospital District,2026,BrdMem,,MARY JO,,LEAHY,DIRECTOR,,,,,0,,,,,,,
7589,103225627,7035D544-A56F-4D9D-B266-1FFC4D6B1B1C,Yoakum Hospital District,2026,BrdMem,,RON M.,,WHITE,DIRECTOR,,,,,0,,,,,,,
7590,103225627,7035D544-A56F-4D9D-B266-1FFC4D6B1B1C,Yoakum Hospital District,2026,BrdMem,,CYNTHIA,,MORRIS,SECRETARY,,,,,0,,,,,,,
7949,103225633,4934F6D5-CD09-45D1-9365-6727A071428F,Harris County Emergency Services District #28,2018,BrdMem,,Mike,,Jones,Vice President,,,,,0,,,,,,,
7950,103225633,4934F6D5-CD09-45D1-9365-6727A071428F,Harris County Emergency Services District #28,2018,BrdMem,,Dan,,Langford,President,,,,,0,,,,,,,
7951,103225633,4934F6D5-CD09-45D1-9365-6727A071428F,Harris County Emergency Services District #28,2018,BrdMem,,Shirley,,Jauma,Secretary,,,,,0,,,,,,,
7952,103225633,4934F6D5-CD09-45D1-9365-6727A071428F,Harris County Emergency Services District #28,2018,BrdMem,,Ken,,Koenig,Asst Treasurer,,,,,0,,,,,,,
7953,103225633,4934F6D5-CD09-45D1-9365-6727A071428F,Harris County Emergency Services District #28,2018,BrdMem,,Edson,,Dronberger,Treasurer,,,,,0,,,,,,,
7958,103225633,7AF14D4E-4A1E-4586-98A2-3847E29736A7,Harris County Emergency Services District #28,2019,BrdMem,,Ken,,Koenig,Asst Treasurer,,,,,0,,,,,,,
7959,103225633,7AF14D4E-4A1E-4586-98A2-3847E29736A7,Harris County Emergency Services District #28,2019,BrdMem,,Dan,,Langford,President,,,,,0,,,,,,,
7960,103225633,7AF14D4E-4A1E-4586-98A2-3847E29736A7,Harris County Emergency Services District #28,2019,BrdMem,,Shirley,,Jauma,Secretary,,,,,0,,,,,,,
7961,103225633,7AF14D4E-4A1E-4586-98A2-3847E29736A7,Harris County Emergency Services District #28,2019,BrdMem,,Edson,,Dronberger,Treasurer,,,,,0,,,,,,,
7962,103225633,7AF14D4E-4A1E-4586-98A2-3847E29736A7,Harris County Emergency Services District #28,2019,BrdMem,,Mike,,Jones,Vice President,,,,,0,,,,,,,
7967,103225633,51E98822-0F35-41E3-8231-770A79A0D9E5,Harris County Emergency Services District #28,2020,BrdMem,,Ken,,Koenig,Asst Treasurer,,,,,0,,,,,,,
7968,103225633,51E98822-0F35-41E3-8231-770A79A0D9E5,Harris County Emergency Services District #28,2020,BrdMem,,Shirley,,Jauma,Secretary,,,,,0,,,,,,,
7969,103225633,51E98822-0F35-41E3-8231-770A79A0D9E5,Harris County Emergency Services District #28,2020,BrdMem,,Mike,,Jones,Vice President,,,,,0,,,,,,,
7970,103225633,51E98822-0F35-41E3-8231-770A79A0D9E5,Harris County Emergency Services District #28,2020,BrdMem,,Michael,,Jenkins,Asst. Treasurer,,,,,0,,,,,,,
7971,103225633,51E98822-0F35-41E3-8231-770A79A0D9E5,Harris County Emergency Services District #28,2020,BrdMem,,Edson,,Dronberger,Treasurer,,,,,0,,,,,,,
7976,103225633,594C804B-C212-42B0-BBD5-E38081DA934F,Harris County Emergency Services District #28,2021,BrdMem,,Shirley,,Jauma,Secretary,,,,,0,,,,,,,
7977,103225633,594C804B-C212-42B0-BBD5-E38081DA934F,Harris County Emergency Services District #28,2021,BrdMem,,Ken,,Koenig,Asst Treasurer,,,,,0,,,,,,,
7978,103225633,594C804B-C212-42B0-BBD5-E38081DA934F,Harris County Emergency Services District #28,2021,BrdMem,,Erika,,Smiley,Director,,,,,0,,,,,,,
7979,103225633,594C804B-C212-42B0-BBD5-E38081DA934F,Harris County Emergency Services District #28,2021,BrdMem,,Michael,,Jenkins,Asst. Treasurer,,,,,0,,,,,,,
7980,103225633,594C804B-C212-42B0-BBD5-E38081DA934F,Harris County Emergency Services District #28,2021,BrdMem,,Edson,,Dronberger,Treasurer,,,,,0,,,,,,,
7985,103225633,E7D422E2-A9EE-49D5-A6A0-9B78C3ABDE7D,Harris County Emergency Services District #28,2022,BrdMem,,Erika,,Smiley,Director,,,,,0,,,,,,,
7986,103225633,E7D422E2-A9EE-49D5-A6A0-9B78C3ABDE7D,Harris County Emergency Services District #28,2022,BrdMem,,Ken,,Koenig,Asst Treasurer,,,,,0,,,,,,,
7987,103225633,E7D422E2-A9EE-49D5-A6A0-9B78C3ABDE7D,Harris County Emergency Services District #28,2022,BrdMem,,Edson,,Dronberger,Treasurer,,,,,0,,,,,,,
7988,103225633,E7D422E2-A9EE-49D5-A6A0-9B78C3ABDE7D,Harris County Emergency Services District #28,2022,BrdMem,,Michael,,Jenkins,Asst. Treasurer,,,,,0,,,,,,,
7989,103225633,E7D422E2-A9EE-49D5-A6A0-9B78C3ABDE7D,Harris County Emergency Services District #28,2022,BrdMem,,Shirley,,Jauma,Secretary,,,,,0,,,,,,,
7994,103225633,C3B77A9F-F294-445E-9B21-24D4897F36F6,Harris County Emergency Services District #28,2023,BrdMem,,Shirley,,Jauma,Secretary,,,,,0,,,,,,,
7995,103225633,C3B77A9F-F294-445E-9B21-24D4897F36F6,Harris County Emergency Services District #28,2023,BrdMem,,Ken,,Koenig,Asst Treasurer,,,,,0,,,,,,,
7996,103225633,C3B77A9F-F294-445E-9B21-24D4897F36F6,Harris County Emergency Services District #28,2023,BrdMem,,Michael,,Jenkins,Asst. Treasurer,,,,,0,,,,,,,
7997,103225633,C3B77A9F-F294-445E-9B21-24D4897F36F6,Harris County Emergency Services District #28,2023,BrdMem,,Erika,,Smiley,Director,,,,,0,,,,,,,
7998,103225633,C3B77A9F-F294-445E-9B21-24D4897F36F6,Harris County Emergency Services District #28,2023,BrdMem,,Edson,,Dronberger,Treasurer,,,,,0,,,,,,,
8003,103225633,A6B8E970-FF1B-423E-8C6A-56782C8BB0AC,Harris County Emergency Services District #28,2024,BrdMem,,Erika,,Smiley,Director,,,,,0,,,,,,,
8004,103225633,A6B8E970-FF1B-423E-8C6A-56782C8BB0AC,Harris County Emergency Services District #28,2024,BrdMem,,Ken,,Koenig,Treasurer,,,,,0,,,,,,,
8005,103225633,A6B8E970-FF1B-423E-8C6A-56782C8BB0AC,Harris County Emergency Services District #28,2024,BrdMem,,Shirley,,Jauma,Secretary,,,,,0,,,,,,,
8006,103225633,A6B8E970-FF1B-423E-8C6A-56782C8BB0AC,Harris County Emergency Services District #28,2024,BrdMem,,Edson,,Dronberger,Vice-President,,,,,0,,,,,,,
8007,103225633,A6B8E970-FF1B-423E-8C6A-56782C8BB0AC,Harris County Emergency Services District #28,2024,BrdMem,,Mike,,Jenkins,President,,,,,0,,,,,,,
8012,103225633,B4DB05FB-6C5C-4826-9428-B71EAC84C92A,Harris County Emergency Services District #28,2025,BrdMem,,Shirley,,Jauma,Secretary,,,,,0,,,,,,,
8013,103225633,B4DB05FB-6C5C-4826-9428-B71EAC84C92A,Harris County Emergency Services District #28,2025,BrdMem,,Mike,,Jenkins,President,,,,,0,,,,,,,
8014,103225633,B4DB05FB-6C5C-4826-9428-B71EAC84C92A,Harris County Emergency Services District #28,2025,BrdMem,,Erika,,Smiley,Director,,,,,0,,,,,,,
8015,103225633,B4DB05FB-6C5C-4826-9428-B71EAC84C92A,Harris County Emergency Services District #28,2025,BrdMem,,Edson,,Dronberger,Vice-President,,,,,0,,,,,,,
8016,103225633,B4DB05FB-6C5C-4826-9428-B71EAC84C92A,Harris County Emergency Services District #28,2025,BrdMem,,Ken,,Koenig,Treasurer,,,,,0,,,,,,,
8021,103225633,56CEC8ED-4A94-4526-825A-21EC40E77DFA,Harris County Emergency Services District #28,2026,BrdMem,,Edson,,Dronberger,Vice-President,,,,,0,,,,,,,
8022,103225633,56CEC8ED-4A94-4526-825A-21EC40E77DFA,Harris County Emergency Services District #28,2026,BrdMem,,Erika,,Smiley,Director,,,,,0,,,,,,,
8023,103225633,56CEC8ED-4A94-4526-825A-21EC40E77DFA,Harris County Emergency Services District #28,2026,BrdMem,,Shirley,,Jauma,Secretary,,,,,0,,,,,,,
8024,103225633,56CEC8ED-4A94-4526-825A-21EC40E77DFA,Harris County Emergency Services District #28,2026,BrdMem,,Ken,,Koenig,Treasurer,,,,,0,,,,,,,
8025,103225633,56CEC8ED-4A94-4526-825A-21EC40E77DFA,Harris County Emergency Services District #28,2026,BrdMem,,Mike,,Jenkins,President,,,,,0,,,,,,,
8951,103225648,9BD8E2C2-2405-4C33-B86B-7205022BE835,Terry Memorial Hospital District,2018,BrdMem,,Richard,,Vandervlist,Director,,,,,0,,,,,,,
8952,103225648,9BD8E2C2-2405-4C33-B86B-7205022BE835,Terry Memorial Hospital District,2018,BrdMem,,June,,Cooper,Director,,,,,0,,,,,,,
8953,103225648,9BD8E2C2-2405-4C33-B86B-7205022BE835,Terry Memorial Hospital District,2018,BrdMem,,Hose,,Silva,Vice Chairman,,,,,0,,,,,,,
8954,103225648,9BD8E2C2-2405-4C33-B86B-7205022BE835,Terry Memorial Hospital District,2018,BrdMem,,Sue,,Cottrell,Director,,,,,0,,,,,,,
8955,103225648,9BD8E2C2-2405-4C33-B86B-7205022BE835,Terry Memorial Hospital District,2018,BrdMem,,Brian,,Paiva,Director,,,,,0,,,,,,,
8956,103225648,9BD8E2C2-2405-4C33-B86B-7205022BE835,Terry Memorial Hospital District,2018,BrdMem,,Justin,,Hesse,Chairman,,,,,0,,,,,,,
8957,103225648,9BD8E2C2-2405-4C33-B86B-7205022BE835,Terry Memorial Hospital District,2018,BrdMem,,Sylvia,,Dingus,Secretary,,,,,0,,,,,,,
8962,103225648,F985B152-41D0-4AEF-A42D-18FEE5F69553,Terry Memorial Hospital District,2019,BrdMem,,Brian,,Paiva,Director,,,,,0,,,,,,,
8963,103225648,F985B152-41D0-4AEF-A42D-18FEE5F69553,Terry Memorial Hospital District,2019,BrdMem,,Sue,,Cottrell,Director,,,,,0,,,,,,,
8964,103225648,F985B152-41D0-4AEF-A42D-18FEE5F69553,Terry Memorial Hospital District,2019,BrdMem,,Justin,,Hesse,Chairman,,,,,0,,,,,,,
8965,103225648,F985B152-41D0-4AEF-A42D-18FEE5F69553,Terry Memorial Hospital District,2019,BrdMem,,Richard,,Vandervlist,Director,,,,,0,,,,,,,
8966,103225648,F985B152-41D0-4AEF-A42D-18FEE5F69553,Terry Memorial Hospital District,2019,BrdMem,,June,,Cooper,Director,,,,,0,,,,,,,
8967,103225648,F985B152-41D0-4AEF-A42D-18FEE5F69553,Terry Memorial Hospital District,2019,BrdMem,,Hose,,Silva,Vice Chairman,,,,,0,,,,,,,
8968,103225648,F985B152-41D0-4AEF-A42D-18FEE5F69553,Terry Memorial Hospital District,2019,BrdMem,,Sylvia,,Dingus,Secretary,,,,,0,,,,,,,
8972,103225648,3F6A5CCC-2C40-4FDC-930A-95922F2A871E,Terry Memorial Hospital District,2020,BrdMem,,Justin,,Hesse,Chairman,,,,,0,,,,,,,
8973,103225648,3F6A5CCC-2C40-4FDC-930A-95922F2A871E,Terry Memorial Hospital District,2020,BrdMem,,Brian,,Paiva,Director,,,,,0,,,,,,,
8974,103225648,3F6A5CCC-2C40-4FDC-930A-95922F2A871E,Terry Memorial Hospital District,2020,BrdMem,,June,,Cooper,Director,,,,,0,,,,,,,
8975,103225648,3F6A5CCC-2C40-4FDC-930A-95922F2A871E,Terry Memorial Hospital District,2020,BrdMem,,Bobby,,Lawrence,Board Member,,,,,0,,,,,,,
8976,103225648,3F6A5CCC-2C40-4FDC-930A-95922F2A871E,Terry Memorial Hospital District,2020,BrdMem,,Sylvia,,Dingus,Secretary,,,,,0,,,,,,,
8977,103225648,3F6A5CCC-2C40-4FDC-930A-95922F2A871E,Terry Memorial Hospital District,2020,BrdMem,,Sue,,Cottrell,Director,,,,,0,,,,,,,
8978,103225648,3F6A5CCC-2C40-4FDC-930A-95922F2A871E,Terry Memorial Hospital District,2020,BrdMem,,Hose,,Silva,Vice Chairman,,,,,0,,,,,,,
8982,103225648,05A438E4-5913-4624-87C9-1EDF7D7DFE82,Terry Memorial Hospital District,2021,BrdMem,,Sylvia,,Dingus,Secretary,,,,,0,,,,,,,
8983,103225648,05A438E4-5913-4624-87C9-1EDF7D7DFE82,Terry Memorial Hospital District,2021,BrdMem,,June,,Cooper,Director,,,,,0,,,,,,,
8984,103225648,05A438E4-5913-4624-87C9-1EDF7D7DFE82,Terry Memorial Hospital District,2021,BrdMem,,Sue,,Cottrell,Director,,,,,0,,,,,,,
8985,103225648,05A438E4-5913-4624-87C9-1EDF7D7DFE82,Terry Memorial Hospital District,2021,BrdMem,,Hose,,Silva,Vice Chairman,,,,,0,,,,,,,
8986,103225648,05A438E4-5913-4624-87C9-1EDF7D7DFE82,Terry Memorial Hospital District,2021,BrdMem,,Brian,,Paiva,Director,,,,,0,,,,,,,
8987,103225648,05A438E4-5913-4624-87C9-1EDF7D7DFE82,Terry Memorial Hospital District,2021,BrdMem,,Bobby,,Lawrence,Board Member,,,,,0,,,,,,,
8988,103225648,05A438E4-5913-4624-87C9-1EDF7D7DFE82,Terry Memorial Hospital District,2021,BrdMem,,Justin,,Hesse,Chairman,,,,,0,,,,,,,
8992,103225648,2D7DE45E-ECE4-4070-B887-B65939DD798E,Terry Memorial Hospital District,2022,BrdMem,,Bobby,,Lawrence,Board Member,,,,,0,,,,,,,
8993,103225648,2D7DE45E-ECE4-4070-B887-B65939DD798E,Terry Memorial Hospital District,2022,BrdMem,,Sue,,Cottrell,Director,,,,,0,,,,,,,
8994,103225648,2D7DE45E-ECE4-4070-B887-B65939DD798E,Terry Memorial Hospital District,2022,BrdMem,,June,,Cooper,Director,,,,,0,,,,,,,
8995,103225648,2D7DE45E-ECE4-4070-B887-B65939DD798E,Terry Memorial Hospital District,2022,BrdMem,,Sylvia,,Dingus,Secretary,,,,,0,,,,,,,
8996,103225648,2D7DE45E-ECE4-4070-B887-B65939DD798E,Terry Memorial Hospital District,2022,BrdMem,,Brian,,Paiva,Director,,,,,0,,,,,,,
8997,103225648,2D7DE45E-ECE4-4070-B887-B65939DD798E,Terry Memorial Hospital District,2022,BrdMem,,Justin,,Hesse,Chairman,,,,,0,,,,,,,
8998,103225648,2D7DE45E-ECE4-4070-B887-B65939DD798E,Terry Memorial Hospital District,2022,BrdMem,,Hose,,Silva,Vice Chairman,,,,,0,,,,,,,
9002,103225648,BB4DB275-D05C-4A63-9DA0-BB0711CCD6B3,Terry Memorial Hospital District,2023,BrdMem,,Charles,,Nave,Director,,,,,0,,,,,,,
9003,103225648,BB4DB275-D05C-4A63-9DA0-BB0711CCD6B3,Terry Memorial Hospital District,2023,BrdMem,,Sue,,Cottrell,Director,,,,,0,,,,,,,
9004,103225648,BB4DB275-D05C-4A63-9DA0-BB0711CCD6B3,Terry Memorial Hospital District,2023,BrdMem,,Sylvia,,Dingus,Secretary,,,,,0,,,,,,,
9005,103225648,BB4DB275-D05C-4A63-9DA0-BB0711CCD6B3,Terry Memorial Hospital District,2023,BrdMem,,Jose,,Silva,Director,,,,,0,,,,,,,
9006,103225648,BB4DB275-D05C-4A63-9DA0-BB0711CCD6B3,Terry Memorial Hospital District,2023,BrdMem,,Brian,,Paiva,Chairman,,,,,0,,,,,,,
9007,103225648,BB4DB275-D05C-4A63-9DA0-BB0711CCD6B3,Terry Memorial Hospital District,2023,BrdMem,,June,,Cooper,Vice Chairperson,,,,,0,,,,,,,
9008,103225648,BB4DB275-D05C-4A63-9DA0-BB0711CCD6B3,Terry Memorial Hospital District,2023,BrdMem,,Justin,,Hesse,Director,,,,,0,,,,,,,
9012,103225648,CD920770-0022-4846-9ED8-B80907006011,Terry Memorial Hospital District,2024,BrdMem,,Sue,,Cottrell,Director,,,,,0,,,,,,,
9013,103225648,CD920770-0022-4846-9ED8-B80907006011,Terry Memorial Hospital District,2024,BrdMem,,Jeffrey,,Davis,Secretary,,,,,0,,,,,,,
9014,103225648,CD920770-0022-4846-9ED8-B80907006011,Terry Memorial Hospital District,2024,BrdMem,,Justin,,Hesse,Director,,,,,0,,,,,,,
9015,103225648,CD920770-0022-4846-9ED8-B80907006011,Terry Memorial Hospital District,2024,BrdMem,,Joe,,Silva,Director,,,,,0,,,,,,,
9016,103225648,CD920770-0022-4846-9ED8-B80907006011,Terry Memorial Hospital District,2024,BrdMem,,June,,Cooper,Vice Chairperson,,,,,0,,,,,,,
9017,103225648,CD920770-0022-4846-9ED8-B80907006011,Terry Memorial Hospital District,2024,BrdMem,,Charles,,Nave,Director,,,,,0,,,,,,,
9018,103225648,CD920770-0022-4846-9ED8-B80907006011,Terry Memorial Hospital District,2024,BrdMem,,Brian,,Paiva,Chairman,,,,,0,,,,,,,
9022,103225648,622FE123-3081-40D3-A468-BFB7F25BEF3F,Terry Memorial Hospital District,2025,BrdMem,,Joe,,Silva,Director,,,,,0,,,,,,,
9023,103225648,622FE123-3081-40D3-A468-BFB7F25BEF3F,Terry Memorial Hospital District,2025,BrdMem,,Justin,,Hesse,Director,,,,,0,,,,,,,
9024,103225648,622FE123-3081-40D3-A468-BFB7F25BEF3F,Terry Memorial Hospital District,2025,BrdMem,,Jeffrey,,Davis,Secretary,,,,,0,,,,,,,
9025,103225648,622FE123-3081-40D3-A468-BFB7F25BEF3F,Terry Memorial Hospital District,2025,BrdMem,,Brian,,Paiva,Director,,,,,0,,,,,,,
9026,103225648,622FE123-3081-40D3-A468-BFB7F25BEF3F,Terry Memorial Hospital District,2025,BrdMem,,June,,Cooper,Chairman,,,,,0,,,,,,,
9027,103225648,622FE123-3081-40D3-A468-BFB7F25BEF3F,Terry Memorial Hospital District,2025,BrdMem,,Kelli,,Mendez,Director,,,,,0,,,,,,,
9028,103225648,622FE123-3081-40D3-A468-BFB7F25BEF3F,Terry Memorial Hospital District,2025,BrdMem,,Charles,,Nave,Vice Chairman,,,,,0,,,,,,,
9032,103225648,34E6CF0B-5F84-419E-AC77-054F59961430,Terry Memorial Hospital District,2026,BrdMem,,Justin,,Hesse,Director,,,,,0,,,,,,,
9033,103225648,34E6CF0B-5F84-419E-AC77-054F59961430,Terry Memorial Hospital District,2026,BrdMem,,Brian,,Paiva,Director,,,,,0,,,,,,,
9034,103225648,34E6CF0B-5F84-419E-AC77-054F59961430,Terry Memorial Hospital District,2026,BrdMem,,June,,Cooper,Chairman,,,,,0,,,,,,,
9035,103225648,34E6CF0B-5F84-419E-AC77-054F59961430,Terry Memorial Hospital District,2026,BrdMem,,Joe,,Silva,Director,,,,,0,,,,,,,
9036,103225648,34E6CF0B-5F84-419E-AC77-054F59961430,Terry Memorial Hospital District,2026,BrdMem,,Jeffrey,,Davis,Secretary,,,,,0,,,,,,,
9037,103225648,34E6CF0B-5F84-419E-AC77-054F59961430,Terry Memorial Hospital District,2026,BrdMem,,Charles,,Nave,Vice Chairman,,,,,0,,,,,,,
9038,103225648,34E6CF0B-5F84-419E-AC77-054F59961430,Terry Memorial Hospital District,2026,BrdMem,,Kelli,,Mendez,Director,,,,,0,,,,,,,
9042,103225649,C45EB513-32F9-48C5-A40E-B264E8D3D003,Harris County Emergency Services District #13,2018,BrdMem,,Ben,,Henderson,President,,,,,0,,,,,,,
9043,103225649,C45EB513-32F9-48C5-A40E-B264E8D3D003,Harris County Emergency Services District #13,2018,BrdMem,,Scott,,Johnson,Treasurer,,,,,0,,,,,,,
9044,103225649,C45EB513-32F9-48C5-A40E-B264E8D3D003,Harris County Emergency Services District #13,2018,BrdMem,,JoAnne,,Arosell,Commissioner,,,,,0,,,,,,,
9045,103225649,C45EB513-32F9-48C5-A40E-B264E8D3D003,Harris County Emergency Services District #13,2018,BrdMem,,Homer,,Stevens,Secretary,,,,,0,,,,,,,
9046,103225649,C45EB513-32F9-48C5-A40E-B264E8D3D003,Harris County Emergency Services District #13,2018,BrdMem,,Vince,,Tobin,Vice President,,,,,0,,,,,,,
9051,103225649,6110B97D-CE4D-4A18-902E-BE6B5AF43479,Harris County Emergency Services District #13,2019,BrdMem,,Scott,,Johnson,Treasurer,,,,,0,,,,,,,
9052,103225649,6110B97D-CE4D-4A18-902E-BE6B5AF43479,Harris County Emergency Services District #13,2019,BrdMem,,Ben,,Henderson,President,,,,,0,,,,,,,
9053,103225649,6110B97D-CE4D-4A18-902E-BE6B5AF43479,Harris County Emergency Services District #13,2019,BrdMem,,Homer,,Stevens,Secretary,,,,,0,,,,,,,
9054,103225649,6110B97D-CE4D-4A18-902E-BE6B5AF43479,Harris County Emergency Services District #13,2019,BrdMem,,JoAnne,,Arosell,Commissioner,,,,,0,,,,,,,
9055,103225649,6110B97D-CE4D-4A18-902E-BE6B5AF43479,Harris County Emergency Services District #13,2019,BrdMem,,Vince,,Tobin,Vice President,,,,,0,,,,,,,
9060,103225649,C10C573D-4C7C-46B5-B9BC-4D92EB5EED4C,Harris County Emergency Services District #13,2020,BrdMem,,Scott,,Johnson,Treasurer,,,,,0,,,,,,,
9061,103225649,C10C573D-4C7C-46B5-B9BC-4D92EB5EED4C,Harris County Emergency Services District #13,2020,BrdMem,,JoAnne,,Arosell,Commissioner,,,,,0,,,,,,,
9062,103225649,C10C573D-4C7C-46B5-B9BC-4D92EB5EED4C,Harris County Emergency Services District #13,2020,BrdMem,,Homer,,Stevens,Secretary,,,,,0,,,,,,,
9063,103225649,C10C573D-4C7C-46B5-B9BC-4D92EB5EED4C,Harris County Emergency Services District #13,2020,BrdMem,,Ben,,Henderson,President,,,,,0,,,,,,,
9064,103225649,C10C573D-4C7C-46B5-B9BC-4D92EB5EED4C,Harris County Emergency Services District #13,2020,BrdMem,,Vince,,Tobin,Vice President,,,,,0,,,,,,,
9069,103225649,FE4D56CB-94AA-4688-8B40-A2AC71F42E19,Harris County Emergency Services District #13,2021,BrdMem,,Kathy,,Clark,Secretary,,,,,0,,,,,,,
9070,103225649,FE4D56CB-94AA-4688-8B40-A2AC71F42E19,Harris County Emergency Services District #13,2021,BrdMem,,Vince,,Tobin,Vice President,,,,,0,,,,,,,
9071,103225649,FE4D56CB-94AA-4688-8B40-A2AC71F42E19,Harris County Emergency Services District #13,2021,BrdMem,,Ben,,Henderson,President,,,,,0,,,,,,,
9072,103225649,FE4D56CB-94AA-4688-8B40-A2AC71F42E19,Harris County Emergency Services District #13,2021,BrdMem,,JoAnne,,Arosell,Commissioner,,,,,0,,,,,,,
9073,103225649,FE4D56CB-94AA-4688-8B40-A2AC71F42E19,Harris County Emergency Services District #13,2021,BrdMem,,Scott,,Johnson,Treasurer,,,,,0,,,,,,,
9078,103225649,64E1B7CB-EFCC-48F7-9B8F-80890BFAF259,Harris County Emergency Services District #13,2022,BrdMem,,Ben,,Henderson,President,,,,,0,,,,,,,
9079,103225649,64E1B7CB-EFCC-48F7-9B8F-80890BFAF259,Harris County Emergency Services District #13,2022,BrdMem,,Joanne,,Arosell,Assistant Treasurer,,,,,0,,,,,,,
9080,103225649,64E1B7CB-EFCC-48F7-9B8F-80890BFAF259,Harris County Emergency Services District #13,2022,BrdMem,,Kathy,,Clark,Secretary,,,,,0,,,,,,,
9081,103225649,64E1B7CB-EFCC-48F7-9B8F-80890BFAF259,Harris County Emergency Services District #13,2022,BrdMem,,Scott,,Johnson,Treasurer,,,,,0,,,,,,,
9082,103225649,64E1B7CB-EFCC-48F7-9B8F-80890BFAF259,Harris County Emergency Services District #13,2022,BrdMem,,Vince,,Tobin,Vice President,,,,,0,,,,,,,
9087,103225649,B68DB3C7-27DD-4D49-B230-7738D7D03E80,Harris County Emergency Services District #13,2023,BrdMem,,Vince,,Tobin,Vice President,,,,,0,,,,,,,
9088,103225649,B68DB3C7-27DD-4D49-B230-7738D7D03E80,Harris County Emergency Services District #13,2023,BrdMem,,Kathy,,Clark,Secretary,,,,,0,,,,,,,
9089,103225649,B68DB3C7-27DD-4D49-B230-7738D7D03E80,Harris County Emergency Services District #13,2023,BrdMem,,Joanne,,Arosell,Assistant Treasurer,,,,,0,,,,,,,
9090,103225649,B68DB3C7-27DD-4D49-B230-7738D7D03E80,Harris County Emergency Services District #13,2023,BrdMem,,Scott,,Johnson,Treasurer,,,,,0,,,,,,,
9091,103225649,B68DB3C7-27DD-4D49-B230-7738D7D03E80,Harris County Emergency Services District #13,2023,BrdMem,,Ben,,Henderson,President,,,,,0,,,,,,,
9096,103225649,D2CA30C6-186D-482F-812A-D83CB8AE2FDD,Harris County Emergency Services District #13,2024,BrdMem,,Vince,,Tobin,Vice President,,,,,0,,,,,,,
9097,103225649,D2CA30C6-186D-482F-812A-D83CB8AE2FDD,Harris County Emergency Services District #13,2024,BrdMem,,Casey,,Estilette,Secretary,,,,,0,,,,,,,
9098,103225649,D2CA30C6-186D-482F-812A-D83CB8AE2FDD,Harris County Emergency Services District #13,2024,BrdMem,,Ben,,Henderson,President,,,,,0,,,,,,,
9099,103225649,D2CA30C6-186D-482F-812A-D83CB8AE2FDD,Harris County Emergency Services District #13,2024,BrdMem,,Joanne,,Arosell,Assistant Treasurer,,,,,0,,,,,,,
9100,103225649,D2CA30C6-186D-482F-812A-D83CB8AE2FDD,Harris County Emergency Services District #13,2024,BrdMem,,Scott,,Johnson,Treasurer,,,,,0,,,,,,,
9105,103225649,EEC31BCD-2AD5-4229-BA89-6CDF03682D79,Harris County Emergency Services District #13,2025,BrdMem,,Joanne,,Arosell,Assistant Treasurer,,,,,0,,,,,,,
9106,103225649,EEC31BCD-2AD5-4229-BA89-6CDF03682D79,Harris County Emergency Services District #13,2025,BrdMem,,Ben,,Henderson,President,,,,,0,,,,,,,
9107,103225649,EEC31BCD-2AD5-4229-BA89-6CDF03682D79,Harris County Emergency Services District #13,2025,BrdMem,,Scott,,Johnson,Treasurer,,,,,0,,,,,,,
9108,103225649,EEC31BCD-2AD5-4229-BA89-6CDF03682D79,Harris County Emergency Services District #13,2025,BrdMem,,Casey,,Estilette,Secretary,,,,,0,,,,,,,
9109,103225649,EEC31BCD-2AD5-4229-BA89-6CDF03682D79,Harris County Emergency Services District #13,2025,BrdMem,,Vince,,Tobin,Vice President,,,,,0,,,,,,,
9114,103225649,53C40911-E31F-4047-8F63-AC0510CAC461,Harris County Emergency Services District #13,2026,BrdMem,,Vincent,,Tobin,President,,,,,0,,,,,,,
9115,103225649,53C40911-E31F-4047-8F63-AC0510CAC461,Harris County Emergency Services District #13,2026,BrdMem,,Casey,,Estilette,Vice President,,,,,0,,,,,,,
9116,103225649,53C40911-E31F-4047-8F63-AC0510CAC461,Harris County Emergency Services District #13,2026,BrdMem,,Joanne,,Arosell,Assistant Treasurer,,,,,0,,,,,,,
9117,103225649,53C40911-E31F-4047-8F63-AC0510CAC461,Harris County Emergency Services District #13,2026,BrdMem,,Elizabeth,,Fletcher,Secretary,,,,,0,,,,,,,
9118,103225649,53C40911-E31F-4047-8F63-AC0510CAC461,Harris County Emergency Services District #13,2026,BrdMem,,Scott,,Johnson,Treasurer,,,,,0,,,,,,,
10009,103225665,3583DDE7-89F3-41F4-A03C-3360773812F4,Harris County Emergency Services District #3,2018,BrdMem,,Harold,,McDonald,Vice President,,,,,0,,,,,,,
10010,103225665,3583DDE7-89F3-41F4-A03C-3360773812F4,Harris County Emergency Services District #3,2018,BrdMem,,Robert,,Carvell,Secretary,,,,,0,,,,,,,
10011,103225665,3583DDE7-89F3-41F4-A03C-3360773812F4,Harris County Emergency Services District #3,2018,BrdMem,,James,,Lusk,President,,,,,0,,,,,,,
10012,103225665,3583DDE7-89F3-41F4-A03C-3360773812F4,Harris County Emergency Services District #3,2018,BrdMem,,Daniel,,Twardowski,Treasurer,,,,,0,,,,,,,
10013,103225665,3583DDE7-89F3-41F4-A03C-3360773812F4,Harris County Emergency Services District #3,2018,BrdMem,,Patricia,,Diehl,Commissioner,,,,,0,,,,,,,
10018,103225665,7B52DB7A-4E95-4391-9A13-D47F48F89C3E,Harris County Emergency Services District #3,2019,BrdMem,,Patricia,,Diehl,Commissioner,,,,,0,,,,,,,
10019,103225665,7B52DB7A-4E95-4391-9A13-D47F48F89C3E,Harris County Emergency Services District #3,2019,BrdMem,,James,,Lusk,President,,,,,0,,,,,,,
10020,103225665,7B52DB7A-4E95-4391-9A13-D47F48F89C3E,Harris County Emergency Services District #3,2019,BrdMem,,Daniel,,Twardowski,Treasurer,,,,,0,,,,,,,
10021,103225665,7B52DB7A-4E95-4391-9A13-D47F48F89C3E,Harris County Emergency Services District #3,2019,BrdMem,,Harold,,McDonald,Vice President,,,,,0,,,,,,,
10022,103225665,7B52DB7A-4E95-4391-9A13-D47F48F89C3E,Harris County Emergency Services District #3,2019,BrdMem,,Robert,,Carvell,Secretary,,,,,0,,,,,,,
10027,103225665,41C7A33E-C52F-4BC6-B8BC-90F6C43502F9,Harris County Emergency Services District #3,2020,BrdMem,,Danny,,Twardowski,Secretary,,,,,0,,,,,,,
10028,103225665,41C7A33E-C52F-4BC6-B8BC-90F6C43502F9,Harris County Emergency Services District #3,2020,BrdMem,,James,,Lusk,President,,,,,0,,,,,,,
10029,103225665,41C7A33E-C52F-4BC6-B8BC-90F6C43502F9,Harris County Emergency Services District #3,2020,BrdMem,,Patricia,,Diehl,Commissioner,,,,,0,,,,,,,
10030,103225665,41C7A33E-C52F-4BC6-B8BC-90F6C43502F9,Harris County Emergency Services District #3,2020,BrdMem,,Harold,,McDonald,Vice President,,,,,0,,,,,,,
10031,103225665,41C7A33E-C52F-4BC6-B8BC-90F6C43502F9,Harris County Emergency Services District #3,2020,BrdMem,,Robert,,Carvell,Treasurer,,,,,0,,,,,,,
10036,103225665,D0699400-655D-4A1A-B8D3-035102FAB390,Harris County Emergency Services District #3,2021,BrdMem,,Harold,,McDonald,Vice President,,,,,0,,,,,,,
10037,103225665,D0699400-655D-4A1A-B8D3-035102FAB390,Harris County Emergency Services District #3,2021,BrdMem,,Patricia,,Diehl,Commissioner,,,,,0,,,,,,,
10038,103225665,D0699400-655D-4A1A-B8D3-035102FAB390,Harris County Emergency Services District #3,2021,BrdMem,,Danny,,Twardowski,Secretary,,,,,0,,,,,,,
10039,103225665,D0699400-655D-4A1A-B8D3-035102FAB390,Harris County Emergency Services District #3,2021,BrdMem,,James,,Lusk,President,,,,,0,,,,,,,
10040,103225665,D0699400-655D-4A1A-B8D3-035102FAB390,Harris County Emergency Services District #3,2021,BrdMem,,Robert,,Carvell,Treasurer,,,,,0,,,,,,,
10045,103225665,BFADF6A3-6FF7-48DD-85EB-0A82DF899921,Harris County Emergency Services District #3,2022,BrdMem,,Danny,,Twardowski,Secretary,,,,,0,,,,,,,
10046,103225665,BFADF6A3-6FF7-48DD-85EB-0A82DF899921,Harris County Emergency Services District #3,2022,BrdMem,,Patricia,,Diehl,Commissioner,,,,,0,,,,,,,
10047,103225665,BFADF6A3-6FF7-48DD-85EB-0A82DF899921,Harris County Emergency Services District #3,2022,BrdMem,,Harold,,McDonald,Vice President,,,,,0,,,,,,,
10048,103225665,BFADF6A3-6FF7-48DD-85EB-0A82DF899921,Harris County Emergency Services District #3,2022,BrdMem,,Robert,,Carvell,Treasurer,,,,,0,,,,,,,
10053,103225665,C39BC94C-59A6-4BB5-B662-1B68413BFCCD,Harris County Emergency Services District #3,2023,BrdMem,,Patricia,,Diehl,Asst. Secretary,,,,,0,,,,,,,
10054,103225665,C39BC94C-59A6-4BB5-B662-1B68413BFCCD,Harris County Emergency Services District #3,2023,BrdMem,,Daniel,,Twardowski,Vice President,,,,,0,,,,,,,
10055,103225665,C39BC94C-59A6-4BB5-B662-1B68413BFCCD,Harris County Emergency Services District #3,2023,BrdMem,,Scott,,Webb,Secretary,,,,,0,,,,,,,
10056,103225665,C39BC94C-59A6-4BB5-B662-1B68413BFCCD,Harris County Emergency Services District #3,2023,BrdMem,,Harold,,McDonald,President,,,,,0,,,,,,,
10057,103225665,C39BC94C-59A6-4BB5-B662-1B68413BFCCD,Harris County Emergency Services District #3,2023,BrdMem,,Robert,,Carvell,Treasurer,,,,,0,,,,,,,
10062,103225665,500FE597-E813-4059-B7FA-F9B1B4B1FC2C,Harris County Emergency Services District #3,2024,BrdMem,,Daniel,,Twardowski,Vice President,,,,,0,,,,,,,
10063,103225665,500FE597-E813-4059-B7FA-F9B1B4B1FC2C,Harris County Emergency Services District #3,2024,BrdMem,,Scott,,Webb,Secretary,,,,,0,,,,,,,
10064,103225665,500FE597-E813-4059-B7FA-F9B1B4B1FC2C,Harris County Emergency Services District #3,2024,BrdMem,,Harold,,McDonald,President,,,,,0,,,,,,,
10065,103225665,500FE597-E813-4059-B7FA-F9B1B4B1FC2C,Harris County Emergency Services District #3,2024,BrdMem,,Patricia,,Diehl,Asst. Secretary,,,,,0,,,,,,,
10066,103225665,500FE597-E813-4059-B7FA-F9B1B4B1FC2C,Harris County Emergency Services District #3,2024,BrdMem,,Robert,,Carvell,Treasurer,,,,,0,,,,,,,
10071,103225665,737A2770-1947-45BE-B2FA-29FCF71B8ACF,Harris County Emergency Services District #3,2025,BrdMem,,Harold,,McDonald,President,,,,,0,,,,,,,
10072,103225665,737A2770-1947-45BE-B2FA-29FCF71B8ACF,Harris County Emergency Services District #3,2025,BrdMem,,Robert,,Carvell,Treasurer,,,,,0,,,,,,,
10073,103225665,737A2770-1947-45BE-B2FA-29FCF71B8ACF,Harris County Emergency Services District #3,2025,BrdMem,,Patricia,,Diehl,Secretary,,,,,0,,,,,,,
10074,103225665,737A2770-1947-45BE-B2FA-29FCF71B8ACF,Harris County Emergency Services District #3,2025,BrdMem,,Cody,,Herring,Assistant Secretary,,,,,0,,,,,,,
10075,103225665,737A2770-1947-45BE-B2FA-29FCF71B8ACF,Harris County Emergency Services District #3,2025,BrdMem,,Daniel,,Twardowski,Vice President,,,,,0,,,,,,,
10080,103225665,8E503657-9A9E-404C-8A75-584DB98643B0,Harris County Emergency Services District #3,2026,BrdMem,,Robert,,Carvell,Treasurer,,,,,0,,,,,,,
10081,103225665,8E503657-9A9E-404C-8A75-584DB98643B0,Harris County Emergency Services District #3,2026,BrdMem,,Daniel,,Twardowski,Vice President,,,,,0,,,,,,,
10082,103225665,8E503657-9A9E-404C-8A75-584DB98643B0,Harris County Emergency Services District #3,2026,BrdMem,,Harold,,McDonald,President,,,,,0,,,,,,,
10083,103225665,8E503657-9A9E-404C-8A75-584DB98643B0,Harris County Emergency Services District #3,2026,BrdMem,,Cody,,Herring,Assistant Secretary,,,,,0,,,,,,,
10084,103225665,8E503657-9A9E-404C-8A75-584DB98643B0,Harris County Emergency Services District #3,2026,BrdMem,,Patricia,,Diehl,Secretary,,,,,0,,,,,,,
10160,103225668,DEF2F138-D679-4944-B83F-554D62B89DB9,Harris County Emergency Services District #75,2018,BrdMem,,Brenda,,Marsh,Treasurer,,,,,0,,,,,,,
10161,103225668,DEF2F138-D679-4944-B83F-554D62B89DB9,Harris County Emergency Services District #75,2018,BrdMem,,Robert,,Wagnon,President,,,,,0,,,,,,,
10162,103225668,DEF2F138-D679-4944-B83F-554D62B89DB9,Harris County Emergency Services District #75,2018,BrdMem,,Vanessa,,Garcia,Commissioner,,,,,0,,,,,,,
10163,103225668,DEF2F138-D679-4944-B83F-554D62B89DB9,Harris County Emergency Services District #75,2018,BrdMem,,Jerry,,Kinsel,Secretary,,,,,0,,,,,,,
10164,103225668,DEF2F138-D679-4944-B83F-554D62B89DB9,Harris County Emergency Services District #75,2018,BrdMem,,Leslie,,McDonald,Vice President,,,,,0,,,,,,,
10169,103225668,9CEC59E8-A4E8-490D-94D5-9B60CB154069,Harris County Emergency Services District #75,2019,BrdMem,,Robert,,Wagnon,President,,,,,0,,,,,,,
10170,103225668,9CEC59E8-A4E8-490D-94D5-9B60CB154069,Harris County Emergency Services District #75,2019,BrdMem,,Gene,,Wueste,Assistant Secretary,,,,,0,,,,,,,
10171,103225668,9CEC59E8-A4E8-490D-94D5-9B60CB154069,Harris County Emergency Services District #75,2019,BrdMem,,Jerry,,Kinsel,Secretary,,,,,0,,,,,,,
10172,103225668,9CEC59E8-A4E8-490D-94D5-9B60CB154069,Harris County Emergency Services District #75,2019,BrdMem,,Brenda,,Marsh,Treasurer,,,,,0,,,,,,,
10173,103225668,9CEC59E8-A4E8-490D-94D5-9B60CB154069,Harris County Emergency Services District #75,2019,BrdMem,,Leslie,,McDonald,Vice President,,,,,0,,,,,,,
10178,103225668,DE733C5F-DA67-43F6-8BFD-4447292BC8BF,Harris County Emergency Services District #75,2020,BrdMem,,Leslie,,McDonald,Vice President,,,,,0,,,,,,,
10179,103225668,DE733C5F-DA67-43F6-8BFD-4447292BC8BF,Harris County Emergency Services District #75,2020,BrdMem,,Brenda,,Marsh,Assistant Secretary,,,,,0,,,,,,,
10180,103225668,DE733C5F-DA67-43F6-8BFD-4447292BC8BF,Harris County Emergency Services District #75,2020,BrdMem,,Gene,,Wueste,Secretary,,,,,0,,,,,,,
10181,103225668,DE733C5F-DA67-43F6-8BFD-4447292BC8BF,Harris County Emergency Services District #75,2020,BrdMem,,Jerry,,Kinsel,Treasurer,,,,,0,,,,,,,
10182,103225668,DE733C5F-DA67-43F6-8BFD-4447292BC8BF,Harris County Emergency Services District #75,2020,BrdMem,,Robert,,Wagnon,President,,,,,0,,,,,,,
10187,103225668,DECB0FCA-F32C-419D-AADA-13F2B5B0FA10,Harris County Emergency Services District #75,2021,BrdMem,,Leslie,,McDonald,Vice President,,,,,0,,,,,,,
10188,103225668,DECB0FCA-F32C-419D-AADA-13F2B5B0FA10,Harris County Emergency Services District #75,2021,BrdMem,,Gene,,Wueste,Secretary,,,,,0,,,,,,,
10189,103225668,DECB0FCA-F32C-419D-AADA-13F2B5B0FA10,Harris County Emergency Services District #75,2021,BrdMem,,Brenda,,Marsh,Assistant Secretary,,,,,0,,,,,,,
10190,103225668,DECB0FCA-F32C-419D-AADA-13F2B5B0FA10,Harris County Emergency Services District #75,2021,BrdMem,,Jerry,,Kinsel,Treasurer,,,,,0,,,,,,,
10191,103225668,DECB0FCA-F32C-419D-AADA-13F2B5B0FA10,Harris County Emergency Services District #75,2021,BrdMem,,Robert,,Wagnon,President,,,,,0,,,,,,,
10196,103225668,3596C55E-E561-4D4E-838B-D4B6C2EC7F4A,Harris County Emergency Services District #75,2022,BrdMem,,Leslie,,McDonald,Vice President,,,,,0,,,,,,,
10197,103225668,3596C55E-E561-4D4E-838B-D4B6C2EC7F4A,Harris County Emergency Services District #75,2022,BrdMem,,Brenda,,Marsh,Assistant Secretary,,,,,0,,,,,,,
10198,103225668,3596C55E-E561-4D4E-838B-D4B6C2EC7F4A,Harris County Emergency Services District #75,2022,BrdMem,,Gene,,Wueste,Secretary,,,,,0,,,,,,,
10199,103225668,3596C55E-E561-4D4E-838B-D4B6C2EC7F4A,Harris County Emergency Services District #75,2022,BrdMem,,Robert,,Wagnon,President,,,,,0,,,,,,,
10200,103225668,3596C55E-E561-4D4E-838B-D4B6C2EC7F4A,Harris County Emergency Services District #75,2022,BrdMem,,Chris,,Hadnot,Treasurer,,,,,0,,,,,,,
10205,103225668,2FD30563-A01A-439E-82D7-92290110DEE9,Harris County Emergency Services District #75,2023,BrdMem,,Robert,,Wagnon,President,,,,,0,,,,,,,
10206,103225668,2FD30563-A01A-439E-82D7-92290110DEE9,Harris County Emergency Services District #75,2023,BrdMem,,Yvette,,Bazan,Commissioner,,,,,0,,,,,,,
10207,103225668,2FD30563-A01A-439E-82D7-92290110DEE9,Harris County Emergency Services District #75,2023,BrdMem,,Leslie,,McDonald,Vice President,,,,,0,,,,,,,
10208,103225668,2FD30563-A01A-439E-82D7-92290110DEE9,Harris County Emergency Services District #75,2023,BrdMem,,Brenda,,Marsh,Assistant Secretary,,,,,0,,,,,,,
10209,103225668,2FD30563-A01A-439E-82D7-92290110DEE9,Harris County Emergency Services District #75,2023,BrdMem,,Gene,,Wueste,Secretary,,,,,0,,,,,,,
10214,103225668,C036F51C-7CCB-4B61-BB02-EDEC3E06337B,Harris County Emergency Services District #75,2024,BrdMem,,Robert,,Wagnon,President,,,,,0,,,,,,,
10215,103225668,C036F51C-7CCB-4B61-BB02-EDEC3E06337B,Harris County Emergency Services District #75,2024,BrdMem,,Yvette,,Bazan,Commissioner,,,,,0,,,,,,,
10216,103225668,C036F51C-7CCB-4B61-BB02-EDEC3E06337B,Harris County Emergency Services District #75,2024,BrdMem,,Ernest,,Nuckols,Commissioner,,,,,0,,,,,,,
10217,103225668,C036F51C-7CCB-4B61-BB02-EDEC3E06337B,Harris County Emergency Services District #75,2024,BrdMem,,Leslie,,McDonald,Vice President,,,,,0,,,,,,,
10218,103225668,C036F51C-7CCB-4B61-BB02-EDEC3E06337B,Harris County Emergency Services District #75,2024,BrdMem,,Brenda,,Marsh,Treasurer-Secretary,,,,,0,,,,,,,
10223,103225668,A85B4521-686B-464F-8B38-7AAD262982BA,Harris County Emergency Services District #75,2025,BrdMem,,Yvette,,Bazan,Secretary,,,,,0,,,,,,,
10224,103225668,A85B4521-686B-464F-8B38-7AAD262982BA,Harris County Emergency Services District #75,2025,BrdMem,,Leslie,,McDonald,Vice President,,,,,0,,,,,,,
10225,103225668,A85B4521-686B-464F-8B38-7AAD262982BA,Harris County Emergency Services District #75,2025,BrdMem,,Ernest,,Nuckols,Assistant Secretary,,,,,0,,,,,,,
10226,103225668,A85B4521-686B-464F-8B38-7AAD262982BA,Harris County Emergency Services District #75,2025,BrdMem,,Brenda,,Marsh,Treasurer,,,,,0,,,,,,,
10227,103225668,A85B4521-686B-464F-8B38-7AAD262982BA,Harris County Emergency Services District #75,2025,BrdMem,,Robert,,Wagnon,President,,,,,0,,,,,,,
10232,103225668,8837DC99-446B-496F-9F65-8E38ED77A4EF,Harris County Emergency Services District #75,2026,BrdMem,,Robert,,Wagnon,President,,,,,0,,,,,,,
10233,103225668,8837DC99-446B-496F-9F65-8E38ED77A4EF,Harris County Emergency Services District #75,2026,BrdMem,,Brenda,,Marsh,Treasurer,,,,,0,,,,,,,
10234,103225668,8837DC99-446B-496F-9F65-8E38ED77A4EF,Harris County Emergency Services District #75,2026,BrdMem,,Ernest,,Nuckols,Assistant Secretary,,,,,0,,,,,,,
10235,103225668,8837DC99-446B-496F-9F65-8E38ED77A4EF,Harris County Emergency Services District #75,2026,BrdMem,,Leslie,,McDonald,Vice President,,,,,0,,,,,,,
10236,103225668,8837DC99-446B-496F-9F65-8E38ED77A4EF,Harris County Emergency Services District #75,2026,BrdMem,,Yvette,,Bazan,Secretary,,,,,0,,,,,,,
10241,103225669,CBC94165-51A2-42BB-B766-3E9D80E4290F,Harris County Emergency Service District #4,2018,BrdMem,,Ray,,Jones,President,,,,,0,,,,,,,
10242,103225669,CBC94165-51A2-42BB-B766-3E9D80E4290F,Harris County Emergency Service District #4,2018,BrdMem,,Ken,,Gregory,Vice President,,,,,0,,,,,,,
10243,103225669,CBC94165-51A2-42BB-B766-3E9D80E4290F,Harris County Emergency Service District #4,2018,BrdMem,,Christy,,Graves,Assistant Treasurer,,,,,0,,,,,,,
10244,103225669,CBC94165-51A2-42BB-B766-3E9D80E4290F,Harris County Emergency Service District #4,2018,BrdMem,,Shareen,,Redus,Treasurer,,,,,0,,,,,,,
10245,103225669,CBC94165-51A2-42BB-B766-3E9D80E4290F,Harris County Emergency Service District #4,2018,BrdMem,,Leslie,,Deen,Secretary,,,,,0,,,,,,,
10249,103225669,4F516DDA-EA78-4A9C-B695-788BD45AF07A,Harris County Emergency Service District #4,2019,BrdMem,,Ken,,Gregory,Vice President,,,,,0,,,,,,,
10250,103225669,4F516DDA-EA78-4A9C-B695-788BD45AF07A,Harris County Emergency Service District #4,2019,BrdMem,,Christy,,Graves,Assistant Treasurer,,,,,0,,,,,,,
10251,103225669,4F516DDA-EA78-4A9C-B695-788BD45AF07A,Harris County Emergency Service District #4,2019,BrdMem,,Ray,,Jones,President,,,,,0,,,,,,,
10252,103225669,4F516DDA-EA78-4A9C-B695-788BD45AF07A,Harris County Emergency Service District #4,2019,BrdMem,,Leslie,,Deen,Secretary,,,,,0,,,,,,,
10253,103225669,4F516DDA-EA78-4A9C-B695-788BD45AF07A,Harris County Emergency Service District #4,2019,BrdMem,,Shareen,,Redus,Treasurer,,,,,0,,,,,,,
10257,103225669,5CD0A0C6-1B73-46EE-B5ED-0DFAE039B738,Harris County Emergency Service District #4,2020,BrdMem,,Shareen,,Redus,Treasurer,,,,,0,,,,,,,
10258,103225669,5CD0A0C6-1B73-46EE-B5ED-0DFAE039B738,Harris County Emergency Service District #4,2020,BrdMem,,Christy,,Graves,Assistant Treasurer,,,,,0,,,,,,,
10259,103225669,5CD0A0C6-1B73-46EE-B5ED-0DFAE039B738,Harris County Emergency Service District #4,2020,BrdMem,,Leslie,,Deen,Secretary,,,,,0,,,,,,,
10260,103225669,5CD0A0C6-1B73-46EE-B5ED-0DFAE039B738,Harris County Emergency Service District #4,2020,BrdMem,,Ray,,Jones,President,,,,,0,,,,,,,
10261,103225669,5CD0A0C6-1B73-46EE-B5ED-0DFAE039B738,Harris County Emergency Service District #4,2020,BrdMem,,Ken,,Gregory,Vice President,,,,,0,,,,,,,
10265,103225669,C2CD8B7F-1656-4731-BD67-AD08FCA9C1F6,Harris County Emergency Service District #4,2021,BrdMem,,Ken,,Gregory,Vice President,,,,,0,,,,,,,
10266,103225669,C2CD8B7F-1656-4731-BD67-AD08FCA9C1F6,Harris County Emergency Service District #4,2021,BrdMem,,Shareen,,Redus,Treasurer,,,,,0,,,,,,,
10267,103225669,C2CD8B7F-1656-4731-BD67-AD08FCA9C1F6,Harris County Emergency Service District #4,2021,BrdMem,,Ray,,Jones,President,,,,,0,,,,,,,
10268,103225669,C2CD8B7F-1656-4731-BD67-AD08FCA9C1F6,Harris County Emergency Service District #4,2021,BrdMem,,Christy,,Graves,Assistant Treasurer,,,,,0,,,,,,,
10269,103225669,C2CD8B7F-1656-4731-BD67-AD08FCA9C1F6,Harris County Emergency Service District #4,2021,BrdMem,,Leslie,,Deen,Secretary,,,,,0,,,,,,,
10273,103225669,E0A81E24-C8AE-435B-B09D-E9CC96BC2062,Harris County Emergency Service District #4,2022,BrdMem,,Ken,,Gregory,Vice President,,,,,0,,,,,,,
10274,103225669,E0A81E24-C8AE-435B-B09D-E9CC96BC2062,Harris County Emergency Service District #4,2022,BrdMem,,Shareen,,Redus,Treasurer,,,,,0,,,,,,,
10275,103225669,E0A81E24-C8AE-435B-B09D-E9CC96BC2062,Harris County Emergency Service District #4,2022,BrdMem,,Leslie,,Deen,Secretary,,,,,0,,,,,,,
10276,103225669,E0A81E24-C8AE-435B-B09D-E9CC96BC2062,Harris County Emergency Service District #4,2022,BrdMem,,Ray,,Jones,President,,,,,0,,,,,,,
10277,103225669,E0A81E24-C8AE-435B-B09D-E9CC96BC2062,Harris County Emergency Service District #4,2022,BrdMem,,Christy,,Graves,Assistant Treasurer,,,,,0,,,,,,,
10282,103225669,5473EFDA-B30B-4AC8-888B-01BA8F2AE9AF,Harris County Emergency Service District #4,2023,BrdMem,,Ray,,Jones,President,,,,,0,,,,,,,
10283,103225669,5473EFDA-B30B-4AC8-888B-01BA8F2AE9AF,Harris County Emergency Service District #4,2023,BrdMem,,Ken,,Gregory,Vice President,,,,,0,,,,,,,
10284,103225669,5473EFDA-B30B-4AC8-888B-01BA8F2AE9AF,Harris County Emergency Service District #4,2023,BrdMem,,Shareen,,Redus,Treasurer,,,,,0,,,,,,,
10285,103225669,5473EFDA-B30B-4AC8-888B-01BA8F2AE9AF,Harris County Emergency Service District #4,2023,BrdMem,,Wyatt,,Watkins,Commissioner,,,,,0,,,,,,,
10286,103225669,5473EFDA-B30B-4AC8-888B-01BA8F2AE9AF,Harris County Emergency Service District #4,2023,BrdMem,,Christy,,Graves,Secretary,,,,,0,,,,,,,
10291,103225669,0CCB82BC-96ED-45BF-B2A1-5F0F57724B58,Harris County Emergency Service District #4,2024,BrdMem,,Robin,,May,Vice President,,,,,0,,,,,,,
10292,103225669,0CCB82BC-96ED-45BF-B2A1-5F0F57724B58,Harris County Emergency Service District #4,2024,BrdMem,,Christy,,Graves,Secretary,,,,,0,,,,,,,
10293,103225669,0CCB82BC-96ED-45BF-B2A1-5F0F57724B58,Harris County Emergency Service District #4,2024,BrdMem,,Shareen,,Redus,Treasurer,,,,,0,,,,,,,
10294,103225669,0CCB82BC-96ED-45BF-B2A1-5F0F57724B58,Harris County Emergency Service District #4,2024,BrdMem,,Wyatt,,Watkins,Asst. Sec-Treas,,,,,0,,,,,,,
10295,103225669,0CCB82BC-96ED-45BF-B2A1-5F0F57724B58,Harris County Emergency Service District #4,2024,BrdMem,,Ray,,Jones,President,,,,,0,,,,,,,
10300,103225669,071C9D43-C498-4200-A7FE-899E4FB81147,Harris County Emergency Service District #4,2025,BrdMem,,Christy,,Graves,Secretary,,,,,0,,,,,,,
10301,103225669,071C9D43-C498-4200-A7FE-899E4FB81147,Harris County Emergency Service District #4,2025,BrdMem,,Ray,,Jones,President,,,,,0,,,,,,,
10302,103225669,071C9D43-C498-4200-A7FE-899E4FB81147,Harris County Emergency Service District #4,2025,BrdMem,,Shareen,,Redus,Treasurer,,,,,0,,,,,,,
10303,103225669,071C9D43-C498-4200-A7FE-899E4FB81147,Harris County Emergency Service District #4,2025,BrdMem,,Robin,,May,Vice President,,,,,0,,,,,,,
10304,103225669,071C9D43-C498-4200-A7FE-899E4FB81147,Harris County Emergency Service District #4,2025,BrdMem,,Wyatt,,Watkins,Asst. Sec-Treas,,,,,0,,,,,,,
10309,103225669,C346BE33-A91B-4B37-B3DF-048DF4EDBCE3,Harris County Emergency Service District #4,2026,BrdMem,,Ray,,Jones,President,,,,,0,,,,,,,
10310,103225669,C346BE33-A91B-4B37-B3DF-048DF4EDBCE3,Harris County Emergency Service District #4,2026,BrdMem,,Christy,,Graves,Secretary,,,,,0,,,,,,,
10311,103225669,C346BE33-A91B-4B37-B3DF-048DF4EDBCE3,Harris County Emergency Service District #4,2026,BrdMem,,Wyatt,,Watkins,Asst. Sec-Treas,,,,,0,,,,,,,
10312,103225669,C346BE33-A91B-4B37-B3DF-048DF4EDBCE3,Harris County Emergency Service District #4,2026,BrdMem,,Robin,,May,Vice President,,,,,0,,,,,,,
10313,103225669,C346BE33-A91B-4B37-B3DF-048DF4EDBCE3,Harris County Emergency Service District #4,2026,BrdMem,,Shareen,,Redus,Treasurer,,,,,0,,,,,,,
10318,103225670,5CFA7B7F-36D9-453D-B733-5E07D4F43F6D,Harris County Emergency Services District #5,2018,BrdMem,,Margaret,,Yellott,Assistant Treasurer,,,,,0,,,,,,,
10319,103225670,5CFA7B7F-36D9-453D-B733-5E07D4F43F6D,Harris County Emergency Services District #5,2018,BrdMem,,John,,Strawbridge,President,,,,,0,,,,,,,
10320,103225670,5CFA7B7F-36D9-453D-B733-5E07D4F43F6D,Harris County Emergency Services District #5,2018,BrdMem,,Luther,,Brady,Vice President,,,,,0,,,,,,,
10321,103225670,5CFA7B7F-36D9-453D-B733-5E07D4F43F6D,Harris County Emergency Services District #5,2018,BrdMem,,Larry Lee,,Hall,Secretary,,,,,0,,,,,,,
10322,103225670,5CFA7B7F-36D9-453D-B733-5E07D4F43F6D,Harris County Emergency Services District #5,2018,BrdMem,,Sharon,,Cotton,Treasurer,,,,,0,,,,,,,
10327,103225670,8005ED9A-24CE-4BF6-BDA1-BC6F712D3EFC,Harris County Emergency Services District #5,2019,BrdMem,,Larry Lee,,Hall,Secretary,,,,,0,,,,,,,
10328,103225670,8005ED9A-24CE-4BF6-BDA1-BC6F712D3EFC,Harris County Emergency Services District #5,2019,BrdMem,,Sharon,,Cotton,Treasurer,,,,,0,,,,,,,
10329,103225670,8005ED9A-24CE-4BF6-BDA1-BC6F712D3EFC,Harris County Emergency Services District #5,2019,BrdMem,,Luther,,Brady,Vice President,,,,,0,,,,,,,
10330,103225670,8005ED9A-24CE-4BF6-BDA1-BC6F712D3EFC,Harris County Emergency Services District #5,2019,BrdMem,,John,,Strawbridge,President,,,,,0,,,,,,,
10331,103225670,8005ED9A-24CE-4BF6-BDA1-BC6F712D3EFC,Harris County Emergency Services District #5,2019,BrdMem,,Margaret,,Yellott,Assistant Treasurer,,,,,0,,,,,,,
10336,103225670,B03E20DE-AACE-46DF-8BCD-52E00F1A6606,Harris County Emergency Services District #5,2020,BrdMem,,Larry Lee,,Hall,Secretary,,,,,0,,,,,,,
10337,103225670,B03E20DE-AACE-46DF-8BCD-52E00F1A6606,Harris County Emergency Services District #5,2020,BrdMem,,Luther,,Brady,Vice President,,,,,0,,,,,,,
10338,103225670,B03E20DE-AACE-46DF-8BCD-52E00F1A6606,Harris County Emergency Services District #5,2020,BrdMem,,Sharon,,Cotton,Treasurer,,,,,0,,,,,,,
10339,103225670,B03E20DE-AACE-46DF-8BCD-52E00F1A6606,Harris County Emergency Services District #5,2020,BrdMem,,John,,Strawbridge,President,,,,,0,,,,,,,
10344,103225670,8F9BFF79-FADE-4F95-97C0-52F26729D419,Harris County Emergency Services District #5,2021,BrdMem,,Luther,,Brady,Vice President,,,,,0,,,,,,,
10345,103225670,8F9BFF79-FADE-4F95-97C0-52F26729D419,Harris County Emergency Services District #5,2021,BrdMem,,Larry Lee,,Hall,Secretary,,,,,0,,,,,,,
10346,103225670,8F9BFF79-FADE-4F95-97C0-52F26729D419,Harris County Emergency Services District #5,2021,BrdMem,,John,,Strawbridge,President,,,,,0,,,,,,,
10347,103225670,8F9BFF79-FADE-4F95-97C0-52F26729D419,Harris County Emergency Services District #5,2021,BrdMem,,Jimmy,,Beard,Commissioner,,,,,0,,,,,,,
10348,103225670,8F9BFF79-FADE-4F95-97C0-52F26729D419,Harris County Emergency Services District #5,2021,BrdMem,,Sharon,,Cotton,Treasurer,,,,,0,,,,,,,
10353,103225670,3B99C8E7-8C73-412A-9296-842A57B713AD,Harris County Emergency Services District #5,2022,BrdMem,,Luther,,Brady,Vice President,,,,,0,,,,,,,
10354,103225670,3B99C8E7-8C73-412A-9296-842A57B713AD,Harris County Emergency Services District #5,2022,BrdMem,,John,,Strawbridge,President,,,,,0,,,,,,,
10355,103225670,3B99C8E7-8C73-412A-9296-842A57B713AD,Harris County Emergency Services District #5,2022,BrdMem,,Larry Lee,,Hall,Secretary,,,,,0,,,,,,,
10356,103225670,3B99C8E7-8C73-412A-9296-842A57B713AD,Harris County Emergency Services District #5,2022,BrdMem,,Sharon,,Cotton,Treasurer,,,,,0,,,,,,,
10361,103225670,8BC255B6-0BFA-43F4-8D27-7EFCDDB42D12,Harris County Emergency Services District #5,2023,BrdMem,,Sharon,,Cotton,President,,,,,0,,,,,,,
10362,103225670,8BC255B6-0BFA-43F4-8D27-7EFCDDB42D12,Harris County Emergency Services District #5,2023,BrdMem,,James,,Blaha,Treasurer,,,,,0,,,,,,,
10363,103225670,8BC255B6-0BFA-43F4-8D27-7EFCDDB42D12,Harris County Emergency Services District #5,2023,BrdMem,,Luther,,Brady,Vice President,,,,,0,,,,,,,
10364,103225670,8BC255B6-0BFA-43F4-8D27-7EFCDDB42D12,Harris County Emergency Services District #5,2023,BrdMem,,Larry Lee,,Hall,Secretary,,,,,0,,,,,,,
10365,103225670,8BC255B6-0BFA-43F4-8D27-7EFCDDB42D12,Harris County Emergency Services District #5,2023,BrdMem,,Brent,,Burley,Asst. Treasurer,,,,,0,,,,,,,
10370,103225670,E29342A4-06AA-4657-8CD1-12E0F84AE668,Harris County Emergency Services District #5,2024,BrdMem,,Luther,,Brady,Vice President,,,,,0,,,,,,,
10371,103225670,E29342A4-06AA-4657-8CD1-12E0F84AE668,Harris County Emergency Services District #5,2024,BrdMem,,Sharon,,Cotton,President,,,,,0,,,,,,,
10372,103225670,E29342A4-06AA-4657-8CD1-12E0F84AE668,Harris County Emergency Services District #5,2024,BrdMem,,Brent,,Burley,Asst. Treasurer,,,,,0,,,,,,,
10373,103225670,E29342A4-06AA-4657-8CD1-12E0F84AE668,Harris County Emergency Services District #5,2024,BrdMem,,James,,Blaha,Treasurer,,,,,0,,,,,,,
10374,103225670,E29342A4-06AA-4657-8CD1-12E0F84AE668,Harris County Emergency Services District #5,2024,BrdMem,,Larry Lee,,Hall,Secretary,,,,,0,,,,,,,
10379,103225670,8F3F6A58-5306-47FE-BB74-C09B33B180A6,Harris County Emergency Services District #5,2025,BrdMem,,Luther,,Brady,Vice President,,,,,0,,,,,,,
10380,103225670,8F3F6A58-5306-47FE-BB74-C09B33B180A6,Harris County Emergency Services District #5,2025,BrdMem,,James,,Blaha,Treasurer,,,,,0,,,,,,,
10381,103225670,8F3F6A58-5306-47FE-BB74-C09B33B180A6,Harris County Emergency Services District #5,2025,BrdMem,,Sharon,,Cotton,President,,,,,0,,,,,,,
10382,103225670,8F3F6A58-5306-47FE-BB74-C09B33B180A6,Harris County Emergency Services District #5,2025,BrdMem,,Brent,,Burley,Asst. Treasurer,,,,,0,,,,,,,
10383,103225670,8F3F6A58-5306-47FE-BB74-C09B33B180A6,Harris County Emergency Services District #5,2025,BrdMem,,Larry Lee,,Hall,Secretary,,,,,0,,,,,,,
10388,103225670,88C98D84-3BDA-4545-95BD-5AD3AC7F6D48,Harris County Emergency Services District #5,2026,BrdMem,,James,,Blaha,Treasurer,,,,,0,,,,,,,
10389,103225670,88C98D84-3BDA-4545-95BD-5AD3AC7F6D48,Harris County Emergency Services District #5,2026,BrdMem,,Luther,,Brady,Vice President,,,,,0,,,,,,,
10390,103225670,88C98D84-3BDA-4545-95BD-5AD3AC7F6D48,Harris County Emergency Services District #5,2026,BrdMem,,Sharon,,Cotton,President,,,,,0,,,,,,,
10391,103225670,88C98D84-3BDA-4545-95BD-5AD3AC7F6D48,Harris County Emergency Services District #5,2026,BrdMem,,Brent,,Burley,Asst. Treasurer,,,,,0,,,,,,,
10392,103225670,88C98D84-3BDA-4545-95BD-5AD3AC7F6D48,Harris County Emergency Services District #5,2026,BrdMem,,Larry Lee,,Hall,Secretary,,,,,0,,,,,,,
10897,103225679,A49490C3-551F-499E-846C-1BCC87F9D8FA,North Wheeler County Hospital District,2018,BrdMem,,Tom,,Puryear,Board Chair,,,,,0,,,,,,,
10898,103225679,A49490C3-551F-499E-846C-1BCC87F9D8FA,North Wheeler County Hospital District,2018,BrdMem,,Roy,,Laughlin,Board Member,,,,,0,,,,,,,
10899,103225679,A49490C3-551F-499E-846C-1BCC87F9D8FA,North Wheeler County Hospital District,2018,BrdMem,,Pam,,Hibler,Board Vice Chair,,,,,0,,,,,,,
10900,103225679,A49490C3-551F-499E-846C-1BCC87F9D8FA,North Wheeler County Hospital District,2018,BrdMem,,Janie,,VanZandt,Board Secretary,,,,,0,,,,,,,
10901,103225679,A49490C3-551F-499E-846C-1BCC87F9D8FA,North Wheeler County Hospital District,2018,BrdMem,,Roger,,Brown,Board Member,,,,,0,,,,,,,
10905,103225679,218AC9D2-9E1A-4AE6-8918-8B28B51C2055,North Wheeler County Hospital District,2019,BrdMem,,Tom,,Puryear,Board Chair,,,,,0,,,,,,,
10906,103225679,218AC9D2-9E1A-4AE6-8918-8B28B51C2055,North Wheeler County Hospital District,2019,BrdMem,,Janie,,VanZandt,Board Secretary,,,,,0,,,,,,,
10907,103225679,218AC9D2-9E1A-4AE6-8918-8B28B51C2055,North Wheeler County Hospital District,2019,BrdMem,,Pam,,Hibler,Board Vice Chair,,,,,0,,,,,,,
10908,103225679,218AC9D2-9E1A-4AE6-8918-8B28B51C2055,North Wheeler County Hospital District,2019,BrdMem,,Roy,,Laughlin,Board Member,,,,,0,,,,,,,
10909,103225679,218AC9D2-9E1A-4AE6-8918-8B28B51C2055,North Wheeler County Hospital District,2019,BrdMem,,Roger,,Brown,Board Member,,,,,0,,,,,,,
10913,103225679,8CD34279-9785-4A7F-B3B7-88A1A89D125A,North Wheeler County Hospital District,2020,BrdMem,,Janie,,VanZandt,Board Secretary,,,,,0,,,,,,,
10914,103225679,8CD34279-9785-4A7F-B3B7-88A1A89D125A,North Wheeler County Hospital District,2020,BrdMem,,Tom,,Puryear,Board Chair,,,,,0,,,,,,,
10915,103225679,8CD34279-9785-4A7F-B3B7-88A1A89D125A,North Wheeler County Hospital District,2020,BrdMem,,Roger,,Brown,Board Vice Chair,,,,,0,,,,,,,
10916,103225679,8CD34279-9785-4A7F-B3B7-88A1A89D125A,North Wheeler County Hospital District,2020,BrdMem,,Lisa,,Mahler,Board Member,,,,,0,,,,,,,
10917,103225679,8CD34279-9785-4A7F-B3B7-88A1A89D125A,North Wheeler County Hospital District,2020,BrdMem,,Roy,,Laughlin,Board Member,,,,,0,,,,,,,
10921,103225679,D8EA6DAB-FA6C-4E0B-A82E-56D7FD032125,North Wheeler County Hospital District,2021,BrdMem,,Janie,,VanZandt,Vice Chair,,,,,0,,,,,,,
10922,103225679,D8EA6DAB-FA6C-4E0B-A82E-56D7FD032125,North Wheeler County Hospital District,2021,BrdMem,,Roy,,Laughlin,Board Chair,,,,,0,,,,,,,
10923,103225679,D8EA6DAB-FA6C-4E0B-A82E-56D7FD032125,North Wheeler County Hospital District,2021,BrdMem,,Roger,,Brown,Board Member,,,,,0,,,,,,,
10924,103225679,D8EA6DAB-FA6C-4E0B-A82E-56D7FD032125,North Wheeler County Hospital District,2021,BrdMem,,Marla,,Ford,Board Secretary,,,,,0,,,,,,,
10925,103225679,D8EA6DAB-FA6C-4E0B-A82E-56D7FD032125,North Wheeler County Hospital District,2021,BrdMem,,Lisa,,Mahler,Board Member,,,,,0,,,,,,,
10929,103225679,23B9D9C9-24FF-4669-8939-875D99C2C21D,North Wheeler County Hospital District,2022,BrdMem,,Roy,,Laughlin,Board Chair,,,,,0,,,,,,,
10930,103225679,23B9D9C9-24FF-4669-8939-875D99C2C21D,North Wheeler County Hospital District,2022,BrdMem,,Roger,,Brown,Board Member,,,,,0,,,,,,,
10931,103225679,23B9D9C9-24FF-4669-8939-875D99C2C21D,North Wheeler County Hospital District,2022,BrdMem,,Marla,,Ford,Board Secretary,,,,,0,,,,,,,
10932,103225679,23B9D9C9-24FF-4669-8939-875D99C2C21D,North Wheeler County Hospital District,2022,BrdMem,,Pam,,Hibler,Board Member,,,,,0,,,,,,,
10933,103225679,23B9D9C9-24FF-4669-8939-875D99C2C21D,North Wheeler County Hospital District,2022,BrdMem,,Janie,,VanZandt,Vice Chair,,,,,0,,,,,,,
10937,103225679,ACB7EBEA-AFCB-4DAA-BB71-D8040F02F5A9,North Wheeler County Hospital District,2023,BrdMem,,Roy,,Laughlin,Board Member,,,,,0,,,,,,,
10938,103225679,ACB7EBEA-AFCB-4DAA-BB71-D8040F02F5A9,North Wheeler County Hospital District,2023,BrdMem,,Zane,,Zybach,Board Member,,,,,0,,,,,,,
10939,103225679,ACB7EBEA-AFCB-4DAA-BB71-D8040F02F5A9,North Wheeler County Hospital District,2023,BrdMem,,Janie,,VanZandt,Vice Chair,,,,,0,,,,,,,
10940,103225679,ACB7EBEA-AFCB-4DAA-BB71-D8040F02F5A9,North Wheeler County Hospital District,2023,BrdMem,,Marla,,Ford,Board Member,,,,,0,,,,,,,
10941,103225679,ACB7EBEA-AFCB-4DAA-BB71-D8040F02F5A9,North Wheeler County Hospital District,2023,BrdMem,,Pam,,Hibler,Board Chair,,,,,0,,,,,,,
10945,103225679,6B326ABA-4881-49F9-B4F7-221562E0EEA2,North Wheeler County Hospital District,2024,BrdMem,,Zane,,Zybach,Board Member,,,,,0,,,,,,,
10946,103225679,6B326ABA-4881-49F9-B4F7-221562E0EEA2,North Wheeler County Hospital District,2024,BrdMem,,Janie,,VanZandt,Vice Chair,,,,,0,,,,,,,
10947,103225679,6B326ABA-4881-49F9-B4F7-221562E0EEA2,North Wheeler County Hospital District,2024,BrdMem,,Pam,,Hibler,Board Chair,,,,,0,,,,,,,
10948,103225679,6B326ABA-4881-49F9-B4F7-221562E0EEA2,North Wheeler County Hospital District,2024,BrdMem,,Ken,,Daughtry,Board Member,,,,,0,,,,,,,
10949,103225679,6B326ABA-4881-49F9-B4F7-221562E0EEA2,North Wheeler County Hospital District,2024,BrdMem,,Marla,,Ford,Board Member,,,,,0,,,,,,,
10953,103225679,11D3AB7E-BC11-4F23-9AB0-67D2A9ED95FD,North Wheeler County Hospital District,2025,BrdMem,,Ken,,Daughtry,Board Member,,,,,0,,,,,,,
10954,103225679,11D3AB7E-BC11-4F23-9AB0-67D2A9ED95FD,North Wheeler County Hospital District,2025,BrdMem,,Marla,,Ford,Board Member,,,,,0,,,,,,,
10955,103225679,11D3AB7E-BC11-4F23-9AB0-67D2A9ED95FD,North Wheeler County Hospital District,2025,BrdMem,,Shelly,,Teichmann,Board Member,,,,,0,,,,,,,
10956,103225679,11D3AB7E-BC11-4F23-9AB0-67D2A9ED95FD,North Wheeler County Hospital District,2025,BrdMem,,Janie,,VanZandt,Vice Chair,,,,,0,,,,,,,
10957,103225679,11D3AB7E-BC11-4F23-9AB0-67D2A9ED95FD,North Wheeler County Hospital District,2025,BrdMem,,Pam,,Hibler,Board Chair,,,,,0,,,,,,,
10961,103225679,9DDAE808-9A6E-4BF4-AB58-837B2FE95C3B,North Wheeler County Hospital District,2026,BrdMem,,Janie,,VanZandt,Vice Chair,,,,,0,,,,,,,
10962,103225679,9DDAE808-9A6E-4BF4-AB58-837B2FE95C3B,North Wheeler County Hospital District,2026,BrdMem,,Deresa,,Rhine,Board Member,,,,,0,,,,,,,
10963,103225679,9DDAE808-9A6E-4BF4-AB58-837B2FE95C3B,North Wheeler County Hospital District,2026,BrdMem,,Shelly,,Teichmann,Board Member,,,,,0,,,,,,,
10964,103225679,9DDAE808-9A6E-4BF4-AB58-837B2FE95C3B,North Wheeler County Hospital District,2026,BrdMem,,Brenda,,Sparlin,Board Member,,,,,0,,,,,,,
10965,103225679,9DDAE808-9A6E-4BF4-AB58-837B2FE95C3B,North Wheeler County Hospital District,2026,BrdMem,,Ken,,Daughtry,Board Member,,,,,0,,,,,,,
11216,103225684,83EBBF95-523A-4090-BAF7-D6CB2844016F,Trinity Memorial Hospital District,2018,BrdMem,,Marjory,,Pulvino,Secretary,,,,,0,,,,,,,
11217,103225684,83EBBF95-523A-4090-BAF7-D6CB2844016F,Trinity Memorial Hospital District,2018,BrdMem,,Michelle,,Medlock,Board Member,,,,,0,,,,,,,
11218,103225684,83EBBF95-523A-4090-BAF7-D6CB2844016F,Trinity Memorial Hospital District,2018,BrdMem,,Keith,,Johnson,Board Member,,,,,0,,,,,,,
11219,103225684,83EBBF95-523A-4090-BAF7-D6CB2844016F,Trinity Memorial Hospital District,2018,BrdMem,,Carlyn,,Bluis,Vice President,,,,,0,,,,,,,
11220,103225684,83EBBF95-523A-4090-BAF7-D6CB2844016F,Trinity Memorial Hospital District,2018,BrdMem,,Jerry,,Russ,Board Member,,,,,0,,,,,,,
11221,103225684,83EBBF95-523A-4090-BAF7-D6CB2844016F,Trinity Memorial Hospital District,2018,BrdMem,,Randy,,Karnes,President,,,,,0,,,,,,,
11222,103225684,83EBBF95-523A-4090-BAF7-D6CB2844016F,Trinity Memorial Hospital District,2018,BrdMem,,Laura,,Vanecek,Board Member,,,,,0,,,,,,,
11223,103225684,83EBBF95-523A-4090-BAF7-D6CB2844016F,Trinity Memorial Hospital District,2018,BrdMem,,Cheryl,,Spearman,Board Member,,,,,0,,,,,,,
11224,103225684,83EBBF95-523A-4090-BAF7-D6CB2844016F,Trinity Memorial Hospital District,2018,BrdMem,,John,,McGuire,Board Member,,,,,0,,,,,,,
11229,103225684,650A2D80-98E8-411F-B271-D897414928A0,Trinity Memorial Hospital District,2019,BrdMem,,Randy,,Karnes,President,,,,,0,,,,,,,
11230,103225684,650A2D80-98E8-411F-B271-D897414928A0,Trinity Memorial Hospital District,2019,BrdMem,,Michelle,,Medlock,Board Member,,,,,0,,,,,,,
11231,103225684,650A2D80-98E8-411F-B271-D897414928A0,Trinity Memorial Hospital District,2019,BrdMem,,Cheryl,,Spearman,Board Member,,,,,0,,,,,,,
11232,103225684,650A2D80-98E8-411F-B271-D897414928A0,Trinity Memorial Hospital District,2019,BrdMem,,Keith,,Johnson,Board Member,,,,,0,,,,,,,
11233,103225684,650A2D80-98E8-411F-B271-D897414928A0,Trinity Memorial Hospital District,2019,BrdMem,,Laura,,Vanecek,Board Member,,,,,0,,,,,,,
11234,103225684,650A2D80-98E8-411F-B271-D897414928A0,Trinity Memorial Hospital District,2019,BrdMem,,Carlyn,,Bluis,Vice President,,,,,0,,,,,,,
11235,103225684,650A2D80-98E8-411F-B271-D897414928A0,Trinity Memorial Hospital District,2019,BrdMem,,Marjory,,Pulvino,Secretary,,,,,0,,,,,,,
11236,103225684,650A2D80-98E8-411F-B271-D897414928A0,Trinity Memorial Hospital District,2019,BrdMem,,Jerry,,Russ,Board Member,,,,,0,,,,,,,
11237,103225684,650A2D80-98E8-411F-B271-D897414928A0,Trinity Memorial Hospital District,2019,BrdMem,,Charlie,,Gardner,Board Member,,,,,0,,,,,,,
11242,103225684,237E2811-4227-482E-B831-EED5F74B7F06,Trinity Memorial Hospital District,2020,BrdMem,,Laura,,Vanecek,Board Member,,,,,0,,,,,,,
11243,103225684,237E2811-4227-482E-B831-EED5F74B7F06,Trinity Memorial Hospital District,2020,BrdMem,,Cheryl,,Spearman,Board Member,,,,,0,,,,,,,
11244,103225684,237E2811-4227-482E-B831-EED5F74B7F06,Trinity Memorial Hospital District,2020,BrdMem,,Michelle,,Medlock,Board Member,,,,,0,,,,,,,
11245,103225684,237E2811-4227-482E-B831-EED5F74B7F06,Trinity Memorial Hospital District,2020,BrdMem,,Carlyn,,Bluis,Vice President,,,,,0,,,,,,,
11246,103225684,237E2811-4227-482E-B831-EED5F74B7F06,Trinity Memorial Hospital District,2020,BrdMem,,Keith,,Johnson,Board Member,,,,,0,,,,,,,
11247,103225684,237E2811-4227-482E-B831-EED5F74B7F06,Trinity Memorial Hospital District,2020,BrdMem,,Jerry,,Russ,Board Member,,,,,0,,,,,,,
11248,103225684,237E2811-4227-482E-B831-EED5F74B7F06,Trinity Memorial Hospital District,2020,BrdMem,,Charlie,,Gardner,Board Member,,,,,0,,,,,,,
11249,103225684,237E2811-4227-482E-B831-EED5F74B7F06,Trinity Memorial Hospital District,2020,BrdMem,,Randy,,Karnes,President,,,,,0,,,,,,,
11250,103225684,237E2811-4227-482E-B831-EED5F74B7F06,Trinity Memorial Hospital District,2020,BrdMem,,Marjory,,Pulvino,Secretary,,,,,0,,,,,,,
11255,103225684,7E840C17-BB01-4BCB-BEB8-5DE0FE661922,Trinity Memorial Hospital District,2021,BrdMem,,Keith,,Johnson,Board Member,,,,,0,,,,,,,
11256,103225684,7E840C17-BB01-4BCB-BEB8-5DE0FE661922,Trinity Memorial Hospital District,2021,BrdMem,,Steve,,Hancock,Board Member,,,,,0,,,,,,,
11257,103225684,7E840C17-BB01-4BCB-BEB8-5DE0FE661922,Trinity Memorial Hospital District,2021,BrdMem,,Jerry,,Russ,Board Member,,,,,0,,,,,,,
11258,103225684,7E840C17-BB01-4BCB-BEB8-5DE0FE661922,Trinity Memorial Hospital District,2021,BrdMem,,Randy,,Karnes,President,,,,,0,,,,,,,
11259,103225684,7E840C17-BB01-4BCB-BEB8-5DE0FE661922,Trinity Memorial Hospital District,2021,BrdMem,,Cheryl,,Spearman,Secretary,,,,,0,,,,,,,
11260,103225684,7E840C17-BB01-4BCB-BEB8-5DE0FE661922,Trinity Memorial Hospital District,2021,BrdMem,,Laura,,Vanecek,Board Member,,,,,0,,,,,,,
11261,103225684,7E840C17-BB01-4BCB-BEB8-5DE0FE661922,Trinity Memorial Hospital District,2021,BrdMem,,Michelle,,Medlock,Board Member,,,,,0,,,,,,,
11262,103225684,7E840C17-BB01-4BCB-BEB8-5DE0FE661922,Trinity Memorial Hospital District,2021,BrdMem,,Marjory,,Pulvino,Vice President,,,,,0,,,,,,,
11263,103225684,7E840C17-BB01-4BCB-BEB8-5DE0FE661922,Trinity Memorial Hospital District,2021,BrdMem,,Charlie,,Gardner,Board Member,,,,,0,,,,,,,
11268,103225684,2D338741-0ABD-4531-808E-F1D4EC3ABC2D,Trinity Memorial Hospital District,2022,BrdMem,,Patricia,,Rogers,Board Member,,,,,0,,,,,,,
11269,103225684,2D338741-0ABD-4531-808E-F1D4EC3ABC2D,Trinity Memorial Hospital District,2022,BrdMem,,Steve,,Hancock,Board Member,,,,,0,,,,,,,
11270,103225684,2D338741-0ABD-4531-808E-F1D4EC3ABC2D,Trinity Memorial Hospital District,2022,BrdMem,,Michelle,,Medlock,Board Member,,,,,0,,,,,,,
11271,103225684,2D338741-0ABD-4531-808E-F1D4EC3ABC2D,Trinity Memorial Hospital District,2022,BrdMem,,Keith,,Johnson,Board Member,,,,,0,,,,,,,
11272,103225684,2D338741-0ABD-4531-808E-F1D4EC3ABC2D,Trinity Memorial Hospital District,2022,BrdMem,,Randy,,Karnes,President,,,,,0,,,,,,,
11273,103225684,2D338741-0ABD-4531-808E-F1D4EC3ABC2D,Trinity Memorial Hospital District,2022,BrdMem,,Laura,,Huffman,Board Member,,,,,0,,,,,,,
11274,103225684,2D338741-0ABD-4531-808E-F1D4EC3ABC2D,Trinity Memorial Hospital District,2022,BrdMem,,Marjory,,Pulvino,Vice President,,,,,0,,,,,,,
11275,103225684,2D338741-0ABD-4531-808E-F1D4EC3ABC2D,Trinity Memorial Hospital District,2022,BrdMem,,Jerry,,Russ,Board Member,,,,,0,,,,,,,
11276,103225684,2D338741-0ABD-4531-808E-F1D4EC3ABC2D,Trinity Memorial Hospital District,2022,BrdMem,,Cheryl,,Spearman,Secretary,,,,,0,,,,,,,
11281,103225684,44F7F3AF-B86B-4D8D-B65B-C93FEC82B8D7,Trinity Memorial Hospital District,2023,BrdMem,,Deana,,Shelly,Board Member,,,,,0,,,,,,,
11282,103225684,44F7F3AF-B86B-4D8D-B65B-C93FEC82B8D7,Trinity Memorial Hospital District,2023,BrdMem,,Laura,,Huffman,Board Member,,,,,0,,,,,,,
11283,103225684,44F7F3AF-B86B-4D8D-B65B-C93FEC82B8D7,Trinity Memorial Hospital District,2023,BrdMem,,Michelle,,Medlock,Board Member,,,,,0,,,,,,,
11284,103225684,44F7F3AF-B86B-4D8D-B65B-C93FEC82B8D7,Trinity Memorial Hospital District,2023,BrdMem,,Randy,,Karnes,President,,,,,0,,,,,,,
11285,103225684,44F7F3AF-B86B-4D8D-B65B-C93FEC82B8D7,Trinity Memorial Hospital District,2023,BrdMem,,Marjory,,Pulvino,Vice President,,,,,0,,,,,,,
11286,103225684,44F7F3AF-B86B-4D8D-B65B-C93FEC82B8D7,Trinity Memorial Hospital District,2023,BrdMem,,Jerry,,Russ,Board Member,,,,,0,,,,,,,
11287,103225684,44F7F3AF-B86B-4D8D-B65B-C93FEC82B8D7,Trinity Memorial Hospital District,2023,BrdMem,,Cheryl,,Spearman,Secretary,,,,,0,,,,,,,
11288,103225684,44F7F3AF-B86B-4D8D-B65B-C93FEC82B8D7,Trinity Memorial Hospital District,2023,BrdMem,,Steve,,Hancock,Board Member,,,,,0,,,,,,,
11289,103225684,44F7F3AF-B86B-4D8D-B65B-C93FEC82B8D7,Trinity Memorial Hospital District,2023,BrdMem,,Patricia,,Rogers,Board Member,,,,,0,,,,,,,
11295,103225684,54424986-CF90-492C-9DF2-E0BE69551FBF,Trinity Memorial Hospital District,2025,BrdMem,,Randy,,Karnes,Board Member,,,,,0,,,,,,,
11296,103225684,54424986-CF90-492C-9DF2-E0BE69551FBF,Trinity Memorial Hospital District,2025,BrdMem,,Laura,,Huffman,Board Member,,,,,0,,,,,,,
11297,103225684,54424986-CF90-492C-9DF2-E0BE69551FBF,Trinity Memorial Hospital District,2025,BrdMem,,Deana,,Shelly,Board Member,,,,,0,,,,,,,
11298,103225684,54424986-CF90-492C-9DF2-E0BE69551FBF,Trinity Memorial Hospital District,2025,BrdMem,,Michelle,,Medlock,Board Member,,,,,0,,,,,,,
11299,103225684,54424986-CF90-492C-9DF2-E0BE69551FBF,Trinity Memorial Hospital District,2025,BrdMem,,Cheryl,,Spearman,Secretary,,,,,0,,,,,,,
11300,103225684,54424986-CF90-492C-9DF2-E0BE69551FBF,Trinity Memorial Hospital District,2025,BrdMem,,Patricia,,Rogers,Board Member,,,,,0,,,,,,,
11301,103225684,54424986-CF90-492C-9DF2-E0BE69551FBF,Trinity Memorial Hospital District,2025,BrdMem,,Marjory,,Pulvino,President,,,,,0,,,,,,,
11302,103225684,54424986-CF90-492C-9DF2-E0BE69551FBF,Trinity Memorial Hospital District,2025,BrdMem,,Steve,,Hancock,Vice President,,,,,0,,,,,,,
11303,103225684,54424986-CF90-492C-9DF2-E0BE69551FBF,Trinity Memorial Hospital District,2025,BrdMem,,Sunnie,,Frye,Board Member,,,,,0,,,,,,,
11309,103225684,43050041-3447-47A3-8A70-0FA7BC064C33,Trinity Memorial Hospital District,2026,BrdMem,,Michelle,,Medlock,Board Member,,,,,0,,,,,,,
11310,103225684,43050041-3447-47A3-8A70-0FA7BC064C33,Trinity Memorial Hospital District,2026,BrdMem,,Deana,,Shelly,Board Member,,,,,0,,,,,,,
11311,103225684,43050041-3447-47A3-8A70-0FA7BC064C33,Trinity Memorial Hospital District,2026,BrdMem,,Steve,,Hancock,Vice President,,,,,0,,,,,,,
11312,103225684,43050041-3447-47A3-8A70-0FA7BC064C33,Trinity Memorial Hospital District,2026,BrdMem,,Patricia,,Rogers,Board Member,,,,,0,,,,,,,
11313,103225684,43050041-3447-47A3-8A70-0FA7BC064C33,Trinity Memorial Hospital District,2026,BrdMem,,Cheryl,,Spearman,Secretary,,,,,0,,,,,,,
11314,103225684,43050041-3447-47A3-8A70-0FA7BC064C33,Trinity Memorial Hospital District,2026,BrdMem,,Sunnie,,Frye,Board Member,,,,,0,,,,,,,
11315,103225684,43050041-3447-47A3-8A70-0FA7BC064C33,Trinity Memorial Hospital District,2026,BrdMem,,Laura,,Huffman,Board Member,,,,,0,,,,,,,
11316,103225684,43050041-3447-47A3-8A70-0FA7BC064C33,Trinity Memorial Hospital District,2026,BrdMem,,Randy,,Karnes,Board Member,,,,,0,,,,,,,
11317,103225684,43050041-3447-47A3-8A70-0FA7BC064C33,Trinity Memorial Hospital District,2026,BrdMem,,Marjory,,Pulvino,President,,,,,0,,,,,,,
11332,103225688,40B5A41C-7A7C-4E0D-BF37-86C6C11EAE0D,Wilbarger County Hospital District,2018,BrdMem,,Natisha Marie,,Moore,Member,,,,,0,,,,,,,
11333,103225688,40B5A41C-7A7C-4E0D-BF37-86C6C11EAE0D,Wilbarger County Hospital District,2018,BrdMem,,Jeffrey James,,Dobbins,Member,,,,,0,,,,,,,
11334,103225688,40B5A41C-7A7C-4E0D-BF37-86C6C11EAE0D,Wilbarger County Hospital District,2018,BrdMem,,Walter David,,Worrall,Member,,,,,0,,,,,,,
11335,103225688,40B5A41C-7A7C-4E0D-BF37-86C6C11EAE0D,Wilbarger County Hospital District,2018,BrdMem,,Bill,,Lowery,Vice Chair,,,,,0,,,,,,,
11336,103225688,40B5A41C-7A7C-4E0D-BF37-86C6C11EAE0D,Wilbarger County Hospital District,2018,BrdMem,,Pam,,Caldwell,Chair,,,,,0,,,,,,,
11337,103225688,40B5A41C-7A7C-4E0D-BF37-86C6C11EAE0D,Wilbarger County Hospital District,2018,BrdMem,,Melanie,,Milner,Secretary,,,,,0,,,,,,,
11338,103225688,40B5A41C-7A7C-4E0D-BF37-86C6C11EAE0D,Wilbarger County Hospital District,2018,BrdMem,,Doug,,Jeffrey,Member,,,,,0,,,,,,,
11342,103225688,91865B4B-53F4-48E9-84E5-5C98C30044DA,Wilbarger County Hospital District,2019,BrdMem,,Pam,,Caldwell,Secretary,,,,,0,,,,,,,
11343,103225688,91865B4B-53F4-48E9-84E5-5C98C30044DA,Wilbarger County Hospital District,2019,BrdMem,,Walter David,,Worrall,Member,,,,,0,,,,,,,
11344,103225688,91865B4B-53F4-48E9-84E5-5C98C30044DA,Wilbarger County Hospital District,2019,BrdMem,,Melanie,,Milner,Chair,,,,,0,,,,,,,
11345,103225688,91865B4B-53F4-48E9-84E5-5C98C30044DA,Wilbarger County Hospital District,2019,BrdMem,,James,,Riggins,Member,,,,,0,,,,,,,
11346,103225688,91865B4B-53F4-48E9-84E5-5C98C30044DA,Wilbarger County Hospital District,2019,BrdMem,,Jeffrey,,Dobbins,Vice Chair,,,,,0,,,,,,,
11347,103225688,91865B4B-53F4-48E9-84E5-5C98C30044DA,Wilbarger County Hospital District,2019,BrdMem,,Natisha Marie,,Moore,Member,,,,,0,,,,,,,
11348,103225688,91865B4B-53F4-48E9-84E5-5C98C30044DA,Wilbarger County Hospital District,2019,BrdMem,,Roger,,Townson,Member,,,,,0,,,,,,,
11352,103225688,834B0654-6206-4A46-AC52-5DC42D278E67,Wilbarger County Hospital District,2020,BrdMem,,Roger,,Townson,Member,,,,,0,,,,,,,
11353,103225688,834B0654-6206-4A46-AC52-5DC42D278E67,Wilbarger County Hospital District,2020,BrdMem,,Jeffrey,,Dobbins,Vice Chair,,,,,0,,,,,,,
11354,103225688,834B0654-6206-4A46-AC52-5DC42D278E67,Wilbarger County Hospital District,2020,BrdMem,,Pam,,Caldwell,Secretary,,,,,0,,,,,,,
11355,103225688,834B0654-6206-4A46-AC52-5DC42D278E67,Wilbarger County Hospital District,2020,BrdMem,,James,,Riggins,Member,,,,,0,,,,,,,
11356,103225688,834B0654-6206-4A46-AC52-5DC42D278E67,Wilbarger County Hospital District,2020,BrdMem,,Melanie,,Milner,Chair,,,,,0,,,,,,,
11357,103225688,834B0654-6206-4A46-AC52-5DC42D278E67,Wilbarger County Hospital District,2020,BrdMem,,Walter David,,Worrall,Member,,,,,0,,,,,,,
11358,103225688,834B0654-6206-4A46-AC52-5DC42D278E67,Wilbarger County Hospital District,2020,BrdMem,,Natisha Marie,,Moore,Member,,,,,0,,,,,,,
11362,103225688,E572AA75-2859-4FF9-9F30-633686715881,Wilbarger County Hospital District,2023,BrdMem,,Kathy,,Craighead,Member,,,,,0,,,,,,,
11363,103225688,E572AA75-2859-4FF9-9F30-633686715881,Wilbarger County Hospital District,2023,BrdMem,,James,,Riggins,Member,,,,,0,,,,,,,
11364,103225688,E572AA75-2859-4FF9-9F30-633686715881,Wilbarger County Hospital District,2023,BrdMem,,Walter David,,Worrall,Member,,,,,0,,,,,,,
11365,103225688,E572AA75-2859-4FF9-9F30-633686715881,Wilbarger County Hospital District,2023,BrdMem,,Gene,,White,Member,,,,,0,,,,,,,
11366,103225688,E572AA75-2859-4FF9-9F30-633686715881,Wilbarger County Hospital District,2023,BrdMem,,Robert,,Webb,Member,,,,,0,,,,,,,
11367,103225688,E572AA75-2859-4FF9-9F30-633686715881,Wilbarger County Hospital District,2023,BrdMem,,Melissa,,Conner,Member,,,,,0,,,,,,,
11368,103225688,E572AA75-2859-4FF9-9F30-633686715881,Wilbarger County Hospital District,2023,BrdMem,,Pam,,Caldwell,Secretary,,,,,0,,,,,,,
11372,103225688,8EEF7DFB-A516-46E0-8232-7DBAA7F45693,Wilbarger County Hospital District,2024,BrdMem,,James,,Riggins,Member,,,,,0,,,,,,,
11373,103225688,8EEF7DFB-A516-46E0-8232-7DBAA7F45693,Wilbarger County Hospital District,2024,BrdMem,,Britt,,Ferguson,Member,,,,,0,,,,,,,
11374,103225688,8EEF7DFB-A516-46E0-8232-7DBAA7F45693,Wilbarger County Hospital District,2024,BrdMem,,Pam,,Caldwell,Secretary,,,,,0,,,,,,,
11375,103225688,8EEF7DFB-A516-46E0-8232-7DBAA7F45693,Wilbarger County Hospital District,2024,BrdMem,,Gene,,White,Member,,,,,0,,,,,,,
11376,103225688,8EEF7DFB-A516-46E0-8232-7DBAA7F45693,Wilbarger County Hospital District,2024,BrdMem,,Melissa,,Conner,Member,,,,,0,,,,,,,
11377,103225688,8EEF7DFB-A516-46E0-8232-7DBAA7F45693,Wilbarger County Hospital District,2024,BrdMem,,Robert,,Webb,Member,,,,,0,,,,,,,
11378,103225688,8EEF7DFB-A516-46E0-8232-7DBAA7F45693,Wilbarger County Hospital District,2024,BrdMem,,Kathy,,Craighead,Member,,,,,0,,,,,,,
11379,103225688,8EEF7DFB-A516-46E0-8232-7DBAA7F45693,Wilbarger County Hospital District,2024,BrdMem,,Walter David,,Worrall,Member,,,,,0,,,,,,,
11658,103225694,B43FE6A4-CA2D-4BB5-9A06-5A41568BC3B2,Angleton-Danbury Hospital District,2018,BrdMem,,Waverly,,Jefferson,Mr.,,,,,0,,,,,,,
11659,103225694,B43FE6A4-CA2D-4BB5-9A06-5A41568BC3B2,Angleton-Danbury Hospital District,2018,BrdMem,,Gayle,,Parsons,Ms.,,,,,0,,,,,,,
11660,103225694,B43FE6A4-CA2D-4BB5-9A06-5A41568BC3B2,Angleton-Danbury Hospital District,2018,BrdMem,,Henry,,Munson,Mr.,,,,,0,,,,,,,
11661,103225694,B43FE6A4-CA2D-4BB5-9A06-5A41568BC3B2,Angleton-Danbury Hospital District,2018,BrdMem,,Nancy,,Davis,Ms.,,,,,0,,,,,,,
11662,103225694,B43FE6A4-CA2D-4BB5-9A06-5A41568BC3B2,Angleton-Danbury Hospital District,2018,BrdMem,,James,,Veselka,Dr.,,,,,0,,,,,,,
11663,103225694,B43FE6A4-CA2D-4BB5-9A06-5A41568BC3B2,Angleton-Danbury Hospital District,2018,BrdMem,,Don,,Nigbor,Mr.,,,,,0,,,,,,,
11664,103225694,B43FE6A4-CA2D-4BB5-9A06-5A41568BC3B2,Angleton-Danbury Hospital District,2018,BrdMem,,David,,Smith,Mr.,,,,,0,,,,,,,
11665,103225694,B43FE6A4-CA2D-4BB5-9A06-5A41568BC3B2,Angleton-Danbury Hospital District,2018,BrdMem,,Deborah,,Pennington,Ms.,,,,,0,,,,,,,
11666,103225694,B43FE6A4-CA2D-4BB5-9A06-5A41568BC3B2,Angleton-Danbury Hospital District,2018,BrdMem,,Melba,,Beken,Ms.,,,,,0,,,,,,,
11670,103225694,86189295-2A0C-4199-89A8-151D9E962697,Angleton-Danbury Hospital District,2019,BrdMem,,Henry,,Munson,Mr.,,,,,0,,,,,,,
11671,103225694,86189295-2A0C-4199-89A8-151D9E962697,Angleton-Danbury Hospital District,2019,BrdMem,,Waverly,,Jefferson,Mr.,,,,,0,,,,,,,
11672,103225694,86189295-2A0C-4199-89A8-151D9E962697,Angleton-Danbury Hospital District,2019,BrdMem,,David,,Smith,Mr.,,,,,0,,,,,,,
11673,103225694,86189295-2A0C-4199-89A8-151D9E962697,Angleton-Danbury Hospital District,2019,BrdMem,,Deborah,,Pennington,Ms.,,,,,0,,,,,,,
11674,103225694,86189295-2A0C-4199-89A8-151D9E962697,Angleton-Danbury Hospital District,2019,BrdMem,,Gayle,,Parsons,Ms.,,,,,0,,,,,,,
11675,103225694,86189295-2A0C-4199-89A8-151D9E962697,Angleton-Danbury Hospital District,2019,BrdMem,,Melba,,Beken,Ms.,,,,,0,,,,,,,
11676,103225694,86189295-2A0C-4199-89A8-151D9E962697,Angleton-Danbury Hospital District,2019,BrdMem,,Don,,Nigbor,Mr.,,,,,0,,,,,,,
11677,103225694,86189295-2A0C-4199-89A8-151D9E962697,Angleton-Danbury Hospital District,2019,BrdMem,,James,,Veselka,Dr.,,,,,0,,,,,,,
11678,103225694,86189295-2A0C-4199-89A8-151D9E962697,Angleton-Danbury Hospital District,2019,BrdMem,,Nancy,,Davis,Ms.,,,,,0,,,,,,,
11682,103225694,C2DBB4F2-FD08-40AC-A10E-0D21A697F5B8,Angleton-Danbury Hospital District,2020,BrdMem,,Henry,,Munson,Mr.,,,,,0,,,,,,,
11683,103225694,C2DBB4F2-FD08-40AC-A10E-0D21A697F5B8,Angleton-Danbury Hospital District,2020,BrdMem,,Deborah,,Pennington,Ms.,,,,,0,,,,,,,
11684,103225694,C2DBB4F2-FD08-40AC-A10E-0D21A697F5B8,Angleton-Danbury Hospital District,2020,BrdMem,,David,,Smith,Mr.,,,,,0,,,,,,,
11685,103225694,C2DBB4F2-FD08-40AC-A10E-0D21A697F5B8,Angleton-Danbury Hospital District,2020,BrdMem,,Melba,,Beken,Ms.,,,,,0,,,,,,,
11686,103225694,C2DBB4F2-FD08-40AC-A10E-0D21A697F5B8,Angleton-Danbury Hospital District,2020,BrdMem,,Don,,Nigbor,Mr.,,,,,0,,,,,,,
11687,103225694,C2DBB4F2-FD08-40AC-A10E-0D21A697F5B8,Angleton-Danbury Hospital District,2020,BrdMem,,Waverly,,Jefferson,Mr.,,,,,0,,,,,,,
11688,103225694,C2DBB4F2-FD08-40AC-A10E-0D21A697F5B8,Angleton-Danbury Hospital District,2020,BrdMem,,Nancy,,Davis,Ms.,,,,,0,,,,,,,
11689,103225694,C2DBB4F2-FD08-40AC-A10E-0D21A697F5B8,Angleton-Danbury Hospital District,2020,BrdMem,,James,,Veselka,Dr.,,,,,0,,,,,,,
11690,103225694,C2DBB4F2-FD08-40AC-A10E-0D21A697F5B8,Angleton-Danbury Hospital District,2020,BrdMem,,Gayle,,Parsons,Ms.,,,,,0,,,,,,,
11694,103225694,5D5BFBDA-D423-4775-ABF8-51E45F919DF5,Angleton-Danbury Hospital District,2021,BrdMem,,Don,,Nigbor,Mr.,,,,,0,,,,,,,
11695,103225694,5D5BFBDA-D423-4775-ABF8-51E45F919DF5,Angleton-Danbury Hospital District,2021,BrdMem,,Gayle,,Parsons,Ms.,,,,,0,,,,,,,
11696,103225694,5D5BFBDA-D423-4775-ABF8-51E45F919DF5,Angleton-Danbury Hospital District,2021,BrdMem,,David,,Smith,Mr.,,,,,0,,,,,,,
11697,103225694,5D5BFBDA-D423-4775-ABF8-51E45F919DF5,Angleton-Danbury Hospital District,2021,BrdMem,,Nancy,,Davis,Ms.,,,,,0,,,,,,,
11698,103225694,5D5BFBDA-D423-4775-ABF8-51E45F919DF5,Angleton-Danbury Hospital District,2021,BrdMem,,Melba,,Beken,Ms.,,,,,0,,,,,,,
11699,103225694,5D5BFBDA-D423-4775-ABF8-51E45F919DF5,Angleton-Danbury Hospital District,2021,BrdMem,,Waverly,,Jefferson,Mr.,,,,,0,,,,,,,
11700,103225694,5D5BFBDA-D423-4775-ABF8-51E45F919DF5,Angleton-Danbury Hospital District,2021,BrdMem,,Mike,,Johnson,Dr.,,,,,0,,,,,,,
11701,103225694,5D5BFBDA-D423-4775-ABF8-51E45F919DF5,Angleton-Danbury Hospital District,2021,BrdMem,,Henry,,Munson,Mr.,,,,,0,,,,,,,
11702,103225694,5D5BFBDA-D423-4775-ABF8-51E45F919DF5,Angleton-Danbury Hospital District,2021,BrdMem,,Deborah,,Pennington,Ms.,,,,,0,,,,,,,
11706,103225694,07980182-63D2-448E-91A3-7469B9D6CEBC,Angleton-Danbury Hospital District,2022,BrdMem,,Deborah,,Pennington,Ms.,,,,,0,,,,,,,
11707,103225694,07980182-63D2-448E-91A3-7469B9D6CEBC,Angleton-Danbury Hospital District,2022,BrdMem,,Gayle,,Parsons,Ms.,,,,,0,,,,,,,
11708,103225694,07980182-63D2-448E-91A3-7469B9D6CEBC,Angleton-Danbury Hospital District,2022,BrdMem,,Don,,Nigbor,Mr.,,,,,0,,,,,,,
11709,103225694,07980182-63D2-448E-91A3-7469B9D6CEBC,Angleton-Danbury Hospital District,2022,BrdMem,,David,,Smith,Mr.,,,,,0,,,,,,,
11710,103225694,07980182-63D2-448E-91A3-7469B9D6CEBC,Angleton-Danbury Hospital District,2022,BrdMem,,Nancy,,Davis,Ms.,,,,,0,,,,,,,
11711,103225694,07980182-63D2-448E-91A3-7469B9D6CEBC,Angleton-Danbury Hospital District,2022,BrdMem,,Waverly,,Jefferson,Mr.,,,,,0,,,,,,,
11712,103225694,07980182-63D2-448E-91A3-7469B9D6CEBC,Angleton-Danbury Hospital District,2022,BrdMem,,Mike,,Johnson,Dr.,,,,,0,,,,,,,
11713,103225694,07980182-63D2-448E-91A3-7469B9D6CEBC,Angleton-Danbury Hospital District,2022,BrdMem,,Melba,,Beken,Ms.,,,,,0,,,,,,,
11714,103225694,07980182-63D2-448E-91A3-7469B9D6CEBC,Angleton-Danbury Hospital District,2022,BrdMem,,Henry,,Munson,Mr.,,,,,0,,,,,,,
11718,103225694,95075DB9-01A7-4B98-B9B8-257AC0E19D62,Angleton-Danbury Hospital District,2023,BrdMem,,Melba,,Beken,Ms.,,,,,0,,,,,,,
11719,103225694,95075DB9-01A7-4B98-B9B8-257AC0E19D62,Angleton-Danbury Hospital District,2023,BrdMem,,Nancy,,Davis,Ms.,,,,,0,,,,,,,
11720,103225694,95075DB9-01A7-4B98-B9B8-257AC0E19D62,Angleton-Danbury Hospital District,2023,BrdMem,,Henry,,Munson,Mr.,,,,,0,,,,,,,
11721,103225694,95075DB9-01A7-4B98-B9B8-257AC0E19D62,Angleton-Danbury Hospital District,2023,BrdMem,,Gayle,,Parsons,Ms.,,,,,0,,,,,,,
11722,103225694,95075DB9-01A7-4B98-B9B8-257AC0E19D62,Angleton-Danbury Hospital District,2023,BrdMem,,David,,Smith,Mr.,,,,,0,,,,,,,
11723,103225694,95075DB9-01A7-4B98-B9B8-257AC0E19D62,Angleton-Danbury Hospital District,2023,BrdMem,,Mike,,Johnson,Dr.,,,,,0,,,,,,,
11724,103225694,95075DB9-01A7-4B98-B9B8-257AC0E19D62,Angleton-Danbury Hospital District,2023,BrdMem,,Deborah,,Pennington,Ms.,,,,,0,,,,,,,
11725,103225694,95075DB9-01A7-4B98-B9B8-257AC0E19D62,Angleton-Danbury Hospital District,2023,BrdMem,,Don,,Nigbor,Mr.,,,,,0,,,,,,,
11726,103225694,95075DB9-01A7-4B98-B9B8-257AC0E19D62,Angleton-Danbury Hospital District,2023,BrdMem,,Waverly,,Jefferson,Mr.,,,,,0,,,,,,,
11730,103225694,B4A3B4F6-EA78-4C2D-90AE-FA4B28196130,Angleton-Danbury Hospital District,2024,BrdMem,,Nancy,,Davis,Ms.,,,,,0,,,,,,,
11731,103225694,B4A3B4F6-EA78-4C2D-90AE-FA4B28196130,Angleton-Danbury Hospital District,2024,BrdMem,,David,,Smith,Mr.,,,,,0,,,,,,,
11732,103225694,B4A3B4F6-EA78-4C2D-90AE-FA4B28196130,Angleton-Danbury Hospital District,2024,BrdMem,,Melba,,Beken,Ms.,,,,,0,,,,,,,
11733,103225694,B4A3B4F6-EA78-4C2D-90AE-FA4B28196130,Angleton-Danbury Hospital District,2024,BrdMem,,Henry,,Munson,Mr.,,,,,0,,,,,,,
11734,103225694,B4A3B4F6-EA78-4C2D-90AE-FA4B28196130,Angleton-Danbury Hospital District,2024,BrdMem,,Gayle,,Parsons,Ms.,,,,,0,,,,,,,
11735,103225694,B4A3B4F6-EA78-4C2D-90AE-FA4B28196130,Angleton-Danbury Hospital District,2024,BrdMem,,Don,,Nigbor,Mr.,,,,,0,,,,,,,
11736,103225694,B4A3B4F6-EA78-4C2D-90AE-FA4B28196130,Angleton-Danbury Hospital District,2024,BrdMem,,Mike,,Johnson,Dr.,,,,,0,,,,,,,
11737,103225694,B4A3B4F6-EA78-4C2D-90AE-FA4B28196130,Angleton-Danbury Hospital District,2024,BrdMem,,Deborah,,Pennington,Ms.,,,,,0,,,,,,,
11738,103225694,B4A3B4F6-EA78-4C2D-90AE-FA4B28196130,Angleton-Danbury Hospital District,2024,BrdMem,,Waverly,,Jefferson,Mr.,,,,,0,,,,,,,
11742,103225694,40A7CE4E-A722-4AC5-8FD4-61902A1C3FA9,Angleton-Danbury Hospital District,2025,BrdMem,,Henry,,Munson,Mr.,,,,,0,,,,,,,
11743,103225694,40A7CE4E-A722-4AC5-8FD4-61902A1C3FA9,Angleton-Danbury Hospital District,2025,BrdMem,,Nancy,,Davis,Ms.,,,,,0,,,,,,,
11744,103225694,40A7CE4E-A722-4AC5-8FD4-61902A1C3FA9,Angleton-Danbury Hospital District,2025,BrdMem,,Don,,Nigbor,Mr.,,,,,0,,,,,,,
11745,103225694,40A7CE4E-A722-4AC5-8FD4-61902A1C3FA9,Angleton-Danbury Hospital District,2025,BrdMem,,Gayle,,Parsons,Ms.,,,,,0,,,,,,,
11746,103225694,40A7CE4E-A722-4AC5-8FD4-61902A1C3FA9,Angleton-Danbury Hospital District,2025,BrdMem,,David,,Smith,Mr.,,,,,0,,,,,,,
11747,103225694,40A7CE4E-A722-4AC5-8FD4-61902A1C3FA9,Angleton-Danbury Hospital District,2025,BrdMem,,Deborah,,Pennington,Ms.,,,,,0,,,,,,,
11748,103225694,40A7CE4E-A722-4AC5-8FD4-61902A1C3FA9,Angleton-Danbury Hospital District,2025,BrdMem,,Waverly,,Jefferson,Mr.,,,,,0,,,,,,,
11749,103225694,40A7CE4E-A722-4AC5-8FD4-61902A1C3FA9,Angleton-Danbury Hospital District,2025,BrdMem,,Melba,,Beken,Ms.,,,,,0,,,,,,,
11750,103225694,40A7CE4E-A722-4AC5-8FD4-61902A1C3FA9,Angleton-Danbury Hospital District,2025,BrdMem,,Mike,,Johnson,Dr.,,,,,0,,,,,,,
11754,103225694,4A49DC4D-D850-4AF0-A88A-5A4462D4B037,Angleton-Danbury Hospital District,2026,BrdMem,,Melba,,Beken,Ms.,,,,,0,,,,,,,
11755,103225694,4A49DC4D-D850-4AF0-A88A-5A4462D4B037,Angleton-Danbury Hospital District,2026,BrdMem,,Waverly,,Jefferson,Mr.,,,,,0,,,,,,,
11756,103225694,4A49DC4D-D850-4AF0-A88A-5A4462D4B037,Angleton-Danbury Hospital District,2026,BrdMem,,Nancy,,Davis,Ms.,,,,,0,,,,,,,
11757,103225694,4A49DC4D-D850-4AF0-A88A-5A4462D4B037,Angleton-Danbury Hospital District,2026,BrdMem,,Gayle,,Parsons,Ms.,,,,,0,,,,,,,
11758,103225694,4A49DC4D-D850-4AF0-A88A-5A4462D4B037,Angleton-Danbury Hospital District,2026,BrdMem,,Deborah,,Pennington,Ms.,,,,,0,,,,,,,
11759,103225694,4A49DC4D-D850-4AF0-A88A-5A4462D4B037,Angleton-Danbury Hospital District,2026,BrdMem,,Don,,Nigbor,Mr.,,,,,0,,,,,,,
11760,103225694,4A49DC4D-D850-4AF0-A88A-5A4462D4B037,Angleton-Danbury Hospital District,2026,BrdMem,,Henry,,Munson,Mr.,,,,,0,,,,,,,
11761,103225694,4A49DC4D-D850-4AF0-A88A-5A4462D4B037,Angleton-Danbury Hospital District,2026,BrdMem,,Mike,,Johnson,Dr.,,,,,0,,,,,,,
11762,103225694,4A49DC4D-D850-4AF0-A88A-5A4462D4B037,Angleton-Danbury Hospital District,2026,BrdMem,,David,,Smith,Mr.,,,,,0,,,,,,,
12000,103225698,DF7476CE-DD98-4D8F-B42B-E05CB1339316,Wells Branch Community Library District,2018,BrdMem,,Faye,,Cormier,Trustee,,,,,0,,,,,,,
12001,103225698,DF7476CE-DD98-4D8F-B42B-E05CB1339316,Wells Branch Community Library District,2018,BrdMem,,Matt,,Sims,Trustee,,,,,0,,,,,,,
12002,103225698,DF7476CE-DD98-4D8F-B42B-E05CB1339316,Wells Branch Community Library District,2018,BrdMem,,Christine,,Bloemsma,Trustee,,,,,0,,,,,,,
12003,103225698,DF7476CE-DD98-4D8F-B42B-E05CB1339316,Wells Branch Community Library District,2018,BrdMem,,Jill,,Traffanstedt,Trustee,,,,,0,,,,,,,
12004,103225698,DF7476CE-DD98-4D8F-B42B-E05CB1339316,Wells Branch Community Library District,2018,BrdMem,,Ralph,,Simon,Trustee,,,,,0,,,,,,,
12007,103225698,CED93315-D429-487F-A31F-B089F1960997,Wells Branch Community Library District,2019,BrdMem,,Ralph,,Simon,Trustee,,,,,0,,,,,,,
12008,103225698,CED93315-D429-487F-A31F-B089F1960997,Wells Branch Community Library District,2019,BrdMem,,Christine,,Bloemsma,Trustee,,,,,0,,,,,,,
12009,103225698,CED93315-D429-487F-A31F-B089F1960997,Wells Branch Community Library District,2019,BrdMem,,Lindsay,,Martinez,Trustee,,,,,0,,,,,,,
12010,103225698,CED93315-D429-487F-A31F-B089F1960997,Wells Branch Community Library District,2019,BrdMem,,Kim,,Belcik,Trustee,,,,,0,,,,,,,
12011,103225698,CED93315-D429-487F-A31F-B089F1960997,Wells Branch Community Library District,2019,BrdMem,,Faye,,Cormier,Trustee,,,,,0,,,,,,,
12014,103225698,C9662A50-1F12-482F-BC8E-333F05BF77A8,Wells Branch Community Library District,2020,BrdMem,,Lindsay,,Martinez,Trustee,,,,,0,,,,,,,
12015,103225698,C9662A50-1F12-482F-BC8E-333F05BF77A8,Wells Branch Community Library District,2020,BrdMem,,Kim,,Belcik,Trustee,,,,,0,,,,,,,
12016,103225698,C9662A50-1F12-482F-BC8E-333F05BF77A8,Wells Branch Community Library District,2020,BrdMem,,Christine,,Bloemsma,Trustee,,,,,0,,,,,,,
12017,103225698,C9662A50-1F12-482F-BC8E-333F05BF77A8,Wells Branch Community Library District,2020,BrdMem,,Ralph,,Simon,Trustee,,,,,0,,,,,,,
12018,103225698,C9662A50-1F12-482F-BC8E-333F05BF77A8,Wells Branch Community Library District,2020,BrdMem,,Faye,,Cormier,Trustee,,,,,0,,,,,,,
12021,103225698,7DB6D67E-EEAA-4858-93C2-13F55701581A,Wells Branch Community Library District,2021,BrdMem,,Christine,,Bloemsma,Trustee,,,,,0,,,,,,,
12022,103225698,7DB6D67E-EEAA-4858-93C2-13F55701581A,Wells Branch Community Library District,2021,BrdMem,,Jennifer,,Christmas,Trustee,,,,,0,,,,,,,
12023,103225698,7DB6D67E-EEAA-4858-93C2-13F55701581A,Wells Branch Community Library District,2021,BrdMem,,Lindsay,,Martinez,Trustee,,,,,0,,,,,,,
12024,103225698,7DB6D67E-EEAA-4858-93C2-13F55701581A,Wells Branch Community Library District,2021,BrdMem,,Rene,,Vera,Trustee,,,,,0,,,,,,,
12025,103225698,7DB6D67E-EEAA-4858-93C2-13F55701581A,Wells Branch Community Library District,2021,BrdMem,,Ralph,,Simon,Trustee,,,,,0,,,,,,,
12028,103225698,751D0043-7ED1-479F-B53D-A057DCC45D71,Wells Branch Community Library District,2022,BrdMem,,Ralph,,Simon,Trustee,,,,,0,,,,,,,
12029,103225698,751D0043-7ED1-479F-B53D-A057DCC45D71,Wells Branch Community Library District,2022,BrdMem,,Matt,,Bucher,Trustee,,,,,0,,,,,,,
12030,103225698,751D0043-7ED1-479F-B53D-A057DCC45D71,Wells Branch Community Library District,2022,BrdMem,,Jennifer,,Christmas,Trustee,,,,,0,,,,,,,
12031,103225698,751D0043-7ED1-479F-B53D-A057DCC45D71,Wells Branch Community Library District,2022,BrdMem,,Rene,,Vera,Trustee,,,,,0,,,,,,,
12032,103225698,751D0043-7ED1-479F-B53D-A057DCC45D71,Wells Branch Community Library District,2022,BrdMem,,Abigail,,Joffrain,Trustee,,,,,0,,,,,,,
12035,103225698,D8177F72-4E2F-4A37-AF94-0735DE346D20,Wells Branch Community Library District,2023,BrdMem,,Jane,,Marawar,Trustee,,,,,0,,,,,,,
12036,103225698,D8177F72-4E2F-4A37-AF94-0735DE346D20,Wells Branch Community Library District,2023,BrdMem,,Abigail,,Joffrain,Trustee,,,,,0,,,,,,,
12037,103225698,D8177F72-4E2F-4A37-AF94-0735DE346D20,Wells Branch Community Library District,2023,BrdMem,,Ralph,,Simon,Trustee,,,,,0,,,,,,,
12038,103225698,D8177F72-4E2F-4A37-AF94-0735DE346D20,Wells Branch Community Library District,2023,BrdMem,,Matt,,Bucher,Trustee,,,,,0,,,,,,,
12039,103225698,D8177F72-4E2F-4A37-AF94-0735DE346D20,Wells Branch Community Library District,2023,BrdMem,,Jennifer,,Christmas,Trustee,,,,,0,,,,,,,
12042,103225698,B3A1A863-CAEB-4638-985F-2CF1E1206A58,Wells Branch Community Library District,2024,BrdMem,,Derek,,Mahnke,Trustee,,,,,0,,,,,,,
12043,103225698,B3A1A863-CAEB-4638-985F-2CF1E1206A58,Wells Branch Community Library District,2024,BrdMem,,Abigail,,Joffrain,Trustee,,,,,0,,,,,,,
12044,103225698,B3A1A863-CAEB-4638-985F-2CF1E1206A58,Wells Branch Community Library District,2024,BrdMem,,Jennifer,,Christmas,Trustee,,,,,0,,,,,,,
12045,103225698,B3A1A863-CAEB-4638-985F-2CF1E1206A58,Wells Branch Community Library District,2024,BrdMem,,Matt,,Bucher,Trustee,,,,,0,,,,,,,
12046,103225698,B3A1A863-CAEB-4638-985F-2CF1E1206A58,Wells Branch Community Library District,2024,BrdMem,,Jane,,Marawar,Trustee,,,,,0,,,,,,,
12049,103225698,606FC05C-3B2C-4B71-A52B-428B75F64449,Wells Branch Community Library District,2025,BrdMem,,Matt,,Bucher,Trustee,,,,,0,,,,,,,
12050,103225698,606FC05C-3B2C-4B71-A52B-428B75F64449,Wells Branch Community Library District,2025,BrdMem,,Abigail,,Joffrain,Trustee,,,,,0,,,,,,,
12051,103225698,606FC05C-3B2C-4B71-A52B-428B75F64449,Wells Branch Community Library District,2025,BrdMem,,Jennifer,,Klein,Trustee,,,,,0,,,,,,,
12052,103225698,606FC05C-3B2C-4B71-A52B-428B75F64449,Wells Branch Community Library District,2025,BrdMem,,Derek,,Mahnke,Trustee,,,,,0,,,,,,,
12053,103225698,606FC05C-3B2C-4B71-A52B-428B75F64449,Wells Branch Community Library District,2025,BrdMem,,Elizabeth,,Martin,Trustee,,,,,0,,,,,,,
12056,103225698,68E3C56A-12B8-44B5-B7C8-49DD0D9FA7DF,Wells Branch Community Library District,2026,BrdMem,,Elizabeth,,Martin,Trustee,,,,,0,,,,,,,
12057,103225698,68E3C56A-12B8-44B5-B7C8-49DD0D9FA7DF,Wells Branch Community Library District,2026,BrdMem,,Abigail,,Joffrain,Trustee,,,,,0,,,,,,,
12058,103225698,68E3C56A-12B8-44B5-B7C8-49DD0D9FA7DF,Wells Branch Community Library District,2026,BrdMem,,Derek,,Mahnke,Trustee,,,,,0,,,,,,,
12059,103225698,68E3C56A-12B8-44B5-B7C8-49DD0D9FA7DF,Wells Branch Community Library District,2026,BrdMem,,Jennifer,,Klein,Trustee,,,,,0,,,,,,,
12060,103225698,68E3C56A-12B8-44B5-B7C8-49DD0D9FA7DF,Wells Branch Community Library District,2026,BrdMem,,Matt,,Bucher,Trustee,,,,,0,,,,,,,
12272,103225702,B900685D-F94E-4297-8BD6-A7D9F1251C8D,Wilson County Memorial Hospital District,2018,BrdMem,,Inez,,McBride,Board Member,,,,,0,,,,,,,
12273,103225702,B900685D-F94E-4297-8BD6-A7D9F1251C8D,Wilson County Memorial Hospital District,2018,BrdMem,,Marcelo,,Laijas,Board Member,,,,,0,,,,,,,
12274,103225702,B900685D-F94E-4297-8BD6-A7D9F1251C8D,Wilson County Memorial Hospital District,2018,BrdMem,,David,,Watson,Board Member,,,,,0,,,,,,,
12275,103225702,B900685D-F94E-4297-8BD6-A7D9F1251C8D,Wilson County Memorial Hospital District,2018,BrdMem,,Tom,,Miller,Board Member,,,,,0,,,,,,,
12276,103225702,B900685D-F94E-4297-8BD6-A7D9F1251C8D,Wilson County Memorial Hospital District,2018,BrdMem,,Michael,,Smith,Board Member,,,,,0,,,,,,,
12277,103225702,B900685D-F94E-4297-8BD6-A7D9F1251C8D,Wilson County Memorial Hospital District,2018,BrdMem,,Kay,,Deagen,Board Member,,,,,0,,,,,,,
12278,103225702,B900685D-F94E-4297-8BD6-A7D9F1251C8D,Wilson County Memorial Hospital District,2018,BrdMem,,Carl,,Blond,M.D. Chief of Staff,,,,,0,,,,,,,
12279,103225702,B900685D-F94E-4297-8BD6-A7D9F1251C8D,Wilson County Memorial Hospital District,2018,BrdMem,,Allison,,Lamberth,Board Member,,,,,0,,,,,,,
12280,103225702,B900685D-F94E-4297-8BD6-A7D9F1251C8D,Wilson County Memorial Hospital District,2018,BrdMem,,Larry,,Richardson,Board Chairman,,,,,0,,,,,,,
12281,103225702,B900685D-F94E-4297-8BD6-A7D9F1251C8D,Wilson County Memorial Hospital District,2018,BrdMem,,Jeremy,,Riney,CEO,,,,,0,,,,,,,
12285,103225702,A364F87F-E72F-4D20-A321-B6F395F09CF4,Wilson County Memorial Hospital District,2019,BrdMem,,Allison,,Lamberth,Board Member,,,,,0,,,,,,,
12286,103225702,A364F87F-E72F-4D20-A321-B6F395F09CF4,Wilson County Memorial Hospital District,2019,BrdMem,,Marcelo,,Laijas,Board Member,,,,,0,,,,,,,
12287,103225702,A364F87F-E72F-4D20-A321-B6F395F09CF4,Wilson County Memorial Hospital District,2019,BrdMem,,Bob,,Gillespie,CEO,,,,,0,,,,,,,
12288,103225702,A364F87F-E72F-4D20-A321-B6F395F09CF4,Wilson County Memorial Hospital District,2019,BrdMem,,Larry,,Richardson,Board Chairman,,,,,0,,,,,,,
12289,103225702,A364F87F-E72F-4D20-A321-B6F395F09CF4,Wilson County Memorial Hospital District,2019,BrdMem,,Joshua,,Warner,Board Member,,,,,0,,,,,,,
12290,103225702,A364F87F-E72F-4D20-A321-B6F395F09CF4,Wilson County Memorial Hospital District,2019,BrdMem,,Carl,,Blond,M.D. Chief of Staff,,,,,0,,,,,,,
12291,103225702,A364F87F-E72F-4D20-A321-B6F395F09CF4,Wilson County Memorial Hospital District,2019,BrdMem,,Tom,,Miller,Board Member,,,,,0,,,,,,,
12292,103225702,A364F87F-E72F-4D20-A321-B6F395F09CF4,Wilson County Memorial Hospital District,2019,BrdMem,,Grace,,Perez,Board Member,,,,,0,,,,,,,
12293,103225702,A364F87F-E72F-4D20-A321-B6F395F09CF4,Wilson County Memorial Hospital District,2019,BrdMem,,Kay,,Deagen,Board Member,,,,,0,,,,,,,
12294,103225702,A364F87F-E72F-4D20-A321-B6F395F09CF4,Wilson County Memorial Hospital District,2019,BrdMem,,Jeff,,Jordan,Board Member,,,,,0,,,,,,,
12298,103225702,30567555-93C8-43A4-BB22-31D40A9CA532,Wilson County Memorial Hospital District,2020,BrdMem,,Allison,,Lamberth,Board Member,,,,,0,,,,,,,
12299,103225702,30567555-93C8-43A4-BB22-31D40A9CA532,Wilson County Memorial Hospital District,2020,BrdMem,,Justin,,Cook,Board Member,,,,,0,,,,,,,
12300,103225702,30567555-93C8-43A4-BB22-31D40A9CA532,Wilson County Memorial Hospital District,2020,BrdMem,,Bob,,Gillespie,CEO,,,,,0,,,,,,,
12301,103225702,30567555-93C8-43A4-BB22-31D40A9CA532,Wilson County Memorial Hospital District,2020,BrdMem,,Tom,,Miller,Board Member,,,,,0,,,,,,,
12302,103225702,30567555-93C8-43A4-BB22-31D40A9CA532,Wilson County Memorial Hospital District,2020,BrdMem,,Sam,,Carter,Board Member,,,,,0,,,,,,,
12303,103225702,30567555-93C8-43A4-BB22-31D40A9CA532,Wilson County Memorial Hospital District,2020,BrdMem,,Jeff,,Jordan,Board Member,,,,,0,,,,,,,
12304,103225702,30567555-93C8-43A4-BB22-31D40A9CA532,Wilson County Memorial Hospital District,2020,BrdMem,,Carl,,Blond,M.D. Chief of Staff,,,,,0,,,,,,,
12305,103225702,30567555-93C8-43A4-BB22-31D40A9CA532,Wilson County Memorial Hospital District,2020,BrdMem,,Larry,,Richardson,Board Chairman,,,,,0,,,,,,,
12306,103225702,30567555-93C8-43A4-BB22-31D40A9CA532,Wilson County Memorial Hospital District,2020,BrdMem,,Marcelo,,Laijas,Board Member,,,,,0,,,,,,,
12310,103225702,2CEE4E3E-3F0F-45C8-84C2-5358F9C05D3D,Wilson County Memorial Hospital District,2021,BrdMem,,Jeff,,Jordan,Board Member,,,,,0,,,,,,,
12311,103225702,2CEE4E3E-3F0F-45C8-84C2-5358F9C05D3D,Wilson County Memorial Hospital District,2021,BrdMem,,Sam,,Carter,Board Member,,,,,0,,,,,,,
12312,103225702,2CEE4E3E-3F0F-45C8-84C2-5358F9C05D3D,Wilson County Memorial Hospital District,2021,BrdMem,,Tom,,Miller,Board Member,,,,,0,,,,,,,
12313,103225702,2CEE4E3E-3F0F-45C8-84C2-5358F9C05D3D,Wilson County Memorial Hospital District,2021,BrdMem,,Carl,,Blond,M.D. Chief of Staff,,,,,0,,,,,,,
12314,103225702,2CEE4E3E-3F0F-45C8-84C2-5358F9C05D3D,Wilson County Memorial Hospital District,2021,BrdMem,,Larry,,Richardson,Board Chairman,,,,,0,,,,,,,
12315,103225702,2CEE4E3E-3F0F-45C8-84C2-5358F9C05D3D,Wilson County Memorial Hospital District,2021,BrdMem,,Justin,,Cook,Board Member,,,,,0,,,,,,,
12316,103225702,2CEE4E3E-3F0F-45C8-84C2-5358F9C05D3D,Wilson County Memorial Hospital District,2021,BrdMem,,Marcelo,,Laijas,Board Member,,,,,0,,,,,,,
12317,103225702,2CEE4E3E-3F0F-45C8-84C2-5358F9C05D3D,Wilson County Memorial Hospital District,2021,BrdMem,,Allison,,Lamberth,Board Member,,,,,0,,,,,,,
12318,103225702,2CEE4E3E-3F0F-45C8-84C2-5358F9C05D3D,Wilson County Memorial Hospital District,2021,BrdMem,,Bob,,Gillespie,CEO,,,,,0,,,,,,,
12322,103225702,6E8460F9-B67E-4B7F-8B20-7B7F90645F46,Wilson County Memorial Hospital District,2022,BrdMem,,Bonna,,Reed,Board Member,,,,,0,,,,,,,
12323,103225702,6E8460F9-B67E-4B7F-8B20-7B7F90645F46,Wilson County Memorial Hospital District,2022,BrdMem,,Tom,,Miller,Board Member,,,,,0,,,,,,,
12324,103225702,6E8460F9-B67E-4B7F-8B20-7B7F90645F46,Wilson County Memorial Hospital District,2022,BrdMem,,Marcelo,,Laijas,Board Member,,,,,0,,,,,,,
12325,103225702,6E8460F9-B67E-4B7F-8B20-7B7F90645F46,Wilson County Memorial Hospital District,2022,BrdMem,,Justin,,Cook,Board Member,,,,,0,,,,,,,
12326,103225702,6E8460F9-B67E-4B7F-8B20-7B7F90645F46,Wilson County Memorial Hospital District,2022,BrdMem,,Allison,,Lamberth,Board Member,,,,,0,,,,,,,
12327,103225702,6E8460F9-B67E-4B7F-8B20-7B7F90645F46,Wilson County Memorial Hospital District,2022,BrdMem,,Carl,,Blond,M.D. Chief of Staff,,,,,0,,,,,,,
12328,103225702,6E8460F9-B67E-4B7F-8B20-7B7F90645F46,Wilson County Memorial Hospital District,2022,BrdMem,,Don,,Finley,Board Member,,,,,0,,,,,,,
12329,103225702,6E8460F9-B67E-4B7F-8B20-7B7F90645F46,Wilson County Memorial Hospital District,2022,BrdMem,,Nick,,Janysek,Board Member,,,,,0,,,,,,,
12330,103225702,6E8460F9-B67E-4B7F-8B20-7B7F90645F46,Wilson County Memorial Hospital District,2022,BrdMem,,Larry,,Richardson,Board Chairman,,,,,0,,,,,,,
12331,103225702,6E8460F9-B67E-4B7F-8B20-7B7F90645F46,Wilson County Memorial Hospital District,2022,BrdMem,,Bob,,Gillespie,CEO,,,,,0,,,,,,,
12335,103225702,D04D125F-083F-46DE-B362-60A2E5D7AF4D,Wilson County Memorial Hospital District,2023,BrdMem,,Don,,Finley,Board Member,,,,,0,,,,,,,
12336,103225702,D04D125F-083F-46DE-B362-60A2E5D7AF4D,Wilson County Memorial Hospital District,2023,BrdMem,,Larry,,Richardson,Board Chairman,,,,,0,,,,,,,
12337,103225702,D04D125F-083F-46DE-B362-60A2E5D7AF4D,Wilson County Memorial Hospital District,2023,BrdMem,,Marcelo,,Laijas,Board Member,,,,,0,,,,,,,
12338,103225702,D04D125F-083F-46DE-B362-60A2E5D7AF4D,Wilson County Memorial Hospital District,2023,BrdMem,,Bonna,,Reed,Board Member,,,,,0,,,,,,,
12339,103225702,D04D125F-083F-46DE-B362-60A2E5D7AF4D,Wilson County Memorial Hospital District,2023,BrdMem,,Nick,,Janysek,Board Member,,,,,0,,,,,,,
12340,103225702,D04D125F-083F-46DE-B362-60A2E5D7AF4D,Wilson County Memorial Hospital District,2023,BrdMem,,Steve,,Browning,Board Member,,,,,0,,,,,,,
12341,103225702,D04D125F-083F-46DE-B362-60A2E5D7AF4D,Wilson County Memorial Hospital District,2023,BrdMem,,Tom,,Miller,Board Member,,,,,0,,,,,,,
12342,103225702,D04D125F-083F-46DE-B362-60A2E5D7AF4D,Wilson County Memorial Hospital District,2023,BrdMem,,Carl,,Blond,M.D. Chief of Staff,,,,,0,,,,,,,
12343,103225702,D04D125F-083F-46DE-B362-60A2E5D7AF4D,Wilson County Memorial Hospital District,2023,BrdMem,,Allison,,Lamberth,Board Member,,,,,0,,,,,,,
12344,103225702,D04D125F-083F-46DE-B362-60A2E5D7AF4D,Wilson County Memorial Hospital District,2023,BrdMem,,Justin,,Cook,Board Member,,,,,0,,,,,,,
12345,103225702,D04D125F-083F-46DE-B362-60A2E5D7AF4D,Wilson County Memorial Hospital District,2023,BrdMem,,Bob,,Gillespie,CEO,,,,,0,,,,,,,
12349,103225702,55EE943B-EC6C-44C5-8AB0-F1194FCDDAFD,Wilson County Memorial Hospital District,2024,BrdMem,,Allison,,Lamberth,Board Member,,,,,0,,,,,,,
12350,103225702,55EE943B-EC6C-44C5-8AB0-F1194FCDDAFD,Wilson County Memorial Hospital District,2024,BrdMem,,Steve,,Browning,Board Member,,,,,0,,,,,,,
12351,103225702,55EE943B-EC6C-44C5-8AB0-F1194FCDDAFD,Wilson County Memorial Hospital District,2024,BrdMem,,Bob,,Gillespie,CEO,,,,,0,,,,,,,
12352,103225702,55EE943B-EC6C-44C5-8AB0-F1194FCDDAFD,Wilson County Memorial Hospital District,2024,BrdMem,,Larry,,Richardson,Board Chairman,,,,,0,,,,,,,
12353,103225702,55EE943B-EC6C-44C5-8AB0-F1194FCDDAFD,Wilson County Memorial Hospital District,2024,BrdMem,,Randy,,Bruett,Board Member,,,,,0,,,,,,,
12354,103225702,55EE943B-EC6C-44C5-8AB0-F1194FCDDAFD,Wilson County Memorial Hospital District,2024,BrdMem,,Don,,Finley,Board Member,,,,,0,,,,,,,
12355,103225702,55EE943B-EC6C-44C5-8AB0-F1194FCDDAFD,Wilson County Memorial Hospital District,2024,BrdMem,,Justin,,Cook,Board Member,,,,,0,,,,,,,
12356,103225702,55EE943B-EC6C-44C5-8AB0-F1194FCDDAFD,Wilson County Memorial Hospital District,2024,BrdMem,,Marcelo,,Laijas,Board Member,,,,,0,,,,,,,
12357,103225702,55EE943B-EC6C-44C5-8AB0-F1194FCDDAFD,Wilson County Memorial Hospital District,2024,BrdMem,,Bonna,,Reed,Board Member,,,,,0,,,,,,,
12361,103225702,EF75F727-9A6B-47C2-8E75-99EBE0C583FA,Wilson County Memorial Hospital District,2025,BrdMem,,Randy,,Bruett,Board Member,,,,,0,,,,,,,
12362,103225702,EF75F727-9A6B-47C2-8E75-99EBE0C583FA,Wilson County Memorial Hospital District,2025,BrdMem,,Allison,,Lamberth,Board Member,,,,,0,,,,,,,
12363,103225702,EF75F727-9A6B-47C2-8E75-99EBE0C583FA,Wilson County Memorial Hospital District,2025,BrdMem,,Justin,,Cook,Board Member,,,,,0,,,,,,,
12364,103225702,EF75F727-9A6B-47C2-8E75-99EBE0C583FA,Wilson County Memorial Hospital District,2025,BrdMem,,Bonna,,Reed,Board Member,,,,,0,,,,,,,
12365,103225702,EF75F727-9A6B-47C2-8E75-99EBE0C583FA,Wilson County Memorial Hospital District,2025,BrdMem,,Steve,,Browning,Board Member,,,,,0,,,,,,,
12366,103225702,EF75F727-9A6B-47C2-8E75-99EBE0C583FA,Wilson County Memorial Hospital District,2025,BrdMem,,Larry,,Richardson,Board Chairman,,,,,0,,,,,,,
12367,103225702,EF75F727-9A6B-47C2-8E75-99EBE0C583FA,Wilson County Memorial Hospital District,2025,BrdMem,,Bob,,Gillespie,CEO,,,,,0,,,,,,,
12368,103225702,EF75F727-9A6B-47C2-8E75-99EBE0C583FA,Wilson County Memorial Hospital District,2025,BrdMem,,Don,,Finley,Board Member,,,,,0,,,,,,,
12369,103225702,EF75F727-9A6B-47C2-8E75-99EBE0C583FA,Wilson County Memorial Hospital District,2025,BrdMem,,Marcelo,,Laijas,Board Member,,,,,0,,,,,,,
12373,103225702,FB689EEB-6ABA-49DB-A575-5BAF67CE0BD4,Wilson County Memorial Hospital District,2026,BrdMem,,Randy,,Bruett,Board Member,,,,,0,,,,,,,
12374,103225702,FB689EEB-6ABA-49DB-A575-5BAF67CE0BD4,Wilson County Memorial Hospital District,2026,BrdMem,,Steve,,Browning,Board Member,,,,,0,,,,,,,
12375,103225702,FB689EEB-6ABA-49DB-A575-5BAF67CE0BD4,Wilson County Memorial Hospital District,2026,BrdMem,,Allison,,Lamberth,Board Member,,,,,0,,,,,,,
12376,103225702,FB689EEB-6ABA-49DB-A575-5BAF67CE0BD4,Wilson County Memorial Hospital District,2026,BrdMem,,Bob,,Gillespie,CEO,,,,,0,,,,,,,
12377,103225702,FB689EEB-6ABA-49DB-A575-5BAF67CE0BD4,Wilson County Memorial Hospital District,2026,BrdMem,,Marcelo,,Laijas,Board Member,,,,,0,,,,,,,
12378,103225702,FB689EEB-6ABA-49DB-A575-5BAF67CE0BD4,Wilson County Memorial Hospital District,2026,BrdMem,,Larry,,Richardson,Board Chairman,,,,,0,,,,,,,
12379,103225702,FB689EEB-6ABA-49DB-A575-5BAF67CE0BD4,Wilson County Memorial Hospital District,2026,BrdMem,,Justin,,Cook,Board Member,,,,,0,,,,,,,
12380,103225702,FB689EEB-6ABA-49DB-A575-5BAF67CE0BD4,Wilson County Memorial Hospital District,2026,BrdMem,,Don,,Finley,Board Member,,,,,0,,,,,,,
12384,103225703,2AC0718E-65E8-4061-B143-433ECEE732CD,Somervell County Hospital District,2018,BrdMem,,PAT,,BRUCE,MEMBER,,,,,0,,,,,,,
12385,103225703,2AC0718E-65E8-4061-B143-433ECEE732CD,Somervell County Hospital District,2018,BrdMem,,DR. STEVEN,,VACEK,MEMBER,,,,,0,,,,,,,
12386,103225703,2AC0718E-65E8-4061-B143-433ECEE732CD,Somervell County Hospital District,2018,BrdMem,,BRETT,,NABORS,VICE PRESIDENT,,,,,0,,,,,,,
12387,103225703,2AC0718E-65E8-4061-B143-433ECEE732CD,Somervell County Hospital District,2018,BrdMem,,PAM,,PARSONS,MEMBER,,,,,0,,,,,,,
12388,103225703,2AC0718E-65E8-4061-B143-433ECEE732CD,Somervell County Hospital District,2018,BrdMem,,DWAYNE,,GRIFFIN,MEMBER,,,,,0,,,,,,,
12389,103225703,2AC0718E-65E8-4061-B143-433ECEE732CD,Somervell County Hospital District,2018,BrdMem,,MARGARET,,DRAKE,MEMBER,,,,,0,,,,,,,
12390,103225703,2AC0718E-65E8-4061-B143-433ECEE732CD,Somervell County Hospital District,2018,BrdMem,,RON,,HANKINS,PRESIDENT,,,,,0,,,,,,,
12394,103225703,BE698161-DE45-4FAB-95AE-87288260AF7D,Somervell County Hospital District,2019,BrdMem,,PAT,,BRUCE,MEMBER,,,,,0,,,,,,,
12395,103225703,BE698161-DE45-4FAB-95AE-87288260AF7D,Somervell County Hospital District,2019,BrdMem,,PAM,,PARSONS,MEMBER,,,,,0,,,,,,,
12396,103225703,BE698161-DE45-4FAB-95AE-87288260AF7D,Somervell County Hospital District,2019,BrdMem,,BRETT,,NABORS,VICE PRESIDENT,,,,,0,,,,,,,
12397,103225703,BE698161-DE45-4FAB-95AE-87288260AF7D,Somervell County Hospital District,2019,BrdMem,,RON,,HANKINS,PRESIDENT,,,,,0,,,,,,,
12398,103225703,BE698161-DE45-4FAB-95AE-87288260AF7D,Somervell County Hospital District,2019,BrdMem,,MARGARET,,DRAKE,MEMBER,,,,,0,,,,,,,
12399,103225703,BE698161-DE45-4FAB-95AE-87288260AF7D,Somervell County Hospital District,2019,BrdMem,,DR. STEVEN,,VACEK,MEMBER,,,,,0,,,,,,,
12400,103225703,BE698161-DE45-4FAB-95AE-87288260AF7D,Somervell County Hospital District,2019,BrdMem,,DWAYNE,,GRIFFIN,MEMBER,,,,,0,,,,,,,
12404,103225703,FC85E275-B1F6-40DB-8798-AFCBD513355F,Somervell County Hospital District,2021,BrdMem,,JEANNIE,,SIMPSON,MEMBER,,,,,0,,,,,,,
12405,103225703,FC85E275-B1F6-40DB-8798-AFCBD513355F,Somervell County Hospital District,2021,BrdMem,,BRETT,,NABORS,VICE PRESIDENT,,,,,0,,,,,,,
12406,103225703,FC85E275-B1F6-40DB-8798-AFCBD513355F,Somervell County Hospital District,2021,BrdMem,,RON,,HANKINS,PRESIDENT,,,,,0,,,,,,,
12407,103225703,FC85E275-B1F6-40DB-8798-AFCBD513355F,Somervell County Hospital District,2021,BrdMem,,MARGARET,,DRAKE,MEMBER,,,,,0,,,,,,,
12408,103225703,FC85E275-B1F6-40DB-8798-AFCBD513355F,Somervell County Hospital District,2021,BrdMem,,BRYAN,,BARNES,MEMBER,,,,,0,,,,,,,
12409,103225703,FC85E275-B1F6-40DB-8798-AFCBD513355F,Somervell County Hospital District,2021,BrdMem,,MAX,,BLY,MEMBER,,,,,0,,,,,,,
12410,103225703,FC85E275-B1F6-40DB-8798-AFCBD513355F,Somervell County Hospital District,2021,BrdMem,,DR. STEVEN,,VACEK,MEMBER,,,,,0,,,,,,,
12414,103225703,24E80F07-FFD5-46B9-BE16-B14EC22756F4,Somervell County Hospital District,2022,BrdMem,,JOE,,CATHEY,MEMBER,,,,,0,,,,,,,
12415,103225703,24E80F07-FFD5-46B9-BE16-B14EC22756F4,Somervell County Hospital District,2022,BrdMem,,DR. STEVEN,,VACEK,MEMBER,,,,,0,,,,,,,
12416,103225703,24E80F07-FFD5-46B9-BE16-B14EC22756F4,Somervell County Hospital District,2022,BrdMem,,RON,,HANKINS,PRESIDENT,,,,,0,,,,,,,
12417,103225703,24E80F07-FFD5-46B9-BE16-B14EC22756F4,Somervell County Hospital District,2022,BrdMem,,BRETT,,NABORS,VICE PRESIDENT,,,,,0,,,,,,,
12418,103225703,24E80F07-FFD5-46B9-BE16-B14EC22756F4,Somervell County Hospital District,2022,BrdMem,,MAX,,BLY,MEMBER,,,,,0,,,,,,,
12419,103225703,24E80F07-FFD5-46B9-BE16-B14EC22756F4,Somervell County Hospital District,2022,BrdMem,,MARY,,COLLIER,MEMBER,,,,,0,,,,,,,
12420,103225703,24E80F07-FFD5-46B9-BE16-B14EC22756F4,Somervell County Hospital District,2022,BrdMem,,MARGARET,,DRAKE,MEMBER,,,,,0,,,,,,,
12424,103225703,76229753-1944-45D7-A733-BF2EDD4D8FE7,Somervell County Hospital District,2023,BrdMem,,RON,,HANKINS,PRESIDENT,,,,,0,,,,,,,
12425,103225703,76229753-1944-45D7-A733-BF2EDD4D8FE7,Somervell County Hospital District,2023,BrdMem,,BRETT,,NABORS,VICE PRESIDENT,,,,,0,,,,,,,
12426,103225703,76229753-1944-45D7-A733-BF2EDD4D8FE7,Somervell County Hospital District,2023,BrdMem,,JOE,,CATHEY,MEMBER,,,,,0,,,,,,,
12427,103225703,76229753-1944-45D7-A733-BF2EDD4D8FE7,Somervell County Hospital District,2023,BrdMem,,MARY,,COLLIER,MEMBER,,,,,0,,,,,,,
12428,103225703,76229753-1944-45D7-A733-BF2EDD4D8FE7,Somervell County Hospital District,2023,BrdMem,,DR. STEVEN,,VACEK,MEMBER,,,,,0,,,,,,,
12429,103225703,76229753-1944-45D7-A733-BF2EDD4D8FE7,Somervell County Hospital District,2023,BrdMem,,MAX,,BLY,MEMBER,,,,,0,,,,,,,
12430,103225703,76229753-1944-45D7-A733-BF2EDD4D8FE7,Somervell County Hospital District,2023,BrdMem,,MARGARET,,DRAKE,MEMBER,,,,,0,,,,,,,
12434,103225703,65E5E5B4-1BB1-4999-8193-59A04A4C13A3,Somervell County Hospital District,2024,BrdMem,,DR. STEVEN,,VACEK,MEMBER,,,,,0,,,,,,,
12435,103225703,65E5E5B4-1BB1-4999-8193-59A04A4C13A3,Somervell County Hospital District,2024,BrdMem,,JOE,,CATHEY,MEMBER,,,,,0,,,,,,,
12436,103225703,65E5E5B4-1BB1-4999-8193-59A04A4C13A3,Somervell County Hospital District,2024,BrdMem,,Max,,Bly,Vice President,,,,,0,,,,,,,
12437,103225703,65E5E5B4-1BB1-4999-8193-59A04A4C13A3,Somervell County Hospital District,2024,BrdMem,,MARY,,COLLIER,MEMBER,,,,,0,,,,,,,
12438,103225703,65E5E5B4-1BB1-4999-8193-59A04A4C13A3,Somervell County Hospital District,2024,BrdMem,,Tracy,,Byers,Member,,,,,0,,,,,,,
12439,103225703,65E5E5B4-1BB1-4999-8193-59A04A4C13A3,Somervell County Hospital District,2024,BrdMem,,RON,,HANKINS,PRESIDENT,,,,,0,,,,,,,
12440,103225703,65E5E5B4-1BB1-4999-8193-59A04A4C13A3,Somervell County Hospital District,2024,BrdMem,,MARGARET,,DRAKE,MEMBER,,,,,0,,,,,,,
12444,103225703,029F0E64-D54F-4F7D-B3B9-056A9E8D2CB7,Somervell County Hospital District,2025,BrdMem,,DR. STEVEN,,VACEK,MEMBER,,,,,0,,,,,,,
12445,103225703,029F0E64-D54F-4F7D-B3B9-056A9E8D2CB7,Somervell County Hospital District,2025,BrdMem,,MARY,,COLLIER,MEMBER,,,,,0,,,,,,,
12446,103225703,029F0E64-D54F-4F7D-B3B9-056A9E8D2CB7,Somervell County Hospital District,2025,BrdMem,,MARGARET,,DRAKE,MEMBER,,,,,0,,,,,,,
12447,103225703,029F0E64-D54F-4F7D-B3B9-056A9E8D2CB7,Somervell County Hospital District,2025,BrdMem,,Max,,Bly,Vice President,,,,,0,,,,,,,
12448,103225703,029F0E64-D54F-4F7D-B3B9-056A9E8D2CB7,Somervell County Hospital District,2025,BrdMem,,RON,,HANKINS,PRESIDENT,,,,,0,,,,,,,
12449,103225703,029F0E64-D54F-4F7D-B3B9-056A9E8D2CB7,Somervell County Hospital District,2025,BrdMem,,JOE,,CATHEY,MEMBER,,,,,0,,,,,,,
12450,103225703,029F0E64-D54F-4F7D-B3B9-056A9E8D2CB7,Somervell County Hospital District,2025,BrdMem,,Tracy,,Byers,Member,,,,,0,,,,,,,
12454,103225703,A4E3E63E-A8DF-4813-A135-9E737A724EB9,Somervell County Hospital District,2026,BrdMem,,DR. STEVEN,,VACEK,MEMBER,,,,,0,,,,,,,
12455,103225703,A4E3E63E-A8DF-4813-A135-9E737A724EB9,Somervell County Hospital District,2026,BrdMem,,MARGARET,,DRAKE,MEMBER,,,,,0,,,,,,,
12456,103225703,A4E3E63E-A8DF-4813-A135-9E737A724EB9,Somervell County Hospital District,2026,BrdMem,,Max,,Bly,Vice President,,,,,0,,,,,,,
12457,103225703,A4E3E63E-A8DF-4813-A135-9E737A724EB9,Somervell County Hospital District,2026,BrdMem,,MARY,,COLLIER,MEMBER,,,,,0,,,,,,,
12458,103225703,A4E3E63E-A8DF-4813-A135-9E737A724EB9,Somervell County Hospital District,2026,BrdMem,,Tracy,,Byers,Member,,,,,0,,,,,,,
12459,103225703,A4E3E63E-A8DF-4813-A135-9E737A724EB9,Somervell County Hospital District,2026,BrdMem,,RON,,HANKINS,PRESIDENT,,,,,0,,,,,,,
12460,103225703,A4E3E63E-A8DF-4813-A135-9E737A724EB9,Somervell County Hospital District,2026,BrdMem,,JOE,,CATHEY,MEMBER,,,,,0,,,,,,,
13665,103225718,7BA7799E-E1DC-4C80-8DFF-5BE723422E0D,Donley County Hospital District,2018,BrdMem,,Lori,,Howard,Director,,,,,0,,,,,,,
13666,103225718,7BA7799E-E1DC-4C80-8DFF-5BE723422E0D,Donley County Hospital District,2018,BrdMem,,Melinda,,McAnear,President,,,,,0,,,,,,,
13667,103225718,7BA7799E-E1DC-4C80-8DFF-5BE723422E0D,Donley County Hospital District,2018,BrdMem,,Jeff,,Robertson,Director,,,,,0,,,,,,,
13668,103225718,7BA7799E-E1DC-4C80-8DFF-5BE723422E0D,Donley County Hospital District,2018,BrdMem,,Jan,,Farris,Director,,,,,0,,,,,,,
13669,103225718,7BA7799E-E1DC-4C80-8DFF-5BE723422E0D,Donley County Hospital District,2018,BrdMem,,Wayne,,Tubbs,Director,,,,,0,,,,,,,
13670,103225718,7BA7799E-E1DC-4C80-8DFF-5BE723422E0D,Donley County Hospital District,2018,BrdMem,,Mark,,White,VP,,,,,0,,,,,,,
13671,103225718,7BA7799E-E1DC-4C80-8DFF-5BE723422E0D,Donley County Hospital District,2018,BrdMem,,Nikki,,Adams,Director,,,,,0,,,,,,,
13676,103225718,F2D043BF-2BBA-4483-B1A1-152DD133C50A,Donley County Hospital District,2019,BrdMem,,Mark,,White,VP,,,,,0,,,,,,,
13677,103225718,F2D043BF-2BBA-4483-B1A1-152DD133C50A,Donley County Hospital District,2019,BrdMem,,Lori,,Howard,Director,,,,,0,,,,,,,
13678,103225718,F2D043BF-2BBA-4483-B1A1-152DD133C50A,Donley County Hospital District,2019,BrdMem,,Melinda,,McAnear,President,,,,,0,,,,,,,
13679,103225718,F2D043BF-2BBA-4483-B1A1-152DD133C50A,Donley County Hospital District,2019,BrdMem,,Nikki,,Adams,Director,,,,,0,,,,,,,
13680,103225718,F2D043BF-2BBA-4483-B1A1-152DD133C50A,Donley County Hospital District,2019,BrdMem,,Jeff,,Robertson,Director,,,,,0,,,,,,,
13681,103225718,F2D043BF-2BBA-4483-B1A1-152DD133C50A,Donley County Hospital District,2019,BrdMem,,Wayne,,Tubbs,Director,,,,,0,,,,,,,
13682,103225718,F2D043BF-2BBA-4483-B1A1-152DD133C50A,Donley County Hospital District,2019,BrdMem,,Jan,,Farris,Director,,,,,0,,,,,,,
13687,103225718,59052F66-E990-4DEE-ADEB-2C8FE2176655,Donley County Hospital District,2020,BrdMem,,Melinda,,McAnear,President,,,,,0,,,,,,,
13688,103225718,59052F66-E990-4DEE-ADEB-2C8FE2176655,Donley County Hospital District,2020,BrdMem,,Jan,,Farris,Director,,,,,0,,,,,,,
13689,103225718,59052F66-E990-4DEE-ADEB-2C8FE2176655,Donley County Hospital District,2020,BrdMem,,Jeff,,Robertson,Director,,,,,0,,,,,,,
13690,103225718,59052F66-E990-4DEE-ADEB-2C8FE2176655,Donley County Hospital District,2020,BrdMem,,Lori,,Howard,Director,,,,,0,,,,,,,
13691,103225718,59052F66-E990-4DEE-ADEB-2C8FE2176655,Donley County Hospital District,2020,BrdMem,,Rose,,Lemley,Director,,,,,0,,,,,,,
13692,103225718,59052F66-E990-4DEE-ADEB-2C8FE2176655,Donley County Hospital District,2020,BrdMem,,Mark,,White,Vice President,,,,,0,,,,,,,
13693,103225718,59052F66-E990-4DEE-ADEB-2C8FE2176655,Donley County Hospital District,2020,BrdMem,,Nikki,,Adams,Director,,,,,0,,,,,,,
13698,103225718,34B52ECE-3995-48BD-A74A-AA3E712B9C4F,Donley County Hospital District,2021,BrdMem,,Nikki,,Adams,Director,,,,,0,,,,,,,
13699,103225718,34B52ECE-3995-48BD-A74A-AA3E712B9C4F,Donley County Hospital District,2021,BrdMem,,Lori,,Howard,Director,,,,,0,,,,,,,
13700,103225718,34B52ECE-3995-48BD-A74A-AA3E712B9C4F,Donley County Hospital District,2021,BrdMem,,Melinda,,McAnear,President,,,,,0,,,,,,,
13701,103225718,34B52ECE-3995-48BD-A74A-AA3E712B9C4F,Donley County Hospital District,2021,BrdMem,,Jan,,Farris,Director,,,,,0,,,,,,,
13702,103225718,34B52ECE-3995-48BD-A74A-AA3E712B9C4F,Donley County Hospital District,2021,BrdMem,,Mark,,White,Vice President,,,,,0,,,,,,,
13703,103225718,34B52ECE-3995-48BD-A74A-AA3E712B9C4F,Donley County Hospital District,2021,BrdMem,,Rose,,Lemley,Director,,,,,0,,,,,,,
13704,103225718,34B52ECE-3995-48BD-A74A-AA3E712B9C4F,Donley County Hospital District,2021,BrdMem,,Jeff,,Robertson,Director,,,,,0,,,,,,,
13709,103225718,0893D1FC-6232-415F-B53A-EBEF7A7E436B,Donley County Hospital District,2022,BrdMem,,Mark,,White,Vice President,,,,,0,,,,,,,
13710,103225718,0893D1FC-6232-415F-B53A-EBEF7A7E436B,Donley County Hospital District,2022,BrdMem,,Jeff,,Robertson,Director,,,,,0,,,,,,,
13711,103225718,0893D1FC-6232-415F-B53A-EBEF7A7E436B,Donley County Hospital District,2022,BrdMem,,Melinda,,McAnear,President,,,,,0,,,,,,,
13712,103225718,0893D1FC-6232-415F-B53A-EBEF7A7E436B,Donley County Hospital District,2022,BrdMem,,Nikki,,Adams,Director,,,,,0,,,,,,,
13713,103225718,0893D1FC-6232-415F-B53A-EBEF7A7E436B,Donley County Hospital District,2022,BrdMem,,Lori,,Howard,Director,,,,,0,,,,,,,
13714,103225718,0893D1FC-6232-415F-B53A-EBEF7A7E436B,Donley County Hospital District,2022,BrdMem,,Rose,,Lemley,Director,,,,,0,,,,,,,
13715,103225718,0893D1FC-6232-415F-B53A-EBEF7A7E436B,Donley County Hospital District,2022,BrdMem,,Jan,,Farris,Director,,,,,0,,,,,,,
13720,103225718,7E02B313-16A6-4D8A-B033-DFF71F2BB4E4,Donley County Hospital District,2023,BrdMem,,Rose,,Lemley,Director,,,,,0,,,,,,,
13721,103225718,7E02B313-16A6-4D8A-B033-DFF71F2BB4E4,Donley County Hospital District,2023,BrdMem,,Nikki,,Adams,Director,,,,,0,,,,,,,
13722,103225718,7E02B313-16A6-4D8A-B033-DFF71F2BB4E4,Donley County Hospital District,2023,BrdMem,,Jan,,Farris,Director,,,,,0,,,,,,,
13723,103225718,7E02B313-16A6-4D8A-B033-DFF71F2BB4E4,Donley County Hospital District,2023,BrdMem,,Mark,,White,Vice President,,,,,0,,,,,,,
13724,103225718,7E02B313-16A6-4D8A-B033-DFF71F2BB4E4,Donley County Hospital District,2023,BrdMem,,Melinda,,McAnear,President,,,,,0,,,,,,,
13725,103225718,7E02B313-16A6-4D8A-B033-DFF71F2BB4E4,Donley County Hospital District,2023,BrdMem,,Jeff,,Robertson,Director,,,,,0,,,,,,,
13726,103225718,7E02B313-16A6-4D8A-B033-DFF71F2BB4E4,Donley County Hospital District,2023,BrdMem,,Lori,,Howard,Director,,,,,0,,,,,,,
13731,103225718,DC073A06-F5BD-4172-9DC3-D47B578CCE1A,Donley County Hospital District,2024,BrdMem,,Nikki,,Adams,Director,,,,,0,,,,,,,
13732,103225718,DC073A06-F5BD-4172-9DC3-D47B578CCE1A,Donley County Hospital District,2024,BrdMem,,Mark,,White,Vice President,,,,,0,,,,,,,
13733,103225718,DC073A06-F5BD-4172-9DC3-D47B578CCE1A,Donley County Hospital District,2024,BrdMem,,Jeff,,Robertson,Director,,,,,0,,,,,,,
13734,103225718,DC073A06-F5BD-4172-9DC3-D47B578CCE1A,Donley County Hospital District,2024,BrdMem,,Rose,,Lemley,Director,,,,,0,,,,,,,
13735,103225718,DC073A06-F5BD-4172-9DC3-D47B578CCE1A,Donley County Hospital District,2024,BrdMem,,Melinda,,McAnear,President,,,,,0,,,,,,,
13736,103225718,DC073A06-F5BD-4172-9DC3-D47B578CCE1A,Donley County Hospital District,2024,BrdMem,,Jan,,Farris,Director,,,,,0,,,,,,,
13737,103225718,DC073A06-F5BD-4172-9DC3-D47B578CCE1A,Donley County Hospital District,2024,BrdMem,,Lori,,Howard,Director,,,,,0,,,,,,,
13742,103225718,E5E5A66E-8FF1-4FA7-BE22-9000FC3AC0B6,Donley County Hospital District,2025,BrdMem,,Mark,,White,President,,,,,0,,,,,,,
13743,103225718,E5E5A66E-8FF1-4FA7-BE22-9000FC3AC0B6,Donley County Hospital District,2025,BrdMem,,Cindy,,Shelton,Director,,,,,0,,,,,,,
13744,103225718,E5E5A66E-8FF1-4FA7-BE22-9000FC3AC0B6,Donley County Hospital District,2025,BrdMem,,Jan,,Farris,Director,,,,,0,,,,,,,
13745,103225718,E5E5A66E-8FF1-4FA7-BE22-9000FC3AC0B6,Donley County Hospital District,2025,BrdMem,,Nikki,,Adams,Director,,,,,0,,,,,,,
13746,103225718,E5E5A66E-8FF1-4FA7-BE22-9000FC3AC0B6,Donley County Hospital District,2025,BrdMem,,Lori,,Howard,Director,,,,,0,,,,,,,
13747,103225718,E5E5A66E-8FF1-4FA7-BE22-9000FC3AC0B6,Donley County Hospital District,2025,BrdMem,,Jeff,,Robertson,Director,,,,,0,,,,,,,
13748,103225718,E5E5A66E-8FF1-4FA7-BE22-9000FC3AC0B6,Donley County Hospital District,2025,BrdMem,,Rose,,Lemley,Director,,,,,0,,,,,,,
13753,103225718,44AA2BCC-3664-4652-90F5-F5CD958DA7AC,Donley County Hospital District,2026,BrdMem,,Nikki,,Adams,Director,,,,,0,,,,,,,
13754,103225718,44AA2BCC-3664-4652-90F5-F5CD958DA7AC,Donley County Hospital District,2026,BrdMem,,Rose,,Lemley,Director,,,,,0,,,,,,,
13755,103225718,44AA2BCC-3664-4652-90F5-F5CD958DA7AC,Donley County Hospital District,2026,BrdMem,,Mark,,White,President,,,,,0,,,,,,,
13756,103225718,44AA2BCC-3664-4652-90F5-F5CD958DA7AC,Donley County Hospital District,2026,BrdMem,,Cindy,,Gaither,Director,,,,,0,,,,,,,
13757,103225718,44AA2BCC-3664-4652-90F5-F5CD958DA7AC,Donley County Hospital District,2026,BrdMem,,Cindy,,Shelton,Director,,,,,0,,,,,,,
13758,103225718,44AA2BCC-3664-4652-90F5-F5CD958DA7AC,Donley County Hospital District,2026,BrdMem,,Jan,,Farris,Director,,,,,0,,,,,,,
13759,103225718,44AA2BCC-3664-4652-90F5-F5CD958DA7AC,Donley County Hospital District,2026,BrdMem,,Lori,,Howard,Director,,,,,0,,,,,,,
14359,103225728,D7E7E192-7E8A-45D9-98AA-FFE7175A2A84,Hunt Memorial Hospital District,2020,BrdMem,,William,,Rutherford,Vice Chairman,,,,,0,,,,,,,
14360,103225728,D7E7E192-7E8A-45D9-98AA-FFE7175A2A84,Hunt Memorial Hospital District,2020,BrdMem,,Julia,,Wensel,Member,,,,,0,,,,,,,
14361,103225728,D7E7E192-7E8A-45D9-98AA-FFE7175A2A84,Hunt Memorial Hospital District,2020,BrdMem,,Richard,,Linkenauger,Member,,,,,0,,,,,,,
14362,103225728,D7E7E192-7E8A-45D9-98AA-FFE7175A2A84,Hunt Memorial Hospital District,2020,BrdMem,,Sarah,,Alderman,Member,,,,,0,,,,,,,
14363,103225728,D7E7E192-7E8A-45D9-98AA-FFE7175A2A84,Hunt Memorial Hospital District,2020,BrdMem,,Joe,,Johnson,Chairman,,,,,0,,,,,,,
14364,103225728,D7E7E192-7E8A-45D9-98AA-FFE7175A2A84,Hunt Memorial Hospital District,2020,BrdMem,,Scott,,Pierce,Member,,,,,0,,,,,,,
14365,103225728,D7E7E192-7E8A-45D9-98AA-FFE7175A2A84,Hunt Memorial Hospital District,2020,BrdMem,,John,,Nelson,Secretary,,,,,0,,,,,,,
14366,103225728,D7E7E192-7E8A-45D9-98AA-FFE7175A2A84,Hunt Memorial Hospital District,2020,BrdMem,,James,,Barr,Member,,,,,0,,,,,,,
14367,103225728,D7E7E192-7E8A-45D9-98AA-FFE7175A2A84,Hunt Memorial Hospital District,2020,BrdMem,,Janet,,Peek,Member,,,,,0,,,,,,,
14371,103225728,0F0FD4F7-958F-4067-92E6-70C0F1B77294,Hunt Memorial Hospital District,2021,BrdMem,,Richard,,Linkenauger,Member,,,,,0,,,,,,,
14372,103225728,0F0FD4F7-958F-4067-92E6-70C0F1B77294,Hunt Memorial Hospital District,2021,BrdMem,,John,,Nelson,Secretary,,,,,0,,,,,,,
14373,103225728,0F0FD4F7-958F-4067-92E6-70C0F1B77294,Hunt Memorial Hospital District,2021,BrdMem,,Scott,,Pierce,Member,,,,,0,,,,,,,
14374,103225728,0F0FD4F7-958F-4067-92E6-70C0F1B77294,Hunt Memorial Hospital District,2021,BrdMem,,James,,Barr,Member,,,,,0,,,,,,,
14375,103225728,0F0FD4F7-958F-4067-92E6-70C0F1B77294,Hunt Memorial Hospital District,2021,BrdMem,,Sarah,,Alderman,Member,,,,,0,,,,,,,
14376,103225728,0F0FD4F7-958F-4067-92E6-70C0F1B77294,Hunt Memorial Hospital District,2021,BrdMem,,Janet,,Peek,Member,,,,,0,,,,,,,
14377,103225728,0F0FD4F7-958F-4067-92E6-70C0F1B77294,Hunt Memorial Hospital District,2021,BrdMem,,Julia,,Wensel,Member,,,,,0,,,,,,,
14378,103225728,0F0FD4F7-958F-4067-92E6-70C0F1B77294,Hunt Memorial Hospital District,2021,BrdMem,,Joe,,Johnson,Chairman,,,,,0,,,,,,,
14379,103225728,0F0FD4F7-958F-4067-92E6-70C0F1B77294,Hunt Memorial Hospital District,2021,BrdMem,,William,,Rutherford,Vice Chairman,,,,,0,,,,,,,
14383,103225728,3ABD4659-BDAE-4303-B76F-2EBB0B091FF3,Hunt Memorial Hospital District,2022,BrdMem,,Deborah,,Clack,Member,,,,,0,,,,,,,
14384,103225728,3ABD4659-BDAE-4303-B76F-2EBB0B091FF3,Hunt Memorial Hospital District,2022,BrdMem,,John,,Nelson,Vice Chairman,,,,,0,,,,,,,
14385,103225728,3ABD4659-BDAE-4303-B76F-2EBB0B091FF3,Hunt Memorial Hospital District,2022,BrdMem,,Michael,,Taylor,Member,,,,,0,,,,,,,
14386,103225728,3ABD4659-BDAE-4303-B76F-2EBB0B091FF3,Hunt Memorial Hospital District,2022,BrdMem,,Richard,,Linkenauger,Member,,,,,0,,,,,,,
14387,103225728,3ABD4659-BDAE-4303-B76F-2EBB0B091FF3,Hunt Memorial Hospital District,2022,BrdMem,,Sarah,,Alderman,Member,,,,,0,,,,,,,
14388,103225728,3ABD4659-BDAE-4303-B76F-2EBB0B091FF3,Hunt Memorial Hospital District,2022,BrdMem,,Janet,,Peek,Member,,,,,0,,,,,,,
14389,103225728,3ABD4659-BDAE-4303-B76F-2EBB0B091FF3,Hunt Memorial Hospital District,2022,BrdMem,,Scott,,Pierce,Chairman,,,,,0,,,,,,,
14390,103225728,3ABD4659-BDAE-4303-B76F-2EBB0B091FF3,Hunt Memorial Hospital District,2022,BrdMem,,William,,Rutherford,Vice Chairman,,,,,0,,,,,,,
14391,103225728,3ABD4659-BDAE-4303-B76F-2EBB0B091FF3,Hunt Memorial Hospital District,2022,BrdMem,,Julia,,Wensel,Member,,,,,0,,,,,,,
14395,103225728,532ADF57-DF6C-41FC-BF35-1A0E176EA216,Hunt Memorial Hospital District,2024,BrdMem,,John,,Nelson,Member,,,,,0,,,,,,,
14396,103225728,532ADF57-DF6C-41FC-BF35-1A0E176EA216,Hunt Memorial Hospital District,2024,BrdMem,,Scott,,Pierce,Chairman,,,,,0,,,,,,,
14397,103225728,532ADF57-DF6C-41FC-BF35-1A0E176EA216,Hunt Memorial Hospital District,2024,BrdMem,,Wesley,,Oswald,Member,,,,,0,,,,,,,
14398,103225728,532ADF57-DF6C-41FC-BF35-1A0E176EA216,Hunt Memorial Hospital District,2024,BrdMem,,Julia,,Wensel,Member,,,,,0,,,,,,,
14399,103225728,532ADF57-DF6C-41FC-BF35-1A0E176EA216,Hunt Memorial Hospital District,2024,BrdMem,,Leslie,,Killgore,Member,,,,,0,,,,,,,
14400,103225728,532ADF57-DF6C-41FC-BF35-1A0E176EA216,Hunt Memorial Hospital District,2024,BrdMem,,Deborah,,Clack,Member,,,,,0,,,,,,,
14401,103225728,532ADF57-DF6C-41FC-BF35-1A0E176EA216,Hunt Memorial Hospital District,2024,BrdMem,,Janet,,Peek,Member,,,,,0,,,,,,,
14402,103225728,532ADF57-DF6C-41FC-BF35-1A0E176EA216,Hunt Memorial Hospital District,2024,BrdMem,,Michael,,Taylor,Vice Chairman,,,,,0,,,,,,,
14403,103225728,532ADF57-DF6C-41FC-BF35-1A0E176EA216,Hunt Memorial Hospital District,2024,BrdMem,,William,,Helton,Member,,,,,0,,,,,,,
14407,103225728,8FE09C21-0745-407B-98A0-A043F8F319FD,Hunt Memorial Hospital District,2025,BrdMem,,Leslie,,Killgore,Member,,,,,0,,,,,,,
14408,103225728,8FE09C21-0745-407B-98A0-A043F8F319FD,Hunt Memorial Hospital District,2025,BrdMem,,Janet,,Peek,Member,,,,,0,,,,,,,
14409,103225728,8FE09C21-0745-407B-98A0-A043F8F319FD,Hunt Memorial Hospital District,2025,BrdMem,,Deborah,,Clack,Member,,,,,0,,,,,,,
14410,103225728,8FE09C21-0745-407B-98A0-A043F8F319FD,Hunt Memorial Hospital District,2025,BrdMem,,Scott,,Pierce,Chairman,,,,,0,,,,,,,
14411,103225728,8FE09C21-0745-407B-98A0-A043F8F319FD,Hunt Memorial Hospital District,2025,BrdMem,,William,,Helton,Member,,,,,0,,,,,,,
14412,103225728,8FE09C21-0745-407B-98A0-A043F8F319FD,Hunt Memorial Hospital District,2025,BrdMem,,John,,Nelson,Member,,,,,0,,,,,,,
14413,103225728,8FE09C21-0745-407B-98A0-A043F8F319FD,Hunt Memorial Hospital District,2025,BrdMem,,Michael,,Taylor,Vice Chairman,,,,,0,,,,,,,
14414,103225728,8FE09C21-0745-407B-98A0-A043F8F319FD,Hunt Memorial Hospital District,2025,BrdMem,,Wesley,,Oswald,Member,,,,,0,,,,,,,
14415,103225728,8FE09C21-0745-407B-98A0-A043F8F319FD,Hunt Memorial Hospital District,2025,BrdMem,,Julia,,Wensel,Member,,,,,0,,,,,,,
14419,103225728,A8D0B465-7A48-4156-80F0-B0E5DB10C26B,Hunt Memorial Hospital District,2026,BrdMem,,Wesley,,Oswald,Member,,,,,0,,,,,,,
14420,103225728,A8D0B465-7A48-4156-80F0-B0E5DB10C26B,Hunt Memorial Hospital District,2026,BrdMem,,Scott,,Pierce,Chairman,,,,,0,,,,,,,
14421,103225728,A8D0B465-7A48-4156-80F0-B0E5DB10C26B,Hunt Memorial Hospital District,2026,BrdMem,,William,,Helton,Member,,,,,0,,,,,,,
14422,103225728,A8D0B465-7A48-4156-80F0-B0E5DB10C26B,Hunt Memorial Hospital District,2026,BrdMem,,John,,Nelson,Member,,,,,0,,,,,,,
14423,103225728,A8D0B465-7A48-4156-80F0-B0E5DB10C26B,Hunt Memorial Hospital District,2026,BrdMem,,Leslie,,Killgore,Member,,,,,0,,,,,,,
14424,103225728,A8D0B465-7A48-4156-80F0-B0E5DB10C26B,Hunt Memorial Hospital District,2026,BrdMem,,Michael,,Taylor,Vice Chairman,,,,,0,,,,,,,
14425,103225728,A8D0B465-7A48-4156-80F0-B0E5DB10C26B,Hunt Memorial Hospital District,2026,BrdMem,,Janet,,Peek,Member,,,,,0,,,,,,,
14426,103225728,A8D0B465-7A48-4156-80F0-B0E5DB10C26B,Hunt Memorial Hospital District,2026,BrdMem,,Julia,,Wensel,Member,,,,,0,,,,,,,
14427,103225728,A8D0B465-7A48-4156-80F0-B0E5DB10C26B,Hunt Memorial Hospital District,2026,BrdMem,,Deborah,,Clack,Member,,,,,0,,,,,,,
14786,103225736,F692891B-B65C-4D34-A73A-14EC2DCFCB5D,Willacy County Hospital District,2018,BrdMem,,George,,Mukhar,Member,,,,,0,,,,,,,
14787,103225736,F692891B-B65C-4D34-A73A-14EC2DCFCB5D,Willacy County Hospital District,2018,BrdMem,,Irene,,Johnson,Member,,,,,0,,,,,,,
14788,103225736,F692891B-B65C-4D34-A73A-14EC2DCFCB5D,Willacy County Hospital District,2018,BrdMem,,Vivian,,Savage,Member,,,,,0,,,,,,,
14789,103225736,F692891B-B65C-4D34-A73A-14EC2DCFCB5D,Willacy County Hospital District,2018,BrdMem,,Zacarias,,Gonzales,Member,,,,,0,,,,,,,
14790,103225736,F692891B-B65C-4D34-A73A-14EC2DCFCB5D,Willacy County Hospital District,2018,BrdMem,,Albino S.,,Cantu Jr.,Member,,,,,0,,,,,,,
14791,103225736,F692891B-B65C-4D34-A73A-14EC2DCFCB5D,Willacy County Hospital District,2018,BrdMem,,Ilene,,Nyquist,Vice President,,,,,0,,,,,,,
14792,103225736,F692891B-B65C-4D34-A73A-14EC2DCFCB5D,Willacy County Hospital District,2018,BrdMem,,Maria Fidela,,Barrera,Secretary Treasurer,,,,,0,,,,,,,
14793,103225736,F692891B-B65C-4D34-A73A-14EC2DCFCB5D,Willacy County Hospital District,2018,BrdMem,,Aniceto,,Garcia,President,,,,,0,,,,,,,
14797,103225736,D4EC8C8D-8504-4C4D-8D13-9D60CD0DCD17,Willacy County Hospital District,2019,BrdMem,,Irene,,Johnson,Member,,,,,0,,,,,,,
14798,103225736,D4EC8C8D-8504-4C4D-8D13-9D60CD0DCD17,Willacy County Hospital District,2019,BrdMem,,Aniceto P,,Garcia,President,,,,,0,,,,,,,
14799,103225736,D4EC8C8D-8504-4C4D-8D13-9D60CD0DCD17,Willacy County Hospital District,2019,BrdMem,,Ariel,,Rebeles,Member,,,,,0,,,,,,,
14800,103225736,D4EC8C8D-8504-4C4D-8D13-9D60CD0DCD17,Willacy County Hospital District,2019,BrdMem,,George,,Mukhar,Member,,,,,0,,,,,,,
14801,103225736,D4EC8C8D-8504-4C4D-8D13-9D60CD0DCD17,Willacy County Hospital District,2019,BrdMem,,Albino S.,,Cantu Jr.,Member,,,,,0,,,,,,,
14802,103225736,D4EC8C8D-8504-4C4D-8D13-9D60CD0DCD17,Willacy County Hospital District,2019,BrdMem,,Rosa Lee,,Pedraza,Member,,,,,0,,,,,,,
14803,103225736,D4EC8C8D-8504-4C4D-8D13-9D60CD0DCD17,Willacy County Hospital District,2019,BrdMem,,Maria Fidela,,Barrera,Secretary Treasurer,,,,,0,,,,,,,
14804,103225736,D4EC8C8D-8504-4C4D-8D13-9D60CD0DCD17,Willacy County Hospital District,2019,BrdMem,,Ilene,,Nyquist,Vice President,,,,,0,,,,,,,
14805,103225736,D4EC8C8D-8504-4C4D-8D13-9D60CD0DCD17,Willacy County Hospital District,2019,BrdMem,,Zacarias,,Gonzales,Member,,,,,0,,,,,,,
14809,103225736,D9C00DBF-0165-4C75-A64C-B6400AFCFE42,Willacy County Hospital District,2020,BrdMem,,Irene,,Johnson,Member,,,,,0,,,,,,,
14810,103225736,D9C00DBF-0165-4C75-A64C-B6400AFCFE42,Willacy County Hospital District,2020,BrdMem,,Ilene,,Nyquist,Vice President,,,,,0,,,,,,,
14811,103225736,D9C00DBF-0165-4C75-A64C-B6400AFCFE42,Willacy County Hospital District,2020,BrdMem,,Maria Fidela,,Barrera,Secretary Treasurer,,,,,0,,,,,,,
14812,103225736,D9C00DBF-0165-4C75-A64C-B6400AFCFE42,Willacy County Hospital District,2020,BrdMem,,George,,Mukhar,Member,,,,,0,,,,,,,
14813,103225736,D9C00DBF-0165-4C75-A64C-B6400AFCFE42,Willacy County Hospital District,2020,BrdMem,,Rosa Lee,,Pedraza,Member,,,,,0,,,,,,,
14814,103225736,D9C00DBF-0165-4C75-A64C-B6400AFCFE42,Willacy County Hospital District,2020,BrdMem,,Aniceto P,,Garcia,President,,,,,0,,,,,,,
14815,103225736,D9C00DBF-0165-4C75-A64C-B6400AFCFE42,Willacy County Hospital District,2020,BrdMem,,Zacarias,,Gonzales,Member,,,,,0,,,,,,,
14816,103225736,D9C00DBF-0165-4C75-A64C-B6400AFCFE42,Willacy County Hospital District,2020,BrdMem,,Albino S.,,Cantu Jr.,Member,,,,,0,,,,,,,
14817,103225736,D9C00DBF-0165-4C75-A64C-B6400AFCFE42,Willacy County Hospital District,2020,BrdMem,,Ariel,,Rebeles,Member,,,,,0,,,,,,,
14821,103225736,4462048D-FB72-4109-9C35-A363078004D3,Willacy County Hospital District,2024,BrdMem,,Albino S.,,"Cantu, Jr.",Director,,,,,0,,,,,,,
14822,103225736,4462048D-FB72-4109-9C35-A363078004D3,Willacy County Hospital District,2024,BrdMem,,Michelle,,"Rodriguez-Zamarron, RN-BSN",Director,,,,,0,,,,,,,
14823,103225736,4462048D-FB72-4109-9C35-A363078004D3,Willacy County Hospital District,2024,BrdMem,,George,,Mukhar,Vice President,,,,,0,,,,,,,
14824,103225736,4462048D-FB72-4109-9C35-A363078004D3,Willacy County Hospital District,2024,BrdMem,,Rosa Lee,,Pedraza,President,,,,,0,,,,,,,
14825,103225736,4462048D-FB72-4109-9C35-A363078004D3,Willacy County Hospital District,2024,BrdMem,,Ashley N.,,Dominguez,Director,,,,,0,,,,,,,
14826,103225736,4462048D-FB72-4109-9C35-A363078004D3,Willacy County Hospital District,2024,BrdMem,,Jaime,,Salazar,Director,,,,,0,,,,,,,
14827,103225736,4462048D-FB72-4109-9C35-A363078004D3,Willacy County Hospital District,2024,BrdMem,,Mario A.,,Flores,Director,,,,,0,,,,,,,
14828,103225736,4462048D-FB72-4109-9C35-A363078004D3,Willacy County Hospital District,2024,BrdMem,,Ilene F.,,Nyquist,Secretary-Treasurer,,,,,0,,,,,,,
14829,103225736,4462048D-FB72-4109-9C35-A363078004D3,Willacy County Hospital District,2024,BrdMem,,Mr. Ariel,,Rebeles,Director,,,,,0,,,,,,,
14833,103225736,ADE958FA-CB41-4C13-8F52-6DDC18CE50D2,Willacy County Hospital District,2025,BrdMem,,Rosa Lee,,Pedraza,President,,,,,0,,,,,,,
14834,103225736,ADE958FA-CB41-4C13-8F52-6DDC18CE50D2,Willacy County Hospital District,2025,BrdMem,,Mr. Ariel,,Rebeles,Director,,,,,0,,,,,,,
14835,103225736,ADE958FA-CB41-4C13-8F52-6DDC18CE50D2,Willacy County Hospital District,2025,BrdMem,,Jaime,,Salazar,Director,,,,,0,,,,,,,
14836,103225736,ADE958FA-CB41-4C13-8F52-6DDC18CE50D2,Willacy County Hospital District,2025,BrdMem,,Ilene F.,,Nyquist,Secretary-Treasurer,,,,,0,,,,,,,
14837,103225736,ADE958FA-CB41-4C13-8F52-6DDC18CE50D2,Willacy County Hospital District,2025,BrdMem,,Michelle,,"Rodriguez-Zamarron, RN-BSN",Director,,,,,0,,,,,,,
14838,103225736,ADE958FA-CB41-4C13-8F52-6DDC18CE50D2,Willacy County Hospital District,2025,BrdMem,,Ashley N.,,Dominguez,Director,,,,,0,,,,,,,
14839,103225736,ADE958FA-CB41-4C13-8F52-6DDC18CE50D2,Willacy County Hospital District,2025,BrdMem,,George,,Mukhar,Vice President,,,,,0,,,,,,,
14840,103225736,ADE958FA-CB41-4C13-8F52-6DDC18CE50D2,Willacy County Hospital District,2025,BrdMem,,Nidia,,Garcia,Director,,,,,0,,,,,,,
14841,103225736,ADE958FA-CB41-4C13-8F52-6DDC18CE50D2,Willacy County Hospital District,2025,BrdMem,,Maria Guadalupe,,Pruneda-Garza,Director,,,,,0,,,,,,,
14845,103225736,6294614D-B569-497C-BF6D-AB797CC845B7,Willacy County Hospital District,2026,BrdMem,,Jo Ann L.,,Posas,Director,,,,,0,,,,,,,
14846,103225736,6294614D-B569-497C-BF6D-AB797CC845B7,Willacy County Hospital District,2026,BrdMem,,Maria Guadalupe,,Pruneda-Garza,Director,,,,,0,,,,,,,
14847,103225736,6294614D-B569-497C-BF6D-AB797CC845B7,Willacy County Hospital District,2026,BrdMem,,Michelle,,"Rodriguez-Zamarron, RN-BSN",Director,,,,,0,,,,,,,
14848,103225736,6294614D-B569-497C-BF6D-AB797CC845B7,Willacy County Hospital District,2026,BrdMem,,Ilene F.,,Nyquist,Secretary-Treasurer,,,,,0,,,,,,,
14849,103225736,6294614D-B569-497C-BF6D-AB797CC845B7,Willacy County Hospital District,2026,BrdMem,,Rosa Lee,,Pedraza,President,,,,,0,,,,,,,
14850,103225736,6294614D-B569-497C-BF6D-AB797CC845B7,Willacy County Hospital District,2026,BrdMem,,George,,Mukhar,Vice President,,,,,0,,,,,,,
14851,103225736,6294614D-B569-497C-BF6D-AB797CC845B7,Willacy County Hospital District,2026,BrdMem,,Mr. Ariel,,Rebeles,Director,,,,,0,,,,,,,
14852,103225736,6294614D-B569-497C-BF6D-AB797CC845B7,Willacy County Hospital District,2026,BrdMem,,Jaime,,Salazar,Director,,,,,0,,,,,,,
14853,103225736,6294614D-B569-497C-BF6D-AB797CC845B7,Willacy County Hospital District,2026,BrdMem,,Mirna,,Gonzales,Director,,,,,0,,,,,,,
16935,103225763,396402AA-7C73-4D7D-8FF7-495AAD49975D,Canyon Lake Community Library District,2018,BrdMem,,Dwain,,Blaschke,Vice President,,,,,0,,,,,,,
16936,103225763,396402AA-7C73-4D7D-8FF7-495AAD49975D,Canyon Lake Community Library District,2018,BrdMem,,Linda,,Conger,Secretary,,,,,0,,,,,,,
16937,103225763,396402AA-7C73-4D7D-8FF7-495AAD49975D,Canyon Lake Community Library District,2018,BrdMem,,Robert,,Arnold,Treasurer,,,,,0,,,,,,,
16938,103225763,396402AA-7C73-4D7D-8FF7-495AAD49975D,Canyon Lake Community Library District,2018,BrdMem,,Susan,,Bogle,Board President,,,,,0,,,,,,,
16939,103225763,396402AA-7C73-4D7D-8FF7-495AAD49975D,Canyon Lake Community Library District,2018,BrdMem,,Frisk,,Trustee,Ron,,,,,0,,,,,,,
16942,103225763,04E1C81C-A357-4C5E-A5B5-6FCC9D107A0B,Canyon Lake Community Library District,2019,BrdMem,,Robert,,Arnold,Treasurer,,,,,0,,,,,,,
16943,103225763,04E1C81C-A357-4C5E-A5B5-6FCC9D107A0B,Canyon Lake Community Library District,2019,BrdMem,,Linda,,Conger,Secretary,,,,,0,,,,,,,
16944,103225763,04E1C81C-A357-4C5E-A5B5-6FCC9D107A0B,Canyon Lake Community Library District,2019,BrdMem,,Rich,,Prins,Trustee,,,,,0,,,,,,,
16945,103225763,04E1C81C-A357-4C5E-A5B5-6FCC9D107A0B,Canyon Lake Community Library District,2019,BrdMem,,Susan,,Bogle,Board President,,,,,0,,,,,,,
16946,103225763,04E1C81C-A357-4C5E-A5B5-6FCC9D107A0B,Canyon Lake Community Library District,2019,BrdMem,,Ron,,Frisk,Vice President,,,,,0,,,,,,,
16949,103225763,8CE98A1B-50DA-48CD-AB77-09C81FF6DDDB,Canyon Lake Community Library District,2020,BrdMem,,Susan,,Bogle,Board President,,,,,0,,,,,,,
16950,103225763,8CE98A1B-50DA-48CD-AB77-09C81FF6DDDB,Canyon Lake Community Library District,2020,BrdMem,,Ron,,Frisk,Vice President,,,,,0,,,,,,,
16951,103225763,8CE98A1B-50DA-48CD-AB77-09C81FF6DDDB,Canyon Lake Community Library District,2020,BrdMem,,Rich,,Prins,Trustee,,,,,0,,,,,,,
16952,103225763,8CE98A1B-50DA-48CD-AB77-09C81FF6DDDB,Canyon Lake Community Library District,2020,BrdMem,,Linda,,Conger,Secretary,,,,,0,,,,,,,
16953,103225763,8CE98A1B-50DA-48CD-AB77-09C81FF6DDDB,Canyon Lake Community Library District,2020,BrdMem,,Robert,,Arnold,Treasurer,,,,,0,,,,,,,
16956,103225763,08BA62C1-BE1D-4E25-BD2A-FF495AAD278C,Canyon Lake Community Library District,2021,BrdMem,,Rich,,Prins,Trustee,,,,,0,,,,,,,
16957,103225763,08BA62C1-BE1D-4E25-BD2A-FF495AAD278C,Canyon Lake Community Library District,2021,BrdMem,,Ron,,Frisk,Vice President,,,,,0,,,,,,,
16958,103225763,08BA62C1-BE1D-4E25-BD2A-FF495AAD278C,Canyon Lake Community Library District,2021,BrdMem,,Susan,,Bogle,Board President,,,,,0,,,,,,,
16959,103225763,08BA62C1-BE1D-4E25-BD2A-FF495AAD278C,Canyon Lake Community Library District,2021,BrdMem,,Robert,,Arnold,Treasurer,,,,,0,,,,,,,
16960,103225763,08BA62C1-BE1D-4E25-BD2A-FF495AAD278C,Canyon Lake Community Library District,2021,BrdMem,,Linda,,Conger,Secretary,,,,,0,,,,,,,
16963,103225763,4CE0AB82-D139-403E-899D-C241CE0BFA84,Canyon Lake Community Library District,2023,BrdMem,,Cheryl,,Pantermuehl,Secretary,,,,,0,,,,,,,
16964,103225763,4CE0AB82-D139-403E-899D-C241CE0BFA84,Canyon Lake Community Library District,2023,BrdMem,,Rich,,Prins,Trustee,,,,,0,,,,,,,
16965,103225763,4CE0AB82-D139-403E-899D-C241CE0BFA84,Canyon Lake Community Library District,2023,BrdMem,,Savannah,,Allen,Trustee,,,,,0,,,,,,,
16966,103225763,4CE0AB82-D139-403E-899D-C241CE0BFA84,Canyon Lake Community Library District,2023,BrdMem,,Susan,,Bogle,Board President,,,,,0,,,,,,,
16967,103225763,4CE0AB82-D139-403E-899D-C241CE0BFA84,Canyon Lake Community Library District,2023,BrdMem,,Robert,,Arnold,Treasurer,,,,,0,,,,,,,
16971,103225763,12F43334-680E-43CF-BCEB-5D660E82DF62,Canyon Lake Community Library District,2024,BrdMem,,Cheryl,,Pantermuehl,Secretary,,,,,0,,,,,,,
16972,103225763,12F43334-680E-43CF-BCEB-5D660E82DF62,Canyon Lake Community Library District,2024,BrdMem,,Rich,,Prins,Trustee,,,,,0,,,,,,,
16973,103225763,12F43334-680E-43CF-BCEB-5D660E82DF62,Canyon Lake Community Library District,2024,BrdMem,,Susan,,Bogle,Board President,,,,,0,,,,,,,
16974,103225763,12F43334-680E-43CF-BCEB-5D660E82DF62,Canyon Lake Community Library District,2024,BrdMem,,Savannah,,Allen,Trustee,,,,,0,,,,,,,
16975,103225763,12F43334-680E-43CF-BCEB-5D660E82DF62,Canyon Lake Community Library District,2024,BrdMem,,Robert,,Arnold,Treasurer,,,,,0,,,,,,,
16979,103225763,E48FF547-2E52-4D3F-BE97-B5E9CCEBD1F5,Canyon Lake Community Library District,2025,BrdMem,,Savannah,,Allen,Trustee,,,,,0,,,,,,,
16980,103225763,E48FF547-2E52-4D3F-BE97-B5E9CCEBD1F5,Canyon Lake Community Library District,2025,BrdMem,,Charlie,,Khan,Trustee,,,,,0,,,,,,,
16981,103225763,E48FF547-2E52-4D3F-BE97-B5E9CCEBD1F5,Canyon Lake Community Library District,2025,BrdMem,,Susan,,Bogle,Board President,,,,,0,,,,,,,
16982,103225763,E48FF547-2E52-4D3F-BE97-B5E9CCEBD1F5,Canyon Lake Community Library District,2025,BrdMem,,Robert,,Arnold,Treasurer,,,,,0,,,,,,,
16983,103225763,E48FF547-2E52-4D3F-BE97-B5E9CCEBD1F5,Canyon Lake Community Library District,2025,BrdMem,,Cheryl,,Pantermuehl,Secretary,,,,,0,,,,,,,
16987,103225763,20DDCA33-9F51-4F86-959F-795284C76C5A,Canyon Lake Community Library District,2026,BrdMem,,Cheryl,,Pantermuehl,Board Vice President,,,,,0,,,,,,,
16988,103225763,20DDCA33-9F51-4F86-959F-795284C76C5A,Canyon Lake Community Library District,2026,BrdMem,,Robert,,Arnold,Treasurer,,,,,0,,,,,,,
16989,103225763,20DDCA33-9F51-4F86-959F-795284C76C5A,Canyon Lake Community Library District,2026,BrdMem,,Susan,,Bogle,Board President,,,,,0,,,,,,,
16990,103225763,20DDCA33-9F51-4F86-959F-795284C76C5A,Canyon Lake Community Library District,2026,BrdMem,,Charlie,,Khan,Trustee,,,,,0,,,,,,,
16991,103225763,20DDCA33-9F51-4F86-959F-795284C76C5A,Canyon Lake Community Library District,2026,BrdMem,,Savannah,,Allen,Secretary,,,,,0,,,,,,,
18793,103225794,42AB7C3B-4279-4A8B-BA69-5FF1A9216BB2,Harris County Emergency Services District  #14,2018,BrdMem,,Chester,,Stasney,Member,,,,,0,,,,,,,
18794,103225794,42AB7C3B-4279-4A8B-BA69-5FF1A9216BB2,Harris County Emergency Services District  #14,2018,BrdMem,,Sameul,,Tittel,Secretary,,,,,0,,,,,,,
18795,103225794,42AB7C3B-4279-4A8B-BA69-5FF1A9216BB2,Harris County Emergency Services District  #14,2018,BrdMem,,Jerry,,Ickes,Board member,,,,,0,,,,,,,
18796,103225794,42AB7C3B-4279-4A8B-BA69-5FF1A9216BB2,Harris County Emergency Services District  #14,2018,BrdMem,,Jimmy,,Strouhal,President,,,,,0,,,,,,,
18797,103225794,42AB7C3B-4279-4A8B-BA69-5FF1A9216BB2,Harris County Emergency Services District  #14,2018,BrdMem,,Johnny,,Gaecke,Assistant secretary,,,,,0,,,,,,,
18802,103225794,BCA2A93C-0DB2-4CAE-937F-256025BB5AA1,Harris County Emergency Services District  #14,2019,BrdMem,,Mark,,Taylor,Board memeber,,,,,0,,,,,,,
18803,103225794,BCA2A93C-0DB2-4CAE-937F-256025BB5AA1,Harris County Emergency Services District  #14,2019,BrdMem,,Jimmy,,Strouhal,President,,,,,0,,,,,,,
18804,103225794,BCA2A93C-0DB2-4CAE-937F-256025BB5AA1,Harris County Emergency Services District  #14,2019,BrdMem,,Johnny,,Gaecke,Assistant secretary,,,,,0,,,,,,,
18805,103225794,BCA2A93C-0DB2-4CAE-937F-256025BB5AA1,Harris County Emergency Services District  #14,2019,BrdMem,,Chester,,Stasney,Member,,,,,0,,,,,,,
18806,103225794,BCA2A93C-0DB2-4CAE-937F-256025BB5AA1,Harris County Emergency Services District  #14,2019,BrdMem,,Jerry,,Ickes,Board member,,,,,0,,,,,,,
18811,103225794,F8265392-2577-4C29-86A6-3B4CE792418B,Harris County Emergency Services District  #14,2020,BrdMem,,Chester,,Stasney,Member,,,,,0,,,,,,,
18812,103225794,F8265392-2577-4C29-86A6-3B4CE792418B,Harris County Emergency Services District  #14,2020,BrdMem,,Johnny,,Gaecke,Assistant secretary,,,,,0,,,,,,,
18813,103225794,F8265392-2577-4C29-86A6-3B4CE792418B,Harris County Emergency Services District  #14,2020,BrdMem,,Mark,,Taylor,Board memeber,,,,,0,,,,,,,
18814,103225794,F8265392-2577-4C29-86A6-3B4CE792418B,Harris County Emergency Services District  #14,2020,BrdMem,,Jimmy,,Strouhal,President,,,,,0,,,,,,,
18815,103225794,F8265392-2577-4C29-86A6-3B4CE792418B,Harris County Emergency Services District  #14,2020,BrdMem,,Jerry,,Ickes,Board member,,,,,0,,,,,,,
18820,103225794,587E551C-4BB6-49CB-81D8-582649155C0D,Harris County Emergency Services District  #14,2021,BrdMem,,Mark,,Taylor,Board memeber,,,,,0,,,,,,,
18821,103225794,587E551C-4BB6-49CB-81D8-582649155C0D,Harris County Emergency Services District  #14,2021,BrdMem,,Jerry,,Ickes,Board member,,,,,0,,,,,,,
18822,103225794,587E551C-4BB6-49CB-81D8-582649155C0D,Harris County Emergency Services District  #14,2021,BrdMem,,Elaine,,Marshall,member,,,,,0,,,,,,,
18823,103225794,587E551C-4BB6-49CB-81D8-582649155C0D,Harris County Emergency Services District  #14,2021,BrdMem,,Johnny,,Gaecke,Assistant secretary,,,,,0,,,,,,,
18824,103225794,587E551C-4BB6-49CB-81D8-582649155C0D,Harris County Emergency Services District  #14,2021,BrdMem,,Jimmy,,Strouhal,President,,,,,0,,,,,,,
18829,103225794,29F4B7AB-70E4-4CF2-BD4C-DB5239E32CCD,Harris County Emergency Services District  #14,2022,BrdMem,,Johnny,,Gaecke,Assistant secretary,,,,,0,,,,,,,
18830,103225794,29F4B7AB-70E4-4CF2-BD4C-DB5239E32CCD,Harris County Emergency Services District  #14,2022,BrdMem,,Jimmy,,Strouhal,President,,,,,0,,,,,,,
18831,103225794,29F4B7AB-70E4-4CF2-BD4C-DB5239E32CCD,Harris County Emergency Services District  #14,2022,BrdMem,,Jerry,,Ickes,Board member,,,,,0,,,,,,,
18832,103225794,29F4B7AB-70E4-4CF2-BD4C-DB5239E32CCD,Harris County Emergency Services District  #14,2022,BrdMem,,Mark,,Taylor,Board memeber,,,,,0,,,,,,,
18833,103225794,29F4B7AB-70E4-4CF2-BD4C-DB5239E32CCD,Harris County Emergency Services District  #14,2022,BrdMem,,Elaine,,Marshall,member,,,,,0,,,,,,,
18838,103225794,1874ACDD-EF72-4733-9FC1-DC3D321A0A30,Harris County Emergency Services District  #14,2023,BrdMem,,Mark,,Taylor,Board memeber,,,,,0,,,,,,,
18839,103225794,1874ACDD-EF72-4733-9FC1-DC3D321A0A30,Harris County Emergency Services District  #14,2023,BrdMem,,Johnny,,Gaecke,Assistant secretary,,,,,0,,,,,,,
18840,103225794,1874ACDD-EF72-4733-9FC1-DC3D321A0A30,Harris County Emergency Services District  #14,2023,BrdMem,,Jerry,,Ickes,Board member,,,,,0,,,,,,,
18841,103225794,1874ACDD-EF72-4733-9FC1-DC3D321A0A30,Harris County Emergency Services District  #14,2023,BrdMem,,Jimmy,,Strouhal,President,,,,,0,,,,,,,
18842,103225794,1874ACDD-EF72-4733-9FC1-DC3D321A0A30,Harris County Emergency Services District  #14,2023,BrdMem,,Elaine,,Marshall,member,,,,,0,,,,,,,
18847,103225794,C6F9B932-D842-4ABC-8B66-5291DF2BB745,Harris County Emergency Services District  #14,2024,BrdMem,,Jerry,,Ickes,Treasurer-Secretary,,,,,0,,,,,,,
18848,103225794,C6F9B932-D842-4ABC-8B66-5291DF2BB745,Harris County Emergency Services District  #14,2024,BrdMem,,Mark,,Taylor,Commissioner,,,,,0,,,,,,,
18849,103225794,C6F9B932-D842-4ABC-8B66-5291DF2BB745,Harris County Emergency Services District  #14,2024,BrdMem,,Johnny,,Gaeke,Assistant Secretary,,,,,0,,,,,,,
18850,103225794,C6F9B932-D842-4ABC-8B66-5291DF2BB745,Harris County Emergency Services District  #14,2024,BrdMem,,J.R.,,Strouhal,President,,,,,0,,,,,,,
18851,103225794,C6F9B932-D842-4ABC-8B66-5291DF2BB745,Harris County Emergency Services District  #14,2024,BrdMem,,Elaine,,Marshall,Commissioner,,,,,0,,,,,,,
18856,103225794,0BB6D522-2141-4395-8ADE-577831064BD6,Harris County Emergency Services District  #14,2025,BrdMem,,Jerry,,Ickes,Treasurer-Secretary,,,,,0,,,,,,,
18857,103225794,0BB6D522-2141-4395-8ADE-577831064BD6,Harris County Emergency Services District  #14,2025,BrdMem,,Elaine,,Marshall,Commissioner,,,,,0,,,,,,,
18858,103225794,0BB6D522-2141-4395-8ADE-577831064BD6,Harris County Emergency Services District  #14,2025,BrdMem,,Mark,,Taylor,Commissioner,,,,,0,,,,,,,
18859,103225794,0BB6D522-2141-4395-8ADE-577831064BD6,Harris County Emergency Services District  #14,2025,BrdMem,,Johnny,,Gaeke,Assistant Secretary,,,,,0,,,,,,,
18860,103225794,0BB6D522-2141-4395-8ADE-577831064BD6,Harris County Emergency Services District  #14,2025,BrdMem,,J.R.,,Strouhal,President,,,,,0,,,,,,,
18865,103225794,C352D522-D026-4342-B1ED-7E3B809B5F3C,Harris County Emergency Services District  #14,2026,BrdMem,,Jerry,,Ickes,Treasurer-Secretary,,,,,0,,,,,,,
18866,103225794,C352D522-D026-4342-B1ED-7E3B809B5F3C,Harris County Emergency Services District  #14,2026,BrdMem,,Mark,,Taylor,Vice President,,,,,0,,,,,,,
18867,103225794,C352D522-D026-4342-B1ED-7E3B809B5F3C,Harris County Emergency Services District  #14,2026,BrdMem,,Johnny,,Gaeke,Assistant Secretary,,,,,0,,,,,,,
18868,103225794,C352D522-D026-4342-B1ED-7E3B809B5F3C,Harris County Emergency Services District  #14,2026,BrdMem,,J.R.,,Strouhal,President,,,,,0,,,,,,,
18869,103225794,C352D522-D026-4342-B1ED-7E3B809B5F3C,Harris County Emergency Services District  #14,2026,BrdMem,,Elaine,,Marshall,Commissioner,,,,,0,,,,,,,
21553,103225833,E4E924F7-5EB8-4C23-AF09-81D272911812,Jackson County Hospital District,2018,BrdMem,,Nathan,,Sappington,Mr,,,,,0,,,,,,,
21554,103225833,E4E924F7-5EB8-4C23-AF09-81D272911812,Jackson County Hospital District,2018,BrdMem,,Jimmy,,Lopez,Mr,,,,,0,,,,,,,
21555,103225833,E4E924F7-5EB8-4C23-AF09-81D272911812,Jackson County Hospital District,2018,BrdMem,,Frank,,Condron,Mr,,,,,0,,,,,,,
21556,103225833,E4E924F7-5EB8-4C23-AF09-81D272911812,Jackson County Hospital District,2018,BrdMem,,David,,Darilek,Mr,,,,,0,,,,,,,
21557,103225833,E4E924F7-5EB8-4C23-AF09-81D272911812,Jackson County Hospital District,2018,BrdMem,,Nils,,Mauritz,Mr,,,,,0,,,,,,,
21558,103225833,E4E924F7-5EB8-4C23-AF09-81D272911812,Jackson County Hospital District,2018,BrdMem,,Jim,,Kaelin,Mr,,,,,0,,,,,,,
21559,103225833,E4E924F7-5EB8-4C23-AF09-81D272911812,Jackson County Hospital District,2018,BrdMem,,Rodney,,Roberson,Mr,,,,,0,,,,,,,
21560,103225833,E4E924F7-5EB8-4C23-AF09-81D272911812,Jackson County Hospital District,2018,BrdMem,,Jerry,,Adelman,Mr,,,,,0,,,,,,,
21561,103225833,E4E924F7-5EB8-4C23-AF09-81D272911812,Jackson County Hospital District,2018,BrdMem,,Janet,,Chanek,Mrs,,,,,0,,,,,,,
21565,103225833,D73915B0-2588-490A-B6CA-05D10F12C82C,Jackson County Hospital District,2019,BrdMem,,Jimmy,,Lopez,Mr,,,,,0,,,,,,,
21566,103225833,D73915B0-2588-490A-B6CA-05D10F12C82C,Jackson County Hospital District,2019,BrdMem,,Rodney,,Roberson,Mr,,,,,0,,,,,,,
21567,103225833,D73915B0-2588-490A-B6CA-05D10F12C82C,Jackson County Hospital District,2019,BrdMem,,Frank,,Condron,Mr,,,,,0,,,,,,,
21568,103225833,D73915B0-2588-490A-B6CA-05D10F12C82C,Jackson County Hospital District,2019,BrdMem,,Tammy,,Gendke,Mrs,,,,,0,,,,,,,
21569,103225833,D73915B0-2588-490A-B6CA-05D10F12C82C,Jackson County Hospital District,2019,BrdMem,,Jerry,,Adelman,Mr,,,,,0,,,,,,,
21570,103225833,D73915B0-2588-490A-B6CA-05D10F12C82C,Jackson County Hospital District,2019,BrdMem,,Janet,,Chanek,Mrs,,,,,0,,,,,,,
21571,103225833,D73915B0-2588-490A-B6CA-05D10F12C82C,Jackson County Hospital District,2019,BrdMem,,David,,Darilek,Mr,,,,,0,,,,,,,
21572,103225833,D73915B0-2588-490A-B6CA-05D10F12C82C,Jackson County Hospital District,2019,BrdMem,,Jim,,Kaelin,Mr,,,,,0,,,,,,,
21573,103225833,D73915B0-2588-490A-B6CA-05D10F12C82C,Jackson County Hospital District,2019,BrdMem,,Nils,,Mauritz,Mr,,,,,0,,,,,,,
21577,103225833,CFF8A883-E902-401C-9488-52BEDEA94214,Jackson County Hospital District,2020,BrdMem,,Rodney,,Roberson,Mr,,,,,0,,,,,,,
21578,103225833,CFF8A883-E902-401C-9488-52BEDEA94214,Jackson County Hospital District,2020,BrdMem,,Chris,,Lundstrum,Mrs,,,,,0,,,,,,,
21579,103225833,CFF8A883-E902-401C-9488-52BEDEA94214,Jackson County Hospital District,2020,BrdMem,,Jimmy,,Lopez,Mr,,,,,0,,,,,,,
21580,103225833,CFF8A883-E902-401C-9488-52BEDEA94214,Jackson County Hospital District,2020,BrdMem,,Janet,,Chanek,Mrs,,,,,0,,,,,,,
21581,103225833,CFF8A883-E902-401C-9488-52BEDEA94214,Jackson County Hospital District,2020,BrdMem,,David,,Darilek,Mr,,,,,0,,,,,,,
21582,103225833,CFF8A883-E902-401C-9488-52BEDEA94214,Jackson County Hospital District,2020,BrdMem,,Jim,,Kaelin,Mr,,,,,0,,,,,,,
21583,103225833,CFF8A883-E902-401C-9488-52BEDEA94214,Jackson County Hospital District,2020,BrdMem,,Nils,,Mauritz,Mr,,,,,0,,,,,,,
21584,103225833,CFF8A883-E902-401C-9488-52BEDEA94214,Jackson County Hospital District,2020,BrdMem,,Tammy,,Gendke,Mrs,,,,,0,,,,,,,
21585,103225833,CFF8A883-E902-401C-9488-52BEDEA94214,Jackson County Hospital District,2020,BrdMem,,Jerry,,Adelman,Mr,,,,,0,,,,,,,
21589,103225833,9A46D89B-1478-4E56-924A-7E35D55920CD,Jackson County Hospital District,2021,BrdMem,,Rodney,,Roberson,Mr,,,,,0,,,,,,,
21590,103225833,9A46D89B-1478-4E56-924A-7E35D55920CD,Jackson County Hospital District,2021,BrdMem,,Chris,,Lundstrum,Mrs,,,,,0,,,,,,,
21591,103225833,9A46D89B-1478-4E56-924A-7E35D55920CD,Jackson County Hospital District,2021,BrdMem,,Janet,,Chanek,Mrs,,,,,0,,,,,,,
21592,103225833,9A46D89B-1478-4E56-924A-7E35D55920CD,Jackson County Hospital District,2021,BrdMem,,David,,Darilek,Mr,,,,,0,,,,,,,
21593,103225833,9A46D89B-1478-4E56-924A-7E35D55920CD,Jackson County Hospital District,2021,BrdMem,,Jerry,,Adelman,Mr,,,,,0,,,,,,,
21594,103225833,9A46D89B-1478-4E56-924A-7E35D55920CD,Jackson County Hospital District,2021,BrdMem,,Tammy,,Gendke,Mrs,,,,,0,,,,,,,
21595,103225833,9A46D89B-1478-4E56-924A-7E35D55920CD,Jackson County Hospital District,2021,BrdMem,,Nils,,Mauritz,Mr,,,,,0,,,,,,,
21596,103225833,9A46D89B-1478-4E56-924A-7E35D55920CD,Jackson County Hospital District,2021,BrdMem,,Jim,,Kaelin,Mr,,,,,0,,,,,,,
21597,103225833,9A46D89B-1478-4E56-924A-7E35D55920CD,Jackson County Hospital District,2021,BrdMem,,Jimmy,,Lopez,Mr,,,,,0,,,,,,,
21601,103225833,D5CC224A-991D-4499-B1E5-F7DE5FED5052,Jackson County Hospital District,2022,BrdMem,,Jerry,,Adelman,Mr,,,,,0,,,,,,,
21602,103225833,D5CC224A-991D-4499-B1E5-F7DE5FED5052,Jackson County Hospital District,2022,BrdMem,,Rodney,,Roberson,Mr,,,,,0,,,,,,,
21603,103225833,D5CC224A-991D-4499-B1E5-F7DE5FED5052,Jackson County Hospital District,2022,BrdMem,,Chris,,Lundstrum,Mrs,,,,,0,,,,,,,
21604,103225833,D5CC224A-991D-4499-B1E5-F7DE5FED5052,Jackson County Hospital District,2022,BrdMem,,Jim,,Kaelin,Mr,,,,,0,,,,,,,
21605,103225833,D5CC224A-991D-4499-B1E5-F7DE5FED5052,Jackson County Hospital District,2022,BrdMem,,Jimmy,,Lopez,Mr,,,,,0,,,,,,,
21606,103225833,D5CC224A-991D-4499-B1E5-F7DE5FED5052,Jackson County Hospital District,2022,BrdMem,,Nils,,Mauritz,Mr,,,,,0,,,,,,,
21607,103225833,D5CC224A-991D-4499-B1E5-F7DE5FED5052,Jackson County Hospital District,2022,BrdMem,,Tammy,,Gendke,Mrs,,,,,0,,,,,,,
21608,103225833,D5CC224A-991D-4499-B1E5-F7DE5FED5052,Jackson County Hospital District,2022,BrdMem,,David,,Darilek,Mr,,,,,0,,,,,,,
21609,103225833,D5CC224A-991D-4499-B1E5-F7DE5FED5052,Jackson County Hospital District,2022,BrdMem,,Janet,,Chanek,Mrs,,,,,0,,,,,,,
21613,103225833,C674A708-F965-4D41-BD6B-0C7BA0003F24,Jackson County Hospital District,2023,BrdMem,,Jerry,,Adelman,Mr,,,,,0,,,,,,,
21614,103225833,C674A708-F965-4D41-BD6B-0C7BA0003F24,Jackson County Hospital District,2023,BrdMem,,Janet,,Chanek,Mrs,,,,,0,,,,,,,
21615,103225833,C674A708-F965-4D41-BD6B-0C7BA0003F24,Jackson County Hospital District,2023,BrdMem,,Rodney,,Roberson,Mr,,,,,0,,,,,,,
21616,103225833,C674A708-F965-4D41-BD6B-0C7BA0003F24,Jackson County Hospital District,2023,BrdMem,,Tammy,,Gendke,Mrs,,,,,0,,,,,,,
21617,103225833,C674A708-F965-4D41-BD6B-0C7BA0003F24,Jackson County Hospital District,2023,BrdMem,,Jimmy,,Lopez,Mr,,,,,0,,,,,,,
21618,103225833,C674A708-F965-4D41-BD6B-0C7BA0003F24,Jackson County Hospital District,2023,BrdMem,,Chris,,Lundstrum,Mrs,,,,,0,,,,,,,
21619,103225833,C674A708-F965-4D41-BD6B-0C7BA0003F24,Jackson County Hospital District,2023,BrdMem,,Jim,,Kaelin,Mr,,,,,0,,,,,,,
21620,103225833,C674A708-F965-4D41-BD6B-0C7BA0003F24,Jackson County Hospital District,2023,BrdMem,,Debbie,,Schneider,Ms.,,,,,0,,,,,,,
21621,103225833,C674A708-F965-4D41-BD6B-0C7BA0003F24,Jackson County Hospital District,2023,BrdMem,,David,,Darilek,Mr,,,,,0,,,,,,,
21625,103225833,0F7C2BEA-C02B-4C25-A622-7FC699169EB6,Jackson County Hospital District,2024,BrdMem,,Jerry,,Adelman,Mr,,,,,0,,,,,,,
21626,103225833,0F7C2BEA-C02B-4C25-A622-7FC699169EB6,Jackson County Hospital District,2024,BrdMem,,Tammy,,Gendke,Mrs,,,,,0,,,,,,,
21627,103225833,0F7C2BEA-C02B-4C25-A622-7FC699169EB6,Jackson County Hospital District,2024,BrdMem,,Janet,,Chanek,Mrs,,,,,0,,,,,,,
21628,103225833,0F7C2BEA-C02B-4C25-A622-7FC699169EB6,Jackson County Hospital District,2024,BrdMem,,Jim,,Kaelin,Mr,,,,,0,,,,,,,
21629,103225833,0F7C2BEA-C02B-4C25-A622-7FC699169EB6,Jackson County Hospital District,2024,BrdMem,,David,,Darilek,Mr,,,,,0,,,,,,,
21630,103225833,0F7C2BEA-C02B-4C25-A622-7FC699169EB6,Jackson County Hospital District,2024,BrdMem,,Chris,,Lundstrum,Mrs,,,,,0,,,,,,,
21631,103225833,0F7C2BEA-C02B-4C25-A622-7FC699169EB6,Jackson County Hospital District,2024,BrdMem,,Debbie,,Schneider,Ms.,,,,,0,,,,,,,
21632,103225833,0F7C2BEA-C02B-4C25-A622-7FC699169EB6,Jackson County Hospital District,2024,BrdMem,,Jimmy,,Lopez,Mr,,,,,0,,,,,,,
21633,103225833,0F7C2BEA-C02B-4C25-A622-7FC699169EB6,Jackson County Hospital District,2024,BrdMem,,Rodney,,Roberson,Mr,,,,,0,,,,,,,
21637,103225833,2E2063F3-8F13-44DD-AC4E-626B39E202B8,Jackson County Hospital District,2025,BrdMem,,Jimmy,,Lopez,Mr,,,,,0,,,,,,,
21638,103225833,2E2063F3-8F13-44DD-AC4E-626B39E202B8,Jackson County Hospital District,2025,BrdMem,,Rodney,,Roberson,Mr,,,,,0,,,,,,,
21639,103225833,2E2063F3-8F13-44DD-AC4E-626B39E202B8,Jackson County Hospital District,2025,BrdMem,,Chris,,Lundstrum,Mrs,,,,,0,,,,,,,
21640,103225833,2E2063F3-8F13-44DD-AC4E-626B39E202B8,Jackson County Hospital District,2025,BrdMem,,Janet,,Chanek,Mrs,,,,,0,,,,,,,
21641,103225833,2E2063F3-8F13-44DD-AC4E-626B39E202B8,Jackson County Hospital District,2025,BrdMem,,David,,Darilek,Mr,,,,,0,,,,,,,
21642,103225833,2E2063F3-8F13-44DD-AC4E-626B39E202B8,Jackson County Hospital District,2025,BrdMem,,Jim,,Kaelin,Mr,,,,,0,,,,,,,
21643,103225833,2E2063F3-8F13-44DD-AC4E-626B39E202B8,Jackson County Hospital District,2025,BrdMem,,Debbie,,Schneider,Ms.,,,,,0,,,,,,,
21644,103225833,2E2063F3-8F13-44DD-AC4E-626B39E202B8,Jackson County Hospital District,2025,BrdMem,,Jamie,,Stuhrenberg,Mr,,,,,0,,,,,,,
21645,103225833,2E2063F3-8F13-44DD-AC4E-626B39E202B8,Jackson County Hospital District,2025,BrdMem,,Tammy,,Gendke,Mrs,,,,,0,,,,,,,
21649,103225833,DC43249B-F44C-47C4-9B3E-F8EEA0D7539E,Jackson County Hospital District,2026,BrdMem,,Tammy,,Gendke,Mrs,,,,,0,,,,,,,
21650,103225833,DC43249B-F44C-47C4-9B3E-F8EEA0D7539E,Jackson County Hospital District,2026,BrdMem,,Jimmy,,Lopez,Mr,,,,,0,,,,,,,
21651,103225833,DC43249B-F44C-47C4-9B3E-F8EEA0D7539E,Jackson County Hospital District,2026,BrdMem,,Chris,,Lundstrum,Mrs,,,,,0,,,,,,,
21652,103225833,DC43249B-F44C-47C4-9B3E-F8EEA0D7539E,Jackson County Hospital District,2026,BrdMem,,Jamie,,Stuhrenberg,Mr,,,,,0,,,,,,,
21653,103225833,DC43249B-F44C-47C4-9B3E-F8EEA0D7539E,Jackson County Hospital District,2026,BrdMem,,Dustin,,Hicks,Mr.,,,,,0,,,,,,,
21654,103225833,DC43249B-F44C-47C4-9B3E-F8EEA0D7539E,Jackson County Hospital District,2026,BrdMem,,Jim,,Kaelin,Mr,,,,,0,,,,,,,
21655,103225833,DC43249B-F44C-47C4-9B3E-F8EEA0D7539E,Jackson County Hospital District,2026,BrdMem,,Janet,,Chanek,Mrs,,,,,0,,,,,,,
21656,103225833,DC43249B-F44C-47C4-9B3E-F8EEA0D7539E,Jackson County Hospital District,2026,BrdMem,,David,,Darilek,Mr,,,,,0,,,,,,,
21657,103225833,DC43249B-F44C-47C4-9B3E-F8EEA0D7539E,Jackson County Hospital District,2026,BrdMem,,Debbie,,Schneider,Ms.,,,,,0,,,,,,,
21716,103225835,2A878B96-CA0F-471F-9E71-4276D25E6EEC,Gonzales Healthcare Systems,2018,BrdMem,,Stephanie,,Kodack,Board Member,,,,,0,,,,,,,
21717,103225835,2A878B96-CA0F-471F-9E71-4276D25E6EEC,Gonzales Healthcare Systems,2018,BrdMem,,Kenneth,,Gottwald,President,,,,,0,,,,,,,
21718,103225835,2A878B96-CA0F-471F-9E71-4276D25E6EEC,Gonzales Healthcare Systems,2018,BrdMem,,Lisa,,Gindler,Board Member,,,,,0,,,,,,,
21719,103225835,2A878B96-CA0F-471F-9E71-4276D25E6EEC,Gonzales Healthcare Systems,2018,BrdMem,,Gene,,Reed,Vice President,,,,,0,,,,,,,
21720,103225835,2A878B96-CA0F-471F-9E71-4276D25E6EEC,Gonzales Healthcare Systems,2018,BrdMem,,Katie,,Garrett,Board Member,,,,,0,,,,,,,
21721,103225835,2A878B96-CA0F-471F-9E71-4276D25E6EEC,Gonzales Healthcare Systems,2018,BrdMem,,Greg,,Tieken,Secretary,,,,,0,,,,,,,
21722,103225835,2A878B96-CA0F-471F-9E71-4276D25E6EEC,Gonzales Healthcare Systems,2018,BrdMem,,Tim,,Markham,Board Member,,,,,0,,,,,,,
21723,103225835,2A878B96-CA0F-471F-9E71-4276D25E6EEC,Gonzales Healthcare Systems,2018,BrdMem,,David,,Malaer,Board Member,,,,,0,,,,,,,
21724,103225835,2A878B96-CA0F-471F-9E71-4276D25E6EEC,Gonzales Healthcare Systems,2018,BrdMem,,Kerry,,Morgan,Board Member,,,,,0,,,,,,,
21728,103225835,515D8B9F-DD4F-46CF-BCB1-1B1D4B32C0E6,Gonzales Healthcare Systems,2019,BrdMem,,Greg,,Tieken,Vice President,,,,,0,,,,,,,
21729,103225835,515D8B9F-DD4F-46CF-BCB1-1B1D4B32C0E6,Gonzales Healthcare Systems,2019,BrdMem,,Lisa,,Gindler,Board Member,,,,,0,,,,,,,
21730,103225835,515D8B9F-DD4F-46CF-BCB1-1B1D4B32C0E6,Gonzales Healthcare Systems,2019,BrdMem,,Gene,,Reed,board member,,,,,0,,,,,,,
21731,103225835,515D8B9F-DD4F-46CF-BCB1-1B1D4B32C0E6,Gonzales Healthcare Systems,2019,BrdMem,,Kerry,,Morgan,Board Member,,,,,0,,,,,,,
21732,103225835,515D8B9F-DD4F-46CF-BCB1-1B1D4B32C0E6,Gonzales Healthcare Systems,2019,BrdMem,,Stephanie,,Kodack,Secretary,,,,,0,,,,,,,
21733,103225835,515D8B9F-DD4F-46CF-BCB1-1B1D4B32C0E6,Gonzales Healthcare Systems,2019,BrdMem,,Kenneth,,Gottwald,President,,,,,0,,,,,,,
21734,103225835,515D8B9F-DD4F-46CF-BCB1-1B1D4B32C0E6,Gonzales Healthcare Systems,2019,BrdMem,,Tim,,Markham,Board Member,,,,,0,,,,,,,
21735,103225835,515D8B9F-DD4F-46CF-BCB1-1B1D4B32C0E6,Gonzales Healthcare Systems,2019,BrdMem,,Sascha,,Kardoza,board member,,,,,0,,,,,,,
21739,103225835,DA69CEA9-87B2-4673-A2FA-AF17EC39663D,Gonzales Healthcare Systems,2020,BrdMem,,Wayne,,South,Board Member,,,,,0,,,,,,,
21740,103225835,DA69CEA9-87B2-4673-A2FA-AF17EC39663D,Gonzales Healthcare Systems,2020,BrdMem,,Gene,,Reed,board member,,,,,0,,,,,,,
21741,103225835,DA69CEA9-87B2-4673-A2FA-AF17EC39663D,Gonzales Healthcare Systems,2020,BrdMem,,Kenneth,,Gottwald,President,,,,,0,,,,,,,
21742,103225835,DA69CEA9-87B2-4673-A2FA-AF17EC39663D,Gonzales Healthcare Systems,2020,BrdMem,,Greg,,Tieken,Vice President,,,,,0,,,,,,,
21743,103225835,DA69CEA9-87B2-4673-A2FA-AF17EC39663D,Gonzales Healthcare Systems,2020,BrdMem,,Tim,,Markham,Board Member,,,,,0,,,,,,,
21744,103225835,DA69CEA9-87B2-4673-A2FA-AF17EC39663D,Gonzales Healthcare Systems,2020,BrdMem,,Sascha,,Kardoza,board member,,,,,0,,,,,,,
21745,103225835,DA69CEA9-87B2-4673-A2FA-AF17EC39663D,Gonzales Healthcare Systems,2020,BrdMem,,Kerry,,Morgan,Board Member,,,,,0,,,,,,,
21746,103225835,DA69CEA9-87B2-4673-A2FA-AF17EC39663D,Gonzales Healthcare Systems,2020,BrdMem,,Lisa,,Gindler,Board Member,,,,,0,,,,,,,
21747,103225835,DA69CEA9-87B2-4673-A2FA-AF17EC39663D,Gonzales Healthcare Systems,2020,BrdMem,,Stephanie,,Kodack,Secretary,,,,,0,,,,,,,
21751,103225835,8BA7A830-44EA-48E2-9AC1-FD962CF2067B,Gonzales Healthcare Systems,2021,BrdMem,,Wayne,,South,Board Member,,,,,0,,,,,,,
21752,103225835,8BA7A830-44EA-48E2-9AC1-FD962CF2067B,Gonzales Healthcare Systems,2021,BrdMem,,Tim,,Markham,Board Member,,,,,0,,,,,,,
21753,103225835,8BA7A830-44EA-48E2-9AC1-FD962CF2067B,Gonzales Healthcare Systems,2021,BrdMem,,Greg,,Tieken,Vice President,,,,,0,,,,,,,
21754,103225835,8BA7A830-44EA-48E2-9AC1-FD962CF2067B,Gonzales Healthcare Systems,2021,BrdMem,,Lisa,,Gindler,Board Member,,,,,0,,,,,,,
21755,103225835,8BA7A830-44EA-48E2-9AC1-FD962CF2067B,Gonzales Healthcare Systems,2021,BrdMem,,Kerry,,Morgan,Board Member,,,,,0,,,,,,,
21756,103225835,8BA7A830-44EA-48E2-9AC1-FD962CF2067B,Gonzales Healthcare Systems,2021,BrdMem,,Stephanie,,Kodack,Secretary,,,,,0,,,,,,,
21757,103225835,8BA7A830-44EA-48E2-9AC1-FD962CF2067B,Gonzales Healthcare Systems,2021,BrdMem,,Sascha,,Kardoza,board member,,,,,0,,,,,,,
21758,103225835,8BA7A830-44EA-48E2-9AC1-FD962CF2067B,Gonzales Healthcare Systems,2021,BrdMem,,Kenneth,,Gottwald,President,,,,,0,,,,,,,
21759,103225835,8BA7A830-44EA-48E2-9AC1-FD962CF2067B,Gonzales Healthcare Systems,2021,BrdMem,,Gene,,Reed,board member,,,,,0,,,,,,,
21763,103225835,A1AA3927-BCF5-40B6-8BD4-14D067A927D2,Gonzales Healthcare Systems,2022,BrdMem,,Kerry,,Morgan,Board Member,,,,,0,,,,,,,
21764,103225835,A1AA3927-BCF5-40B6-8BD4-14D067A927D2,Gonzales Healthcare Systems,2022,BrdMem,,Greg,,Tieken,Vice President,,,,,0,,,,,,,
21765,103225835,A1AA3927-BCF5-40B6-8BD4-14D067A927D2,Gonzales Healthcare Systems,2022,BrdMem,,Sascha,,Kardoza,board member,,,,,0,,,,,,,
21766,103225835,A1AA3927-BCF5-40B6-8BD4-14D067A927D2,Gonzales Healthcare Systems,2022,BrdMem,,Wayne,,South,Board Member,,,,,0,,,,,,,
21767,103225835,A1AA3927-BCF5-40B6-8BD4-14D067A927D2,Gonzales Healthcare Systems,2022,BrdMem,,Lisa,,Gindler,Board Member,,,,,0,,,,,,,
21768,103225835,A1AA3927-BCF5-40B6-8BD4-14D067A927D2,Gonzales Healthcare Systems,2022,BrdMem,,Tim,,Markham,Board Member,,,,,0,,,,,,,
21769,103225835,A1AA3927-BCF5-40B6-8BD4-14D067A927D2,Gonzales Healthcare Systems,2022,BrdMem,,Stephanie,,Kodack,Secretary,,,,,0,,,,,,,
21770,103225835,A1AA3927-BCF5-40B6-8BD4-14D067A927D2,Gonzales Healthcare Systems,2022,BrdMem,,Kenneth,,Gottwald,President,,,,,0,,,,,,,
21771,103225835,A1AA3927-BCF5-40B6-8BD4-14D067A927D2,Gonzales Healthcare Systems,2022,BrdMem,,Gene,,Reed,board member,,,,,0,,,,,,,
21775,103225835,5F419C6E-DF0C-4ECE-AA28-2EEBA6E857C7,Gonzales Healthcare Systems,2023,BrdMem,,Sascha,,Kardoza,board member,,,,,0,,,,,,,
21776,103225835,5F419C6E-DF0C-4ECE-AA28-2EEBA6E857C7,Gonzales Healthcare Systems,2023,BrdMem,,Lisa,,Gindler,Board Member,,,,,0,,,,,,,
21777,103225835,5F419C6E-DF0C-4ECE-AA28-2EEBA6E857C7,Gonzales Healthcare Systems,2023,BrdMem,,Tim,,Markham,Board Member,,,,,0,,,,,,,
21778,103225835,5F419C6E-DF0C-4ECE-AA28-2EEBA6E857C7,Gonzales Healthcare Systems,2023,BrdMem,,Stephanie,,Kodack,Secretary,,,,,0,,,,,,,
21779,103225835,5F419C6E-DF0C-4ECE-AA28-2EEBA6E857C7,Gonzales Healthcare Systems,2023,BrdMem,,Greg,,Tieken,Vice President,,,,,0,,,,,,,
21780,103225835,5F419C6E-DF0C-4ECE-AA28-2EEBA6E857C7,Gonzales Healthcare Systems,2023,BrdMem,,Kerry,,Morgan,Board Member,,,,,0,,,,,,,
21781,103225835,5F419C6E-DF0C-4ECE-AA28-2EEBA6E857C7,Gonzales Healthcare Systems,2023,BrdMem,,Gene,,Reed,board member,,,,,0,,,,,,,
21782,103225835,5F419C6E-DF0C-4ECE-AA28-2EEBA6E857C7,Gonzales Healthcare Systems,2023,BrdMem,,Wayne,,South,Board Member,,,,,0,,,,,,,
21783,103225835,5F419C6E-DF0C-4ECE-AA28-2EEBA6E857C7,Gonzales Healthcare Systems,2023,BrdMem,,Kenneth,,Gottwald,President,,,,,0,,,,,,,
21787,103225835,172A798A-981B-471A-803C-49F1A5C09881,Gonzales Healthcare Systems,2024,BrdMem,,Greg,,Tieken,Vice President,,,,,0,,,,,,,
21788,103225835,172A798A-981B-471A-803C-49F1A5C09881,Gonzales Healthcare Systems,2024,BrdMem,,Kenneth,,Gottwald,President,,,,,0,,,,,,,
21789,103225835,172A798A-981B-471A-803C-49F1A5C09881,Gonzales Healthcare Systems,2024,BrdMem,,Wayne,,South,Board Member,,,,,0,,,,,,,
21790,103225835,172A798A-981B-471A-803C-49F1A5C09881,Gonzales Healthcare Systems,2024,BrdMem,,Gene,,Reed,board member,,,,,0,,,,,,,
21791,103225835,172A798A-981B-471A-803C-49F1A5C09881,Gonzales Healthcare Systems,2024,BrdMem,,Stephanie,,Kodack,Secretary,,,,,0,,,,,,,
21792,103225835,172A798A-981B-471A-803C-49F1A5C09881,Gonzales Healthcare Systems,2024,BrdMem,,Lisa,,Gindler,Board Member,,,,,0,,,,,,,
21793,103225835,172A798A-981B-471A-803C-49F1A5C09881,Gonzales Healthcare Systems,2024,BrdMem,,Tim,,Markham,Board Member,,,,,0,,,,,,,
21794,103225835,172A798A-981B-471A-803C-49F1A5C09881,Gonzales Healthcare Systems,2024,BrdMem,,Kerry,,Morgan,Board Member,,,,,0,,,,,,,
21795,103225835,172A798A-981B-471A-803C-49F1A5C09881,Gonzales Healthcare Systems,2024,BrdMem,,Sascha,,Kardoza,board member,,,,,0,,,,,,,
21799,103225835,E76B713B-4CB9-4869-8487-25A66B7303C4,Gonzales Healthcare Systems,2025,BrdMem,,Kenneth,,Gottwald,President,,,,,0,,,,,,,
21800,103225835,E76B713B-4CB9-4869-8487-25A66B7303C4,Gonzales Healthcare Systems,2025,BrdMem,,Stephanie,,Kodack,Secretary,,,,,0,,,,,,,
21801,103225835,E76B713B-4CB9-4869-8487-25A66B7303C4,Gonzales Healthcare Systems,2025,BrdMem,,Sascha,,Kardoza,board member,,,,,0,,,,,,,
21802,103225835,E76B713B-4CB9-4869-8487-25A66B7303C4,Gonzales Healthcare Systems,2025,BrdMem,,Lisa,,Gindler,Board Member,,,,,0,,,,,,,
21803,103225835,E76B713B-4CB9-4869-8487-25A66B7303C4,Gonzales Healthcare Systems,2025,BrdMem,,Tim,,Markham,Board Member,,,,,0,,,,,,,
21804,103225835,E76B713B-4CB9-4869-8487-25A66B7303C4,Gonzales Healthcare Systems,2025,BrdMem,,Greg,,Tieken,Vice President,,,,,0,,,,,,,
21805,103225835,E76B713B-4CB9-4869-8487-25A66B7303C4,Gonzales Healthcare Systems,2025,BrdMem,,Kerry,,Morgan,Board Member,,,,,0,,,,,,,
21806,103225835,E76B713B-4CB9-4869-8487-25A66B7303C4,Gonzales Healthcare Systems,2025,BrdMem,,Wayne,,South,Board Member,,,,,0,,,,,,,
21807,103225835,E76B713B-4CB9-4869-8487-25A66B7303C4,Gonzales Healthcare Systems,2025,BrdMem,,Gene,,Reed,board member,,,,,0,,,,,,,
21813,103225835,E416F23D-C114-4D4B-A2F7-AE5D9B02D794,Gonzales Healthcare Systems,2026,BrdMem,,Greg,,Tieken,Vice President,,,,,0,,,,,,,
21814,103225835,E416F23D-C114-4D4B-A2F7-AE5D9B02D794,Gonzales Healthcare Systems,2026,BrdMem,,Jean,,Burns,Board Member,,,,,0,,,,,,,
21815,103225835,E416F23D-C114-4D4B-A2F7-AE5D9B02D794,Gonzales Healthcare Systems,2026,BrdMem,,Wayne,,South,Board Member,,,,,0,,,,,,,
21816,103225835,E416F23D-C114-4D4B-A2F7-AE5D9B02D794,Gonzales Healthcare Systems,2026,BrdMem,,Lisa,,Gindler,Board Member,,,,,0,,,,,,,
21817,103225835,E416F23D-C114-4D4B-A2F7-AE5D9B02D794,Gonzales Healthcare Systems,2026,BrdMem,,Gene,,Reed,board member,,,,,0,,,,,,,
21818,103225835,E416F23D-C114-4D4B-A2F7-AE5D9B02D794,Gonzales Healthcare Systems,2026,BrdMem,,David,,Malaer,Board Member,,,,,0,,,,,,,
21819,103225835,E416F23D-C114-4D4B-A2F7-AE5D9B02D794,Gonzales Healthcare Systems,2026,BrdMem,,Kenneth,,Gottwald,President,,,,,0,,,,,,,
21820,103225835,E416F23D-C114-4D4B-A2F7-AE5D9B02D794,Gonzales Healthcare Systems,2026,BrdMem,,Sascha,,Kardoza,board member,,,,,0,,,,,,,
21821,103225835,E416F23D-C114-4D4B-A2F7-AE5D9B02D794,Gonzales Healthcare Systems,2026,BrdMem,,Stephanie,,Kodack,Secretary,,,,,0,,,,,,,
22238,103225844,0FB4D83F-B1F7-4925-8CA6-CB34D4F02515,Harris County Emergency Services District #47,2018,BrdMem,,Sonia,,Yost,Treasurer,,,,,0,,,,,,,
22239,103225844,0FB4D83F-B1F7-4925-8CA6-CB34D4F02515,Harris County Emergency Services District #47,2018,BrdMem,,Mitchell,,Copeland,Asst. Sec. Treas.,,,,,0,,,,,,,
22240,103225844,0FB4D83F-B1F7-4925-8CA6-CB34D4F02515,Harris County Emergency Services District #47,2018,BrdMem,,Gilberto,,Porras,Secretary,,,,,0,,,,,,,
22241,103225844,0FB4D83F-B1F7-4925-8CA6-CB34D4F02515,Harris County Emergency Services District #47,2018,BrdMem,,Brian,,Havran,President,,,,,0,,,,,,,
22242,103225844,0FB4D83F-B1F7-4925-8CA6-CB34D4F02515,Harris County Emergency Services District #47,2018,BrdMem,,John,,Blanke,Vice-President,,,,,0,,,,,,,
22247,103225844,D8EB2CFA-A395-408A-88D0-FE4766807376,Harris County Emergency Services District #47,2019,BrdMem,,Mitchell,,Copeland,Asst. Sec. Treas.,,,,,0,,,,,,,
22248,103225844,D8EB2CFA-A395-408A-88D0-FE4766807376,Harris County Emergency Services District #47,2019,BrdMem,,John,,Blanke,Vice-President,,,,,0,,,,,,,
22249,103225844,D8EB2CFA-A395-408A-88D0-FE4766807376,Harris County Emergency Services District #47,2019,BrdMem,,Brian,,Havran,President,,,,,0,,,,,,,
22250,103225844,D8EB2CFA-A395-408A-88D0-FE4766807376,Harris County Emergency Services District #47,2019,BrdMem,,Sonia,,Yost,Treasurer,,,,,0,,,,,,,
22251,103225844,D8EB2CFA-A395-408A-88D0-FE4766807376,Harris County Emergency Services District #47,2019,BrdMem,,Gilberto,,Porras,Secretary,,,,,0,,,,,,,
22256,103225844,E5AF0EA6-25DB-4A25-8888-6710E61377C4,Harris County Emergency Services District #47,2021,BrdMem,,Michael,,MIller,Commissioner,,,,,0,,,,,,,
22257,103225844,E5AF0EA6-25DB-4A25-8888-6710E61377C4,Harris County Emergency Services District #47,2021,BrdMem,,Brian,,Havran,President,,,,,0,,,,,,,
22258,103225844,E5AF0EA6-25DB-4A25-8888-6710E61377C4,Harris County Emergency Services District #47,2021,BrdMem,,Mitchell,,Copeland,Asst. Sec. Treas.,,,,,0,,,,,,,
22259,103225844,E5AF0EA6-25DB-4A25-8888-6710E61377C4,Harris County Emergency Services District #47,2021,BrdMem,,Gilberto,,Porras,Secretary,,,,,0,,,,,,,
22260,103225844,E5AF0EA6-25DB-4A25-8888-6710E61377C4,Harris County Emergency Services District #47,2021,BrdMem,,John,,Blanke,Vice-President,,,,,0,,,,,,,
22265,103225844,4AD23FC3-7489-44B0-A115-7EF34986DB69,Harris County Emergency Services District #47,2022,BrdMem,,Mitchell,,Copeland,Asst. Sec. Treas.,,,,,0,,,,,,,
22266,103225844,4AD23FC3-7489-44B0-A115-7EF34986DB69,Harris County Emergency Services District #47,2022,BrdMem,,Gilberto,,Porras,Secretary,,,,,0,,,,,,,
22267,103225844,4AD23FC3-7489-44B0-A115-7EF34986DB69,Harris County Emergency Services District #47,2022,BrdMem,,John,,Blanke,Commissioner,,,,,0,,,,,,,
22268,103225844,4AD23FC3-7489-44B0-A115-7EF34986DB69,Harris County Emergency Services District #47,2022,BrdMem,,Michael,,Miller,Treas Invest Officer,,,,,0,,,,,,,
22269,103225844,4AD23FC3-7489-44B0-A115-7EF34986DB69,Harris County Emergency Services District #47,2022,BrdMem,,Brian,,Havran,President,,,,,0,,,,,,,
22274,103225844,FEA174D6-DECD-4576-866A-428026C4E19A,Harris County Emergency Services District #47,2023,BrdMem,,Gilberto,,Porras,Secretary,,,,,0,,,,,,,
22275,103225844,FEA174D6-DECD-4576-866A-428026C4E19A,Harris County Emergency Services District #47,2023,BrdMem,,Michael,,Miller,Treas Invest Officer,,,,,0,,,,,,,
22276,103225844,FEA174D6-DECD-4576-866A-428026C4E19A,Harris County Emergency Services District #47,2023,BrdMem,,Mitchell,,Copeland,Asst. Sec. Treas.,,,,,0,,,,,,,
22277,103225844,FEA174D6-DECD-4576-866A-428026C4E19A,Harris County Emergency Services District #47,2023,BrdMem,,Brian,,Havran,President,,,,,0,,,,,,,
22278,103225844,FEA174D6-DECD-4576-866A-428026C4E19A,Harris County Emergency Services District #47,2023,BrdMem,,John,,Blanke,Commissioner,,,,,0,,,,,,,
22283,103225844,B1E5D4B6-8A4C-4306-A13F-0D0D41823CAF,Harris County Emergency Services District #47,2024,BrdMem,,John,,Blanke,Commissioner,,,,,0,,,,,,,
22284,103225844,B1E5D4B6-8A4C-4306-A13F-0D0D41823CAF,Harris County Emergency Services District #47,2024,BrdMem,,Mitchell,,Copeland,President,,,,,0,,,,,,,
22285,103225844,B1E5D4B6-8A4C-4306-A13F-0D0D41823CAF,Harris County Emergency Services District #47,2024,BrdMem,,Brian,,Havran,Secretary Pub Info,,,,,0,,,,,,,
22286,103225844,B1E5D4B6-8A4C-4306-A13F-0D0D41823CAF,Harris County Emergency Services District #47,2024,BrdMem,,Michael,,Miller,Treas Invest Officer,,,,,0,,,,,,,
22287,103225844,B1E5D4B6-8A4C-4306-A13F-0D0D41823CAF,Harris County Emergency Services District #47,2024,BrdMem,,Gilberto,,Porras,Asst Sec Asst Treas,,,,,0,,,,,,,
22292,103225844,36BC1D66-7CB2-48F5-94BF-8DD0EB755DB1,Harris County Emergency Services District #47,2025,BrdMem,,Brian,,Havran,Secretary Pub Info,,,,,0,,,,,,,
22293,103225844,36BC1D66-7CB2-48F5-94BF-8DD0EB755DB1,Harris County Emergency Services District #47,2025,BrdMem,,Mitchell,,Copeland,President,,,,,0,,,,,,,
22294,103225844,36BC1D66-7CB2-48F5-94BF-8DD0EB755DB1,Harris County Emergency Services District #47,2025,BrdMem,,Michael,,Miller,Treas Invest Officer,,,,,0,,,,,,,
22295,103225844,36BC1D66-7CB2-48F5-94BF-8DD0EB755DB1,Harris County Emergency Services District #47,2025,BrdMem,,Louis,,Rando,Commissioner,,,,,0,,,,,,,
22296,103225844,36BC1D66-7CB2-48F5-94BF-8DD0EB755DB1,Harris County Emergency Services District #47,2025,BrdMem,,Gilberto,,Porras,Asst Sec Asst Treas,,,,,0,,,,,,,
22301,103225844,462559A5-45CC-4A78-8B9A-35A4D3B33718,Harris County Emergency Services District #47,2026,BrdMem,,Michael,,Miller,Treas Invest Officer,,,,,0,,,,,,,
22302,103225844,462559A5-45CC-4A78-8B9A-35A4D3B33718,Harris County Emergency Services District #47,2026,BrdMem,,Mitchell,,Copeland,President,,,,,0,,,,,,,
22303,103225844,462559A5-45CC-4A78-8B9A-35A4D3B33718,Harris County Emergency Services District #47,2026,BrdMem,,Brian,,Havran,Secretary Pub Info,,,,,0,,,,,,,
22304,103225844,462559A5-45CC-4A78-8B9A-35A4D3B33718,Harris County Emergency Services District #47,2026,BrdMem,,Gilberto,,Porras,Asst Sec Asst Treas,,,,,0,,,,,,,
22305,103225844,462559A5-45CC-4A78-8B9A-35A4D3B33718,Harris County Emergency Services District #47,2026,BrdMem,,Louis,,Rando,Commissioner,,,,,0,,,,,,,
22467,103225847,9DA247FB-9AA7-439E-AF8A-1653CE858770,Jack County Hospital District,2018,BrdMem,,Lori,,McBrayer,Board President,,,,,0,,,,,,,
22468,103225847,9DA247FB-9AA7-439E-AF8A-1653CE858770,Jack County Hospital District,2018,BrdMem,,Mark,,Maples,Board Secretary,,,,,0,,,,,,,
22469,103225847,9DA247FB-9AA7-439E-AF8A-1653CE858770,Jack County Hospital District,2018,BrdMem,,Edwina,,Swan,Board Vice President,,,,,0,,,,,,,
22470,103225847,9DA247FB-9AA7-439E-AF8A-1653CE858770,Jack County Hospital District,2018,BrdMem,,Larry,,Hopwood,Board Member,,,,,0,,,,,,,
22471,103225847,9DA247FB-9AA7-439E-AF8A-1653CE858770,Jack County Hospital District,2018,BrdMem,,Shelley,,Owen,Board Member,,,,,0,,,,,,,
22476,103225847,EC52DD74-45C2-4AC3-B881-ED7F9289DCB9,Jack County Hospital District,2019,BrdMem,,Rod,,Hammond,Board Member,,,,,0,,,,,,,
22477,103225847,EC52DD74-45C2-4AC3-B881-ED7F9289DCB9,Jack County Hospital District,2019,BrdMem,,Shelley,,Owen,Board Member,,,,,0,,,,,,,
22478,103225847,EC52DD74-45C2-4AC3-B881-ED7F9289DCB9,Jack County Hospital District,2019,BrdMem,,Lori,,McBrayer,Board President,,,,,0,,,,,,,
22479,103225847,EC52DD74-45C2-4AC3-B881-ED7F9289DCB9,Jack County Hospital District,2019,BrdMem,,Larry,,Hopwood,Board Member,,,,,0,,,,,,,
22480,103225847,EC52DD74-45C2-4AC3-B881-ED7F9289DCB9,Jack County Hospital District,2019,BrdMem,,Mark,,Maples,Board Secretary,,,,,0,,,,,,,
22485,103225847,DAE47ADA-2E96-422C-A87D-F402A4E1448C,Jack County Hospital District,2020,BrdMem,,Rod,,Hammond,Board Member,,,,,0,,,,,,,
22486,103225847,DAE47ADA-2E96-422C-A87D-F402A4E1448C,Jack County Hospital District,2020,BrdMem,,Lori,,McBrayer,Board President,,,,,0,,,,,,,
22487,103225847,DAE47ADA-2E96-422C-A87D-F402A4E1448C,Jack County Hospital District,2020,BrdMem,,Mark,,Maples,Board Secretary,,,,,0,,,,,,,
22488,103225847,DAE47ADA-2E96-422C-A87D-F402A4E1448C,Jack County Hospital District,2020,BrdMem,,Larry,,Hopwood,Board Member,,,,,0,,,,,,,
22489,103225847,DAE47ADA-2E96-422C-A87D-F402A4E1448C,Jack County Hospital District,2020,BrdMem,,Shelley,,Owen,Board Member,,,,,0,,,,,,,
22494,103225847,67863639-5481-468F-A353-D00EFB1D6AAA,Jack County Hospital District,2021,BrdMem,,Rod,,Hammond,Board Member,,,,,0,,,,,,,
22495,103225847,67863639-5481-468F-A353-D00EFB1D6AAA,Jack County Hospital District,2021,BrdMem,,Larry,,Hopwood,Board Member,,,,,0,,,,,,,
22496,103225847,67863639-5481-468F-A353-D00EFB1D6AAA,Jack County Hospital District,2021,BrdMem,,Lori,,McBrayer,Board President,,,,,0,,,,,,,
22497,103225847,67863639-5481-468F-A353-D00EFB1D6AAA,Jack County Hospital District,2021,BrdMem,,Leslie,,Chalmers,Board Member,,,,,0,,,,,,,
22498,103225847,67863639-5481-468F-A353-D00EFB1D6AAA,Jack County Hospital District,2021,BrdMem,,Mark,,Maples,Board Secretary,,,,,0,,,,,,,
22503,103225847,7E73BDF2-B692-4AFB-9E4E-F4BFAD0EA2A0,Jack County Hospital District,2022,BrdMem,,Mark,,Maples,Board Secretary,,,,,0,,,,,,,
22504,103225847,7E73BDF2-B692-4AFB-9E4E-F4BFAD0EA2A0,Jack County Hospital District,2022,BrdMem,,Lori,,McBrayer,Board President,,,,,0,,,,,,,
22505,103225847,7E73BDF2-B692-4AFB-9E4E-F4BFAD0EA2A0,Jack County Hospital District,2022,BrdMem,,Leslie,,Chalmers,Board Member,,,,,0,,,,,,,
22506,103225847,7E73BDF2-B692-4AFB-9E4E-F4BFAD0EA2A0,Jack County Hospital District,2022,BrdMem,,Larry,,Hopwood,Board Member,,,,,0,,,,,,,
22507,103225847,7E73BDF2-B692-4AFB-9E4E-F4BFAD0EA2A0,Jack County Hospital District,2022,BrdMem,,Rod,,Hammond,Board Member,,,,,0,,,,,,,
22512,103225847,C28C02DE-D575-47D7-A589-1D40D64F8C7A,Jack County Hospital District,2023,BrdMem,,Mark,,Maples,Board Secretary,,,,,0,,,,,,,
22513,103225847,C28C02DE-D575-47D7-A589-1D40D64F8C7A,Jack County Hospital District,2023,BrdMem,,Lori,,McBrayer,Board President,,,,,0,,,,,,,
22514,103225847,C28C02DE-D575-47D7-A589-1D40D64F8C7A,Jack County Hospital District,2023,BrdMem,,Larry,,Hopwood,Board Member,,,,,0,,,,,,,
22515,103225847,C28C02DE-D575-47D7-A589-1D40D64F8C7A,Jack County Hospital District,2023,BrdMem,,Rod,,Hammond,Board Member,,,,,0,,,,,,,
22516,103225847,C28C02DE-D575-47D7-A589-1D40D64F8C7A,Jack County Hospital District,2023,BrdMem,,Leslie,,Chalmers,Board Member,,,,,0,,,,,,,
22521,103225847,0902D6D7-1C00-4635-80C8-F804351741ED,Jack County Hospital District,2024,BrdMem,,Rod,,Hammond,Board Member,,,,,0,,,,,,,
22522,103225847,0902D6D7-1C00-4635-80C8-F804351741ED,Jack County Hospital District,2024,BrdMem,,Larry,,Hopwood,Board Member,,,,,0,,,,,,,
22523,103225847,0902D6D7-1C00-4635-80C8-F804351741ED,Jack County Hospital District,2024,BrdMem,,Lori,,McBrayer,Board President,,,,,0,,,,,,,
22524,103225847,0902D6D7-1C00-4635-80C8-F804351741ED,Jack County Hospital District,2024,BrdMem,,Leslie,,Chalmers,Board Member,,,,,0,,,,,,,
22525,103225847,0902D6D7-1C00-4635-80C8-F804351741ED,Jack County Hospital District,2024,BrdMem,,Jacey,,Brittain,Board Memeber,,,,,0,,,,,,,
22530,103225847,07A577C0-9B61-4186-9572-1FEF64F18B38,Jack County Hospital District,2025,BrdMem,,Lori,,McBrayer,Board President,,,,,0,,,,,,,
22531,103225847,07A577C0-9B61-4186-9572-1FEF64F18B38,Jack County Hospital District,2025,BrdMem,,Heather,,Sisson,Board Member,,,,,0,,,,,,,
22532,103225847,07A577C0-9B61-4186-9572-1FEF64F18B38,Jack County Hospital District,2025,BrdMem,,Jacey,,Brittain,Board Memeber,,,,,0,,,,,,,
22533,103225847,07A577C0-9B61-4186-9572-1FEF64F18B38,Jack County Hospital District,2025,BrdMem,,Larry,,Hopwood,Board Member,,,,,0,,,,,,,
22538,103225847,D571FD17-6A28-4244-B863-5A4E807CDFFC,Jack County Hospital District,2026,BrdMem,,Jacey,,Brittain,Board Memeber,,,,,0,,,,,,,
22539,103225847,D571FD17-6A28-4244-B863-5A4E807CDFFC,Jack County Hospital District,2026,BrdMem,,Larry,,Hopwood,Board Member,,,,,0,,,,,,,
22540,103225847,D571FD17-6A28-4244-B863-5A4E807CDFFC,Jack County Hospital District,2026,BrdMem,,Peter,,Armstrong,Board Member,,,,,0,,,,,,,
22541,103225847,D571FD17-6A28-4244-B863-5A4E807CDFFC,Jack County Hospital District,2026,BrdMem,,Heather,,Sisson,Board Member,,,,,0,,,,,,,
22542,103225847,D571FD17-6A28-4244-B863-5A4E807CDFFC,Jack County Hospital District,2026,BrdMem,,Lori,,McBrayer,Board President,,,,,0,,,,,,,
22841,103225852,35C17298-973B-4906-98A8-4FDBCC9733A9,McCamey County Hospital District,2018,BrdMem,,Armida,,Zuniga,Ms.,,,,,0,,,,,,,
22842,103225852,35C17298-973B-4906-98A8-4FDBCC9733A9,McCamey County Hospital District,2018,BrdMem,,Ryan,,Haltom,Mr.,,,,,0,,,,,,,
22843,103225852,35C17298-973B-4906-98A8-4FDBCC9733A9,McCamey County Hospital District,2018,BrdMem,,Nonita,,Brown,Ms.,,,,,0,,,,,,,
22844,103225852,35C17298-973B-4906-98A8-4FDBCC9733A9,McCamey County Hospital District,2018,BrdMem,,Dollie,,Lynch,Mrs.,,,,,0,,,,,,,
22845,103225852,35C17298-973B-4906-98A8-4FDBCC9733A9,McCamey County Hospital District,2018,BrdMem,,Gary,,Wolfe,Mr.,,,,,0,,,,,,,
22849,103225852,1A0B2208-FB51-4838-B12F-7B0BC19F16A8,McCamey County Hospital District,2019,BrdMem,,David,,Cross,Mr.,,,,,0,,,,,,,
22850,103225852,1A0B2208-FB51-4838-B12F-7B0BC19F16A8,McCamey County Hospital District,2019,BrdMem,,Dollie,,Lynch,Mrs.,,,,,0,,,,,,,
22851,103225852,1A0B2208-FB51-4838-B12F-7B0BC19F16A8,McCamey County Hospital District,2019,BrdMem,,Dwayne,,Duncan,Mr.,,,,,0,,,,,,,
22852,103225852,1A0B2208-FB51-4838-B12F-7B0BC19F16A8,McCamey County Hospital District,2019,BrdMem,,Armida,,Zuniga,Ms.,,,,,0,,,,,,,
22853,103225852,1A0B2208-FB51-4838-B12F-7B0BC19F16A8,McCamey County Hospital District,2019,BrdMem,,Nonita,,Brown,Ms.,,,,,0,,,,,,,
22857,103225852,8C87D9CA-20C8-4A4F-94E4-60CE3CD92ED7,McCamey County Hospital District,2020,BrdMem,,Brent,,Gryder,Mr.,,,,,0,,,,,,,
22858,103225852,8C87D9CA-20C8-4A4F-94E4-60CE3CD92ED7,McCamey County Hospital District,2020,BrdMem,,Dwayne,,Duncan,Mr.,,,,,0,,,,,,,
22859,103225852,8C87D9CA-20C8-4A4F-94E4-60CE3CD92ED7,McCamey County Hospital District,2020,BrdMem,,Deanne,,Adams,Ms.,,,,,0,,,,,,,
22860,103225852,8C87D9CA-20C8-4A4F-94E4-60CE3CD92ED7,McCamey County Hospital District,2020,BrdMem,,Vivian,,Venegas,Ms.,,,,,0,,,,,,,
22861,103225852,8C87D9CA-20C8-4A4F-94E4-60CE3CD92ED7,McCamey County Hospital District,2020,BrdMem,,Warren,,Kneupper,Mr.,,,,,0,,,,,,,
22865,103225852,26454074-AC5B-4DB2-87EA-B2848197156E,McCamey County Hospital District,2021,BrdMem,,Dwayne,,Duncan,Mr.,,,,,0,,,,,,,
22866,103225852,26454074-AC5B-4DB2-87EA-B2848197156E,McCamey County Hospital District,2021,BrdMem,,Warren,,Kneupper,Mr.,,,,,0,,,,,,,
22867,103225852,26454074-AC5B-4DB2-87EA-B2848197156E,McCamey County Hospital District,2021,BrdMem,,Brent,,Gryder,Mr.,,,,,0,,,,,,,
22868,103225852,26454074-AC5B-4DB2-87EA-B2848197156E,McCamey County Hospital District,2021,BrdMem,,Deanne,,Adams,Ms.,,,,,0,,,,,,,
22869,103225852,26454074-AC5B-4DB2-87EA-B2848197156E,McCamey County Hospital District,2021,BrdMem,,Vivian,,Venegas,Ms.,,,,,0,,,,,,,
22873,103225852,8AFAF37A-183C-4159-9CA8-BE73D9E6D4EA,McCamey County Hospital District,2022,BrdMem,,Warren,,Kneupper,Mr.,,,,,0,,,,,,,
22874,103225852,8AFAF37A-183C-4159-9CA8-BE73D9E6D4EA,McCamey County Hospital District,2022,BrdMem,,Brent,,Gryder,Mr.,,,,,0,,,,,,,
22875,103225852,8AFAF37A-183C-4159-9CA8-BE73D9E6D4EA,McCamey County Hospital District,2022,BrdMem,,Vivian,,Venegas,Ms.,,,,,0,,,,,,,
22876,103225852,8AFAF37A-183C-4159-9CA8-BE73D9E6D4EA,McCamey County Hospital District,2022,BrdMem,,Dwayne,,Duncan,Mr.,,,,,0,,,,,,,
22877,103225852,8AFAF37A-183C-4159-9CA8-BE73D9E6D4EA,McCamey County Hospital District,2022,BrdMem,,Deanne,,Adams,Ms.,,,,,0,,,,,,,
22881,103225852,469609D1-3DB5-48C3-8273-B154A081900D,McCamey County Hospital District,2023,BrdMem,,Brent,,Gryder,Mr.,,,,,0,,,,,,,
22882,103225852,469609D1-3DB5-48C3-8273-B154A081900D,McCamey County Hospital District,2023,BrdMem,,Vivian,,Venegas,Ms.,,,,,0,,,,,,,
22883,103225852,469609D1-3DB5-48C3-8273-B154A081900D,McCamey County Hospital District,2023,BrdMem,,Dwayne,,Duncan,Mr.,,,,,0,,,,,,,
22884,103225852,469609D1-3DB5-48C3-8273-B154A081900D,McCamey County Hospital District,2023,BrdMem,,Deanne,,Adams,Ms.,,,,,0,,,,,,,
22885,103225852,469609D1-3DB5-48C3-8273-B154A081900D,McCamey County Hospital District,2023,BrdMem,,Warren,,Kneupper,Mr.,,,,,0,,,,,,,
22889,103225852,6C2F75A7-3E6A-4F0F-AF5C-D39712F2FD90,McCamey County Hospital District,2024,BrdMem,,Dwayne,,Duncan,Mr.,,,,,0,,,,,,,
22890,103225852,6C2F75A7-3E6A-4F0F-AF5C-D39712F2FD90,McCamey County Hospital District,2024,BrdMem,,Brent,,Gryder,Mr.,,,,,0,,,,,,,
22891,103225852,6C2F75A7-3E6A-4F0F-AF5C-D39712F2FD90,McCamey County Hospital District,2024,BrdMem,,Warren,,Kneupper,Mr.,,,,,0,,,,,,,
22892,103225852,6C2F75A7-3E6A-4F0F-AF5C-D39712F2FD90,McCamey County Hospital District,2024,BrdMem,,Deanne,,Adams,Ms.,,,,,0,,,,,,,
22893,103225852,6C2F75A7-3E6A-4F0F-AF5C-D39712F2FD90,McCamey County Hospital District,2024,BrdMem,,Vivian,,Venegas,Ms.,,,,,0,,,,,,,
22897,103225852,D8A3BE39-BD28-4FE9-884A-C91154B2DDAF,McCamey County Hospital District,2025,BrdMem,,Deanne,,Adams,Ms.,,,,,0,,,,,,,
22898,103225852,D8A3BE39-BD28-4FE9-884A-C91154B2DDAF,McCamey County Hospital District,2025,BrdMem,,Brent,,Gryder,Mr.,,,,,0,,,,,,,
22899,103225852,D8A3BE39-BD28-4FE9-884A-C91154B2DDAF,McCamey County Hospital District,2025,BrdMem,,Dwayne,,Duncan,Mr.,,,,,0,,,,,,,
22900,103225852,D8A3BE39-BD28-4FE9-884A-C91154B2DDAF,McCamey County Hospital District,2025,BrdMem,,Warren,,Kneupper,Mr.,,,,,0,,,,,,,
22901,103225852,D8A3BE39-BD28-4FE9-884A-C91154B2DDAF,McCamey County Hospital District,2025,BrdMem,,Vivian,,Venegas,Ms.,,,,,0,,,,,,,
23314,103225860,4A0EA2CE-045A-4F6D-A1D9-8C4479C56BFD,Knox County Hospital District,2018,BrdMem,,JOANN,,ALBUS,SECRETARY,,,,,0,,,,,,,
23315,103225860,4A0EA2CE-045A-4F6D-A1D9-8C4479C56BFD,Knox County Hospital District,2018,BrdMem,,DANIEL,,WAINSCOTT,MEMBER,,,,,0,,,,,,,
23316,103225860,4A0EA2CE-045A-4F6D-A1D9-8C4479C56BFD,Knox County Hospital District,2018,BrdMem,,JUDY,,HOBERT,VICE PRESIDENT,,,,,0,,,,,,,
23317,103225860,4A0EA2CE-045A-4F6D-A1D9-8C4479C56BFD,Knox County Hospital District,2018,BrdMem,,SHIRLEY,,G,MEMBER,,,,,0,,,,,,,
23318,103225860,4A0EA2CE-045A-4F6D-A1D9-8C4479C56BFD,Knox County Hospital District,2018,BrdMem,,TRACY,,CARTWRIGHT,PRESIDENT,,,,,0,,,,,,,
23319,103225860,4A0EA2CE-045A-4F6D-A1D9-8C4479C56BFD,Knox County Hospital District,2018,BrdMem,,MICHAEL,,WILDE,MEMBER,,,,,0,,,,,,,
23320,103225860,4A0EA2CE-045A-4F6D-A1D9-8C4479C56BFD,Knox County Hospital District,2018,BrdMem,,TONY,,BREEDLOVE,MEMBER,,,,,0,,,,,,,
23324,103225860,B369A2AF-BD6A-4C37-8295-3A7856E0918B,Knox County Hospital District,2019,BrdMem,,SHIRLEY,,GASS,MEMBER,,,,,0,,,,,,,
23325,103225860,B369A2AF-BD6A-4C37-8295-3A7856E0918B,Knox County Hospital District,2019,BrdMem,,TONY,,BREEDLOVE,MEMBER,,,,,0,,,,,,,
23326,103225860,B369A2AF-BD6A-4C37-8295-3A7856E0918B,Knox County Hospital District,2019,BrdMem,,JOANN,,ALBUS,SECRETARY,,,,,0,,,,,,,
23327,103225860,B369A2AF-BD6A-4C37-8295-3A7856E0918B,Knox County Hospital District,2019,BrdMem,,MICHAEL,,WILDE,MEMBER,,,,,0,,,,,,,
23328,103225860,B369A2AF-BD6A-4C37-8295-3A7856E0918B,Knox County Hospital District,2019,BrdMem,,TRACY,,CARTWRIGHT,PRESIDENT,,,,,0,,,,,,,
23329,103225860,B369A2AF-BD6A-4C37-8295-3A7856E0918B,Knox County Hospital District,2019,BrdMem,,DANIEL,,WAINSCOTT,MEMBER,,,,,0,,,,,,,
23330,103225860,B369A2AF-BD6A-4C37-8295-3A7856E0918B,Knox County Hospital District,2019,BrdMem,,JUDY,,HOBERT,VICE PRESIDENT,,,,,0,,,,,,,
23334,103225860,329CE7CF-93EB-4563-84F7-8715D378F151,Knox County Hospital District,2020,BrdMem,,SHIRLEY,,GASS,MEMBER,,,,,0,,,,,,,
23335,103225860,329CE7CF-93EB-4563-84F7-8715D378F151,Knox County Hospital District,2020,BrdMem,,JOANN,,ALBUS,SECRETARY,,,,,0,,,,,,,
23336,103225860,329CE7CF-93EB-4563-84F7-8715D378F151,Knox County Hospital District,2020,BrdMem,,TONY,,BREEDLOVE,MEMBER,,,,,0,,,,,,,
23337,103225860,329CE7CF-93EB-4563-84F7-8715D378F151,Knox County Hospital District,2020,BrdMem,,JUDY,,HOBERT,VICE PRESIDENT,,,,,0,,,,,,,
23338,103225860,329CE7CF-93EB-4563-84F7-8715D378F151,Knox County Hospital District,2020,BrdMem,,TRACY,,CARTWRIGHT,PRESIDENT,,,,,0,,,,,,,
23339,103225860,329CE7CF-93EB-4563-84F7-8715D378F151,Knox County Hospital District,2020,BrdMem,,JENNIFER,,CARVER,MEMBER,,,,,0,,,,,,,
23340,103225860,329CE7CF-93EB-4563-84F7-8715D378F151,Knox County Hospital District,2020,BrdMem,,DANIEL,,WAINSCOTT,MEMBER,,,,,0,,,,,,,
23344,103225860,D56C16FD-8B31-4821-A419-B69813D35D5E,Knox County Hospital District,2021,BrdMem,,JENNIFER,,CARVER,MEMBER,,,,,0,,,,,,,
23345,103225860,D56C16FD-8B31-4821-A419-B69813D35D5E,Knox County Hospital District,2021,BrdMem,,DANIEL,,WAINSCOTT,MEMBER,,,,,0,,,,,,,
23346,103225860,D56C16FD-8B31-4821-A419-B69813D35D5E,Knox County Hospital District,2021,BrdMem,,SHIRLEY,,GASS,MEMBER,,,,,0,,,,,,,
23347,103225860,D56C16FD-8B31-4821-A419-B69813D35D5E,Knox County Hospital District,2021,BrdMem,,TRACY,,CARTWRIGHT,PRESIDENT,,,,,0,,,,,,,
23348,103225860,D56C16FD-8B31-4821-A419-B69813D35D5E,Knox County Hospital District,2021,BrdMem,,TONY,,BREEDLOVE,MEMBER,,,,,0,,,,,,,
23349,103225860,D56C16FD-8B31-4821-A419-B69813D35D5E,Knox County Hospital District,2021,BrdMem,,JOANN,,ALBUS,SECRETARY,,,,,0,,,,,,,
23350,103225860,D56C16FD-8B31-4821-A419-B69813D35D5E,Knox County Hospital District,2021,BrdMem,,JUDY,,HOBERT,VICE PRESIDENT,,,,,0,,,,,,,
23354,103225860,021E2404-18BD-4ED2-8547-FE828B39567A,Knox County Hospital District,2022,BrdMem,,TONY,,BREEDLOVE,MEMBER,,,,,0,,,,,,,
23355,103225860,021E2404-18BD-4ED2-8547-FE828B39567A,Knox County Hospital District,2022,BrdMem,,SHIRLEY,,GASS,MEMBER,,,,,0,,,,,,,
23356,103225860,021E2404-18BD-4ED2-8547-FE828B39567A,Knox County Hospital District,2022,BrdMem,,TRACY,,CARTWRIGHT,PRESIDENT,,,,,0,,,,,,,
23357,103225860,021E2404-18BD-4ED2-8547-FE828B39567A,Knox County Hospital District,2022,BrdMem,,DANIEL,,WAINSCOTT,MEMBER,,,,,0,,,,,,,
23358,103225860,021E2404-18BD-4ED2-8547-FE828B39567A,Knox County Hospital District,2022,BrdMem,,JUDY,,HOBERT,VICE PRESIDENT,,,,,0,,,,,,,
23359,103225860,021E2404-18BD-4ED2-8547-FE828B39567A,Knox County Hospital District,2022,BrdMem,,JENNIFER,,CARVER,MEMBER,,,,,0,,,,,,,
23360,103225860,021E2404-18BD-4ED2-8547-FE828B39567A,Knox County Hospital District,2022,BrdMem,,JOANN,,ALBUS,SECRETARY,,,,,0,,,,,,,
23364,103225860,F965AEAF-50D6-4C13-BCCA-A550B290FEF5,Knox County Hospital District,2023,BrdMem,,JENNIFER,,CARVER,MEMBER,,,,,0,,,,,,,
23365,103225860,F965AEAF-50D6-4C13-BCCA-A550B290FEF5,Knox County Hospital District,2023,BrdMem,,TRACY,,CARTWRIGHT,PRESIDENT,,,,,0,,,,,,,
23366,103225860,F965AEAF-50D6-4C13-BCCA-A550B290FEF5,Knox County Hospital District,2023,BrdMem,,JUDY,,HOBERT,VICE PRESIDENT,,,,,0,,,,,,,
23367,103225860,F965AEAF-50D6-4C13-BCCA-A550B290FEF5,Knox County Hospital District,2023,BrdMem,,DANIEL,,WAINSCOTT,MEMBER,,,,,0,,,,,,,
23368,103225860,F965AEAF-50D6-4C13-BCCA-A550B290FEF5,Knox County Hospital District,2023,BrdMem,,JOANN,,ALBUS,SECRETARY,,,,,0,,,,,,,
23369,103225860,F965AEAF-50D6-4C13-BCCA-A550B290FEF5,Knox County Hospital District,2023,BrdMem,,TONY,,BREEDLOVE,MEMBER,,,,,0,,,,,,,
23370,103225860,F965AEAF-50D6-4C13-BCCA-A550B290FEF5,Knox County Hospital District,2023,BrdMem,,Larry,,Welch,Member,,,,,0,,,,,,,
23374,103225860,344F9898-59E6-42A3-8F43-3361540AE49E,Knox County Hospital District,2024,BrdMem,,Louis,,Baty,Member,,,,,0,,,,,,,
23375,103225860,344F9898-59E6-42A3-8F43-3361540AE49E,Knox County Hospital District,2024,BrdMem,,JOANN,,ALBUS,SECRETARY,,,,,0,,,,,,,
23376,103225860,344F9898-59E6-42A3-8F43-3361540AE49E,Knox County Hospital District,2024,BrdMem,,Larry,,Welch,Member,,,,,0,,,,,,,
23377,103225860,344F9898-59E6-42A3-8F43-3361540AE49E,Knox County Hospital District,2024,BrdMem,,DANIEL,,WAINSCOTT,MEMBER,,,,,0,,,,,,,
23378,103225860,344F9898-59E6-42A3-8F43-3361540AE49E,Knox County Hospital District,2024,BrdMem,,TRACY,,CARTWRIGHT,PRESIDENT,,,,,0,,,,,,,
23379,103225860,344F9898-59E6-42A3-8F43-3361540AE49E,Knox County Hospital District,2024,BrdMem,,JUDY,,HOBERT,VICE PRESIDENT,,,,,0,,,,,,,
23380,103225860,344F9898-59E6-42A3-8F43-3361540AE49E,Knox County Hospital District,2024,BrdMem,,JENNIFER,,CARVER,MEMBER,,,,,0,,,,,,,
23384,103225860,D76F8075-F60E-4518-90C9-B5B525A14720,Knox County Hospital District,2025,BrdMem,,JENNIFER,,CARVER,MEMBER,,,,,0,,,,,,,
23385,103225860,D76F8075-F60E-4518-90C9-B5B525A14720,Knox County Hospital District,2025,BrdMem,,JOANN,,ALBUS,SECRETARY,,,,,0,,,,,,,
23386,103225860,D76F8075-F60E-4518-90C9-B5B525A14720,Knox County Hospital District,2025,BrdMem,,DANIEL,,WAINSCOTT,MEMBER,,,,,0,,,,,,,
23387,103225860,D76F8075-F60E-4518-90C9-B5B525A14720,Knox County Hospital District,2025,BrdMem,,TRACY,,CARTWRIGHT,PRESIDENT,,,,,0,,,,,,,
23388,103225860,D76F8075-F60E-4518-90C9-B5B525A14720,Knox County Hospital District,2025,BrdMem,,Larry,,Welch,Member,,,,,0,,,,,,,
23389,103225860,D76F8075-F60E-4518-90C9-B5B525A14720,Knox County Hospital District,2025,BrdMem,,JUDY,,HOBERT,VICE PRESIDENT,,,,,0,,,,,,,
23393,103225860,00B6A4E0-D992-4BB3-AA8C-5E85C927DD0A,Knox County Hospital District,2026,BrdMem,,Larry,,Welch,Member,,,,,0,,,,,,,
23394,103225860,00B6A4E0-D992-4BB3-AA8C-5E85C927DD0A,Knox County Hospital District,2026,BrdMem,,JUDY,,HOBERT,VICE PRESIDENT,,,,,0,,,,,,,
23395,103225860,00B6A4E0-D992-4BB3-AA8C-5E85C927DD0A,Knox County Hospital District,2026,BrdMem,,JOANN,,ALBUS,SECRETARY,,,,,0,,,,,,,
23396,103225860,00B6A4E0-D992-4BB3-AA8C-5E85C927DD0A,Knox County Hospital District,2026,BrdMem,,TRACY,,CARTWRIGHT,PRESIDENT,,,,,0,,,,,,,
23397,103225860,00B6A4E0-D992-4BB3-AA8C-5E85C927DD0A,Knox County Hospital District,2026,BrdMem,,Barbara,,Barnard,Member,,,,,0,,,,,,,
23398,103225860,00B6A4E0-D992-4BB3-AA8C-5E85C927DD0A,Knox County Hospital District,2026,BrdMem,,JENNIFER,,CARVER,MEMBER,,,,,0,,,,,,,
23399,103225860,00B6A4E0-D992-4BB3-AA8C-5E85C927DD0A,Knox County Hospital District,2026,BrdMem,,DANIEL,,WAINSCOTT,MEMBER,,,,,0,,,,,,,
24526,103225873,52442098-BB7E-4661-A924-2622E47E2F70,South Limestone Hospital District,2018,BrdMem,,Bill David,,Sadler,.,,,,,0,,,,,,,
24527,103225873,52442098-BB7E-4661-A924-2622E47E2F70,South Limestone Hospital District,2018,BrdMem,,Glenda,,O'Neal,.,,,,,0,,,,,,,
24528,103225873,52442098-BB7E-4661-A924-2622E47E2F70,South Limestone Hospital District,2018,BrdMem,,Danny,,Hewitt,President,,,,,0,,,,,,,
24529,103225873,52442098-BB7E-4661-A924-2622E47E2F70,South Limestone Hospital District,2018,BrdMem,,Shirley,,Spivey,.,,,,,0,,,,,,,
24530,103225873,52442098-BB7E-4661-A924-2622E47E2F70,South Limestone Hospital District,2018,BrdMem,,Martha,,Stanton,Vice-President,,,,,0,,,,,,,
24531,103225873,52442098-BB7E-4661-A924-2622E47E2F70,South Limestone Hospital District,2018,BrdMem,,Don,,Waller,.,,,,,0,,,,,,,
24532,103225873,52442098-BB7E-4661-A924-2622E47E2F70,South Limestone Hospital District,2018,BrdMem,,Joe,,Phillips,Secretary.Treasurer,,,,,0,,,,,,,
24536,103225873,D86158F7-47E7-41FD-872C-4638DC342A24,South Limestone Hospital District,2019,BrdMem,,Martha,,Stanton,Vice-President,,,,,0,,,,,,,
24537,103225873,D86158F7-47E7-41FD-872C-4638DC342A24,South Limestone Hospital District,2019,BrdMem,,Jack,,Milstead,.,,,,,0,,,,,,,
24538,103225873,D86158F7-47E7-41FD-872C-4638DC342A24,South Limestone Hospital District,2019,BrdMem,,Danny,,Hewitt,President,,,,,0,,,,,,,
24539,103225873,D86158F7-47E7-41FD-872C-4638DC342A24,South Limestone Hospital District,2019,BrdMem,,Don,,Waller,.,,,,,0,,,,,,,
24540,103225873,D86158F7-47E7-41FD-872C-4638DC342A24,South Limestone Hospital District,2019,BrdMem,,Chet,,Seelinger,.,,,,,0,,,,,,,
24541,103225873,D86158F7-47E7-41FD-872C-4638DC342A24,South Limestone Hospital District,2019,BrdMem,,Arnold,,Gray,.,,,,,0,,,,,,,
24542,103225873,D86158F7-47E7-41FD-872C-4638DC342A24,South Limestone Hospital District,2019,BrdMem,,Glenda,,O'Neal,Secretary.Treasurer,,,,,0,,,,,,,
24546,103225873,E94BD2C9-5C91-4537-B254-48988AC0EB28,South Limestone Hospital District,2020,BrdMem,,Jack,,Milstead,.,,,,,0,,,,,,,
24547,103225873,E94BD2C9-5C91-4537-B254-48988AC0EB28,South Limestone Hospital District,2020,BrdMem,,Glenda,,O'Neal,Secretary.Treasurer,,,,,0,,,,,,,
24548,103225873,E94BD2C9-5C91-4537-B254-48988AC0EB28,South Limestone Hospital District,2020,BrdMem,,Arnold,,Gray,.,,,,,0,,,,,,,
24549,103225873,E94BD2C9-5C91-4537-B254-48988AC0EB28,South Limestone Hospital District,2020,BrdMem,,Don,,Waller,.,,,,,0,,,,,,,
24550,103225873,E94BD2C9-5C91-4537-B254-48988AC0EB28,South Limestone Hospital District,2020,BrdMem,,Danny,,Hewitt,President,,,,,0,,,,,,,
24551,103225873,E94BD2C9-5C91-4537-B254-48988AC0EB28,South Limestone Hospital District,2020,BrdMem,,Martha,,Stanton,Vice-President,,,,,0,,,,,,,
24552,103225873,E94BD2C9-5C91-4537-B254-48988AC0EB28,South Limestone Hospital District,2020,BrdMem,,Chet,,Seelinger,.,,,,,0,,,,,,,
24556,103225873,AA5E8E80-7AAA-43FC-9E26-17ECEB7A035C,South Limestone Hospital District,2021,BrdMem,,Jennifer,,Mackey,.,,,,,0,,,,,,,
24557,103225873,AA5E8E80-7AAA-43FC-9E26-17ECEB7A035C,South Limestone Hospital District,2021,BrdMem,,Chet,,Seelinger,.,,,,,0,,,,,,,
24558,103225873,AA5E8E80-7AAA-43FC-9E26-17ECEB7A035C,South Limestone Hospital District,2021,BrdMem,,Danny,,Hewitt,President,,,,,0,,,,,,,
24559,103225873,AA5E8E80-7AAA-43FC-9E26-17ECEB7A035C,South Limestone Hospital District,2021,BrdMem,,Glenda,,O'Neal,Secretary.Treasurer,,,,,0,,,,,,,
24560,103225873,AA5E8E80-7AAA-43FC-9E26-17ECEB7A035C,South Limestone Hospital District,2021,BrdMem,,Martha,,Stanton,Vice-President,,,,,0,,,,,,,
24561,103225873,AA5E8E80-7AAA-43FC-9E26-17ECEB7A035C,South Limestone Hospital District,2021,BrdMem,,Jack,,Milstead,.,,,,,0,,,,,,,
24562,103225873,AA5E8E80-7AAA-43FC-9E26-17ECEB7A035C,South Limestone Hospital District,2021,BrdMem,,Arnold,,Gray,.,,,,,0,,,,,,,
24566,103225873,774B83EF-7615-4366-B5A9-C92CEB9CC177,South Limestone Hospital District,2024,BrdMem,,Martha,,Stanton,Vice-President,,,,,0,,,,,,,
24567,103225873,774B83EF-7615-4366-B5A9-C92CEB9CC177,South Limestone Hospital District,2024,BrdMem,,Tyrell,,Hobbs,.,,,,,0,,,,,,,
24568,103225873,774B83EF-7615-4366-B5A9-C92CEB9CC177,South Limestone Hospital District,2024,BrdMem,,Danny,,Hewitt,President,,,,,0,,,,,,,
24569,103225873,774B83EF-7615-4366-B5A9-C92CEB9CC177,South Limestone Hospital District,2024,BrdMem,,Glenda,,O'Neal,Secretary.Treasurer,,,,,0,,,,,,,
24570,103225873,774B83EF-7615-4366-B5A9-C92CEB9CC177,South Limestone Hospital District,2024,BrdMem,,Kent,,Wilson,.,,,,,0,,,,,,,
24571,103225873,774B83EF-7615-4366-B5A9-C92CEB9CC177,South Limestone Hospital District,2024,BrdMem,,Arnold,,Gray,.,,,,,0,,,,,,,
24575,103225873,28C6E391-A64B-4381-8D36-DAD629FBC757,South Limestone Hospital District,2025,BrdMem,,Danny,,Hewitt,President,,,,,0,,,,,,,
24576,103225873,28C6E391-A64B-4381-8D36-DAD629FBC757,South Limestone Hospital District,2025,BrdMem,,Christina,,Lockhart,.,,,,,0,,,,,,,
24577,103225873,28C6E391-A64B-4381-8D36-DAD629FBC757,South Limestone Hospital District,2025,BrdMem,,Kent,,Wilson,Vice President,,,,,0,,,,,,,
24578,103225873,28C6E391-A64B-4381-8D36-DAD629FBC757,South Limestone Hospital District,2025,BrdMem,,Tyrell,,Hobbs,.,,,,,0,,,,,,,
24579,103225873,28C6E391-A64B-4381-8D36-DAD629FBC757,South Limestone Hospital District,2025,BrdMem,,Arnold,,Gray,.,,,,,0,,,,,,,
24580,103225873,28C6E391-A64B-4381-8D36-DAD629FBC757,South Limestone Hospital District,2025,BrdMem,,Glenda,,O'Neal,Secretary.Treasurer,,,,,0,,,,,,,
24584,103225873,EA455652-A7CA-4949-9D4C-EB165AE62789,South Limestone Hospital District,2026,BrdMem,,Christina,,Lockhart,.,,,,,0,,,,,,,
24585,103225873,EA455652-A7CA-4949-9D4C-EB165AE62789,South Limestone Hospital District,2026,BrdMem,,Danny,,Hewitt,President,,,,,0,,,,,,,
24586,103225873,EA455652-A7CA-4949-9D4C-EB165AE62789,South Limestone Hospital District,2026,BrdMem,,Arnold,,Gray,.,,,,,0,,,,,,,
24587,103225873,EA455652-A7CA-4949-9D4C-EB165AE62789,South Limestone Hospital District,2026,BrdMem,,Keith,,Collier,.,,,,,0,,,,,,,
24588,103225873,EA455652-A7CA-4949-9D4C-EB165AE62789,South Limestone Hospital District,2026,BrdMem,,Kent,,Wilson,Vice President,,,,,0,,,,,,,
24589,103225873,EA455652-A7CA-4949-9D4C-EB165AE62789,South Limestone Hospital District,2026,BrdMem,,Glenda,,O'Neal,Secretary.Treasurer,,,,,0,,,,,,,
24590,103225873,EA455652-A7CA-4949-9D4C-EB165AE62789,South Limestone Hospital District,2026,BrdMem,,Tyrell,,Hobbs,.,,,,,0,,,,,,,
28409,103225920,BB7F8C69-1CB8-47E3-9B8B-D772B17A41C3,Garza County Healthcare District,2023,BrdMem,,Rick,,Jones,Secretary,,,,,0,,,,,,,
28410,103225920,BB7F8C69-1CB8-47E3-9B8B-D772B17A41C3,Garza County Healthcare District,2023,BrdMem,,Mendy,,Dalby,Member,,,,,0,,,,,,,
28411,103225920,BB7F8C69-1CB8-47E3-9B8B-D772B17A41C3,Garza County Healthcare District,2023,BrdMem,,Ted,,Thomas,Member,,,,,0,,,,,,,
28412,103225920,BB7F8C69-1CB8-47E3-9B8B-D772B17A41C3,Garza County Healthcare District,2023,BrdMem,,Bill,,Short,President,,,,,0,,,,,,,
28416,103225920,9737B61E-ABBB-4D28-A27C-B69EDE2C4775,Garza County Healthcare District,2024,BrdMem,,Bill,,Short,President,,,,,0,,,,,,,
28417,103225920,9737B61E-ABBB-4D28-A27C-B69EDE2C4775,Garza County Healthcare District,2024,BrdMem,,Ted,,Thomas,Member,,,,,0,,,,,,,
28418,103225920,9737B61E-ABBB-4D28-A27C-B69EDE2C4775,Garza County Healthcare District,2024,BrdMem,,Rick,,Jones,Secretary,,,,,0,,,,,,,
28419,103225920,9737B61E-ABBB-4D28-A27C-B69EDE2C4775,Garza County Healthcare District,2024,BrdMem,,Cynthia,,Mason,Board Member,,,,,0,,,,,,,
28420,103225920,9737B61E-ABBB-4D28-A27C-B69EDE2C4775,Garza County Healthcare District,2024,BrdMem,,Mendy,,Dalby,Member,,,,,0,,,,,,,
28426,103225920,455BE777-D418-4124-A976-99FC66CB4CFF,Garza County Healthcare District,2026,BrdMem,,Cynthia,,Mason,Secretary,,,,,0,,,,,,,
28427,103225920,455BE777-D418-4124-A976-99FC66CB4CFF,Garza County Healthcare District,2026,BrdMem,,Brittney,,Carson,Board Member,,,,,0,,,,,,,
28428,103225920,455BE777-D418-4124-A976-99FC66CB4CFF,Garza County Healthcare District,2026,BrdMem,,Mendy,,Dalby,Vice President,,,,,0,,,,,,,
28429,103225920,455BE777-D418-4124-A976-99FC66CB4CFF,Garza County Healthcare District,2026,BrdMem,,Heather,,Whetsel,Board Member,,,,,0,,,,,,,
28430,103225920,455BE777-D418-4124-A976-99FC66CB4CFF,Garza County Healthcare District,2026,BrdMem,,Randy,,Conner,President,,,,,0,,,,,,,
28614,103225923,2A647010-7834-49AC-9327-71B698B9FE91,Winnie Stowell Hospital District,2018,BrdMem,,Edward,,Murrell,President,,,,,0,,,,,,,
28615,103225923,2A647010-7834-49AC-9327-71B698B9FE91,Winnie Stowell Hospital District,2018,BrdMem,,Jeff,,Rollo,Vice-President,,,,,0,,,,,,,
28616,103225923,2A647010-7834-49AC-9327-71B698B9FE91,Winnie Stowell Hospital District,2018,BrdMem,,Raul,,Espinosa,Secretary,,,,,0,,,,,,,
28617,103225923,2A647010-7834-49AC-9327-71B698B9FE91,Winnie Stowell Hospital District,2018,BrdMem,,Anthony,,Stramecki,Treasurer,,,,,0,,,,,,,
28618,103225923,2A647010-7834-49AC-9327-71B698B9FE91,Winnie Stowell Hospital District,2018,BrdMem,,Sharron,,Burgess,Director,,,,,0,,,,,,,
28622,103225923,73AEFBD3-09AE-4191-8841-79E2D2AB7AC9,Winnie Stowell Hospital District,2019,BrdMem,,Raul,,Espinosa,Director,,,,,0,,,,,,,
28623,103225923,73AEFBD3-09AE-4191-8841-79E2D2AB7AC9,Winnie Stowell Hospital District,2019,BrdMem,,Jeff,,Rollo,Secretary,,,,,0,,,,,,,
28624,103225923,73AEFBD3-09AE-4191-8841-79E2D2AB7AC9,Winnie Stowell Hospital District,2019,BrdMem,,Anthony,,Stramecki,Vice President,,,,,0,,,,,,,
28625,103225923,73AEFBD3-09AE-4191-8841-79E2D2AB7AC9,Winnie Stowell Hospital District,2019,BrdMem,,Edward,,Murrell,President,,,,,0,,,,,,,
28626,103225923,73AEFBD3-09AE-4191-8841-79E2D2AB7AC9,Winnie Stowell Hospital District,2019,BrdMem,,Robert,,Way,Treasurer,,,,,0,,,,,,,
28630,103225923,0456BBF4-5365-4196-8BF5-2E8728DD1145,Winnie Stowell Hospital District,2020,BrdMem,,Edward,,Murrell,President,,,,,0,,,,,,,
28631,103225923,0456BBF4-5365-4196-8BF5-2E8728DD1145,Winnie Stowell Hospital District,2020,BrdMem,,Anthony,,Stramecki,Vice President,,,,,0,,,,,,,
28632,103225923,0456BBF4-5365-4196-8BF5-2E8728DD1145,Winnie Stowell Hospital District,2020,BrdMem,,Jeff,,Rollo,Secretary,,,,,0,,,,,,,
28633,103225923,0456BBF4-5365-4196-8BF5-2E8728DD1145,Winnie Stowell Hospital District,2020,BrdMem,,Raul,,Espinosa,Director,,,,,0,,,,,,,
28634,103225923,0456BBF4-5365-4196-8BF5-2E8728DD1145,Winnie Stowell Hospital District,2020,BrdMem,,Robert,,Way,Treasurer,,,,,0,,,,,,,
28638,103225923,5523699E-B818-4138-8E16-F81F5FA67A8F,Winnie Stowell Hospital District,2021,BrdMem,,Jeff,,Rollo,Secretary,,,,,0,,,,,,,
28639,103225923,5523699E-B818-4138-8E16-F81F5FA67A8F,Winnie Stowell Hospital District,2021,BrdMem,,Robert,,Way,Treasurer,,,,,0,,,,,,,
28640,103225923,5523699E-B818-4138-8E16-F81F5FA67A8F,Winnie Stowell Hospital District,2021,BrdMem,,Anthony,,Stramecki,Vice President,,,,,0,,,,,,,
28641,103225923,5523699E-B818-4138-8E16-F81F5FA67A8F,Winnie Stowell Hospital District,2021,BrdMem,,Edward,,Murrell,President,,,,,0,,,,,,,
28642,103225923,5523699E-B818-4138-8E16-F81F5FA67A8F,Winnie Stowell Hospital District,2021,BrdMem,,Kacey,,Vratis,Director,,,,,0,,,,,,,
28646,103225923,6AD02D05-7014-4CA7-955C-54AD2C6CE8DA,Winnie Stowell Hospital District,2022,BrdMem,,Jeff,,Rollo,Secretary,,,,,0,,,,,,,
28647,103225923,6AD02D05-7014-4CA7-955C-54AD2C6CE8DA,Winnie Stowell Hospital District,2022,BrdMem,,Kacey,,Vratis,Director,,,,,0,,,,,,,
28648,103225923,6AD02D05-7014-4CA7-955C-54AD2C6CE8DA,Winnie Stowell Hospital District,2022,BrdMem,,Robert,,Way,Treasurer,,,,,0,,,,,,,
28649,103225923,6AD02D05-7014-4CA7-955C-54AD2C6CE8DA,Winnie Stowell Hospital District,2022,BrdMem,,Anthony,,Stramecki,Vice President,,,,,0,,,,,,,
28650,103225923,6AD02D05-7014-4CA7-955C-54AD2C6CE8DA,Winnie Stowell Hospital District,2022,BrdMem,,Edward,,Murrell,President,,,,,0,,,,,,,
28654,103225923,2659385C-E060-4387-ACFE-4660046A02A8,Winnie Stowell Hospital District,2023,BrdMem,,Robert,,Way,Treasurer,,,,,0,,,,,,,
28655,103225923,2659385C-E060-4387-ACFE-4660046A02A8,Winnie Stowell Hospital District,2023,BrdMem,,Jeff,,Rollo,Secretary,,,,,0,,,,,,,
28656,103225923,2659385C-E060-4387-ACFE-4660046A02A8,Winnie Stowell Hospital District,2023,BrdMem,,Edward,,Murrell,President,,,,,0,,,,,,,
28657,103225923,2659385C-E060-4387-ACFE-4660046A02A8,Winnie Stowell Hospital District,2023,BrdMem,,Kacey,,Vratis,Director,,,,,0,,,,,,,
28658,103225923,2659385C-E060-4387-ACFE-4660046A02A8,Winnie Stowell Hospital District,2023,BrdMem,,Anthony,,Stramecki,Vice President,,,,,0,,,,,,,
28662,103225923,D3EFB67E-8F65-4063-ACE4-5A3ABBDD62AB,Winnie Stowell Hospital District,2024,BrdMem,,Anthony,,Stramecki,Vice President,,,,,0,,,,,,,
28663,103225923,D3EFB67E-8F65-4063-ACE4-5A3ABBDD62AB,Winnie Stowell Hospital District,2024,BrdMem,,Edward,,Murrell,President,,,,,0,,,,,,,
28664,103225923,D3EFB67E-8F65-4063-ACE4-5A3ABBDD62AB,Winnie Stowell Hospital District,2024,BrdMem,,Robert,,Way,Treasurer,,,,,0,,,,,,,
28665,103225923,D3EFB67E-8F65-4063-ACE4-5A3ABBDD62AB,Winnie Stowell Hospital District,2024,BrdMem,,Jeff,,Rollo,Secretary,,,,,0,,,,,,,
28666,103225923,D3EFB67E-8F65-4063-ACE4-5A3ABBDD62AB,Winnie Stowell Hospital District,2024,BrdMem,,Kacey,,Vratis,Director,,,,,0,,,,,,,
28670,103225923,FFC37675-A8E0-4EE6-BE8E-7CE7B60B348D,Winnie Stowell Hospital District,2025,BrdMem,,Jeff,,Rollo,Secretary,,,,,0,,,,,,,
28671,103225923,FFC37675-A8E0-4EE6-BE8E-7CE7B60B348D,Winnie Stowell Hospital District,2025,BrdMem,,Kacey,,Vratis,Director,,,,,0,,,,,,,
28672,103225923,FFC37675-A8E0-4EE6-BE8E-7CE7B60B348D,Winnie Stowell Hospital District,2025,BrdMem,,Anthony,,Stramecki,Vice President,,,,,0,,,,,,,
28673,103225923,FFC37675-A8E0-4EE6-BE8E-7CE7B60B348D,Winnie Stowell Hospital District,2025,BrdMem,,Robert,,Way,Treasurer,,,,,0,,,,,,,
28674,103225923,FFC37675-A8E0-4EE6-BE8E-7CE7B60B348D,Winnie Stowell Hospital District,2025,BrdMem,,Edward,,Murrell,President,,,,,0,,,,,,,
28678,103225923,7633CC14-89DA-4FC6-A472-B4D5EC1AAB05,Winnie Stowell Hospital District,2026,BrdMem,,Jeff,,Rollo,Secretary,,,,,0,,,,,,,
28679,103225923,7633CC14-89DA-4FC6-A472-B4D5EC1AAB05,Winnie Stowell Hospital District,2026,BrdMem,,Robert,,Way,Treasurer,,,,,0,,,,,,,
28680,103225923,7633CC14-89DA-4FC6-A472-B4D5EC1AAB05,Winnie Stowell Hospital District,2026,BrdMem,,Edward,,Murrell,President,,,,,0,,,,,,,
28681,103225923,7633CC14-89DA-4FC6-A472-B4D5EC1AAB05,Winnie Stowell Hospital District,2026,BrdMem,,Anthony,,Stramecki,Vice President,,,,,0,,,,,,,
31117,103225953,90982B27-16C9-429E-AE5D-4A500C9B6FF9,Fort Bend County Levee Improvement District #19,2018,BrdMem,,Rob,,Thompson,President,,,,,0,,,,,,,
31118,103225953,90982B27-16C9-429E-AE5D-4A500C9B6FF9,Fort Bend County Levee Improvement District #19,2018,BrdMem,,John,,Arndt,Secretary,,,,,0,,,,,,,
31119,103225953,90982B27-16C9-429E-AE5D-4A500C9B6FF9,Fort Bend County Levee Improvement District #19,2018,BrdMem,,James,,Green,Vice Pres Asst Sec,,,,,0,,,,,,,
31125,103225953,2586BA98-E90A-45D7-929A-8E7B47D1F9B0,Fort Bend County Levee Improvement District #19,2019,BrdMem,,Kalapi,,Sheth,President,,,,,0,,,,,,,
31126,103225953,2586BA98-E90A-45D7-929A-8E7B47D1F9B0,Fort Bend County Levee Improvement District #19,2019,BrdMem,,Radhika,,Iyer,Secretary,,,,,0,,,,,,,
31127,103225953,2586BA98-E90A-45D7-929A-8E7B47D1F9B0,Fort Bend County Levee Improvement District #19,2019,BrdMem,,John,,Arndt,Assistant Secretary,,,,,0,,,,,,,
31128,103225953,2586BA98-E90A-45D7-929A-8E7B47D1F9B0,Fort Bend County Levee Improvement District #19,2019,BrdMem,,Glenn,,Wong,Assistant VP,,,,,0,,,,,,,
31129,103225953,2586BA98-E90A-45D7-929A-8E7B47D1F9B0,Fort Bend County Levee Improvement District #19,2019,BrdMem,,Dean,,Cooper,vice President,,,,,0,,,,,,,
31135,103225953,4E0845C9-F7A8-44E7-B3EB-BB93004DC2AB,Fort Bend County Levee Improvement District #19,2020,BrdMem,,John,,Arndt,Assistant Secretary,,,,,0,,,,,,,
31136,103225953,4E0845C9-F7A8-44E7-B3EB-BB93004DC2AB,Fort Bend County Levee Improvement District #19,2020,BrdMem,,Kalapi,,Sheth,President,,,,,0,,,,,,,
31137,103225953,4E0845C9-F7A8-44E7-B3EB-BB93004DC2AB,Fort Bend County Levee Improvement District #19,2020,BrdMem,,Radhika,,Iyer,Secretary,,,,,0,,,,,,,
31138,103225953,4E0845C9-F7A8-44E7-B3EB-BB93004DC2AB,Fort Bend County Levee Improvement District #19,2020,BrdMem,,Dean,,Cooper,vice President,,,,,0,,,,,,,
31139,103225953,4E0845C9-F7A8-44E7-B3EB-BB93004DC2AB,Fort Bend County Levee Improvement District #19,2020,BrdMem,,Glenn,,Wong,Assistant VP,,,,,0,,,,,,,
31145,103225953,D6537A0B-D924-4F5B-A425-CD18F9D4BB3B,Fort Bend County Levee Improvement District #19,2021,BrdMem,,Dean,,Cooper,vice President,,,,,0,,,,,,,
31146,103225953,D6537A0B-D924-4F5B-A425-CD18F9D4BB3B,Fort Bend County Levee Improvement District #19,2021,BrdMem,,Radhika,,Iyer,Secretary,,,,,0,,,,,,,
31147,103225953,D6537A0B-D924-4F5B-A425-CD18F9D4BB3B,Fort Bend County Levee Improvement District #19,2021,BrdMem,,Glenn,,Wong,Assistant VP,,,,,0,,,,,,,
31148,103225953,D6537A0B-D924-4F5B-A425-CD18F9D4BB3B,Fort Bend County Levee Improvement District #19,2021,BrdMem,,Kalapi,,Sheth,President,,,,,0,,,,,,,
31149,103225953,D6537A0B-D924-4F5B-A425-CD18F9D4BB3B,Fort Bend County Levee Improvement District #19,2021,BrdMem,,Sreekanth,,Pannala,Asst Secretary,,,,,0,,,,,,,
31155,103225953,EF69A045-C584-4A1B-80BC-BADE8520844C,Fort Bend County Levee Improvement District #19,2022,BrdMem,,Radhika,,Iyer,Secretary,,,,,0,,,,,,,
31156,103225953,EF69A045-C584-4A1B-80BC-BADE8520844C,Fort Bend County Levee Improvement District #19,2022,BrdMem,,Sreekanth,,Pannala,Asst Secretary,,,,,0,,,,,,,
31157,103225953,EF69A045-C584-4A1B-80BC-BADE8520844C,Fort Bend County Levee Improvement District #19,2022,BrdMem,,Kalapi,,Sheth,President,,,,,0,,,,,,,
31158,103225953,EF69A045-C584-4A1B-80BC-BADE8520844C,Fort Bend County Levee Improvement District #19,2022,BrdMem,,Dean,,Cooper,vice President,,,,,0,,,,,,,
31164,103225953,69113437-DD18-4673-80E6-30BAB663C8AE,Fort Bend County Levee Improvement District #19,2023,BrdMem,,Jay,,Parekh,Vice President,,,,,0,,,,,,,
31165,103225953,69113437-DD18-4673-80E6-30BAB663C8AE,Fort Bend County Levee Improvement District #19,2023,BrdMem,,Sreekanth,,Pannala,Asst Secretary,,,,,0,,,,,,,
31166,103225953,69113437-DD18-4673-80E6-30BAB663C8AE,Fort Bend County Levee Improvement District #19,2023,BrdMem,,Radhika,,Iyer,Secretary,,,,,0,,,,,,,
31167,103225953,69113437-DD18-4673-80E6-30BAB663C8AE,Fort Bend County Levee Improvement District #19,2023,BrdMem,,Timothy,,Benz,Asst. Vice President,,,,,0,,,,,,,
31168,103225953,69113437-DD18-4673-80E6-30BAB663C8AE,Fort Bend County Levee Improvement District #19,2023,BrdMem,,Kalapi,,Sheth,President,,,,,0,,,,,,,
31174,103225953,33DCF6A3-ECC5-4BFC-97B5-87B265B78087,Fort Bend County Levee Improvement District #19,2024,BrdMem,,Radhika,,Iyer,Secretary,,,,,0,,,,,,,
31175,103225953,33DCF6A3-ECC5-4BFC-97B5-87B265B78087,Fort Bend County Levee Improvement District #19,2024,BrdMem,,Jay,,Parekh,Vice President,,,,,0,,,,,,,
31176,103225953,33DCF6A3-ECC5-4BFC-97B5-87B265B78087,Fort Bend County Levee Improvement District #19,2024,BrdMem,,Sreekanth,,Pannala,Asst Secretary,,,,,0,,,,,,,
31177,103225953,33DCF6A3-ECC5-4BFC-97B5-87B265B78087,Fort Bend County Levee Improvement District #19,2024,BrdMem,,Kalapi,,Sheth,President,,,,,0,,,,,,,
31178,103225953,33DCF6A3-ECC5-4BFC-97B5-87B265B78087,Fort Bend County Levee Improvement District #19,2024,BrdMem,,Timothy,,Benz,Asst. Vice President,,,,,0,,,,,,,
31184,103225953,CC6BFA59-3390-40AB-91FE-A938EBE2138A,Fort Bend County Levee Improvement District #19,2025,BrdMem,,Timothy,,Benz,Asst. Vice President,,,,,0,,,,,,,
31185,103225953,CC6BFA59-3390-40AB-91FE-A938EBE2138A,Fort Bend County Levee Improvement District #19,2025,BrdMem,,Jay,,Parekh,Vice President,,,,,0,,,,,,,
31186,103225953,CC6BFA59-3390-40AB-91FE-A938EBE2138A,Fort Bend County Levee Improvement District #19,2025,BrdMem,,Kalapi,,Sheth,President,,,,,0,,,,,,,
31187,103225953,CC6BFA59-3390-40AB-91FE-A938EBE2138A,Fort Bend County Levee Improvement District #19,2025,BrdMem,,Sreekanth,,Pannala,Asst Secretary,,,,,0,,,,,,,
31188,103225953,CC6BFA59-3390-40AB-91FE-A938EBE2138A,Fort Bend County Levee Improvement District #19,2025,BrdMem,,Radhika,,Iyer,Secretary,,,,,0,,,,,,,
31194,103225953,820A84DA-6E11-41E3-AEAF-05C9C83F9804,Fort Bend County Levee Improvement District #19,2026,BrdMem,,Kalapi,,Sheth,President,,,,,0,,,,,,,
31195,103225953,820A84DA-6E11-41E3-AEAF-05C9C83F9804,Fort Bend County Levee Improvement District #19,2026,BrdMem,,Sreekanth,,Pannala,Asst Secretary,,,,,0,,,,,,,
31196,103225953,820A84DA-6E11-41E3-AEAF-05C9C83F9804,Fort Bend County Levee Improvement District #19,2026,BrdMem,,Jay,,Parekh,Vice President,,,,,0,,,,,,,
31197,103225953,820A84DA-6E11-41E3-AEAF-05C9C83F9804,Fort Bend County Levee Improvement District #19,2026,BrdMem,,Radhika,,Iyer,Secretary,,,,,0,,,,,,,
31198,103225953,820A84DA-6E11-41E3-AEAF-05C9C83F9804,Fort Bend County Levee Improvement District #19,2026,BrdMem,,Timothy,,Benz,Asst. Vice President,,,,,0,,,,,,,
34727,103225995,1E98E51F-C50C-4A02-AAA3-DF8E24027FAA,Medina County Hospital District DBA Medina Healthcare System,2018,BrdMem,,STEVE,,HACKEBEIL,PRESIDENT,,,,,0,,,,,,,
34728,103225995,1E98E51F-C50C-4A02-AAA3-DF8E24027FAA,Medina County Hospital District DBA Medina Healthcare System,2018,BrdMem,,TIM,,HARDT,VICE PRESIDENT,,,,,0,,,,,,,
34729,103225995,1E98E51F-C50C-4A02-AAA3-DF8E24027FAA,Medina County Hospital District DBA Medina Healthcare System,2018,BrdMem,,TONY,,JOHNSON,SECRETARY,,,,,0,,,,,,,
34730,103225995,1E98E51F-C50C-4A02-AAA3-DF8E24027FAA,Medina County Hospital District DBA Medina Healthcare System,2018,BrdMem,,ZACHARY,,WINDROW,BOARD MEMBER,,,,,0,,,,,,,
34731,103225995,1E98E51F-C50C-4A02-AAA3-DF8E24027FAA,Medina County Hospital District DBA Medina Healthcare System,2018,BrdMem,,JUDY,,WINKLER,BOARD MEMBER,,,,,0,,,,,,,
34732,103225995,1E98E51F-C50C-4A02-AAA3-DF8E24027FAA,Medina County Hospital District DBA Medina Healthcare System,2018,BrdMem,,CARLTON,,YOUNG,BOARD MEMBER,,,,,0,,,,,,,
34733,103225995,1E98E51F-C50C-4A02-AAA3-DF8E24027FAA,Medina County Hospital District DBA Medina Healthcare System,2018,BrdMem,,WILLIAM,,BAIN,BOARD MEMBER,,,,,0,,,,,,,
34737,103225995,27CEA0EC-2C9D-4CCC-B554-396AF84BE38C,Medina County Hospital District DBA Medina Healthcare System,2019,BrdMem,,TIM,,HARDT,VICE PRESIDENT,,,,,0,,,,,,,
34738,103225995,27CEA0EC-2C9D-4CCC-B554-396AF84BE38C,Medina County Hospital District DBA Medina Healthcare System,2019,BrdMem,,ZACHARY,,WINDROW,BOARD MEMBER,,,,,0,,,,,,,
34739,103225995,27CEA0EC-2C9D-4CCC-B554-396AF84BE38C,Medina County Hospital District DBA Medina Healthcare System,2019,BrdMem,,JUDY,,WINKLER,BOARD MEMBER,,,,,0,,,,,,,
34740,103225995,27CEA0EC-2C9D-4CCC-B554-396AF84BE38C,Medina County Hospital District DBA Medina Healthcare System,2019,BrdMem,,TONY,,JOHNSON,SECRETARY,,,,,0,,,,,,,
34741,103225995,27CEA0EC-2C9D-4CCC-B554-396AF84BE38C,Medina County Hospital District DBA Medina Healthcare System,2019,BrdMem,,CARLTON,,YOUNG,BOARD MEMBER,,,,,0,,,,,,,
34742,103225995,27CEA0EC-2C9D-4CCC-B554-396AF84BE38C,Medina County Hospital District DBA Medina Healthcare System,2019,BrdMem,,STEVE,,HACKEBEIL,PRESIDENT,,,,,0,,,,,,,
34743,103225995,27CEA0EC-2C9D-4CCC-B554-396AF84BE38C,Medina County Hospital District DBA Medina Healthcare System,2019,BrdMem,,WILLIAM,,BAIN,BOARD MEMBER,,,,,0,,,,,,,
34747,103225995,599E5FD9-A160-429B-BC21-C3D387C870F3,Medina County Hospital District DBA Medina Healthcare System,2020,BrdMem,,WILLIAM,,BAIN,BOARD MEMBER,,,,,0,,,,,,,
34748,103225995,599E5FD9-A160-429B-BC21-C3D387C870F3,Medina County Hospital District DBA Medina Healthcare System,2020,BrdMem,,JUDY,,WINKLER,BOARD MEMBER,,,,,0,,,,,,,
34749,103225995,599E5FD9-A160-429B-BC21-C3D387C870F3,Medina County Hospital District DBA Medina Healthcare System,2020,BrdMem,,CARLTON,,YOUNG,VICE PRESIDENT,,,,,0,,,,,,,
34750,103225995,599E5FD9-A160-429B-BC21-C3D387C870F3,Medina County Hospital District DBA Medina Healthcare System,2020,BrdMem,,ZACHARY,,WINDROW,BOARD MEMBER,,,,,0,,,,,,,
34751,103225995,599E5FD9-A160-429B-BC21-C3D387C870F3,Medina County Hospital District DBA Medina Healthcare System,2020,BrdMem,,TIM,,HARDT,BOARD PRESIDENT,,,,,0,,,,,,,
34752,103225995,599E5FD9-A160-429B-BC21-C3D387C870F3,Medina County Hospital District DBA Medina Healthcare System,2020,BrdMem,,TONY,,JOHNSON,SECRETARY,,,,,0,,,,,,,
34756,103225995,E271BAA0-5D78-4FE2-871E-E828F5E60B0B,Medina County Hospital District DBA Medina Healthcare System,2021,BrdMem,,CARLTON,,YOUNG,VICE PRESIDENT,,,,,0,,,,,,,
34757,103225995,E271BAA0-5D78-4FE2-871E-E828F5E60B0B,Medina County Hospital District DBA Medina Healthcare System,2021,BrdMem,,WILLIAM,,BAIN,BOARD MEMBER,,,,,0,,,,,,,
34758,103225995,E271BAA0-5D78-4FE2-871E-E828F5E60B0B,Medina County Hospital District DBA Medina Healthcare System,2021,BrdMem,,TIM,,HARDT,BOARD PRESIDENT,,,,,0,,,,,,,
34759,103225995,E271BAA0-5D78-4FE2-871E-E828F5E60B0B,Medina County Hospital District DBA Medina Healthcare System,2021,BrdMem,,JUDY,,WINKLER,BOARD MEMBER,,,,,0,,,,,,,
34760,103225995,E271BAA0-5D78-4FE2-871E-E828F5E60B0B,Medina County Hospital District DBA Medina Healthcare System,2021,BrdMem,,TONY,,JOHNSON,SECRETARY,,,,,0,,,,,,,
34761,103225995,E271BAA0-5D78-4FE2-871E-E828F5E60B0B,Medina County Hospital District DBA Medina Healthcare System,2021,BrdMem,,ZACHARY,,WINDROW,BOARD MEMBER,,,,,0,,,,,,,
34765,103225995,A52684CA-4D66-45F3-8DA9-27232258F5B0,Medina County Hospital District DBA Medina Healthcare System,2022,BrdMem,,ZACHARY,,WINDROW,BOARD MEMBER,,,,,0,,,,,,,
34766,103225995,A52684CA-4D66-45F3-8DA9-27232258F5B0,Medina County Hospital District DBA Medina Healthcare System,2022,BrdMem,,WILLIAM,,BAIN,BOARD MEMBER,,,,,0,,,,,,,
34767,103225995,A52684CA-4D66-45F3-8DA9-27232258F5B0,Medina County Hospital District DBA Medina Healthcare System,2022,BrdMem,,TIM,,HARDT,BOARD PRESIDENT,,,,,0,,,,,,,
34768,103225995,A52684CA-4D66-45F3-8DA9-27232258F5B0,Medina County Hospital District DBA Medina Healthcare System,2022,BrdMem,,CARLTON,,YOUNG,VICE PRESIDENT,,,,,0,,,,,,,
34769,103225995,A52684CA-4D66-45F3-8DA9-27232258F5B0,Medina County Hospital District DBA Medina Healthcare System,2022,BrdMem,,JUDY,,WINKLER,BOARD MEMBER,,,,,0,,,,,,,
34770,103225995,A52684CA-4D66-45F3-8DA9-27232258F5B0,Medina County Hospital District DBA Medina Healthcare System,2022,BrdMem,,TONY,,JOHNSON,SECRETARY,,,,,0,,,,,,,
34774,103225995,7E1CEAA5-EA60-4AF4-AB0A-6734DE7E9F85,Medina County Hospital District DBA Medina Healthcare System,2023,BrdMem,,TONY,,JOHNSON,SECRETARY,,,,,0,,,,,,,
34775,103225995,7E1CEAA5-EA60-4AF4-AB0A-6734DE7E9F85,Medina County Hospital District DBA Medina Healthcare System,2023,BrdMem,,JUDY,,WINKLER,BOARD MEMBER,,,,,0,,,,,,,
34776,103225995,7E1CEAA5-EA60-4AF4-AB0A-6734DE7E9F85,Medina County Hospital District DBA Medina Healthcare System,2023,BrdMem,,ZACHARY,,WINDROW,BOARD MEMBER,,,,,0,,,,,,,
34777,103225995,7E1CEAA5-EA60-4AF4-AB0A-6734DE7E9F85,Medina County Hospital District DBA Medina Healthcare System,2023,BrdMem,,TIM,,HARDT,BOARD PRESIDENT,,,,,0,,,,,,,
34778,103225995,7E1CEAA5-EA60-4AF4-AB0A-6734DE7E9F85,Medina County Hospital District DBA Medina Healthcare System,2023,BrdMem,,CARLTON,,YOUNG,VICE PRESIDENT,,,,,0,,,,,,,
34779,103225995,7E1CEAA5-EA60-4AF4-AB0A-6734DE7E9F85,Medina County Hospital District DBA Medina Healthcare System,2023,BrdMem,,WILLIAM,,BAIN,BOARD MEMBER,,,,,0,,,,,,,
34783,103225995,2154AD71-BFC5-4718-84EC-7EC3B7BB1684,Medina County Hospital District DBA Medina Healthcare System,2024,BrdMem,,ZACHARY,,WINDROW,BOARD MEMBER,,,,,0,,,,,,,
34784,103225995,2154AD71-BFC5-4718-84EC-7EC3B7BB1684,Medina County Hospital District DBA Medina Healthcare System,2024,BrdMem,,TIM,,HARDT,BOARD PRESIDENT,,,,,0,,,,,,,
34785,103225995,2154AD71-BFC5-4718-84EC-7EC3B7BB1684,Medina County Hospital District DBA Medina Healthcare System,2024,BrdMem,,CARLTON,,YOUNG,VICE PRESIDENT,,,,,0,,,,,,,
34786,103225995,2154AD71-BFC5-4718-84EC-7EC3B7BB1684,Medina County Hospital District DBA Medina Healthcare System,2024,BrdMem,,JUDY,,WINKLER,BOARD MEMBER,,,,,0,,,,,,,
34787,103225995,2154AD71-BFC5-4718-84EC-7EC3B7BB1684,Medina County Hospital District DBA Medina Healthcare System,2024,BrdMem,,TONY,,JOHNSON,SECRETARY,,,,,0,,,,,,,
34788,103225995,2154AD71-BFC5-4718-84EC-7EC3B7BB1684,Medina County Hospital District DBA Medina Healthcare System,2024,BrdMem,,MARY,,MANGOLD,BOARD MEMBER,,,,,0,,,,,,,
34789,103225995,2154AD71-BFC5-4718-84EC-7EC3B7BB1684,Medina County Hospital District DBA Medina Healthcare System,2024,BrdMem,,WILLIAM,,BAIN,BOARD MEMBER,,,,,0,,,,,,,
36374,103226017,813E73D6-890A-4C65-A4EE-8E279FC911AF,Generation Park Management District,2018,BrdMem,,Brent,,Hodges,Assistant Secretary,,,,,0,,,,,,,
36375,103226017,813E73D6-890A-4C65-A4EE-8E279FC911AF,Generation Park Management District,2018,BrdMem,,Davis,,Rushing,Secretary,,,,,0,,,,,,,
36376,103226017,813E73D6-890A-4C65-A4EE-8E279FC911AF,Generation Park Management District,2018,BrdMem,,Jonathan,,Tauber,Director,,,,,0,,,,,,,
36377,103226017,813E73D6-890A-4C65-A4EE-8E279FC911AF,Generation Park Management District,2018,BrdMem,,Charles,,Neuhaus,President,,,,,0,,,,,,,
36378,103226017,813E73D6-890A-4C65-A4EE-8E279FC911AF,Generation Park Management District,2018,BrdMem,,John,,Deboben III,Vice President,,,,,0,,,,,,,
36384,103226017,6A00B6F6-672F-45E7-B154-1DEC37BC2F66,Generation Park Management District,2019,BrdMem,,John,,Deboben III,Vice President,,,,,0,,,,,,,
36385,103226017,6A00B6F6-672F-45E7-B154-1DEC37BC2F66,Generation Park Management District,2019,BrdMem,,Brent,,Hodges,Assistant Secretary,,,,,0,,,,,,,
36386,103226017,6A00B6F6-672F-45E7-B154-1DEC37BC2F66,Generation Park Management District,2019,BrdMem,,Davis,,Rushing,Secretary,,,,,0,,,,,,,
36387,103226017,6A00B6F6-672F-45E7-B154-1DEC37BC2F66,Generation Park Management District,2019,BrdMem,,Jonathan,,Tauber,Director,,,,,0,,,,,,,
36388,103226017,6A00B6F6-672F-45E7-B154-1DEC37BC2F66,Generation Park Management District,2019,BrdMem,,Charles,,Neuhaus,President,,,,,0,,,,,,,
36394,103226017,86FFDFAF-AD8A-4391-9D45-5B6C7B505BAC,Generation Park Management District,2020,BrdMem,,Jonathan,,Tauber,Director,,,,,0,,,,,,,
36395,103226017,86FFDFAF-AD8A-4391-9D45-5B6C7B505BAC,Generation Park Management District,2020,BrdMem,,Charles,,Neuhaus,President,,,,,0,,,,,,,
36396,103226017,86FFDFAF-AD8A-4391-9D45-5B6C7B505BAC,Generation Park Management District,2020,BrdMem,,Brent,,Hodges,Assistant Secretary,,,,,0,,,,,,,
36397,103226017,86FFDFAF-AD8A-4391-9D45-5B6C7B505BAC,Generation Park Management District,2020,BrdMem,,Davis,,Rushing,Secretary,,,,,0,,,,,,,
36398,103226017,86FFDFAF-AD8A-4391-9D45-5B6C7B505BAC,Generation Park Management District,2020,BrdMem,,John,,Deboben III,Vice President,,,,,0,,,,,,,
36404,103226017,F6C1EA3A-CF12-4A35-B509-07A4790BA49B,Generation Park Management District,2021,BrdMem,,John,,"Deboben, III",Vice President,,,,,0,,,,,,,
36405,103226017,F6C1EA3A-CF12-4A35-B509-07A4790BA49B,Generation Park Management District,2021,BrdMem,,Jonathan,,Tauber,Director,,,,,0,,,,,,,
36406,103226017,F6C1EA3A-CF12-4A35-B509-07A4790BA49B,Generation Park Management District,2021,BrdMem,,Brent,,Hodges,Assistant Secretary,,,,,0,,,,,,,
36407,103226017,F6C1EA3A-CF12-4A35-B509-07A4790BA49B,Generation Park Management District,2021,BrdMem,,Davis,,Rushing,Secretary,,,,,0,,,,,,,
36408,103226017,F6C1EA3A-CF12-4A35-B509-07A4790BA49B,Generation Park Management District,2021,BrdMem,,Charles,,Neuhaus,President,,,,,0,,,,,,,
36414,103226017,963F789A-88E3-458C-A043-A01546A8FFA7,Generation Park Management District,2022,BrdMem,,Brent,,Hodges,Assistant Secretary,,,,,0,,,,,,,
36415,103226017,963F789A-88E3-458C-A043-A01546A8FFA7,Generation Park Management District,2022,BrdMem,,Davis,,Rushing,Secretary,,,,,0,,,,,,,
36416,103226017,963F789A-88E3-458C-A043-A01546A8FFA7,Generation Park Management District,2022,BrdMem,,Charles,,Neuhaus,President,,,,,0,,,,,,,
36417,103226017,963F789A-88E3-458C-A043-A01546A8FFA7,Generation Park Management District,2022,BrdMem,,John,,"Deboben, III",Vice President,,,,,0,,,,,,,
36418,103226017,963F789A-88E3-458C-A043-A01546A8FFA7,Generation Park Management District,2022,BrdMem,,Jonathan,,Tauber,Director,,,,,0,,,,,,,
36424,103226017,2A1FF1CB-F434-443E-89C5-C6F2D280FCBB,Generation Park Management District,2023,BrdMem,,Davis,,Rushing,Secretary,,,,,0,,,,,,,
36425,103226017,2A1FF1CB-F434-443E-89C5-C6F2D280FCBB,Generation Park Management District,2023,BrdMem,,Brent,,Hodges,Assistant Secretary,,,,,0,,,,,,,
36426,103226017,2A1FF1CB-F434-443E-89C5-C6F2D280FCBB,Generation Park Management District,2023,BrdMem,,John,,"Deboben, III",Vice President,,,,,0,,,,,,,
36427,103226017,2A1FF1CB-F434-443E-89C5-C6F2D280FCBB,Generation Park Management District,2023,BrdMem,,Charles,,Neuhaus,President,,,,,0,,,,,,,
36428,103226017,2A1FF1CB-F434-443E-89C5-C6F2D280FCBB,Generation Park Management District,2023,BrdMem,,Jonathan,,Tauber,Director,,,,,0,,,,,,,
36434,103226017,C35026B2-EF77-408C-92A5-041A7DEFE022,Generation Park Management District,2024,BrdMem,,Brent,,Hodges,Assistant Secretary,,,,,0,,,,,,,
36435,103226017,C35026B2-EF77-408C-92A5-041A7DEFE022,Generation Park Management District,2024,BrdMem,,Jonathan,,Tauber,Director,,,,,0,,,,,,,
36436,103226017,C35026B2-EF77-408C-92A5-041A7DEFE022,Generation Park Management District,2024,BrdMem,,Charles,,Neuhaus,President,,,,,0,,,,,,,
36437,103226017,C35026B2-EF77-408C-92A5-041A7DEFE022,Generation Park Management District,2024,BrdMem,,John,,"Deboben, III",Vice President,,,,,0,,,,,,,
36438,103226017,C35026B2-EF77-408C-92A5-041A7DEFE022,Generation Park Management District,2024,BrdMem,,Davis,,Rushing,Secretary,,,,,0,,,,,,,
36444,103226017,9457C625-2CCD-46ED-894A-E229B0E26C93,Generation Park Management District,2025,BrdMem,,Charles,,Neuhaus,President,,,,,0,,,,,,,
36445,103226017,9457C625-2CCD-46ED-894A-E229B0E26C93,Generation Park Management District,2025,BrdMem,,John,,"Deboben, III",Vice President,,,,,0,,,,,,,
36446,103226017,9457C625-2CCD-46ED-894A-E229B0E26C93,Generation Park Management District,2025,BrdMem,,Davis,,Rushing,Secretary,,,,,0,,,,,,,
36447,103226017,9457C625-2CCD-46ED-894A-E229B0E26C93,Generation Park Management District,2025,BrdMem,,Jonathan C,,Tauber,Assistant Secretary,,,,,0,,,,,,,
36448,103226017,9457C625-2CCD-46ED-894A-E229B0E26C93,Generation Park Management District,2025,BrdMem,,Brent,,Hodges,Assistant Secretary,,,,,0,,,,,,,
36454,103226017,9069D637-B7B0-4CAF-B3D8-DE3C805AA031,Generation Park Management District,2026,BrdMem,,Davis,,Rushing,Secretary,,,,,0,,,,,,,
36455,103226017,9069D637-B7B0-4CAF-B3D8-DE3C805AA031,Generation Park Management District,2026,BrdMem,,Jonathan C,,Tauber,Assistant Secretary,,,,,0,,,,,,,
36456,103226017,9069D637-B7B0-4CAF-B3D8-DE3C805AA031,Generation Park Management District,2026,BrdMem,,Brent,,Hodges,Assistant Secretary,,,,,0,,,,,,,
36457,103226017,9069D637-B7B0-4CAF-B3D8-DE3C805AA031,Generation Park Management District,2026,BrdMem,,John,,"Deboben, III",Vice President,,,,,0,,,,,,,
36458,103226017,9069D637-B7B0-4CAF-B3D8-DE3C805AA031,Generation Park Management District,2026,BrdMem,,Charles,,Neuhaus,President,,,,,0,,,,,,,
39726,103226068,BA844BFF-1DEB-4FFA-9A9C-D07CE93F1755,Harris County Emergency Services District #21,2018,BrdMem,,James,,Oswalt,Vice President,,,,,0,,,,,,,
39727,103226068,BA844BFF-1DEB-4FFA-9A9C-D07CE93F1755,Harris County Emergency Services District #21,2018,BrdMem,,Naomi,,Kleb,Treasurer,,,,,0,,,,,,,
39728,103226068,BA844BFF-1DEB-4FFA-9A9C-D07CE93F1755,Harris County Emergency Services District #21,2018,BrdMem,,John,,Schmidt,Assistant Treasurer,,,,,0,,,,,,,
39729,103226068,BA844BFF-1DEB-4FFA-9A9C-D07CE93F1755,Harris County Emergency Services District #21,2018,BrdMem,,David,,Flower,Secretary,,,,,0,,,,,,,
39730,103226068,BA844BFF-1DEB-4FFA-9A9C-D07CE93F1755,Harris County Emergency Services District #21,2018,BrdMem,,Robert,,Beeley,President,,,,,0,,,,,,,
39735,103226068,92785AD8-4E3E-4163-9CD3-355F1986EF0E,Harris County Emergency Services District #21,2019,BrdMem,,James,,Oswalt,Vice President,,,,,0,,,,,,,
39736,103226068,92785AD8-4E3E-4163-9CD3-355F1986EF0E,Harris County Emergency Services District #21,2019,BrdMem,,Robert,,Beeley,President,,,,,0,,,,,,,
39737,103226068,92785AD8-4E3E-4163-9CD3-355F1986EF0E,Harris County Emergency Services District #21,2019,BrdMem,,John,,Schmidt,Assistant Treasurer,,,,,0,,,,,,,
39738,103226068,92785AD8-4E3E-4163-9CD3-355F1986EF0E,Harris County Emergency Services District #21,2019,BrdMem,,Naomi,,Kleb,Treasurer,,,,,0,,,,,,,
39739,103226068,92785AD8-4E3E-4163-9CD3-355F1986EF0E,Harris County Emergency Services District #21,2019,BrdMem,,David,,Flower,Secretary,,,,,0,,,,,,,
39744,103226068,3500538C-D704-4BC6-8098-B751AE65C65B,Harris County Emergency Services District #21,2020,BrdMem,,James,,Oswalt,Vice President,,,,,0,,,,,,,
39745,103226068,3500538C-D704-4BC6-8098-B751AE65C65B,Harris County Emergency Services District #21,2020,BrdMem,,John,,Schmidt,Assistant Treasurer,,,,,0,,,,,,,
39746,103226068,3500538C-D704-4BC6-8098-B751AE65C65B,Harris County Emergency Services District #21,2020,BrdMem,,David,,Flower,Secretary,,,,,0,,,,,,,
39747,103226068,3500538C-D704-4BC6-8098-B751AE65C65B,Harris County Emergency Services District #21,2020,BrdMem,,Robert,,Beeley,President,,,,,0,,,,,,,
39748,103226068,3500538C-D704-4BC6-8098-B751AE65C65B,Harris County Emergency Services District #21,2020,BrdMem,,Naomi,,Kleb,Treasurer,,,,,0,,,,,,,
39753,103226068,CBD9D634-A83A-4EB8-9796-B1FB0BA7B47B,Harris County Emergency Services District #21,2021,BrdMem,,Nolan,,Butterfras,Vice President,,,,,0,,,,,,,
39754,103226068,CBD9D634-A83A-4EB8-9796-B1FB0BA7B47B,Harris County Emergency Services District #21,2021,BrdMem,,Hardy,,LeBlanc,Commissioner,,,,,0,,,,,,,
39755,103226068,CBD9D634-A83A-4EB8-9796-B1FB0BA7B47B,Harris County Emergency Services District #21,2021,BrdMem,,Naomi,,Kleb,Treasurer,,,,,0,,,,,,,
39756,103226068,CBD9D634-A83A-4EB8-9796-B1FB0BA7B47B,Harris County Emergency Services District #21,2021,BrdMem,,David,,Flower,Secretary,,,,,0,,,,,,,
39757,103226068,CBD9D634-A83A-4EB8-9796-B1FB0BA7B47B,Harris County Emergency Services District #21,2021,BrdMem,,James,,Oswalt,President,,,,,0,,,,,,,
39762,103226068,71956738-07AC-4A0E-A49F-0F7F5264DAFE,Harris County Emergency Services District #21,2022,BrdMem,,Hardy,,LeBlanc,Commissioner,,,,,0,,,,,,,
39763,103226068,71956738-07AC-4A0E-A49F-0F7F5264DAFE,Harris County Emergency Services District #21,2022,BrdMem,,David,,Flower,Secretary,,,,,0,,,,,,,
39764,103226068,71956738-07AC-4A0E-A49F-0F7F5264DAFE,Harris County Emergency Services District #21,2022,BrdMem,,Nolan,,Butterfras,Vice President,,,,,0,,,,,,,
39765,103226068,71956738-07AC-4A0E-A49F-0F7F5264DAFE,Harris County Emergency Services District #21,2022,BrdMem,,James,,Oswalt,President,,,,,0,,,,,,,
39766,103226068,71956738-07AC-4A0E-A49F-0F7F5264DAFE,Harris County Emergency Services District #21,2022,BrdMem,,Naomi,,Kleb,Treasurer,,,,,0,,,,,,,
39771,103226068,98CD18A2-3040-4A03-A645-89F3D970CA3E,Harris County Emergency Services District #21,2023,BrdMem,,Hardy,,LeBlanc,Commissioner,,,,,0,,,,,,,
39772,103226068,98CD18A2-3040-4A03-A645-89F3D970CA3E,Harris County Emergency Services District #21,2023,BrdMem,,David,,Flower,Secretary,,,,,0,,,,,,,
39773,103226068,98CD18A2-3040-4A03-A645-89F3D970CA3E,Harris County Emergency Services District #21,2023,BrdMem,,James,,Oswalt,President,,,,,0,,,,,,,
39774,103226068,98CD18A2-3040-4A03-A645-89F3D970CA3E,Harris County Emergency Services District #21,2023,BrdMem,,Naomi,,Kleb,Treasurer,,,,,0,,,,,,,
39775,103226068,98CD18A2-3040-4A03-A645-89F3D970CA3E,Harris County Emergency Services District #21,2023,BrdMem,,Nolan,,Butterfras,Vice President,,,,,0,,,,,,,
39780,103226068,2B91EC9C-B432-40CB-8077-EA80F6E9CCC7,Harris County Emergency Services District #21,2024,BrdMem,,David,,Flower,Secretary,,,,,0,,,,,,,
39781,103226068,2B91EC9C-B432-40CB-8077-EA80F6E9CCC7,Harris County Emergency Services District #21,2024,BrdMem,,Nolan,,Butterfras,Vice President,,,,,0,,,,,,,
39782,103226068,2B91EC9C-B432-40CB-8077-EA80F6E9CCC7,Harris County Emergency Services District #21,2024,BrdMem,,Naomi,,Kleb,Treasurer,,,,,0,,,,,,,
39783,103226068,2B91EC9C-B432-40CB-8077-EA80F6E9CCC7,Harris County Emergency Services District #21,2024,BrdMem,,Hardy,,LeBlanc,Commissioner,,,,,0,,,,,,,
39784,103226068,2B91EC9C-B432-40CB-8077-EA80F6E9CCC7,Harris County Emergency Services District #21,2024,BrdMem,,James,,Oswalt,President,,,,,0,,,,,,,
39789,103226068,AA5FE4A9-5CBE-4D29-A28A-2CFFF26C5721,Harris County Emergency Services District #21,2025,BrdMem,,Nolan,,Butterfras,Vice President,,,,,0,,,,,,,
39790,103226068,AA5FE4A9-5CBE-4D29-A28A-2CFFF26C5721,Harris County Emergency Services District #21,2025,BrdMem,,David,,Flower,Secretary,,,,,0,,,,,,,
39791,103226068,AA5FE4A9-5CBE-4D29-A28A-2CFFF26C5721,Harris County Emergency Services District #21,2025,BrdMem,,Naomi,,Kleb,Treasurer,,,,,0,,,,,,,
39792,103226068,AA5FE4A9-5CBE-4D29-A28A-2CFFF26C5721,Harris County Emergency Services District #21,2025,BrdMem,,James,,Oswalt,President,,,,,0,,,,,,,
39793,103226068,AA5FE4A9-5CBE-4D29-A28A-2CFFF26C5721,Harris County Emergency Services District #21,2025,BrdMem,,Hardy,,LeBlanc,Commissioner,,,,,0,,,,,,,
39798,103226068,CB88B8EC-BF8D-435D-BF51-3831720DA76E,Harris County Emergency Services District #21,2026,BrdMem,,Naomi,,Kleb,Treasurer,,,,,0,,,,,,,
39799,103226068,CB88B8EC-BF8D-435D-BF51-3831720DA76E,Harris County Emergency Services District #21,2026,BrdMem,,Hardy,,LeBlanc,Commissioner,,,,,0,,,,,,,
39800,103226068,CB88B8EC-BF8D-435D-BF51-3831720DA76E,Harris County Emergency Services District #21,2026,BrdMem,,James,,Oswalt,President,,,,,0,,,,,,,
39801,103226068,CB88B8EC-BF8D-435D-BF51-3831720DA76E,Harris County Emergency Services District #21,2026,BrdMem,,David,,Flower,Secretary,,,,,0,,,,,,,
39802,103226068,CB88B8EC-BF8D-435D-BF51-3831720DA76E,Harris County Emergency Services District #21,2026,BrdMem,,Nolan,,Butterfras,Vice President,,,,,0,,,,,,,
40146,103226073,970372D5-1A3C-4DFD-AC47-2CB34A01E541,Orange County Emergency Services District #1,2021,BrdMem,,Nelda,,Nash,Secretary Treasurer,,,,,0,,,,,,,
40147,103226073,970372D5-1A3C-4DFD-AC47-2CB34A01E541,Orange County Emergency Services District #1,2021,BrdMem,,Gene,,Domec,Vice Sec Treas,,,,,0,,,,,,,
40148,103226073,970372D5-1A3C-4DFD-AC47-2CB34A01E541,Orange County Emergency Services District #1,2021,BrdMem,,Jim,,Morrison,Commissioner,,,,,0,,,,,,,
40149,103226073,970372D5-1A3C-4DFD-AC47-2CB34A01E541,Orange County Emergency Services District #1,2021,BrdMem,,Wyatt,,Boyett,President,,,,,0,,,,,,,
40150,103226073,970372D5-1A3C-4DFD-AC47-2CB34A01E541,Orange County Emergency Services District #1,2021,BrdMem,,Gary,,Biehslich,Vice President,,,,,0,,,,,,,
40154,103226073,E57207F9-48CA-4B13-8A35-3A268D102C8E,Orange County Emergency Services District #1,2022,BrdMem,,Gary,,Biehslich,Vice President,,,,,0,,,,,,,
40155,103226073,E57207F9-48CA-4B13-8A35-3A268D102C8E,Orange County Emergency Services District #1,2022,BrdMem,,Wyatt,,Boyett,President,,,,,0,,,,,,,
40156,103226073,E57207F9-48CA-4B13-8A35-3A268D102C8E,Orange County Emergency Services District #1,2022,BrdMem,,Nelda,,Nash,Secretary Treasurer,,,,,0,,,,,,,
40157,103226073,E57207F9-48CA-4B13-8A35-3A268D102C8E,Orange County Emergency Services District #1,2022,BrdMem,,Gene,,Domec,Vice Sec Treas,,,,,0,,,,,,,
40161,103226073,D141BB58-23A6-49D8-93E5-884EE1672B0F,Orange County Emergency Services District #1,2023,BrdMem,,Wyatt,,Boyett,President,,,,,0,,,,,,,
40162,103226073,D141BB58-23A6-49D8-93E5-884EE1672B0F,Orange County Emergency Services District #1,2023,BrdMem,,Gene,,Domec,Vice Sec Treas,,,,,0,,,,,,,
40163,103226073,D141BB58-23A6-49D8-93E5-884EE1672B0F,Orange County Emergency Services District #1,2023,BrdMem,,John,,Houseman,Commissioner,,,,,0,,,,,,,
40164,103226073,D141BB58-23A6-49D8-93E5-884EE1672B0F,Orange County Emergency Services District #1,2023,BrdMem,,Jerry,,Aldridge,Commissioner,,,,,0,,,,,,,
40165,103226073,D141BB58-23A6-49D8-93E5-884EE1672B0F,Orange County Emergency Services District #1,2023,BrdMem,,Nelda,,Nash,Secretary Treasurer,,,,,0,,,,,,,
40169,103226073,BCA73308-1230-413B-8C28-71DCF7E110B2,Orange County Emergency Services District #1,2024,BrdMem,,Jerry,,Aldridge,Commissioner,,,,,0,,,,,,,
40170,103226073,BCA73308-1230-413B-8C28-71DCF7E110B2,Orange County Emergency Services District #1,2024,BrdMem,,Wyatt,,Boyett,President,,,,,0,,,,,,,
40171,103226073,BCA73308-1230-413B-8C28-71DCF7E110B2,Orange County Emergency Services District #1,2024,BrdMem,,John,,Houseman,Commissioner,,,,,0,,,,,,,
40172,103226073,BCA73308-1230-413B-8C28-71DCF7E110B2,Orange County Emergency Services District #1,2024,BrdMem,,Gene,,Domec,Vice Sec Treas,,,,,0,,,,,,,
40173,103226073,BCA73308-1230-413B-8C28-71DCF7E110B2,Orange County Emergency Services District #1,2024,BrdMem,,Nelda,,Nash,Secretary Treasurer,,,,,0,,,,,,,
40177,103226073,B1CC9FC0-048B-42ED-9610-38D0AF23E9FA,Orange County Emergency Services District #1,2025,BrdMem,,Wyatt,,Boyett,President,,,,,0,,,,,,,
40178,103226073,B1CC9FC0-048B-42ED-9610-38D0AF23E9FA,Orange County Emergency Services District #1,2025,BrdMem,,Jerry,,Aldridge,Sec Treasurer,,,,,0,,,,,,,
40179,103226073,B1CC9FC0-048B-42ED-9610-38D0AF23E9FA,Orange County Emergency Services District #1,2025,BrdMem,,Gene,,Domec,V President,,,,,0,,,,,,,
40180,103226073,B1CC9FC0-048B-42ED-9610-38D0AF23E9FA,Orange County Emergency Services District #1,2025,BrdMem,,Rose,,Luce,Commissioner,,,,,0,,,,,,,
40181,103226073,B1CC9FC0-048B-42ED-9610-38D0AF23E9FA,Orange County Emergency Services District #1,2025,BrdMem,,Jimmy,,Reeves,Commissioner,,,,,0,,,,,,,
40185,103226073,D6B3D185-434A-47A0-B07E-E343E6783952,Orange County Emergency Services District #1,2026,BrdMem,,Rose,,Luce,Commissioner,,,,,0,,,,,,,
40186,103226073,D6B3D185-434A-47A0-B07E-E343E6783952,Orange County Emergency Services District #1,2026,BrdMem,,Wyatt,,Boyett,President,,,,,0,,,,,,,
40187,103226073,D6B3D185-434A-47A0-B07E-E343E6783952,Orange County Emergency Services District #1,2026,BrdMem,,Jerry,,Aldridge,Sec Treasurer,,,,,0,,,,,,,
40188,103226073,D6B3D185-434A-47A0-B07E-E343E6783952,Orange County Emergency Services District #1,2026,BrdMem,,Jimmy,,Reeves,Commissioner,,,,,0,,,,,,,
40189,103226073,D6B3D185-434A-47A0-B07E-E343E6783952,Orange County Emergency Services District #1,2026,BrdMem,,Gene,,Domec,V President,,,,,0,,,,,,,
46974,103226163,06924349-73F1-4D05-9F02-91B9122A77BF,Harris-Fort Bend Emergency Services District #100,2018,BrdMem,,Jeff,,Jernberg,Vice President,,,,,0,,,,,,,
46975,103226163,06924349-73F1-4D05-9F02-91B9122A77BF,Harris-Fort Bend Emergency Services District #100,2018,BrdMem,,Janie,,Bickford,Assistant Treasurer,,,,,0,,,,,,,
46976,103226163,06924349-73F1-4D05-9F02-91B9122A77BF,Harris-Fort Bend Emergency Services District #100,2018,BrdMem,,Mary,,Blondell,Secretary,,,,,0,,,,,,,
46977,103226163,06924349-73F1-4D05-9F02-91B9122A77BF,Harris-Fort Bend Emergency Services District #100,2018,BrdMem,,Robert,,Perez,Treasurer,,,,,0,,,,,,,
46978,103226163,06924349-73F1-4D05-9F02-91B9122A77BF,Harris-Fort Bend Emergency Services District #100,2018,BrdMem,,Leland Dale,,Terry,President,,,,,0,,,,,,,
46983,103226163,24C25426-054F-4623-932C-0376FEC7F8BF,Harris-Fort Bend Emergency Services District #100,2019,BrdMem,,Leland Dale,,Terry,President,,,,,0,,,,,,,
46984,103226163,24C25426-054F-4623-932C-0376FEC7F8BF,Harris-Fort Bend Emergency Services District #100,2019,BrdMem,,Mary,,Blondell,Secretary,,,,,0,,,,,,,
46985,103226163,24C25426-054F-4623-932C-0376FEC7F8BF,Harris-Fort Bend Emergency Services District #100,2019,BrdMem,,Robert,,Perez,Treasurer,,,,,0,,,,,,,
46986,103226163,24C25426-054F-4623-932C-0376FEC7F8BF,Harris-Fort Bend Emergency Services District #100,2019,BrdMem,,Jeff,,Jernberg,Vice President,,,,,0,,,,,,,
46987,103226163,24C25426-054F-4623-932C-0376FEC7F8BF,Harris-Fort Bend Emergency Services District #100,2019,BrdMem,,Steve,,Fowler,Commissioner,,,,,0,,,,,,,
46993,103226163,44BA067A-8C44-4C48-B3E6-7153B38F792A,Harris-Fort Bend Emergency Services District #100,2020,BrdMem,,Mary,,Blondell,Secretary,,,,,0,,,,,,,
46994,103226163,44BA067A-8C44-4C48-B3E6-7153B38F792A,Harris-Fort Bend Emergency Services District #100,2020,BrdMem,,Leland Dale,,Terry,President,,,,,0,,,,,,,
46995,103226163,44BA067A-8C44-4C48-B3E6-7153B38F792A,Harris-Fort Bend Emergency Services District #100,2020,BrdMem,,Robert,,Perez,Treasurer,,,,,0,,,,,,,
46996,103226163,44BA067A-8C44-4C48-B3E6-7153B38F792A,Harris-Fort Bend Emergency Services District #100,2020,BrdMem,,Steve,,Fowler,Commissioner,,,,,0,,,,,,,
46997,103226163,44BA067A-8C44-4C48-B3E6-7153B38F792A,Harris-Fort Bend Emergency Services District #100,2020,BrdMem,,Jeff,,Jernberg,Vice President,,,,,0,,,,,,,
47003,103226163,D303DEBA-8AA1-49A4-8F42-055DC2364951,Harris-Fort Bend Emergency Services District #100,2021,BrdMem,,Steve,,Fowler,Commissioner,,,,,0,,,,,,,
47004,103226163,D303DEBA-8AA1-49A4-8F42-055DC2364951,Harris-Fort Bend Emergency Services District #100,2021,BrdMem,,Mary,,Blondell,Secretary,,,,,0,,,,,,,
47005,103226163,D303DEBA-8AA1-49A4-8F42-055DC2364951,Harris-Fort Bend Emergency Services District #100,2021,BrdMem,,Leland Dale,,Terry,President,,,,,0,,,,,,,
47006,103226163,D303DEBA-8AA1-49A4-8F42-055DC2364951,Harris-Fort Bend Emergency Services District #100,2021,BrdMem,,Jeff,,Jernberg,Vice President,,,,,0,,,,,,,
47007,103226163,D303DEBA-8AA1-49A4-8F42-055DC2364951,Harris-Fort Bend Emergency Services District #100,2021,BrdMem,,Robert,,Perez,Treasurer,,,,,0,,,,,,,
47013,103226163,FDA5790B-7BC2-4BA9-96A6-9977537492C1,Harris-Fort Bend Emergency Services District #100,2022,BrdMem,,Leland Dale,,Terry,President,,,,,0,,,,,,,
47014,103226163,FDA5790B-7BC2-4BA9-96A6-9977537492C1,Harris-Fort Bend Emergency Services District #100,2022,BrdMem,,Jeff,,Jernberg,Vice President,,,,,0,,,,,,,
47015,103226163,FDA5790B-7BC2-4BA9-96A6-9977537492C1,Harris-Fort Bend Emergency Services District #100,2022,BrdMem,,Robert,,Perez,Asst. Treasurer,,,,,0,,,,,,,
47016,103226163,FDA5790B-7BC2-4BA9-96A6-9977537492C1,Harris-Fort Bend Emergency Services District #100,2022,BrdMem,,Mary,,Blondell,Treasurer,,,,,0,,,,,,,
47017,103226163,FDA5790B-7BC2-4BA9-96A6-9977537492C1,Harris-Fort Bend Emergency Services District #100,2022,BrdMem,,Steve,,Fowler,Secretary,,,,,0,,,,,,,
47023,103226163,3A95FFCA-6AAA-4894-85E2-E6D89A9BA5B3,Harris-Fort Bend Emergency Services District #100,2023,BrdMem,,Mary,,Blondell,Treasurer,,,,,0,,,,,,,
47024,103226163,3A95FFCA-6AAA-4894-85E2-E6D89A9BA5B3,Harris-Fort Bend Emergency Services District #100,2023,BrdMem,,Steve,,Fowler,Commissioner,,,,,0,,,,,,,
47025,103226163,3A95FFCA-6AAA-4894-85E2-E6D89A9BA5B3,Harris-Fort Bend Emergency Services District #100,2023,BrdMem,,Jeff,,Jernberg,Vice President,,,,,0,,,,,,,
47026,103226163,3A95FFCA-6AAA-4894-85E2-E6D89A9BA5B3,Harris-Fort Bend Emergency Services District #100,2023,BrdMem,,Dale,,Terry,President,,,,,0,,,,,,,
47027,103226163,3A95FFCA-6AAA-4894-85E2-E6D89A9BA5B3,Harris-Fort Bend Emergency Services District #100,2023,BrdMem,,Ken,,Arrington,Secretary,,,,,0,,,,,,,
47033,103226163,9513E3BA-C174-4F56-9CA0-04C3DE7234AE,Harris-Fort Bend Emergency Services District #100,2024,BrdMem,,Dale,,Terry,President,,,,,0,,,,,,,
47034,103226163,9513E3BA-C174-4F56-9CA0-04C3DE7234AE,Harris-Fort Bend Emergency Services District #100,2024,BrdMem,,Jeff,,Jernberg,Vice President,,,,,0,,,,,,,
47035,103226163,9513E3BA-C174-4F56-9CA0-04C3DE7234AE,Harris-Fort Bend Emergency Services District #100,2024,BrdMem,,Ken,,Arrington,Secretary,,,,,0,,,,,,,
47036,103226163,9513E3BA-C174-4F56-9CA0-04C3DE7234AE,Harris-Fort Bend Emergency Services District #100,2024,BrdMem,,Steve,,Fowler,Asst. Sec-Treas,,,,,0,,,,,,,
47037,103226163,9513E3BA-C174-4F56-9CA0-04C3DE7234AE,Harris-Fort Bend Emergency Services District #100,2024,BrdMem,,Mary,,Blondell,Treasurer,,,,,0,,,,,,,
47043,103226163,48B1FC7A-373B-4A10-90BB-FB4FB8B93AA0,Harris-Fort Bend Emergency Services District #100,2025,BrdMem,,Jeff,,Jernberg,Vice President,,,,,0,,,,,,,
47044,103226163,48B1FC7A-373B-4A10-90BB-FB4FB8B93AA0,Harris-Fort Bend Emergency Services District #100,2025,BrdMem,,Steve,,Fowler,Asst. Sec-Treas,,,,,0,,,,,,,
47045,103226163,48B1FC7A-373B-4A10-90BB-FB4FB8B93AA0,Harris-Fort Bend Emergency Services District #100,2025,BrdMem,,Mary,,Blondell,Treasurer,,,,,0,,,,,,,
47046,103226163,48B1FC7A-373B-4A10-90BB-FB4FB8B93AA0,Harris-Fort Bend Emergency Services District #100,2025,BrdMem,,Ken,,Arrington,Secretary,,,,,0,,,,,,,
47047,103226163,48B1FC7A-373B-4A10-90BB-FB4FB8B93AA0,Harris-Fort Bend Emergency Services District #100,2025,BrdMem,,Dale,,Terry,President,,,,,0,,,,,,,
47053,103226163,56F95D2B-1E3A-4476-8528-6E59FD704CCF,Harris-Fort Bend Emergency Services District #100,2026,BrdMem,,Mary,,Blondell,Treasurer,,,,,0,,,,,,,
47054,103226163,56F95D2B-1E3A-4476-8528-6E59FD704CCF,Harris-Fort Bend Emergency Services District #100,2026,BrdMem,,Ken,,Arrington,Secretary,,,,,0,,,,,,,
47055,103226163,56F95D2B-1E3A-4476-8528-6E59FD704CCF,Harris-Fort Bend Emergency Services District #100,2026,BrdMem,,Steve,,Fowler,Asst. Sec-Treas,,,,,0,,,,,,,
47056,103226163,56F95D2B-1E3A-4476-8528-6E59FD704CCF,Harris-Fort Bend Emergency Services District #100,2026,BrdMem,,Jeff,,Jernberg,Vice President,,,,,0,,,,,,,
47057,103226163,56F95D2B-1E3A-4476-8528-6E59FD704CCF,Harris-Fort Bend Emergency Services District #100,2026,BrdMem,,Dale,,Terry,President,,,,,0,,,,,,,
49768,103226198,C9E31092-2E5C-4E43-8F25-ECAA910E39A7,Fort Bend County Levee Improvement District #6,2018,BrdMem,,Gary,,Pochyla,Mr.,,,,,0,,,,,,,
49769,103226198,C9E31092-2E5C-4E43-8F25-ECAA910E39A7,Fort Bend County Levee Improvement District #6,2018,BrdMem,,Linda,,Jacks,Ms.,,,,,0,,,,,,,
49770,103226198,C9E31092-2E5C-4E43-8F25-ECAA910E39A7,Fort Bend County Levee Improvement District #6,2018,BrdMem,,Kent,,Savage,Mr.,,,,,0,,,,,,,
49776,103226198,677CEFA6-B46F-432A-83B7-D2F789C5FB78,Fort Bend County Levee Improvement District #6,2019,BrdMem,,Linda,,Jacks,Ms.,,,,,0,,,,,,,
49777,103226198,677CEFA6-B46F-432A-83B7-D2F789C5FB78,Fort Bend County Levee Improvement District #6,2019,BrdMem,,Gary,,Pochyla,Mr.,,,,,0,,,,,,,
49778,103226198,677CEFA6-B46F-432A-83B7-D2F789C5FB78,Fort Bend County Levee Improvement District #6,2019,BrdMem,,Kent,,Savage,Mr.,,,,,0,,,,,,,
49784,103226198,84F5E81A-0739-45A3-AB42-17A4AA08CCEB,Fort Bend County Levee Improvement District #6,2020,BrdMem,,Kent,,Savage,Mr.,,,,,0,,,,,,,
49785,103226198,84F5E81A-0739-45A3-AB42-17A4AA08CCEB,Fort Bend County Levee Improvement District #6,2020,BrdMem,,Gary,,Pochyla,Mr.,,,,,0,,,,,,,
49786,103226198,84F5E81A-0739-45A3-AB42-17A4AA08CCEB,Fort Bend County Levee Improvement District #6,2020,BrdMem,,Linda,,Jacks,Ms.,,,,,0,,,,,,,
49792,103226198,2F06BEA1-6F40-4D53-900F-75FFD04E7D2F,Fort Bend County Levee Improvement District #6,2021,BrdMem,,Kent,,Savage,Mr.,,,,,0,,,,,,,
49793,103226198,2F06BEA1-6F40-4D53-900F-75FFD04E7D2F,Fort Bend County Levee Improvement District #6,2021,BrdMem,,Gary,,Pochyla,Mr.,,,,,0,,,,,,,
49794,103226198,2F06BEA1-6F40-4D53-900F-75FFD04E7D2F,Fort Bend County Levee Improvement District #6,2021,BrdMem,,Linda,,Jacks,Ms.,,,,,0,,,,,,,
49800,103226198,1FA65E4C-C97C-4BFA-9521-35BF76E80786,Fort Bend County Levee Improvement District #6,2022,BrdMem,,Gary,,Pochyla,Mr.,,,,,0,,,,,,,
49801,103226198,1FA65E4C-C97C-4BFA-9521-35BF76E80786,Fort Bend County Levee Improvement District #6,2022,BrdMem,,Kent,,Savage,Mr.,,,,,0,,,,,,,
49802,103226198,1FA65E4C-C97C-4BFA-9521-35BF76E80786,Fort Bend County Levee Improvement District #6,2022,BrdMem,,Linda,,Jacks,Ms.,,,,,0,,,,,,,
49808,103226198,A92A7D00-0476-477E-B2BA-805C11F8B070,Fort Bend County Levee Improvement District #6,2023,BrdMem,,Gary,,Pochyla,Mr.,,,,,0,,,,,,,
49809,103226198,A92A7D00-0476-477E-B2BA-805C11F8B070,Fort Bend County Levee Improvement District #6,2023,BrdMem,,Kent,,Savage,Mr.,,,,,0,,,,,,,
49810,103226198,A92A7D00-0476-477E-B2BA-805C11F8B070,Fort Bend County Levee Improvement District #6,2023,BrdMem,,Linda,,Jacks,Ms.,,,,,0,,,,,,,
49816,103226198,FEA93338-BD47-4552-BA34-EA03229AB3AD,Fort Bend County Levee Improvement District #6,2024,BrdMem,,Kent,,Savage,Mr.,,,,,0,,,,,,,
49817,103226198,FEA93338-BD47-4552-BA34-EA03229AB3AD,Fort Bend County Levee Improvement District #6,2024,BrdMem,,David,,Vrshek,Mr.,,,,,0,,,,,,,
49818,103226198,FEA93338-BD47-4552-BA34-EA03229AB3AD,Fort Bend County Levee Improvement District #6,2024,BrdMem,,A.,,Ali Khan,Mr.,,,,,0,,,,,,,
49819,103226198,FEA93338-BD47-4552-BA34-EA03229AB3AD,Fort Bend County Levee Improvement District #6,2024,BrdMem,,Linda,,Jacks,Ms.,,,,,0,,,,,,,
49820,103226198,FEA93338-BD47-4552-BA34-EA03229AB3AD,Fort Bend County Levee Improvement District #6,2024,BrdMem,,Patrick,,Nguyen,Mr.,,,,,0,,,,,,,
49826,103226198,1A6F75ED-F71A-4C8F-9E43-234968AD420F,Fort Bend County Levee Improvement District #6,2025,BrdMem,,David,,Vrshek,Mr.,,,,,0,,,,,,,
49827,103226198,1A6F75ED-F71A-4C8F-9E43-234968AD420F,Fort Bend County Levee Improvement District #6,2025,BrdMem,,Christopher,,Read,Mr.,,,,,0,,,,,,,
49828,103226198,1A6F75ED-F71A-4C8F-9E43-234968AD420F,Fort Bend County Levee Improvement District #6,2025,BrdMem,,Richard,,Wasser,Mr.,,,,,0,,,,,,,
49829,103226198,1A6F75ED-F71A-4C8F-9E43-234968AD420F,Fort Bend County Levee Improvement District #6,2025,BrdMem,,Patrick,,Nguyen,Mr.,,,,,0,,,,,,,
49830,103226198,1A6F75ED-F71A-4C8F-9E43-234968AD420F,Fort Bend County Levee Improvement District #6,2025,BrdMem,,Felecia,,Alexander,Ms.,,,,,0,,,,,,,
49836,103226198,54911325-D76A-44D3-8533-94CA48EEBCF2,Fort Bend County Levee Improvement District #6,2026,BrdMem,,Felecia,,Alexander,Ms.,,,,,0,,,,,,,
49837,103226198,54911325-D76A-44D3-8533-94CA48EEBCF2,Fort Bend County Levee Improvement District #6,2026,BrdMem,,Patrick,,Nguyen,Mr.,,,,,0,,,,,,,
49838,103226198,54911325-D76A-44D3-8533-94CA48EEBCF2,Fort Bend County Levee Improvement District #6,2026,BrdMem,,David,,Vrshek,Mr.,,,,,0,,,,,,,
49839,103226198,54911325-D76A-44D3-8533-94CA48EEBCF2,Fort Bend County Levee Improvement District #6,2026,BrdMem,,Richard,,Wasser,Mr.,,,,,0,,,,,,,
49840,103226198,54911325-D76A-44D3-8533-94CA48EEBCF2,Fort Bend County Levee Improvement District #6,2026,BrdMem,,Christopher,,Read,Mr.,,,,,0,,,,,,,
52877,103226241,70C91C44-95FE-45A2-95B7-4C55D75D3FD6,Stonewal Memorial Hospital District,2024,BrdMem,,BELINDA,,PAGE,MEMBER,,,,,0,,,,,,,
52878,103226241,70C91C44-95FE-45A2-95B7-4C55D75D3FD6,Stonewal Memorial Hospital District,2024,BrdMem,,Ellen,,Abernathy,President,,,,,0,,,,,,,
52879,103226241,70C91C44-95FE-45A2-95B7-4C55D75D3FD6,Stonewal Memorial Hospital District,2024,BrdMem,,Renee,,Spikes,Member,,,,,0,,,,,,,
52880,103226241,70C91C44-95FE-45A2-95B7-4C55D75D3FD6,Stonewal Memorial Hospital District,2024,BrdMem,,Steve,,Teichleman,Board Member,,,,,0,,,,,,,
52881,103226241,70C91C44-95FE-45A2-95B7-4C55D75D3FD6,Stonewal Memorial Hospital District,2024,BrdMem,,Michael,,Shugart,Member,,,,,0,,,,,,,
52885,103226241,F8835A4E-4900-471B-AC35-85CA23E64496,Stonewal Memorial Hospital District,2025,BrdMem,,Ellen,,Abernathy,President,,,,,0,,,,,,,
52886,103226241,F8835A4E-4900-471B-AC35-85CA23E64496,Stonewal Memorial Hospital District,2025,BrdMem,,BELINDA,,PAGE,MEMBER,,,,,0,,,,,,,
52887,103226241,F8835A4E-4900-471B-AC35-85CA23E64496,Stonewal Memorial Hospital District,2025,BrdMem,,Ruthie,,Elkins,Board Member,,,,,0,,,,,,,
52888,103226241,F8835A4E-4900-471B-AC35-85CA23E64496,Stonewal Memorial Hospital District,2025,BrdMem,,Renee,,Spikes,Member,,,,,0,,,,,,,
52889,103226241,F8835A4E-4900-471B-AC35-85CA23E64496,Stonewal Memorial Hospital District,2025,BrdMem,,Jackie,,Elkins,Board Member,,,,,0,,,,,,,
52893,103226241,5D66CACC-83FA-4C2D-98E1-A10704171EB6,Stonewal Memorial Hospital District,2026,BrdMem,,Renee,,Spikes,Member,,,,,0,,,,,,,
52894,103226241,5D66CACC-83FA-4C2D-98E1-A10704171EB6,Stonewal Memorial Hospital District,2026,BrdMem,,BELINDA,,PAGE,MEMBER,,,,,0,,,,,,,
52895,103226241,5D66CACC-83FA-4C2D-98E1-A10704171EB6,Stonewal Memorial Hospital District,2026,BrdMem,,Ruthie,,Elkins,Board Member,,,,,0,,,,,,,
52896,103226241,5D66CACC-83FA-4C2D-98E1-A10704171EB6,Stonewal Memorial Hospital District,2026,BrdMem,,Ellen,,Abernathy,President,,,,,0,,,,,,,
52897,103226241,5D66CACC-83FA-4C2D-98E1-A10704171EB6,Stonewal Memorial Hospital District,2026,BrdMem,,Claire,,Clarke,Board Member,,,,,0,,,,,,,
53082,103226244,B7D34203-48C7-446C-A2AC-09F6606B8C75,Harris County Emergency Services District #12,2018,BrdMem,,Frank,,Staley,Asst Sec & Asst Trea,,,,,0,,,,,,,
53083,103226244,B7D34203-48C7-446C-A2AC-09F6606B8C75,Harris County Emergency Services District #12,2018,BrdMem,,David,,Proctor,Vice President,,,,,0,,,,,,,
53084,103226244,B7D34203-48C7-446C-A2AC-09F6606B8C75,Harris County Emergency Services District #12,2018,BrdMem,,William,,Anders,President,,,,,0,,,,,,,
53085,103226244,B7D34203-48C7-446C-A2AC-09F6606B8C75,Harris County Emergency Services District #12,2018,BrdMem,,Bryan,,Clements,Commissioner,,,,,0,,,,,,,
53086,103226244,B7D34203-48C7-446C-A2AC-09F6606B8C75,Harris County Emergency Services District #12,2018,BrdMem,,Larry,,Helgesen,Secretary,,,,,0,,,,,,,
53091,103226244,9EEB8D13-75BD-425E-B9CC-EACDB2BE7FB7,Harris County Emergency Services District #12,2019,BrdMem,,Larry,,Helgesen,Secretary,,,,,0,,,,,,,
53092,103226244,9EEB8D13-75BD-425E-B9CC-EACDB2BE7FB7,Harris County Emergency Services District #12,2019,BrdMem,,David,,Proctor,Vice President,,,,,0,,,,,,,
53093,103226244,9EEB8D13-75BD-425E-B9CC-EACDB2BE7FB7,Harris County Emergency Services District #12,2019,BrdMem,,William,,Anders,President,,,,,0,,,,,,,
53094,103226244,9EEB8D13-75BD-425E-B9CC-EACDB2BE7FB7,Harris County Emergency Services District #12,2019,BrdMem,,Bryan O.,,Clements,Asst Sec Asst Treas,,,,,0,,,,,,,
53095,103226244,9EEB8D13-75BD-425E-B9CC-EACDB2BE7FB7,Harris County Emergency Services District #12,2019,BrdMem,,Frank,,Staley,Treasurer,,,,,0,,,,,,,
53100,103226244,358A9514-C695-4F09-ACA2-A22E727A1433,Harris County Emergency Services District #12,2020,BrdMem,,Bryan O.,,Clements,Asst Sec Asst Treas,,,,,0,,,,,,,
53101,103226244,358A9514-C695-4F09-ACA2-A22E727A1433,Harris County Emergency Services District #12,2020,BrdMem,,David,,Proctor,Vice President,,,,,0,,,,,,,
53102,103226244,358A9514-C695-4F09-ACA2-A22E727A1433,Harris County Emergency Services District #12,2020,BrdMem,,William,,Anders,President,,,,,0,,,,,,,
53103,103226244,358A9514-C695-4F09-ACA2-A22E727A1433,Harris County Emergency Services District #12,2020,BrdMem,,Larry,,Helgesen,Secretary,,,,,0,,,,,,,
53104,103226244,358A9514-C695-4F09-ACA2-A22E727A1433,Harris County Emergency Services District #12,2020,BrdMem,,Frank,,Staley,Treasurer,,,,,0,,,,,,,
53109,103226244,31ACE7BA-351E-4FFE-BCC8-67323E24DD40,Harris County Emergency Services District #12,2021,BrdMem,,William,,Anders,President,,,,,0,,,,,,,
53110,103226244,31ACE7BA-351E-4FFE-BCC8-67323E24DD40,Harris County Emergency Services District #12,2021,BrdMem,,Larry,,Helgesen,Secretary,,,,,0,,,,,,,
53111,103226244,31ACE7BA-351E-4FFE-BCC8-67323E24DD40,Harris County Emergency Services District #12,2021,BrdMem,,Frank,,Staley,Treasurer,,,,,0,,,,,,,
53112,103226244,31ACE7BA-351E-4FFE-BCC8-67323E24DD40,Harris County Emergency Services District #12,2021,BrdMem,,Bryan O.,,Clements,Asst Sec Asst Treas,,,,,0,,,,,,,
53113,103226244,31ACE7BA-351E-4FFE-BCC8-67323E24DD40,Harris County Emergency Services District #12,2021,BrdMem,,David,,Proctor,Vice President,,,,,0,,,,,,,
53118,103226244,9A9B462D-2368-43B6-84DB-A8537DE30A54,Harris County Emergency Services District #12,2022,BrdMem,,William,,Anders,President,,,,,0,,,,,,,
53119,103226244,9A9B462D-2368-43B6-84DB-A8537DE30A54,Harris County Emergency Services District #12,2022,BrdMem,,Larry,,Helgesen,Secretary,,,,,0,,,,,,,
53120,103226244,9A9B462D-2368-43B6-84DB-A8537DE30A54,Harris County Emergency Services District #12,2022,BrdMem,,David,,Proctor,Vice President,,,,,0,,,,,,,
53121,103226244,9A9B462D-2368-43B6-84DB-A8537DE30A54,Harris County Emergency Services District #12,2022,BrdMem,,Frank,,Staley,Treasurer,,,,,0,,,,,,,
53122,103226244,9A9B462D-2368-43B6-84DB-A8537DE30A54,Harris County Emergency Services District #12,2022,BrdMem,,Bryan O.,,Clements,Asst Sec Asst Treas,,,,,0,,,,,,,
53127,103226244,24B07747-04C3-45C8-A3AA-5E70CFA7E21B,Harris County Emergency Services District #12,2023,BrdMem,,Larry,,Helgesen,Secretary,,,,,0,,,,,,,
53128,103226244,24B07747-04C3-45C8-A3AA-5E70CFA7E21B,Harris County Emergency Services District #12,2023,BrdMem,,Bryan,,Clements,Vice President,,,,,0,,,,,,,
53129,103226244,24B07747-04C3-45C8-A3AA-5E70CFA7E21B,Harris County Emergency Services District #12,2023,BrdMem,,Kenneth,,Wimbley,Asst Sec Asst Treasu,,,,,0,,,,,,,
53130,103226244,24B07747-04C3-45C8-A3AA-5E70CFA7E21B,Harris County Emergency Services District #12,2023,BrdMem,,David,,Proctor,Treasurer,,,,,0,,,,,,,
53131,103226244,24B07747-04C3-45C8-A3AA-5E70CFA7E21B,Harris County Emergency Services District #12,2023,BrdMem,,William,,Anders,President,,,,,0,,,,,,,
53136,103226244,0E3B2C29-AE0B-471D-A5B9-39AE1F26DE5C,Harris County Emergency Services District #12,2024,BrdMem,,William,,Anders,President,,,,,0,,,,,,,
53137,103226244,0E3B2C29-AE0B-471D-A5B9-39AE1F26DE5C,Harris County Emergency Services District #12,2024,BrdMem,,David,,Proctor,Treasurer,,,,,0,,,,,,,
53138,103226244,0E3B2C29-AE0B-471D-A5B9-39AE1F26DE5C,Harris County Emergency Services District #12,2024,BrdMem,,Bryan,,Clements,Vice President,,,,,0,,,,,,,
53139,103226244,0E3B2C29-AE0B-471D-A5B9-39AE1F26DE5C,Harris County Emergency Services District #12,2024,BrdMem,,Kenneth,,Wimbley,Secretary,,,,,0,,,,,,,
53140,103226244,0E3B2C29-AE0B-471D-A5B9-39AE1F26DE5C,Harris County Emergency Services District #12,2024,BrdMem,,Donald,,Nichols,Assistant Secretary,,,,,0,,,,,,,
53145,103226244,2E906C41-CA18-4C2A-A0FA-8F4A39C4A711,Harris County Emergency Services District #12,2025,BrdMem,,Donald,,Nichols,Assistant Secretary,,,,,0,,,,,,,
53146,103226244,2E906C41-CA18-4C2A-A0FA-8F4A39C4A711,Harris County Emergency Services District #12,2025,BrdMem,,Bryan,,Clements,Vice President,,,,,0,,,,,,,
53147,103226244,2E906C41-CA18-4C2A-A0FA-8F4A39C4A711,Harris County Emergency Services District #12,2025,BrdMem,,David,,Proctor,Treasurer,,,,,0,,,,,,,
53148,103226244,2E906C41-CA18-4C2A-A0FA-8F4A39C4A711,Harris County Emergency Services District #12,2025,BrdMem,,Kenneth,,Wimbley,Secretary,,,,,0,,,,,,,
53149,103226244,2E906C41-CA18-4C2A-A0FA-8F4A39C4A711,Harris County Emergency Services District #12,2025,BrdMem,,William,,Anders,President,,,,,0,,,,,,,
53154,103226244,115D0D82-53EB-4082-81E6-3243D4C9B559,Harris County Emergency Services District #12,2026,BrdMem,,David,,Proctor,Treasurer,,,,,0,,,,,,,
53155,103226244,115D0D82-53EB-4082-81E6-3243D4C9B559,Harris County Emergency Services District #12,2026,BrdMem,,Donald,,Nichols,Assistant Secretary,,,,,0,,,,,,,
53156,103226244,115D0D82-53EB-4082-81E6-3243D4C9B559,Harris County Emergency Services District #12,2026,BrdMem,,Kenneth,,Wimbley,Secretary,,,,,0,,,,,,,
53157,103226244,115D0D82-53EB-4082-81E6-3243D4C9B559,Harris County Emergency Services District #12,2026,BrdMem,,William,,Anders,President,,,,,0,,,,,,,
53158,103226244,115D0D82-53EB-4082-81E6-3243D4C9B559,Harris County Emergency Services District #12,2026,BrdMem,,Bryan,,Clements,Vice President,,,,,0,,,,,,,
55262,103226271,5F15C028-577E-4008-85C3-8298D2AE6CF4,Fort Bend County Levee Improvement District #15,2018,BrdMem,,Darrell,,Groves,Vice Pres Secretary,,,,,0,,,,,,,
55263,103226271,5F15C028-577E-4008-85C3-8298D2AE6CF4,Fort Bend County Levee Improvement District #15,2018,BrdMem,,Rohit,,Sankholkar,Asst Sec Asst VP,,,,,0,,,,,,,
55264,103226271,5F15C028-577E-4008-85C3-8298D2AE6CF4,Fort Bend County Levee Improvement District #15,2018,BrdMem,,Frank,,Yonish,President,,,,,0,,,,,,,
55270,103226271,322EDCC9-B1BE-4B02-9A2D-6AE0B50B0975,Fort Bend County Levee Improvement District #15,2019,BrdMem,,Rohit,,Sankholkar,Secretary,,,,,0,,,,,,,
55271,103226271,322EDCC9-B1BE-4B02-9A2D-6AE0B50B0975,Fort Bend County Levee Improvement District #15,2019,BrdMem,,Girish,,Misra,vice President,,,,,0,,,,,,,
55272,103226271,322EDCC9-B1BE-4B02-9A2D-6AE0B50B0975,Fort Bend County Levee Improvement District #15,2019,BrdMem,,Jeffrey,,Anderson,Assistant Secretary,,,,,0,,,,,,,
55273,103226271,322EDCC9-B1BE-4B02-9A2D-6AE0B50B0975,Fort Bend County Levee Improvement District #15,2019,BrdMem,,Darrell,,Groves,President,,,,,0,,,,,,,
55274,103226271,322EDCC9-B1BE-4B02-9A2D-6AE0B50B0975,Fort Bend County Levee Improvement District #15,2019,BrdMem,,Darrell,,Groves,President,,,,,0,,,,,,,
55280,103226271,312C25CC-660A-43AC-AE1E-DDDC55DA5667,Fort Bend County Levee Improvement District #15,2020,BrdMem,,Darrell,,Groves,President,,,,,0,,,,,,,
55281,103226271,312C25CC-660A-43AC-AE1E-DDDC55DA5667,Fort Bend County Levee Improvement District #15,2020,BrdMem,,Darrell,,Groves,President,,,,,0,,,,,,,
55282,103226271,312C25CC-660A-43AC-AE1E-DDDC55DA5667,Fort Bend County Levee Improvement District #15,2020,BrdMem,,Girish,,Misra,vice President,,,,,0,,,,,,,
55283,103226271,312C25CC-660A-43AC-AE1E-DDDC55DA5667,Fort Bend County Levee Improvement District #15,2020,BrdMem,,Jeffrey,,Anderson,Assistant Secretary,,,,,0,,,,,,,
55284,103226271,312C25CC-660A-43AC-AE1E-DDDC55DA5667,Fort Bend County Levee Improvement District #15,2020,BrdMem,,Rohit,,Sankholkar,Secretary,,,,,0,,,,,,,
55290,103226271,3F40AF17-5210-4D50-8362-67E456B31F1C,Fort Bend County Levee Improvement District #15,2021,BrdMem,,Jeffrey,,Anderson,Vice President,,,,,0,,,,,,,
55291,103226271,3F40AF17-5210-4D50-8362-67E456B31F1C,Fort Bend County Levee Improvement District #15,2021,BrdMem,,Rohit,,Sankholkar,President,,,,,0,,,,,,,
55292,103226271,3F40AF17-5210-4D50-8362-67E456B31F1C,Fort Bend County Levee Improvement District #15,2021,BrdMem,,Darrell,,Groves,Asst. Vice President,,,,,0,,,,,,,
55293,103226271,3F40AF17-5210-4D50-8362-67E456B31F1C,Fort Bend County Levee Improvement District #15,2021,BrdMem,,Girish,,Misra,Secretary,,,,,0,,,,,,,
55299,103226271,21DEDAE6-8F30-4E4B-900B-D5AB1053C57F,Fort Bend County Levee Improvement District #15,2022,BrdMem,,Glen,,Gill,Assistant Secretary,,,,,0,,,,,,,
55300,103226271,21DEDAE6-8F30-4E4B-900B-D5AB1053C57F,Fort Bend County Levee Improvement District #15,2022,BrdMem,,Rohit,,Sankholkar,President,,,,,0,,,,,,,
55301,103226271,21DEDAE6-8F30-4E4B-900B-D5AB1053C57F,Fort Bend County Levee Improvement District #15,2022,BrdMem,,Darrell,,Groves,Asst. Vice President,,,,,0,,,,,,,
55302,103226271,21DEDAE6-8F30-4E4B-900B-D5AB1053C57F,Fort Bend County Levee Improvement District #15,2022,BrdMem,,Girish,,Misra,Secretary,,,,,0,,,,,,,
55303,103226271,21DEDAE6-8F30-4E4B-900B-D5AB1053C57F,Fort Bend County Levee Improvement District #15,2022,BrdMem,,Jeffrey,,Anderson,Vice President,,,,,0,,,,,,,
55309,103226271,07E026BF-7D3A-4320-B62E-33B7DC15FE62,Fort Bend County Levee Improvement District #15,2023,BrdMem,,Darrell,,Groves,Asst. Vice President,,,,,0,,,,,,,
55310,103226271,07E026BF-7D3A-4320-B62E-33B7DC15FE62,Fort Bend County Levee Improvement District #15,2023,BrdMem,,Girish,,Misra,Secretary,,,,,0,,,,,,,
55311,103226271,07E026BF-7D3A-4320-B62E-33B7DC15FE62,Fort Bend County Levee Improvement District #15,2023,BrdMem,,Jeffrey,,Anderson,Vice President,,,,,0,,,,,,,
55312,103226271,07E026BF-7D3A-4320-B62E-33B7DC15FE62,Fort Bend County Levee Improvement District #15,2023,BrdMem,,Glen,,Gill,Assistant Secretary,,,,,0,,,,,,,
55313,103226271,07E026BF-7D3A-4320-B62E-33B7DC15FE62,Fort Bend County Levee Improvement District #15,2023,BrdMem,,Rohit,,Sankholkar,President,,,,,0,,,,,,,
55319,103226271,65912BB9-1018-4E25-BDF1-559774B7353E,Fort Bend County Levee Improvement District #15,2024,BrdMem,,Girish,,Misra,Secretary,,,,,0,,,,,,,
55320,103226271,65912BB9-1018-4E25-BDF1-559774B7353E,Fort Bend County Levee Improvement District #15,2024,BrdMem,,Glen,,Gill,Assistant Secretary,,,,,0,,,,,,,
55321,103226271,65912BB9-1018-4E25-BDF1-559774B7353E,Fort Bend County Levee Improvement District #15,2024,BrdMem,,Darrell,,Groves,Asst. Vice President,,,,,0,,,,,,,
55322,103226271,65912BB9-1018-4E25-BDF1-559774B7353E,Fort Bend County Levee Improvement District #15,2024,BrdMem,,Jeffrey,,Anderson,Vice President,,,,,0,,,,,,,
55323,103226271,65912BB9-1018-4E25-BDF1-559774B7353E,Fort Bend County Levee Improvement District #15,2024,BrdMem,,Rohit,,Sankholkar,President,,,,,0,,,,,,,
55329,103226271,795DC340-92F2-4E23-A37E-5AD8A6284DBC,Fort Bend County Levee Improvement District #15,2025,BrdMem,,Girish,,Misra,Secretary,,,,,0,,,,,,,
55330,103226271,795DC340-92F2-4E23-A37E-5AD8A6284DBC,Fort Bend County Levee Improvement District #15,2025,BrdMem,,Glen,,Gill,Assistant Secretary,,,,,0,,,,,,,
55331,103226271,795DC340-92F2-4E23-A37E-5AD8A6284DBC,Fort Bend County Levee Improvement District #15,2025,BrdMem,,Darrell,,Groves,Asst. Vice President,,,,,0,,,,,,,
55332,103226271,795DC340-92F2-4E23-A37E-5AD8A6284DBC,Fort Bend County Levee Improvement District #15,2025,BrdMem,,Rohit,,Sankholkar,President,,,,,0,,,,,,,
55333,103226271,795DC340-92F2-4E23-A37E-5AD8A6284DBC,Fort Bend County Levee Improvement District #15,2025,BrdMem,,Jeffrey,,Anderson,Vice President,,,,,0,,,,,,,
55339,103226271,F6C92AD1-4E7A-43C3-8AA8-D3AA6B6D6D9A,Fort Bend County Levee Improvement District #15,2026,BrdMem,,Rohit,,Sankholkar,President,,,,,0,,,,,,,
55340,103226271,F6C92AD1-4E7A-43C3-8AA8-D3AA6B6D6D9A,Fort Bend County Levee Improvement District #15,2026,BrdMem,,Carlos,,Camera,Asst. VP Asst. Sec.,,,,,0,,,,,,,
55341,103226271,F6C92AD1-4E7A-43C3-8AA8-D3AA6B6D6D9A,Fort Bend County Levee Improvement District #15,2026,BrdMem,,Girish,,Misra,Secretary,,,,,0,,,,,,,
55342,103226271,F6C92AD1-4E7A-43C3-8AA8-D3AA6B6D6D9A,Fort Bend County Levee Improvement District #15,2026,BrdMem,,Jeffrey,,Anderson,Vice President,,,,,0,,,,,,,
55343,103226271,F6C92AD1-4E7A-43C3-8AA8-D3AA6B6D6D9A,Fort Bend County Levee Improvement District #15,2026,BrdMem,,Glen,,Gill,Assistant Secretary,,,,,0,,,,,,,
59103,103226317,94AE4DF6-35E9-46F8-834A-D509E1479FAC,Harris County Emergency Services District #50,2018,BrdMem,,Jim,,Owens,President,,,,,0,,,,,,,
59104,103226317,94AE4DF6-35E9-46F8-834A-D509E1479FAC,Harris County Emergency Services District #50,2018,BrdMem,,Eric,,Stricklin,Treasurer,,,,,0,,,,,,,
59105,103226317,94AE4DF6-35E9-46F8-834A-D509E1479FAC,Harris County Emergency Services District #50,2018,BrdMem,,Judith,,Brannon,Commissioner,,,,,0,,,,,,,
59106,103226317,94AE4DF6-35E9-46F8-834A-D509E1479FAC,Harris County Emergency Services District #50,2018,BrdMem,,Benjamin,,Ballew,Vice President,,,,,0,,,,,,,
59107,103226317,94AE4DF6-35E9-46F8-834A-D509E1479FAC,Harris County Emergency Services District #50,2018,BrdMem,,Brenda,,Biggers,Secretary,,,,,0,,,,,,,
59112,103226317,FF10D995-B87E-41BF-ABA0-9EFACD381AED,Harris County Emergency Services District #50,2019,BrdMem,,Brenda,,Biggers,Secretary,,,,,0,,,,,,,
59113,103226317,FF10D995-B87E-41BF-ABA0-9EFACD381AED,Harris County Emergency Services District #50,2019,BrdMem,,Jim,,Owens,President,,,,,0,,,,,,,
59114,103226317,FF10D995-B87E-41BF-ABA0-9EFACD381AED,Harris County Emergency Services District #50,2019,BrdMem,,Eric,,Stricklin,Treasurer,,,,,0,,,,,,,
59115,103226317,FF10D995-B87E-41BF-ABA0-9EFACD381AED,Harris County Emergency Services District #50,2019,BrdMem,,Benjamin,,Ballew,Vice President,,,,,0,,,,,,,
59116,103226317,FF10D995-B87E-41BF-ABA0-9EFACD381AED,Harris County Emergency Services District #50,2019,BrdMem,,Judith,,Brannon,Commissioner,,,,,0,,,,,,,
59121,103226317,83A01ED8-99AC-40F4-B895-FBA30C8D5C09,Harris County Emergency Services District #50,2020,BrdMem,,Eric,,Stricklin,Treasurer,,,,,0,,,,,,,
59122,103226317,83A01ED8-99AC-40F4-B895-FBA30C8D5C09,Harris County Emergency Services District #50,2020,BrdMem,,Benjamin,,Ballew,Vice President,,,,,0,,,,,,,
59123,103226317,83A01ED8-99AC-40F4-B895-FBA30C8D5C09,Harris County Emergency Services District #50,2020,BrdMem,,Jim,,Owens,President,,,,,0,,,,,,,
59124,103226317,83A01ED8-99AC-40F4-B895-FBA30C8D5C09,Harris County Emergency Services District #50,2020,BrdMem,,Judith,,Brannon,Commissioner,,,,,0,,,,,,,
59125,103226317,83A01ED8-99AC-40F4-B895-FBA30C8D5C09,Harris County Emergency Services District #50,2020,BrdMem,,Brenda,,Biggers,Secretary,,,,,0,,,,,,,
59130,103226317,CD54FB22-A13C-446D-A1F1-6430BC2D181D,Harris County Emergency Services District #50,2021,BrdMem,,Michael,,Burr,Treasurer,,,,,0,,,,,,,
59131,103226317,CD54FB22-A13C-446D-A1F1-6430BC2D181D,Harris County Emergency Services District #50,2021,BrdMem,,Benjamin,,Ballew,Vice President,,,,,0,,,,,,,
59132,103226317,CD54FB22-A13C-446D-A1F1-6430BC2D181D,Harris County Emergency Services District #50,2021,BrdMem,,Brenda,,Biggers,Secretary,,,,,0,,,,,,,
59133,103226317,CD54FB22-A13C-446D-A1F1-6430BC2D181D,Harris County Emergency Services District #50,2021,BrdMem,,Alma,,Cedillo,Assistant Secretary,,,,,0,,,,,,,
59134,103226317,CD54FB22-A13C-446D-A1F1-6430BC2D181D,Harris County Emergency Services District #50,2021,BrdMem,,Jim,,Owens,President,,,,,0,,,,,,,
59139,103226317,E70D6895-46D8-4705-B3EE-77CA050F39FE,Harris County Emergency Services District #50,2022,BrdMem,,Robert,,Ballew,Treasurer,,,,,0,,,,,,,
59140,103226317,E70D6895-46D8-4705-B3EE-77CA050F39FE,Harris County Emergency Services District #50,2022,BrdMem,,Jim,,Owens,President,,,,,0,,,,,,,
59141,103226317,E70D6895-46D8-4705-B3EE-77CA050F39FE,Harris County Emergency Services District #50,2022,BrdMem,,Brenda,,Biggers,Secretary,,,,,0,,,,,,,
59142,103226317,E70D6895-46D8-4705-B3EE-77CA050F39FE,Harris County Emergency Services District #50,2022,BrdMem,,Alma,,Cedillo,Assistant Secretary,,,,,0,,,,,,,
59143,103226317,E70D6895-46D8-4705-B3EE-77CA050F39FE,Harris County Emergency Services District #50,2022,BrdMem,,Michael,,Burr,Vice President,,,,,0,,,,,,,
59148,103226317,10F4E962-E821-41C2-A21F-F94B186E1863,Harris County Emergency Services District #50,2023,BrdMem,,Robert,,Ballew,Treasurer,,,,,0,,,,,,,
59149,103226317,10F4E962-E821-41C2-A21F-F94B186E1863,Harris County Emergency Services District #50,2023,BrdMem,,Brenda,,Biggers,Secretary,,,,,0,,,,,,,
59150,103226317,10F4E962-E821-41C2-A21F-F94B186E1863,Harris County Emergency Services District #50,2023,BrdMem,,Jim,,Owens,President,,,,,0,,,,,,,
59151,103226317,10F4E962-E821-41C2-A21F-F94B186E1863,Harris County Emergency Services District #50,2023,BrdMem,,Michael,,Burr,Vice President,,,,,0,,,,,,,
59152,103226317,10F4E962-E821-41C2-A21F-F94B186E1863,Harris County Emergency Services District #50,2023,BrdMem,,Alma,,Cedillo,Assistant Secretary,,,,,0,,,,,,,
59157,103226317,A922DBC1-FD64-46CA-BC35-0D4FA43E589E,Harris County Emergency Services District #50,2024,BrdMem,,Brenda,,Biggers,Secretary,,,,,0,,,,,,,
59158,103226317,A922DBC1-FD64-46CA-BC35-0D4FA43E589E,Harris County Emergency Services District #50,2024,BrdMem,,Alma,,Cedillo,Assistant Secretary,,,,,0,,,,,,,
59159,103226317,A922DBC1-FD64-46CA-BC35-0D4FA43E589E,Harris County Emergency Services District #50,2024,BrdMem,,Michael,,Burr,Vice President,,,,,0,,,,,,,
59160,103226317,A922DBC1-FD64-46CA-BC35-0D4FA43E589E,Harris County Emergency Services District #50,2024,BrdMem,,Jim,,Owens,President,,,,,0,,,,,,,
59161,103226317,A922DBC1-FD64-46CA-BC35-0D4FA43E589E,Harris County Emergency Services District #50,2024,BrdMem,,Robert,,Ballew,Treasurer,,,,,0,,,,,,,
59166,103226317,28F83F52-4983-4C7E-98BD-4301F5B5EC21,Harris County Emergency Services District #50,2025,BrdMem,,Robert,,Ballew,Treasurer,,,,,0,,,,,,,
59167,103226317,28F83F52-4983-4C7E-98BD-4301F5B5EC21,Harris County Emergency Services District #50,2025,BrdMem,,Alma,,Cedillo,Assistant Secretary,,,,,0,,,,,,,
59168,103226317,28F83F52-4983-4C7E-98BD-4301F5B5EC21,Harris County Emergency Services District #50,2025,BrdMem,,Brenda,,Biggers,Secretary,,,,,0,,,,,,,
59169,103226317,28F83F52-4983-4C7E-98BD-4301F5B5EC21,Harris County Emergency Services District #50,2025,BrdMem,,Jim,,Owens,President,,,,,0,,,,,,,
59170,103226317,28F83F52-4983-4C7E-98BD-4301F5B5EC21,Harris County Emergency Services District #50,2025,BrdMem,,Michael,,Burr,Vice President,,,,,0,,,,,,,
59175,103226317,949DD026-05BD-4158-B6D8-CEB78AA599D6,Harris County Emergency Services District #50,2026,BrdMem,,Jim,,Owens,President,,,,,0,,,,,,,
59176,103226317,949DD026-05BD-4158-B6D8-CEB78AA599D6,Harris County Emergency Services District #50,2026,BrdMem,,Alma,,Cedillo,Assistant Secretary,,,,,0,,,,,,,
59177,103226317,949DD026-05BD-4158-B6D8-CEB78AA599D6,Harris County Emergency Services District #50,2026,BrdMem,,Brenda,,Biggers,Secretary,,,,,0,,,,,,,
59178,103226317,949DD026-05BD-4158-B6D8-CEB78AA599D6,Harris County Emergency Services District #50,2026,BrdMem,,Robert,,Ballew,Treasurer,,,,,0,,,,,,,
59179,103226317,949DD026-05BD-4158-B6D8-CEB78AA599D6,Harris County Emergency Services District #50,2026,BrdMem,,Michael,,Burr,Vice President,,,,,0,,,,,,,
62822,103226368,C6733E45-6C16-4975-BFF2-8F2328C3A0A6,Rankin County Hospital District,2018,BrdMem,,Paul,,Prewozniak,Secretary,,,,,0,,,,,,,
62823,103226368,C6733E45-6C16-4975-BFF2-8F2328C3A0A6,Rankin County Hospital District,2018,BrdMem,,Tracy,,Clanton,President,,,,,0,,,,,,,
62824,103226368,C6733E45-6C16-4975-BFF2-8F2328C3A0A6,Rankin County Hospital District,2018,BrdMem,,Hal,,Hutchens,Member,,,,,0,,,,,,,
62825,103226368,C6733E45-6C16-4975-BFF2-8F2328C3A0A6,Rankin County Hospital District,2018,BrdMem,,Linda,,Dusek,Vice President,,,,,0,,,,,,,
62826,103226368,C6733E45-6C16-4975-BFF2-8F2328C3A0A6,Rankin County Hospital District,2018,BrdMem,,Cheryl,,Roberts,Member,,,,,0,,,,,,,
62831,103226368,6B01C027-43FB-43C5-A152-FB65C9B02B1D,Rankin County Hospital District,2019,BrdMem,,Paul,,Prewozniak,Secretary,,,,,0,,,,,,,
62832,103226368,6B01C027-43FB-43C5-A152-FB65C9B02B1D,Rankin County Hospital District,2019,BrdMem,,Tracy,,Clanton,President,,,,,0,,,,,,,
62833,103226368,6B01C027-43FB-43C5-A152-FB65C9B02B1D,Rankin County Hospital District,2019,BrdMem,,Linda,,Dusek,Vice President,,,,,0,,,,,,,
62834,103226368,6B01C027-43FB-43C5-A152-FB65C9B02B1D,Rankin County Hospital District,2019,BrdMem,,Cheryl,,Roberts,Member,,,,,0,,,,,,,
62835,103226368,6B01C027-43FB-43C5-A152-FB65C9B02B1D,Rankin County Hospital District,2019,BrdMem,,Hal,,Hutchens,Member,,,,,0,,,,,,,
62840,103226368,BFA52A12-8D78-4A38-838A-01D5820D3B3F,Rankin County Hospital District,2020,BrdMem,,Tracy,,Clanton,President,,,,,0,,,,,,,
62841,103226368,BFA52A12-8D78-4A38-838A-01D5820D3B3F,Rankin County Hospital District,2020,BrdMem,,Cheryl,,Roberts,Member,,,,,0,,,,,,,
62842,103226368,BFA52A12-8D78-4A38-838A-01D5820D3B3F,Rankin County Hospital District,2020,BrdMem,,Paul,,Prewozniak,Secretary,,,,,0,,,,,,,
62843,103226368,BFA52A12-8D78-4A38-838A-01D5820D3B3F,Rankin County Hospital District,2020,BrdMem,,Hal,,Hutchens,Member,,,,,0,,,,,,,
62844,103226368,BFA52A12-8D78-4A38-838A-01D5820D3B3F,Rankin County Hospital District,2020,BrdMem,,Linda,,Dusek,Vice President,,,,,0,,,,,,,
62849,103226368,3BB0CDAA-7A73-451D-9608-6FC6BC23B70F,Rankin County Hospital District,2021,BrdMem,,Tracy,,Clanton,President,,,,,0,,,,,,,
62850,103226368,3BB0CDAA-7A73-451D-9608-6FC6BC23B70F,Rankin County Hospital District,2021,BrdMem,,Paul,,Prewozniak,Secretary,,,,,0,,,,,,,
62851,103226368,3BB0CDAA-7A73-451D-9608-6FC6BC23B70F,Rankin County Hospital District,2021,BrdMem,,Hal,,Hutchens,Member,,,,,0,,,,,,,
62852,103226368,3BB0CDAA-7A73-451D-9608-6FC6BC23B70F,Rankin County Hospital District,2021,BrdMem,,Linda,,Dusek,Vice President,,,,,0,,,,,,,
62853,103226368,3BB0CDAA-7A73-451D-9608-6FC6BC23B70F,Rankin County Hospital District,2021,BrdMem,,Cheryl,,Roberts,Member,,,,,0,,,,,,,
62858,103226368,1570FE26-C816-452B-B339-D3E549C39F91,Rankin County Hospital District,2022,BrdMem,,Tracy,,Clanton,President,,,,,0,,,,,,,
62859,103226368,1570FE26-C816-452B-B339-D3E549C39F91,Rankin County Hospital District,2022,BrdMem,,Linda,,Dusek,Vice President,,,,,0,,,,,,,
62860,103226368,1570FE26-C816-452B-B339-D3E549C39F91,Rankin County Hospital District,2022,BrdMem,,Paul,,Prewozniak,Secretary,,,,,0,,,,,,,
62861,103226368,1570FE26-C816-452B-B339-D3E549C39F91,Rankin County Hospital District,2022,BrdMem,,Hal,,Hutchens,Member,,,,,0,,,,,,,
62862,103226368,1570FE26-C816-452B-B339-D3E549C39F91,Rankin County Hospital District,2022,BrdMem,,Cheryl,,Roberts,Member,,,,,0,,,,,,,
62867,103226368,6D860C95-6C31-4202-B1B4-D5FD9CAC667B,Rankin County Hospital District,2023,BrdMem,,Wilson,,Marshall,Member,,,,,0,,,,,,,
62868,103226368,6D860C95-6C31-4202-B1B4-D5FD9CAC667B,Rankin County Hospital District,2023,BrdMem,,Linda,,Dusek,Secretary,,,,,0,,,,,,,
62869,103226368,6D860C95-6C31-4202-B1B4-D5FD9CAC667B,Rankin County Hospital District,2023,BrdMem,,Hal,,Hutchens,Member,,,,,0,,,,,,,
62870,103226368,6D860C95-6C31-4202-B1B4-D5FD9CAC667B,Rankin County Hospital District,2023,BrdMem,,Paul,,Prewozniak,Vice President,,,,,0,,,,,,,
62871,103226368,6D860C95-6C31-4202-B1B4-D5FD9CAC667B,Rankin County Hospital District,2023,BrdMem,,Tracy,,Clanton,President,,,,,0,,,,,,,
62876,103226368,E0B1D7BA-863F-479D-B70B-12EDF08B2CC3,Rankin County Hospital District,2024,BrdMem,,Linda,,Dusek,Secretary,,,,,0,,,,,,,
62877,103226368,E0B1D7BA-863F-479D-B70B-12EDF08B2CC3,Rankin County Hospital District,2024,BrdMem,,Paul,,Prewozniak,Vice President,,,,,0,,,,,,,
62878,103226368,E0B1D7BA-863F-479D-B70B-12EDF08B2CC3,Rankin County Hospital District,2024,BrdMem,,Tracy,,Clanton,President,,,,,0,,,,,,,
62879,103226368,E0B1D7BA-863F-479D-B70B-12EDF08B2CC3,Rankin County Hospital District,2024,BrdMem,,Wilson,,Marshall,Member,,,,,0,,,,,,,
62880,103226368,E0B1D7BA-863F-479D-B70B-12EDF08B2CC3,Rankin County Hospital District,2024,BrdMem,,Andrea,,Garza,Member,,,,,0,,,,,,,
62885,103226368,BFD174C2-F868-404B-81BC-6B1578509133,Rankin County Hospital District,2025,BrdMem,,Tracy,,Clanton,President,,,,,0,,,,,,,
62886,103226368,BFD174C2-F868-404B-81BC-6B1578509133,Rankin County Hospital District,2025,BrdMem,,Paul,,Prewozniak,Vice President,,,,,0,,,,,,,
62887,103226368,BFD174C2-F868-404B-81BC-6B1578509133,Rankin County Hospital District,2025,BrdMem,,Wilson,,Marshall,Member,,,,,0,,,,,,,
62888,103226368,BFD174C2-F868-404B-81BC-6B1578509133,Rankin County Hospital District,2025,BrdMem,,Andrea,,Garza,Member,,,,,0,,,,,,,
62889,103226368,BFD174C2-F868-404B-81BC-6B1578509133,Rankin County Hospital District,2025,BrdMem,,Linda,,Dusek,Secretary,,,,,0,,,,,,,
62894,103226368,ED135B85-3F5D-4342-8677-4A0A3B2A60FE,Rankin County Hospital District,2026,BrdMem,,Paul,,Prewozniak,Vice President,,,,,0,,,,,,,
62895,103226368,ED135B85-3F5D-4342-8677-4A0A3B2A60FE,Rankin County Hospital District,2026,BrdMem,,Tracy,,Clanton,President,,,,,0,,,,,,,
62896,103226368,ED135B85-3F5D-4342-8677-4A0A3B2A60FE,Rankin County Hospital District,2026,BrdMem,,Andrea,,Garza,Member,,,,,0,,,,,,,
62897,103226368,ED135B85-3F5D-4342-8677-4A0A3B2A60FE,Rankin County Hospital District,2026,BrdMem,,Linda,,Dusek,Secretary,,,,,0,,,,,,,
62898,103226368,ED135B85-3F5D-4342-8677-4A0A3B2A60FE,Rankin County Hospital District,2026,BrdMem,,Wilson,,Marshall,Member,,,,,0,,,,,,,
64167,103226389,6AEC29A4-1A67-43E6-A04A-6A2A44F30895,Frio Hospital District,2018,BrdMem,,David,,Petty,Member,,,,,0,,,,,,,
64168,103226389,6AEC29A4-1A67-43E6-A04A-6A2A44F30895,Frio Hospital District,2018,BrdMem,,Jason,,Surles,Member,,,,,0,,,,,,,
64169,103226389,6AEC29A4-1A67-43E6-A04A-6A2A44F30895,Frio Hospital District,2018,BrdMem,,Sylvia,,Perez,Member,,,,,0,,,,,,,
64170,103226389,6AEC29A4-1A67-43E6-A04A-6A2A44F30895,Frio Hospital District,2018,BrdMem,,Victor,,Vinton,Member,,,,,0,,,,,,,
64171,103226389,6AEC29A4-1A67-43E6-A04A-6A2A44F30895,Frio Hospital District,2018,BrdMem,,Steve,,Beever,Member,,,,,0,,,,,,,
64172,103226389,6AEC29A4-1A67-43E6-A04A-6A2A44F30895,Frio Hospital District,2018,BrdMem,,Billy,,Neal,Secretary,,,,,0,,,,,,,
64173,103226389,6AEC29A4-1A67-43E6-A04A-6A2A44F30895,Frio Hospital District,2018,BrdMem,,Fred,,Lancaster,President,,,,,0,,,,,,,
64174,103226389,6AEC29A4-1A67-43E6-A04A-6A2A44F30895,Frio Hospital District,2018,BrdMem,,Danny,,Pawlik,Vice President,,,,,0,,,,,,,
64175,103226389,6AEC29A4-1A67-43E6-A04A-6A2A44F30895,Frio Hospital District,2018,BrdMem,,Norman,,Martinez,Member,,,,,0,,,,,,,
64179,103226389,7B5B6662-4D24-4D8F-B8B2-E963DBC4A8F8,Frio Hospital District,2019,BrdMem,,Norman,,Martinez,Member,,,,,0,,,,,,,
64180,103226389,7B5B6662-4D24-4D8F-B8B2-E963DBC4A8F8,Frio Hospital District,2019,BrdMem,,Steve,,Beever,Member,,,,,0,,,,,,,
64181,103226389,7B5B6662-4D24-4D8F-B8B2-E963DBC4A8F8,Frio Hospital District,2019,BrdMem,,Billy,,Neal,Secretary,,,,,0,,,,,,,
64182,103226389,7B5B6662-4D24-4D8F-B8B2-E963DBC4A8F8,Frio Hospital District,2019,BrdMem,,Jason,,Surles,Member,,,,,0,,,,,,,
64183,103226389,7B5B6662-4D24-4D8F-B8B2-E963DBC4A8F8,Frio Hospital District,2019,BrdMem,,Victor,,Vinton,Member,,,,,0,,,,,,,
64184,103226389,7B5B6662-4D24-4D8F-B8B2-E963DBC4A8F8,Frio Hospital District,2019,BrdMem,,Sylvia,,Perez,Member,,,,,0,,,,,,,
64185,103226389,7B5B6662-4D24-4D8F-B8B2-E963DBC4A8F8,Frio Hospital District,2019,BrdMem,,Danny,,Pawlik,Vice President,,,,,0,,,,,,,
64186,103226389,7B5B6662-4D24-4D8F-B8B2-E963DBC4A8F8,Frio Hospital District,2019,BrdMem,,Fred,,Lancaster,President,,,,,0,,,,,,,
64187,103226389,7B5B6662-4D24-4D8F-B8B2-E963DBC4A8F8,Frio Hospital District,2019,BrdMem,,David,,Petty,Member,,,,,0,,,,,,,
64191,103226389,4427184C-242D-4842-9D1C-2849D3558C74,Frio Hospital District,2020,BrdMem,,Sylvia,,Perez,Member,,,,,0,,,,,,,
64192,103226389,4427184C-242D-4842-9D1C-2849D3558C74,Frio Hospital District,2020,BrdMem,,Danny,,Pawlik,Vice President,,,,,0,,,,,,,
64193,103226389,4427184C-242D-4842-9D1C-2849D3558C74,Frio Hospital District,2020,BrdMem,,Billie,,Heiser,Member,,,,,0,,,,,,,
64194,103226389,4427184C-242D-4842-9D1C-2849D3558C74,Frio Hospital District,2020,BrdMem,,Steve,,Beever,Member,,,,,0,,,,,,,
64195,103226389,4427184C-242D-4842-9D1C-2849D3558C74,Frio Hospital District,2020,BrdMem,,Fred,,Lancaster,President,,,,,0,,,,,,,
64196,103226389,4427184C-242D-4842-9D1C-2849D3558C74,Frio Hospital District,2020,BrdMem,,David,,Petty,Member,,,,,0,,,,,,,
64197,103226389,4427184C-242D-4842-9D1C-2849D3558C74,Frio Hospital District,2020,BrdMem,,Victor,,Vinton,Member,,,,,0,,,,,,,
64198,103226389,4427184C-242D-4842-9D1C-2849D3558C74,Frio Hospital District,2020,BrdMem,,Jason,,Surles,Secretary,,,,,0,,,,,,,
64199,103226389,4427184C-242D-4842-9D1C-2849D3558C74,Frio Hospital District,2020,BrdMem,,Norman,,Martinez,Member,,,,,0,,,,,,,
64203,103226389,2D211A29-2DDE-4E11-BFBA-0023C45398E9,Frio Hospital District,2021,BrdMem,,Jason,,Surles,Secretary,,,,,0,,,,,,,
64204,103226389,2D211A29-2DDE-4E11-BFBA-0023C45398E9,Frio Hospital District,2021,BrdMem,,Sylvia,,Perez,Member,,,,,0,,,,,,,
64205,103226389,2D211A29-2DDE-4E11-BFBA-0023C45398E9,Frio Hospital District,2021,BrdMem,,Norman,,Martinez,Member,,,,,0,,,,,,,
64206,103226389,2D211A29-2DDE-4E11-BFBA-0023C45398E9,Frio Hospital District,2021,BrdMem,,Billie,,Heiser,Member,,,,,0,,,,,,,
64207,103226389,2D211A29-2DDE-4E11-BFBA-0023C45398E9,Frio Hospital District,2021,BrdMem,,Victor,,Vinton,Vice President,,,,,0,,,,,,,
64208,103226389,2D211A29-2DDE-4E11-BFBA-0023C45398E9,Frio Hospital District,2021,BrdMem,,David,,Petty,Member,,,,,0,,,,,,,
64209,103226389,2D211A29-2DDE-4E11-BFBA-0023C45398E9,Frio Hospital District,2021,BrdMem,,Mary Jo,,Wilson,Member,,,,,0,,,,,,,
64210,103226389,2D211A29-2DDE-4E11-BFBA-0023C45398E9,Frio Hospital District,2021,BrdMem,,Danny,,Pawlik,President,,,,,0,,,,,,,
64211,103226389,2D211A29-2DDE-4E11-BFBA-0023C45398E9,Frio Hospital District,2021,BrdMem,,Steve,,Beever,Member,,,,,0,,,,,,,
64215,103226389,DCD69179-68C3-42B7-AB2C-99C2DEC2E309,Frio Hospital District,2022,BrdMem,,Danny,,Pawlik,President,,,,,0,,,,,,,
64216,103226389,DCD69179-68C3-42B7-AB2C-99C2DEC2E309,Frio Hospital District,2022,BrdMem,,Victor,,Vinton,Vice President,,,,,0,,,,,,,
64217,103226389,DCD69179-68C3-42B7-AB2C-99C2DEC2E309,Frio Hospital District,2022,BrdMem,,Norman,,Martinez,Member,,,,,0,,,,,,,
64218,103226389,DCD69179-68C3-42B7-AB2C-99C2DEC2E309,Frio Hospital District,2022,BrdMem,,Billie,,Heiser,Member,,,,,0,,,,,,,
64219,103226389,DCD69179-68C3-42B7-AB2C-99C2DEC2E309,Frio Hospital District,2022,BrdMem,,Ronny,,Petty,Member,,,,,0,,,,,,,
64220,103226389,DCD69179-68C3-42B7-AB2C-99C2DEC2E309,Frio Hospital District,2022,BrdMem,,Debbie,,Gonzales,Member,,,,,0,,,,,,,
64221,103226389,DCD69179-68C3-42B7-AB2C-99C2DEC2E309,Frio Hospital District,2022,BrdMem,,Jason,,Surles,Secretary,,,,,0,,,,,,,
64222,103226389,DCD69179-68C3-42B7-AB2C-99C2DEC2E309,Frio Hospital District,2022,BrdMem,,Steve,,Beever,Member,,,,,0,,,,,,,
64223,103226389,DCD69179-68C3-42B7-AB2C-99C2DEC2E309,Frio Hospital District,2022,BrdMem,,Mary Jo,,Wilson,Member,,,,,0,,,,,,,
64227,103226389,7086029F-923B-4D6F-8466-50F2CF7333C8,Frio Hospital District,2023,BrdMem,,Steve,,Beever,Member,,,,,0,,,,,,,
64228,103226389,7086029F-923B-4D6F-8466-50F2CF7333C8,Frio Hospital District,2023,BrdMem,,Jason,,Surles,Secretary,,,,,0,,,,,,,
64229,103226389,7086029F-923B-4D6F-8466-50F2CF7333C8,Frio Hospital District,2023,BrdMem,,Billie,,Heiser,Member,,,,,0,,,,,,,
64230,103226389,7086029F-923B-4D6F-8466-50F2CF7333C8,Frio Hospital District,2023,BrdMem,,Danny,,Pawlik,President,,,,,0,,,,,,,
64231,103226389,7086029F-923B-4D6F-8466-50F2CF7333C8,Frio Hospital District,2023,BrdMem,,Sylvia,,Perez,Member,,,,,0,,,,,,,
64232,103226389,7086029F-923B-4D6F-8466-50F2CF7333C8,Frio Hospital District,2023,BrdMem,,Norman,,Martinez,Member,,,,,0,,,,,,,
64233,103226389,7086029F-923B-4D6F-8466-50F2CF7333C8,Frio Hospital District,2023,BrdMem,,Victor,,Vinton,Vice President,,,,,0,,,,,,,
64234,103226389,7086029F-923B-4D6F-8466-50F2CF7333C8,Frio Hospital District,2023,BrdMem,,Ronny,,Petty,Member,,,,,0,,,,,,,
64235,103226389,7086029F-923B-4D6F-8466-50F2CF7333C8,Frio Hospital District,2023,BrdMem,,Mary Jo,,Wilson,Member,,,,,0,,,,,,,
64239,103226389,82477223-92F6-46CB-A811-C2E97EFE6E20,Frio Hospital District,2024,BrdMem,,Robert,,Hinnant,Member,,,,,0,,,,,,,
64240,103226389,82477223-92F6-46CB-A811-C2E97EFE6E20,Frio Hospital District,2024,BrdMem,,Joe,,Hines,Member,,,,,0,,,,,,,
64241,103226389,82477223-92F6-46CB-A811-C2E97EFE6E20,Frio Hospital District,2024,BrdMem,,Danny,,Pawlik,President,,,,,0,,,,,,,
64242,103226389,82477223-92F6-46CB-A811-C2E97EFE6E20,Frio Hospital District,2024,BrdMem,,Mary Jo,,Wilson,Member,,,,,0,,,,,,,
64243,103226389,82477223-92F6-46CB-A811-C2E97EFE6E20,Frio Hospital District,2024,BrdMem,,Billie,,Heiser,Member,,,,,0,,,,,,,
64244,103226389,82477223-92F6-46CB-A811-C2E97EFE6E20,Frio Hospital District,2024,BrdMem,,Victor,,Vinton,Vice President,,,,,0,,,,,,,
64245,103226389,82477223-92F6-46CB-A811-C2E97EFE6E20,Frio Hospital District,2024,BrdMem,,Jason,,Surles,Secretary,,,,,0,,,,,,,
64246,103226389,82477223-92F6-46CB-A811-C2E97EFE6E20,Frio Hospital District,2024,BrdMem,,Sylvia,,Perez,Member,,,,,0,,,,,,,
64247,103226389,82477223-92F6-46CB-A811-C2E97EFE6E20,Frio Hospital District,2024,BrdMem,,Steve,,Beever,Member,,,,,0,,,,,,,
64251,103226389,2EDB0DB5-2850-4277-8A55-04B8A10991DB,Frio Hospital District,2025,BrdMem,,Joe,,Hines,Member,,,,,0,,,,,,,
64252,103226389,2EDB0DB5-2850-4277-8A55-04B8A10991DB,Frio Hospital District,2025,BrdMem,,Billie,,Heiser,Member,,,,,0,,,,,,,
64253,103226389,2EDB0DB5-2850-4277-8A55-04B8A10991DB,Frio Hospital District,2025,BrdMem,,Steve,,Beever,Member,,,,,0,,,,,,,
64254,103226389,2EDB0DB5-2850-4277-8A55-04B8A10991DB,Frio Hospital District,2025,BrdMem,,Debbie,,Gonzales,Member,,,,,0,,,,,,,
64255,103226389,2EDB0DB5-2850-4277-8A55-04B8A10991DB,Frio Hospital District,2025,BrdMem,,Danny,,Pawlik,President,,,,,0,,,,,,,
64256,103226389,2EDB0DB5-2850-4277-8A55-04B8A10991DB,Frio Hospital District,2025,BrdMem,,Robert,,Hinnant,Member,,,,,0,,,,,,,
64257,103226389,2EDB0DB5-2850-4277-8A55-04B8A10991DB,Frio Hospital District,2025,BrdMem,,Victor,,Vinton,Vice President,,,,,0,,,,,,,
64258,103226389,2EDB0DB5-2850-4277-8A55-04B8A10991DB,Frio Hospital District,2025,BrdMem,,Mary Jo,,Wilson,Member,,,,,0,,,,,,,
64259,103226389,2EDB0DB5-2850-4277-8A55-04B8A10991DB,Frio Hospital District,2025,BrdMem,,Jason,,Surles,Secretary,,,,,0,,,,,,,
64263,103226389,692684CA-C16E-4FA1-B1A3-1EA341269F51,Frio Hospital District,2026,BrdMem,,Danny,,Pawlik,President,,,,,0,,,,,,,
64264,103226389,692684CA-C16E-4FA1-B1A3-1EA341269F51,Frio Hospital District,2026,BrdMem,,Billie,,Heiser,Member,,,,,0,,,,,,,
64265,103226389,692684CA-C16E-4FA1-B1A3-1EA341269F51,Frio Hospital District,2026,BrdMem,,Victor,,Vinton,Vice President,,,,,0,,,,,,,
64266,103226389,692684CA-C16E-4FA1-B1A3-1EA341269F51,Frio Hospital District,2026,BrdMem,,Jason,,Surles,Secretary,,,,,0,,,,,,,
64267,103226389,692684CA-C16E-4FA1-B1A3-1EA341269F51,Frio Hospital District,2026,BrdMem,,Gabriel,,Mainez,Director,,,,,0,,,,,,,
64268,103226389,692684CA-C16E-4FA1-B1A3-1EA341269F51,Frio Hospital District,2026,BrdMem,,Steve,,Beever,Member,,,,,0,,,,,,,
64269,103226389,692684CA-C16E-4FA1-B1A3-1EA341269F51,Frio Hospital District,2026,BrdMem,,Daniel,,Mosley,Director,,,,,0,,,,,,,
64270,103226389,692684CA-C16E-4FA1-B1A3-1EA341269F51,Frio Hospital District,2026,BrdMem,,Robert,,Hinnant,Member,,,,,0,,,,,,,
64271,103226389,692684CA-C16E-4FA1-B1A3-1EA341269F51,Frio Hospital District,2026,BrdMem,,Mary Jo,,Wilson,Member,,,,,0,,,,,,,
64754,103226395,5C931EF3-3EA2-4678-990C-7275E8B32429,Concho County Hospital,2018,BrdMem,,ANSELMO,,HERNANDEZ,VICE PRESIDENT,,,,,0,,,,,,,
64755,103226395,5C931EF3-3EA2-4678-990C-7275E8B32429,Concho County Hospital,2018,BrdMem,,HEATHER,,MCCULLOCH,SECRETARY TREASURER,,,,,0,,,,,,,
64756,103226395,5C931EF3-3EA2-4678-990C-7275E8B32429,Concho County Hospital,2018,BrdMem,,ERIC,,SANDERS,MEMBER,,,,,0,,,,,,,
64757,103226395,5C931EF3-3EA2-4678-990C-7275E8B32429,Concho County Hospital,2018,BrdMem,,LEAH,,BROSIG,MEMBER,,,,,0,,,,,,,
64758,103226395,5C931EF3-3EA2-4678-990C-7275E8B32429,Concho County Hospital,2018,BrdMem,,JULIE,,COX,MEMBER,,,,,0,,,,,,,
64759,103226395,5C931EF3-3EA2-4678-990C-7275E8B32429,Concho County Hospital,2018,BrdMem,,KYAN,,KIRBY,MEMBER,,,,,0,,,,,,,
64760,103226395,5C931EF3-3EA2-4678-990C-7275E8B32429,Concho County Hospital,2018,BrdMem,,JONATHAN,,FRAZIER,PRESIDENT,,,,,0,,,,,,,
64764,103226395,B896ACA6-1ADF-4DE7-AA17-FF0714C342DC,Concho County Hospital,2019,BrdMem,,JONATHAN,,FRAZIER,PRESIDENT,,,,,0,,,,,,,
64765,103226395,B896ACA6-1ADF-4DE7-AA17-FF0714C342DC,Concho County Hospital,2019,BrdMem,,ERIC,,SANDERS,MEMBER,,,,,0,,,,,,,
64766,103226395,B896ACA6-1ADF-4DE7-AA17-FF0714C342DC,Concho County Hospital,2019,BrdMem,,RICHARD,,DOANE,MEMBER,,,,,0,,,,,,,
64767,103226395,B896ACA6-1ADF-4DE7-AA17-FF0714C342DC,Concho County Hospital,2019,BrdMem,,HEATHER,,MCCULLOCH,SECRETARY TREASURER,,,,,0,,,,,,,
64768,103226395,B896ACA6-1ADF-4DE7-AA17-FF0714C342DC,Concho County Hospital,2019,BrdMem,,JULIE,,COX,MEMBER,,,,,0,,,,,,,
64769,103226395,B896ACA6-1ADF-4DE7-AA17-FF0714C342DC,Concho County Hospital,2019,BrdMem,,ANSELMO,,HERNANDEZ,MEMBER,,,,,0,,,,,,,
64770,103226395,B896ACA6-1ADF-4DE7-AA17-FF0714C342DC,Concho County Hospital,2019,BrdMem,,LEAH,,BROSIG,VICE PRESIDENT,,,,,0,,,,,,,
64774,103226395,3044215A-5CE1-4DC2-8C65-2B823A2B345E,Concho County Hospital,2020,BrdMem,,LEAH,,BROSIG,VICE PRESIDENT,,,,,0,,,,,,,
64775,103226395,3044215A-5CE1-4DC2-8C65-2B823A2B345E,Concho County Hospital,2020,BrdMem,,JONATHAN,,FRAZIER,PRESIDENT,,,,,0,,,,,,,
64776,103226395,3044215A-5CE1-4DC2-8C65-2B823A2B345E,Concho County Hospital,2020,BrdMem,,RICHARD,,DOANE,MEMBER,,,,,0,,,,,,,
64777,103226395,3044215A-5CE1-4DC2-8C65-2B823A2B345E,Concho County Hospital,2020,BrdMem,,RICKY,,THOMAS,MEMBER,,,,,0,,,,,,,
64778,103226395,3044215A-5CE1-4DC2-8C65-2B823A2B345E,Concho County Hospital,2020,BrdMem,,ERIC,,SANDERS,SECRETARY TREASURER,,,,,0,,,,,,,
64779,103226395,3044215A-5CE1-4DC2-8C65-2B823A2B345E,Concho County Hospital,2020,BrdMem,,JULIE,,COX,MEMBER,,,,,0,,,,,,,
64780,103226395,3044215A-5CE1-4DC2-8C65-2B823A2B345E,Concho County Hospital,2020,BrdMem,,MARY,,CASTANUELA,MEMBER,,,,,0,,,,,,,
64784,103226395,5418BF9B-D62F-4842-9ACD-D509ED1A8416,Concho County Hospital,2021,BrdMem,,MARY,,CASTANUELA,MEMBER,,,,,0,,,,,,,
64785,103226395,5418BF9B-D62F-4842-9ACD-D509ED1A8416,Concho County Hospital,2021,BrdMem,,LEAH,,BROSIG,VICE PRESIDENT,,,,,0,,,,,,,
64786,103226395,5418BF9B-D62F-4842-9ACD-D509ED1A8416,Concho County Hospital,2021,BrdMem,,DONNA,,MAGILL,MEMBER,,,,,0,,,,,,,
64787,103226395,5418BF9B-D62F-4842-9ACD-D509ED1A8416,Concho County Hospital,2021,BrdMem,,JONATHAN,,FRAZIER,PRESIDENT,,,,,0,,,,,,,
64788,103226395,5418BF9B-D62F-4842-9ACD-D509ED1A8416,Concho County Hospital,2021,BrdMem,,RICKY,,THOMAS,MEMBER,,,,,0,,,,,,,
64789,103226395,5418BF9B-D62F-4842-9ACD-D509ED1A8416,Concho County Hospital,2021,BrdMem,,RICHARD,,DOANE,MEMBER,,,,,0,,,,,,,
64790,103226395,5418BF9B-D62F-4842-9ACD-D509ED1A8416,Concho County Hospital,2021,BrdMem,,ERIC,,SANDERS,SECRETARY TREASURER,,,,,0,,,,,,,
64794,103226395,42C4257F-975B-4EA7-AD66-70288214D81E,Concho County Hospital,2022,BrdMem,,DONNA,,MAGILL,MEMBER,,,,,0,,,,,,,
64795,103226395,42C4257F-975B-4EA7-AD66-70288214D81E,Concho County Hospital,2022,BrdMem,,ERIC,,SANDERS,SECRETARY TREASURER,,,,,0,,,,,,,
64796,103226395,42C4257F-975B-4EA7-AD66-70288214D81E,Concho County Hospital,2022,BrdMem,,JONATHAN,,FRAZIER,PRESIDENT,,,,,0,,,,,,,
64797,103226395,42C4257F-975B-4EA7-AD66-70288214D81E,Concho County Hospital,2022,BrdMem,,ANITA,,AGUILAR,MEMBER,,,,,0,,,,,,,
64798,103226395,42C4257F-975B-4EA7-AD66-70288214D81E,Concho County Hospital,2022,BrdMem,,RICHARD,,DOANE,MEMBER,,,,,0,,,,,,,
64799,103226395,42C4257F-975B-4EA7-AD66-70288214D81E,Concho County Hospital,2022,BrdMem,,LEAH,,BROSIG,VICE PRESIDENT,,,,,0,,,,,,,
64800,103226395,42C4257F-975B-4EA7-AD66-70288214D81E,Concho County Hospital,2022,BrdMem,,WADE,,ELLISON,MEMBER,,,,,0,,,,,,,
64804,103226395,F487B6D2-1296-497B-9CA0-D1200E5FCC0D,Concho County Hospital,2023,BrdMem,,JONATHAN BRENT,,FRAZIER,VICE PRESIDENT,,,,,0,,,,,,,
64805,103226395,F487B6D2-1296-497B-9CA0-D1200E5FCC0D,Concho County Hospital,2023,BrdMem,,DONNA,,MAGILL,SECRETARY TREASURER,,,,,0,,,,,,,
64806,103226395,F487B6D2-1296-497B-9CA0-D1200E5FCC0D,Concho County Hospital,2023,BrdMem,,RICHARD,,DOANE,MEMBER,,,,,0,,,,,,,
64807,103226395,F487B6D2-1296-497B-9CA0-D1200E5FCC0D,Concho County Hospital,2023,BrdMem,,ANITA,,AGUILAR,MEMBER,,,,,0,,,,,,,
64808,103226395,F487B6D2-1296-497B-9CA0-D1200E5FCC0D,Concho County Hospital,2023,BrdMem,,LEAH,,BROSIG,PRESIDENT,,,,,0,,,,,,,
64809,103226395,F487B6D2-1296-497B-9CA0-D1200E5FCC0D,Concho County Hospital,2023,BrdMem,,WADE,,ELLISON,MEMBER,,,,,0,,,,,,,
64813,103226395,D7392AFD-F59A-4657-913F-589A934F8FF4,Concho County Hospital,2024,BrdMem,,ROSA,,SCHREIBER,MEMBER,,,,,0,,,,,,,
64814,103226395,D7392AFD-F59A-4657-913F-589A934F8FF4,Concho County Hospital,2024,BrdMem,,JONATHAN BRENT,,FRAZIER,VICE PRESIDENT,,,,,0,,,,,,,
64815,103226395,D7392AFD-F59A-4657-913F-589A934F8FF4,Concho County Hospital,2024,BrdMem,,DONNA,,MAGILL,SECRETARY TREASURER,,,,,0,,,,,,,
64816,103226395,D7392AFD-F59A-4657-913F-589A934F8FF4,Concho County Hospital,2024,BrdMem,,ANITA,,AGUILAR,PRESIDENT,,,,,0,,,,,,,
64817,103226395,D7392AFD-F59A-4657-913F-589A934F8FF4,Concho County Hospital,2024,BrdMem,,BRANDI,,GLORIA,MEMBER,,,,,0,,,,,,,
64818,103226395,D7392AFD-F59A-4657-913F-589A934F8FF4,Concho County Hospital,2024,BrdMem,,JAMES,,RANNEFELD,MEMBER,,,,,0,,,,,,,
64819,103226395,D7392AFD-F59A-4657-913F-589A934F8FF4,Concho County Hospital,2024,BrdMem,,ELIZABETH,,EURESTE,MEMBER,,,,,0,,,,,,,
68527,103226443,E25C9986-8E83-4B84-80F4-B370DE5D9FC8,Lynn County Hospital District,2018,BrdMem,,Sharon,,Isham,Mrs.,,,,,0,,,,,,,
68528,103226443,E25C9986-8E83-4B84-80F4-B370DE5D9FC8,Lynn County Hospital District,2018,BrdMem,,Manuel,,Deleon,Mr.,,,,,0,,,,,,,
68529,103226443,E25C9986-8E83-4B84-80F4-B370DE5D9FC8,Lynn County Hospital District,2018,BrdMem,,Jannis,,Childress,President,,,,,0,,,,,,,
68530,103226443,E25C9986-8E83-4B84-80F4-B370DE5D9FC8,Lynn County Hospital District,2018,BrdMem,,Mary Gayle,,Raindl,MS.,,,,,0,,,,,,,
68531,103226443,E25C9986-8E83-4B84-80F4-B370DE5D9FC8,Lynn County Hospital District,2018,BrdMem,,Calloway,,Huffaker,Mr.,,,,,0,,,,,,,
68532,103226443,E25C9986-8E83-4B84-80F4-B370DE5D9FC8,Lynn County Hospital District,2018,BrdMem,,Della,,Swartz,Mrs.,,,,,0,,,,,,,
68533,103226443,E25C9986-8E83-4B84-80F4-B370DE5D9FC8,Lynn County Hospital District,2018,BrdMem,,Robbie,,Autry,Mr.,,,,,0,,,,,,,
68537,103226443,3E2FDB39-738E-47B6-A046-2DB31649FD13,Lynn County Hospital District,2020,BrdMem,,Jana,,Bishop,Mrs.,,,,,0,,,,,,,
68538,103226443,3E2FDB39-738E-47B6-A046-2DB31649FD13,Lynn County Hospital District,2020,BrdMem,,Edward,,Smith,President,,,,,0,,,,,,,
68539,103226443,3E2FDB39-738E-47B6-A046-2DB31649FD13,Lynn County Hospital District,2020,BrdMem,,Mary Gayle,,Raindl,MS.,,,,,0,,,,,,,
68540,103226443,3E2FDB39-738E-47B6-A046-2DB31649FD13,Lynn County Hospital District,2020,BrdMem,,Connie,,Donald,Mrs.,,,,,0,,,,,,,
68541,103226443,3E2FDB39-738E-47B6-A046-2DB31649FD13,Lynn County Hospital District,2020,BrdMem,,Calloway,,Huffaker,Mr.,,,,,0,,,,,,,
68542,103226443,3E2FDB39-738E-47B6-A046-2DB31649FD13,Lynn County Hospital District,2020,BrdMem,,Sharon,,Isham,Mrs.,,,,,0,,,,,,,
68543,103226443,3E2FDB39-738E-47B6-A046-2DB31649FD13,Lynn County Hospital District,2020,BrdMem,,Manuel,,Deleon,Mr.,,,,,0,,,,,,,
68547,103226443,34ED45F4-068E-4AB7-A615-3C8895CC219E,Lynn County Hospital District,2021,BrdMem,,Edward,,Smith,Mr.,,,,,0,,,,,,,
68548,103226443,34ED45F4-068E-4AB7-A615-3C8895CC219E,Lynn County Hospital District,2021,BrdMem,,Manuel,,Deleon,Mr.,,,,,0,,,,,,,
68549,103226443,34ED45F4-068E-4AB7-A615-3C8895CC219E,Lynn County Hospital District,2021,BrdMem,,Sharon,,Isham,Mrs.,,,,,0,,,,,,,
68550,103226443,34ED45F4-068E-4AB7-A615-3C8895CC219E,Lynn County Hospital District,2021,BrdMem,,Connie,,Donald,Mrs.,,,,,0,,,,,,,
68551,103226443,34ED45F4-068E-4AB7-A615-3C8895CC219E,Lynn County Hospital District,2021,BrdMem,,Mary Gayle,,Raindl,MS.,,,,,0,,,,,,,
68552,103226443,34ED45F4-068E-4AB7-A615-3C8895CC219E,Lynn County Hospital District,2021,BrdMem,,Jana,,Bishop,Mrs.,,,,,0,,,,,,,
68553,103226443,34ED45F4-068E-4AB7-A615-3C8895CC219E,Lynn County Hospital District,2021,BrdMem,,Calloway,,Huffaker,President,,,,,0,,,,,,,
68557,103226443,2DFBB792-3819-4E0D-96A5-4EDFCC93D18B,Lynn County Hospital District,2022,BrdMem,,Edward,,Smith,Mr.,,,,,0,,,,,,,
68558,103226443,2DFBB792-3819-4E0D-96A5-4EDFCC93D18B,Lynn County Hospital District,2022,BrdMem,,Mary Gayle,,Raindl,MS.,,,,,0,,,,,,,
68559,103226443,2DFBB792-3819-4E0D-96A5-4EDFCC93D18B,Lynn County Hospital District,2022,BrdMem,,Jana,,Bishop,Mrs.,,,,,0,,,,,,,
68560,103226443,2DFBB792-3819-4E0D-96A5-4EDFCC93D18B,Lynn County Hospital District,2022,BrdMem,,Sharon,,Isham,Mrs.,,,,,0,,,,,,,
68561,103226443,2DFBB792-3819-4E0D-96A5-4EDFCC93D18B,Lynn County Hospital District,2022,BrdMem,,Calloway,,Huffaker,President,,,,,0,,,,,,,
68562,103226443,2DFBB792-3819-4E0D-96A5-4EDFCC93D18B,Lynn County Hospital District,2022,BrdMem,,Manuel,,Deleon,Mr.,,,,,0,,,,,,,
68563,103226443,2DFBB792-3819-4E0D-96A5-4EDFCC93D18B,Lynn County Hospital District,2022,BrdMem,,Connie,,Donald,Mrs.,,,,,0,,,,,,,
68567,103226443,56546E30-18CA-4792-AC5A-6B9BEC84C299,Lynn County Hospital District,2025,BrdMem,,Sarah,,Cook,Mrs.,,,,,0,,,,,,,
68568,103226443,56546E30-18CA-4792-AC5A-6B9BEC84C299,Lynn County Hospital District,2025,BrdMem,,Calloway,,Huffaker,President,,,,,0,,,,,,,
68569,103226443,56546E30-18CA-4792-AC5A-6B9BEC84C299,Lynn County Hospital District,2025,BrdMem,,Jenny,,McLelland,Mrs.,,,,,0,,,,,,,
68570,103226443,56546E30-18CA-4792-AC5A-6B9BEC84C299,Lynn County Hospital District,2025,BrdMem,,Julie,,Bass,Mrs.,,,,,0,,,,,,,
68571,103226443,56546E30-18CA-4792-AC5A-6B9BEC84C299,Lynn County Hospital District,2025,BrdMem,,Mary Gayle,,Raindl,MS.,,,,,0,,,,,,,
68572,103226443,56546E30-18CA-4792-AC5A-6B9BEC84C299,Lynn County Hospital District,2025,BrdMem,,Mike,,Rivas,Mr.,,,,,0,,,,,,,
68573,103226443,56546E30-18CA-4792-AC5A-6B9BEC84C299,Lynn County Hospital District,2025,BrdMem,,Jana,,Bishop,Mrs.,,,,,0,,,,,,,
68577,103226443,12CD882A-B65F-40ED-8204-88C28D75D491,Lynn County Hospital District,2026,BrdMem,,Mary Gayle,,Raindl,MS.,,,,,0,,,,,,,
68578,103226443,12CD882A-B65F-40ED-8204-88C28D75D491,Lynn County Hospital District,2026,BrdMem,,Jana,,Bishop,Mrs.,,,,,0,,,,,,,
68579,103226443,12CD882A-B65F-40ED-8204-88C28D75D491,Lynn County Hospital District,2026,BrdMem,,Calloway,,Huffaker,President,,,,,0,,,,,,,
68580,103226443,12CD882A-B65F-40ED-8204-88C28D75D491,Lynn County Hospital District,2026,BrdMem,,Mike,,Rivas,Mr.,,,,,0,,,,,,,
68581,103226443,12CD882A-B65F-40ED-8204-88C28D75D491,Lynn County Hospital District,2026,BrdMem,,Julie,,Bass,Mrs.,,,,,0,,,,,,,
68582,103226443,12CD882A-B65F-40ED-8204-88C28D75D491,Lynn County Hospital District,2026,BrdMem,,Jenny,,McLelland,Mrs.,,,,,0,,,,,,,
68583,103226443,12CD882A-B65F-40ED-8204-88C28D75D491,Lynn County Hospital District,2026,BrdMem,,Sarah,,Cook,Mrs.,,,,,0,,,,,,,
69376,103226456,E915C59B-B131-456A-BDDA-3C9A4B8A6608,Fisher County Hospital District,2018,BrdMem,,Glynetta,,Callan,Member,,,,,0,,,,,,,
69377,103226456,E915C59B-B131-456A-BDDA-3C9A4B8A6608,Fisher County Hospital District,2018,BrdMem,,Terry,,Coker,Member,,,,,0,,,,,,,
69378,103226456,E915C59B-B131-456A-BDDA-3C9A4B8A6608,Fisher County Hospital District,2018,BrdMem,,Linda,,Deen,President,,,,,0,,,,,,,
69379,103226456,E915C59B-B131-456A-BDDA-3C9A4B8A6608,Fisher County Hospital District,2018,BrdMem,,CleDon,,Coffman,Member,,,,,0,,,,,,,
69380,103226456,E915C59B-B131-456A-BDDA-3C9A4B8A6608,Fisher County Hospital District,2018,BrdMem,,Beverly,,Rister,V-President,,,,,0,,,,,,,
69384,103226456,D4EA7DDB-9923-4E4C-9000-A513BEB48CCD,Fisher County Hospital District,2019,BrdMem,,Glynetta,,Callan,Member,,,,,0,,,,,,,
69385,103226456,D4EA7DDB-9923-4E4C-9000-A513BEB48CCD,Fisher County Hospital District,2019,BrdMem,,Beverly,,Rister,V-President,,,,,0,,,,,,,
69386,103226456,D4EA7DDB-9923-4E4C-9000-A513BEB48CCD,Fisher County Hospital District,2019,BrdMem,,Terry,,Coker,Member,,,,,0,,,,,,,
69387,103226456,D4EA7DDB-9923-4E4C-9000-A513BEB48CCD,Fisher County Hospital District,2019,BrdMem,,Sarah,,McLen,Member,,,,,0,,,,,,,
69388,103226456,D4EA7DDB-9923-4E4C-9000-A513BEB48CCD,Fisher County Hospital District,2019,BrdMem,,CleDon,,Coffman,President,,,,,0,,,,,,,
69392,103226456,6BD9710D-CFD7-4EF9-8020-9EC6A25A80FA,Fisher County Hospital District,2020,BrdMem,,Glynetta,,Callan,Member,,,,,0,,,,,,,
69393,103226456,6BD9710D-CFD7-4EF9-8020-9EC6A25A80FA,Fisher County Hospital District,2020,BrdMem,,Terry,,Coker,Member,,,,,0,,,,,,,
69394,103226456,6BD9710D-CFD7-4EF9-8020-9EC6A25A80FA,Fisher County Hospital District,2020,BrdMem,,CleDon,,Coffman,President,,,,,0,,,,,,,
69395,103226456,6BD9710D-CFD7-4EF9-8020-9EC6A25A80FA,Fisher County Hospital District,2020,BrdMem,,Sarah,,McLen,Vice-President,,,,,0,,,,,,,
69396,103226456,6BD9710D-CFD7-4EF9-8020-9EC6A25A80FA,Fisher County Hospital District,2020,BrdMem,,Beverly,,Rister,Member,,,,,0,,,,,,,
69400,103226456,85AE6108-D72E-4907-A8AF-7F92B6F879D8,Fisher County Hospital District,2021,BrdMem,,Sarah,,McLen,Vice-President,,,,,0,,,,,,,
69401,103226456,85AE6108-D72E-4907-A8AF-7F92B6F879D8,Fisher County Hospital District,2021,BrdMem,,Glynetta,,Callan,Member,,,,,0,,,,,,,
69402,103226456,85AE6108-D72E-4907-A8AF-7F92B6F879D8,Fisher County Hospital District,2021,BrdMem,,Terry,,Coker,Member,,,,,0,,,,,,,
69403,103226456,85AE6108-D72E-4907-A8AF-7F92B6F879D8,Fisher County Hospital District,2021,BrdMem,,CleDon,,Coffman,President,,,,,0,,,,,,,
69404,103226456,85AE6108-D72E-4907-A8AF-7F92B6F879D8,Fisher County Hospital District,2021,BrdMem,,Beverly,,Rister,Member,,,,,0,,,,,,,
69408,103226456,EDDDA861-860A-413C-AD44-E606726BFB70,Fisher County Hospital District,2022,BrdMem,,Sarah,,McLen,Vice-President,,,,,0,,,,,,,
69409,103226456,EDDDA861-860A-413C-AD44-E606726BFB70,Fisher County Hospital District,2022,BrdMem,,Beverly,,Rister,Member,,,,,0,,,,,,,
69410,103226456,EDDDA861-860A-413C-AD44-E606726BFB70,Fisher County Hospital District,2022,BrdMem,,CleDon,,Coffman,President,,,,,0,,,,,,,
69411,103226456,EDDDA861-860A-413C-AD44-E606726BFB70,Fisher County Hospital District,2022,BrdMem,,Glynetta,,Callan,Member,,,,,0,,,,,,,
69412,103226456,EDDDA861-860A-413C-AD44-E606726BFB70,Fisher County Hospital District,2022,BrdMem,,Terry,,Coker,Member,,,,,0,,,,,,,
69416,103226456,881FB561-F59D-4B38-8650-D1B23BD8C82B,Fisher County Hospital District,2023,BrdMem,,Beverly,,Rister,Member,,,,,0,,,,,,,
69417,103226456,881FB561-F59D-4B38-8650-D1B23BD8C82B,Fisher County Hospital District,2023,BrdMem,,Terry,,Coker,Member,,,,,0,,,,,,,
69418,103226456,881FB561-F59D-4B38-8650-D1B23BD8C82B,Fisher County Hospital District,2023,BrdMem,,Marcus Reid,,Cave,Member,,,,,0,,,,,,,
69419,103226456,881FB561-F59D-4B38-8650-D1B23BD8C82B,Fisher County Hospital District,2023,BrdMem,,Sarah,,McLen,Vice-President,,,,,0,,,,,,,
69420,103226456,881FB561-F59D-4B38-8650-D1B23BD8C82B,Fisher County Hospital District,2023,BrdMem,,CleDon,,Coffman,President,,,,,0,,,,,,,
69424,103226456,54AE5626-773A-498F-9D0C-34C01B256565,Fisher County Hospital District,2024,BrdMem,,Sarah,,McLen,Vice-President,,,,,0,,,,,,,
69425,103226456,54AE5626-773A-498F-9D0C-34C01B256565,Fisher County Hospital District,2024,BrdMem,,CleDon,,Coffman,President,,,,,0,,,,,,,
69426,103226456,54AE5626-773A-498F-9D0C-34C01B256565,Fisher County Hospital District,2024,BrdMem,,Terry,,Coker,Member,,,,,0,,,,,,,
69427,103226456,54AE5626-773A-498F-9D0C-34C01B256565,Fisher County Hospital District,2024,BrdMem,,Beverly,,Rister,Member,,,,,0,,,,,,,
69428,103226456,54AE5626-773A-498F-9D0C-34C01B256565,Fisher County Hospital District,2024,BrdMem,,Marcus Reid,,Cave,Member,,,,,0,,,,,,,
69432,103226456,162A6EEA-5F30-4209-83C1-35574F722DE4,Fisher County Hospital District,2025,BrdMem,,Marcus Reid,,Cave,Member,,,,,0,,,,,,,
69433,103226456,162A6EEA-5F30-4209-83C1-35574F722DE4,Fisher County Hospital District,2025,BrdMem,,Sarah,,McLen,Vice-President,,,,,0,,,,,,,
69434,103226456,162A6EEA-5F30-4209-83C1-35574F722DE4,Fisher County Hospital District,2025,BrdMem,,Terry,,Coker,Member,,,,,0,,,,,,,
69435,103226456,162A6EEA-5F30-4209-83C1-35574F722DE4,Fisher County Hospital District,2025,BrdMem,,CleDon,,Coffman,President,,,,,0,,,,,,,
69436,103226456,162A6EEA-5F30-4209-83C1-35574F722DE4,Fisher County Hospital District,2025,BrdMem,,Beverly,,Rister,Member,,,,,0,,,,,,,
69440,103226456,B0B39DB3-D06D-4F64-9D02-AD9A0A3F4310,Fisher County Hospital District,2026,BrdMem,,Beverly,,Rister,Member,,,,,0,,,,,,,
69441,103226456,B0B39DB3-D06D-4F64-9D02-AD9A0A3F4310,Fisher County Hospital District,2026,BrdMem,,Sarah,,McLen,Vice-President,,,,,0,,,,,,,
69442,103226456,B0B39DB3-D06D-4F64-9D02-AD9A0A3F4310,Fisher County Hospital District,2026,BrdMem,,CleDon,,Coffman,President,,,,,0,,,,,,,
69443,103226456,B0B39DB3-D06D-4F64-9D02-AD9A0A3F4310,Fisher County Hospital District,2026,BrdMem,,Marcus Reid,,Cave,Member,,,,,0,,,,,,,
69444,103226456,B0B39DB3-D06D-4F64-9D02-AD9A0A3F4310,Fisher County Hospital District,2026,BrdMem,,Terry,,Coker,Member,,,,,0,,,,,,,
72364,103226498,3ACFAF83-8473-41BC-943A-6FCC0D351341,Bastrop-Travis Counties Emergency Service District #1,2018,BrdMem,,Larry,,Foehner,Treasurer,,,,,0,,,,,,,
72365,103226498,3ACFAF83-8473-41BC-943A-6FCC0D351341,Bastrop-Travis Counties Emergency Service District #1,2018,BrdMem,,Julius,,Schwartz,Vice President,,,,,0,,,,,,,
72366,103226498,3ACFAF83-8473-41BC-943A-6FCC0D351341,Bastrop-Travis Counties Emergency Service District #1,2018,BrdMem,,Wayne,,Skubita,Assistant Treasurer,,,,,0,,,,,,,
72367,103226498,3ACFAF83-8473-41BC-943A-6FCC0D351341,Bastrop-Travis Counties Emergency Service District #1,2018,BrdMem,,Tommy,,McCullough,President,,,,,0,,,,,,,
72368,103226498,3ACFAF83-8473-41BC-943A-6FCC0D351341,Bastrop-Travis Counties Emergency Service District #1,2018,BrdMem,,Carl,,Newstrom,Secretary,,,,,0,,,,,,,
72374,103226498,4E8C536C-3A38-44DA-884A-71D63A5624EC,Bastrop-Travis Counties Emergency Service District #1,2019,BrdMem,,Julius,,Schwartz,Vice President,,,,,0,,,,,,,
72375,103226498,4E8C536C-3A38-44DA-884A-71D63A5624EC,Bastrop-Travis Counties Emergency Service District #1,2019,BrdMem,,Wayne,,Skubita,Assistant Treasurer,,,,,0,,,,,,,
72376,103226498,4E8C536C-3A38-44DA-884A-71D63A5624EC,Bastrop-Travis Counties Emergency Service District #1,2019,BrdMem,,Carl,,Newstrom,Secretary,,,,,0,,,,,,,
72377,103226498,4E8C536C-3A38-44DA-884A-71D63A5624EC,Bastrop-Travis Counties Emergency Service District #1,2019,BrdMem,,Tommy,,McCullough,President,,,,,0,,,,,,,
72378,103226498,4E8C536C-3A38-44DA-884A-71D63A5624EC,Bastrop-Travis Counties Emergency Service District #1,2019,BrdMem,,Larry,,Foehner,Treasurer,,,,,0,,,,,,,
72384,103226498,42781AC4-9347-4BED-8F0E-5728AA9DD2C9,Bastrop-Travis Counties Emergency Service District #1,2020,BrdMem,,Carl,,Newstrom,Secretary,,,,,0,,,,,,,
72385,103226498,42781AC4-9347-4BED-8F0E-5728AA9DD2C9,Bastrop-Travis Counties Emergency Service District #1,2020,BrdMem,,Larry,,Foehner,Treasurer,,,,,0,,,,,,,
72386,103226498,42781AC4-9347-4BED-8F0E-5728AA9DD2C9,Bastrop-Travis Counties Emergency Service District #1,2020,BrdMem,,Tommy,,McCullough,President,,,,,0,,,,,,,
72387,103226498,42781AC4-9347-4BED-8F0E-5728AA9DD2C9,Bastrop-Travis Counties Emergency Service District #1,2020,BrdMem,,Julius,,Schwartz,Vice President,,,,,0,,,,,,,
72388,103226498,42781AC4-9347-4BED-8F0E-5728AA9DD2C9,Bastrop-Travis Counties Emergency Service District #1,2020,BrdMem,,Wayne,,Skubita,Assistant Treasurer,,,,,0,,,,,,,
72394,103226498,5DEFEECB-1628-42C9-B0FF-B1C68674C775,Bastrop-Travis Counties Emergency Service District #1,2021,BrdMem,,Jodie,,Lopez,Asst Secretary-Treas,,,,,0,,,,,,,
72395,103226498,5DEFEECB-1628-42C9-B0FF-B1C68674C775,Bastrop-Travis Counties Emergency Service District #1,2021,BrdMem,,Tommy,,McCullough,President,,,,,0,,,,,,,
72396,103226498,5DEFEECB-1628-42C9-B0FF-B1C68674C775,Bastrop-Travis Counties Emergency Service District #1,2021,BrdMem,,Julius,,Schwartz,Treasurer,,,,,0,,,,,,,
72397,103226498,5DEFEECB-1628-42C9-B0FF-B1C68674C775,Bastrop-Travis Counties Emergency Service District #1,2021,BrdMem,,Wayne,,Skubiata,Vice President,,,,,0,,,,,,,
72398,103226498,5DEFEECB-1628-42C9-B0FF-B1C68674C775,Bastrop-Travis Counties Emergency Service District #1,2021,BrdMem,,Larry,,Foehner,Secretary,,,,,0,,,,,,,
72404,103226498,DA7C035F-008A-4CF3-8041-2E5A57A69FAE,Bastrop-Travis Counties Emergency Service District #1,2022,BrdMem,,Jodie,,Lopez,Treasurer,,,,,0,,,,,,,
72405,103226498,DA7C035F-008A-4CF3-8041-2E5A57A69FAE,Bastrop-Travis Counties Emergency Service District #1,2022,BrdMem,,Larry,,Moseley,Vice President,,,,,0,,,,,,,
72406,103226498,DA7C035F-008A-4CF3-8041-2E5A57A69FAE,Bastrop-Travis Counties Emergency Service District #1,2022,BrdMem,,Amanda,,Sanchez,Asst Secretary-Treas,,,,,0,,,,,,,
72407,103226498,DA7C035F-008A-4CF3-8041-2E5A57A69FAE,Bastrop-Travis Counties Emergency Service District #1,2022,BrdMem,,Tommy,,McCullough,President,,,,,0,,,,,,,
72408,103226498,DA7C035F-008A-4CF3-8041-2E5A57A69FAE,Bastrop-Travis Counties Emergency Service District #1,2022,BrdMem,,Wayne,,Skubiata,Secretary,,,,,0,,,,,,,
72414,103226498,B8280076-BBD3-4F64-A63F-04A4EE096E1C,Bastrop-Travis Counties Emergency Service District #1,2023,BrdMem,,Darren,,Mogonye,Commissioner,,,,,0,,,,,,,
72415,103226498,B8280076-BBD3-4F64-A63F-04A4EE096E1C,Bastrop-Travis Counties Emergency Service District #1,2023,BrdMem,,Tommy,,McCullough,Vice President,,,,,0,,,,,,,
72416,103226498,B8280076-BBD3-4F64-A63F-04A4EE096E1C,Bastrop-Travis Counties Emergency Service District #1,2023,BrdMem,,Larry,,Moseley,President,,,,,0,,,,,,,
72417,103226498,B8280076-BBD3-4F64-A63F-04A4EE096E1C,Bastrop-Travis Counties Emergency Service District #1,2023,BrdMem,,Liston,,Crim,Treasurer,,,,,0,,,,,,,
72418,103226498,B8280076-BBD3-4F64-A63F-04A4EE096E1C,Bastrop-Travis Counties Emergency Service District #1,2023,BrdMem,,Matt,,Benson,Asst Secretary-Treas,,,,,0,,,,,,,
72424,103226498,152106D4-9150-4AA0-B788-255751D8C1A4,Bastrop-Travis Counties Emergency Service District #1,2024,BrdMem,,Matt,,Benson,Secretary,,,,,0,,,,,,,
72425,103226498,152106D4-9150-4AA0-B788-255751D8C1A4,Bastrop-Travis Counties Emergency Service District #1,2024,BrdMem,,Tommy,,McCullough,Vice President,,,,,0,,,,,,,
72426,103226498,152106D4-9150-4AA0-B788-255751D8C1A4,Bastrop-Travis Counties Emergency Service District #1,2024,BrdMem,,Darren,,Mogonye,Treasurer,,,,,0,,,,,,,
72427,103226498,152106D4-9150-4AA0-B788-255751D8C1A4,Bastrop-Travis Counties Emergency Service District #1,2024,BrdMem,,Larry,,Moseley,President,,,,,0,,,,,,,
72428,103226498,152106D4-9150-4AA0-B788-255751D8C1A4,Bastrop-Travis Counties Emergency Service District #1,2024,BrdMem,,Damon,,Doss,Commissioner,,,,,0,,,,,,,
72433,103226498,CC3D82F1-2679-43BE-A858-3AF214DDD9C5,Bastrop-Travis Counties Emergency Service District #1,2025,BrdMem,,Ramiro,,Garza,Treasurer,,,,,0,,,,,,,
72434,103226498,CC3D82F1-2679-43BE-A858-3AF214DDD9C5,Bastrop-Travis Counties Emergency Service District #1,2025,BrdMem,,Damon,,Doss,Commissioner,,,,,0,,,,,,,
72435,103226498,CC3D82F1-2679-43BE-A858-3AF214DDD9C5,Bastrop-Travis Counties Emergency Service District #1,2025,BrdMem,,Brian,,Henson,Secretary,,,,,0,,,,,,,
72436,103226498,CC3D82F1-2679-43BE-A858-3AF214DDD9C5,Bastrop-Travis Counties Emergency Service District #1,2025,BrdMem,,Nick,,Teague,Vice President,,,,,0,,,,,,,
72437,103226498,CC3D82F1-2679-43BE-A858-3AF214DDD9C5,Bastrop-Travis Counties Emergency Service District #1,2025,BrdMem,,Larry,,Moseley,President,,,,,0,,,,,,,
72443,103226498,6DF9FC8F-4EAE-4086-81A3-B08936935D29,Bastrop-Travis Counties Emergency Service District #1,2026,BrdMem,,Nick,,Teague,Vice President,,,,,0,,,,,,,
72444,103226498,6DF9FC8F-4EAE-4086-81A3-B08936935D29,Bastrop-Travis Counties Emergency Service District #1,2026,BrdMem,,Brian,,Henson,Secretary,,,,,0,,,,,,,
72445,103226498,6DF9FC8F-4EAE-4086-81A3-B08936935D29,Bastrop-Travis Counties Emergency Service District #1,2026,BrdMem,,Damon,,Doss,Commissioner,,,,,0,,,,,,,
72446,103226498,6DF9FC8F-4EAE-4086-81A3-B08936935D29,Bastrop-Travis Counties Emergency Service District #1,2026,BrdMem,,Larry,,Moseley,President,,,,,0,,,,,,,
72447,103226498,6DF9FC8F-4EAE-4086-81A3-B08936935D29,Bastrop-Travis Counties Emergency Service District #1,2026,BrdMem,,Ramiro,,Garza,Treasurer,,,,,0,,,,,,,
72597,103226502,F9B34D9E-BC6D-4E2D-B41A-42641BEEAD3D,Deaf Smith County Hospital District,2020,BrdMem,,BOB,,JOSSERAND,BOARD MEMBER,,,,,0,,,,,,,
72598,103226502,F9B34D9E-BC6D-4E2D-B41A-42641BEEAD3D,Deaf Smith County Hospital District,2020,BrdMem,,HAROLD,,MCNUTT,BOARD MEMBER,,,,,0,,,,,,,
72599,103226502,F9B34D9E-BC6D-4E2D-B41A-42641BEEAD3D,Deaf Smith County Hospital District,2020,BrdMem,,MARK,,COLLIER,BOARD MEMBER,,,,,0,,,,,,,
72600,103226502,F9B34D9E-BC6D-4E2D-B41A-42641BEEAD3D,Deaf Smith County Hospital District,2020,BrdMem,,TANNER,,BLACK,BOARD MEMBER,,,,,0,,,,,,,
72601,103226502,F9B34D9E-BC6D-4E2D-B41A-42641BEEAD3D,Deaf Smith County Hospital District,2020,BrdMem,,BECKY,,BRIDWELL,BOARD MEMBER,,,,,0,,,,,,,
72602,103226502,F9B34D9E-BC6D-4E2D-B41A-42641BEEAD3D,Deaf Smith County Hospital District,2020,BrdMem,,MIKE,,SCHUELER,BOARD PRESIDENT,,,,,0,,,,,,,
72603,103226502,F9B34D9E-BC6D-4E2D-B41A-42641BEEAD3D,Deaf Smith County Hospital District,2020,BrdMem,,CHRIS,,WOODARD,BOARD MEMBER,,,,,0,,,,,,,
72607,103226502,5C97D77C-C549-41AD-A46C-D8114A373D0F,Deaf Smith County Hospital District,2021,BrdMem,,Carla,,Purcella,Board Member,,,,,0,,,,,,,
72608,103226502,5C97D77C-C549-41AD-A46C-D8114A373D0F,Deaf Smith County Hospital District,2021,BrdMem,,HAROLD,,MCNUTT,BOARD MEMBER,,,,,0,,,,,,,
72609,103226502,5C97D77C-C549-41AD-A46C-D8114A373D0F,Deaf Smith County Hospital District,2021,BrdMem,,CHRIS,,WOODARD,BOARD MEMBER,,,,,0,,,,,,,
72610,103226502,5C97D77C-C549-41AD-A46C-D8114A373D0F,Deaf Smith County Hospital District,2021,BrdMem,,TANNER,,BLACK,BOARD MEMBER,,,,,0,,,,,,,
72611,103226502,5C97D77C-C549-41AD-A46C-D8114A373D0F,Deaf Smith County Hospital District,2021,BrdMem,,MIKE,,SCHUELER,BOARD PRESIDENT,,,,,0,,,,,,,
72612,103226502,5C97D77C-C549-41AD-A46C-D8114A373D0F,Deaf Smith County Hospital District,2021,BrdMem,,Cynthia,,Cooper,Board Member,,,,,0,,,,,,,
72613,103226502,5C97D77C-C549-41AD-A46C-D8114A373D0F,Deaf Smith County Hospital District,2021,BrdMem,,BECKY,,BRIDWELL,BOARD MEMBER,,,,,0,,,,,,,
72617,103226502,2FBEC1AE-BA0C-4F89-AC63-576EB883ABAE,Deaf Smith County Hospital District,2022,BrdMem,,MIKE,,SCHUELER,BOARD PRESIDENT,,,,,0,,,,,,,
72618,103226502,2FBEC1AE-BA0C-4F89-AC63-576EB883ABAE,Deaf Smith County Hospital District,2022,BrdMem,,CHRIS,,WOODARD,BOARD MEMBER,,,,,0,,,,,,,
72619,103226502,2FBEC1AE-BA0C-4F89-AC63-576EB883ABAE,Deaf Smith County Hospital District,2022,BrdMem,,TANNER,,BLACK,BOARD MEMBER,,,,,0,,,,,,,
72620,103226502,2FBEC1AE-BA0C-4F89-AC63-576EB883ABAE,Deaf Smith County Hospital District,2022,BrdMem,,Cynthia,,Cooper,Board Member,,,,,0,,,,,,,
72621,103226502,2FBEC1AE-BA0C-4F89-AC63-576EB883ABAE,Deaf Smith County Hospital District,2022,BrdMem,,Carla,,Purcella,Board Member,,,,,0,,,,,,,
72622,103226502,2FBEC1AE-BA0C-4F89-AC63-576EB883ABAE,Deaf Smith County Hospital District,2022,BrdMem,,HAROLD,,MCNUTT,BOARD MEMBER,,,,,0,,,,,,,
72623,103226502,2FBEC1AE-BA0C-4F89-AC63-576EB883ABAE,Deaf Smith County Hospital District,2022,BrdMem,,BECKY,,BRIDWELL,BOARD MEMBER,,,,,0,,,,,,,
72627,103226502,C6D36D22-A66B-41DB-8F7F-64D457E6650B,Deaf Smith County Hospital District,2023,BrdMem,,Carla,,Purcella,Board Member,,,,,0,,,,,,,
72628,103226502,C6D36D22-A66B-41DB-8F7F-64D457E6650B,Deaf Smith County Hospital District,2023,BrdMem,,TANNER,,BLACK,BOARD MEMBER,,,,,0,,,,,,,
72629,103226502,C6D36D22-A66B-41DB-8F7F-64D457E6650B,Deaf Smith County Hospital District,2023,BrdMem,,Kevin,,Bunch,Board Member,,,,,0,,,,,,,
72630,103226502,C6D36D22-A66B-41DB-8F7F-64D457E6650B,Deaf Smith County Hospital District,2023,BrdMem,,BECKY,,BRIDWELL,BOARD MEMBER,,,,,0,,,,,,,
72631,103226502,C6D36D22-A66B-41DB-8F7F-64D457E6650B,Deaf Smith County Hospital District,2023,BrdMem,,CHRIS,,WOODARD,BOARD MEMBER,,,,,0,,,,,,,
72632,103226502,C6D36D22-A66B-41DB-8F7F-64D457E6650B,Deaf Smith County Hospital District,2023,BrdMem,,MIKE,,SCHUELER,BOARD PRESIDENT,,,,,0,,,,,,,
72633,103226502,C6D36D22-A66B-41DB-8F7F-64D457E6650B,Deaf Smith County Hospital District,2023,BrdMem,,Cynthia,,Cooper,Board Member,,,,,0,,,,,,,
72637,103226502,2302A2B1-8D09-47AA-B65A-4FD9F7FDA701,Deaf Smith County Hospital District,2024,BrdMem,,Uriel,,Villa,Board Member,,,,,0,,,,,,,
72638,103226502,2302A2B1-8D09-47AA-B65A-4FD9F7FDA701,Deaf Smith County Hospital District,2024,BrdMem,,CHRIS,,WOODARD,BOARD MEMBER,,,,,0,,,,,,,
72639,103226502,2302A2B1-8D09-47AA-B65A-4FD9F7FDA701,Deaf Smith County Hospital District,2024,BrdMem,,Kevin,,Bunch,Board Member,,,,,0,,,,,,,
72640,103226502,2302A2B1-8D09-47AA-B65A-4FD9F7FDA701,Deaf Smith County Hospital District,2024,BrdMem,,BECKY,,BRIDWELL,BOARD MEMBER,,,,,0,,,,,,,
72641,103226502,2302A2B1-8D09-47AA-B65A-4FD9F7FDA701,Deaf Smith County Hospital District,2024,BrdMem,,Tim,,Laws,Board Member,,,,,0,,,,,,,
72642,103226502,2302A2B1-8D09-47AA-B65A-4FD9F7FDA701,Deaf Smith County Hospital District,2024,BrdMem,,TANNER,,BLACK,BOARD MEMBER,,,,,0,,,,,,,
72643,103226502,2302A2B1-8D09-47AA-B65A-4FD9F7FDA701,Deaf Smith County Hospital District,2024,BrdMem,,Carla,,Purcella,Board Member,,,,,0,,,,,,,
72647,103226502,22086C82-C80A-48C1-BC40-725322F4CC88,Deaf Smith County Hospital District,2025,BrdMem,,Carla,,Purcella,Board Member,,,,,0,,,,,,,
72648,103226502,22086C82-C80A-48C1-BC40-725322F4CC88,Deaf Smith County Hospital District,2025,BrdMem,,TANNER,,BLACK,BOARD MEMBER,,,,,0,,,,,,,
72649,103226502,22086C82-C80A-48C1-BC40-725322F4CC88,Deaf Smith County Hospital District,2025,BrdMem,,Tim,,Laws,Board Member,,,,,0,,,,,,,
72650,103226502,22086C82-C80A-48C1-BC40-725322F4CC88,Deaf Smith County Hospital District,2025,BrdMem,,CHRIS,,WOODARD,BOARD MEMBER,,,,,0,,,,,,,
72651,103226502,22086C82-C80A-48C1-BC40-725322F4CC88,Deaf Smith County Hospital District,2025,BrdMem,,BECKY,,BRIDWELL,BOARD MEMBER,,,,,0,,,,,,,
72652,103226502,22086C82-C80A-48C1-BC40-725322F4CC88,Deaf Smith County Hospital District,2025,BrdMem,,Kevin,,Bunch,Board Member,,,,,0,,,,,,,
72653,103226502,22086C82-C80A-48C1-BC40-725322F4CC88,Deaf Smith County Hospital District,2025,BrdMem,,Uriel,,Villa,Board Member,,,,,0,,,,,,,
72657,103226502,9428B19A-4E24-4F28-8AC5-212EC588CF86,Deaf Smith County Hospital District,2026,BrdMem,,CHRIS,,WOODARD,BOARD MEMBER,,,,,0,,,,,,,
72658,103226502,9428B19A-4E24-4F28-8AC5-212EC588CF86,Deaf Smith County Hospital District,2026,BrdMem,,TANNER,,BLACK,BOARD MEMBER,,,,,0,,,,,,,
72659,103226502,9428B19A-4E24-4F28-8AC5-212EC588CF86,Deaf Smith County Hospital District,2026,BrdMem,,Kevin,,Bunch,Board Member,,,,,0,,,,,,,
72660,103226502,9428B19A-4E24-4F28-8AC5-212EC588CF86,Deaf Smith County Hospital District,2026,BrdMem,,Carla,,Purcella,Board Member,,,,,0,,,,,,,
72661,103226502,9428B19A-4E24-4F28-8AC5-212EC588CF86,Deaf Smith County Hospital District,2026,BrdMem,,Tim,,Laws,Board Member,,,,,0,,,,,,,
72662,103226502,9428B19A-4E24-4F28-8AC5-212EC588CF86,Deaf Smith County Hospital District,2026,BrdMem,,Troyce,,Sturgess,Board Member,,,,,0,,,,,,,
72663,103226502,9428B19A-4E24-4F28-8AC5-212EC588CF86,Deaf Smith County Hospital District,2026,BrdMem,,Robert,,DeLaCruz,Board Member,,,,,0,,,,,,,
75248,103226550,F461C00D-2861-4DDB-9CA3-121EFEC59079,Muleshoe Area Hospital District,2018,BrdMem,,Landon,,Nichols,Vice President,,,,,0,,,,,,,
75249,103226550,F461C00D-2861-4DDB-9CA3-121EFEC59079,Muleshoe Area Hospital District,2018,BrdMem,,Allen,,Smyer,President,,,,,0,,,,,,,
75250,103226550,F461C00D-2861-4DDB-9CA3-121EFEC59079,Muleshoe Area Hospital District,2018,BrdMem,,Dana,,Rasco,Secretary,,,,,0,,,,,,,
75251,103226550,F461C00D-2861-4DDB-9CA3-121EFEC59079,Muleshoe Area Hospital District,2018,BrdMem,,Zona,,Gatewood,Board Member,,,,,0,,,,,,,
75256,103226550,95B68F1D-3235-40B8-A1CB-F97082270017,Muleshoe Area Hospital District,2019,BrdMem,,Gayle,,Richerson,Board Member,,,,,0,,,,,,,
75257,103226550,95B68F1D-3235-40B8-A1CB-F97082270017,Muleshoe Area Hospital District,2019,BrdMem,,Dana,,Rasco,Secretary,,,,,0,,,,,,,
75258,103226550,95B68F1D-3235-40B8-A1CB-F97082270017,Muleshoe Area Hospital District,2019,BrdMem,,Allen,,Smyer,President,,,,,0,,,,,,,
75259,103226550,95B68F1D-3235-40B8-A1CB-F97082270017,Muleshoe Area Hospital District,2019,BrdMem,,Zona,,Gatewood,Board Member,,,,,0,,,,,,,
75260,103226550,95B68F1D-3235-40B8-A1CB-F97082270017,Muleshoe Area Hospital District,2019,BrdMem,,Landon,,Nichols,Vice President,,,,,0,,,,,,,
75265,103226550,DD445C4A-4830-4FCF-8838-DCDDFC72645E,Muleshoe Area Hospital District,2020,BrdMem,,Allen,,Smyer,President,,,,,0,,,,,,,
75266,103226550,DD445C4A-4830-4FCF-8838-DCDDFC72645E,Muleshoe Area Hospital District,2020,BrdMem,,Landon,,Nichols,Vice President,,,,,0,,,,,,,
75267,103226550,DD445C4A-4830-4FCF-8838-DCDDFC72645E,Muleshoe Area Hospital District,2020,BrdMem,,Gayle,,Richerson,Board Member,,,,,0,,,,,,,
75268,103226550,DD445C4A-4830-4FCF-8838-DCDDFC72645E,Muleshoe Area Hospital District,2020,BrdMem,,Dana,,Rasco,Secretary,,,,,0,,,,,,,
75269,103226550,DD445C4A-4830-4FCF-8838-DCDDFC72645E,Muleshoe Area Hospital District,2020,BrdMem,,Zona,,Gatewood,Board Member,,,,,0,,,,,,,
75274,103226550,A10351BE-3B7E-4B59-B760-7ABA1C360B6D,Muleshoe Area Hospital District,2021,BrdMem,,Gayle,,Richerson,Board Member,,,,,0,,,,,,,
75275,103226550,A10351BE-3B7E-4B59-B760-7ABA1C360B6D,Muleshoe Area Hospital District,2021,BrdMem,,Zona,,Gatewood,Board Member,,,,,0,,,,,,,
75276,103226550,A10351BE-3B7E-4B59-B760-7ABA1C360B6D,Muleshoe Area Hospital District,2021,BrdMem,,Landon,,Nichols,Vice President,,,,,0,,,,,,,
75277,103226550,A10351BE-3B7E-4B59-B760-7ABA1C360B6D,Muleshoe Area Hospital District,2021,BrdMem,,Allen,,Smyer,President,,,,,0,,,,,,,
75278,103226550,A10351BE-3B7E-4B59-B760-7ABA1C360B6D,Muleshoe Area Hospital District,2021,BrdMem,,Dana,,Rasco,Secretary,,,,,0,,,,,,,
75283,103226550,4BE607CD-45FF-4FFD-B6DA-00EB91F74FE0,Muleshoe Area Hospital District,2022,BrdMem,,Landon,,Nichols,Vice President,,,,,0,,,,,,,
75284,103226550,4BE607CD-45FF-4FFD-B6DA-00EB91F74FE0,Muleshoe Area Hospital District,2022,BrdMem,,Gayle,,Richerson,Board Member,,,,,0,,,,,,,
75285,103226550,4BE607CD-45FF-4FFD-B6DA-00EB91F74FE0,Muleshoe Area Hospital District,2022,BrdMem,,Zona,,Gatewood,Board Member,,,,,0,,,,,,,
75286,103226550,4BE607CD-45FF-4FFD-B6DA-00EB91F74FE0,Muleshoe Area Hospital District,2022,BrdMem,,Allen,,Smyer,President,,,,,0,,,,,,,
75287,103226550,4BE607CD-45FF-4FFD-B6DA-00EB91F74FE0,Muleshoe Area Hospital District,2022,BrdMem,,Dana,,Rasco,Secretary,,,,,0,,,,,,,
75292,103226550,1161C9E1-9CD1-4C09-AD50-C117FD7E7521,Muleshoe Area Hospital District,2023,BrdMem,,Dana,,Rasco,Board Member,,,,,0,,,,,,,
75293,103226550,1161C9E1-9CD1-4C09-AD50-C117FD7E7521,Muleshoe Area Hospital District,2023,BrdMem,,Landon,,Nichols,Vice President,,,,,0,,,,,,,
75294,103226550,1161C9E1-9CD1-4C09-AD50-C117FD7E7521,Muleshoe Area Hospital District,2023,BrdMem,,Scott,,Miller,Board Member,,,,,0,,,,,,,
75295,103226550,1161C9E1-9CD1-4C09-AD50-C117FD7E7521,Muleshoe Area Hospital District,2023,BrdMem,,Zona,,Gatewood,Secretary,,,,,0,,,,,,,
75296,103226550,1161C9E1-9CD1-4C09-AD50-C117FD7E7521,Muleshoe Area Hospital District,2023,BrdMem,,Allen,,Smyer,President,,,,,0,,,,,,,
75301,103226550,4179F8D5-9FEC-41B2-BC12-5F48DADFE8A1,Muleshoe Area Hospital District,2024,BrdMem,,Allen,,Smyer,President,,,,,0,,,,,,,
75302,103226550,4179F8D5-9FEC-41B2-BC12-5F48DADFE8A1,Muleshoe Area Hospital District,2024,BrdMem,,Landon,,Nichols,Vice President,,,,,0,,,,,,,
75303,103226550,4179F8D5-9FEC-41B2-BC12-5F48DADFE8A1,Muleshoe Area Hospital District,2024,BrdMem,,Todd,,Shipman,Board Member,,,,,0,,,,,,,
75304,103226550,4179F8D5-9FEC-41B2-BC12-5F48DADFE8A1,Muleshoe Area Hospital District,2024,BrdMem,,Scott,,Miller,Board Member,,,,,0,,,,,,,
75305,103226550,4179F8D5-9FEC-41B2-BC12-5F48DADFE8A1,Muleshoe Area Hospital District,2024,BrdMem,,Gayle,,Richerson,Secretary,,,,,0,,,,,,,
75310,103226550,C900FBC2-2D9D-4E0C-829E-7222DC35AF1C,Muleshoe Area Hospital District,2025,BrdMem,,Landon,,Nichols,Vice President,,,,,0,,,,,,,
75311,103226550,C900FBC2-2D9D-4E0C-829E-7222DC35AF1C,Muleshoe Area Hospital District,2025,BrdMem,,Gayle,,Richerson,Secretary,,,,,0,,,,,,,
75312,103226550,C900FBC2-2D9D-4E0C-829E-7222DC35AF1C,Muleshoe Area Hospital District,2025,BrdMem,,Scott,,Miller,Board Member,,,,,0,,,,,,,
75313,103226550,C900FBC2-2D9D-4E0C-829E-7222DC35AF1C,Muleshoe Area Hospital District,2025,BrdMem,,Allen,,Smyer,President,,,,,0,,,,,,,
75314,103226550,C900FBC2-2D9D-4E0C-829E-7222DC35AF1C,Muleshoe Area Hospital District,2025,BrdMem,,Todd,,Shipman,Board Member,,,,,0,,,,,,,
75319,103226550,AB904158-5534-40D1-9338-E68C22EA585E,Muleshoe Area Hospital District,2026,BrdMem,,Landon,,Nichols,President,,,,,0,,,,,,,
75320,103226550,AB904158-5534-40D1-9338-E68C22EA585E,Muleshoe Area Hospital District,2026,BrdMem,,Carla,,Ambriz,Board Member,,,,,0,,,,,,,
75321,103226550,AB904158-5534-40D1-9338-E68C22EA585E,Muleshoe Area Hospital District,2026,BrdMem,,Todd,,Shipman,Vice President,,,,,0,,,,,,,
75322,103226550,AB904158-5534-40D1-9338-E68C22EA585E,Muleshoe Area Hospital District,2026,BrdMem,,Scott,,Miller,Board Member,,,,,0,,,,,,,
75323,103226550,AB904158-5534-40D1-9338-E68C22EA585E,Muleshoe Area Hospital District,2026,BrdMem,,Gayle,,Richerson,Secretary,,,,,0,,,,,,,
75579,103226554,C6CE6566-51F0-4533-9633-5B0DE1545272,Harris County Emergency Services District #17,2018,BrdMem,,Everett,,Griffin,Commissioner,,,,,0,,,,,,,
75580,103226554,C6CE6566-51F0-4533-9633-5B0DE1545272,Harris County Emergency Services District #17,2018,BrdMem,,Daniel,,Weaver,Commissioner,,,,,0,,,,,,,
75581,103226554,C6CE6566-51F0-4533-9633-5B0DE1545272,Harris County Emergency Services District #17,2018,BrdMem,,Jesse,,Legg,Vice President,,,,,0,,,,,,,
75582,103226554,C6CE6566-51F0-4533-9633-5B0DE1545272,Harris County Emergency Services District #17,2018,BrdMem,,William,,Blasdell Jr,President,,,,,0,,,,,,,
75583,103226554,C6CE6566-51F0-4533-9633-5B0DE1545272,Harris County Emergency Services District #17,2018,BrdMem,,Robin,,Hayslip,Secretary-Treasurer,,,,,0,,,,,,,
75588,103226554,CCB10FB3-3210-474A-9593-536E26CE96C9,Harris County Emergency Services District #17,2019,BrdMem,,Daniel,,Weaver,Commissioner,,,,,0,,,,,,,
75589,103226554,CCB10FB3-3210-474A-9593-536E26CE96C9,Harris County Emergency Services District #17,2019,BrdMem,,Everett,,Griffin,Commissioner,,,,,0,,,,,,,
75590,103226554,CCB10FB3-3210-474A-9593-536E26CE96C9,Harris County Emergency Services District #17,2019,BrdMem,,Jesse,,Legg,Vice President,,,,,0,,,,,,,
75591,103226554,CCB10FB3-3210-474A-9593-536E26CE96C9,Harris County Emergency Services District #17,2019,BrdMem,,Robin,,Hayslip,Secretary-Treasurer,,,,,0,,,,,,,
75592,103226554,CCB10FB3-3210-474A-9593-536E26CE96C9,Harris County Emergency Services District #17,2019,BrdMem,,William,,Blasdell Jr,President,,,,,0,,,,,,,
75597,103226554,90F28693-F454-411C-9F14-9F3FB4371151,Harris County Emergency Services District #17,2020,BrdMem,,Kenneth,,Adcock,Commissioner,,,,,0,,,,,,,
75598,103226554,90F28693-F454-411C-9F14-9F3FB4371151,Harris County Emergency Services District #17,2020,BrdMem,,Robin,,Hayslip,Secretary-Treasurer,,,,,0,,,,,,,
75599,103226554,90F28693-F454-411C-9F14-9F3FB4371151,Harris County Emergency Services District #17,2020,BrdMem,,William,,Blasdell Jr,President,,,,,0,,,,,,,
75600,103226554,90F28693-F454-411C-9F14-9F3FB4371151,Harris County Emergency Services District #17,2020,BrdMem,,Everett,,Griffin,Commissioner,,,,,0,,,,,,,
75605,103226554,C378A67D-4EA3-4E52-B372-B45E8A03F6A2,Harris County Emergency Services District #17,2021,BrdMem,,Robin,,Hayslip,Secretary-Treasurer,,,,,0,,,,,,,
75606,103226554,C378A67D-4EA3-4E52-B372-B45E8A03F6A2,Harris County Emergency Services District #17,2021,BrdMem,,Everett,,Griffin,Commissioner,,,,,0,,,,,,,
75607,103226554,C378A67D-4EA3-4E52-B372-B45E8A03F6A2,Harris County Emergency Services District #17,2021,BrdMem,,Kenneth,,Adcock,Vice President,,,,,0,,,,,,,
75608,103226554,C378A67D-4EA3-4E52-B372-B45E8A03F6A2,Harris County Emergency Services District #17,2021,BrdMem,,William,,Blasdell Jr,President,,,,,0,,,,,,,
75613,103226554,76680F48-59AF-43E7-80E5-F59637B77F72,Harris County Emergency Services District #17,2022,BrdMem,,Kenneth,,Adcock,Vice President,,,,,0,,,,,,,
75614,103226554,76680F48-59AF-43E7-80E5-F59637B77F72,Harris County Emergency Services District #17,2022,BrdMem,,William,,Blasdell Jr,President,,,,,0,,,,,,,
75615,103226554,76680F48-59AF-43E7-80E5-F59637B77F72,Harris County Emergency Services District #17,2022,BrdMem,,Robin,,Hayslip,Secretary-Treasurer,,,,,0,,,,,,,
75616,103226554,76680F48-59AF-43E7-80E5-F59637B77F72,Harris County Emergency Services District #17,2022,BrdMem,,Don,,Gilkey,Commissioner,,,,,0,,,,,,,
75617,103226554,76680F48-59AF-43E7-80E5-F59637B77F72,Harris County Emergency Services District #17,2022,BrdMem,,Everett,,Griffin,Commissioner,,,,,0,,,,,,,
75622,103226554,2ADA3260-8F1F-49FE-881A-04A4C3BC543A,Harris County Emergency Services District #17,2023,BrdMem,,William,,Blasdell Jr,President,,,,,0,,,,,,,
75623,103226554,2ADA3260-8F1F-49FE-881A-04A4C3BC543A,Harris County Emergency Services District #17,2023,BrdMem,,Don,,Gilkey,Commissioner,,,,,0,,,,,,,
75624,103226554,2ADA3260-8F1F-49FE-881A-04A4C3BC543A,Harris County Emergency Services District #17,2023,BrdMem,,Robin,,Hayslip,Secretary-Treasurer,,,,,0,,,,,,,
75625,103226554,2ADA3260-8F1F-49FE-881A-04A4C3BC543A,Harris County Emergency Services District #17,2023,BrdMem,,Everett,,Griffin,Vice President,,,,,0,,,,,,,
75626,103226554,2ADA3260-8F1F-49FE-881A-04A4C3BC543A,Harris County Emergency Services District #17,2023,BrdMem,,Kenneth,,Adcock,Commissioner,,,,,0,,,,,,,
75631,103226554,0DDFB6B6-0102-44B2-8FF7-0FE57F5D34FD,Harris County Emergency Services District #17,2024,BrdMem,,Everett,,Griffin,Vice President,,,,,0,,,,,,,
75632,103226554,0DDFB6B6-0102-44B2-8FF7-0FE57F5D34FD,Harris County Emergency Services District #17,2024,BrdMem,,Don,,Gilkey,Commissioner,,,,,0,,,,,,,
75633,103226554,0DDFB6B6-0102-44B2-8FF7-0FE57F5D34FD,Harris County Emergency Services District #17,2024,BrdMem,,Kenneth,,Adcock,Commissioner,,,,,0,,,,,,,
75634,103226554,0DDFB6B6-0102-44B2-8FF7-0FE57F5D34FD,Harris County Emergency Services District #17,2024,BrdMem,,Robin,,Hayslip,Secretary-Treasurer,,,,,0,,,,,,,
75635,103226554,0DDFB6B6-0102-44B2-8FF7-0FE57F5D34FD,Harris County Emergency Services District #17,2024,BrdMem,,William,,Blasdell Jr,President,,,,,0,,,,,,,
75640,103226554,B09DA18D-DA98-4EF2-A251-28FC7D864A7B,Harris County Emergency Services District #17,2025,BrdMem,,Kenneth,,Adcock,Commissioner,,,,,0,,,,,,,
75641,103226554,B09DA18D-DA98-4EF2-A251-28FC7D864A7B,Harris County Emergency Services District #17,2025,BrdMem,,William,,Blasdell Jr,President,,,,,0,,,,,,,
75642,103226554,B09DA18D-DA98-4EF2-A251-28FC7D864A7B,Harris County Emergency Services District #17,2025,BrdMem,,Robin,,Hayslip,Secretary-Treasurer,,,,,0,,,,,,,
75643,103226554,B09DA18D-DA98-4EF2-A251-28FC7D864A7B,Harris County Emergency Services District #17,2025,BrdMem,,Everett,,Griffin,Vice President,,,,,0,,,,,,,
75644,103226554,B09DA18D-DA98-4EF2-A251-28FC7D864A7B,Harris County Emergency Services District #17,2025,BrdMem,,Don,,Gilkey,Commissioner,,,,,0,,,,,,,
75649,103226554,2B474A6B-CB1F-455B-B85B-626E8959DC45,Harris County Emergency Services District #17,2026,BrdMem,,William,,Blasdell Jr,President,,,,,0,,,,,,,
75650,103226554,2B474A6B-CB1F-455B-B85B-626E8959DC45,Harris County Emergency Services District #17,2026,BrdMem,,Kenneth,,Adcock,Commissioner,,,,,0,,,,,,,
75651,103226554,2B474A6B-CB1F-455B-B85B-626E8959DC45,Harris County Emergency Services District #17,2026,BrdMem,,Don,,Gilkey,Commissioner,,,,,0,,,,,,,
75652,103226554,2B474A6B-CB1F-455B-B85B-626E8959DC45,Harris County Emergency Services District #17,2026,BrdMem,,Robin,,Hayslip,Secretary-Treasurer,,,,,0,,,,,,,
75653,103226554,2B474A6B-CB1F-455B-B85B-626E8959DC45,Harris County Emergency Services District #17,2026,BrdMem,,Everett,,Griffin,Vice President,,,,,0,,,,,,,
75658,103226555,24F1DE49-F37D-45CC-96AA-5EB8E8335C75,Harris County Emergency Services District #9,2018,BrdMem,,Betty,,Boren Avery,Assistant Treasurer,,,,,0,,,,,,,
75659,103226555,24F1DE49-F37D-45CC-96AA-5EB8E8335C75,Harris County Emergency Services District #9,2018,BrdMem,,Scott,,Deboer,Vice President,,,,,0,,,,,,,
75660,103226555,24F1DE49-F37D-45CC-96AA-5EB8E8335C75,Harris County Emergency Services District #9,2018,BrdMem,,Bob,,Janusaitis,President,,,,,0,,,,,,,
75661,103226555,24F1DE49-F37D-45CC-96AA-5EB8E8335C75,Harris County Emergency Services District #9,2018,BrdMem,,David,,Langenberg,Secretary,,,,,0,,,,,,,
75662,103226555,24F1DE49-F37D-45CC-96AA-5EB8E8335C75,Harris County Emergency Services District #9,2018,BrdMem,,Jeremy,,Martinson,Treasurer,,,,,0,,,,,,,
75667,103226555,A335299A-F60A-4847-880B-3324F9528D60,Harris County Emergency Services District #9,2019,BrdMem,,Scott,,Deboer,Assistant Treasurer,,,,,0,,,,,,,
75668,103226555,A335299A-F60A-4847-880B-3324F9528D60,Harris County Emergency Services District #9,2019,BrdMem,,Tommy,,Balez,President,,,,,0,,,,,,,
75669,103226555,A335299A-F60A-4847-880B-3324F9528D60,Harris County Emergency Services District #9,2019,BrdMem,,Bob,,Janusaitis,Vice President,,,,,0,,,,,,,
75670,103226555,A335299A-F60A-4847-880B-3324F9528D60,Harris County Emergency Services District #9,2019,BrdMem,,David,,Langenberg,Secretary,,,,,0,,,,,,,
75671,103226555,A335299A-F60A-4847-880B-3324F9528D60,Harris County Emergency Services District #9,2019,BrdMem,,Jessica,,Rivas,Treasurer,,,,,0,,,,,,,
75676,103226555,2A8B1D7A-D350-4FC9-9A05-D7AFE3C7D591,Harris County Emergency Services District #9,2020,BrdMem,,Jessica,,Rivas,Treasurer,,,,,0,,,,,,,
75677,103226555,2A8B1D7A-D350-4FC9-9A05-D7AFE3C7D591,Harris County Emergency Services District #9,2020,BrdMem,,Bob,,Janusaitis,Vice President,,,,,0,,,,,,,
75678,103226555,2A8B1D7A-D350-4FC9-9A05-D7AFE3C7D591,Harris County Emergency Services District #9,2020,BrdMem,,David,,Langenberg,Secretary,,,,,0,,,,,,,
75679,103226555,2A8B1D7A-D350-4FC9-9A05-D7AFE3C7D591,Harris County Emergency Services District #9,2020,BrdMem,,Scott,,Deboer,Assistant Treasurer,,,,,0,,,,,,,
75680,103226555,2A8B1D7A-D350-4FC9-9A05-D7AFE3C7D591,Harris County Emergency Services District #9,2020,BrdMem,,Tommy,,Balez,President,,,,,0,,,,,,,
75685,103226555,E44F257A-83A9-468F-A3F6-63041B47EF4C,Harris County Emergency Services District #9,2021,BrdMem,,David,,Langenberg,Secretary,,,,,0,,,,,,,
75686,103226555,E44F257A-83A9-468F-A3F6-63041B47EF4C,Harris County Emergency Services District #9,2021,BrdMem,,Tommy,,Balez,President,,,,,0,,,,,,,
75687,103226555,E44F257A-83A9-468F-A3F6-63041B47EF4C,Harris County Emergency Services District #9,2021,BrdMem,,Bevin,,Gordon,Commissioner,,,,,0,,,,,,,
75688,103226555,E44F257A-83A9-468F-A3F6-63041B47EF4C,Harris County Emergency Services District #9,2021,BrdMem,,William,,McDugle,Commissioner,,,,,0,,,,,,,
75689,103226555,E44F257A-83A9-468F-A3F6-63041B47EF4C,Harris County Emergency Services District #9,2021,BrdMem,,Scott,,Deboer,Assistant Treasurer,,,,,0,,,,,,,
75694,103226555,28C63BB3-DC5A-47B7-821C-972543BD5EFD,Harris County Emergency Services District #9,2022,BrdMem,,David,,Langenberg,Secretary,,,,,0,,,,,,,
75695,103226555,28C63BB3-DC5A-47B7-821C-972543BD5EFD,Harris County Emergency Services District #9,2022,BrdMem,,Scott,,DeBoer,Vice-President,,,,,0,,,,,,,
75696,103226555,28C63BB3-DC5A-47B7-821C-972543BD5EFD,Harris County Emergency Services District #9,2022,BrdMem,,Tommy,,Balez,President,,,,,0,,,,,,,
75697,103226555,28C63BB3-DC5A-47B7-821C-972543BD5EFD,Harris County Emergency Services District #9,2022,BrdMem,,Bevin,,Gordon,Treasurer,,,,,0,,,,,,,
75698,103226555,28C63BB3-DC5A-47B7-821C-972543BD5EFD,Harris County Emergency Services District #9,2022,BrdMem,,William,,McDugle,Assistant Secretary,,,,,0,,,,,,,
75703,103226555,DF313F4A-6BCC-4F9E-928E-A3EBFDA4B160,Harris County Emergency Services District #9,2023,BrdMem,,Robert,,Paiva,Vice President,,,,,0,,,,,,,
75704,103226555,DF313F4A-6BCC-4F9E-928E-A3EBFDA4B160,Harris County Emergency Services District #9,2023,BrdMem,,Bevin,,Gordon,Asst Sec-Treas,,,,,0,,,,,,,
75705,103226555,DF313F4A-6BCC-4F9E-928E-A3EBFDA4B160,Harris County Emergency Services District #9,2023,BrdMem,,David,,Langenberg,Secretary,,,,,0,,,,,,,
75706,103226555,DF313F4A-6BCC-4F9E-928E-A3EBFDA4B160,Harris County Emergency Services District #9,2023,BrdMem,,Naressa,,MacKinnon,President,,,,,0,,,,,,,
75707,103226555,DF313F4A-6BCC-4F9E-928E-A3EBFDA4B160,Harris County Emergency Services District #9,2023,BrdMem,,Kevin,,Stertzel,Treasurer,,,,,0,,,,,,,
75712,103226555,EBE50F2C-D230-4E7D-8EC8-69E9FF49A474,Harris County Emergency Services District #9,2024,BrdMem,,Kevin,,Stertzel,Treasurer,,,,,0,,,,,,,
75713,103226555,EBE50F2C-D230-4E7D-8EC8-69E9FF49A474,Harris County Emergency Services District #9,2024,BrdMem,,Naressa,,MacKinnon,President,,,,,0,,,,,,,
75714,103226555,EBE50F2C-D230-4E7D-8EC8-69E9FF49A474,Harris County Emergency Services District #9,2024,BrdMem,,David,,Langenberg,Secretary,,,,,0,,,,,,,
75715,103226555,EBE50F2C-D230-4E7D-8EC8-69E9FF49A474,Harris County Emergency Services District #9,2024,BrdMem,,Robert,,Paiva,Vice President,,,,,0,,,,,,,
75716,103226555,EBE50F2C-D230-4E7D-8EC8-69E9FF49A474,Harris County Emergency Services District #9,2024,BrdMem,,Bevin,,Gordon,Asst Sec-Treas,,,,,0,,,,,,,
75721,103226555,E28A2F31-4F3D-4B62-AC47-C1506BAEA2DA,Harris County Emergency Services District #9,2025,BrdMem,,Jaime,,Martinez,Vice President,,,,,0,,,,,,,
75722,103226555,E28A2F31-4F3D-4B62-AC47-C1506BAEA2DA,Harris County Emergency Services District #9,2025,BrdMem,,Naressa,,MacKinnon,Secretary,,,,,0,,,,,,,
75723,103226555,E28A2F31-4F3D-4B62-AC47-C1506BAEA2DA,Harris County Emergency Services District #9,2025,BrdMem,,Bevin,,Gordon,Asst Sec-Treas,,,,,0,,,,,,,
75724,103226555,E28A2F31-4F3D-4B62-AC47-C1506BAEA2DA,Harris County Emergency Services District #9,2025,BrdMem,,Robert,,Paiva,President,,,,,0,,,,,,,
75725,103226555,E28A2F31-4F3D-4B62-AC47-C1506BAEA2DA,Harris County Emergency Services District #9,2025,BrdMem,,Kevin,,Stertzel,Treasurer,,,,,0,,,,,,,
75730,103226555,F6DDFAF6-37B7-4DC4-8535-8643FC170F21,Harris County Emergency Services District #9,2026,BrdMem,,Bevin,,Gordon,Treasurer,,,,,0,,,,,,,
75731,103226555,F6DDFAF6-37B7-4DC4-8535-8643FC170F21,Harris County Emergency Services District #9,2026,BrdMem,,Naressa,,MacKinnon,President,,,,,0,,,,,,,
75732,103226555,F6DDFAF6-37B7-4DC4-8535-8643FC170F21,Harris County Emergency Services District #9,2026,BrdMem,,Jaime,,Martinez,Asst. Treasurer,,,,,0,,,,,,,
75733,103226555,F6DDFAF6-37B7-4DC4-8535-8643FC170F21,Harris County Emergency Services District #9,2026,BrdMem,,Cameron,,Dickey,Vice President,,,,,0,,,,,,,
75734,103226555,F6DDFAF6-37B7-4DC4-8535-8643FC170F21,Harris County Emergency Services District #9,2026,BrdMem,,Robert,,Paiva,Secretary,,,,,0,,,,,,,
76400,103226566,5745C8DD-8848-42B0-A2B5-A04A8A6DDBCF,Ochiltree County Hospital District,2018,BrdMem,,Ramon,,Vela III,Secretary,,,,,0,,,,,,,
76401,103226566,5745C8DD-8848-42B0-A2B5-A04A8A6DDBCF,Ochiltree County Hospital District,2018,BrdMem,,Stephanie,,Tarvin,President,,,,,0,,,,,,,
76402,103226566,5745C8DD-8848-42B0-A2B5-A04A8A6DDBCF,Ochiltree County Hospital District,2018,BrdMem,,Lori,,Dollar,Director,,,,,0,,,,,,,
76403,103226566,5745C8DD-8848-42B0-A2B5-A04A8A6DDBCF,Ochiltree County Hospital District,2018,BrdMem,,Steven,,Waide,Director,,,,,0,,,,,,,
76404,103226566,5745C8DD-8848-42B0-A2B5-A04A8A6DDBCF,Ochiltree County Hospital District,2018,BrdMem,,Kirk,,Courson,Director,,,,,0,,,,,,,
76408,103226566,973AA684-B5B5-4A97-A8C4-2BC042AD161E,Ochiltree County Hospital District,2019,BrdMem,,Lori,,Dollar,Director,,,,,0,,,,,,,
76409,103226566,973AA684-B5B5-4A97-A8C4-2BC042AD161E,Ochiltree County Hospital District,2019,BrdMem,,Stephanie,,Tarvin,President,,,,,0,,,,,,,
76410,103226566,973AA684-B5B5-4A97-A8C4-2BC042AD161E,Ochiltree County Hospital District,2019,BrdMem,,Steven,,Waide,Director,,,,,0,,,,,,,
76411,103226566,973AA684-B5B5-4A97-A8C4-2BC042AD161E,Ochiltree County Hospital District,2019,BrdMem,,Ramon,,Vela III,Secretary,,,,,0,,,,,,,
76412,103226566,973AA684-B5B5-4A97-A8C4-2BC042AD161E,Ochiltree County Hospital District,2019,BrdMem,,Kirk,,Courson,Director,,,,,0,,,,,,,
76416,103226566,506C1F1F-7C78-4E9D-A88C-EE46F2A21A58,Ochiltree County Hospital District,2020,BrdMem,,Tyler,,"Kirklin, DDS",Director,,,,,0,,,,,,,
76417,103226566,506C1F1F-7C78-4E9D-A88C-EE46F2A21A58,Ochiltree County Hospital District,2020,BrdMem,,Steven,,Waide,Director,,,,,0,,,,,,,
76418,103226566,506C1F1F-7C78-4E9D-A88C-EE46F2A21A58,Ochiltree County Hospital District,2020,BrdMem,,Lori,,Dollar,Director,,,,,0,,,,,,,
76419,103226566,506C1F1F-7C78-4E9D-A88C-EE46F2A21A58,Ochiltree County Hospital District,2020,BrdMem,,Kirk,,Courson,Director,,,,,0,,,,,,,
76420,103226566,506C1F1F-7C78-4E9D-A88C-EE46F2A21A58,Ochiltree County Hospital District,2020,BrdMem,,Stephanie,,Tarvin,President,,,,,0,,,,,,,
76424,103226566,D8B2F362-E676-4659-8EF5-02D738272A8A,Ochiltree County Hospital District,2021,BrdMem,,Lori,,Dollar,Director,,,,,0,,,,,,,
76425,103226566,D8B2F362-E676-4659-8EF5-02D738272A8A,Ochiltree County Hospital District,2021,BrdMem,,Steven,,Waide,Director,,,,,0,,,,,,,
76426,103226566,D8B2F362-E676-4659-8EF5-02D738272A8A,Ochiltree County Hospital District,2021,BrdMem,,Stephanie,,Tarvin,President,,,,,0,,,,,,,
76427,103226566,D8B2F362-E676-4659-8EF5-02D738272A8A,Ochiltree County Hospital District,2021,BrdMem,,Tyler,,"Kirklin, DDS",Director,,,,,0,,,,,,,
76428,103226566,D8B2F362-E676-4659-8EF5-02D738272A8A,Ochiltree County Hospital District,2021,BrdMem,,Kirk,,Courson,Director,,,,,0,,,,,,,
76432,103226566,28481BAF-1C6D-4BF3-93CD-4CB120442F58,Ochiltree County Hospital District,2022,BrdMem,,Tyler,,"Kirklin, DDS",Director,,,,,0,,,,,,,
76433,103226566,28481BAF-1C6D-4BF3-93CD-4CB120442F58,Ochiltree County Hospital District,2022,BrdMem,,Kirk,,Courson,Director,,,,,0,,,,,,,
76434,103226566,28481BAF-1C6D-4BF3-93CD-4CB120442F58,Ochiltree County Hospital District,2022,BrdMem,,Steven,,Waide,Director,,,,,0,,,,,,,
76435,103226566,28481BAF-1C6D-4BF3-93CD-4CB120442F58,Ochiltree County Hospital District,2022,BrdMem,,Stephanie,,Tarvin,President,,,,,0,,,,,,,
76436,103226566,28481BAF-1C6D-4BF3-93CD-4CB120442F58,Ochiltree County Hospital District,2022,BrdMem,,Lori,,Dollar,Director,,,,,0,,,,,,,
76440,103226566,726FEAB9-9218-4692-9D1D-0978B13845BA,Ochiltree County Hospital District,2023,BrdMem,,Stephanie,,Tarvin,President,,,,,0,,,,,,,
76441,103226566,726FEAB9-9218-4692-9D1D-0978B13845BA,Ochiltree County Hospital District,2023,BrdMem,,Tyler,,"Kirklin, DDS",Director,,,,,0,,,,,,,
76442,103226566,726FEAB9-9218-4692-9D1D-0978B13845BA,Ochiltree County Hospital District,2023,BrdMem,,Kirk,,Courson,Director,,,,,0,,,,,,,
76443,103226566,726FEAB9-9218-4692-9D1D-0978B13845BA,Ochiltree County Hospital District,2023,BrdMem,,Steven,,Waide,Director,,,,,0,,,,,,,
76444,103226566,726FEAB9-9218-4692-9D1D-0978B13845BA,Ochiltree County Hospital District,2023,BrdMem,,Lori,,Dollar,Director,,,,,0,,,,,,,
76448,103226566,9B379FC6-8589-4D90-83E5-DAD0802158E0,Ochiltree County Hospital District,2024,BrdMem,,Kirk,,Courson,Director,,,,,0,,,,,,,
76449,103226566,9B379FC6-8589-4D90-83E5-DAD0802158E0,Ochiltree County Hospital District,2024,BrdMem,,Tyler,,"Kirklin, DDS",Director,,,,,0,,,,,,,
76450,103226566,9B379FC6-8589-4D90-83E5-DAD0802158E0,Ochiltree County Hospital District,2024,BrdMem,,Stephanie,,Tarvin,President,,,,,0,,,,,,,
76451,103226566,9B379FC6-8589-4D90-83E5-DAD0802158E0,Ochiltree County Hospital District,2024,BrdMem,,Lori,,Dollar,Director,,,,,0,,,,,,,
76452,103226566,9B379FC6-8589-4D90-83E5-DAD0802158E0,Ochiltree County Hospital District,2024,BrdMem,,Steven,,Waide,Director,,,,,0,,,,,,,
76456,103226566,F5E9AF46-AA2C-483D-88D9-FD4270ED4070,Ochiltree County Hospital District,2025,BrdMem,,Tyler,,"Kirklin, DDS",Director,,,,,0,,,,,,,
76457,103226566,F5E9AF46-AA2C-483D-88D9-FD4270ED4070,Ochiltree County Hospital District,2025,BrdMem,,Richie,,Gastineau,Director,,,,,0,,,,,,,
76458,103226566,F5E9AF46-AA2C-483D-88D9-FD4270ED4070,Ochiltree County Hospital District,2025,BrdMem,,Lori,,Dollar,Director,,,,,0,,,,,,,
76459,103226566,F5E9AF46-AA2C-483D-88D9-FD4270ED4070,Ochiltree County Hospital District,2025,BrdMem,,Steven,,Waide,Director,,,,,0,,,,,,,
76460,103226566,F5E9AF46-AA2C-483D-88D9-FD4270ED4070,Ochiltree County Hospital District,2025,BrdMem,,Stephanie,,Tarvin,President,,,,,0,,,,,,,
76464,103226566,68913FE4-82CD-424A-A846-90C1FD83CD16,Ochiltree County Hospital District,2026,BrdMem,,Lori,,Dollar,Director,,,,,0,,,,,,,
76465,103226566,68913FE4-82CD-424A-A846-90C1FD83CD16,Ochiltree County Hospital District,2026,BrdMem,,Tyler,,"Kirklin, DDS",Director,,,,,0,,,,,,,
76466,103226566,68913FE4-82CD-424A-A846-90C1FD83CD16,Ochiltree County Hospital District,2026,BrdMem,,Richie,,Gastineau,Director,,,,,0,,,,,,,
76467,103226566,68913FE4-82CD-424A-A846-90C1FD83CD16,Ochiltree County Hospital District,2026,BrdMem,,Stephanie,,Tarvin,President,,,,,0,,,,,,,
76468,103226566,68913FE4-82CD-424A-A846-90C1FD83CD16,Ochiltree County Hospital District,2026,BrdMem,,Steven,,Waide,Director,,,,,0,,,,,,,
78611,103226603,386CA4A7-0A4A-4349-A276-28F678B503C8,Coleman County Medical Center,2018,BrdMem,,Sarah,,Beal,Secretary,,,,,0,,,,,,,
78612,103226603,386CA4A7-0A4A-4349-A276-28F678B503C8,Coleman County Medical Center,2018,BrdMem,,Mary,,Griffis,Vice-President,,,,,0,,,,,,,
78613,103226603,386CA4A7-0A4A-4349-A276-28F678B503C8,Coleman County Medical Center,2018,BrdMem,,Wayne,,Moore,President,,,,,0,,,,,,,
78614,103226603,386CA4A7-0A4A-4349-A276-28F678B503C8,Coleman County Medical Center,2018,BrdMem,,James,,Pelton,Member,,,,,0,,,,,,,
78615,103226603,386CA4A7-0A4A-4349-A276-28F678B503C8,Coleman County Medical Center,2018,BrdMem,,Linda,,Laws,Member,,,,,0,,,,,,,
78616,103226603,386CA4A7-0A4A-4349-A276-28F678B503C8,Coleman County Medical Center,2018,BrdMem,,Danyelle,,Hemphill,Member,,,,,0,,,,,,,
78617,103226603,386CA4A7-0A4A-4349-A276-28F678B503C8,Coleman County Medical Center,2018,BrdMem,,Ken,,Gifford,Member,,,,,0,,,,,,,
78622,103226603,96EFD825-8C2C-4A88-BAE5-3D1FE83AE206,Coleman County Medical Center,2019,BrdMem,,Danyelle,,Hemphill,Member,,,,,0,,,,,,,
78623,103226603,96EFD825-8C2C-4A88-BAE5-3D1FE83AE206,Coleman County Medical Center,2019,BrdMem,,Wayne,,Moore,President,,,,,0,,,,,,,
78624,103226603,96EFD825-8C2C-4A88-BAE5-3D1FE83AE206,Coleman County Medical Center,2019,BrdMem,,James,,Pelton,Member,,,,,0,,,,,,,
78625,103226603,96EFD825-8C2C-4A88-BAE5-3D1FE83AE206,Coleman County Medical Center,2019,BrdMem,,Ken,,Gifford,Member,,,,,0,,,,,,,
78626,103226603,96EFD825-8C2C-4A88-BAE5-3D1FE83AE206,Coleman County Medical Center,2019,BrdMem,,Linda,,Laws,Member,,,,,0,,,,,,,
78627,103226603,96EFD825-8C2C-4A88-BAE5-3D1FE83AE206,Coleman County Medical Center,2019,BrdMem,,Mary,,Griffis,Vice-President,,,,,0,,,,,,,
78628,103226603,96EFD825-8C2C-4A88-BAE5-3D1FE83AE206,Coleman County Medical Center,2019,BrdMem,,Sarah,,Beal,Secretary,,,,,0,,,,,,,
78633,103226603,ED565BB3-9739-4665-8E84-147C007E6CDC,Coleman County Medical Center,2020,BrdMem,,Linda,,Laws,Member,,,,,0,,,,,,,
78634,103226603,ED565BB3-9739-4665-8E84-147C007E6CDC,Coleman County Medical Center,2020,BrdMem,,James,,Pelton,Member,,,,,0,,,,,,,
78635,103226603,ED565BB3-9739-4665-8E84-147C007E6CDC,Coleman County Medical Center,2020,BrdMem,,Mary,,Griffis,Vice-President,,,,,0,,,,,,,
78636,103226603,ED565BB3-9739-4665-8E84-147C007E6CDC,Coleman County Medical Center,2020,BrdMem,,Danyelle,,Hemphill,Member,,,,,0,,,,,,,
78637,103226603,ED565BB3-9739-4665-8E84-147C007E6CDC,Coleman County Medical Center,2020,BrdMem,,Wayne,,Moore,President,,,,,0,,,,,,,
78638,103226603,ED565BB3-9739-4665-8E84-147C007E6CDC,Coleman County Medical Center,2020,BrdMem,,Ken,,Gifford,Member,,,,,0,,,,,,,
78639,103226603,ED565BB3-9739-4665-8E84-147C007E6CDC,Coleman County Medical Center,2020,BrdMem,,Sarah,,Beal,Secretary,,,,,0,,,,,,,
78644,103226603,AF2A93CF-40AD-49EF-AE95-FF03664F11D9,Coleman County Medical Center,2021,BrdMem,,Linda,,Laws,Member,,,,,0,,,,,,,
78645,103226603,AF2A93CF-40AD-49EF-AE95-FF03664F11D9,Coleman County Medical Center,2021,BrdMem,,James,,Pelton,Member,,,,,0,,,,,,,
78646,103226603,AF2A93CF-40AD-49EF-AE95-FF03664F11D9,Coleman County Medical Center,2021,BrdMem,,Mary,,Griffis,Vice-President,,,,,0,,,,,,,
78647,103226603,AF2A93CF-40AD-49EF-AE95-FF03664F11D9,Coleman County Medical Center,2021,BrdMem,,Sarah,,Beal,Secretary,,,,,0,,,,,,,
78648,103226603,AF2A93CF-40AD-49EF-AE95-FF03664F11D9,Coleman County Medical Center,2021,BrdMem,,Wayne,,Moore,President,,,,,0,,,,,,,
78649,103226603,AF2A93CF-40AD-49EF-AE95-FF03664F11D9,Coleman County Medical Center,2021,BrdMem,,Danyelle,,Hemphill,Member,,,,,0,,,,,,,
78650,103226603,AF2A93CF-40AD-49EF-AE95-FF03664F11D9,Coleman County Medical Center,2021,BrdMem,,Ken,,Gifford,Member,,,,,0,,,,,,,
78655,103226603,8A4F189A-16FB-4CB3-BF35-185CA08FD87F,Coleman County Medical Center,2022,BrdMem,,Linda,,Laws,Member,,,,,0,,,,,,,
78656,103226603,8A4F189A-16FB-4CB3-BF35-185CA08FD87F,Coleman County Medical Center,2022,BrdMem,,Sarah,,Beal,Secretary,,,,,0,,,,,,,
78657,103226603,8A4F189A-16FB-4CB3-BF35-185CA08FD87F,Coleman County Medical Center,2022,BrdMem,,Danyelle,,Hemphill,Member,,,,,0,,,,,,,
78658,103226603,8A4F189A-16FB-4CB3-BF35-185CA08FD87F,Coleman County Medical Center,2022,BrdMem,,Mary,,Griffis,Vice-President,,,,,0,,,,,,,
78659,103226603,8A4F189A-16FB-4CB3-BF35-185CA08FD87F,Coleman County Medical Center,2022,BrdMem,,James,,Pelton,Member,,,,,0,,,,,,,
78660,103226603,8A4F189A-16FB-4CB3-BF35-185CA08FD87F,Coleman County Medical Center,2022,BrdMem,,Manuel,,Salazar,Member,,,,,0,,,,,,,
78661,103226603,8A4F189A-16FB-4CB3-BF35-185CA08FD87F,Coleman County Medical Center,2022,BrdMem,,Wayne,,Moore,President,,,,,0,,,,,,,
78666,103226603,6BC47294-4CD1-4E70-A271-098EC41943CD,Coleman County Medical Center,2023,BrdMem,,Wayne,,Moore,President,,,,,0,,,,,,,
78667,103226603,6BC47294-4CD1-4E70-A271-098EC41943CD,Coleman County Medical Center,2023,BrdMem,,Linda,,Laws,Member,,,,,0,,,,,,,
78668,103226603,6BC47294-4CD1-4E70-A271-098EC41943CD,Coleman County Medical Center,2023,BrdMem,,Danyelle,,Hemphill,Member,,,,,0,,,,,,,
78669,103226603,6BC47294-4CD1-4E70-A271-098EC41943CD,Coleman County Medical Center,2023,BrdMem,,Mary,,Griffis,Vice-President,,,,,0,,,,,,,
78670,103226603,6BC47294-4CD1-4E70-A271-098EC41943CD,Coleman County Medical Center,2023,BrdMem,,James,,Pelton,Member,,,,,0,,,,,,,
78671,103226603,6BC47294-4CD1-4E70-A271-098EC41943CD,Coleman County Medical Center,2023,BrdMem,,Manuel,,Salazar,Member,,,,,0,,,,,,,
78672,103226603,6BC47294-4CD1-4E70-A271-098EC41943CD,Coleman County Medical Center,2023,BrdMem,,Sarah,,Beal,Secretary,,,,,0,,,,,,,
78677,103226603,34DBC860-0F3E-4C55-BEB0-07B39AC85CCD,Coleman County Medical Center,2024,BrdMem,,Linda,,Laws,Member,,,,,0,,,,,,,
78678,103226603,34DBC860-0F3E-4C55-BEB0-07B39AC85CCD,Coleman County Medical Center,2024,BrdMem,,Manuel,,Salazar,Member,,,,,0,,,,,,,
78679,103226603,34DBC860-0F3E-4C55-BEB0-07B39AC85CCD,Coleman County Medical Center,2024,BrdMem,,James,,Pelton,Member,,,,,0,,,,,,,
78680,103226603,34DBC860-0F3E-4C55-BEB0-07B39AC85CCD,Coleman County Medical Center,2024,BrdMem,,Wayne,,Moore,President,,,,,0,,,,,,,
78681,103226603,34DBC860-0F3E-4C55-BEB0-07B39AC85CCD,Coleman County Medical Center,2024,BrdMem,,Sarah,,Beal,Secretary,,,,,0,,,,,,,
78682,103226603,34DBC860-0F3E-4C55-BEB0-07B39AC85CCD,Coleman County Medical Center,2024,BrdMem,,Mary,,Griffis,Vice-President,,,,,0,,,,,,,
78683,103226603,34DBC860-0F3E-4C55-BEB0-07B39AC85CCD,Coleman County Medical Center,2024,BrdMem,,Danyelle,,Hemphill,Member,,,,,0,,,,,,,
78688,103226603,1ACD6C05-320D-4149-A92D-16FE3C1180ED,Coleman County Medical Center,2025,BrdMem,,Manuel,,Salazar,Member,,,,,0,,,,,,,
78689,103226603,1ACD6C05-320D-4149-A92D-16FE3C1180ED,Coleman County Medical Center,2025,BrdMem,,Danyelle,,Hemphill,Member,,,,,0,,,,,,,
78690,103226603,1ACD6C05-320D-4149-A92D-16FE3C1180ED,Coleman County Medical Center,2025,BrdMem,,Wayne,,Moore,President,,,,,0,,,,,,,
78691,103226603,1ACD6C05-320D-4149-A92D-16FE3C1180ED,Coleman County Medical Center,2025,BrdMem,,Mary,,Griffis,Vice-President,,,,,0,,,,,,,
78692,103226603,1ACD6C05-320D-4149-A92D-16FE3C1180ED,Coleman County Medical Center,2025,BrdMem,,James,,Pelton,Member,,,,,0,,,,,,,
78693,103226603,1ACD6C05-320D-4149-A92D-16FE3C1180ED,Coleman County Medical Center,2025,BrdMem,,Sarah,,Beal,Secretary,,,,,0,,,,,,,
78694,103226603,1ACD6C05-320D-4149-A92D-16FE3C1180ED,Coleman County Medical Center,2025,BrdMem,,Linda,,Laws,Member,,,,,0,,,,,,,
78699,103226603,BCEB2713-2C95-4ED3-9BCC-AEB84D1F33A6,Coleman County Medical Center,2026,BrdMem,,James,,Pelton,Member,,,,,0,,,,,,,
78700,103226603,BCEB2713-2C95-4ED3-9BCC-AEB84D1F33A6,Coleman County Medical Center,2026,BrdMem,,Danyelle,,Hemphill,Member,,,,,0,,,,,,,
78701,103226603,BCEB2713-2C95-4ED3-9BCC-AEB84D1F33A6,Coleman County Medical Center,2026,BrdMem,,Deborah,,Long,Member,,,,,0,,,,,,,
78702,103226603,BCEB2713-2C95-4ED3-9BCC-AEB84D1F33A6,Coleman County Medical Center,2026,BrdMem,,Manuel,,Salazar,Member,,,,,0,,,,,,,
78703,103226603,BCEB2713-2C95-4ED3-9BCC-AEB84D1F33A6,Coleman County Medical Center,2026,BrdMem,,Mary,,Griffis,President,,,,,0,,,,,,,
78704,103226603,BCEB2713-2C95-4ED3-9BCC-AEB84D1F33A6,Coleman County Medical Center,2026,BrdMem,,Sarah,,Beal,Secretary,,,,,0,,,,,,,
78705,103226603,BCEB2713-2C95-4ED3-9BCC-AEB84D1F33A6,Coleman County Medical Center,2026,BrdMem,,Marvin,,Hale,Member,,,,,0,,,,,,,
82391,103226672,003472E1-3B34-40C6-A0AE-73AB327CC113,Lockney General Hospital District,2018,BrdMem,,Darrell,,Rasco,Vice President,,,,,0,,,,,,,
82392,103226672,003472E1-3B34-40C6-A0AE-73AB327CC113,Lockney General Hospital District,2018,BrdMem,,Andy,,Ford,Member,,,,,0,,,,,,,
82393,103226672,003472E1-3B34-40C6-A0AE-73AB327CC113,Lockney General Hospital District,2018,BrdMem,,Embre,,Douglas,Member,,,,,0,,,,,,,
82394,103226672,003472E1-3B34-40C6-A0AE-73AB327CC113,Lockney General Hospital District,2018,BrdMem,,D'Lynn,,Morris,Secretary,,,,,0,,,,,,,
82395,103226672,003472E1-3B34-40C6-A0AE-73AB327CC113,Lockney General Hospital District,2018,BrdMem,,Denise,,Doucette,President,,,,,0,,,,,,,
82399,103226672,972E074F-33FF-43BD-A4E2-831A658C30B1,Lockney General Hospital District,2019,BrdMem,,D'Lynn,,Morris,Secretary,,,,,0,,,,,,,
82400,103226672,972E074F-33FF-43BD-A4E2-831A658C30B1,Lockney General Hospital District,2019,BrdMem,,Darrell,,Rasco,President,,,,,0,,,,,,,
82401,103226672,972E074F-33FF-43BD-A4E2-831A658C30B1,Lockney General Hospital District,2019,BrdMem,,Andy,,Ford,Member,,,,,0,,,,,,,
82402,103226672,972E074F-33FF-43BD-A4E2-831A658C30B1,Lockney General Hospital District,2019,BrdMem,,Monty,,Teeter,Member,,,,,0,,,,,,,
82403,103226672,972E074F-33FF-43BD-A4E2-831A658C30B1,Lockney General Hospital District,2019,BrdMem,,Brent,,Barker,Vice President,,,,,0,,,,,,,
82407,103226672,B0B9B8FE-6A2B-4394-A324-2601E94B0842,Lockney General Hospital District,2020,BrdMem,,Brent,,Barker,Vice President,,,,,0,,,,,,,
82408,103226672,B0B9B8FE-6A2B-4394-A324-2601E94B0842,Lockney General Hospital District,2020,BrdMem,,D'Lynn,,Morris,Secretary,,,,,0,,,,,,,
82409,103226672,B0B9B8FE-6A2B-4394-A324-2601E94B0842,Lockney General Hospital District,2020,BrdMem,,Andy,,Ford,Member,,,,,0,,,,,,,
82410,103226672,B0B9B8FE-6A2B-4394-A324-2601E94B0842,Lockney General Hospital District,2020,BrdMem,,Monty,,Teeter,Member,,,,,0,,,,,,,
82411,103226672,B0B9B8FE-6A2B-4394-A324-2601E94B0842,Lockney General Hospital District,2020,BrdMem,,Darrell,,Rasco,President,,,,,0,,,,,,,
82415,103226672,3563D94C-1DE0-4C68-A648-53F2EDA11AA5,Lockney General Hospital District,2021,BrdMem,,Monty,,Teeter,Member,,,,,0,,,,,,,
82416,103226672,3563D94C-1DE0-4C68-A648-53F2EDA11AA5,Lockney General Hospital District,2021,BrdMem,,Darrell,,Rasco,President,,,,,0,,,,,,,
82417,103226672,3563D94C-1DE0-4C68-A648-53F2EDA11AA5,Lockney General Hospital District,2021,BrdMem,,Andy,,Ford,Member,,,,,0,,,,,,,
82418,103226672,3563D94C-1DE0-4C68-A648-53F2EDA11AA5,Lockney General Hospital District,2021,BrdMem,,D'Lynn,,Morris,Secretary,,,,,0,,,,,,,
82419,103226672,3563D94C-1DE0-4C68-A648-53F2EDA11AA5,Lockney General Hospital District,2021,BrdMem,,Brent,,Barker,Vice President,,,,,0,,,,,,,
82423,103226672,E300E226-4658-4068-AAB2-C7F4E2D5D383,Lockney General Hospital District,2022,BrdMem,,Brent,,Barker,Vice President,,,,,0,,,,,,,
82424,103226672,E300E226-4658-4068-AAB2-C7F4E2D5D383,Lockney General Hospital District,2022,BrdMem,,Monty,,Teeter,Member,,,,,0,,,,,,,
82425,103226672,E300E226-4658-4068-AAB2-C7F4E2D5D383,Lockney General Hospital District,2022,BrdMem,,Darrell,,Rasco,President,,,,,0,,,,,,,
82426,103226672,E300E226-4658-4068-AAB2-C7F4E2D5D383,Lockney General Hospital District,2022,BrdMem,,Andy,,Ford,Member,,,,,0,,,,,,,
82427,103226672,E300E226-4658-4068-AAB2-C7F4E2D5D383,Lockney General Hospital District,2022,BrdMem,,D'Lynn,,Morris,Secretary,,,,,0,,,,,,,
82431,103226672,50DE3CDE-7B12-4AA5-BD90-35F3A9300CA1,Lockney General Hospital District,2024,BrdMem,,Brent,,Barker,Vice President,,,,,0,,,,,,,
82432,103226672,50DE3CDE-7B12-4AA5-BD90-35F3A9300CA1,Lockney General Hospital District,2024,BrdMem,,Andy,,Ford,Secretary,,,,,0,,,,,,,
82433,103226672,50DE3CDE-7B12-4AA5-BD90-35F3A9300CA1,Lockney General Hospital District,2024,BrdMem,,Becky,,McPherson,member,,,,,0,,,,,,,
82434,103226672,50DE3CDE-7B12-4AA5-BD90-35F3A9300CA1,Lockney General Hospital District,2024,BrdMem,,Marlon,,McDonald,Member,,,,,0,,,,,,,
82435,103226672,50DE3CDE-7B12-4AA5-BD90-35F3A9300CA1,Lockney General Hospital District,2024,BrdMem,,Monty,,Teeter,President,,,,,0,,,,,,,
82439,103226672,AEECB40E-775D-4B5C-80CE-A30C44A814B2,Lockney General Hospital District,2025,BrdMem,,Amy,,Kellison,Mrs.,,,,,0,,,,,,,
82440,103226672,AEECB40E-775D-4B5C-80CE-A30C44A814B2,Lockney General Hospital District,2025,BrdMem,,D'Lyn,,Morris,Mrs.,,,,,0,,,,,,,
82441,103226672,AEECB40E-775D-4B5C-80CE-A30C44A814B2,Lockney General Hospital District,2025,BrdMem,,Brent,,Barker,Vice President,,,,,0,,,,,,,
82442,103226672,AEECB40E-775D-4B5C-80CE-A30C44A814B2,Lockney General Hospital District,2025,BrdMem,,Marlon,,McDonald,Member,,,,,0,,,,,,,
82443,103226672,AEECB40E-775D-4B5C-80CE-A30C44A814B2,Lockney General Hospital District,2025,BrdMem,,Becky,,McPherson,member,,,,,0,,,,,,,
82447,103226672,A6B8F26C-6AB1-48DB-A8A4-8F56D41FF3DC,Lockney General Hospital District,2026,BrdMem,,Becky,,McPherson,member,,,,,0,,,,,,,
82448,103226672,A6B8F26C-6AB1-48DB-A8A4-8F56D41FF3DC,Lockney General Hospital District,2026,BrdMem,,D'Lyn,,Morris,Mrs.,,,,,0,,,,,,,
82449,103226672,A6B8F26C-6AB1-48DB-A8A4-8F56D41FF3DC,Lockney General Hospital District,2026,BrdMem,,Zach,,Cummings,member,,,,,0,,,,,,,
82450,103226672,A6B8F26C-6AB1-48DB-A8A4-8F56D41FF3DC,Lockney General Hospital District,2026,BrdMem,,Brent,,Barker,President,,,,,0,,,,,,,
82451,103226672,A6B8F26C-6AB1-48DB-A8A4-8F56D41FF3DC,Lockney General Hospital District,2026,BrdMem,,Marlon,,McDonald,Member,,,,,0,,,,,,,
84719,103226734,A4DDFDF8-4FF0-4300-9EC5-31B264327649,Darrouzett Hospital District,2018,BrdMem,,Brandon,,Meier,Member,,,,,0,,,,,,,
84720,103226734,A4DDFDF8-4FF0-4300-9EC5-31B264327649,Darrouzett Hospital District,2018,BrdMem,,Lane,,Hill,Member,,,,,0,,,,,,,
84721,103226734,A4DDFDF8-4FF0-4300-9EC5-31B264327649,Darrouzett Hospital District,2018,BrdMem,,Randy,,Collar,Vice President,,,,,0,,,,,,,
84722,103226734,A4DDFDF8-4FF0-4300-9EC5-31B264327649,Darrouzett Hospital District,2018,BrdMem,,Mark,,Lobemeyer,President,,,,,0,,,,,,,
84723,103226734,A4DDFDF8-4FF0-4300-9EC5-31B264327649,Darrouzett Hospital District,2018,BrdMem,,Justin,,Walsh,Sec & Tres,,,,,0,,,,,,,
84724,103226734,A4DDFDF8-4FF0-4300-9EC5-31B264327649,Darrouzett Hospital District,2018,BrdMem,,Kay,,Manthe,Member,,,,,0,,,,,,,
84728,103226734,FD0730F0-DD95-4479-9136-A42C5EBAA4FD,Darrouzett Hospital District,2019,BrdMem,,Brandon,,Meier,Member,,,,,0,,,,,,,
84729,103226734,FD0730F0-DD95-4479-9136-A42C5EBAA4FD,Darrouzett Hospital District,2019,BrdMem,,Justin,,Walsh,Sec & Tres,,,,,0,,,,,,,
84730,103226734,FD0730F0-DD95-4479-9136-A42C5EBAA4FD,Darrouzett Hospital District,2019,BrdMem,,Mark,,Lobemeyer,President,,,,,0,,,,,,,
84731,103226734,FD0730F0-DD95-4479-9136-A42C5EBAA4FD,Darrouzett Hospital District,2019,BrdMem,,Lane,,Hill,Member,,,,,0,,,,,,,
84732,103226734,FD0730F0-DD95-4479-9136-A42C5EBAA4FD,Darrouzett Hospital District,2019,BrdMem,,Randy,,Collar,Vice President,,,,,0,,,,,,,
84733,103226734,FD0730F0-DD95-4479-9136-A42C5EBAA4FD,Darrouzett Hospital District,2019,BrdMem,,Kay,,Manthe,Member,,,,,0,,,,,,,
84737,103226734,2A287821-DEF4-491A-9C0D-CDA0E0CBA1AE,Darrouzett Hospital District,2020,BrdMem,,Kay,,Manthe,Tres,,,,,0,,,,,,,
84738,103226734,2A287821-DEF4-491A-9C0D-CDA0E0CBA1AE,Darrouzett Hospital District,2020,BrdMem,,Brandon,,Meier,Pres,,,,,0,,,,,,,
84739,103226734,2A287821-DEF4-491A-9C0D-CDA0E0CBA1AE,Darrouzett Hospital District,2020,BrdMem,,Justin,,Walsh,VP,,,,,0,,,,,,,
84740,103226734,2A287821-DEF4-491A-9C0D-CDA0E0CBA1AE,Darrouzett Hospital District,2020,BrdMem,,Randy,,Collar,Member,,,,,0,,,,,,,
84741,103226734,2A287821-DEF4-491A-9C0D-CDA0E0CBA1AE,Darrouzett Hospital District,2020,BrdMem,,Sandy,,Woods,Sec,,,,,0,,,,,,,
84745,103226734,FA74E71A-E810-46F8-A40F-4F10300FB44E,Darrouzett Hospital District,2021,BrdMem,,Sandy,,Woods,Board Member,,,,,0,,,,,,,
84746,103226734,FA74E71A-E810-46F8-A40F-4F10300FB44E,Darrouzett Hospital District,2021,BrdMem,,Randy,,Collar,VP,,,,,0,,,,,,,
84747,103226734,FA74E71A-E810-46F8-A40F-4F10300FB44E,Darrouzett Hospital District,2021,BrdMem,,Brandon,,Meier,Pres,,,,,0,,,,,,,
84748,103226734,FA74E71A-E810-46F8-A40F-4F10300FB44E,Darrouzett Hospital District,2021,BrdMem,,Lane,,Hill,Board Member,,,,,0,,,,,,,
84749,103226734,FA74E71A-E810-46F8-A40F-4F10300FB44E,Darrouzett Hospital District,2021,BrdMem,,Justin,,Walsh,Secretary and Tres,,,,,0,,,,,,,
84753,103226734,B03AB15B-9196-49E8-83A9-681651A85FD9,Darrouzett Hospital District,2022,BrdMem,,Kim,,Butler,Secretary,,,,,0,,,,,,,
84754,103226734,B03AB15B-9196-49E8-83A9-681651A85FD9,Darrouzett Hospital District,2022,BrdMem,,Lane,,Hill,Board Member,,,,,0,,,,,,,
84755,103226734,B03AB15B-9196-49E8-83A9-681651A85FD9,Darrouzett Hospital District,2022,BrdMem,,Sean,,Durfey,Member,,,,,0,,,,,,,
84759,103226734,9BA78552-876E-4FAA-9143-52A0BE24332F,Darrouzett Hospital District,2023,BrdMem,,Kay,,Duke,President,,,,,0,,,,,,,
84760,103226734,9BA78552-876E-4FAA-9143-52A0BE24332F,Darrouzett Hospital District,2023,BrdMem,,Katy,,Cantu,Secretary-Treasurer,,,,,0,,,,,,,
84761,103226734,9BA78552-876E-4FAA-9143-52A0BE24332F,Darrouzett Hospital District,2023,BrdMem,,Lane,,Hill,Vice President,,,,,0,,,,,,,
84762,103226734,9BA78552-876E-4FAA-9143-52A0BE24332F,Darrouzett Hospital District,2023,BrdMem,,Nancy,,Barnett,Board Member,,,,,0,,,,,,,
84763,103226734,9BA78552-876E-4FAA-9143-52A0BE24332F,Darrouzett Hospital District,2023,BrdMem,,Sandra,,Clark,Board Member,,,,,0,,,,,,,
84764,103226734,9BA78552-876E-4FAA-9143-52A0BE24332F,Darrouzett Hospital District,2023,BrdMem,,Kim,,Butler,Board Member,,,,,0,,,,,,,
84768,103226734,105003DF-4702-4EC2-BDA7-AB047FBC0F48,Darrouzett Hospital District,2024,BrdMem,,Nancy,,Barnett,Board Member,,,,,0,,,,,,,
84769,103226734,105003DF-4702-4EC2-BDA7-AB047FBC0F48,Darrouzett Hospital District,2024,BrdMem,,Kim,,Butler,Board Member,,,,,0,,,,,,,
84770,103226734,105003DF-4702-4EC2-BDA7-AB047FBC0F48,Darrouzett Hospital District,2024,BrdMem,,Kay,,Duke,President,,,,,0,,,,,,,
84771,103226734,105003DF-4702-4EC2-BDA7-AB047FBC0F48,Darrouzett Hospital District,2024,BrdMem,,Kaycee,,LONG,member,,,,,0,,,,,,,
84772,103226734,105003DF-4702-4EC2-BDA7-AB047FBC0F48,Darrouzett Hospital District,2024,BrdMem,,Sandra,,Clark,Board Member,,,,,0,,,,,,,
84773,103226734,105003DF-4702-4EC2-BDA7-AB047FBC0F48,Darrouzett Hospital District,2024,BrdMem,,Katy,,Cantu,Secretary-Treasurer,,,,,0,,,,,,,
84777,103226734,2A784342-B42B-47FA-975F-011236A7BAA3,Darrouzett Hospital District,2025,BrdMem,,Kaycee,,LONG,member,,,,,0,,,,,,,
84778,103226734,2A784342-B42B-47FA-975F-011236A7BAA3,Darrouzett Hospital District,2025,BrdMem,,Nancy,,Barnett,Board Member,,,,,0,,,,,,,
84779,103226734,2A784342-B42B-47FA-975F-011236A7BAA3,Darrouzett Hospital District,2025,BrdMem,,Katy,,Cantu,Secretary-Treasurer,,,,,0,,,,,,,
84780,103226734,2A784342-B42B-47FA-975F-011236A7BAA3,Darrouzett Hospital District,2025,BrdMem,,Sam,,Schwerzenbach,Board Member,,,,,0,,,,,,,
84781,103226734,2A784342-B42B-47FA-975F-011236A7BAA3,Darrouzett Hospital District,2025,BrdMem,,Kim,,Butler,Board Member,,,,,0,,,,,,,
84782,103226734,2A784342-B42B-47FA-975F-011236A7BAA3,Darrouzett Hospital District,2025,BrdMem,,Lane,,Hill,Board Member,,,,,0,,,,,,,
84966,103226737,6EFD7716-929E-4A73-9C2D-58151DAFBE6A,Smith County Emergency Services District #2,2018,BrdMem,,Charles,,Wilson,Board Vice-President,,,,,0,,,,,,,
84967,103226737,6EFD7716-929E-4A73-9C2D-58151DAFBE6A,Smith County Emergency Services District #2,2018,BrdMem,,Earl,,Drott,Board Commissioner,,,,,0,,,,,,,
84968,103226737,6EFD7716-929E-4A73-9C2D-58151DAFBE6A,Smith County Emergency Services District #2,2018,BrdMem,,Randal,,Melton,Board President,,,,,0,,,,,,,
84969,103226737,6EFD7716-929E-4A73-9C2D-58151DAFBE6A,Smith County Emergency Services District #2,2018,BrdMem,,Leroy,,Biggers,Assistant Treasurer,,,,,0,,,,,,,
84970,103226737,6EFD7716-929E-4A73-9C2D-58151DAFBE6A,Smith County Emergency Services District #2,2018,BrdMem,,Paul,,Perryman,SecretaryTreasurer,,,,,0,,,,,,,
84974,103226737,F6FD70CB-CE3D-407B-B5BE-EE31E488CEC0,Smith County Emergency Services District #2,2019,BrdMem,,Leroy,,Biggers,Assistant Treasurer,,,,,0,,,,,,,
84975,103226737,F6FD70CB-CE3D-407B-B5BE-EE31E488CEC0,Smith County Emergency Services District #2,2019,BrdMem,,Randal,,Melton,Board President,,,,,0,,,,,,,
84976,103226737,F6FD70CB-CE3D-407B-B5BE-EE31E488CEC0,Smith County Emergency Services District #2,2019,BrdMem,,Paul,,Perryman,SecretaryTreasurer,,,,,0,,,,,,,
84977,103226737,F6FD70CB-CE3D-407B-B5BE-EE31E488CEC0,Smith County Emergency Services District #2,2019,BrdMem,,Earl,,Drott,Board Commissioner,,,,,0,,,,,,,
84978,103226737,F6FD70CB-CE3D-407B-B5BE-EE31E488CEC0,Smith County Emergency Services District #2,2019,BrdMem,,Charles,,Wilson,Board Vice-President,,,,,0,,,,,,,
84982,103226737,F7DC63C0-377B-400A-8557-E02874A6DC39,Smith County Emergency Services District #2,2021,BrdMem,,Mathew,,McKeethon,vice president,,,,,0,,,,,,,
84983,103226737,F7DC63C0-377B-400A-8557-E02874A6DC39,Smith County Emergency Services District #2,2021,BrdMem,,Leroy,,Biggers,Assistant Treasurer,,,,,0,,,,,,,
84984,103226737,F7DC63C0-377B-400A-8557-E02874A6DC39,Smith County Emergency Services District #2,2021,BrdMem,,Johnny,,Brown,board president,,,,,0,,,,,,,
84985,103226737,F7DC63C0-377B-400A-8557-E02874A6DC39,Smith County Emergency Services District #2,2021,BrdMem,,Charles,,Wilson,board member,,,,,0,,,,,,,
84986,103226737,F7DC63C0-377B-400A-8557-E02874A6DC39,Smith County Emergency Services District #2,2021,BrdMem,,Brent,,Dominy,treasure,,,,,0,,,,,,,
84990,103226737,627A9232-E9A0-4EAC-B0B7-62503A77E3EB,Smith County Emergency Services District #2,2022,BrdMem,,Brent,,Dominy,treasure,,,,,0,,,,,,,
84991,103226737,627A9232-E9A0-4EAC-B0B7-62503A77E3EB,Smith County Emergency Services District #2,2022,BrdMem,,Leroy,,Biggers,Assistant Treasurer,,,,,0,,,,,,,
84992,103226737,627A9232-E9A0-4EAC-B0B7-62503A77E3EB,Smith County Emergency Services District #2,2022,BrdMem,,Charles,,Wilson,board member,,,,,0,,,,,,,
84993,103226737,627A9232-E9A0-4EAC-B0B7-62503A77E3EB,Smith County Emergency Services District #2,2022,BrdMem,,Mathew,,McKeethon,vice president,,,,,0,,,,,,,
84994,103226737,627A9232-E9A0-4EAC-B0B7-62503A77E3EB,Smith County Emergency Services District #2,2022,BrdMem,,Johnny,,Brown,board president,,,,,0,,,,,,,
84998,103226737,AD310927-7A1E-45C2-B8E4-977A1ED5C40D,Smith County Emergency Services District #2,2023,BrdMem,,Brent,,Dominy,treasure,,,,,0,,,,,,,
84999,103226737,AD310927-7A1E-45C2-B8E4-977A1ED5C40D,Smith County Emergency Services District #2,2023,BrdMem,,Brad,,Edwards,Commissioner,,,,,0,,,,,,,
85000,103226737,AD310927-7A1E-45C2-B8E4-977A1ED5C40D,Smith County Emergency Services District #2,2023,BrdMem,,Charles,,Wilson,Assistant Treasurer,,,,,0,,,,,,,
85001,103226737,AD310927-7A1E-45C2-B8E4-977A1ED5C40D,Smith County Emergency Services District #2,2023,BrdMem,,Scott,,Thornton,Commissioner,,,,,0,,,,,,,
85002,103226737,AD310927-7A1E-45C2-B8E4-977A1ED5C40D,Smith County Emergency Services District #2,2023,BrdMem,,Johnny,,Brown,board president,,,,,0,,,,,,,
85006,103226737,01EA3042-E339-49C1-B91D-618490A0C659,Smith County Emergency Services District #2,2024,BrdMem,,Scotty,,Thornton,Assistant Treasurer,,,,,0,,,,,,,
85007,103226737,01EA3042-E339-49C1-B91D-618490A0C659,Smith County Emergency Services District #2,2024,BrdMem,,Brent,,Dominy,Treasurer,,,,,0,,,,,,,
85008,103226737,01EA3042-E339-49C1-B91D-618490A0C659,Smith County Emergency Services District #2,2024,BrdMem,,Johnny,,Brown,board president,,,,,0,,,,,,,
85009,103226737,01EA3042-E339-49C1-B91D-618490A0C659,Smith County Emergency Services District #2,2024,BrdMem,,Brad,,Edwards,Commissioner,,,,,0,,,,,,,
85010,103226737,01EA3042-E339-49C1-B91D-618490A0C659,Smith County Emergency Services District #2,2024,BrdMem,,Charles,,Wilson,Vice President,,,,,0,,,,,,,
85014,103226737,909E33CB-BD7C-4ED2-9D0C-F7EB34C39ADF,Smith County Emergency Services District #2,2025,BrdMem,,Lester,,Arnold,Board Member,,,,,0,,,,,,,
85015,103226737,909E33CB-BD7C-4ED2-9D0C-F7EB34C39ADF,Smith County Emergency Services District #2,2025,BrdMem,,Scotty,,Thornton,Assistant Treasurer,,,,,0,,,,,,,
85016,103226737,909E33CB-BD7C-4ED2-9D0C-F7EB34C39ADF,Smith County Emergency Services District #2,2025,BrdMem,,Johnny,,Brown,board president,,,,,0,,,,,,,
85017,103226737,909E33CB-BD7C-4ED2-9D0C-F7EB34C39ADF,Smith County Emergency Services District #2,2025,BrdMem,,Brent,,Dominy,Treasurer,,,,,0,,,,,,,
85018,103226737,909E33CB-BD7C-4ED2-9D0C-F7EB34C39ADF,Smith County Emergency Services District #2,2025,BrdMem,,Charles,,Wilson,Vice President,,,,,0,,,,,,,
85022,103226737,D602EFCF-C57F-42FF-A36F-6BB264461596,Smith County Emergency Services District #2,2026,BrdMem,,Scotty,,Thorton,Records Mgmt Officer,,,,,0,,,,,,,
85023,103226737,D602EFCF-C57F-42FF-A36F-6BB264461596,Smith County Emergency Services District #2,2026,BrdMem,,Johnny,,Brown,President,,,,,0,,,,,,,
85024,103226737,D602EFCF-C57F-42FF-A36F-6BB264461596,Smith County Emergency Services District #2,2026,BrdMem,,Brent,,Dominy,Treasurer,,,,,0,,,,,,,
85025,103226737,D602EFCF-C57F-42FF-A36F-6BB264461596,Smith County Emergency Services District #2,2026,BrdMem,,Charles,,Wilson,Vice President,,,,,0,,,,,,,
85026,103226737,D602EFCF-C57F-42FF-A36F-6BB264461596,Smith County Emergency Services District #2,2026,BrdMem,,Arnold,,Lester,Asst Treasurer,,,,,0,,,,,,,
86948,103226768,D7144D3F-B51D-4FE8-BD87-70A99D8AC436,Orange County Emergency Services District #2,2018,BrdMem,,Jimmie,,Franklin,Vice President,,,,,0,,,,,,,
86949,103226768,D7144D3F-B51D-4FE8-BD87-70A99D8AC436,Orange County Emergency Services District #2,2018,BrdMem,,Jeffery,,Daigle,Treasurer,,,,,0,,,,,,,
86950,103226768,D7144D3F-B51D-4FE8-BD87-70A99D8AC436,Orange County Emergency Services District #2,2018,BrdMem,,Glen,,Childers,Member,,,,,0,,,,,,,
86951,103226768,D7144D3F-B51D-4FE8-BD87-70A99D8AC436,Orange County Emergency Services District #2,2018,BrdMem,,Carroll,,LeBlanc,President,,,,,0,,,,,,,
86952,103226768,D7144D3F-B51D-4FE8-BD87-70A99D8AC436,Orange County Emergency Services District #2,2018,BrdMem,,Matthew,,Browning,Secretary,,,,,0,,,,,,,
86956,103226768,5361DABA-D9CD-40FD-BFF7-604CCE27C77A,Orange County Emergency Services District #2,2019,BrdMem,,Matthew,,Browning,Secretary,,,,,0,,,,,,,
86957,103226768,5361DABA-D9CD-40FD-BFF7-604CCE27C77A,Orange County Emergency Services District #2,2019,BrdMem,,Glen,,Childers,Member,,,,,0,,,,,,,
86958,103226768,5361DABA-D9CD-40FD-BFF7-604CCE27C77A,Orange County Emergency Services District #2,2019,BrdMem,,Jeffery,,Daigle,Treasurer,,,,,0,,,,,,,
86959,103226768,5361DABA-D9CD-40FD-BFF7-604CCE27C77A,Orange County Emergency Services District #2,2019,BrdMem,,Jimmie,,Franklin,Vice President,,,,,0,,,,,,,
86960,103226768,5361DABA-D9CD-40FD-BFF7-604CCE27C77A,Orange County Emergency Services District #2,2019,BrdMem,,Carroll,,LeBlanc,President,,,,,0,,,,,,,
86964,103226768,AC15D382-5935-4798-ADFC-AE93326F175F,Orange County Emergency Services District #2,2020,BrdMem,,Matthew,,Browning,Secretary,,,,,0,,,,,,,
86965,103226768,AC15D382-5935-4798-ADFC-AE93326F175F,Orange County Emergency Services District #2,2020,BrdMem,,Jimmie,,Franklin,Vice President,,,,,0,,,,,,,
86966,103226768,AC15D382-5935-4798-ADFC-AE93326F175F,Orange County Emergency Services District #2,2020,BrdMem,,Glen,,Childers,Member,,,,,0,,,,,,,
86967,103226768,AC15D382-5935-4798-ADFC-AE93326F175F,Orange County Emergency Services District #2,2020,BrdMem,,Jeffery,,Daigle,Treasurer,,,,,0,,,,,,,
86968,103226768,AC15D382-5935-4798-ADFC-AE93326F175F,Orange County Emergency Services District #2,2020,BrdMem,,Carroll,,LeBlanc,President,,,,,0,,,,,,,
86972,103226768,CD78C108-7B7A-4B5E-AD1D-79F7E6D6079A,Orange County Emergency Services District #2,2021,BrdMem,,Glen,,Childers,Member,,,,,0,,,,,,,
86973,103226768,CD78C108-7B7A-4B5E-AD1D-79F7E6D6079A,Orange County Emergency Services District #2,2021,BrdMem,,Jimmie,,Franklin,Vice President,,,,,0,,,,,,,
86974,103226768,CD78C108-7B7A-4B5E-AD1D-79F7E6D6079A,Orange County Emergency Services District #2,2021,BrdMem,,Christopher,,Landry,Secretary-Treasurer,,,,,0,,,,,,,
86975,103226768,CD78C108-7B7A-4B5E-AD1D-79F7E6D6079A,Orange County Emergency Services District #2,2021,BrdMem,,Scott,,Barnes,Member,,,,,0,,,,,,,
86976,103226768,CD78C108-7B7A-4B5E-AD1D-79F7E6D6079A,Orange County Emergency Services District #2,2021,BrdMem,,Carroll,,LeBlanc,President,,,,,0,,,,,,,
86980,103226768,EE7394C1-32D8-4EF9-8F4C-9102ED2D3837,Orange County Emergency Services District #2,2022,BrdMem,,Christopher,,Landry,Secretary-Treasurer,,,,,0,,,,,,,
86981,103226768,EE7394C1-32D8-4EF9-8F4C-9102ED2D3837,Orange County Emergency Services District #2,2022,BrdMem,,Scott,,Barnes,Member,,,,,0,,,,,,,
86982,103226768,EE7394C1-32D8-4EF9-8F4C-9102ED2D3837,Orange County Emergency Services District #2,2022,BrdMem,,Glen,,Childers,Member,,,,,0,,,,,,,
86983,103226768,EE7394C1-32D8-4EF9-8F4C-9102ED2D3837,Orange County Emergency Services District #2,2022,BrdMem,,Jimmie,,Franklin,Vice President,,,,,0,,,,,,,
86984,103226768,EE7394C1-32D8-4EF9-8F4C-9102ED2D3837,Orange County Emergency Services District #2,2022,BrdMem,,Carroll,,LeBlanc,President,,,,,0,,,,,,,
86988,103226768,174FCD16-99EF-4E1E-9C50-393744183B0A,Orange County Emergency Services District #2,2023,BrdMem,,Christopher,,Landry,Treasurer,,,,,0,,,,,,,
86989,103226768,174FCD16-99EF-4E1E-9C50-393744183B0A,Orange County Emergency Services District #2,2023,BrdMem,,Carroll,,LeBlanc,President,,,,,0,,,,,,,
86990,103226768,174FCD16-99EF-4E1E-9C50-393744183B0A,Orange County Emergency Services District #2,2023,BrdMem,,Scott,,Barnes,Secretary,,,,,0,,,,,,,
86991,103226768,174FCD16-99EF-4E1E-9C50-393744183B0A,Orange County Emergency Services District #2,2023,BrdMem,,Glen,,Childers,VP,,,,,0,,,,,,,
86992,103226768,174FCD16-99EF-4E1E-9C50-393744183B0A,Orange County Emergency Services District #2,2023,BrdMem,,Wesley,,Arnold,Asst. Treasurer,,,,,0,,,,,,,
86996,103226768,31AEC336-1FE2-48A4-A017-DB43C1DC6DCC,Orange County Emergency Services District #2,2024,BrdMem,,Carroll,,LeBlanc,President,,,,,0,,,,,,,
86997,103226768,31AEC336-1FE2-48A4-A017-DB43C1DC6DCC,Orange County Emergency Services District #2,2024,BrdMem,,Wesley,,Arnold,Asst. Treasurer,,,,,0,,,,,,,
86998,103226768,31AEC336-1FE2-48A4-A017-DB43C1DC6DCC,Orange County Emergency Services District #2,2024,BrdMem,,Scott,,Barnes,Secretary,,,,,0,,,,,,,
86999,103226768,31AEC336-1FE2-48A4-A017-DB43C1DC6DCC,Orange County Emergency Services District #2,2024,BrdMem,,Christopher,,Landry,Treasurer,,,,,0,,,,,,,
87000,103226768,31AEC336-1FE2-48A4-A017-DB43C1DC6DCC,Orange County Emergency Services District #2,2024,BrdMem,,Glen,,Childers,VP,,,,,0,,,,,,,
87004,103226768,25202E79-7E05-4E12-B265-39296FE12C57,Orange County Emergency Services District #2,2025,BrdMem,,Wesley,,Arnold,Asst. Treasurer,,,,,0,,,,,,,
87005,103226768,25202E79-7E05-4E12-B265-39296FE12C57,Orange County Emergency Services District #2,2025,BrdMem,,Glen,,Childers,VP,,,,,0,,,,,,,
87006,103226768,25202E79-7E05-4E12-B265-39296FE12C57,Orange County Emergency Services District #2,2025,BrdMem,,Scott,,Barnes,Secretary,,,,,0,,,,,,,
87007,103226768,25202E79-7E05-4E12-B265-39296FE12C57,Orange County Emergency Services District #2,2025,BrdMem,,Christopher,,Landry,Treasurer,,,,,0,,,,,,,
87008,103226768,25202E79-7E05-4E12-B265-39296FE12C57,Orange County Emergency Services District #2,2025,BrdMem,,Carroll,,LeBlanc,President,,,,,0,,,,,,,
87012,103226768,B2EA221A-8E33-431D-99F0-85EFD732C925,Orange County Emergency Services District #2,2026,BrdMem,,Christopher,,Landry,Treasurer,,,,,0,,,,,,,
87013,103226768,B2EA221A-8E33-431D-99F0-85EFD732C925,Orange County Emergency Services District #2,2026,BrdMem,,Glen,,Childers,VP,,,,,0,,,,,,,
87014,103226768,B2EA221A-8E33-431D-99F0-85EFD732C925,Orange County Emergency Services District #2,2026,BrdMem,,Wesley,,Arnold,Asst. Treasurer,,,,,0,,,,,,,
87015,103226768,B2EA221A-8E33-431D-99F0-85EFD732C925,Orange County Emergency Services District #2,2026,BrdMem,,Carroll,,LeBlanc,President,,,,,0,,,,,,,
87016,103226768,B2EA221A-8E33-431D-99F0-85EFD732C925,Orange County Emergency Services District #2,2026,BrdMem,,Scott,,Barnes,Secretary,,,,,0,,,,,,,
87111,103226770,9AD66F53-A6A2-4290-A93A-FC6ED19D64A5,Viridian Municipal Management District,2018,BrdMem,,Thomas,,O'Dwyer,Chairman,,,,,0,,,,,,,
87112,103226770,9AD66F53-A6A2-4290-A93A-FC6ED19D64A5,Viridian Municipal Management District,2018,BrdMem,,Kevin,,McGlaun,Director,,,,,0,,,,,,,
87113,103226770,9AD66F53-A6A2-4290-A93A-FC6ED19D64A5,Viridian Municipal Management District,2018,BrdMem,,Roger,,Wurtele,Vice Chairman,,,,,0,,,,,,,
87114,103226770,9AD66F53-A6A2-4290-A93A-FC6ED19D64A5,Viridian Municipal Management District,2018,BrdMem,,Terry,,Bertrand,Assistant Secretary,,,,,0,,,,,,,
87115,103226770,9AD66F53-A6A2-4290-A93A-FC6ED19D64A5,Viridian Municipal Management District,2018,BrdMem,,Collin,,Prater,Secretary,,,,,0,,,,,,,
87120,103226770,ABC3BC33-9CDC-4925-8A25-56BFE8D7787A,Viridian Municipal Management District,2019,BrdMem,,Thomas,,O'Dwyer,Chairman,,,,,0,,,,,,,
87121,103226770,ABC3BC33-9CDC-4925-8A25-56BFE8D7787A,Viridian Municipal Management District,2019,BrdMem,,Terry,,Bertrand,Assistant Secretary,,,,,0,,,,,,,
87122,103226770,ABC3BC33-9CDC-4925-8A25-56BFE8D7787A,Viridian Municipal Management District,2019,BrdMem,,Kevin,,McGlaun,Director,,,,,0,,,,,,,
87123,103226770,ABC3BC33-9CDC-4925-8A25-56BFE8D7787A,Viridian Municipal Management District,2019,BrdMem,,Roger,,Wurtele,Vice Chairman,,,,,0,,,,,,,
87124,103226770,ABC3BC33-9CDC-4925-8A25-56BFE8D7787A,Viridian Municipal Management District,2019,BrdMem,,Collin,,Prater,Secretary,,,,,0,,,,,,,
87129,103226770,4CCE181B-08B4-421B-B1D4-7A7BB25B19FA,Viridian Municipal Management District,2020,BrdMem,,Kevin,,McGlaun,Director,,,,,0,,,,,,,
87130,103226770,4CCE181B-08B4-421B-B1D4-7A7BB25B19FA,Viridian Municipal Management District,2020,BrdMem,,Roger,,Wurtele,Chairman,,,,,0,,,,,,,
87131,103226770,4CCE181B-08B4-421B-B1D4-7A7BB25B19FA,Viridian Municipal Management District,2020,BrdMem,,Michelle,,Deuell,Vice Chairman,,,,,0,,,,,,,
87132,103226770,4CCE181B-08B4-421B-B1D4-7A7BB25B19FA,Viridian Municipal Management District,2020,BrdMem,,Stephen,,Zimmer,Director,,,,,0,,,,,,,
87133,103226770,4CCE181B-08B4-421B-B1D4-7A7BB25B19FA,Viridian Municipal Management District,2020,BrdMem,,Terry,,Bertrand,Secretary,,,,,0,,,,,,,
87138,103226770,7D34165C-8033-4373-9F08-AE068EDCEA7E,Viridian Municipal Management District,2021,BrdMem,,Valerie,,Landry,Director,,,,,0,,,,,,,
87139,103226770,7D34165C-8033-4373-9F08-AE068EDCEA7E,Viridian Municipal Management District,2021,BrdMem,,David,,Devries,Director,,,,,0,,,,,,,
87140,103226770,7D34165C-8033-4373-9F08-AE068EDCEA7E,Viridian Municipal Management District,2021,BrdMem,,Michelle,,Deuell,Chair,,,,,0,,,,,,,
87141,103226770,7D34165C-8033-4373-9F08-AE068EDCEA7E,Viridian Municipal Management District,2021,BrdMem,,Terry,,Bertrand,Secretary,,,,,0,,,,,,,
87142,103226770,7D34165C-8033-4373-9F08-AE068EDCEA7E,Viridian Municipal Management District,2021,BrdMem,,Stephen,,Zimmer,Vice Chair,,,,,0,,,,,,,
87147,103226770,53D34191-7719-4554-AB84-58CAE5D1E163,Viridian Municipal Management District,2022,BrdMem,,Stephen,,Zimmer,Vice Chair,,,,,0,,,,,,,
87148,103226770,53D34191-7719-4554-AB84-58CAE5D1E163,Viridian Municipal Management District,2022,BrdMem,,Terry,,Bertrand,Secretary,,,,,0,,,,,,,
87149,103226770,53D34191-7719-4554-AB84-58CAE5D1E163,Viridian Municipal Management District,2022,BrdMem,,David,,Devries,Director,,,,,0,,,,,,,
87150,103226770,53D34191-7719-4554-AB84-58CAE5D1E163,Viridian Municipal Management District,2022,BrdMem,,Michelle,,Deuell,Chair,,,,,0,,,,,,,
87151,103226770,53D34191-7719-4554-AB84-58CAE5D1E163,Viridian Municipal Management District,2022,BrdMem,,Valerie,,Landry,Director,,,,,0,,,,,,,
87156,103226770,9183B705-70CE-4A9B-939E-026AD7B1D1C4,Viridian Municipal Management District,2023,BrdMem,,Stephen,,Zimmer,Vice Chair,,,,,0,,,,,,,
87157,103226770,9183B705-70CE-4A9B-939E-026AD7B1D1C4,Viridian Municipal Management District,2023,BrdMem,,Valerie,,Landry,Director,,,,,0,,,,,,,
87158,103226770,9183B705-70CE-4A9B-939E-026AD7B1D1C4,Viridian Municipal Management District,2023,BrdMem,,David,,Devries,Director,,,,,0,,,,,,,
87159,103226770,9183B705-70CE-4A9B-939E-026AD7B1D1C4,Viridian Municipal Management District,2023,BrdMem,,Michelle,,Deuell,Chair,,,,,0,,,,,,,
87160,103226770,9183B705-70CE-4A9B-939E-026AD7B1D1C4,Viridian Municipal Management District,2023,BrdMem,,Terry,,Bertrand,Secretary,,,,,0,,,,,,,
87165,103226770,333DEAD8-6E62-4209-B4AC-CDFF80FAACC0,Viridian Municipal Management District,2024,BrdMem,,Michelle,,Deuell,Chair,,,,,0,,,,,,,
87166,103226770,333DEAD8-6E62-4209-B4AC-CDFF80FAACC0,Viridian Municipal Management District,2024,BrdMem,,Stephen,,Zimmer,Vice Chair,,,,,0,,,,,,,
87167,103226770,333DEAD8-6E62-4209-B4AC-CDFF80FAACC0,Viridian Municipal Management District,2024,BrdMem,,Terry,,Bertrand,Secretary,,,,,0,,,,,,,
87168,103226770,333DEAD8-6E62-4209-B4AC-CDFF80FAACC0,Viridian Municipal Management District,2024,BrdMem,,David,,Devries,Director,,,,,0,,,,,,,
87169,103226770,333DEAD8-6E62-4209-B4AC-CDFF80FAACC0,Viridian Municipal Management District,2024,BrdMem,,Valerie,,Landry,Director,,,,,0,,,,,,,
87174,103226770,B9D496A8-FF94-442A-B8E8-613D6309D0B6,Viridian Municipal Management District,2025,BrdMem,,Terry,,Bertrand,Mr.,,,,,0,,,,,,,
87175,103226770,B9D496A8-FF94-442A-B8E8-613D6309D0B6,Viridian Municipal Management District,2025,BrdMem,,Denise,,Clifton,Ms.,,,,,0,,,,,,,
87176,103226770,B9D496A8-FF94-442A-B8E8-613D6309D0B6,Viridian Municipal Management District,2025,BrdMem,,John,,Smith,Mr.,,,,,0,,,,,,,
87177,103226770,B9D496A8-FF94-442A-B8E8-613D6309D0B6,Viridian Municipal Management District,2025,BrdMem,,David,,DeVries,Mr.,,,,,0,,,,,,,
87178,103226770,B9D496A8-FF94-442A-B8E8-613D6309D0B6,Viridian Municipal Management District,2025,BrdMem,,Michelle,,Deuell,Ms.,,,,,0,,,,,,,
87183,103226770,0BA033D5-3AAC-4EF3-A743-D2CE6206E2CF,Viridian Municipal Management District,2026,BrdMem,,Terry,,Bertrand,Mr.,,,,,0,,,,,,,
87184,103226770,0BA033D5-3AAC-4EF3-A743-D2CE6206E2CF,Viridian Municipal Management District,2026,BrdMem,,David,,DeVries,Mr.,,,,,0,,,,,,,
87185,103226770,0BA033D5-3AAC-4EF3-A743-D2CE6206E2CF,Viridian Municipal Management District,2026,BrdMem,,John,,Smith,Mr.,,,,,0,,,,,,,
87186,103226770,0BA033D5-3AAC-4EF3-A743-D2CE6206E2CF,Viridian Municipal Management District,2026,BrdMem,,Michelle,,Deuell,Ms.,,,,,0,,,,,,,
87187,103226770,0BA033D5-3AAC-4EF3-A743-D2CE6206E2CF,Viridian Municipal Management District,2026,BrdMem,,Denise,,Clifton,Ms.,,,,,0,,,,,,,
87396,103226775,C0A242D3-411D-451B-AB66-6C2A6F6B5FCB,Harris County Emergency Services District #16,2018,BrdMem,,Michael,,Pate,Vice President,,,,,0,,,,,,,
87397,103226775,C0A242D3-411D-451B-AB66-6C2A6F6B5FCB,Harris County Emergency Services District #16,2018,BrdMem,,Herbert,,Marker,President,,,,,0,,,,,,,
87398,103226775,C0A242D3-411D-451B-AB66-6C2A6F6B5FCB,Harris County Emergency Services District #16,2018,BrdMem,,Steve,,Falkner,Secretary,,,,,0,,,,,,,
87399,103226775,C0A242D3-411D-451B-AB66-6C2A6F6B5FCB,Harris County Emergency Services District #16,2018,BrdMem,,Bob,,Carson,Treasurer,,,,,0,,,,,,,
87400,103226775,C0A242D3-411D-451B-AB66-6C2A6F6B5FCB,Harris County Emergency Services District #16,2018,BrdMem,,Rich,,Jones,Assistant Treasurer,,,,,0,,,,,,,
87405,103226775,7C97AC7F-E6AF-4931-8977-56A0B934797C,Harris County Emergency Services District #16,2019,BrdMem,,Michael,,Pate,Vice President,,,,,0,,,,,,,
87406,103226775,7C97AC7F-E6AF-4931-8977-56A0B934797C,Harris County Emergency Services District #16,2019,BrdMem,,Steve,,Falkner,Secretary,,,,,0,,,,,,,
87407,103226775,7C97AC7F-E6AF-4931-8977-56A0B934797C,Harris County Emergency Services District #16,2019,BrdMem,,Rich,,Jones,President,,,,,0,,,,,,,
87408,103226775,7C97AC7F-E6AF-4931-8977-56A0B934797C,Harris County Emergency Services District #16,2019,BrdMem,,Lance,,Wilson,Assistant Treasurer,,,,,0,,,,,,,
87409,103226775,7C97AC7F-E6AF-4931-8977-56A0B934797C,Harris County Emergency Services District #16,2019,BrdMem,,Bob,,Carson,Treasurer,,,,,0,,,,,,,
87414,103226775,CE9CAAEC-8EC2-432B-8853-275D19B836C5,Harris County Emergency Services District #16,2020,BrdMem,,Bob,,Carson,Treasurer,,,,,0,,,,,,,
87415,103226775,CE9CAAEC-8EC2-432B-8853-275D19B836C5,Harris County Emergency Services District #16,2020,BrdMem,,Steve,,Falkner,Secretary,,,,,0,,,,,,,
87416,103226775,CE9CAAEC-8EC2-432B-8853-275D19B836C5,Harris County Emergency Services District #16,2020,BrdMem,,Rich,,Jones,President,,,,,0,,,,,,,
87417,103226775,CE9CAAEC-8EC2-432B-8853-275D19B836C5,Harris County Emergency Services District #16,2020,BrdMem,,Lance,,Wilson,Assistant Treasurer,,,,,0,,,,,,,
87418,103226775,CE9CAAEC-8EC2-432B-8853-275D19B836C5,Harris County Emergency Services District #16,2020,BrdMem,,Michael,,Pate,Vice President,,,,,0,,,,,,,
87423,103226775,26DB9557-E834-4810-A271-6BD088D2589A,Harris County Emergency Services District #16,2021,BrdMem,,Rich,,Jones,President,,,,,0,,,,,,,
87424,103226775,26DB9557-E834-4810-A271-6BD088D2589A,Harris County Emergency Services District #16,2021,BrdMem,,Mike,,Pate,Treasurer,,,,,0,,,,,,,
87425,103226775,26DB9557-E834-4810-A271-6BD088D2589A,Harris County Emergency Services District #16,2021,BrdMem,,Marcus,,Melvin,Commissioner,,,,,0,,,,,,,
87426,103226775,26DB9557-E834-4810-A271-6BD088D2589A,Harris County Emergency Services District #16,2021,BrdMem,,Lance,,Wilson,Vice President,,,,,0,,,,,,,
87427,103226775,26DB9557-E834-4810-A271-6BD088D2589A,Harris County Emergency Services District #16,2021,BrdMem,,Steve,,Falkner,Secretary,,,,,0,,,,,,,
87432,103226775,8B1EE377-1316-46C3-AFC6-03DC17508FE0,Harris County Emergency Services District #16,2022,BrdMem,,Rich,,Jones,President,,,,,0,,,,,,,
87433,103226775,8B1EE377-1316-46C3-AFC6-03DC17508FE0,Harris County Emergency Services District #16,2022,BrdMem,,Gary,,Morrison,Secretary,,,,,0,,,,,,,
87434,103226775,8B1EE377-1316-46C3-AFC6-03DC17508FE0,Harris County Emergency Services District #16,2022,BrdMem,,Steve,,Falkner,Assistant Secretary,,,,,0,,,,,,,
87435,103226775,8B1EE377-1316-46C3-AFC6-03DC17508FE0,Harris County Emergency Services District #16,2022,BrdMem,,Mike,,Pate,Treasurer,,,,,0,,,,,,,
87436,103226775,8B1EE377-1316-46C3-AFC6-03DC17508FE0,Harris County Emergency Services District #16,2022,BrdMem,,Lance,,Wilson,Vice President,,,,,0,,,,,,,
87441,103226775,FB5A3F62-F619-45D9-A235-8BDE45ACE853,Harris County Emergency Services District #16,2023,BrdMem,,Anna,,Vollenweider,Vice President,,,,,0,,,,,,,
87442,103226775,FB5A3F62-F619-45D9-A235-8BDE45ACE853,Harris County Emergency Services District #16,2023,BrdMem,,Steve,,Falkner,Assistant Secretary,,,,,0,,,,,,,
87443,103226775,FB5A3F62-F619-45D9-A235-8BDE45ACE853,Harris County Emergency Services District #16,2023,BrdMem,,Lance,,Wilson,President,,,,,0,,,,,,,
87444,103226775,FB5A3F62-F619-45D9-A235-8BDE45ACE853,Harris County Emergency Services District #16,2023,BrdMem,,Gary,,Morrison,Secretary,,,,,0,,,,,,,
87445,103226775,FB5A3F62-F619-45D9-A235-8BDE45ACE853,Harris County Emergency Services District #16,2023,BrdMem,,Mike,,Pate,Treasurer,,,,,0,,,,,,,
87450,103226775,7E1B5400-2AA2-499F-A091-65ECF6BC26DB,Harris County Emergency Services District #16,2024,BrdMem,,Lance,,Wilson,President,,,,,0,,,,,,,
87451,103226775,7E1B5400-2AA2-499F-A091-65ECF6BC26DB,Harris County Emergency Services District #16,2024,BrdMem,,Mike,,Pate,Treasurer,,,,,0,,,,,,,
87452,103226775,7E1B5400-2AA2-499F-A091-65ECF6BC26DB,Harris County Emergency Services District #16,2024,BrdMem,,Steve,,Falkner,Assistant Secretary,,,,,0,,,,,,,
87453,103226775,7E1B5400-2AA2-499F-A091-65ECF6BC26DB,Harris County Emergency Services District #16,2024,BrdMem,,Anna,,Vollenweider,Vice President,,,,,0,,,,,,,
87454,103226775,7E1B5400-2AA2-499F-A091-65ECF6BC26DB,Harris County Emergency Services District #16,2024,BrdMem,,Gary,,Morrison,Secretary,,,,,0,,,,,,,
87459,103226775,D6B08FF5-611D-40D4-B000-B2D576166FAF,Harris County Emergency Services District #16,2025,BrdMem,,Gary,,Morrison,Secretary,,,,,0,,,,,,,
87460,103226775,D6B08FF5-611D-40D4-B000-B2D576166FAF,Harris County Emergency Services District #16,2025,BrdMem,,Mike,,Pate,Treasurer,,,,,0,,,,,,,
87461,103226775,D6B08FF5-611D-40D4-B000-B2D576166FAF,Harris County Emergency Services District #16,2025,BrdMem,,Anna,,Vollenweider,Vice President,,,,,0,,,,,,,
87462,103226775,D6B08FF5-611D-40D4-B000-B2D576166FAF,Harris County Emergency Services District #16,2025,BrdMem,,Lance,,Wilson,President,,,,,0,,,,,,,
87463,103226775,D6B08FF5-611D-40D4-B000-B2D576166FAF,Harris County Emergency Services District #16,2025,BrdMem,,Steve,,Falkner,Assistant Secretary,,,,,0,,,,,,,
87468,103226775,DB8C945F-9788-4986-A983-CFE25C46F464,Harris County Emergency Services District #16,2026,BrdMem,,Brian,,Gillman,Treasurer,,,,,0,,,,,,,
87469,103226775,DB8C945F-9788-4986-A983-CFE25C46F464,Harris County Emergency Services District #16,2026,BrdMem,,Gary,,Morrison,Secretary,,,,,0,,,,,,,
87470,103226775,DB8C945F-9788-4986-A983-CFE25C46F464,Harris County Emergency Services District #16,2026,BrdMem,,Anna,,Vollenweider,Vice President,,,,,0,,,,,,,
87471,103226775,DB8C945F-9788-4986-A983-CFE25C46F464,Harris County Emergency Services District #16,2026,BrdMem,,Steve,,Falkner,Assistant Secretary,,,,,0,,,,,,,
87472,103226775,DB8C945F-9788-4986-A983-CFE25C46F464,Harris County Emergency Services District #16,2026,BrdMem,,Lance,,Wilson,President,,,,,0,,,,,,,
87558,103226777,DB036C11-3114-4D97-85E0-4833DCBCA577,Harris County Emergency Services District #24,2018,BrdMem,,Jerry,,Loyd,President,,,,,0,,,,,,,
87559,103226777,DB036C11-3114-4D97-85E0-4833DCBCA577,Harris County Emergency Services District #24,2018,BrdMem,,Eva Helen,,Garcia,Vice President,,,,,0,,,,,,,
87560,103226777,DB036C11-3114-4D97-85E0-4833DCBCA577,Harris County Emergency Services District #24,2018,BrdMem,,Maria,,Gomez,Commissioner,,,,,0,,,,,,,
87561,103226777,DB036C11-3114-4D97-85E0-4833DCBCA577,Harris County Emergency Services District #24,2018,BrdMem,,Lee,,Spilman,Treasurer,,,,,0,,,,,,,
87562,103226777,DB036C11-3114-4D97-85E0-4833DCBCA577,Harris County Emergency Services District #24,2018,BrdMem,,Loretta,,Robinson,Secretary,,,,,0,,,,,,,
87567,103226777,E8E948FF-4AC1-4D40-883B-4D76493A2A7E,Harris County Emergency Services District #24,2019,BrdMem,,Lee,,Spilman,Treasurer,,,,,0,,,,,,,
87568,103226777,E8E948FF-4AC1-4D40-883B-4D76493A2A7E,Harris County Emergency Services District #24,2019,BrdMem,,Jerry,,Loyd,President,,,,,0,,,,,,,
87569,103226777,E8E948FF-4AC1-4D40-883B-4D76493A2A7E,Harris County Emergency Services District #24,2019,BrdMem,,Maria,,Gomez,Commissioner,,,,,0,,,,,,,
87570,103226777,E8E948FF-4AC1-4D40-883B-4D76493A2A7E,Harris County Emergency Services District #24,2019,BrdMem,,Eva Helen,,Garcia,Vice President,,,,,0,,,,,,,
87571,103226777,E8E948FF-4AC1-4D40-883B-4D76493A2A7E,Harris County Emergency Services District #24,2019,BrdMem,,Loretta,,Robinson,Secretary,,,,,0,,,,,,,
87576,103226777,BCED4A6A-EDB2-4F32-A46C-303DB6861085,Harris County Emergency Services District #24,2020,BrdMem,,Jerry,,Loyd,President,,,,,0,,,,,,,
87577,103226777,BCED4A6A-EDB2-4F32-A46C-303DB6861085,Harris County Emergency Services District #24,2020,BrdMem,,Maria,,Gomez,Commissioner,,,,,0,,,,,,,
87578,103226777,BCED4A6A-EDB2-4F32-A46C-303DB6861085,Harris County Emergency Services District #24,2020,BrdMem,,Lee,,Spilman,Treasurer,,,,,0,,,,,,,
87579,103226777,BCED4A6A-EDB2-4F32-A46C-303DB6861085,Harris County Emergency Services District #24,2020,BrdMem,,Loretta,,Robinson,Secretary,,,,,0,,,,,,,
87580,103226777,BCED4A6A-EDB2-4F32-A46C-303DB6861085,Harris County Emergency Services District #24,2020,BrdMem,,Eva Helen,,Garcia,Vice President,,,,,0,,,,,,,
87585,103226777,FED7B60F-09E7-49C6-8490-D1F07A120A68,Harris County Emergency Services District #24,2021,BrdMem,,Lee,,Spilman,Treasurer,,,,,0,,,,,,,
87586,103226777,FED7B60F-09E7-49C6-8490-D1F07A120A68,Harris County Emergency Services District #24,2021,BrdMem,,Jerry,,Loyd,President,,,,,0,,,,,,,
87587,103226777,FED7B60F-09E7-49C6-8490-D1F07A120A68,Harris County Emergency Services District #24,2021,BrdMem,,Loretta,,Robinson,Secretary,,,,,0,,,,,,,
87588,103226777,FED7B60F-09E7-49C6-8490-D1F07A120A68,Harris County Emergency Services District #24,2021,BrdMem,,Maria,,Gomez,Commissioner,,,,,0,,,,,,,
87589,103226777,FED7B60F-09E7-49C6-8490-D1F07A120A68,Harris County Emergency Services District #24,2021,BrdMem,,Eva Helen,,Garcia,Vice President,,,,,0,,,,,,,
87594,103226777,6E9D5091-C2EE-4A76-87DA-ECAA4EB4C4D3,Harris County Emergency Services District #24,2022,BrdMem,,Jerry,,Loyd,President,,,,,0,,,,,,,
87595,103226777,6E9D5091-C2EE-4A76-87DA-ECAA4EB4C4D3,Harris County Emergency Services District #24,2022,BrdMem,,Eva Helen,,Garcia,Vice President,,,,,0,,,,,,,
87596,103226777,6E9D5091-C2EE-4A76-87DA-ECAA4EB4C4D3,Harris County Emergency Services District #24,2022,BrdMem,,Maria,,Gomez,Assistant Secretary,,,,,0,,,,,,,
87597,103226777,6E9D5091-C2EE-4A76-87DA-ECAA4EB4C4D3,Harris County Emergency Services District #24,2022,BrdMem,,Lee,,Spilman,Treasurer,,,,,0,,,,,,,
87598,103226777,6E9D5091-C2EE-4A76-87DA-ECAA4EB4C4D3,Harris County Emergency Services District #24,2022,BrdMem,,Loretta,,Robinson,Secretary,,,,,0,,,,,,,
87603,103226777,37E96351-A958-4085-AFD1-99F9088BA66F,Harris County Emergency Services District #24,2023,BrdMem,,Lee,,Spilman,Treasurer,,,,,0,,,,,,,
87604,103226777,37E96351-A958-4085-AFD1-99F9088BA66F,Harris County Emergency Services District #24,2023,BrdMem,,Jerry,,Loyd,President,,,,,0,,,,,,,
87605,103226777,37E96351-A958-4085-AFD1-99F9088BA66F,Harris County Emergency Services District #24,2023,BrdMem,,Eva Helen,,Garcia,Vice President,,,,,0,,,,,,,
87606,103226777,37E96351-A958-4085-AFD1-99F9088BA66F,Harris County Emergency Services District #24,2023,BrdMem,,Maria,,Gomez,Assistant Secretary,,,,,0,,,,,,,
87607,103226777,37E96351-A958-4085-AFD1-99F9088BA66F,Harris County Emergency Services District #24,2023,BrdMem,,Loretta,,Robinson,Secretary,,,,,0,,,,,,,
87612,103226777,FEA5A66C-C6E9-45D5-B758-4491449E4407,Harris County Emergency Services District #24,2024,BrdMem,,Eva Helen,,Garcia,Vice President,,,,,0,,,,,,,
87613,103226777,FEA5A66C-C6E9-45D5-B758-4491449E4407,Harris County Emergency Services District #24,2024,BrdMem,,Jerry,,Loyd,President,,,,,0,,,,,,,
87614,103226777,FEA5A66C-C6E9-45D5-B758-4491449E4407,Harris County Emergency Services District #24,2024,BrdMem,,Loretta,,Robinson,Secretary,,,,,0,,,,,,,
87615,103226777,FEA5A66C-C6E9-45D5-B758-4491449E4407,Harris County Emergency Services District #24,2024,BrdMem,,Lee,,Spilman,Treasurer,,,,,0,,,,,,,
87616,103226777,FEA5A66C-C6E9-45D5-B758-4491449E4407,Harris County Emergency Services District #24,2024,BrdMem,,Maria,,Gomez,Assistant Secretary,,,,,0,,,,,,,
87621,103226777,7081D8FB-DA1C-49A2-9AD7-F64AB9AAD4B6,Harris County Emergency Services District #24,2025,BrdMem,,Lee,,Spilman,Treasurer,,,,,0,,,,,,,
87622,103226777,7081D8FB-DA1C-49A2-9AD7-F64AB9AAD4B6,Harris County Emergency Services District #24,2025,BrdMem,,Jerry,,Loyd,President,,,,,0,,,,,,,
87623,103226777,7081D8FB-DA1C-49A2-9AD7-F64AB9AAD4B6,Harris County Emergency Services District #24,2025,BrdMem,,Eva Helen,,Garcia,Vice President,,,,,0,,,,,,,
87624,103226777,7081D8FB-DA1C-49A2-9AD7-F64AB9AAD4B6,Harris County Emergency Services District #24,2025,BrdMem,,Maria,,Gomez,Assistant Secretary,,,,,0,,,,,,,
87625,103226777,7081D8FB-DA1C-49A2-9AD7-F64AB9AAD4B6,Harris County Emergency Services District #24,2025,BrdMem,,Loretta,,Robinson,Secretary,,,,,0,,,,,,,
87630,103226777,EFC058E7-2C3E-4684-A8F3-BD373A21D916,Harris County Emergency Services District #24,2026,BrdMem,,Eva,,Garcia,Asst Treas.Sec.,,,,,0,,,,,,,
87631,103226777,EFC058E7-2C3E-4684-A8F3-BD373A21D916,Harris County Emergency Services District #24,2026,BrdMem,,Maria,,Gomez,Secretary,,,,,0,,,,,,,
87632,103226777,EFC058E7-2C3E-4684-A8F3-BD373A21D916,Harris County Emergency Services District #24,2026,BrdMem,,Jerry,,Loyd,President,,,,,0,,,,,,,
87633,103226777,EFC058E7-2C3E-4684-A8F3-BD373A21D916,Harris County Emergency Services District #24,2026,BrdMem,,Lee,,Spilman,Treasurer,,,,,0,,,,,,,
87634,103226777,EFC058E7-2C3E-4684-A8F3-BD373A21D916,Harris County Emergency Services District #24,2026,BrdMem,,Sandy,,Lawson,Vice President,,,,,0,,,,,,,
87949,103226783,E389C6DC-3F1C-40C3-B833-E515A767C957,Harris County Emergency Services District #7,2018,BrdMem,,Keith,,Willingham,Secretary,,,,,0,,,,,,,
87950,103226783,E389C6DC-3F1C-40C3-B833-E515A767C957,Harris County Emergency Services District #7,2018,BrdMem,,Melanie,,Gander,Commissioner,,,,,0,,,,,,,
87951,103226783,E389C6DC-3F1C-40C3-B833-E515A767C957,Harris County Emergency Services District #7,2018,BrdMem,,Gayle,,Fuller,Vice President,,,,,0,,,,,,,
87952,103226783,E389C6DC-3F1C-40C3-B833-E515A767C957,Harris County Emergency Services District #7,2018,BrdMem,,Bob,,Schmanski,President,,,,,0,,,,,,,
87953,103226783,E389C6DC-3F1C-40C3-B833-E515A767C957,Harris County Emergency Services District #7,2018,BrdMem,,Todd,,Anderson,Commissioner,,,,,0,,,,,,,
87958,103226783,78A72315-0ECA-40C5-86B0-F19E7EAA9DBE,Harris County Emergency Services District #7,2019,BrdMem,,Melanie,,Gander,Commissioner,,,,,0,,,,,,,
87959,103226783,78A72315-0ECA-40C5-86B0-F19E7EAA9DBE,Harris County Emergency Services District #7,2019,BrdMem,,Keith,,Willingham,Secretary,,,,,0,,,,,,,
87960,103226783,78A72315-0ECA-40C5-86B0-F19E7EAA9DBE,Harris County Emergency Services District #7,2019,BrdMem,,Bob,,Schmanski,President,,,,,0,,,,,,,
87961,103226783,78A72315-0ECA-40C5-86B0-F19E7EAA9DBE,Harris County Emergency Services District #7,2019,BrdMem,,Todd,,Anderson,Commissioner,,,,,0,,,,,,,
87962,103226783,78A72315-0ECA-40C5-86B0-F19E7EAA9DBE,Harris County Emergency Services District #7,2019,BrdMem,,Gayle,,Fuller,Vice President,,,,,0,,,,,,,
87967,103226783,6EA365C4-2BC0-49EC-8C83-819BB9542510,Harris County Emergency Services District #7,2020,BrdMem,,Keith,,Willingham,Secretary,,,,,0,,,,,,,
87968,103226783,6EA365C4-2BC0-49EC-8C83-819BB9542510,Harris County Emergency Services District #7,2020,BrdMem,,Bob,,Schmanski,President,,,,,0,,,,,,,
87969,103226783,6EA365C4-2BC0-49EC-8C83-819BB9542510,Harris County Emergency Services District #7,2020,BrdMem,,Todd,,Anderson,Treasurer,,,,,0,,,,,,,
87970,103226783,6EA365C4-2BC0-49EC-8C83-819BB9542510,Harris County Emergency Services District #7,2020,BrdMem,,Melanie,,Gander,Assistant Treasurer,,,,,0,,,,,,,
87971,103226783,6EA365C4-2BC0-49EC-8C83-819BB9542510,Harris County Emergency Services District #7,2020,BrdMem,,Gayle,,Fuller,Vice President,,,,,0,,,,,,,
87976,103226783,3B57A65E-2B45-4395-91F3-25E4C52C0CD8,Harris County Emergency Services District #7,2021,BrdMem,,Melanie,,Gander,Vice President,,,,,0,,,,,,,
87977,103226783,3B57A65E-2B45-4395-91F3-25E4C52C0CD8,Harris County Emergency Services District #7,2021,BrdMem,,Bob,,Schmanski,President,,,,,0,,,,,,,
87978,103226783,3B57A65E-2B45-4395-91F3-25E4C52C0CD8,Harris County Emergency Services District #7,2021,BrdMem,,Todd,,Anderson,Treasurer,,,,,0,,,,,,,
87979,103226783,3B57A65E-2B45-4395-91F3-25E4C52C0CD8,Harris County Emergency Services District #7,2021,BrdMem,,Keith,,Willingham,Secretary,,,,,0,,,,,,,
87980,103226783,3B57A65E-2B45-4395-91F3-25E4C52C0CD8,Harris County Emergency Services District #7,2021,BrdMem,,Gayle,,Fuller,Commissioner,,,,,0,,,,,,,
87985,103226783,2B86E102-1B43-48C6-B93C-FC9957EA89F6,Harris County Emergency Services District #7,2022,BrdMem,,Keith,,Willingham,Secretary,,,,,0,,,,,,,
87986,103226783,2B86E102-1B43-48C6-B93C-FC9957EA89F6,Harris County Emergency Services District #7,2022,BrdMem,,Todd,,Anderson,Treasurer,,,,,0,,,,,,,
87987,103226783,2B86E102-1B43-48C6-B93C-FC9957EA89F6,Harris County Emergency Services District #7,2022,BrdMem,,Melanie,,Gander,President,,,,,0,,,,,,,
87988,103226783,2B86E102-1B43-48C6-B93C-FC9957EA89F6,Harris County Emergency Services District #7,2022,BrdMem,,David,,Mills,Asst Treasurer,,,,,0,,,,,,,
87989,103226783,2B86E102-1B43-48C6-B93C-FC9957EA89F6,Harris County Emergency Services District #7,2022,BrdMem,,Gayle,,Fuller,Vice President,,,,,0,,,,,,,
87994,103226783,B94B4DE5-EF71-40EF-938D-D233B568C54A,Harris County Emergency Services District #7,2023,BrdMem,,David,,Mills,Asst Treasurer,,,,,0,,,,,,,
87995,103226783,B94B4DE5-EF71-40EF-938D-D233B568C54A,Harris County Emergency Services District #7,2023,BrdMem,,Todd,,Anderson,Treasurer,,,,,0,,,,,,,
87996,103226783,B94B4DE5-EF71-40EF-938D-D233B568C54A,Harris County Emergency Services District #7,2023,BrdMem,,Keith,,Willingham,Secretary,,,,,0,,,,,,,
87997,103226783,B94B4DE5-EF71-40EF-938D-D233B568C54A,Harris County Emergency Services District #7,2023,BrdMem,,Melanie,,Gander,President,,,,,0,,,,,,,
87998,103226783,B94B4DE5-EF71-40EF-938D-D233B568C54A,Harris County Emergency Services District #7,2023,BrdMem,,Gayle,,Fuller,Vice President,,,,,0,,,,,,,
88003,103226783,996A5E06-1B50-4C4C-9F89-1ADE15103404,Harris County Emergency Services District #7,2024,BrdMem,,Melanie,,Gander,President,,,,,0,,,,,,,
88004,103226783,996A5E06-1B50-4C4C-9F89-1ADE15103404,Harris County Emergency Services District #7,2024,BrdMem,,Keith,,Willingham,Secretary,,,,,0,,,,,,,
88005,103226783,996A5E06-1B50-4C4C-9F89-1ADE15103404,Harris County Emergency Services District #7,2024,BrdMem,,David,,Mills,Asst Treasurer,,,,,0,,,,,,,
88006,103226783,996A5E06-1B50-4C4C-9F89-1ADE15103404,Harris County Emergency Services District #7,2024,BrdMem,,Gayle,,Fuller,Vice President,,,,,0,,,,,,,
88007,103226783,996A5E06-1B50-4C4C-9F89-1ADE15103404,Harris County Emergency Services District #7,2024,BrdMem,,Todd,,Anderson,Treasurer,,,,,0,,,,,,,
88012,103226783,4DD4F84D-8D3F-494F-B67E-607C78B47C1D,Harris County Emergency Services District #7,2025,BrdMem,,Melanie,,Gander,President,,,,,0,,,,,,,
88013,103226783,4DD4F84D-8D3F-494F-B67E-607C78B47C1D,Harris County Emergency Services District #7,2025,BrdMem,,David,,Mills,Asst Treasurer,,,,,0,,,,,,,
88014,103226783,4DD4F84D-8D3F-494F-B67E-607C78B47C1D,Harris County Emergency Services District #7,2025,BrdMem,,Keith,,Willingham,Secretary,,,,,0,,,,,,,
88015,103226783,4DD4F84D-8D3F-494F-B67E-607C78B47C1D,Harris County Emergency Services District #7,2025,BrdMem,,Bob,,Schmanski,Treasurer,,,,,0,,,,,,,
88020,103226783,9AED0329-82AE-4E34-A883-4EEFEF2A0E96,Harris County Emergency Services District #7,2026,BrdMem,,Jessica,,Babendure,Vice President,,,,,0,,,,,,,
88021,103226783,9AED0329-82AE-4E34-A883-4EEFEF2A0E96,Harris County Emergency Services District #7,2026,BrdMem,,David,,Mills,Treasurer,,,,,0,,,,,,,
88022,103226783,9AED0329-82AE-4E34-A883-4EEFEF2A0E96,Harris County Emergency Services District #7,2026,BrdMem,,Melanie,,Gander,President,,,,,0,,,,,,,
88023,103226783,9AED0329-82AE-4E34-A883-4EEFEF2A0E96,Harris County Emergency Services District #7,2026,BrdMem,,Jonathan,,Zitzmann,Secretary,,,,,0,,,,,,,
88024,103226783,9AED0329-82AE-4E34-A883-4EEFEF2A0E96,Harris County Emergency Services District #7,2026,BrdMem,,Bob,,Schmanski,Assistant Treasurer,,,,,0,,,,,,,
92598,103226880,0144E0FD-6CAC-4DB5-94CF-1EF301CDAD88,Karnes County Hospital District,2018,BrdMem,,David,,Purser,President,,,,,0,,,,,,,
92599,103226880,0144E0FD-6CAC-4DB5-94CF-1EF301CDAD88,Karnes County Hospital District,2018,BrdMem,,Wilfred,,Dziuk,Director,,,,,0,,,,,,,
92600,103226880,0144E0FD-6CAC-4DB5-94CF-1EF301CDAD88,Karnes County Hospital District,2018,BrdMem,,Margie,,Tamez,Secretary,,,,,0,,,,,,,
92601,103226880,0144E0FD-6CAC-4DB5-94CF-1EF301CDAD88,Karnes County Hospital District,2018,BrdMem,,Ray,,Rossett,Director,,,,,0,,,,,,,
92602,103226880,0144E0FD-6CAC-4DB5-94CF-1EF301CDAD88,Karnes County Hospital District,2018,BrdMem,,Richard,,Robinson,Director,,,,,0,,,,,,,
92603,103226880,0144E0FD-6CAC-4DB5-94CF-1EF301CDAD88,Karnes County Hospital District,2018,BrdMem,,Rita,,Jordan,Vice President,,,,,0,,,,,,,
92604,103226880,0144E0FD-6CAC-4DB5-94CF-1EF301CDAD88,Karnes County Hospital District,2018,BrdMem,,Gretchyn,,Dupnik,Director,,,,,0,,,,,,,
92608,103226880,FE31DA42-13C7-45F8-B16C-B7CE5CB34624,Karnes County Hospital District,2019,BrdMem,,Wilfred,,Dziuk,Director,,,,,0,,,,,,,
92609,103226880,FE31DA42-13C7-45F8-B16C-B7CE5CB34624,Karnes County Hospital District,2019,BrdMem,,Ray,,Rossett,Director,,,,,0,,,,,,,
92610,103226880,FE31DA42-13C7-45F8-B16C-B7CE5CB34624,Karnes County Hospital District,2019,BrdMem,,Margie,,Tamez,Vice President,,,,,0,,,,,,,
92611,103226880,FE31DA42-13C7-45F8-B16C-B7CE5CB34624,Karnes County Hospital District,2019,BrdMem,,Rita,,Jordan,President,,,,,0,,,,,,,
92612,103226880,FE31DA42-13C7-45F8-B16C-B7CE5CB34624,Karnes County Hospital District,2019,BrdMem,,David,,Purser,Director,,,,,0,,,,,,,
92613,103226880,FE31DA42-13C7-45F8-B16C-B7CE5CB34624,Karnes County Hospital District,2019,BrdMem,,Richard,,Robinson,Director,,,,,0,,,,,,,
92614,103226880,FE31DA42-13C7-45F8-B16C-B7CE5CB34624,Karnes County Hospital District,2019,BrdMem,,Gretchyn,,Dupnik,Secretary,,,,,0,,,,,,,
92618,103226880,628372EC-15B5-43CD-9E34-986694D486F1,Karnes County Hospital District,2020,BrdMem,,Richard,,Robinson,Director,,,,,0,,,,,,,
92619,103226880,628372EC-15B5-43CD-9E34-986694D486F1,Karnes County Hospital District,2020,BrdMem,,Gretchyn,,Dupnik,Secretary,,,,,0,,,,,,,
92620,103226880,628372EC-15B5-43CD-9E34-986694D486F1,Karnes County Hospital District,2020,BrdMem,,Ray,,Rossett,Director,,,,,0,,,,,,,
92621,103226880,628372EC-15B5-43CD-9E34-986694D486F1,Karnes County Hospital District,2020,BrdMem,,Margie,,Tamez,Vice President,,,,,0,,,,,,,
92622,103226880,628372EC-15B5-43CD-9E34-986694D486F1,Karnes County Hospital District,2020,BrdMem,,David,,Purser,Director,,,,,0,,,,,,,
92623,103226880,628372EC-15B5-43CD-9E34-986694D486F1,Karnes County Hospital District,2020,BrdMem,,Rita,,Jordan,President,,,,,0,,,,,,,
92624,103226880,628372EC-15B5-43CD-9E34-986694D486F1,Karnes County Hospital District,2020,BrdMem,,Wilfred,,Dziuk,Director,,,,,0,,,,,,,
92628,103226880,CE745A9B-B201-4A96-B443-11D980CB33C0,Karnes County Hospital District,2021,BrdMem,,Richard,,Robinson,Director,,,,,0,,,,,,,
92629,103226880,CE745A9B-B201-4A96-B443-11D980CB33C0,Karnes County Hospital District,2021,BrdMem,,David,,Purser,Director,,,,,0,,,,,,,
92630,103226880,CE745A9B-B201-4A96-B443-11D980CB33C0,Karnes County Hospital District,2021,BrdMem,,Gretchyn,,Dupnik,Secretary,,,,,0,,,,,,,
92631,103226880,CE745A9B-B201-4A96-B443-11D980CB33C0,Karnes County Hospital District,2021,BrdMem,,Margie,,Tamez,Vice President,,,,,0,,,,,,,
92632,103226880,CE745A9B-B201-4A96-B443-11D980CB33C0,Karnes County Hospital District,2021,BrdMem,,Rita,,Jordan,President,,,,,0,,,,,,,
92633,103226880,CE745A9B-B201-4A96-B443-11D980CB33C0,Karnes County Hospital District,2021,BrdMem,,Wilfred,,Dziuk,Director,,,,,0,,,,,,,
92634,103226880,CE745A9B-B201-4A96-B443-11D980CB33C0,Karnes County Hospital District,2021,BrdMem,,Ray,,Rossett,Director,,,,,0,,,,,,,
92638,103226880,C80BC11C-2AB0-4E4B-B5A1-F9DFC773C8B6,Karnes County Hospital District,2022,BrdMem,,David,,Purser,Director,,,,,0,,,,,,,
92639,103226880,C80BC11C-2AB0-4E4B-B5A1-F9DFC773C8B6,Karnes County Hospital District,2022,BrdMem,,Rita,,Jordan,President,,,,,0,,,,,,,
92640,103226880,C80BC11C-2AB0-4E4B-B5A1-F9DFC773C8B6,Karnes County Hospital District,2022,BrdMem,,Wilfred,,Dziuk,Director,,,,,0,,,,,,,
92641,103226880,C80BC11C-2AB0-4E4B-B5A1-F9DFC773C8B6,Karnes County Hospital District,2022,BrdMem,,Richard,,Robinson,Director,,,,,0,,,,,,,
92642,103226880,C80BC11C-2AB0-4E4B-B5A1-F9DFC773C8B6,Karnes County Hospital District,2022,BrdMem,,Margie,,Tamez,Vice President,,,,,0,,,,,,,
92643,103226880,C80BC11C-2AB0-4E4B-B5A1-F9DFC773C8B6,Karnes County Hospital District,2022,BrdMem,,Gretchyn,,Dupnik,Secretary,,,,,0,,,,,,,
92644,103226880,C80BC11C-2AB0-4E4B-B5A1-F9DFC773C8B6,Karnes County Hospital District,2022,BrdMem,,Ray,,Rossett,Director,,,,,0,,,,,,,
92648,103226880,674BADA3-BF8B-49F3-8635-44C0AE1AE0EA,Karnes County Hospital District,2023,BrdMem,,Richard,,Robinson,Director,,,,,0,,,,,,,
92649,103226880,674BADA3-BF8B-49F3-8635-44C0AE1AE0EA,Karnes County Hospital District,2023,BrdMem,,Rita,,Jordan,Director,,,,,0,,,,,,,
92650,103226880,674BADA3-BF8B-49F3-8635-44C0AE1AE0EA,Karnes County Hospital District,2023,BrdMem,,Margie,,Tamez,Director,,,,,0,,,,,,,
92651,103226880,674BADA3-BF8B-49F3-8635-44C0AE1AE0EA,Karnes County Hospital District,2023,BrdMem,,Gretchen,,Dupnik,Vice President,,,,,0,,,,,,,
92652,103226880,674BADA3-BF8B-49F3-8635-44C0AE1AE0EA,Karnes County Hospital District,2023,BrdMem,,Ray,,Rossett,President,,,,,0,,,,,,,
92653,103226880,674BADA3-BF8B-49F3-8635-44C0AE1AE0EA,Karnes County Hospital District,2023,BrdMem,,Wilfred,,Dziuk,Secretary,,,,,0,,,,,,,
92654,103226880,674BADA3-BF8B-49F3-8635-44C0AE1AE0EA,Karnes County Hospital District,2023,BrdMem,,David,,Purser,Director,,,,,0,,,,,,,
92658,103226880,FB9D1EBE-F741-4C46-8745-D6DAC1A1B88E,Karnes County Hospital District,2024,BrdMem,,Rita,,Jordan,Director,,,,,0,,,,,,,
92659,103226880,FB9D1EBE-F741-4C46-8745-D6DAC1A1B88E,Karnes County Hospital District,2024,BrdMem,,Wilfred,,Dziuk,Secretary,,,,,0,,,,,,,
92660,103226880,FB9D1EBE-F741-4C46-8745-D6DAC1A1B88E,Karnes County Hospital District,2024,BrdMem,,Ray,,Rossett,President,,,,,0,,,,,,,
92661,103226880,FB9D1EBE-F741-4C46-8745-D6DAC1A1B88E,Karnes County Hospital District,2024,BrdMem,,Gretchen,,Dupnik,Vice President,,,,,0,,,,,,,
92662,103226880,FB9D1EBE-F741-4C46-8745-D6DAC1A1B88E,Karnes County Hospital District,2024,BrdMem,,Richard,,Robinson,Director,,,,,0,,,,,,,
92663,103226880,FB9D1EBE-F741-4C46-8745-D6DAC1A1B88E,Karnes County Hospital District,2024,BrdMem,,David,,Purser,Director,,,,,0,,,,,,,
92664,103226880,FB9D1EBE-F741-4C46-8745-D6DAC1A1B88E,Karnes County Hospital District,2024,BrdMem,,Margie,,Tamez,Director,,,,,0,,,,,,,
92668,103226880,2D5869B5-A30B-474C-8A5D-2B0E28B3CC3F,Karnes County Hospital District,2025,BrdMem,,Margie,,Tamez,Director,,,,,0,,,,,,,
92669,103226880,2D5869B5-A30B-474C-8A5D-2B0E28B3CC3F,Karnes County Hospital District,2025,BrdMem,,Rita,,Jordan,Director,,,,,0,,,,,,,
92670,103226880,2D5869B5-A30B-474C-8A5D-2B0E28B3CC3F,Karnes County Hospital District,2025,BrdMem,,Gretchen,,Dupnik,Vice President,,,,,0,,,,,,,
92671,103226880,2D5869B5-A30B-474C-8A5D-2B0E28B3CC3F,Karnes County Hospital District,2025,BrdMem,,David,,Purser,Director,,,,,0,,,,,,,
92672,103226880,2D5869B5-A30B-474C-8A5D-2B0E28B3CC3F,Karnes County Hospital District,2025,BrdMem,,Ray,,Rossett,President,,,,,0,,,,,,,
92673,103226880,2D5869B5-A30B-474C-8A5D-2B0E28B3CC3F,Karnes County Hospital District,2025,BrdMem,,Richard,,Robinson,Director,,,,,0,,,,,,,
92674,103226880,2D5869B5-A30B-474C-8A5D-2B0E28B3CC3F,Karnes County Hospital District,2025,BrdMem,,Wilfred,,Dziuk,Secretary,,,,,0,,,,,,,
92678,103226880,C55D6AE9-DF73-49AD-B899-885F102E38DA,Karnes County Hospital District,2026,BrdMem,,Rita,,Jordan,Director,,,,,0,,,,,,,
92679,103226880,C55D6AE9-DF73-49AD-B899-885F102E38DA,Karnes County Hospital District,2026,BrdMem,,Wilfred,,Dziuk,Secretary,,,,,0,,,,,,,
92680,103226880,C55D6AE9-DF73-49AD-B899-885F102E38DA,Karnes County Hospital District,2026,BrdMem,,Richard,,Robinson,Director,,,,,0,,,,,,,
92681,103226880,C55D6AE9-DF73-49AD-B899-885F102E38DA,Karnes County Hospital District,2026,BrdMem,,Ray,,Rossett,President,,,,,0,,,,,,,
92682,103226880,C55D6AE9-DF73-49AD-B899-885F102E38DA,Karnes County Hospital District,2026,BrdMem,,David,,Purser,Director,,,,,0,,,,,,,
92683,103226880,C55D6AE9-DF73-49AD-B899-885F102E38DA,Karnes County Hospital District,2026,BrdMem,,Margie,,Tamez,Director,,,,,0,,,,,,,
92684,103226880,C55D6AE9-DF73-49AD-B899-885F102E38DA,Karnes County Hospital District,2026,BrdMem,,Gretchen,,Dupnik,Vice President,,,,,0,,,,,,,
93190,103226888,B835032F-9754-4422-A159-5A5B1BF0B4EF,Kimble County Hospital District,2018,BrdMem,,Marshall,,Heap,Member,,,,,0,,,,,,,
93191,103226888,B835032F-9754-4422-A159-5A5B1BF0B4EF,Kimble County Hospital District,2018,BrdMem,,Bobby,,Chenault,Member,,,,,0,,,,,,,
93192,103226888,B835032F-9754-4422-A159-5A5B1BF0B4EF,Kimble County Hospital District,2018,BrdMem,,Claudette,,Primeaux,President,,,,,0,,,,,,,
93193,103226888,B835032F-9754-4422-A159-5A5B1BF0B4EF,Kimble County Hospital District,2018,BrdMem,,Trey,,Sullivan,Treasurer,,,,,0,,,,,,,
93194,103226888,B835032F-9754-4422-A159-5A5B1BF0B4EF,Kimble County Hospital District,2018,BrdMem,,Amy,,Simon,Secretary,,,,,0,,,,,,,
93195,103226888,B835032F-9754-4422-A159-5A5B1BF0B4EF,Kimble County Hospital District,2018,BrdMem,,Bill,,Simon,Member,,,,,0,,,,,,,
93196,103226888,B835032F-9754-4422-A159-5A5B1BF0B4EF,Kimble County Hospital District,2018,BrdMem,,Stan,,Schuster,Member,,,,,0,,,,,,,
93201,103226888,9AEB7D04-4A9F-4A5D-B1A1-149D2250EFA7,Kimble County Hospital District,2019,BrdMem,,Marshall,,Heap,Member,,,,,0,,,,,,,
93202,103226888,9AEB7D04-4A9F-4A5D-B1A1-149D2250EFA7,Kimble County Hospital District,2019,BrdMem,,Bobby,,Chenault,Member,,,,,0,,,,,,,
93203,103226888,9AEB7D04-4A9F-4A5D-B1A1-149D2250EFA7,Kimble County Hospital District,2019,BrdMem,,Claudette,,Primeaux,President,,,,,0,,,,,,,
93204,103226888,9AEB7D04-4A9F-4A5D-B1A1-149D2250EFA7,Kimble County Hospital District,2019,BrdMem,,Stan,,Schuster,Member,,,,,0,,,,,,,
93205,103226888,9AEB7D04-4A9F-4A5D-B1A1-149D2250EFA7,Kimble County Hospital District,2019,BrdMem,,Barbara,,Conklin,Member,,,,,0,,,,,,,
93206,103226888,9AEB7D04-4A9F-4A5D-B1A1-149D2250EFA7,Kimble County Hospital District,2019,BrdMem,,Bill,,Simon,Member,,,,,0,,,,,,,
93207,103226888,9AEB7D04-4A9F-4A5D-B1A1-149D2250EFA7,Kimble County Hospital District,2019,BrdMem,,Trey,,Sullivan,Treasurer,,,,,0,,,,,,,
93212,103226888,48CF6D56-C205-42A1-893C-8E8A8C7D6996,Kimble County Hospital District,2020,BrdMem,,Bobby,,Chenault,Member,,,,,0,,,,,,,
93213,103226888,48CF6D56-C205-42A1-893C-8E8A8C7D6996,Kimble County Hospital District,2020,BrdMem,,Trey,,Sullivan,Treasurer,,,,,0,,,,,,,
93214,103226888,48CF6D56-C205-42A1-893C-8E8A8C7D6996,Kimble County Hospital District,2020,BrdMem,,Marshall,,Heap,Member,,,,,0,,,,,,,
93215,103226888,48CF6D56-C205-42A1-893C-8E8A8C7D6996,Kimble County Hospital District,2020,BrdMem,,Claudette,,Primeaux,President,,,,,0,,,,,,,
93216,103226888,48CF6D56-C205-42A1-893C-8E8A8C7D6996,Kimble County Hospital District,2020,BrdMem,,Stan,,Schuster,Member,,,,,0,,,,,,,
93217,103226888,48CF6D56-C205-42A1-893C-8E8A8C7D6996,Kimble County Hospital District,2020,BrdMem,,Bill,,Simon,Member,,,,,0,,,,,,,
93218,103226888,48CF6D56-C205-42A1-893C-8E8A8C7D6996,Kimble County Hospital District,2020,BrdMem,,Barbara,,Conklin,Member,,,,,0,,,,,,,
93223,103226888,338C5BB0-4E36-4EDA-9395-1AA994BA52DA,Kimble County Hospital District,2021,BrdMem,,Marshall,,Heap,Member,,,,,0,,,,,,,
93224,103226888,338C5BB0-4E36-4EDA-9395-1AA994BA52DA,Kimble County Hospital District,2021,BrdMem,,Bobby,,Chenault,Secretary,,,,,0,,,,,,,
93225,103226888,338C5BB0-4E36-4EDA-9395-1AA994BA52DA,Kimble County Hospital District,2021,BrdMem,,Bill,,Simon,President,,,,,0,,,,,,,
93226,103226888,338C5BB0-4E36-4EDA-9395-1AA994BA52DA,Kimble County Hospital District,2021,BrdMem,,Nicholas,,Lumbley,Member,,,,,0,,,,,,,
93227,103226888,338C5BB0-4E36-4EDA-9395-1AA994BA52DA,Kimble County Hospital District,2021,BrdMem,,Lewis,,Allen,Member,,,,,0,,,,,,,
93228,103226888,338C5BB0-4E36-4EDA-9395-1AA994BA52DA,Kimble County Hospital District,2021,BrdMem,,Barbara,,Conklin,Treasurer,,,,,0,,,,,,,
93229,103226888,338C5BB0-4E36-4EDA-9395-1AA994BA52DA,Kimble County Hospital District,2021,BrdMem,,Paul,,Bierschwale,Member,,,,,0,,,,,,,
93234,103226888,65C12326-DB70-49C3-B49E-77F9AA6D1751,Kimble County Hospital District,2022,BrdMem,,Nicholas,,Lumbley,Member,,,,,0,,,,,,,
93235,103226888,65C12326-DB70-49C3-B49E-77F9AA6D1751,Kimble County Hospital District,2022,BrdMem,,Lewis,,Allen,Member,,,,,0,,,,,,,
93236,103226888,65C12326-DB70-49C3-B49E-77F9AA6D1751,Kimble County Hospital District,2022,BrdMem,,Barbara,,Conklin,Treasurer,,,,,0,,,,,,,
93237,103226888,65C12326-DB70-49C3-B49E-77F9AA6D1751,Kimble County Hospital District,2022,BrdMem,,Paul,,Bierschwale,Member,,,,,0,,,,,,,
93238,103226888,65C12326-DB70-49C3-B49E-77F9AA6D1751,Kimble County Hospital District,2022,BrdMem,,Marshall,,Heap,Member,,,,,0,,,,,,,
93239,103226888,65C12326-DB70-49C3-B49E-77F9AA6D1751,Kimble County Hospital District,2022,BrdMem,,Bill,,Simon,President,,,,,0,,,,,,,
93240,103226888,65C12326-DB70-49C3-B49E-77F9AA6D1751,Kimble County Hospital District,2022,BrdMem,,Bobby,,Chenault,Secretary,,,,,0,,,,,,,
93245,103226888,36A1BEB5-D63D-4BE3-9706-E9CD907F1473,Kimble County Hospital District,2023,BrdMem,,Barbara,,Conklin,Treasurer,,,,,0,,,,,,,
93246,103226888,36A1BEB5-D63D-4BE3-9706-E9CD907F1473,Kimble County Hospital District,2023,BrdMem,,Marshall,,Heap,Member,,,,,0,,,,,,,
93247,103226888,36A1BEB5-D63D-4BE3-9706-E9CD907F1473,Kimble County Hospital District,2023,BrdMem,,Bill,,Simon,President,,,,,0,,,,,,,
93248,103226888,36A1BEB5-D63D-4BE3-9706-E9CD907F1473,Kimble County Hospital District,2023,BrdMem,,Paul,,Bierschwale,Member,,,,,0,,,,,,,
93249,103226888,36A1BEB5-D63D-4BE3-9706-E9CD907F1473,Kimble County Hospital District,2023,BrdMem,,Nicholas,,Lumbley,Member,,,,,0,,,,,,,
93250,103226888,36A1BEB5-D63D-4BE3-9706-E9CD907F1473,Kimble County Hospital District,2023,BrdMem,,Bobby,,Chenault,Secretary,,,,,0,,,,,,,
93251,103226888,36A1BEB5-D63D-4BE3-9706-E9CD907F1473,Kimble County Hospital District,2023,BrdMem,,Lewis,,Allen,Member,,,,,0,,,,,,,
93256,103226888,161BBABC-963F-430E-9936-50C1E85534AE,Kimble County Hospital District,2024,BrdMem,,Bill,,Simon,President,,,,,0,,,,,,,
93257,103226888,161BBABC-963F-430E-9936-50C1E85534AE,Kimble County Hospital District,2024,BrdMem,,Paul,,Bierschwale,Member,,,,,0,,,,,,,
93258,103226888,161BBABC-963F-430E-9936-50C1E85534AE,Kimble County Hospital District,2024,BrdMem,,Lewis,,Allen,Member,,,,,0,,,,,,,
93259,103226888,161BBABC-963F-430E-9936-50C1E85534AE,Kimble County Hospital District,2024,BrdMem,,Barbara,,Conklin,Member,,,,,0,,,,,,,
93260,103226888,161BBABC-963F-430E-9936-50C1E85534AE,Kimble County Hospital District,2024,BrdMem,,Bobby,,Chenault,Secretary,,,,,0,,,,,,,
93261,103226888,161BBABC-963F-430E-9936-50C1E85534AE,Kimble County Hospital District,2024,BrdMem,,David,,Larcen,Member,,,,,0,,,,,,,
93262,103226888,161BBABC-963F-430E-9936-50C1E85534AE,Kimble County Hospital District,2024,BrdMem,,Michael,,Gosney,Treasurer,,,,,0,,,,,,,
93266,103226888,92741E28-2E20-4404-A012-13C6A2008B11,Kimble County Hospital District,2025,BrdMem,,Michael,,Gosney,Treasurer,,,,,0,,,,,,,
93267,103226888,92741E28-2E20-4404-A012-13C6A2008B11,Kimble County Hospital District,2025,BrdMem,,Bill,,Simon,President,,,,,0,,,,,,,
93268,103226888,92741E28-2E20-4404-A012-13C6A2008B11,Kimble County Hospital District,2025,BrdMem,,Gary,,Gilliam,Member,,,,,0,,,,,,,
93269,103226888,92741E28-2E20-4404-A012-13C6A2008B11,Kimble County Hospital District,2025,BrdMem,,Paul,,Bierschwale,Member,,,,,0,,,,,,,
93270,103226888,92741E28-2E20-4404-A012-13C6A2008B11,Kimble County Hospital District,2025,BrdMem,,Hettie,,Allsup,Member,,,,,0,,,,,,,
93271,103226888,92741E28-2E20-4404-A012-13C6A2008B11,Kimble County Hospital District,2025,BrdMem,,David,,Larson,Member,,,,,0,,,,,,,
93272,103226888,92741E28-2E20-4404-A012-13C6A2008B11,Kimble County Hospital District,2025,BrdMem,,Lewis,,Allen,Member,,,,,0,,,,,,,
93276,103226888,224C371B-51DB-4455-B45E-44D880A87E53,Kimble County Hospital District,2026,BrdMem,,Hettie,,Allsup,Member,,,,,0,,,,,,,
93277,103226888,224C371B-51DB-4455-B45E-44D880A87E53,Kimble County Hospital District,2026,BrdMem,,Bill,,Simon,President,,,,,0,,,,,,,
93278,103226888,224C371B-51DB-4455-B45E-44D880A87E53,Kimble County Hospital District,2026,BrdMem,,Michael,,Gosney,Treasurer,,,,,0,,,,,,,
93279,103226888,224C371B-51DB-4455-B45E-44D880A87E53,Kimble County Hospital District,2026,BrdMem,,Lewis,,Allen,Member,,,,,0,,,,,,,
93280,103226888,224C371B-51DB-4455-B45E-44D880A87E53,Kimble County Hospital District,2026,BrdMem,,Gary,,Gilliam,Member,,,,,0,,,,,,,
93281,103226888,224C371B-51DB-4455-B45E-44D880A87E53,Kimble County Hospital District,2026,BrdMem,,Paul,,Bierschwale,Member,,,,,0,,,,,,,
93282,103226888,224C371B-51DB-4455-B45E-44D880A87E53,Kimble County Hospital District,2026,BrdMem,,David,,Larson,Member,,,,,0,,,,,,,
96166,103226935,F643CE44-D8B9-43F7-A65D-AA3F8A118E24,Blanco County South Library District,2019,BrdMem,,Nancy,,Cline,President,,,,,0,,,,,,,
96167,103226935,F643CE44-D8B9-43F7-A65D-AA3F8A118E24,Blanco County South Library District,2019,BrdMem,,Andrea,,Whitesides,Member at large,,,,,0,,,,,,,
96168,103226935,F643CE44-D8B9-43F7-A65D-AA3F8A118E24,Blanco County South Library District,2019,BrdMem,,Mildred,,Jones,Treasurer,,,,,0,,,,,,,
96169,103226935,F643CE44-D8B9-43F7-A65D-AA3F8A118E24,Blanco County South Library District,2019,BrdMem,,James,,Dyer,Secretary,,,,,0,,,,,,,
96170,103226935,F643CE44-D8B9-43F7-A65D-AA3F8A118E24,Blanco County South Library District,2019,BrdMem,,Kathee,,Copeland,Member at large,,,,,0,,,,,,,
96173,103226935,D923BCED-A05A-4057-A6FF-E8DECA17334A,Blanco County South Library District,2020,BrdMem,,Andrea,,Whitesides,Member at large,,,,,0,,,,,,,
96174,103226935,D923BCED-A05A-4057-A6FF-E8DECA17334A,Blanco County South Library District,2020,BrdMem,,Kathee,,Copeland,Member at large,,,,,0,,,,,,,
96175,103226935,D923BCED-A05A-4057-A6FF-E8DECA17334A,Blanco County South Library District,2020,BrdMem,,Nancy,,Cline,President,,,,,0,,,,,,,
96176,103226935,D923BCED-A05A-4057-A6FF-E8DECA17334A,Blanco County South Library District,2020,BrdMem,,Mildred,,Jones,Treasurer,,,,,0,,,,,,,
96177,103226935,D923BCED-A05A-4057-A6FF-E8DECA17334A,Blanco County South Library District,2020,BrdMem,,James,,Dyer,Secretary,,,,,0,,,,,,,
96180,103226935,0203EECD-AE9D-4827-AF52-2A4520F27C3E,Blanco County South Library District,2021,BrdMem,,Mildred,,Jones,Treasurer,,,,,0,,,,,,,
96181,103226935,0203EECD-AE9D-4827-AF52-2A4520F27C3E,Blanco County South Library District,2021,BrdMem,,Mark,,Gentry,Member At Large,,,,,0,,,,,,,
96182,103226935,0203EECD-AE9D-4827-AF52-2A4520F27C3E,Blanco County South Library District,2021,BrdMem,,Nancy,,Cline,President,,,,,0,,,,,,,
96183,103226935,0203EECD-AE9D-4827-AF52-2A4520F27C3E,Blanco County South Library District,2021,BrdMem,,James,,Dyer,Member At Large,,,,,0,,,,,,,
96184,103226935,0203EECD-AE9D-4827-AF52-2A4520F27C3E,Blanco County South Library District,2021,BrdMem,,Andrea,,Whitesides,Secretary,,,,,0,,,,,,,
96187,103226935,7BD6D85C-280B-45C6-B330-29448F5F783A,Blanco County South Library District,2022,BrdMem,,James,,Dyer,Member At Large,,,,,0,,,,,,,
96188,103226935,7BD6D85C-280B-45C6-B330-29448F5F783A,Blanco County South Library District,2022,BrdMem,,Nancy,,Cline,President,,,,,0,,,,,,,
96189,103226935,7BD6D85C-280B-45C6-B330-29448F5F783A,Blanco County South Library District,2022,BrdMem,,Mildred,,Jones,Treasurer,,,,,0,,,,,,,
96190,103226935,7BD6D85C-280B-45C6-B330-29448F5F783A,Blanco County South Library District,2022,BrdMem,,Andrea,,Whitesides,Secretary,,,,,0,,,,,,,
96191,103226935,7BD6D85C-280B-45C6-B330-29448F5F783A,Blanco County South Library District,2022,BrdMem,,Joni,,Kirkwood,Member at Large,,,,,0,,,,,,,
96194,103226935,26FE8C78-8428-4E50-AC53-AA9EAE62C1F0,Blanco County South Library District,2023,BrdMem,,Nancy,,Cline,President,,,,,0,,,,,,,
96195,103226935,26FE8C78-8428-4E50-AC53-AA9EAE62C1F0,Blanco County South Library District,2023,BrdMem,,Joni,,Kirkwood,Member at Large,,,,,0,,,,,,,
96196,103226935,26FE8C78-8428-4E50-AC53-AA9EAE62C1F0,Blanco County South Library District,2023,BrdMem,,Mildred,,Jones,Treasurer,,,,,0,,,,,,,
96197,103226935,26FE8C78-8428-4E50-AC53-AA9EAE62C1F0,Blanco County South Library District,2023,BrdMem,,Andrea,,Whitesides,Secretary,,,,,0,,,,,,,
96200,103226935,D3604CE6-4BDD-469D-B100-368B1FCC63AD,Blanco County South Library District,2024,BrdMem,,Andrea,,Whitesides,Secretary,,,,,0,,,,,,,
96201,103226935,D3604CE6-4BDD-469D-B100-368B1FCC63AD,Blanco County South Library District,2024,BrdMem,,Joni,,Kirkwood,Member at Large,,,,,0,,,,,,,
96202,103226935,D3604CE6-4BDD-469D-B100-368B1FCC63AD,Blanco County South Library District,2024,BrdMem,,Mildred,,Jones,Treasurer,,,,,0,,,,,,,
96203,103226935,D3604CE6-4BDD-469D-B100-368B1FCC63AD,Blanco County South Library District,2024,BrdMem,,Nancy,,Cline,President,,,,,0,,,,,,,
96204,103226935,D3604CE6-4BDD-469D-B100-368B1FCC63AD,Blanco County South Library District,2024,BrdMem,,John,,Twilley,Vice President,,,,,0,,,,,,,
96207,103226935,2A084FB2-7E69-4F9F-8CB6-B718F51B922A,Blanco County South Library District,2025,BrdMem,,Travis,,Barrett,Projects Manager,,,,,0,,,,,,,
96208,103226935,2A084FB2-7E69-4F9F-8CB6-B718F51B922A,Blanco County South Library District,2025,BrdMem,,Andrea,,Whitesides,Treasurer,,,,,0,,,,,,,
96209,103226935,2A084FB2-7E69-4F9F-8CB6-B718F51B922A,Blanco County South Library District,2025,BrdMem,,Nancy,,Cline,President,,,,,0,,,,,,,
96210,103226935,2A084FB2-7E69-4F9F-8CB6-B718F51B922A,Blanco County South Library District,2025,BrdMem,,John,,Twilley,Vice President,,,,,0,,,,,,,
96211,103226935,2A084FB2-7E69-4F9F-8CB6-B718F51B922A,Blanco County South Library District,2025,BrdMem,,Debra,,Raimond,Secretary,,,,,0,,,,,,,
96215,103226935,D3BD371B-2167-4487-AF8C-208DE13D3E07,Blanco County South Library District,2026,BrdMem,,Travis,,Barrett,Projects Manager,,,,,0,,,,,,,
96216,103226935,D3BD371B-2167-4487-AF8C-208DE13D3E07,Blanco County South Library District,2026,BrdMem,,John,,Twilley,Vice President,,,,,0,,,,,,,
96217,103226935,D3BD371B-2167-4487-AF8C-208DE13D3E07,Blanco County South Library District,2026,BrdMem,,Debra,,Raimond,Secretary,,,,,0,,,,,,,
96218,103226935,D3BD371B-2167-4487-AF8C-208DE13D3E07,Blanco County South Library District,2026,BrdMem,,Nancy,,Cline,President,,,,,0,,,,,,,
96219,103226935,D3BD371B-2167-4487-AF8C-208DE13D3E07,Blanco County South Library District,2026,BrdMem,,Andrea,,Whitesides,Treasurer,,,,,0,,,,,,,
97122,103226950,7A550470-EF54-45E1-8BB5-BAAFD2B14AC3,Comanche County Consolidated Hospital District,2018,BrdMem,,Kimberly,,Lampman,Member,,,,,0,,,,,,,
97123,103226950,7A550470-EF54-45E1-8BB5-BAAFD2B14AC3,Comanche County Consolidated Hospital District,2018,BrdMem,,Gil,,Gilbert,Member,,,,,0,,,,,,,
97124,103226950,7A550470-EF54-45E1-8BB5-BAAFD2B14AC3,Comanche County Consolidated Hospital District,2018,BrdMem,,Marvin,,McKinnon,Member,,,,,0,,,,,,,
97125,103226950,7A550470-EF54-45E1-8BB5-BAAFD2B14AC3,Comanche County Consolidated Hospital District,2018,BrdMem,,George,,Bingham,Member,,,,,0,,,,,,,
97126,103226950,7A550470-EF54-45E1-8BB5-BAAFD2B14AC3,Comanche County Consolidated Hospital District,2018,BrdMem,,Barbara,,Willams,President,,,,,0,,,,,,,
97127,103226950,7A550470-EF54-45E1-8BB5-BAAFD2B14AC3,Comanche County Consolidated Hospital District,2018,BrdMem,,Joe,,Locke,Vice-President,,,,,0,,,,,,,
97131,103226950,86A867A0-D4FA-4A40-8DA6-FBD141B3BD0E,Comanche County Consolidated Hospital District,2019,BrdMem,,George,,Bingham,Member,,,,,0,,,,,,,
97132,103226950,86A867A0-D4FA-4A40-8DA6-FBD141B3BD0E,Comanche County Consolidated Hospital District,2019,BrdMem,,Marvin,,McKinnon,Member,,,,,0,,,,,,,
97133,103226950,86A867A0-D4FA-4A40-8DA6-FBD141B3BD0E,Comanche County Consolidated Hospital District,2019,BrdMem,,Kimberly,,Lampman,Member,,,,,0,,,,,,,
97134,103226950,86A867A0-D4FA-4A40-8DA6-FBD141B3BD0E,Comanche County Consolidated Hospital District,2019,BrdMem,,Barbara,,Willams,President,,,,,0,,,,,,,
97135,103226950,86A867A0-D4FA-4A40-8DA6-FBD141B3BD0E,Comanche County Consolidated Hospital District,2019,BrdMem,,Gil,,Gilbert,Member,,,,,0,,,,,,,
97136,103226950,86A867A0-D4FA-4A40-8DA6-FBD141B3BD0E,Comanche County Consolidated Hospital District,2019,BrdMem,,Joe,,Locke,Vice-President,,,,,0,,,,,,,
97140,103226950,DBA92019-5D4B-49C3-BA91-8316C9F3FAA3,Comanche County Consolidated Hospital District,2020,BrdMem,,George,,Bingham,Member,,,,,0,,,,,,,
97141,103226950,DBA92019-5D4B-49C3-BA91-8316C9F3FAA3,Comanche County Consolidated Hospital District,2020,BrdMem,,Gil,,Gilbert,Member,,,,,0,,,,,,,
97142,103226950,DBA92019-5D4B-49C3-BA91-8316C9F3FAA3,Comanche County Consolidated Hospital District,2020,BrdMem,,Joe,,Locke,Vice-President,,,,,0,,,,,,,
97143,103226950,DBA92019-5D4B-49C3-BA91-8316C9F3FAA3,Comanche County Consolidated Hospital District,2020,BrdMem,,Kimberly,,Lampman,Member,,,,,0,,,,,,,
97144,103226950,DBA92019-5D4B-49C3-BA91-8316C9F3FAA3,Comanche County Consolidated Hospital District,2020,BrdMem,,Barbara,,Willams,President,,,,,0,,,,,,,
97145,103226950,DBA92019-5D4B-49C3-BA91-8316C9F3FAA3,Comanche County Consolidated Hospital District,2020,BrdMem,,Marvin,,McKinnon,Member,,,,,0,,,,,,,
97149,103226950,2C7B285D-CF8A-42C0-B70A-238DF443449A,Comanche County Consolidated Hospital District,2021,BrdMem,,Kimberly,,Lampman,Member,,,,,0,,,,,,,
97150,103226950,2C7B285D-CF8A-42C0-B70A-238DF443449A,Comanche County Consolidated Hospital District,2021,BrdMem,,George,,Bingham,Member,,,,,0,,,,,,,
97151,103226950,2C7B285D-CF8A-42C0-B70A-238DF443449A,Comanche County Consolidated Hospital District,2021,BrdMem,,Jon,,Awbrey,Board Member,,,,,0,,,,,,,
97152,103226950,2C7B285D-CF8A-42C0-B70A-238DF443449A,Comanche County Consolidated Hospital District,2021,BrdMem,,Joe,,Locke,President,,,,,0,,,,,,,
97153,103226950,2C7B285D-CF8A-42C0-B70A-238DF443449A,Comanche County Consolidated Hospital District,2021,BrdMem,,Marvin,,McKinnon,Member,,,,,0,,,,,,,
97154,103226950,2C7B285D-CF8A-42C0-B70A-238DF443449A,Comanche County Consolidated Hospital District,2021,BrdMem,,Gil,,Gilbert,Vice President,,,,,0,,,,,,,
97158,103226950,89B20130-786F-42BB-B9CC-BC45F36A3D46,Comanche County Consolidated Hospital District,2022,BrdMem,,Gil,,Gilbert,Vice President,,,,,0,,,,,,,
97159,103226950,89B20130-786F-42BB-B9CC-BC45F36A3D46,Comanche County Consolidated Hospital District,2022,BrdMem,,Joe,,Locke,President,,,,,0,,,,,,,
97160,103226950,89B20130-786F-42BB-B9CC-BC45F36A3D46,Comanche County Consolidated Hospital District,2022,BrdMem,,George,,Bingham,Member,,,,,0,,,,,,,
97161,103226950,89B20130-786F-42BB-B9CC-BC45F36A3D46,Comanche County Consolidated Hospital District,2022,BrdMem,,Jon,,Awbrey,Board Member,,,,,0,,,,,,,
97162,103226950,89B20130-786F-42BB-B9CC-BC45F36A3D46,Comanche County Consolidated Hospital District,2022,BrdMem,,Kimberly,,Lampman,Member,,,,,0,,,,,,,
97163,103226950,89B20130-786F-42BB-B9CC-BC45F36A3D46,Comanche County Consolidated Hospital District,2022,BrdMem,,Marvin,,McKinnon,Member,,,,,0,,,,,,,
97167,103226950,C9EF62C4-0116-42CE-ACA9-E23B5BD1B78D,Comanche County Consolidated Hospital District,2023,BrdMem,,Gil,,Gilbert,Vice President,,,,,0,,,,,,,
97168,103226950,C9EF62C4-0116-42CE-ACA9-E23B5BD1B78D,Comanche County Consolidated Hospital District,2023,BrdMem,,George,,Bingham,Member,,,,,0,,,,,,,
97169,103226950,C9EF62C4-0116-42CE-ACA9-E23B5BD1B78D,Comanche County Consolidated Hospital District,2023,BrdMem,,Kimberly,,Lampman,Member,,,,,0,,,,,,,
97170,103226950,C9EF62C4-0116-42CE-ACA9-E23B5BD1B78D,Comanche County Consolidated Hospital District,2023,BrdMem,,Joe,,Locke,President,,,,,0,,,,,,,
97171,103226950,C9EF62C4-0116-42CE-ACA9-E23B5BD1B78D,Comanche County Consolidated Hospital District,2023,BrdMem,,Marvin,,McKinnon,Member,,,,,0,,,,,,,
97172,103226950,C9EF62C4-0116-42CE-ACA9-E23B5BD1B78D,Comanche County Consolidated Hospital District,2023,BrdMem,,Jon,,Awbrey,Board Member,,,,,0,,,,,,,
97176,103226950,97D0E250-4A36-46B8-BA09-04C7B4C2A45C,Comanche County Consolidated Hospital District,2024,BrdMem,,Jerry,,Morgan,Member,,,,,0,,,,,,,
97177,103226950,97D0E250-4A36-46B8-BA09-04C7B4C2A45C,Comanche County Consolidated Hospital District,2024,BrdMem,,Marvin,,McKinnon,Member,,,,,0,,,,,,,
97178,103226950,97D0E250-4A36-46B8-BA09-04C7B4C2A45C,Comanche County Consolidated Hospital District,2024,BrdMem,,George,,Bingham,Member,,,,,0,,,,,,,
97179,103226950,97D0E250-4A36-46B8-BA09-04C7B4C2A45C,Comanche County Consolidated Hospital District,2024,BrdMem,,Gil,,Gilbert,Vice President,,,,,0,,,,,,,
97180,103226950,97D0E250-4A36-46B8-BA09-04C7B4C2A45C,Comanche County Consolidated Hospital District,2024,BrdMem,,Joe,,Locke,President,,,,,0,,,,,,,
97181,103226950,97D0E250-4A36-46B8-BA09-04C7B4C2A45C,Comanche County Consolidated Hospital District,2024,BrdMem,,Kimberly,,Lampman,Member,,,,,0,,,,,,,
97185,103226950,0EEF2FE2-C90A-46FF-818F-B7C4D25F67E5,Comanche County Consolidated Hospital District,2025,BrdMem,,Joe,,Locke,President,,,,,0,,,,,,,
97186,103226950,0EEF2FE2-C90A-46FF-818F-B7C4D25F67E5,Comanche County Consolidated Hospital District,2025,BrdMem,,Kimberly,,Lampman,Member,,,,,0,,,,,,,
97187,103226950,0EEF2FE2-C90A-46FF-818F-B7C4D25F67E5,Comanche County Consolidated Hospital District,2025,BrdMem,,George,,Bingham,Member,,,,,0,,,,,,,
97188,103226950,0EEF2FE2-C90A-46FF-818F-B7C4D25F67E5,Comanche County Consolidated Hospital District,2025,BrdMem,,Gil,,Gilbert,Vice President,,,,,0,,,,,,,
97189,103226950,0EEF2FE2-C90A-46FF-818F-B7C4D25F67E5,Comanche County Consolidated Hospital District,2025,BrdMem,,Marvin,,McKinnon,Member,,,,,0,,,,,,,
97190,103226950,0EEF2FE2-C90A-46FF-818F-B7C4D25F67E5,Comanche County Consolidated Hospital District,2025,BrdMem,,Jerry,,Morgan,Member,,,,,0,,,,,,,
97194,103226950,84AE9E2E-428E-436B-A333-98A130E06299,Comanche County Consolidated Hospital District,2026,BrdMem,,Jerry,,Morgan,Member,,,,,0,,,,,,,
97195,103226950,84AE9E2E-428E-436B-A333-98A130E06299,Comanche County Consolidated Hospital District,2026,BrdMem,,Gil,,Gilbert,Vice President,,,,,0,,,,,,,
97196,103226950,84AE9E2E-428E-436B-A333-98A130E06299,Comanche County Consolidated Hospital District,2026,BrdMem,,Joe,,Locke,President,,,,,0,,,,,,,
97197,103226950,84AE9E2E-428E-436B-A333-98A130E06299,Comanche County Consolidated Hospital District,2026,BrdMem,,Marvin,,McKinnon,Member,,,,,0,,,,,,,
97198,103226950,84AE9E2E-428E-436B-A333-98A130E06299,Comanche County Consolidated Hospital District,2026,BrdMem,,Mark,,Beaty,Member,,,,,0,,,,,,,
97199,103226950,84AE9E2E-428E-436B-A333-98A130E06299,Comanche County Consolidated Hospital District,2026,BrdMem,,Kimberly,,Lampman,Member,,,,,0,,,,,,,
98722,103226974,1341BFC2-BC23-4326-8F03-44719822E809,Joshua Farms Municipal Management District #1,2025,BrdMem,,Travis,,Franks,Director,,,,,0,,,,,,,
98723,103226974,1341BFC2-BC23-4326-8F03-44719822E809,Joshua Farms Municipal Management District #1,2025,BrdMem,,Thomas,,Capstick,Director,,,,,0,,,,,,,
98724,103226974,1341BFC2-BC23-4326-8F03-44719822E809,Joshua Farms Municipal Management District #1,2025,BrdMem,,Tommy,,Pistana,Director,,,,,0,,,,,,,
98725,103226974,1341BFC2-BC23-4326-8F03-44719822E809,Joshua Farms Municipal Management District #1,2025,BrdMem,,Wynne,,Moore,Director,,,,,0,,,,,,,
98726,103226974,1341BFC2-BC23-4326-8F03-44719822E809,Joshua Farms Municipal Management District #1,2025,BrdMem,,William Ty,,Wellborn,Director,,,,,0,,,,,,,
98731,103226974,AA5EBDAC-EF92-420C-895A-42102D2156D7,Joshua Farms Municipal Management District #1,2026,BrdMem,,Travis,,Franks,Director,,,,,0,,,,,,,
98732,103226974,AA5EBDAC-EF92-420C-895A-42102D2156D7,Joshua Farms Municipal Management District #1,2026,BrdMem,,Mike,,Pazera,Director,,,,,0,,,,,,,
98733,103226974,AA5EBDAC-EF92-420C-895A-42102D2156D7,Joshua Farms Municipal Management District #1,2026,BrdMem,,William Ty,,Wellborn,Director,,,,,0,,,,,,,
98734,103226974,AA5EBDAC-EF92-420C-895A-42102D2156D7,Joshua Farms Municipal Management District #1,2026,BrdMem,,Tommy,,Pistana,Director,,,,,0,,,,,,,
98735,103226974,AA5EBDAC-EF92-420C-895A-42102D2156D7,Joshua Farms Municipal Management District #1,2026,BrdMem,,Wynne,,Moore,Director,,,,,0,,,,,,,
99731,103226992,432CA5DA-2A8D-4D2A-B3FA-D959522F2AB3,Dimmit Regional Hospital District,2018,BrdMem,,Paula,,Seydel,Secretary,,,,,0,,,,,,,
99732,103226992,432CA5DA-2A8D-4D2A-B3FA-D959522F2AB3,Dimmit Regional Hospital District,2018,BrdMem,,Cleo,,Bustamante Jr,Vice-Chairman,,,,,0,,,,,,,
99733,103226992,432CA5DA-2A8D-4D2A-B3FA-D959522F2AB3,Dimmit Regional Hospital District,2018,BrdMem,,Silvestre,,Cavazos,Member,,,,,0,,,,,,,
99734,103226992,432CA5DA-2A8D-4D2A-B3FA-D959522F2AB3,Dimmit Regional Hospital District,2018,BrdMem,,Martha Alicia,,Ponce,Member,,,,,0,,,,,,,
99735,103226992,432CA5DA-2A8D-4D2A-B3FA-D959522F2AB3,Dimmit Regional Hospital District,2018,BrdMem,,Bruce E,,Leonard Jr,Chairman,,,,,0,,,,,,,
99736,103226992,432CA5DA-2A8D-4D2A-B3FA-D959522F2AB3,Dimmit Regional Hospital District,2018,BrdMem,,Wayne D,,Seiple,Member,,,,,0,,,,,,,
99737,103226992,432CA5DA-2A8D-4D2A-B3FA-D959522F2AB3,Dimmit Regional Hospital District,2018,BrdMem,,Jose,,Carmona,Member,,,,,0,,,,,,,
99741,103226992,E8A9F867-A1F4-40CA-A6FF-927B2C45F58B,Dimmit Regional Hospital District,2019,BrdMem,,Silvestre,,Cavazos,Member,,,,,0,,,,,,,
99742,103226992,E8A9F867-A1F4-40CA-A6FF-927B2C45F58B,Dimmit Regional Hospital District,2019,BrdMem,,Wayne D,,Seiple,Member,,,,,0,,,,,,,
99743,103226992,E8A9F867-A1F4-40CA-A6FF-927B2C45F58B,Dimmit Regional Hospital District,2019,BrdMem,,Cleo,,Bustamante Jr,Vice-Chairman,,,,,0,,,,,,,
99744,103226992,E8A9F867-A1F4-40CA-A6FF-927B2C45F58B,Dimmit Regional Hospital District,2019,BrdMem,,Martha Alicia,,Ponce,Member,,,,,0,,,,,,,
99745,103226992,E8A9F867-A1F4-40CA-A6FF-927B2C45F58B,Dimmit Regional Hospital District,2019,BrdMem,,Paula,,Seydel,Secretary,,,,,0,,,,,,,
99746,103226992,E8A9F867-A1F4-40CA-A6FF-927B2C45F58B,Dimmit Regional Hospital District,2019,BrdMem,,Bruce E,,Leonard Jr,Chairman,,,,,0,,,,,,,
99747,103226992,E8A9F867-A1F4-40CA-A6FF-927B2C45F58B,Dimmit Regional Hospital District,2019,BrdMem,,Jose,,Carmona,Member,,,,,0,,,,,,,
99751,103226992,F1E0D57C-C941-4FC0-AB44-54363A7433CB,Dimmit Regional Hospital District,2020,BrdMem,,Maria,,Ponce,Memeber,,,,,0,,,,,,,
99752,103226992,F1E0D57C-C941-4FC0-AB44-54363A7433CB,Dimmit Regional Hospital District,2020,BrdMem,,Silvestre,,Cavasos,Member,,,,,0,,,,,,,
99753,103226992,F1E0D57C-C941-4FC0-AB44-54363A7433CB,Dimmit Regional Hospital District,2020,BrdMem,,Paula,,Seydel,Secretary,,,,,0,,,,,,,
99754,103226992,F1E0D57C-C941-4FC0-AB44-54363A7433CB,Dimmit Regional Hospital District,2020,BrdMem,,Jose,,Carmona,Member,,,,,0,,,,,,,
99755,103226992,F1E0D57C-C941-4FC0-AB44-54363A7433CB,Dimmit Regional Hospital District,2020,BrdMem,,Bruce E,,Leonard Jr,Chairman,,,,,0,,,,,,,
99756,103226992,F1E0D57C-C941-4FC0-AB44-54363A7433CB,Dimmit Regional Hospital District,2020,BrdMem,,Cleo,,Bustamante Jr,Vice-Chairman,,,,,0,,,,,,,
99757,103226992,F1E0D57C-C941-4FC0-AB44-54363A7433CB,Dimmit Regional Hospital District,2020,BrdMem,,Martha Alicia,,Ponce,Member,,,,,0,,,,,,,
99761,103226992,E33F2D80-8B47-441B-B888-A71C2A7FDA9F,Dimmit Regional Hospital District,2021,BrdMem,,Bruce E,,Leonard Jr,Chairman,,,,,0,,,,,,,
99762,103226992,E33F2D80-8B47-441B-B888-A71C2A7FDA9F,Dimmit Regional Hospital District,2021,BrdMem,,Cleo,,Bustamante Jr,Vice-Chairman,,,,,0,,,,,,,
99763,103226992,E33F2D80-8B47-441B-B888-A71C2A7FDA9F,Dimmit Regional Hospital District,2021,BrdMem,,Paula,,Seydel,Secretary,,,,,0,,,,,,,
99764,103226992,E33F2D80-8B47-441B-B888-A71C2A7FDA9F,Dimmit Regional Hospital District,2021,BrdMem,,Martha Alicia,,Ponce,Member,,,,,0,,,,,,,
99765,103226992,E33F2D80-8B47-441B-B888-A71C2A7FDA9F,Dimmit Regional Hospital District,2021,BrdMem,,Jose,,Carmona,Member,,,,,0,,,,,,,
99766,103226992,E33F2D80-8B47-441B-B888-A71C2A7FDA9F,Dimmit Regional Hospital District,2021,BrdMem,,Silvestre,,Cavasos,Member,,,,,0,,,,,,,
99767,103226992,E33F2D80-8B47-441B-B888-A71C2A7FDA9F,Dimmit Regional Hospital District,2021,BrdMem,,Maria,,Ponce,Memeber,,,,,0,,,,,,,
99771,103226992,06173083-2D53-4726-9075-F7E693339FD5,Dimmit Regional Hospital District,2022,BrdMem,,Silvestre,,Cavasos,Member,,,,,0,,,,,,,
99772,103226992,06173083-2D53-4726-9075-F7E693339FD5,Dimmit Regional Hospital District,2022,BrdMem,,Martha Alicia,,Ponce,Member,,,,,0,,,,,,,
99773,103226992,06173083-2D53-4726-9075-F7E693339FD5,Dimmit Regional Hospital District,2022,BrdMem,,Cleo,,Bustamante Jr,Vice-Chairman,,,,,0,,,,,,,
99774,103226992,06173083-2D53-4726-9075-F7E693339FD5,Dimmit Regional Hospital District,2022,BrdMem,,Bruce E,,Leonard Jr,Chairman,,,,,0,,,,,,,
99775,103226992,06173083-2D53-4726-9075-F7E693339FD5,Dimmit Regional Hospital District,2022,BrdMem,,Maria,,Ponce,Memeber,,,,,0,,,,,,,
99776,103226992,06173083-2D53-4726-9075-F7E693339FD5,Dimmit Regional Hospital District,2022,BrdMem,,Paula,,Seydel,Secretary,,,,,0,,,,,,,
99780,103226992,5B18A7D5-F5E4-49D2-A447-64A5F2A844F3,Dimmit Regional Hospital District,2023,BrdMem,,Paula,,Seydel,Secretary,,,,,0,,,,,,,
99781,103226992,5B18A7D5-F5E4-49D2-A447-64A5F2A844F3,Dimmit Regional Hospital District,2023,BrdMem,,Devandra,,Varshney,Chairman,,,,,0,,,,,,,
99782,103226992,5B18A7D5-F5E4-49D2-A447-64A5F2A844F3,Dimmit Regional Hospital District,2023,BrdMem,,Rene,,Hernandez,Vice-Chairman,,,,,0,,,,,,,
99783,103226992,5B18A7D5-F5E4-49D2-A447-64A5F2A844F3,Dimmit Regional Hospital District,2023,BrdMem,,Silvestre,,Cavasos,Member,,,,,0,,,,,,,
99784,103226992,5B18A7D5-F5E4-49D2-A447-64A5F2A844F3,Dimmit Regional Hospital District,2023,BrdMem,,Maria,,Ponce,Memeber,,,,,0,,,,,,,
99788,103226992,A724EDC1-9212-4DF7-8187-515DC30F8EEE,Dimmit Regional Hospital District,2024,BrdMem,,Silvestre,,Cavasos,Member,,,,,0,,,,,,,
99789,103226992,A724EDC1-9212-4DF7-8187-515DC30F8EEE,Dimmit Regional Hospital District,2024,BrdMem,,Maria,,Ponce,Member,,,,,0,,,,,,,
99790,103226992,A724EDC1-9212-4DF7-8187-515DC30F8EEE,Dimmit Regional Hospital District,2024,BrdMem,,Hugo,,Sulaica,Member,,,,,0,,,,,,,
99791,103226992,A724EDC1-9212-4DF7-8187-515DC30F8EEE,Dimmit Regional Hospital District,2024,BrdMem,,Paula,,Seydel,Secretary,,,,,0,,,,,,,
99792,103226992,A724EDC1-9212-4DF7-8187-515DC30F8EEE,Dimmit Regional Hospital District,2024,BrdMem,,Rene,,Hernandez,Vice-Chairman,,,,,0,,,,,,,
99793,103226992,A724EDC1-9212-4DF7-8187-515DC30F8EEE,Dimmit Regional Hospital District,2024,BrdMem,,Cleo,,Bustamante,Chairman,,,,,0,,,,,,,
99797,103226992,49A01268-70C5-4165-985B-4B2B9BDEF3A8,Dimmit Regional Hospital District,2025,BrdMem,,Silvestre,,Cavasos,Secretary,,,,,0,,,,,,,
99798,103226992,49A01268-70C5-4165-985B-4B2B9BDEF3A8,Dimmit Regional Hospital District,2025,BrdMem,,Ricardo,,Martinez Jr,Member,,,,,0,,,,,,,
99799,103226992,49A01268-70C5-4165-985B-4B2B9BDEF3A8,Dimmit Regional Hospital District,2025,BrdMem,,Paula,,Seydel,Member,,,,,0,,,,,,,
99800,103226992,49A01268-70C5-4165-985B-4B2B9BDEF3A8,Dimmit Regional Hospital District,2025,BrdMem,,Cleo,,Bustamante,Chairman,,,,,0,,,,,,,
99801,103226992,49A01268-70C5-4165-985B-4B2B9BDEF3A8,Dimmit Regional Hospital District,2025,BrdMem,,Rene,,Hernandez,Vice-Chairman,,,,,0,,,,,,,
99802,103226992,49A01268-70C5-4165-985B-4B2B9BDEF3A8,Dimmit Regional Hospital District,2025,BrdMem,,Maria,,Ponce,Member,,,,,0,,,,,,,
99803,103226992,49A01268-70C5-4165-985B-4B2B9BDEF3A8,Dimmit Regional Hospital District,2025,BrdMem,,Hugo,,Sulaica,Member,,,,,0,,,,,,,
99807,103226992,9490EE27-393C-4B10-8CD9-A1026EFE26EA,Dimmit Regional Hospital District,2026,BrdMem,,Ricardo,,Martinez Jr,Member,,,,,0,,,,,,,
99808,103226992,9490EE27-393C-4B10-8CD9-A1026EFE26EA,Dimmit Regional Hospital District,2026,BrdMem,,Silvestre,,Cavasos,Secretary,,,,,0,,,,,,,
99809,103226992,9490EE27-393C-4B10-8CD9-A1026EFE26EA,Dimmit Regional Hospital District,2026,BrdMem,,Alfredo,,Castaneda Jr.,Member,,,,,0,,,,,,,
99810,103226992,9490EE27-393C-4B10-8CD9-A1026EFE26EA,Dimmit Regional Hospital District,2026,BrdMem,,Paula,,Seydel,Member,,,,,0,,,,,,,
99811,103226992,9490EE27-393C-4B10-8CD9-A1026EFE26EA,Dimmit Regional Hospital District,2026,BrdMem,,Maria,,Ponce,Member,,,,,0,,,,,,,
99812,103226992,9490EE27-393C-4B10-8CD9-A1026EFE26EA,Dimmit Regional Hospital District,2026,BrdMem,,Cleo,,Bustamante,Chairman,,,,,0,,,,,,,
104684,103227064,F75FC5EA-BA07-4AFD-A01C-A31807F1C214,Mitchell County Hospital District,2018,BrdMem,,Jerry,,Reynolds,President,,,,,0,,,,,,,
104685,103227064,F75FC5EA-BA07-4AFD-A01C-A31807F1C214,Mitchell County Hospital District,2018,BrdMem,,Brodie,,Harris,Member,,,,,0,,,,,,,
104686,103227064,F75FC5EA-BA07-4AFD-A01C-A31807F1C214,Mitchell County Hospital District,2018,BrdMem,,Cheryl,,Warren,Secretary,,,,,0,,,,,,,
104687,103227064,F75FC5EA-BA07-4AFD-A01C-A31807F1C214,Mitchell County Hospital District,2018,BrdMem,,Patty,,Pharis,Vice President,,,,,0,,,,,,,
104688,103227064,F75FC5EA-BA07-4AFD-A01C-A31807F1C214,Mitchell County Hospital District,2018,BrdMem,,Mark,,Merrell,Member,,,,,0,,,,,,,
104689,103227064,F75FC5EA-BA07-4AFD-A01C-A31807F1C214,Mitchell County Hospital District,2018,BrdMem,,Kody,,Wood,Member,,,,,0,,,,,,,
104690,103227064,F75FC5EA-BA07-4AFD-A01C-A31807F1C214,Mitchell County Hospital District,2018,BrdMem,,Marsha,,Rickard,Member,,,,,0,,,,,,,
104694,103227064,9BA4948B-777B-4110-BF81-0D2AF2C7C787,Mitchell County Hospital District,2019,BrdMem,,Marsha,,Rickard,Member,,,,,0,,,,,,,
104695,103227064,9BA4948B-777B-4110-BF81-0D2AF2C7C787,Mitchell County Hospital District,2019,BrdMem,,Jerry,,Reynolds,President,,,,,0,,,,,,,
104696,103227064,9BA4948B-777B-4110-BF81-0D2AF2C7C787,Mitchell County Hospital District,2019,BrdMem,,Maria,,Rubio,Member,,,,,0,,,,,,,
104697,103227064,9BA4948B-777B-4110-BF81-0D2AF2C7C787,Mitchell County Hospital District,2019,BrdMem,,Brodie,,Harris,Member,,,,,0,,,,,,,
104698,103227064,9BA4948B-777B-4110-BF81-0D2AF2C7C787,Mitchell County Hospital District,2019,BrdMem,,Patty,,Pharis,Vice President,,,,,0,,,,,,,
104699,103227064,9BA4948B-777B-4110-BF81-0D2AF2C7C787,Mitchell County Hospital District,2019,BrdMem,,Cheryl,,Warren,Secretary,,,,,0,,,,,,,
104700,103227064,9BA4948B-777B-4110-BF81-0D2AF2C7C787,Mitchell County Hospital District,2019,BrdMem,,Thomas,,Moore,Member,,,,,0,,,,,,,
104704,103227064,36336283-8371-4905-BC25-DB95AFB4BEBD,Mitchell County Hospital District,2020,BrdMem,,Thomas,,Moore,Member,,,,,0,,,,,,,
104705,103227064,36336283-8371-4905-BC25-DB95AFB4BEBD,Mitchell County Hospital District,2020,BrdMem,,Maria,,Rubio,Member,,,,,0,,,,,,,
104706,103227064,36336283-8371-4905-BC25-DB95AFB4BEBD,Mitchell County Hospital District,2020,BrdMem,,Cheryl,,Warren,Vice President,,,,,0,,,,,,,
104707,103227064,36336283-8371-4905-BC25-DB95AFB4BEBD,Mitchell County Hospital District,2020,BrdMem,,Marsha,,Rickard,Secretary,,,,,0,,,,,,,
104708,103227064,36336283-8371-4905-BC25-DB95AFB4BEBD,Mitchell County Hospital District,2020,BrdMem,,Jerry,,Reynolds,Member,,,,,0,,,,,,,
104709,103227064,36336283-8371-4905-BC25-DB95AFB4BEBD,Mitchell County Hospital District,2020,BrdMem,,Helen,,Edwards,Member,,,,,0,,,,,,,
104710,103227064,36336283-8371-4905-BC25-DB95AFB4BEBD,Mitchell County Hospital District,2020,BrdMem,,Patty,,Pharis,President,,,,,0,,,,,,,
104714,103227064,384D7E2D-37EC-4156-A9EA-6A6BF574766A,Mitchell County Hospital District,2021,BrdMem,,Patty,,Pharis,President,,,,,0,,,,,,,
104715,103227064,384D7E2D-37EC-4156-A9EA-6A6BF574766A,Mitchell County Hospital District,2021,BrdMem,,Marsha,,Rickard,Secretary,,,,,0,,,,,,,
104716,103227064,384D7E2D-37EC-4156-A9EA-6A6BF574766A,Mitchell County Hospital District,2021,BrdMem,,Maria,,Rubio,Member,,,,,0,,,,,,,
104717,103227064,384D7E2D-37EC-4156-A9EA-6A6BF574766A,Mitchell County Hospital District,2021,BrdMem,,Thomas,,Moore,Member,,,,,0,,,,,,,
104718,103227064,384D7E2D-37EC-4156-A9EA-6A6BF574766A,Mitchell County Hospital District,2021,BrdMem,,Jerry,,Reynolds,Member,,,,,0,,,,,,,
104719,103227064,384D7E2D-37EC-4156-A9EA-6A6BF574766A,Mitchell County Hospital District,2021,BrdMem,,Helen,,Edwards,Member,,,,,0,,,,,,,
104720,103227064,384D7E2D-37EC-4156-A9EA-6A6BF574766A,Mitchell County Hospital District,2021,BrdMem,,Cheryl,,Warren,Vice President,,,,,0,,,,,,,
104724,103227064,19DD2C58-2483-430A-9847-D88D3DA6926B,Mitchell County Hospital District,2022,BrdMem,,Cheryl,,Warren,Vice President,,,,,0,,,,,,,
104725,103227064,19DD2C58-2483-430A-9847-D88D3DA6926B,Mitchell County Hospital District,2022,BrdMem,,Patty,,Pharis,President,,,,,0,,,,,,,
104726,103227064,19DD2C58-2483-430A-9847-D88D3DA6926B,Mitchell County Hospital District,2022,BrdMem,,Randy,,Anderson,Member,,,,,0,,,,,,,
104727,103227064,19DD2C58-2483-430A-9847-D88D3DA6926B,Mitchell County Hospital District,2022,BrdMem,,Maria,,Rubio,Member,,,,,0,,,,,,,
104728,103227064,19DD2C58-2483-430A-9847-D88D3DA6926B,Mitchell County Hospital District,2022,BrdMem,,Helen,,Edwards,Member,,,,,0,,,,,,,
104729,103227064,19DD2C58-2483-430A-9847-D88D3DA6926B,Mitchell County Hospital District,2022,BrdMem,,Marsha,,Rickard,Secretary,,,,,0,,,,,,,
104733,103227064,ADA2BFD4-3321-40E8-B883-BD7CBB52E087,Mitchell County Hospital District,2023,BrdMem,,Henryk,,Olstowski,Member,,,,,0,,,,,,,
104734,103227064,ADA2BFD4-3321-40E8-B883-BD7CBB52E087,Mitchell County Hospital District,2023,BrdMem,,Helen,,Edwards,Member,,,,,0,,,,,,,
104735,103227064,ADA2BFD4-3321-40E8-B883-BD7CBB52E087,Mitchell County Hospital District,2023,BrdMem,,Cheryl,,Warren,Vice President,,,,,0,,,,,,,
104736,103227064,ADA2BFD4-3321-40E8-B883-BD7CBB52E087,Mitchell County Hospital District,2023,BrdMem,,Marsha,,Rickard,Secretary,,,,,0,,,,,,,
104737,103227064,ADA2BFD4-3321-40E8-B883-BD7CBB52E087,Mitchell County Hospital District,2023,BrdMem,,Maria,,Rubio,Member,,,,,0,,,,,,,
104738,103227064,ADA2BFD4-3321-40E8-B883-BD7CBB52E087,Mitchell County Hospital District,2023,BrdMem,,Patty,,Pharis,President,,,,,0,,,,,,,
104742,103227064,5B9ED431-3477-4CC7-8298-F26DA71ACD84,Mitchell County Hospital District,2024,BrdMem,,Richy,,Womack,Member,,,,,0,,,,,,,
104743,103227064,5B9ED431-3477-4CC7-8298-F26DA71ACD84,Mitchell County Hospital District,2024,BrdMem,,Henryk,,Olstowski,Member,,,,,0,,,,,,,
104744,103227064,5B9ED431-3477-4CC7-8298-F26DA71ACD84,Mitchell County Hospital District,2024,BrdMem,,Maria,,Rubio,Member,,,,,0,,,,,,,
104745,103227064,5B9ED431-3477-4CC7-8298-F26DA71ACD84,Mitchell County Hospital District,2024,BrdMem,,Marsha,,Rickard,Secretary,,,,,0,,,,,,,
104746,103227064,5B9ED431-3477-4CC7-8298-F26DA71ACD84,Mitchell County Hospital District,2024,BrdMem,,Kaleb,,Jackson,Member,,,,,0,,,,,,,
104747,103227064,5B9ED431-3477-4CC7-8298-F26DA71ACD84,Mitchell County Hospital District,2024,BrdMem,,Helen,,Edwards,Member,,,,,0,,,,,,,
104748,103227064,5B9ED431-3477-4CC7-8298-F26DA71ACD84,Mitchell County Hospital District,2024,BrdMem,,Lorianne,,Toombs,Member,,,,,0,,,,,,,
104752,103227064,BDF2D933-48CD-43FE-A2A4-DD86EA76E07D,Mitchell County Hospital District,2025,BrdMem,,Henryk,,Olstowski,Member,,,,,0,,,,,,,
104753,103227064,BDF2D933-48CD-43FE-A2A4-DD86EA76E07D,Mitchell County Hospital District,2025,BrdMem,,Kaleb,,Jackson,Member,,,,,0,,,,,,,
104754,103227064,BDF2D933-48CD-43FE-A2A4-DD86EA76E07D,Mitchell County Hospital District,2025,BrdMem,,Richy,,Womack,Member,,,,,0,,,,,,,
104755,103227064,BDF2D933-48CD-43FE-A2A4-DD86EA76E07D,Mitchell County Hospital District,2025,BrdMem,,Helen,,Edwards,Member,,,,,0,,,,,,,
104756,103227064,BDF2D933-48CD-43FE-A2A4-DD86EA76E07D,Mitchell County Hospital District,2025,BrdMem,,Marsha,,Rickard,Secretary,,,,,0,,,,,,,
104757,103227064,BDF2D933-48CD-43FE-A2A4-DD86EA76E07D,Mitchell County Hospital District,2025,BrdMem,,Maria,,Rubio,Member,,,,,0,,,,,,,
104758,103227064,BDF2D933-48CD-43FE-A2A4-DD86EA76E07D,Mitchell County Hospital District,2025,BrdMem,,Lorianne,,Toombs,Member,,,,,0,,,,,,,
104762,103227064,74DA9E6C-B6A4-4537-BA6C-0FFBC4FCC013,Mitchell County Hospital District,2026,BrdMem,,Donna,,Goebel,Member,,,,,0,,,,,,,
104763,103227064,74DA9E6C-B6A4-4537-BA6C-0FFBC4FCC013,Mitchell County Hospital District,2026,BrdMem,,Maria,,Rubio,Member,,,,,0,,,,,,,
104764,103227064,74DA9E6C-B6A4-4537-BA6C-0FFBC4FCC013,Mitchell County Hospital District,2026,BrdMem,,Helen,,Edwards,Member,,,,,0,,,,,,,
104765,103227064,74DA9E6C-B6A4-4537-BA6C-0FFBC4FCC013,Mitchell County Hospital District,2026,BrdMem,,Richy,,Womack,Member,,,,,0,,,,,,,
104766,103227064,74DA9E6C-B6A4-4537-BA6C-0FFBC4FCC013,Mitchell County Hospital District,2026,BrdMem,,Henryk,,Olstowski,Member,,,,,0,,,,,,,
104767,103227064,74DA9E6C-B6A4-4537-BA6C-0FFBC4FCC013,Mitchell County Hospital District,2026,BrdMem,,Kaleb,,Jackson,Member,,,,,0,,,,,,,
104768,103227064,74DA9E6C-B6A4-4537-BA6C-0FFBC4FCC013,Mitchell County Hospital District,2026,BrdMem,,Marsha,,Rickard,Secretary,,,,,0,,,,,,,
108965,103227127,F8EA4699-EA33-4A1B-B930-0EA71A128D7B,Harris County Emergency Services District #8,2018,BrdMem,,C.J.,,Livanec Jr,Treasurer,,,,,0,,,,,,,
108966,103227127,F8EA4699-EA33-4A1B-B930-0EA71A128D7B,Harris County Emergency Services District #8,2018,BrdMem,,David,,Kibler,Commissioner,,,,,0,,,,,,,
108967,103227127,F8EA4699-EA33-4A1B-B930-0EA71A128D7B,Harris County Emergency Services District #8,2018,BrdMem,,John,,Dillon,Vice President,,,,,0,,,,,,,
108968,103227127,F8EA4699-EA33-4A1B-B930-0EA71A128D7B,Harris County Emergency Services District #8,2018,BrdMem,,David,,Pace,Secretary,,,,,0,,,,,,,
108969,103227127,F8EA4699-EA33-4A1B-B930-0EA71A128D7B,Harris County Emergency Services District #8,2018,BrdMem,,Marcia,,Moore-Swinehart,President,,,,,0,,,,,,,
108974,103227127,9A3726A5-EC61-42C8-947A-E895933B5DBD,Harris County Emergency Services District #8,2019,BrdMem,,David,,Pace,Secretary,,,,,0,,,,,,,
108975,103227127,9A3726A5-EC61-42C8-947A-E895933B5DBD,Harris County Emergency Services District #8,2019,BrdMem,,Marcia,,Moore-Swinehart,President,,,,,0,,,,,,,
108976,103227127,9A3726A5-EC61-42C8-947A-E895933B5DBD,Harris County Emergency Services District #8,2019,BrdMem,,David,,Kibler,Commissioner,,,,,0,,,,,,,
108977,103227127,9A3726A5-EC61-42C8-947A-E895933B5DBD,Harris County Emergency Services District #8,2019,BrdMem,,John,,Dillon,Vice President,,,,,0,,,,,,,
108978,103227127,9A3726A5-EC61-42C8-947A-E895933B5DBD,Harris County Emergency Services District #8,2019,BrdMem,,C.J.,,Livanec Jr,Treasurer,,,,,0,,,,,,,
108983,103227127,2D2CDFBF-A76E-4A50-834F-0DEE4E3A0BE4,Harris County Emergency Services District #8,2020,BrdMem,,David,,Kibler,Commissioner,,,,,0,,,,,,,
108984,103227127,2D2CDFBF-A76E-4A50-834F-0DEE4E3A0BE4,Harris County Emergency Services District #8,2020,BrdMem,,Marcia,,Moore-Swinehart,President,,,,,0,,,,,,,
108985,103227127,2D2CDFBF-A76E-4A50-834F-0DEE4E3A0BE4,Harris County Emergency Services District #8,2020,BrdMem,,David,,Pace,Secretary,,,,,0,,,,,,,
108986,103227127,2D2CDFBF-A76E-4A50-834F-0DEE4E3A0BE4,Harris County Emergency Services District #8,2020,BrdMem,,John,,Dillon,Vice President,,,,,0,,,,,,,
108991,103227127,2A882A2E-4D09-4736-A52C-8687DC887CA0,Harris County Emergency Services District #8,2021,BrdMem,,Scott,,Hallmark,Commissioner,,,,,0,,,,,,,
108992,103227127,2A882A2E-4D09-4736-A52C-8687DC887CA0,Harris County Emergency Services District #8,2021,BrdMem,,Marcia,,Moore-Swinehart,President,,,,,0,,,,,,,
108993,103227127,2A882A2E-4D09-4736-A52C-8687DC887CA0,Harris County Emergency Services District #8,2021,BrdMem,,John,,Dillon,Vice President,,,,,0,,,,,,,
108994,103227127,2A882A2E-4D09-4736-A52C-8687DC887CA0,Harris County Emergency Services District #8,2021,BrdMem,,David,,Kibler,Commissioner,,,,,0,,,,,,,
108995,103227127,2A882A2E-4D09-4736-A52C-8687DC887CA0,Harris County Emergency Services District #8,2021,BrdMem,,David,,Pace,Secretary,,,,,0,,,,,,,
109000,103227127,0609CC95-D259-4DF2-9FAD-E303EC699A5C,Harris County Emergency Services District #8,2022,BrdMem,,Marcia,,Moore-Swinehart,President,,,,,0,,,,,,,
109001,103227127,0609CC95-D259-4DF2-9FAD-E303EC699A5C,Harris County Emergency Services District #8,2022,BrdMem,,David,,Kibler,Treasurer,,,,,0,,,,,,,
109002,103227127,0609CC95-D259-4DF2-9FAD-E303EC699A5C,Harris County Emergency Services District #8,2022,BrdMem,,John,,Dillon,Vice President,,,,,0,,,,,,,
109003,103227127,0609CC95-D259-4DF2-9FAD-E303EC699A5C,Harris County Emergency Services District #8,2022,BrdMem,,David,,Pace,Secretary,,,,,0,,,,,,,
109004,103227127,0609CC95-D259-4DF2-9FAD-E303EC699A5C,Harris County Emergency Services District #8,2022,BrdMem,,Scott,,Hallmark,Commissioner,,,,,0,,,,,,,
109009,103227127,D51241AB-2AF4-4EFA-91AF-50419706BBE2,Harris County Emergency Services District #8,2023,BrdMem,,David,,Kibler,Treasurer,,,,,0,,,,,,,
109010,103227127,D51241AB-2AF4-4EFA-91AF-50419706BBE2,Harris County Emergency Services District #8,2023,BrdMem,,John,,Dillon,Vice President,,,,,0,,,,,,,
109011,103227127,D51241AB-2AF4-4EFA-91AF-50419706BBE2,Harris County Emergency Services District #8,2023,BrdMem,,David,,Pace,Secretary,,,,,0,,,,,,,
109012,103227127,D51241AB-2AF4-4EFA-91AF-50419706BBE2,Harris County Emergency Services District #8,2023,BrdMem,,Marcia,,Moore-Swinehart,President,,,,,0,,,,,,,
109013,103227127,D51241AB-2AF4-4EFA-91AF-50419706BBE2,Harris County Emergency Services District #8,2023,BrdMem,,Scott,,Hallmark,Commissioner,,,,,0,,,,,,,
109018,103227127,BE69E9DC-B2E8-4D80-BCFF-852DA3171ABA,Harris County Emergency Services District #8,2024,BrdMem,,Marcia,,Moore-Swinehart,President,,,,,0,,,,,,,
109019,103227127,BE69E9DC-B2E8-4D80-BCFF-852DA3171ABA,Harris County Emergency Services District #8,2024,BrdMem,,David,,Pace,Secretary,,,,,0,,,,,,,
109020,103227127,BE69E9DC-B2E8-4D80-BCFF-852DA3171ABA,Harris County Emergency Services District #8,2024,BrdMem,,Scott,,Hallmark,Commissioner,,,,,0,,,,,,,
109021,103227127,BE69E9DC-B2E8-4D80-BCFF-852DA3171ABA,Harris County Emergency Services District #8,2024,BrdMem,,John,,Dillon,Vice President,,,,,0,,,,,,,
109022,103227127,BE69E9DC-B2E8-4D80-BCFF-852DA3171ABA,Harris County Emergency Services District #8,2024,BrdMem,,David,,Kibler,Treasurer,,,,,0,,,,,,,
109027,103227127,4DBDA29C-71F8-4D1C-A296-BCEC92EA8507,Harris County Emergency Services District #8,2025,BrdMem,,David,,Kibler,Treasurer,,,,,0,,,,,,,
109028,103227127,4DBDA29C-71F8-4D1C-A296-BCEC92EA8507,Harris County Emergency Services District #8,2025,BrdMem,,Scott,,Hallmark,Commissioner,,,,,0,,,,,,,
109029,103227127,4DBDA29C-71F8-4D1C-A296-BCEC92EA8507,Harris County Emergency Services District #8,2025,BrdMem,,David,,Pace,Secretary,,,,,0,,,,,,,
109030,103227127,4DBDA29C-71F8-4D1C-A296-BCEC92EA8507,Harris County Emergency Services District #8,2025,BrdMem,,Marcia,,Moore-Swinehart,President,,,,,0,,,,,,,
109031,103227127,4DBDA29C-71F8-4D1C-A296-BCEC92EA8507,Harris County Emergency Services District #8,2025,BrdMem,,John,,Dillon,Vice President,,,,,0,,,,,,,
109036,103227127,8B4D47D3-4E8D-4D09-A9BB-DC3FD0077220,Harris County Emergency Services District #8,2026,BrdMem,,David,,Pace,Secretary,,,,,0,,,,,,,
109037,103227127,8B4D47D3-4E8D-4D09-A9BB-DC3FD0077220,Harris County Emergency Services District #8,2026,BrdMem,,Marcia,,Moore-Swinehart,President,,,,,0,,,,,,,
109038,103227127,8B4D47D3-4E8D-4D09-A9BB-DC3FD0077220,Harris County Emergency Services District #8,2026,BrdMem,,John,,Dillon,Vice President,,,,,0,,,,,,,
109039,103227127,8B4D47D3-4E8D-4D09-A9BB-DC3FD0077220,Harris County Emergency Services District #8,2026,BrdMem,,David,,Kibler,Treasurer,,,,,0,,,,,,,
109040,103227127,8B4D47D3-4E8D-4D09-A9BB-DC3FD0077220,Harris County Emergency Services District #8,2026,BrdMem,,Scott,,Hallmark,Commissioner,,,,,0,,,,,,,
109045,103227128,DC734E4E-A4DC-4980-ACE2-5F6B4817D247,Harris County Emergency Services District #10,2018,BrdMem,,Mike,,Tucker,President,,,,,0,,,,,,,
109046,103227128,DC734E4E-A4DC-4980-ACE2-5F6B4817D247,Harris County Emergency Services District #10,2018,BrdMem,,Paul,,Lessor,Secretary,,,,,0,,,,,,,
109047,103227128,DC734E4E-A4DC-4980-ACE2-5F6B4817D247,Harris County Emergency Services District #10,2018,BrdMem,,Richard,,Givens,Commissioner,,,,,0,,,,,,,
109048,103227128,DC734E4E-A4DC-4980-ACE2-5F6B4817D247,Harris County Emergency Services District #10,2018,BrdMem,,Robyn,,Hoekstra,Treasurer,,,,,0,,,,,,,
109053,103227128,482B0DBB-E731-47B2-8DEC-144BE8ADC5D8,Harris County Emergency Services District #10,2019,BrdMem,,Paul,,Lessor,Secretary,,,,,0,,,,,,,
109054,103227128,482B0DBB-E731-47B2-8DEC-144BE8ADC5D8,Harris County Emergency Services District #10,2019,BrdMem,,Robyn,,Hoekstra,Treasurer,,,,,0,,,,,,,
109055,103227128,482B0DBB-E731-47B2-8DEC-144BE8ADC5D8,Harris County Emergency Services District #10,2019,BrdMem,,Rebecca,,Todd,Assistant Treasurer,,,,,0,,,,,,,
109056,103227128,482B0DBB-E731-47B2-8DEC-144BE8ADC5D8,Harris County Emergency Services District #10,2019,BrdMem,,Richard,,Givens,Commissioner,,,,,0,,,,,,,
109057,103227128,482B0DBB-E731-47B2-8DEC-144BE8ADC5D8,Harris County Emergency Services District #10,2019,BrdMem,,Mike,,Tucker,President,,,,,0,,,,,,,
109062,103227128,80826FDA-5C2E-4518-8225-CBA4D7426114,Harris County Emergency Services District #10,2020,BrdMem,,Rebecca,,Todd,Assistant Treasurer,,,,,0,,,,,,,
109063,103227128,80826FDA-5C2E-4518-8225-CBA4D7426114,Harris County Emergency Services District #10,2020,BrdMem,,Robyn,,Hoekstra,Treasurer,,,,,0,,,,,,,
109064,103227128,80826FDA-5C2E-4518-8225-CBA4D7426114,Harris County Emergency Services District #10,2020,BrdMem,,Paul,,Lessor,Vice President,,,,,0,,,,,,,
109065,103227128,80826FDA-5C2E-4518-8225-CBA4D7426114,Harris County Emergency Services District #10,2020,BrdMem,,Mike,,Tucker,President,,,,,0,,,,,,,
109066,103227128,80826FDA-5C2E-4518-8225-CBA4D7426114,Harris County Emergency Services District #10,2020,BrdMem,,Richard,,Givens,Secretary,,,,,0,,,,,,,
109071,103227128,FC93DC2A-6BBD-4C31-9EB1-44D3321439F9,Harris County Emergency Services District #10,2021,BrdMem,,Robyn,,Hoekstra,Treasurer,,,,,0,,,,,,,
109072,103227128,FC93DC2A-6BBD-4C31-9EB1-44D3321439F9,Harris County Emergency Services District #10,2021,BrdMem,,Rebecca,,Todd,Assistant Treasurer,,,,,0,,,,,,,
109073,103227128,FC93DC2A-6BBD-4C31-9EB1-44D3321439F9,Harris County Emergency Services District #10,2021,BrdMem,,Mike,,Tucker,President,,,,,0,,,,,,,
109074,103227128,FC93DC2A-6BBD-4C31-9EB1-44D3321439F9,Harris County Emergency Services District #10,2021,BrdMem,,Paul,,Lessor,Vice President,,,,,0,,,,,,,
109075,103227128,FC93DC2A-6BBD-4C31-9EB1-44D3321439F9,Harris County Emergency Services District #10,2021,BrdMem,,Richard,,Givens,Secretary,,,,,0,,,,,,,
109080,103227128,5217C397-AC13-4D2A-B957-3252E5700556,Harris County Emergency Services District #10,2022,BrdMem,,Mike,,Tucker,President,,,,,0,,,,,,,
109081,103227128,5217C397-AC13-4D2A-B957-3252E5700556,Harris County Emergency Services District #10,2022,BrdMem,,Richard,,Givens,Secretary,,,,,0,,,,,,,
109082,103227128,5217C397-AC13-4D2A-B957-3252E5700556,Harris County Emergency Services District #10,2022,BrdMem,,Rebecca,,Todd,Assistant Treasurer,,,,,0,,,,,,,
109083,103227128,5217C397-AC13-4D2A-B957-3252E5700556,Harris County Emergency Services District #10,2022,BrdMem,,Robyn,,Hoekstra,Treasurer,,,,,0,,,,,,,
109084,103227128,5217C397-AC13-4D2A-B957-3252E5700556,Harris County Emergency Services District #10,2022,BrdMem,,Paul,,Lessor,Vice President,,,,,0,,,,,,,
109089,103227128,382F254E-4F89-4B1A-85BD-DD47AA8A71C5,Harris County Emergency Services District #10,2023,BrdMem,,Paul,,Lessor,President,,,,,0,,,,,,,
109090,103227128,382F254E-4F89-4B1A-85BD-DD47AA8A71C5,Harris County Emergency Services District #10,2023,BrdMem,,Kito,,Bonner,Asst. Secretary,,,,,0,,,,,,,
109091,103227128,382F254E-4F89-4B1A-85BD-DD47AA8A71C5,Harris County Emergency Services District #10,2023,BrdMem,,Martha,,Serna,Secretary,,,,,0,,,,,,,
109092,103227128,382F254E-4F89-4B1A-85BD-DD47AA8A71C5,Harris County Emergency Services District #10,2023,BrdMem,,Mike,,Tucker,Vice President,,,,,0,,,,,,,
109093,103227128,382F254E-4F89-4B1A-85BD-DD47AA8A71C5,Harris County Emergency Services District #10,2023,BrdMem,,Robyn,,Hoekstra,Treasurer,,,,,0,,,,,,,
109098,103227128,6518A63F-02F4-46C0-8DEE-B7178DA91BDE,Harris County Emergency Services District #10,2024,BrdMem,,Kito,,Bonner,Asst. Secretary,,,,,0,,,,,,,
109099,103227128,6518A63F-02F4-46C0-8DEE-B7178DA91BDE,Harris County Emergency Services District #10,2024,BrdMem,,Paul,,Lessor,President,,,,,0,,,,,,,
109100,103227128,6518A63F-02F4-46C0-8DEE-B7178DA91BDE,Harris County Emergency Services District #10,2024,BrdMem,,Mike,,Tucker,Vice President,,,,,0,,,,,,,
109101,103227128,6518A63F-02F4-46C0-8DEE-B7178DA91BDE,Harris County Emergency Services District #10,2024,BrdMem,,Martha,,Serna,Secretary,,,,,0,,,,,,,
109102,103227128,6518A63F-02F4-46C0-8DEE-B7178DA91BDE,Harris County Emergency Services District #10,2024,BrdMem,,Robyn,,Hoekstra,Treasurer,,,,,0,,,,,,,
109107,103227128,1A6D893A-8777-48C4-8F19-DA750AC0E7C2,Harris County Emergency Services District #10,2025,BrdMem,,Mike,,Tucker,Vice President,,,,,0,,,,,,,
109108,103227128,1A6D893A-8777-48C4-8F19-DA750AC0E7C2,Harris County Emergency Services District #10,2025,BrdMem,,Robyn,,Hoekstra,Treasurer,,,,,0,,,,,,,
109109,103227128,1A6D893A-8777-48C4-8F19-DA750AC0E7C2,Harris County Emergency Services District #10,2025,BrdMem,,Martha,,Serna,Secretary,,,,,0,,,,,,,
109110,103227128,1A6D893A-8777-48C4-8F19-DA750AC0E7C2,Harris County Emergency Services District #10,2025,BrdMem,,Kito,,Bonner,Asst. Secretary,,,,,0,,,,,,,
109111,103227128,1A6D893A-8777-48C4-8F19-DA750AC0E7C2,Harris County Emergency Services District #10,2025,BrdMem,,Paul,,Lessor,President,,,,,0,,,,,,,
109116,103227128,1E1147BC-F994-4CD8-818B-09AD93D9E0A3,Harris County Emergency Services District #10,2026,BrdMem,,Kito,,Bonner,Secretary,,,,,0,,,,,,,
109117,103227128,1E1147BC-F994-4CD8-818B-09AD93D9E0A3,Harris County Emergency Services District #10,2026,BrdMem,,Paul,,Lessor,President,,,,,0,,,,,,,
109118,103227128,1E1147BC-F994-4CD8-818B-09AD93D9E0A3,Harris County Emergency Services District #10,2026,BrdMem,,Mike,,Tucker,Vice President,,,,,0,,,,,,,
109119,103227128,1E1147BC-F994-4CD8-818B-09AD93D9E0A3,Harris County Emergency Services District #10,2026,BrdMem,,Cynthia,,Putnam,Asst. Secretary,,,,,0,,,,,,,
109120,103227128,1E1147BC-F994-4CD8-818B-09AD93D9E0A3,Harris County Emergency Services District #10,2026,BrdMem,,Robyn,,Hoekstra,Treasurer,,,,,0,,,,,,,
109313,103227131,E39E9CC9-6D5E-460B-A6C0-A6CAEE28228A,Harris County Emergency Services District #80,2018,BrdMem,,Bob,,Boyles,President,,,,,0,,,,,,,
109314,103227131,E39E9CC9-6D5E-460B-A6C0-A6CAEE28228A,Harris County Emergency Services District #80,2018,BrdMem,,Raymond,,St. Julian Sr,Vice President,,,,,0,,,,,,,
109315,103227131,E39E9CC9-6D5E-460B-A6C0-A6CAEE28228A,Harris County Emergency Services District #80,2018,BrdMem,,Kevin,,Pipes,Commissioner,,,,,0,,,,,,,
109316,103227131,E39E9CC9-6D5E-460B-A6C0-A6CAEE28228A,Harris County Emergency Services District #80,2018,BrdMem,,Randy,,Foster,Secretary,,,,,0,,,,,,,
109317,103227131,E39E9CC9-6D5E-460B-A6C0-A6CAEE28228A,Harris County Emergency Services District #80,2018,BrdMem,,Derek,,Elkins,Treasurer,,,,,0,,,,,,,
109322,103227131,E2FB1AB0-FC60-4802-B15D-1971F3623E64,Harris County Emergency Services District #80,2019,BrdMem,,Kevin,,Pipes,Commissioner,,,,,0,,,,,,,
109323,103227131,E2FB1AB0-FC60-4802-B15D-1971F3623E64,Harris County Emergency Services District #80,2019,BrdMem,,Raymond,,St. Julian Sr,Vice President,,,,,0,,,,,,,
109324,103227131,E2FB1AB0-FC60-4802-B15D-1971F3623E64,Harris County Emergency Services District #80,2019,BrdMem,,Randy,,Foster,Secretary,,,,,0,,,,,,,
109325,103227131,E2FB1AB0-FC60-4802-B15D-1971F3623E64,Harris County Emergency Services District #80,2019,BrdMem,,Derek,,Elkins,Treasurer,,,,,0,,,,,,,
109326,103227131,E2FB1AB0-FC60-4802-B15D-1971F3623E64,Harris County Emergency Services District #80,2019,BrdMem,,Bob,,Boyles,President,,,,,0,,,,,,,
109331,103227131,4E6A4381-670C-495E-89FA-87444F05A6B7,Harris County Emergency Services District #80,2020,BrdMem,,Bob,,Boyles,President,,,,,0,,,,,,,
109332,103227131,4E6A4381-670C-495E-89FA-87444F05A6B7,Harris County Emergency Services District #80,2020,BrdMem,,Raymond,,St. Julian Sr,Vice President,,,,,0,,,,,,,
109333,103227131,4E6A4381-670C-495E-89FA-87444F05A6B7,Harris County Emergency Services District #80,2020,BrdMem,,Derek,,Elkins,Treasurer,,,,,0,,,,,,,
109334,103227131,4E6A4381-670C-495E-89FA-87444F05A6B7,Harris County Emergency Services District #80,2020,BrdMem,,Kevin,,Pipes,Commissioner,,,,,0,,,,,,,
109335,103227131,4E6A4381-670C-495E-89FA-87444F05A6B7,Harris County Emergency Services District #80,2020,BrdMem,,Randy,,Foster,Secretary,,,,,0,,,,,,,
109340,103227131,B09B23EE-8FF0-435D-A648-91C957E5F67E,Harris County Emergency Services District #80,2021,BrdMem,,Randy,,Foster,Secretary,,,,,0,,,,,,,
109341,103227131,B09B23EE-8FF0-435D-A648-91C957E5F67E,Harris County Emergency Services District #80,2021,BrdMem,,Buddy,,Brewer,Treasurer,,,,,0,,,,,,,
109342,103227131,B09B23EE-8FF0-435D-A648-91C957E5F67E,Harris County Emergency Services District #80,2021,BrdMem,,Raymond,,St. Julian,President,,,,,0,,,,,,,
109343,103227131,B09B23EE-8FF0-435D-A648-91C957E5F67E,Harris County Emergency Services District #80,2021,BrdMem,,Derek,,Elkins,Vice President,,,,,0,,,,,,,
109344,103227131,B09B23EE-8FF0-435D-A648-91C957E5F67E,Harris County Emergency Services District #80,2021,BrdMem,,Chuck,,Murray,Commissioner,,,,,0,,,,,,,
109349,103227131,38910CDF-2357-465C-A46E-F46ABD643014,Harris County Emergency Services District #80,2022,BrdMem,,Buddy,,Brewer,Treasurer,,,,,0,,,,,,,
109350,103227131,38910CDF-2357-465C-A46E-F46ABD643014,Harris County Emergency Services District #80,2022,BrdMem,,Randy,,Foster,Secretary,,,,,0,,,,,,,
109351,103227131,38910CDF-2357-465C-A46E-F46ABD643014,Harris County Emergency Services District #80,2022,BrdMem,,Raymond,,St. Julian,President,,,,,0,,,,,,,
109352,103227131,38910CDF-2357-465C-A46E-F46ABD643014,Harris County Emergency Services District #80,2022,BrdMem,,Derek,,Elkins,Vice President,,,,,0,,,,,,,
109353,103227131,38910CDF-2357-465C-A46E-F46ABD643014,Harris County Emergency Services District #80,2022,BrdMem,,Chuck,,Murray,Commissioner,,,,,0,,,,,,,
109358,103227131,2093AFCD-65A4-4C12-8E82-1A3DFF0BA3AF,Harris County Emergency Services District #80,2023,BrdMem,,Chuck,,Murray,Commissioner,,,,,0,,,,,,,
109359,103227131,2093AFCD-65A4-4C12-8E82-1A3DFF0BA3AF,Harris County Emergency Services District #80,2023,BrdMem,,Buddy,,Brewer,Treasurer,,,,,0,,,,,,,
109360,103227131,2093AFCD-65A4-4C12-8E82-1A3DFF0BA3AF,Harris County Emergency Services District #80,2023,BrdMem,,Derek,,Elkins,Vice President,,,,,0,,,,,,,
109361,103227131,2093AFCD-65A4-4C12-8E82-1A3DFF0BA3AF,Harris County Emergency Services District #80,2023,BrdMem,,Raymond,,St. Julian,President,,,,,0,,,,,,,
109362,103227131,2093AFCD-65A4-4C12-8E82-1A3DFF0BA3AF,Harris County Emergency Services District #80,2023,BrdMem,,Randy,,Foster,Secretary,,,,,0,,,,,,,
109367,103227131,145EFC57-8718-457B-99D8-5467C1BCEA13,Harris County Emergency Services District #80,2024,BrdMem,,Buddy,,Brewer,Treasurer,,,,,0,,,,,,,
109368,103227131,145EFC57-8718-457B-99D8-5467C1BCEA13,Harris County Emergency Services District #80,2024,BrdMem,,Derek,,Elkins,Vice President,,,,,0,,,,,,,
109369,103227131,145EFC57-8718-457B-99D8-5467C1BCEA13,Harris County Emergency Services District #80,2024,BrdMem,,Randy,,Foster,Secretary,,,,,0,,,,,,,
109370,103227131,145EFC57-8718-457B-99D8-5467C1BCEA13,Harris County Emergency Services District #80,2024,BrdMem,,Raymond,,St. Julian,President,,,,,0,,,,,,,
109371,103227131,145EFC57-8718-457B-99D8-5467C1BCEA13,Harris County Emergency Services District #80,2024,BrdMem,,Chuck,,Murray,Commissioner,,,,,0,,,,,,,
109376,103227131,2B07AF74-B0A0-48E1-96E6-32CA96997235,Harris County Emergency Services District #80,2025,BrdMem,,Buddy,,Brewer,Treasurer,,,,,0,,,,,,,
109377,103227131,2B07AF74-B0A0-48E1-96E6-32CA96997235,Harris County Emergency Services District #80,2025,BrdMem,,Chuck,,Murray,Commissioner,,,,,0,,,,,,,
109378,103227131,2B07AF74-B0A0-48E1-96E6-32CA96997235,Harris County Emergency Services District #80,2025,BrdMem,,Derek,,Elkins,Vice President,,,,,0,,,,,,,
109379,103227131,2B07AF74-B0A0-48E1-96E6-32CA96997235,Harris County Emergency Services District #80,2025,BrdMem,,Raymond,,St. Julian,President,,,,,0,,,,,,,
109380,103227131,2B07AF74-B0A0-48E1-96E6-32CA96997235,Harris County Emergency Services District #80,2025,BrdMem,,Randy,,Foster,Secretary,,,,,0,,,,,,,
109385,103227131,DB0374B5-1D4A-477C-98A0-8C1E46198152,Harris County Emergency Services District #80,2026,BrdMem,,Randy,,Foster,Secretary,,,,,0,,,,,,,
109386,103227131,DB0374B5-1D4A-477C-98A0-8C1E46198152,Harris County Emergency Services District #80,2026,BrdMem,,Derek,,Elkins,Vice President,,,,,0,,,,,,,
109387,103227131,DB0374B5-1D4A-477C-98A0-8C1E46198152,Harris County Emergency Services District #80,2026,BrdMem,,Raymond,,St. Julian,President,,,,,0,,,,,,,
109388,103227131,DB0374B5-1D4A-477C-98A0-8C1E46198152,Harris County Emergency Services District #80,2026,BrdMem,,Chuck,,Murray,Commissioner,,,,,0,,,,,,,
109389,103227131,DB0374B5-1D4A-477C-98A0-8C1E46198152,Harris County Emergency Services District #80,2026,BrdMem,,Buddy,,Brewer,Treasurer,,,,,0,,,,,,,
112892,103227185,FEBB1C6B-A2CA-46F9-AA5B-A47883ED0513,Houston County Hosiptal District,2018,BrdMem,,BOB,,GRIER,MEMBER,,,,,0,,,,,,,
112893,103227185,FEBB1C6B-A2CA-46F9-AA5B-A47883ED0513,Houston County Hosiptal District,2018,BrdMem,,JIM,,DOWELL,MEMBER,,,,,0,,,,,,,
112894,103227185,FEBB1C6B-A2CA-46F9-AA5B-A47883ED0513,Houston County Hosiptal District,2018,BrdMem,,BARBARA,,CROWSON,SECRETARY,,,,,0,,,,,,,
112895,103227185,FEBB1C6B-A2CA-46F9-AA5B-A47883ED0513,Houston County Hosiptal District,2018,BrdMem,,PERRY,,RAMSEY,MEMBER,,,,,0,,,,,,,
112896,103227185,FEBB1C6B-A2CA-46F9-AA5B-A47883ED0513,Houston County Hosiptal District,2018,BrdMem,,CAROL,,DAWSON,MEMBER,,,,,0,,,,,,,
112897,103227185,FEBB1C6B-A2CA-46F9-AA5B-A47883ED0513,Houston County Hosiptal District,2018,BrdMem,,KATHI,,CALVERT,MEMBER,,,,,0,,,,,,,
112898,103227185,FEBB1C6B-A2CA-46F9-AA5B-A47883ED0513,Houston County Hosiptal District,2018,BrdMem,,DEBORAH,,BLACKWELL,PRESIDENT,,,,,0,,,,,,,
112899,103227185,FEBB1C6B-A2CA-46F9-AA5B-A47883ED0513,Houston County Hosiptal District,2018,BrdMem,,LARRY,,ROBBINS,MEMBER,,,,,0,,,,,,,
112900,103227185,FEBB1C6B-A2CA-46F9-AA5B-A47883ED0513,Houston County Hosiptal District,2018,BrdMem,,JOHN,,STOVALL,VICE PRESIDENT,,,,,0,,,,,,,
112904,103227185,D410CD8E-698A-4B4C-8A43-C40B61847436,Houston County Hosiptal District,2019,BrdMem,,BARBARA,,CROWSON,SECRETARY,,,,,0,,,,,,,
112905,103227185,D410CD8E-698A-4B4C-8A43-C40B61847436,Houston County Hosiptal District,2019,BrdMem,,DINA,,PIPES,BOARD MEMBER,,,,,0,,,,,,,
112906,103227185,D410CD8E-698A-4B4C-8A43-C40B61847436,Houston County Hosiptal District,2019,BrdMem,,BOB,,GRIER,MEMBER,,,,,0,,,,,,,
112907,103227185,D410CD8E-698A-4B4C-8A43-C40B61847436,Houston County Hosiptal District,2019,BrdMem,,JOHN,,STOVALL,VICE PRESIDENT,,,,,0,,,,,,,
112908,103227185,D410CD8E-698A-4B4C-8A43-C40B61847436,Houston County Hosiptal District,2019,BrdMem,,RHONDA,,BROWN,BOARD MEMBER,,,,,0,,,,,,,
112909,103227185,D410CD8E-698A-4B4C-8A43-C40B61847436,Houston County Hosiptal District,2019,BrdMem,,CAROL,,DAWSON,MEMBER,,,,,0,,,,,,,
112910,103227185,D410CD8E-698A-4B4C-8A43-C40B61847436,Houston County Hosiptal District,2019,BrdMem,,KAREN,,DUNCAN,BOARD MEMBER,,,,,0,,,,,,,
112911,103227185,D410CD8E-698A-4B4C-8A43-C40B61847436,Houston County Hosiptal District,2019,BrdMem,,PATRICIA,,DICKEY,BOARD MEMBER,,,,,0,,,,,,,
112912,103227185,D410CD8E-698A-4B4C-8A43-C40B61847436,Houston County Hosiptal District,2019,BrdMem,,LARRY,,ROBBINS,MEMBER,,,,,0,,,,,,,
112916,103227185,FB585363-7746-4F88-9EC4-31C1EC408EFE,Houston County Hosiptal District,2021,BrdMem,,DINA,,PIPES,BOARD MEMBER,,,,,0,,,,,,,
112917,103227185,FB585363-7746-4F88-9EC4-31C1EC408EFE,Houston County Hosiptal District,2021,BrdMem,,BARBARA,,CROWSON,SECRETARY,,,,,0,,,,,,,
112918,103227185,FB585363-7746-4F88-9EC4-31C1EC408EFE,Houston County Hosiptal District,2021,BrdMem,,RHONDA,,BROWN,BOARD MEMBER,,,,,0,,,,,,,
112919,103227185,FB585363-7746-4F88-9EC4-31C1EC408EFE,Houston County Hosiptal District,2021,BrdMem,,ROY,,LANGFORD,BOARD MEMBER,,,,,0,,,,,,,
112920,103227185,FB585363-7746-4F88-9EC4-31C1EC408EFE,Houston County Hosiptal District,2021,BrdMem,,PAM,,AINSWORTH,BOARD MEMBER,,,,,0,,,,,,,
112921,103227185,FB585363-7746-4F88-9EC4-31C1EC408EFE,Houston County Hosiptal District,2021,BrdMem,,HARVEY,,BRUNER,BOARD MEMBER,,,,,0,,,,,,,
112922,103227185,FB585363-7746-4F88-9EC4-31C1EC408EFE,Houston County Hosiptal District,2021,BrdMem,,DEBBIE,,KELLY,BOARD MEMBER,,,,,0,,,,,,,
112923,103227185,FB585363-7746-4F88-9EC4-31C1EC408EFE,Houston County Hosiptal District,2021,BrdMem,,CAROL,,DAWSON,MEMBER,,,,,0,,,,,,,
112924,103227185,FB585363-7746-4F88-9EC4-31C1EC408EFE,Houston County Hosiptal District,2021,BrdMem,,JOHN,,STOVALL,VICE PRESIDENT,,,,,0,,,,,,,
112928,103227185,19F2DDDD-A856-4205-9D57-574A3D824AE1,Houston County Hosiptal District,2023,BrdMem,,DEBBIE,,KELLY,BOARD MEMBER,,,,,0,,,,,,,
112929,103227185,19F2DDDD-A856-4205-9D57-574A3D824AE1,Houston County Hosiptal District,2023,BrdMem,,JOHN,,STOVALL,VICE PRESIDENT,,,,,0,,,,,,,
112930,103227185,19F2DDDD-A856-4205-9D57-574A3D824AE1,Houston County Hosiptal District,2023,BrdMem,,ROY,,LANGFORD,BOARD MEMBER,,,,,0,,,,,,,
112931,103227185,19F2DDDD-A856-4205-9D57-574A3D824AE1,Houston County Hosiptal District,2023,BrdMem,,Barbara,,Crowson,President,,,,,0,,,,,,,
112932,103227185,19F2DDDD-A856-4205-9D57-574A3D824AE1,Houston County Hosiptal District,2023,BrdMem,,HARVEY,,BRUNER,BOARD MEMBER,,,,,0,,,,,,,
112933,103227185,19F2DDDD-A856-4205-9D57-574A3D824AE1,Houston County Hosiptal District,2023,BrdMem,,DINA,,PIPES,BOARD MEMBER,,,,,0,,,,,,,
112934,103227185,19F2DDDD-A856-4205-9D57-574A3D824AE1,Houston County Hosiptal District,2023,BrdMem,,PAM,,AINSWORTH,BOARD MEMBER,,,,,0,,,,,,,
112935,103227185,19F2DDDD-A856-4205-9D57-574A3D824AE1,Houston County Hosiptal District,2023,BrdMem,,CAROL,,DAWSON,MEMBER,,,,,0,,,,,,,
112936,103227185,19F2DDDD-A856-4205-9D57-574A3D824AE1,Houston County Hosiptal District,2023,BrdMem,,RHONDA,,BROWN,BOARD MEMBER,,,,,0,,,,,,,
112940,103227185,95FD1C61-9407-4320-8AF3-AB800075107F,Houston County Hosiptal District,2024,BrdMem,,RHONDA,,BROWN,BOARD MEMBER,,,,,0,,,,,,,
112941,103227185,95FD1C61-9407-4320-8AF3-AB800075107F,Houston County Hosiptal District,2024,BrdMem,,ROY,,LANGFORD,BOARD MEMBER,,,,,0,,,,,,,
112942,103227185,95FD1C61-9407-4320-8AF3-AB800075107F,Houston County Hosiptal District,2024,BrdMem,,Tami,,McCreight,Member,,,,,0,,,,,,,
112943,103227185,95FD1C61-9407-4320-8AF3-AB800075107F,Houston County Hosiptal District,2024,BrdMem,,DEBBIE,,KELLY,BOARD MEMBER,,,,,0,,,,,,,
112944,103227185,95FD1C61-9407-4320-8AF3-AB800075107F,Houston County Hosiptal District,2024,BrdMem,,HARVEY,,BRUNER,BOARD MEMBER,,,,,0,,,,,,,
112945,103227185,95FD1C61-9407-4320-8AF3-AB800075107F,Houston County Hosiptal District,2024,BrdMem,,Barbara,,Crowson,President,,,,,0,,,,,,,
112946,103227185,95FD1C61-9407-4320-8AF3-AB800075107F,Houston County Hosiptal District,2024,BrdMem,,Carol,,Dawson,Secretary,,,,,0,,,,,,,
112947,103227185,95FD1C61-9407-4320-8AF3-AB800075107F,Houston County Hosiptal District,2024,BrdMem,,DINA,,PIPES,BOARD MEMBER,,,,,0,,,,,,,
112948,103227185,95FD1C61-9407-4320-8AF3-AB800075107F,Houston County Hosiptal District,2024,BrdMem,,Pam,,Ainsworth,Vice President,,,,,0,,,,,,,
112952,103227185,C2783255-39FD-46DF-B357-94AD46A49683,Houston County Hosiptal District,2025,BrdMem,,ROBERT,,GRIER,Member,,,,,0,,,,,,,
112953,103227185,C2783255-39FD-46DF-B357-94AD46A49683,Houston County Hosiptal District,2025,BrdMem,,Tami,,McCreight,Member,,,,,0,,,,,,,
112954,103227185,C2783255-39FD-46DF-B357-94AD46A49683,Houston County Hosiptal District,2025,BrdMem,,MONICA,,PIERRE,Member,,,,,0,,,,,,,
112955,103227185,C2783255-39FD-46DF-B357-94AD46A49683,Houston County Hosiptal District,2025,BrdMem,,DEBBIE,,KELLY,Secretary,,,,,0,,,,,,,
112956,103227185,C2783255-39FD-46DF-B357-94AD46A49683,Houston County Hosiptal District,2025,BrdMem,,ROY,,LANGFORD,PRESIDENT,,,,,0,,,,,,,
112957,103227185,C2783255-39FD-46DF-B357-94AD46A49683,Houston County Hosiptal District,2025,BrdMem,,CAROL,,DAWSON,Member,,,,,0,,,,,,,
112958,103227185,C2783255-39FD-46DF-B357-94AD46A49683,Houston County Hosiptal District,2025,BrdMem,,BARBARA,,CROWSON,Member,,,,,0,,,,,,,
112959,103227185,C2783255-39FD-46DF-B357-94AD46A49683,Houston County Hosiptal District,2025,BrdMem,,JARVIS,,MCELHANY,Vice President,,,,,0,,,,,,,
112960,103227185,C2783255-39FD-46DF-B357-94AD46A49683,Houston County Hosiptal District,2025,BrdMem,,HARVEY,,BRUNER,BOARD MEMBER,,,,,0,,,,,,,
112964,103227185,822B34DD-7533-4886-A1C3-87D69E345759,Houston County Hosiptal District,2026,BrdMem,,JARVIS,,MCELHANY,Vice President,,,,,0,,,,,,,
112965,103227185,822B34DD-7533-4886-A1C3-87D69E345759,Houston County Hosiptal District,2026,BrdMem,,HARVEY,,BRUNER,BOARD MEMBER,,,,,0,,,,,,,
112966,103227185,822B34DD-7533-4886-A1C3-87D69E345759,Houston County Hosiptal District,2026,BrdMem,,Tami,,McCreight,Member,,,,,0,,,,,,,
112967,103227185,822B34DD-7533-4886-A1C3-87D69E345759,Houston County Hosiptal District,2026,BrdMem,,DEBBIE,,KELLY,Secretary,,,,,0,,,,,,,
112968,103227185,822B34DD-7533-4886-A1C3-87D69E345759,Houston County Hosiptal District,2026,BrdMem,,ROY,,LANGFORD,PRESIDENT,,,,,0,,,,,,,
112969,103227185,822B34DD-7533-4886-A1C3-87D69E345759,Houston County Hosiptal District,2026,BrdMem,,ROBERT,,GRIER,Member,,,,,0,,,,,,,
112970,103227185,822B34DD-7533-4886-A1C3-87D69E345759,Houston County Hosiptal District,2026,BrdMem,,CAROL,,DAWSON,Member,,,,,0,,,,,,,
112971,103227185,822B34DD-7533-4886-A1C3-87D69E345759,Houston County Hosiptal District,2026,BrdMem,,BARBARA,,CROWSON,Member,,,,,0,,,,,,,
112972,103227185,822B34DD-7533-4886-A1C3-87D69E345759,Houston County Hosiptal District,2026,BrdMem,,MONICA,,PIERRE,Member,,,,,0,,,,,,,
114976,103227211,AAAE710A-57BA-4FF6-B5B2-A36BA9A97DF5,Fairfield Hospital District,2023,BrdMem,,David,,Lott,Member,,,,,0,,,,,,,
114977,103227211,AAAE710A-57BA-4FF6-B5B2-A36BA9A97DF5,Fairfield Hospital District,2023,BrdMem,,Brent,,Moore,Secretary,,,,,0,,,,,,,
114978,103227211,AAAE710A-57BA-4FF6-B5B2-A36BA9A97DF5,Fairfield Hospital District,2023,BrdMem,,Carman,,Mannen,Member,,,,,0,,,,,,,
114979,103227211,AAAE710A-57BA-4FF6-B5B2-A36BA9A97DF5,Fairfield Hospital District,2023,BrdMem,,Vance,,Oglesbee,Vice-President,,,,,0,,,,,,,
114980,103227211,AAAE710A-57BA-4FF6-B5B2-A36BA9A97DF5,Fairfield Hospital District,2023,BrdMem,,George,,Robinson,President,,,,,0,,,,,,,
114981,103227211,AAAE710A-57BA-4FF6-B5B2-A36BA9A97DF5,Fairfield Hospital District,2023,BrdMem,,Danny,,Wren,Member,,,,,0,,,,,,,
114982,103227211,AAAE710A-57BA-4FF6-B5B2-A36BA9A97DF5,Fairfield Hospital District,2023,BrdMem,,Lisa,,Tate,Member,,,,,0,,,,,,,
114986,103227211,6402BAC4-5D53-4F11-8A24-B2BC39341FAD,Fairfield Hospital District,2024,BrdMem,,David,,Lott,Member,,,,,0,,,,,,,
114987,103227211,6402BAC4-5D53-4F11-8A24-B2BC39341FAD,Fairfield Hospital District,2024,BrdMem,,Danny,,Wren,Member,,,,,0,,,,,,,
114988,103227211,6402BAC4-5D53-4F11-8A24-B2BC39341FAD,Fairfield Hospital District,2024,BrdMem,,Brent,,Moore,Secretary,,,,,0,,,,,,,
114989,103227211,6402BAC4-5D53-4F11-8A24-B2BC39341FAD,Fairfield Hospital District,2024,BrdMem,,George,,Robinson,President,,,,,0,,,,,,,
114990,103227211,6402BAC4-5D53-4F11-8A24-B2BC39341FAD,Fairfield Hospital District,2024,BrdMem,,Vance,,Oglesbee,Vice-President,,,,,0,,,,,,,
114991,103227211,6402BAC4-5D53-4F11-8A24-B2BC39341FAD,Fairfield Hospital District,2024,BrdMem,,Carman,,Mannen,Member,,,,,0,,,,,,,
114992,103227211,6402BAC4-5D53-4F11-8A24-B2BC39341FAD,Fairfield Hospital District,2024,BrdMem,,Lisa,,Tate,Member,,,,,0,,,,,,,
114996,103227211,9E113119-E92B-4EF7-8D53-DCC4B11D56C1,Fairfield Hospital District,2025,BrdMem,,Vance,,Oglesbee,Vice-President,,,,,0,,,,,,,
114997,103227211,9E113119-E92B-4EF7-8D53-DCC4B11D56C1,Fairfield Hospital District,2025,BrdMem,,Brent,,Moore,Secretary,,,,,0,,,,,,,
114998,103227211,9E113119-E92B-4EF7-8D53-DCC4B11D56C1,Fairfield Hospital District,2025,BrdMem,,David,,Lott,Member,,,,,0,,,,,,,
114999,103227211,9E113119-E92B-4EF7-8D53-DCC4B11D56C1,Fairfield Hospital District,2025,BrdMem,,Carman,,Mannen,Member,,,,,0,,,,,,,
115000,103227211,9E113119-E92B-4EF7-8D53-DCC4B11D56C1,Fairfield Hospital District,2025,BrdMem,,George,,Robinson,President,,,,,0,,,,,,,
115001,103227211,9E113119-E92B-4EF7-8D53-DCC4B11D56C1,Fairfield Hospital District,2025,BrdMem,,Danny,,Wren,Member,,,,,0,,,,,,,
115002,103227211,9E113119-E92B-4EF7-8D53-DCC4B11D56C1,Fairfield Hospital District,2025,BrdMem,,Lisa,,Tate,Member,,,,,0,,,,,,,
115006,103227211,B0B19D33-084B-4924-908C-463D108ED993,Fairfield Hospital District,2026,BrdMem,,Brent,,Moore,Secretary,,,,,0,,,,,,,
115007,103227211,B0B19D33-084B-4924-908C-463D108ED993,Fairfield Hospital District,2026,BrdMem,,Vance,,Oglesbee,Vice-President,,,,,0,,,,,,,
115008,103227211,B0B19D33-084B-4924-908C-463D108ED993,Fairfield Hospital District,2026,BrdMem,,Carman,,Mannen,Member,,,,,0,,,,,,,
115009,103227211,B0B19D33-084B-4924-908C-463D108ED993,Fairfield Hospital District,2026,BrdMem,,Danny,,Wren,Member,,,,,0,,,,,,,
115010,103227211,B0B19D33-084B-4924-908C-463D108ED993,Fairfield Hospital District,2026,BrdMem,,Lisa,,Tate,Member,,,,,0,,,,,,,
115011,103227211,B0B19D33-084B-4924-908C-463D108ED993,Fairfield Hospital District,2026,BrdMem,,David,,Lott,Member,,,,,0,,,,,,,
115012,103227211,B0B19D33-084B-4924-908C-463D108ED993,Fairfield Hospital District,2026,BrdMem,,George,,Robinson,President,,,,,0,,,,,,,
115016,103227212,8F113719-4B5E-42D4-894E-8355E9702671,Menard County Hospital District,2018,BrdMem,,Jo Nell,,Wilkinson,Secretary,,,,,0,,,,,,,
115017,103227212,8F113719-4B5E-42D4-894E-8355E9702671,Menard County Hospital District,2018,BrdMem,,Shari,,Kniffen,Board member,,,,,0,,,,,,,
115018,103227212,8F113719-4B5E-42D4-894E-8355E9702671,Menard County Hospital District,2018,BrdMem,,Sheridan,,Duncan,Treasurer,,,,,0,,,,,,,
115019,103227212,8F113719-4B5E-42D4-894E-8355E9702671,Menard County Hospital District,2018,BrdMem,,Susan,,Prugal,Board Member,,,,,0,,,,,,,
115020,103227212,8F113719-4B5E-42D4-894E-8355E9702671,Menard County Hospital District,2018,BrdMem,,Janis,,Cordes,President,,,,,0,,,,,,,
115024,103227212,C9C18F78-C5F3-4128-A17F-5D59EED3F4E5,Menard County Hospital District,2019,BrdMem,,Jo Nell,,Wilkinson,Secretary,,,,,0,,,,,,,
115025,103227212,C9C18F78-C5F3-4128-A17F-5D59EED3F4E5,Menard County Hospital District,2019,BrdMem,,Sheridan,,Duncan,Treasurer,,,,,0,,,,,,,
115026,103227212,C9C18F78-C5F3-4128-A17F-5D59EED3F4E5,Menard County Hospital District,2019,BrdMem,,Janis,,Cordes,President,,,,,0,,,,,,,
115027,103227212,C9C18F78-C5F3-4128-A17F-5D59EED3F4E5,Menard County Hospital District,2019,BrdMem,,Susan,,Prugal,Board Member,,,,,0,,,,,,,
115028,103227212,C9C18F78-C5F3-4128-A17F-5D59EED3F4E5,Menard County Hospital District,2019,BrdMem,,Shari,,Kniffen,Board member,,,,,0,,,,,,,
115032,103227212,4A465028-FF0D-4252-8443-BEC3015E4966,Menard County Hospital District,2020,BrdMem,,Sheridan,,Duncan,Treasurer,,,,,0,,,,,,,
115033,103227212,4A465028-FF0D-4252-8443-BEC3015E4966,Menard County Hospital District,2020,BrdMem,,Shari,,Kniffen,Board member,,,,,0,,,,,,,
115034,103227212,4A465028-FF0D-4252-8443-BEC3015E4966,Menard County Hospital District,2020,BrdMem,,Jo Nell,,Wilkinson,Secretary,,,,,0,,,,,,,
115035,103227212,4A465028-FF0D-4252-8443-BEC3015E4966,Menard County Hospital District,2020,BrdMem,,Janis,,Cordes,President,,,,,0,,,,,,,
115036,103227212,4A465028-FF0D-4252-8443-BEC3015E4966,Menard County Hospital District,2020,BrdMem,,Susan,,Prugal,Board Member,,,,,0,,,,,,,
115040,103227212,FE61DEED-3369-41C8-A360-813BE6BF4EC6,Menard County Hospital District,2021,BrdMem,,Shari,,Kniffen,Board member,,,,,0,,,,,,,
115041,103227212,FE61DEED-3369-41C8-A360-813BE6BF4EC6,Menard County Hospital District,2021,BrdMem,,Sheridan,,Duncan,Treasurer,,,,,0,,,,,,,
115042,103227212,FE61DEED-3369-41C8-A360-813BE6BF4EC6,Menard County Hospital District,2021,BrdMem,,Jo Nell,,Wilkinson,Secretary,,,,,0,,,,,,,
115043,103227212,FE61DEED-3369-41C8-A360-813BE6BF4EC6,Menard County Hospital District,2021,BrdMem,,Susan,,Prugal,Board Member,,,,,0,,,,,,,
115044,103227212,FE61DEED-3369-41C8-A360-813BE6BF4EC6,Menard County Hospital District,2021,BrdMem,,Janis,,Cordes,President,,,,,0,,,,,,,
115048,103227212,4AD66CA1-2BF4-4FA1-AAE0-B235BCAB717D,Menard County Hospital District,2022,BrdMem,,Shari,,Kniffen,Board member,,,,,0,,,,,,,
115049,103227212,4AD66CA1-2BF4-4FA1-AAE0-B235BCAB717D,Menard County Hospital District,2022,BrdMem,,Janis,,Cordes,President,,,,,0,,,,,,,
115050,103227212,4AD66CA1-2BF4-4FA1-AAE0-B235BCAB717D,Menard County Hospital District,2022,BrdMem,,Sheridan,,Duncan,Treasurer,,,,,0,,,,,,,
115051,103227212,4AD66CA1-2BF4-4FA1-AAE0-B235BCAB717D,Menard County Hospital District,2022,BrdMem,,Susan,,Prugal,Board Member,,,,,0,,,,,,,
115052,103227212,4AD66CA1-2BF4-4FA1-AAE0-B235BCAB717D,Menard County Hospital District,2022,BrdMem,,Jo Nell,,Wilkinson,Secretary,,,,,0,,,,,,,
115056,103227212,5A2DAE3B-8458-4DE2-83BF-91435916A536,Menard County Hospital District,2023,BrdMem,,Melanye,,Wilkinson,Board Member,,,,,0,,,,,,,
115057,103227212,5A2DAE3B-8458-4DE2-83BF-91435916A536,Menard County Hospital District,2023,BrdMem,,Janis,,Cordes,President,,,,,0,,,,,,,
115058,103227212,5A2DAE3B-8458-4DE2-83BF-91435916A536,Menard County Hospital District,2023,BrdMem,,George,,Corbin,Board Member,,,,,0,,,,,,,
115059,103227212,5A2DAE3B-8458-4DE2-83BF-91435916A536,Menard County Hospital District,2023,BrdMem,,Sheridan,,Duncan,Treasurer,,,,,0,,,,,,,
115060,103227212,5A2DAE3B-8458-4DE2-83BF-91435916A536,Menard County Hospital District,2023,BrdMem,,Jo Nell,,Wilkinson,Secretary,,,,,0,,,,,,,
115064,103227212,E1C37B1D-7A3B-45A3-813C-053B2284E61C,Menard County Hospital District,2024,BrdMem,,George,,Corbin,Board Member,,,,,0,,,,,,,
115065,103227212,E1C37B1D-7A3B-45A3-813C-053B2284E61C,Menard County Hospital District,2024,BrdMem,,Melanye,,Wilkinson,Board Member,,,,,0,,,,,,,
115066,103227212,E1C37B1D-7A3B-45A3-813C-053B2284E61C,Menard County Hospital District,2024,BrdMem,,Janis,,Cordes,President,,,,,0,,,,,,,
115067,103227212,E1C37B1D-7A3B-45A3-813C-053B2284E61C,Menard County Hospital District,2024,BrdMem,,Sheridan,,Duncan,Treasurer,,,,,0,,,,,,,
115068,103227212,E1C37B1D-7A3B-45A3-813C-053B2284E61C,Menard County Hospital District,2024,BrdMem,,Jo Nell,,Wilkinson,Secretary,,,,,0,,,,,,,
115548,103227232,FE969188-F52C-413B-BEB5-05094B09ADAF,Eastland Memorial Hospital District,2018,BrdMem,,Melissa,,Moylan,Board Member,,,,,0,,,,,,,
115549,103227232,FE969188-F52C-413B-BEB5-05094B09ADAF,Eastland Memorial Hospital District,2018,BrdMem,,Noble Dale,,Squires,Board Member,,,,,0,,,,,,,
115550,103227232,FE969188-F52C-413B-BEB5-05094B09ADAF,Eastland Memorial Hospital District,2018,BrdMem,,Kael,,Joiner,Treasurer,,,,,0,,,,,,,
115551,103227232,FE969188-F52C-413B-BEB5-05094B09ADAF,Eastland Memorial Hospital District,2018,BrdMem,,Steve,,Groce,Secretary,,,,,0,,,,,,,
115552,103227232,FE969188-F52C-413B-BEB5-05094B09ADAF,Eastland Memorial Hospital District,2018,BrdMem,,Emmett,,Lasater,Board Member,,,,,0,,,,,,,
115553,103227232,FE969188-F52C-413B-BEB5-05094B09ADAF,Eastland Memorial Hospital District,2018,BrdMem,,William H,,Hoffmann Jr.,Board Chair,,,,,0,,,,,,,
115554,103227232,FE969188-F52C-413B-BEB5-05094B09ADAF,Eastland Memorial Hospital District,2018,BrdMem,,Jaqueline,,Tucker,Board Member,,,,,0,,,,,,,
115555,103227232,FE969188-F52C-413B-BEB5-05094B09ADAF,Eastland Memorial Hospital District,2018,BrdMem,,Nanacy,,Stewart,Board Member,,,,,0,,,,,,,
115556,103227232,FE969188-F52C-413B-BEB5-05094B09ADAF,Eastland Memorial Hospital District,2018,BrdMem,,Dr. Billy Bob,,Alexander,Board Member,,,,,0,,,,,,,
115560,103227232,62EB2C91-DA31-45CE-8A36-29C513EF45E0,Eastland Memorial Hospital District,2019,BrdMem,,Dr. Billy Bob,,Alexander,Board Member,,,,,0,,,,,,,
115561,103227232,62EB2C91-DA31-45CE-8A36-29C513EF45E0,Eastland Memorial Hospital District,2019,BrdMem,,Noble Dale,,Squires,Board Member,,,,,0,,,,,,,
115562,103227232,62EB2C91-DA31-45CE-8A36-29C513EF45E0,Eastland Memorial Hospital District,2019,BrdMem,,William H,,Hoffmann Jr.,Board Chair,,,,,0,,,,,,,
115563,103227232,62EB2C91-DA31-45CE-8A36-29C513EF45E0,Eastland Memorial Hospital District,2019,BrdMem,,Jaqueline,,Tucker,Board Member,,,,,0,,,,,,,
115564,103227232,62EB2C91-DA31-45CE-8A36-29C513EF45E0,Eastland Memorial Hospital District,2019,BrdMem,,Nanacy,,Stewart,Board Member,,,,,0,,,,,,,
115565,103227232,62EB2C91-DA31-45CE-8A36-29C513EF45E0,Eastland Memorial Hospital District,2019,BrdMem,,Steve,,Groce,Secretary,,,,,0,,,,,,,
115566,103227232,62EB2C91-DA31-45CE-8A36-29C513EF45E0,Eastland Memorial Hospital District,2019,BrdMem,,Emmett,,Lasater,Board Member,,,,,0,,,,,,,
115567,103227232,62EB2C91-DA31-45CE-8A36-29C513EF45E0,Eastland Memorial Hospital District,2019,BrdMem,,Kael,,Joiner,Treasurer,,,,,0,,,,,,,
115568,103227232,62EB2C91-DA31-45CE-8A36-29C513EF45E0,Eastland Memorial Hospital District,2019,BrdMem,,Melissa,,Moylan,Board Member,,,,,0,,,,,,,
115572,103227232,D1F8D8D2-EFDB-47BC-A957-D0ADBAF69CA9,Eastland Memorial Hospital District,2021,BrdMem,,Nancy,,Stewart,Secretary,,,,,0,,,,,,,
115573,103227232,D1F8D8D2-EFDB-47BC-A957-D0ADBAF69CA9,Eastland Memorial Hospital District,2021,BrdMem,,William H,,Hoffmann Jr.,Board Chair,,,,,0,,,,,,,
115574,103227232,D1F8D8D2-EFDB-47BC-A957-D0ADBAF69CA9,Eastland Memorial Hospital District,2021,BrdMem,,Kael,,Joiner,Treasurer,,,,,0,,,,,,,
115575,103227232,D1F8D8D2-EFDB-47BC-A957-D0ADBAF69CA9,Eastland Memorial Hospital District,2021,BrdMem,,Melissa,,Moylan,Board Member,,,,,0,,,,,,,
115576,103227232,D1F8D8D2-EFDB-47BC-A957-D0ADBAF69CA9,Eastland Memorial Hospital District,2021,BrdMem,,Noble Dale,,Squires,Board Member,,,,,0,,,,,,,
115577,103227232,D1F8D8D2-EFDB-47BC-A957-D0ADBAF69CA9,Eastland Memorial Hospital District,2021,BrdMem,,Emmett,,Lasater,VP,,,,,0,,,,,,,
115578,103227232,D1F8D8D2-EFDB-47BC-A957-D0ADBAF69CA9,Eastland Memorial Hospital District,2021,BrdMem,,Carolyn,,White,Board Member,,,,,0,,,,,,,
115579,103227232,D1F8D8D2-EFDB-47BC-A957-D0ADBAF69CA9,Eastland Memorial Hospital District,2021,BrdMem,,Jaqueline,,Tucker,Board Member,,,,,0,,,,,,,
115580,103227232,D1F8D8D2-EFDB-47BC-A957-D0ADBAF69CA9,Eastland Memorial Hospital District,2021,BrdMem,,Matt,,Crum,Board Member,,,,,0,,,,,,,
115584,103227232,0056FC02-6423-4BA0-9FDA-C21EF9617EB4,Eastland Memorial Hospital District,2022,BrdMem,,Nancy,,Stewart,Vice President,,,,,0,,,,,,,
115585,103227232,0056FC02-6423-4BA0-9FDA-C21EF9617EB4,Eastland Memorial Hospital District,2022,BrdMem,,Jaqueline,,Tucker,Board Member,,,,,0,,,,,,,
115586,103227232,0056FC02-6423-4BA0-9FDA-C21EF9617EB4,Eastland Memorial Hospital District,2022,BrdMem,,Melissa,,Moylan,Board Member,,,,,0,,,,,,,
115587,103227232,0056FC02-6423-4BA0-9FDA-C21EF9617EB4,Eastland Memorial Hospital District,2022,BrdMem,,Carolyn,,White,Board Member,,,,,0,,,,,,,
115588,103227232,0056FC02-6423-4BA0-9FDA-C21EF9617EB4,Eastland Memorial Hospital District,2022,BrdMem,,William H,,Hoffmann Jr.,Board Chair,,,,,0,,,,,,,
115589,103227232,0056FC02-6423-4BA0-9FDA-C21EF9617EB4,Eastland Memorial Hospital District,2022,BrdMem,,Kael,,Joiner,Treasurer,,,,,0,,,,,,,
115590,103227232,0056FC02-6423-4BA0-9FDA-C21EF9617EB4,Eastland Memorial Hospital District,2022,BrdMem,,Matt,,Crum,Secretary,,,,,0,,,,,,,
115591,103227232,0056FC02-6423-4BA0-9FDA-C21EF9617EB4,Eastland Memorial Hospital District,2022,BrdMem,,Rebecca,,Pearson,Board Member,,,,,0,,,,,,,
115592,103227232,0056FC02-6423-4BA0-9FDA-C21EF9617EB4,Eastland Memorial Hospital District,2022,BrdMem,,Noble Dale,,Squires,Board Member,,,,,0,,,,,,,
115596,103227232,C8AF484D-4573-4EAA-BB63-1DD663C49A80,Eastland Memorial Hospital District,2023,BrdMem,,Nancy,,Stewart,Vice President,,,,,0,,,,,,,
115597,103227232,C8AF484D-4573-4EAA-BB63-1DD663C49A80,Eastland Memorial Hospital District,2023,BrdMem,,Richard,,Barron,Board Member,,,,,0,,,,,,,
115598,103227232,C8AF484D-4573-4EAA-BB63-1DD663C49A80,Eastland Memorial Hospital District,2023,BrdMem,,William H,,Hoffmann Jr.,Board Chair,,,,,0,,,,,,,
115599,103227232,C8AF484D-4573-4EAA-BB63-1DD663C49A80,Eastland Memorial Hospital District,2023,BrdMem,,Melissa,,Moylan,Board Member,,,,,0,,,,,,,
115600,103227232,C8AF484D-4573-4EAA-BB63-1DD663C49A80,Eastland Memorial Hospital District,2023,BrdMem,,Rebecca,,Pearson,Board Member,,,,,0,,,,,,,
115601,103227232,C8AF484D-4573-4EAA-BB63-1DD663C49A80,Eastland Memorial Hospital District,2023,BrdMem,,Kael,,Joiner,Treasurer,,,,,0,,,,,,,
115602,103227232,C8AF484D-4573-4EAA-BB63-1DD663C49A80,Eastland Memorial Hospital District,2023,BrdMem,,Jacquelyn,,Tucker,Secretary,,,,,0,,,,,,,
115603,103227232,C8AF484D-4573-4EAA-BB63-1DD663C49A80,Eastland Memorial Hospital District,2023,BrdMem,,Carolyn,,White,Board Member,,,,,0,,,,,,,
115604,103227232,C8AF484D-4573-4EAA-BB63-1DD663C49A80,Eastland Memorial Hospital District,2023,BrdMem,,Donald,,Hughes,Board Member,,,,,0,,,,,,,
115608,103227232,4B5A3D3C-9A24-4407-999E-1D75681F1169,Eastland Memorial Hospital District,2024,BrdMem,,Kael,,Joiner,Vice President,,,,,0,,,,,,,
115609,103227232,4B5A3D3C-9A24-4407-999E-1D75681F1169,Eastland Memorial Hospital District,2024,BrdMem,,Nancy,,Stewart,President,,,,,0,,,,,,,
115610,103227232,4B5A3D3C-9A24-4407-999E-1D75681F1169,Eastland Memorial Hospital District,2024,BrdMem,,Carolyn,,White,Board Member,,,,,0,,,,,,,
115611,103227232,4B5A3D3C-9A24-4407-999E-1D75681F1169,Eastland Memorial Hospital District,2024,BrdMem,,Melissa,,Moylan,Secretary,,,,,0,,,,,,,
115612,103227232,4B5A3D3C-9A24-4407-999E-1D75681F1169,Eastland Memorial Hospital District,2024,BrdMem,,Rebecca,,Galyean,Board Member,,,,,0,,,,,,,
115613,103227232,4B5A3D3C-9A24-4407-999E-1D75681F1169,Eastland Memorial Hospital District,2024,BrdMem,,Richard,,Barron,Treasurer,,,,,0,,,,,,,
115614,103227232,4B5A3D3C-9A24-4407-999E-1D75681F1169,Eastland Memorial Hospital District,2024,BrdMem,,Donald,,Hughes,Board Member,,,,,0,,,,,,,
115615,103227232,4B5A3D3C-9A24-4407-999E-1D75681F1169,Eastland Memorial Hospital District,2024,BrdMem,,William H,,"Hoffmann, Jr.",Board Member,,,,,0,,,,,,,
115616,103227232,4B5A3D3C-9A24-4407-999E-1D75681F1169,Eastland Memorial Hospital District,2024,BrdMem,,Kelly,,Skinner,Board Member,,,,,0,,,,,,,
118275,103227270,818161A8-DA42-4894-95C6-E4A6B5D50BD6,Culberson County Hospital District,2018,BrdMem,,FRAN,,MALAFRONTE,DIRECTOR,,,,,0,,,,,,,
118276,103227270,818161A8-DA42-4894-95C6-E4A6B5D50BD6,Culberson County Hospital District,2018,BrdMem,,CHERYL,,OWEN,SECRETARY,,,,,0,,,,,,,
118277,103227270,818161A8-DA42-4894-95C6-E4A6B5D50BD6,Culberson County Hospital District,2018,BrdMem,,GRACIE,,MENDOZA,DIRECTOR,,,,,0,,,,,,,
118278,103227270,818161A8-DA42-4894-95C6-E4A6B5D50BD6,Culberson County Hospital District,2018,BrdMem,,EDWIN,,EASLEY,PRESIDENT,,,,,0,,,,,,,
118279,103227270,818161A8-DA42-4894-95C6-E4A6B5D50BD6,Culberson County Hospital District,2018,BrdMem,,LARRY,,SIMPSON,VICE-PRESIDENT,,,,,0,,,,,,,
118283,103227270,36AF4069-3617-4674-8C75-8F7FA02D052A,Culberson County Hospital District,2019,BrdMem,,Cheryl,,Owen,Secretary,,,,,0,,,,,,,
118284,103227270,36AF4069-3617-4674-8C75-8F7FA02D052A,Culberson County Hospital District,2019,BrdMem,,Fran,,Malafronte,Vice-President,,,,,0,,,,,,,
118285,103227270,36AF4069-3617-4674-8C75-8F7FA02D052A,Culberson County Hospital District,2019,BrdMem,,Joe,,Morales,Director,,,,,0,,,,,,,
118286,103227270,36AF4069-3617-4674-8C75-8F7FA02D052A,Culberson County Hospital District,2019,BrdMem,,Laura,,Reyes,President,,,,,0,,,,,,,
118287,103227270,36AF4069-3617-4674-8C75-8F7FA02D052A,Culberson County Hospital District,2019,BrdMem,,Edwin,,Easley,Director,,,,,0,,,,,,,
118291,103227270,14B7A13A-EF7D-45CE-B797-C939E684E1D2,Culberson County Hospital District,2020,BrdMem,,Fran,,Malafronte,Vice-President,,,,,0,,,,,,,
118292,103227270,14B7A13A-EF7D-45CE-B797-C939E684E1D2,Culberson County Hospital District,2020,BrdMem,,Joe,,Morales,Director,,,,,0,,,,,,,
118293,103227270,14B7A13A-EF7D-45CE-B797-C939E684E1D2,Culberson County Hospital District,2020,BrdMem,,Laura,,Reyes,President,,,,,0,,,,,,,
118294,103227270,14B7A13A-EF7D-45CE-B797-C939E684E1D2,Culberson County Hospital District,2020,BrdMem,,Edwin,,Easley,Director,,,,,0,,,,,,,
118295,103227270,14B7A13A-EF7D-45CE-B797-C939E684E1D2,Culberson County Hospital District,2020,BrdMem,,Cheryl,,Owen,Secretary,,,,,0,,,,,,,
118299,103227270,09998F4C-D0F5-4737-BA08-B4034C5779F4,Culberson County Hospital District,2021,BrdMem,,Lindsey,,Tyrrell,Secretary,,,,,0,,,,,,,
118300,103227270,09998F4C-D0F5-4737-BA08-B4034C5779F4,Culberson County Hospital District,2021,BrdMem,,Edwin,,Easley,Director,,,,,0,,,,,,,
118301,103227270,09998F4C-D0F5-4737-BA08-B4034C5779F4,Culberson County Hospital District,2021,BrdMem,,Laura,,Reyes,President,,,,,0,,,,,,,
118302,103227270,09998F4C-D0F5-4737-BA08-B4034C5779F4,Culberson County Hospital District,2021,BrdMem,,Cheryl,,Owen,Director,,,,,0,,,,,,,
118303,103227270,09998F4C-D0F5-4737-BA08-B4034C5779F4,Culberson County Hospital District,2021,BrdMem,,Angie,,Perez,Vice-President,,,,,0,,,,,,,
118307,103227270,193AE1AE-F8AA-4E91-B7A6-8BE062459967,Culberson County Hospital District,2022,BrdMem,,Angie,,Perez,Vice-President,,,,,0,,,,,,,
118308,103227270,193AE1AE-F8AA-4E91-B7A6-8BE062459967,Culberson County Hospital District,2022,BrdMem,,Edwin,,Easley,Director,,,,,0,,,,,,,
118309,103227270,193AE1AE-F8AA-4E91-B7A6-8BE062459967,Culberson County Hospital District,2022,BrdMem,,Lindsey,,Tyrrell,Secretary,,,,,0,,,,,,,
118310,103227270,193AE1AE-F8AA-4E91-B7A6-8BE062459967,Culberson County Hospital District,2022,BrdMem,,Cheryl,,Owen,Director,,,,,0,,,,,,,
118311,103227270,193AE1AE-F8AA-4E91-B7A6-8BE062459967,Culberson County Hospital District,2022,BrdMem,,Laura,,Reyes,President,,,,,0,,,,,,,
118315,103227270,F890E63F-C2FA-4B6A-B335-8979FDC68DA4,Culberson County Hospital District,2023,BrdMem,,Angie,,Perez,Vice-President,,,,,0,,,,,,,
118316,103227270,F890E63F-C2FA-4B6A-B335-8979FDC68DA4,Culberson County Hospital District,2023,BrdMem,,Edwin,,Easley,Director,,,,,0,,,,,,,
118317,103227270,F890E63F-C2FA-4B6A-B335-8979FDC68DA4,Culberson County Hospital District,2023,BrdMem,,Lindsey,,Tyrrell,Secretary,,,,,0,,,,,,,
118318,103227270,F890E63F-C2FA-4B6A-B335-8979FDC68DA4,Culberson County Hospital District,2023,BrdMem,,Cheryl,,Owen,Director,,,,,0,,,,,,,
118319,103227270,F890E63F-C2FA-4B6A-B335-8979FDC68DA4,Culberson County Hospital District,2023,BrdMem,,Laura,,Reyes,President,,,,,0,,,,,,,
118323,103227270,20E6DFE5-6C08-4C3A-BBB0-0F833884BA13,Culberson County Hospital District,2024,BrdMem,,Laura,,Reyes,President,,,,,0,,,,,,,
118324,103227270,20E6DFE5-6C08-4C3A-BBB0-0F833884BA13,Culberson County Hospital District,2024,BrdMem,,Cheryl,,Owen,Director,,,,,0,,,,,,,
118325,103227270,20E6DFE5-6C08-4C3A-BBB0-0F833884BA13,Culberson County Hospital District,2024,BrdMem,,Lindsey,,Tyrrell,Secretary,,,,,0,,,,,,,
118326,103227270,20E6DFE5-6C08-4C3A-BBB0-0F833884BA13,Culberson County Hospital District,2024,BrdMem,,Edwin,,Easley,Director,,,,,0,,,,,,,
118327,103227270,20E6DFE5-6C08-4C3A-BBB0-0F833884BA13,Culberson County Hospital District,2024,BrdMem,,Angie,,Perez,Vice-President,,,,,0,,,,,,,
118331,103227270,9EFCAA01-A33B-4C83-963D-67AD0744FFA7,Culberson County Hospital District,2025,BrdMem,,Lindsey,,Tyrrell,Secretary,,,,,0,,,,,,,
118332,103227270,9EFCAA01-A33B-4C83-963D-67AD0744FFA7,Culberson County Hospital District,2025,BrdMem,,Laura,,Reyes,President,,,,,0,,,,,,,
118333,103227270,9EFCAA01-A33B-4C83-963D-67AD0744FFA7,Culberson County Hospital District,2025,BrdMem,,Edwin,,Easley,Director,,,,,0,,,,,,,
118334,103227270,9EFCAA01-A33B-4C83-963D-67AD0744FFA7,Culberson County Hospital District,2025,BrdMem,,Cheryl,,Owen,Director,,,,,0,,,,,,,
118335,103227270,9EFCAA01-A33B-4C83-963D-67AD0744FFA7,Culberson County Hospital District,2025,BrdMem,,Angie,,Perez,Vice-President,,,,,0,,,,,,,
118339,103227270,78F4F2CB-E448-4EEE-A5C1-F1D901CB5190,Culberson County Hospital District,2026,BrdMem,,Cheryl,,Owen,Director,,,,,0,,,,,,,
118340,103227270,78F4F2CB-E448-4EEE-A5C1-F1D901CB5190,Culberson County Hospital District,2026,BrdMem,,Edwin,,Easley,Director,,,,,0,,,,,,,
118341,103227270,78F4F2CB-E448-4EEE-A5C1-F1D901CB5190,Culberson County Hospital District,2026,BrdMem,,Lindsey,,Tyrrell,Secretary,,,,,0,,,,,,,
118342,103227270,78F4F2CB-E448-4EEE-A5C1-F1D901CB5190,Culberson County Hospital District,2026,BrdMem,,Laura,,Reyes,President,,,,,0,,,,,,,
119053,103227281,9C3475F0-3DB7-4B70-BF55-B04B561F0685,Fort Bend County Municipal Management District #1,2018,BrdMem,,Ricky,,Garza,President,,,,,0,,,,,,,
119054,103227281,9C3475F0-3DB7-4B70-BF55-B04B561F0685,Fort Bend County Municipal Management District #1,2018,BrdMem,,Sergio,,Espinosa,Assistant Secretary,,,,,0,,,,,,,
119055,103227281,9C3475F0-3DB7-4B70-BF55-B04B561F0685,Fort Bend County Municipal Management District #1,2018,BrdMem,,James,,Bowles,Secretary,,,,,0,,,,,,,
119056,103227281,9C3475F0-3DB7-4B70-BF55-B04B561F0685,Fort Bend County Municipal Management District #1,2018,BrdMem,,Doug,,Adolph,Assistant Secretary,,,,,0,,,,,,,
119057,103227281,9C3475F0-3DB7-4B70-BF55-B04B561F0685,Fort Bend County Municipal Management District #1,2018,BrdMem,,Davy,,Daniel,Vice President,,,,,0,,,,,,,
119063,103227281,D699AAB6-FD10-43B8-B04F-ACFF447F2C12,Fort Bend County Municipal Management District #1,2019,BrdMem,,Ricky,,Garza,President,,,,,0,,,,,,,
119064,103227281,D699AAB6-FD10-43B8-B04F-ACFF447F2C12,Fort Bend County Municipal Management District #1,2019,BrdMem,,James,,Bowles,Secretary,,,,,0,,,,,,,
119065,103227281,D699AAB6-FD10-43B8-B04F-ACFF447F2C12,Fort Bend County Municipal Management District #1,2019,BrdMem,,John,,Hermann,Vice President,,,,,0,,,,,,,
119066,103227281,D699AAB6-FD10-43B8-B04F-ACFF447F2C12,Fort Bend County Municipal Management District #1,2019,BrdMem,,Doug,,Adolph,Assistant Secretary,,,,,0,,,,,,,
119067,103227281,D699AAB6-FD10-43B8-B04F-ACFF447F2C12,Fort Bend County Municipal Management District #1,2019,BrdMem,,Sergio,,Espinosa,Assistant Secretary,,,,,0,,,,,,,
119073,103227281,2DA44C40-E06A-43A1-94A1-B99E708A7406,Fort Bend County Municipal Management District #1,2020,BrdMem,,James,,Bowles,Secretary,,,,,0,,,,,,,
119074,103227281,2DA44C40-E06A-43A1-94A1-B99E708A7406,Fort Bend County Municipal Management District #1,2020,BrdMem,,Ricky,,Garza,President,,,,,0,,,,,,,
119075,103227281,2DA44C40-E06A-43A1-94A1-B99E708A7406,Fort Bend County Municipal Management District #1,2020,BrdMem,,Sergio,,Espinosa,Assistant Secretary,,,,,0,,,,,,,
119076,103227281,2DA44C40-E06A-43A1-94A1-B99E708A7406,Fort Bend County Municipal Management District #1,2020,BrdMem,,John,,Hermann,Vice President,,,,,0,,,,,,,
119077,103227281,2DA44C40-E06A-43A1-94A1-B99E708A7406,Fort Bend County Municipal Management District #1,2020,BrdMem,,Doug,,Adolph,Assistant Secretary,,,,,0,,,,,,,
119082,103227281,6A3741D3-F4AB-4E00-A1EE-F5C81568E8A6,Fort Bend County Municipal Management District #1,2021,BrdMem,,John,,Hermann,Vice President,,,,,0,,,,,,,
119083,103227281,6A3741D3-F4AB-4E00-A1EE-F5C81568E8A6,Fort Bend County Municipal Management District #1,2021,BrdMem,,Ricky,,Garza,President,,,,,0,,,,,,,
119084,103227281,6A3741D3-F4AB-4E00-A1EE-F5C81568E8A6,Fort Bend County Municipal Management District #1,2021,BrdMem,,Sergio,,Espinosa,Assistant Secretary,,,,,0,,,,,,,
119085,103227281,6A3741D3-F4AB-4E00-A1EE-F5C81568E8A6,Fort Bend County Municipal Management District #1,2021,BrdMem,,James,,Bowles,Secretary,,,,,0,,,,,,,
119086,103227281,6A3741D3-F4AB-4E00-A1EE-F5C81568E8A6,Fort Bend County Municipal Management District #1,2021,BrdMem,,Doug,,Adolph,Assistant Secretary,,,,,0,,,,,,,
119091,103227281,7311F92C-3D3D-467C-BAE4-D0E4A24DD8DB,Fort Bend County Municipal Management District #1,2022,BrdMem,,John,,Hermann,Vice President,,,,,0,,,,,,,
119092,103227281,7311F92C-3D3D-467C-BAE4-D0E4A24DD8DB,Fort Bend County Municipal Management District #1,2022,BrdMem,,Michael,,Madden,Secretary,,,,,0,,,,,,,
119093,103227281,7311F92C-3D3D-467C-BAE4-D0E4A24DD8DB,Fort Bend County Municipal Management District #1,2022,BrdMem,,Ricky,,Garza,President,,,,,0,,,,,,,
119094,103227281,7311F92C-3D3D-467C-BAE4-D0E4A24DD8DB,Fort Bend County Municipal Management District #1,2022,BrdMem,,Doug,,Adolph,Assistant Secretary,,,,,0,,,,,,,
119095,103227281,7311F92C-3D3D-467C-BAE4-D0E4A24DD8DB,Fort Bend County Municipal Management District #1,2022,BrdMem,,Sergio,,Espinosa,Assistant Secretary,,,,,0,,,,,,,
119100,103227281,99B74F5F-CC26-461D-BF28-CCC5CABCF869,Fort Bend County Municipal Management District #1,2023,BrdMem,,Doug,,Adolph,Assistant Secretary,,,,,0,,,,,,,
119101,103227281,99B74F5F-CC26-461D-BF28-CCC5CABCF869,Fort Bend County Municipal Management District #1,2023,BrdMem,,Ricky,,Garza,President,,,,,0,,,,,,,
119102,103227281,99B74F5F-CC26-461D-BF28-CCC5CABCF869,Fort Bend County Municipal Management District #1,2023,BrdMem,,Sergio,,Espinosa,Assistant Secretary,,,,,0,,,,,,,
119103,103227281,99B74F5F-CC26-461D-BF28-CCC5CABCF869,Fort Bend County Municipal Management District #1,2023,BrdMem,,Michael,,Madden,Secretary,,,,,0,,,,,,,
119104,103227281,99B74F5F-CC26-461D-BF28-CCC5CABCF869,Fort Bend County Municipal Management District #1,2023,BrdMem,,John,,Hermann,Vice President,,,,,0,,,,,,,
119109,103227281,DDC3B785-7C2E-4060-9445-56B39B149925,Fort Bend County Municipal Management District #1,2024,BrdMem,,Ricky,,Garza,President,,,,,0,,,,,,,
119110,103227281,DDC3B785-7C2E-4060-9445-56B39B149925,Fort Bend County Municipal Management District #1,2024,BrdMem,,John,,Hermann,Vice President,,,,,0,,,,,,,
119111,103227281,DDC3B785-7C2E-4060-9445-56B39B149925,Fort Bend County Municipal Management District #1,2024,BrdMem,,Sergio,,Espinosa,Assistant Secretary,,,,,0,,,,,,,
119112,103227281,DDC3B785-7C2E-4060-9445-56B39B149925,Fort Bend County Municipal Management District #1,2024,BrdMem,,Doug,,Adolph,Assistant Secretary,,,,,0,,,,,,,
119113,103227281,DDC3B785-7C2E-4060-9445-56B39B149925,Fort Bend County Municipal Management District #1,2024,BrdMem,,Michael,,Madden,Secretary,,,,,0,,,,,,,
119118,103227281,6635D3ED-E532-4C92-8092-A3E2858CFC5B,Fort Bend County Municipal Management District #1,2025,BrdMem,,Michael,,Madden,Secretary,,,,,0,,,,,,,
119119,103227281,6635D3ED-E532-4C92-8092-A3E2858CFC5B,Fort Bend County Municipal Management District #1,2025,BrdMem,,Sergio,,Espinosa,Assistant Secretary,,,,,0,,,,,,,
119120,103227281,6635D3ED-E532-4C92-8092-A3E2858CFC5B,Fort Bend County Municipal Management District #1,2025,BrdMem,,John,,Hermann,Vice President,,,,,0,,,,,,,
119121,103227281,6635D3ED-E532-4C92-8092-A3E2858CFC5B,Fort Bend County Municipal Management District #1,2025,BrdMem,,Doug,,Adolph,Assistant Secretary,,,,,0,,,,,,,
119122,103227281,6635D3ED-E532-4C92-8092-A3E2858CFC5B,Fort Bend County Municipal Management District #1,2025,BrdMem,,Ricky,,Garza,President,,,,,0,,,,,,,
119127,103227281,74B8C5F1-A344-4B80-98DF-478AB0F07C0B,Fort Bend County Municipal Management District #1,2026,BrdMem,,Michael,,Madden,Secretary,,,,,0,,,,,,,
119128,103227281,74B8C5F1-A344-4B80-98DF-478AB0F07C0B,Fort Bend County Municipal Management District #1,2026,BrdMem,,Ricky,,Garza,President,,,,,0,,,,,,,
119129,103227281,74B8C5F1-A344-4B80-98DF-478AB0F07C0B,Fort Bend County Municipal Management District #1,2026,BrdMem,,Sergio,,Espinosa,Assistant Secretary,,,,,0,,,,,,,
119130,103227281,74B8C5F1-A344-4B80-98DF-478AB0F07C0B,Fort Bend County Municipal Management District #1,2026,BrdMem,,Doug,,Adolph,Assistant Secretary,,,,,0,,,,,,,
119131,103227281,74B8C5F1-A344-4B80-98DF-478AB0F07C0B,Fort Bend County Municipal Management District #1,2026,BrdMem,,John,,Hermann,Vice President,,,,,0,,,,,,,
121225,103227355,9F9472BE-545D-4E91-90A3-3BE3BBD3FAEA,Electra Hospital District,2018,BrdMem,,Paula,,Rodgers,Member,,,,,0,,,,,,,
121226,103227355,9F9472BE-545D-4E91-90A3-3BE3BBD3FAEA,Electra Hospital District,2018,BrdMem,,Roger,,Sanford,Vice Chairman,,,,,0,,,,,,,
121227,103227355,9F9472BE-545D-4E91-90A3-3BE3BBD3FAEA,Electra Hospital District,2018,BrdMem,,Billy Don,,Clark,Member,,,,,0,,,,,,,
121228,103227355,9F9472BE-545D-4E91-90A3-3BE3BBD3FAEA,Electra Hospital District,2018,BrdMem,,Stuart,,Smith,Member,,,,,0,,,,,,,
121229,103227355,9F9472BE-545D-4E91-90A3-3BE3BBD3FAEA,Electra Hospital District,2018,BrdMem,,Carol,,Bourland,Member,,,,,0,,,,,,,
121230,103227355,9F9472BE-545D-4E91-90A3-3BE3BBD3FAEA,Electra Hospital District,2018,BrdMem,,John,,Prickett,Member,,,,,0,,,,,,,
121231,103227355,9F9472BE-545D-4E91-90A3-3BE3BBD3FAEA,Electra Hospital District,2018,BrdMem,,Johnny,,Miller,Chairman,,,,,0,,,,,,,
121235,103227355,727CE3A3-90E7-4175-8252-D9B86C3AA67E,Electra Hospital District,2019,BrdMem,,Billy Don,,Clark,Member,,,,,0,,,,,,,
121236,103227355,727CE3A3-90E7-4175-8252-D9B86C3AA67E,Electra Hospital District,2019,BrdMem,,Stuart,,Smith,Member,,,,,0,,,,,,,
121237,103227355,727CE3A3-90E7-4175-8252-D9B86C3AA67E,Electra Hospital District,2019,BrdMem,,Paula,,Rodgers,Member,,,,,0,,,,,,,
121238,103227355,727CE3A3-90E7-4175-8252-D9B86C3AA67E,Electra Hospital District,2019,BrdMem,,Carol,,Bourland,Member,,,,,0,,,,,,,
121239,103227355,727CE3A3-90E7-4175-8252-D9B86C3AA67E,Electra Hospital District,2019,BrdMem,,Johnny,,Miller,Chairman,,,,,0,,,,,,,
121240,103227355,727CE3A3-90E7-4175-8252-D9B86C3AA67E,Electra Hospital District,2019,BrdMem,,John,,Prickett,Member,,,,,0,,,,,,,
121241,103227355,727CE3A3-90E7-4175-8252-D9B86C3AA67E,Electra Hospital District,2019,BrdMem,,Roger,,Sanford,Vice Chairman,,,,,0,,,,,,,
121245,103227355,4F567CEB-6E9A-4922-B8EF-D31CFD7C937D,Electra Hospital District,2020,BrdMem,,Carol,,Bourland,Member,,,,,0,,,,,,,
121246,103227355,4F567CEB-6E9A-4922-B8EF-D31CFD7C937D,Electra Hospital District,2020,BrdMem,,John,,Prickett,Member,,,,,0,,,,,,,
121247,103227355,4F567CEB-6E9A-4922-B8EF-D31CFD7C937D,Electra Hospital District,2020,BrdMem,,Paula,,Rodgers,Member,,,,,0,,,,,,,
121248,103227355,4F567CEB-6E9A-4922-B8EF-D31CFD7C937D,Electra Hospital District,2020,BrdMem,,Stuart,,Smith,Member,,,,,0,,,,,,,
121249,103227355,4F567CEB-6E9A-4922-B8EF-D31CFD7C937D,Electra Hospital District,2020,BrdMem,,Johnny,,Miller,Chairman,,,,,0,,,,,,,
121250,103227355,4F567CEB-6E9A-4922-B8EF-D31CFD7C937D,Electra Hospital District,2020,BrdMem,,Roger,,Sanford,Vice Chairman,,,,,0,,,,,,,
121251,103227355,4F567CEB-6E9A-4922-B8EF-D31CFD7C937D,Electra Hospital District,2020,BrdMem,,Billy Don,,Clark,Member,,,,,0,,,,,,,
121255,103227355,25D6867E-B438-4535-AAC4-7173752AC4EA,Electra Hospital District,2021,BrdMem,,Carol,,Bourland,Member,,,,,0,,,,,,,
121256,103227355,25D6867E-B438-4535-AAC4-7173752AC4EA,Electra Hospital District,2021,BrdMem,,James,,Brockriede,Boardmember,,,,,0,,,,,,,
121257,103227355,25D6867E-B438-4535-AAC4-7173752AC4EA,Electra Hospital District,2021,BrdMem,,Johnny,,Miller,Chairman,,,,,0,,,,,,,
121258,103227355,25D6867E-B438-4535-AAC4-7173752AC4EA,Electra Hospital District,2021,BrdMem,,Paula,,Rodgers,Member,,,,,0,,,,,,,
121259,103227355,25D6867E-B438-4535-AAC4-7173752AC4EA,Electra Hospital District,2021,BrdMem,,Roger,,Sanford,Vice Chairman,,,,,0,,,,,,,
121260,103227355,25D6867E-B438-4535-AAC4-7173752AC4EA,Electra Hospital District,2021,BrdMem,,Billy Don,,Clark,Member,,,,,0,,,,,,,
121261,103227355,25D6867E-B438-4535-AAC4-7173752AC4EA,Electra Hospital District,2021,BrdMem,,Stuart,,Smith,Member,,,,,0,,,,,,,
121265,103227355,7850E866-8106-4B47-9F00-230C0E24923A,Electra Hospital District,2022,BrdMem,,Carol,,Bourland,Member,,,,,0,,,,,,,
121266,103227355,7850E866-8106-4B47-9F00-230C0E24923A,Electra Hospital District,2022,BrdMem,,Paula,,Rodgers,Member,,,,,0,,,,,,,
121267,103227355,7850E866-8106-4B47-9F00-230C0E24923A,Electra Hospital District,2022,BrdMem,,Stuart,,Smith,Member,,,,,0,,,,,,,
121268,103227355,7850E866-8106-4B47-9F00-230C0E24923A,Electra Hospital District,2022,BrdMem,,Billy Don,,Clark,Member,,,,,0,,,,,,,
121269,103227355,7850E866-8106-4B47-9F00-230C0E24923A,Electra Hospital District,2022,BrdMem,,James,,Brockriede,Boardmember,,,,,0,,,,,,,
121270,103227355,7850E866-8106-4B47-9F00-230C0E24923A,Electra Hospital District,2022,BrdMem,,Johnny,,Miller,Chairman,,,,,0,,,,,,,
121271,103227355,7850E866-8106-4B47-9F00-230C0E24923A,Electra Hospital District,2022,BrdMem,,Roger,,Sanford,Vice Chairman,,,,,0,,,,,,,
121275,103227355,257197A0-A8AC-4C3B-9ABB-404B475E40B2,Electra Hospital District,2023,BrdMem,,Jamie,,West,Boardmember,,,,,0,,,,,,,
121276,103227355,257197A0-A8AC-4C3B-9ABB-404B475E40B2,Electra Hospital District,2023,BrdMem,,John,,Prickett,Boardmember,,,,,0,,,,,,,
121277,103227355,257197A0-A8AC-4C3B-9ABB-404B475E40B2,Electra Hospital District,2023,BrdMem,,Johnny,,Miller,Chairman,,,,,0,,,,,,,
121278,103227355,257197A0-A8AC-4C3B-9ABB-404B475E40B2,Electra Hospital District,2023,BrdMem,,Billy Don,,Clark,Member,,,,,0,,,,,,,
121279,103227355,257197A0-A8AC-4C3B-9ABB-404B475E40B2,Electra Hospital District,2023,BrdMem,,Stuart,,Smith,Member,,,,,0,,,,,,,
121280,103227355,257197A0-A8AC-4C3B-9ABB-404B475E40B2,Electra Hospital District,2023,BrdMem,,James,,Brockriede,Boardmember,,,,,0,,,,,,,
121281,103227355,257197A0-A8AC-4C3B-9ABB-404B475E40B2,Electra Hospital District,2023,BrdMem,,Roger,,Sanford,Vice Chairman,,,,,0,,,,,,,
121285,103227355,0DF3C379-CE5C-4A4C-9002-10EBFF6B9D79,Electra Hospital District,2024,BrdMem,,James,,Brockriede,Boardmember,,,,,0,,,,,,,
121286,103227355,0DF3C379-CE5C-4A4C-9002-10EBFF6B9D79,Electra Hospital District,2024,BrdMem,,Jamie,,West,Boardmember,,,,,0,,,,,,,
121287,103227355,0DF3C379-CE5C-4A4C-9002-10EBFF6B9D79,Electra Hospital District,2024,BrdMem,,Roger,,Sanford,Vice Chairman,,,,,0,,,,,,,
121288,103227355,0DF3C379-CE5C-4A4C-9002-10EBFF6B9D79,Electra Hospital District,2024,BrdMem,,Billy Don,,Clark,Member,,,,,0,,,,,,,
121289,103227355,0DF3C379-CE5C-4A4C-9002-10EBFF6B9D79,Electra Hospital District,2024,BrdMem,,John,,Prickett,Boardmember,,,,,0,,,,,,,
121290,103227355,0DF3C379-CE5C-4A4C-9002-10EBFF6B9D79,Electra Hospital District,2024,BrdMem,,Johnny,,Miller,Chairman,,,,,0,,,,,,,
121291,103227355,0DF3C379-CE5C-4A4C-9002-10EBFF6B9D79,Electra Hospital District,2024,BrdMem,,Stuart,,Smith,Member,,,,,0,,,,,,,
121295,103227355,8DCBE521-4621-4303-99EB-F64A6C3776E1,Electra Hospital District,2025,BrdMem,,Billy Don,,Clark,Member,,,,,0,,,,,,,
121296,103227355,8DCBE521-4621-4303-99EB-F64A6C3776E1,Electra Hospital District,2025,BrdMem,,Roger,,Sanford,Vice Chairman,,,,,0,,,,,,,
121297,103227355,8DCBE521-4621-4303-99EB-F64A6C3776E1,Electra Hospital District,2025,BrdMem,,John,,Prickett,Boardmember,,,,,0,,,,,,,
121298,103227355,8DCBE521-4621-4303-99EB-F64A6C3776E1,Electra Hospital District,2025,BrdMem,,Jamie,,West,Boardmember,,,,,0,,,,,,,
121299,103227355,8DCBE521-4621-4303-99EB-F64A6C3776E1,Electra Hospital District,2025,BrdMem,,Johnny,,Miller,Chairman,,,,,0,,,,,,,
121300,103227355,8DCBE521-4621-4303-99EB-F64A6C3776E1,Electra Hospital District,2025,BrdMem,,Stuart,,Smith,Member,,,,,0,,,,,,,
121301,103227355,8DCBE521-4621-4303-99EB-F64A6C3776E1,Electra Hospital District,2025,BrdMem,,James,,Brockriede,Boardmember,,,,,0,,,,,,,
121305,103227355,4F72ED26-2F15-4366-9EE5-701E4A2285C3,Electra Hospital District,2026,BrdMem,,Billy Don,,Clark,Member,,,,,0,,,,,,,
121306,103227355,4F72ED26-2F15-4366-9EE5-701E4A2285C3,Electra Hospital District,2026,BrdMem,,Roger,,Sanford,Chairman,,,,,0,,,,,,,
121307,103227355,4F72ED26-2F15-4366-9EE5-701E4A2285C3,Electra Hospital District,2026,BrdMem,,James,,Brockriede,Vice Chairman,,,,,0,,,,,,,
121308,103227355,4F72ED26-2F15-4366-9EE5-701E4A2285C3,Electra Hospital District,2026,BrdMem,,Scott,,Swenson,Member,,,,,0,,,,,,,
121309,103227355,4F72ED26-2F15-4366-9EE5-701E4A2285C3,Electra Hospital District,2026,BrdMem,,Jamie,,West,Boardmember,,,,,0,,,,,,,
121310,103227355,4F72ED26-2F15-4366-9EE5-701E4A2285C3,Electra Hospital District,2026,BrdMem,,Stuart,,Smith,Member,,,,,0,,,,,,,
121311,103227355,4F72ED26-2F15-4366-9EE5-701E4A2285C3,Electra Hospital District,2026,BrdMem,,John,,Prickett,Boardmember,,,,,0,,,,,,,
121408,103227357,A3C7F09B-6F36-48A0-8EE8-5577D31B29CA,Harris County Emergency Services District #46,2018,BrdMem,,Tom,,Truver,President,,,,,0,,,,,,,
121409,103227357,A3C7F09B-6F36-48A0-8EE8-5577D31B29CA,Harris County Emergency Services District #46,2018,BrdMem,,John,,Coyle,Vice President,,,,,0,,,,,,,
121410,103227357,A3C7F09B-6F36-48A0-8EE8-5577D31B29CA,Harris County Emergency Services District #46,2018,BrdMem,,Steve,,Pepper,Commissioner,,,,,0,,,,,,,
121411,103227357,A3C7F09B-6F36-48A0-8EE8-5577D31B29CA,Harris County Emergency Services District #46,2018,BrdMem,,Buddy,,Rice,Secretary,,,,,0,,,,,,,
121412,103227357,A3C7F09B-6F36-48A0-8EE8-5577D31B29CA,Harris County Emergency Services District #46,2018,BrdMem,,Ron,,Clarke,Commissioner,,,,,0,,,,,,,
121417,103227357,07FB6203-CCD1-4B51-988A-C400AD62B0F3,Harris County Emergency Services District #46,2019,BrdMem,,Ron,,Clarke,Treasurer,,,,,0,,,,,,,
121418,103227357,07FB6203-CCD1-4B51-988A-C400AD62B0F3,Harris County Emergency Services District #46,2019,BrdMem,,Steve,,Pepper,Assistant Treasurer,,,,,0,,,,,,,
121419,103227357,07FB6203-CCD1-4B51-988A-C400AD62B0F3,Harris County Emergency Services District #46,2019,BrdMem,,Tom,,Truver,President,,,,,0,,,,,,,
121420,103227357,07FB6203-CCD1-4B51-988A-C400AD62B0F3,Harris County Emergency Services District #46,2019,BrdMem,,Buddy,,Rice,Secretary,,,,,0,,,,,,,
121421,103227357,07FB6203-CCD1-4B51-988A-C400AD62B0F3,Harris County Emergency Services District #46,2019,BrdMem,,John,,Coyle,Vice President,,,,,0,,,,,,,
121426,103227357,C8366211-E438-4A98-BC52-62C4EC354F99,Harris County Emergency Services District #46,2020,BrdMem,,Buddy,,Rice,Secretary,,,,,0,,,,,,,
121427,103227357,C8366211-E438-4A98-BC52-62C4EC354F99,Harris County Emergency Services District #46,2020,BrdMem,,John,,Coyle,Vice President,,,,,0,,,,,,,
121428,103227357,C8366211-E438-4A98-BC52-62C4EC354F99,Harris County Emergency Services District #46,2020,BrdMem,,Tom,,Truver,President,,,,,0,,,,,,,
121429,103227357,C8366211-E438-4A98-BC52-62C4EC354F99,Harris County Emergency Services District #46,2020,BrdMem,,John,,Bollom,Commissioner,,,,,0,,,,,,,
121430,103227357,C8366211-E438-4A98-BC52-62C4EC354F99,Harris County Emergency Services District #46,2020,BrdMem,,Ron,,Clarke,Treasurer,,,,,0,,,,,,,
121435,103227357,4196A610-0564-459F-9190-BA4A8B14EC49,Harris County Emergency Services District #46,2021,BrdMem,,John,,Coyle,Vice President,,,,,0,,,,,,,
121436,103227357,4196A610-0564-459F-9190-BA4A8B14EC49,Harris County Emergency Services District #46,2021,BrdMem,,John,,Bollom,Commissioner,,,,,0,,,,,,,
121437,103227357,4196A610-0564-459F-9190-BA4A8B14EC49,Harris County Emergency Services District #46,2021,BrdMem,,Buddy,,Rice,Secretary,,,,,0,,,,,,,
121438,103227357,4196A610-0564-459F-9190-BA4A8B14EC49,Harris County Emergency Services District #46,2021,BrdMem,,Tom,,Truver,President,,,,,0,,,,,,,
121439,103227357,4196A610-0564-459F-9190-BA4A8B14EC49,Harris County Emergency Services District #46,2021,BrdMem,,Ron,,Clarke,Treasurer,,,,,0,,,,,,,
121444,103227357,F7510992-3048-4753-B25C-1D962CB47CA0,Harris County Emergency Services District #46,2022,BrdMem,,Tom,,Truver,President,,,,,0,,,,,,,
121445,103227357,F7510992-3048-4753-B25C-1D962CB47CA0,Harris County Emergency Services District #46,2022,BrdMem,,James,,Cone,Assistant Treasurer,,,,,0,,,,,,,
121446,103227357,F7510992-3048-4753-B25C-1D962CB47CA0,Harris County Emergency Services District #46,2022,BrdMem,,Ron,,Clarke,Treasurer,,,,,0,,,,,,,
121447,103227357,F7510992-3048-4753-B25C-1D962CB47CA0,Harris County Emergency Services District #46,2022,BrdMem,,Buddy,,Rice,Secretary,,,,,0,,,,,,,
121448,103227357,F7510992-3048-4753-B25C-1D962CB47CA0,Harris County Emergency Services District #46,2022,BrdMem,,John,,Bollom,Commissioner,,,,,0,,,,,,,
121453,103227357,2A5FF6E6-9046-4AA5-B3E5-1E5E2ED95F16,Harris County Emergency Services District #46,2023,BrdMem,,Ron,,Clarke,Treasurer,,,,,0,,,,,,,
121454,103227357,2A5FF6E6-9046-4AA5-B3E5-1E5E2ED95F16,Harris County Emergency Services District #46,2023,BrdMem,,Buddy,,Rice,Vice President,,,,,0,,,,,,,
121455,103227357,2A5FF6E6-9046-4AA5-B3E5-1E5E2ED95F16,Harris County Emergency Services District #46,2023,BrdMem,,James,,Cone,Assistant Treasurer,,,,,0,,,,,,,
121456,103227357,2A5FF6E6-9046-4AA5-B3E5-1E5E2ED95F16,Harris County Emergency Services District #46,2023,BrdMem,,Tom,,Truver,President,,,,,0,,,,,,,
121457,103227357,2A5FF6E6-9046-4AA5-B3E5-1E5E2ED95F16,Harris County Emergency Services District #46,2023,BrdMem,,John,,Bollom,Secretary,,,,,0,,,,,,,
121462,103227357,C937DA89-7E97-49B0-BAEA-191ACC77DAE0,Harris County Emergency Services District #46,2024,BrdMem,,James,,Cone,Assistant Treasurer,,,,,0,,,,,,,
121463,103227357,C937DA89-7E97-49B0-BAEA-191ACC77DAE0,Harris County Emergency Services District #46,2024,BrdMem,,Buddy,,Rice,Vice President,,,,,0,,,,,,,
121464,103227357,C937DA89-7E97-49B0-BAEA-191ACC77DAE0,Harris County Emergency Services District #46,2024,BrdMem,,John,,Bollom,Treasurer,,,,,0,,,,,,,
121465,103227357,C937DA89-7E97-49B0-BAEA-191ACC77DAE0,Harris County Emergency Services District #46,2024,BrdMem,,Ron,,Clarke,Secretary,,,,,0,,,,,,,
121466,103227357,C937DA89-7E97-49B0-BAEA-191ACC77DAE0,Harris County Emergency Services District #46,2024,BrdMem,,Tom,,Truver,President,,,,,0,,,,,,,
121471,103227357,DB6BB634-ACB0-40BB-9815-57DF83068E9E,Harris County Emergency Services District #46,2025,BrdMem,,James,,Cone,Assistant Treasurer,,,,,0,,,,,,,
121472,103227357,DB6BB634-ACB0-40BB-9815-57DF83068E9E,Harris County Emergency Services District #46,2025,BrdMem,,Tom,,Truver,President,,,,,0,,,,,,,
121473,103227357,DB6BB634-ACB0-40BB-9815-57DF83068E9E,Harris County Emergency Services District #46,2025,BrdMem,,Buddy,,Rice,Vice President,,,,,0,,,,,,,
121474,103227357,DB6BB634-ACB0-40BB-9815-57DF83068E9E,Harris County Emergency Services District #46,2025,BrdMem,,John,,Bollom,Treasurer,,,,,0,,,,,,,
121475,103227357,DB6BB634-ACB0-40BB-9815-57DF83068E9E,Harris County Emergency Services District #46,2025,BrdMem,,Ron,,Clarke,Secretary,,,,,0,,,,,,,
121480,103227357,CDA5F5D3-19B5-45F6-948E-F0CA79C93DDA,Harris County Emergency Services District #46,2026,BrdMem,,James,,Cone,Assistant Treasurer,,,,,0,,,,,,,
121481,103227357,CDA5F5D3-19B5-45F6-948E-F0CA79C93DDA,Harris County Emergency Services District #46,2026,BrdMem,,Ron,,Clarke,Secretary,,,,,0,,,,,,,
121482,103227357,CDA5F5D3-19B5-45F6-948E-F0CA79C93DDA,Harris County Emergency Services District #46,2026,BrdMem,,Tom,,Truver,President,,,,,0,,,,,,,
121483,103227357,CDA5F5D3-19B5-45F6-948E-F0CA79C93DDA,Harris County Emergency Services District #46,2026,BrdMem,,Buddy,,Rice,Vice President,,,,,0,,,,,,,
121484,103227357,CDA5F5D3-19B5-45F6-948E-F0CA79C93DDA,Harris County Emergency Services District #46,2026,BrdMem,,John,,Bollom,Treasurer,,,,,0,,,,,,,
121654,103227360,C0BC0BF6-FC86-4058-848B-9A37B5D9ADC2,Harris County Emergency Services District #29,2018,BrdMem,,Richard,,Escott,Vice President,,,,,0,,,,,,,
121655,103227360,C0BC0BF6-FC86-4058-848B-9A37B5D9ADC2,Harris County Emergency Services District #29,2018,BrdMem,,David,,Parker,Assistant Secretary,,,,,0,,,,,,,
121656,103227360,C0BC0BF6-FC86-4058-848B-9A37B5D9ADC2,Harris County Emergency Services District #29,2018,BrdMem,,William,,Hogue III,Secretary,,,,,0,,,,,,,
121657,103227360,C0BC0BF6-FC86-4058-848B-9A37B5D9ADC2,Harris County Emergency Services District #29,2018,BrdMem,,Kenneth,,Latimer,Treasurer,,,,,0,,,,,,,
121658,103227360,C0BC0BF6-FC86-4058-848B-9A37B5D9ADC2,Harris County Emergency Services District #29,2018,BrdMem,,Scott,,Morgan,President,,,,,0,,,,,,,
121663,103227360,008CE51F-E704-49DE-8B94-CEFB75D35282,Harris County Emergency Services District #29,2019,BrdMem,,Richard,,Escott,Vice President,,,,,0,,,,,,,
121664,103227360,008CE51F-E704-49DE-8B94-CEFB75D35282,Harris County Emergency Services District #29,2019,BrdMem,,Scott,,Morgan,President,,,,,0,,,,,,,
121665,103227360,008CE51F-E704-49DE-8B94-CEFB75D35282,Harris County Emergency Services District #29,2019,BrdMem,,William Guy,,Hogue III,Assistant Secretary,,,,,0,,,,,,,
121666,103227360,008CE51F-E704-49DE-8B94-CEFB75D35282,Harris County Emergency Services District #29,2019,BrdMem,,Kenneth,,Latimer,Treasurer,,,,,0,,,,,,,
121667,103227360,008CE51F-E704-49DE-8B94-CEFB75D35282,Harris County Emergency Services District #29,2019,BrdMem,,David,,Parker,Secretary,,,,,0,,,,,,,
121672,103227360,9847E9A8-11A9-461C-9DF7-3F6EE70BBD8B,Harris County Emergency Services District #29,2020,BrdMem,,Richard,,Escott,Vice President,,,,,0,,,,,,,
121673,103227360,9847E9A8-11A9-461C-9DF7-3F6EE70BBD8B,Harris County Emergency Services District #29,2020,BrdMem,,Scott,,Morgan,President,,,,,0,,,,,,,
121674,103227360,9847E9A8-11A9-461C-9DF7-3F6EE70BBD8B,Harris County Emergency Services District #29,2020,BrdMem,,David,,Parker,Secretary,,,,,0,,,,,,,
121675,103227360,9847E9A8-11A9-461C-9DF7-3F6EE70BBD8B,Harris County Emergency Services District #29,2020,BrdMem,,Kenneth,,Latimer,Treasurer,,,,,0,,,,,,,
121676,103227360,9847E9A8-11A9-461C-9DF7-3F6EE70BBD8B,Harris County Emergency Services District #29,2020,BrdMem,,William Guy,,Hogue III,Assistant Secretary,,,,,0,,,,,,,
121681,103227360,67FBB233-FF47-48B3-BD4E-7E353A9D3AC2,Harris County Emergency Services District #29,2021,BrdMem,,Scott,,Morgan,President,,,,,0,,,,,,,
121682,103227360,67FBB233-FF47-48B3-BD4E-7E353A9D3AC2,Harris County Emergency Services District #29,2021,BrdMem,,Kenneth,,Latimer,Treasurer,,,,,0,,,,,,,
121683,103227360,67FBB233-FF47-48B3-BD4E-7E353A9D3AC2,Harris County Emergency Services District #29,2021,BrdMem,,David,,Parker,Secretary,,,,,0,,,,,,,
121684,103227360,67FBB233-FF47-48B3-BD4E-7E353A9D3AC2,Harris County Emergency Services District #29,2021,BrdMem,,William Guy,,Hogue III,Assistant Secretary,,,,,0,,,,,,,
121685,103227360,67FBB233-FF47-48B3-BD4E-7E353A9D3AC2,Harris County Emergency Services District #29,2021,BrdMem,,Richard,,Escott,Vice President,,,,,0,,,,,,,
121690,103227360,97B2B1CA-F22F-4E60-9A6B-43C8151F7281,Harris County Emergency Services District #29,2022,BrdMem,,David,,Parker,Secretary,,,,,0,,,,,,,
121691,103227360,97B2B1CA-F22F-4E60-9A6B-43C8151F7281,Harris County Emergency Services District #29,2022,BrdMem,,Kenneth,,Latimer,Treasurer,,,,,0,,,,,,,
121692,103227360,97B2B1CA-F22F-4E60-9A6B-43C8151F7281,Harris County Emergency Services District #29,2022,BrdMem,,William Guy,,Hogue III,Assistant Secretary,,,,,0,,,,,,,
121693,103227360,97B2B1CA-F22F-4E60-9A6B-43C8151F7281,Harris County Emergency Services District #29,2022,BrdMem,,Scott,,Morgan,President,,,,,0,,,,,,,
121698,103227360,4409F68E-5B15-4933-8DE6-17F4920A9373,Harris County Emergency Services District #29,2023,BrdMem,,William Guy,,Hogue III,Assistant Secretary,,,,,0,,,,,,,
121699,103227360,4409F68E-5B15-4933-8DE6-17F4920A9373,Harris County Emergency Services District #29,2023,BrdMem,,David,,Parker,Vice President,,,,,0,,,,,,,
121700,103227360,4409F68E-5B15-4933-8DE6-17F4920A9373,Harris County Emergency Services District #29,2023,BrdMem,,Scott,,Morgan,President,,,,,0,,,,,,,
121701,103227360,4409F68E-5B15-4933-8DE6-17F4920A9373,Harris County Emergency Services District #29,2023,BrdMem,,Jon,,Taylor,Secretary,,,,,0,,,,,,,
121702,103227360,4409F68E-5B15-4933-8DE6-17F4920A9373,Harris County Emergency Services District #29,2023,BrdMem,,Kenneth,,Latimer,Treasurer,,,,,0,,,,,,,
121707,103227360,AE6A032D-241E-4049-A858-E509D1232992,Harris County Emergency Services District #29,2024,BrdMem,,Scott,,Morgan,President,,,,,0,,,,,,,
121708,103227360,AE6A032D-241E-4049-A858-E509D1232992,Harris County Emergency Services District #29,2024,BrdMem,,Kenneth,,Latimer,Treasurer,,,,,0,,,,,,,
121709,103227360,AE6A032D-241E-4049-A858-E509D1232992,Harris County Emergency Services District #29,2024,BrdMem,,David,,Parker,Vice President,,,,,0,,,,,,,
121710,103227360,AE6A032D-241E-4049-A858-E509D1232992,Harris County Emergency Services District #29,2024,BrdMem,,Jon,,Taylor,Secretary,,,,,0,,,,,,,
121711,103227360,AE6A032D-241E-4049-A858-E509D1232992,Harris County Emergency Services District #29,2024,BrdMem,,William Guy,,Hogue III,Assistant Secretary,,,,,0,,,,,,,
121716,103227360,4D64E3B0-4303-4FB6-8349-56D5D9CAEB37,Harris County Emergency Services District #29,2025,BrdMem,,Ed,,Wasser,Secretary,,,,,0,,,,,,,
121717,103227360,4D64E3B0-4303-4FB6-8349-56D5D9CAEB37,Harris County Emergency Services District #29,2025,BrdMem,,David,,Parker,Vice President,,,,,0,,,,,,,
121718,103227360,4D64E3B0-4303-4FB6-8349-56D5D9CAEB37,Harris County Emergency Services District #29,2025,BrdMem,,Jon,,Taylor,Treasurer,,,,,0,,,,,,,
121719,103227360,4D64E3B0-4303-4FB6-8349-56D5D9CAEB37,Harris County Emergency Services District #29,2025,BrdMem,,Scott,,Morgan,President,,,,,0,,,,,,,
121720,103227360,4D64E3B0-4303-4FB6-8349-56D5D9CAEB37,Harris County Emergency Services District #29,2025,BrdMem,,Scott,,Bay,Commissioner,,,,,0,,,,,,,
121725,103227360,95177A9B-3836-45CF-AE8B-9DBE78A371FE,Harris County Emergency Services District #29,2026,BrdMem,,Scott,,Morgan,President,,,,,0,,,,,,,
121726,103227360,95177A9B-3836-45CF-AE8B-9DBE78A371FE,Harris County Emergency Services District #29,2026,BrdMem,,Jon,,Taylor,Treasurer,,,,,0,,,,,,,
121727,103227360,95177A9B-3836-45CF-AE8B-9DBE78A371FE,Harris County Emergency Services District #29,2026,BrdMem,,Ed,,Wasser,Secretary,,,,,0,,,,,,,
121728,103227360,95177A9B-3836-45CF-AE8B-9DBE78A371FE,Harris County Emergency Services District #29,2026,BrdMem,,David,,Parker,Vice President,,,,,0,,,,,,,
121729,103227360,95177A9B-3836-45CF-AE8B-9DBE78A371FE,Harris County Emergency Services District #29,2026,BrdMem,,Scott,,Bay,Asst. Secretary,,,,,0,,,,,,,
124120,103227411,272F4ACD-2D2B-428B-AE2C-3196875748A4,Muenster Hospital District,2019,BrdMem,,T.J.,,Walterscheid,Member,,,,,0,,,,,,,
124121,103227411,272F4ACD-2D2B-428B-AE2C-3196875748A4,Muenster Hospital District,2019,BrdMem,,Don,,Richardson,Member,,,,,0,,,,,,,
124122,103227411,272F4ACD-2D2B-428B-AE2C-3196875748A4,Muenster Hospital District,2019,BrdMem,,Aaron,,Hess,Member,,,,,0,,,,,,,
124123,103227411,272F4ACD-2D2B-428B-AE2C-3196875748A4,Muenster Hospital District,2019,BrdMem,,Jon,,Reed,Member,,,,,0,,,,,,,
124124,103227411,272F4ACD-2D2B-428B-AE2C-3196875748A4,Muenster Hospital District,2019,BrdMem,,Ronnie,,Weinzapfel,Chairman,,,,,0,,,,,,,
124125,103227411,272F4ACD-2D2B-428B-AE2C-3196875748A4,Muenster Hospital District,2019,BrdMem,,Lisa,,Schilling,Member,,,,,0,,,,,,,
124126,103227411,272F4ACD-2D2B-428B-AE2C-3196875748A4,Muenster Hospital District,2019,BrdMem,,Beverly,,Fuhrmann,Member,,,,,0,,,,,,,
124130,103227411,BFF731CB-E0FA-4461-8EBD-414BF0B02F8C,Muenster Hospital District,2022,BrdMem,,Beverly,,Fuhrmann,Member,,,,,0,,,,,,,
124131,103227411,BFF731CB-E0FA-4461-8EBD-414BF0B02F8C,Muenster Hospital District,2022,BrdMem,,Lisa,,Schilling,Member,,,,,0,,,,,,,
124132,103227411,BFF731CB-E0FA-4461-8EBD-414BF0B02F8C,Muenster Hospital District,2022,BrdMem,,Aaron,,Hess,Member,,,,,0,,,,,,,
124133,103227411,BFF731CB-E0FA-4461-8EBD-414BF0B02F8C,Muenster Hospital District,2022,BrdMem,,T.J.,,Walterscheid,Member,,,,,0,,,,,,,
124134,103227411,BFF731CB-E0FA-4461-8EBD-414BF0B02F8C,Muenster Hospital District,2022,BrdMem,,Don,,Richardson,Member,,,,,0,,,,,,,
124135,103227411,BFF731CB-E0FA-4461-8EBD-414BF0B02F8C,Muenster Hospital District,2022,BrdMem,,Ronnie,,Weinzapfel,Chairman,,,,,0,,,,,,,
124139,103227411,85A207EB-D9F2-42AF-AB3F-99A0F8A51E7C,Muenster Hospital District,2023,BrdMem,,T.J.,,Walterscheid,Member,,,,,0,,,,,,,
124140,103227411,85A207EB-D9F2-42AF-AB3F-99A0F8A51E7C,Muenster Hospital District,2023,BrdMem,,Rita,,Russell,Member,,,,,0,,,,,,,
124141,103227411,85A207EB-D9F2-42AF-AB3F-99A0F8A51E7C,Muenster Hospital District,2023,BrdMem,,Ronnie,,Weinzapfel,Chairman,,,,,0,,,,,,,
124142,103227411,85A207EB-D9F2-42AF-AB3F-99A0F8A51E7C,Muenster Hospital District,2023,BrdMem,,Aaron,,Hess,Member,,,,,0,,,,,,,
124143,103227411,85A207EB-D9F2-42AF-AB3F-99A0F8A51E7C,Muenster Hospital District,2023,BrdMem,,Lisa,,Schilling,Member,,,,,0,,,,,,,
124144,103227411,85A207EB-D9F2-42AF-AB3F-99A0F8A51E7C,Muenster Hospital District,2023,BrdMem,,Don,,Richardson,Member,,,,,0,,,,,,,
124148,103227411,3B1E98E6-34AF-4FCB-985E-835267EE7126,Muenster Hospital District,2024,BrdMem,,T.J.,,Walterscheid,Member,,,,,0,,,,,,,
124149,103227411,3B1E98E6-34AF-4FCB-985E-835267EE7126,Muenster Hospital District,2024,BrdMem,,Don,,Richardson,Member,,,,,0,,,,,,,
124150,103227411,3B1E98E6-34AF-4FCB-985E-835267EE7126,Muenster Hospital District,2024,BrdMem,,Aaron,,Hess,Member,,,,,0,,,,,,,
124151,103227411,3B1E98E6-34AF-4FCB-985E-835267EE7126,Muenster Hospital District,2024,BrdMem,,Ronnie,,Weinzapfel,Chairman,,,,,0,,,,,,,
124152,103227411,3B1E98E6-34AF-4FCB-985E-835267EE7126,Muenster Hospital District,2024,BrdMem,,Rita,,Russell,Member,,,,,0,,,,,,,
124153,103227411,3B1E98E6-34AF-4FCB-985E-835267EE7126,Muenster Hospital District,2024,BrdMem,,Lisa,,Schilling,Member,,,,,0,,,,,,,
124157,103227411,224807A5-A122-4501-B2C6-18BC73FB4B7E,Muenster Hospital District,2025,BrdMem,,Shane,,Clark,Member,,,,,0,,,,,,,
124158,103227411,224807A5-A122-4501-B2C6-18BC73FB4B7E,Muenster Hospital District,2025,BrdMem,,Aaron,,Hess,Member,,,,,0,,,,,,,
124159,103227411,224807A5-A122-4501-B2C6-18BC73FB4B7E,Muenster Hospital District,2025,BrdMem,,T.J.,,Walterscheid,Member,,,,,0,,,,,,,
124160,103227411,224807A5-A122-4501-B2C6-18BC73FB4B7E,Muenster Hospital District,2025,BrdMem,,Rita,,Russell,Member,,,,,0,,,,,,,
124161,103227411,224807A5-A122-4501-B2C6-18BC73FB4B7E,Muenster Hospital District,2025,BrdMem,,Don,,Richardson,Member,,,,,0,,,,,,,
124162,103227411,224807A5-A122-4501-B2C6-18BC73FB4B7E,Muenster Hospital District,2025,BrdMem,,Ronnie,,Weinzapfel,Chairman,,,,,0,,,,,,,
124163,103227411,224807A5-A122-4501-B2C6-18BC73FB4B7E,Muenster Hospital District,2025,BrdMem,,Lisa,,Schilling,Member,,,,,0,,,,,,,
124167,103227411,3C34BE74-B545-46F8-A850-BE9AB20968BB,Muenster Hospital District,2026,BrdMem,,Shane,,Clark,Member,,,,,0,,,,,,,
124168,103227411,3C34BE74-B545-46F8-A850-BE9AB20968BB,Muenster Hospital District,2026,BrdMem,,Don,,Richardson,Member,,,,,0,,,,,,,
124169,103227411,3C34BE74-B545-46F8-A850-BE9AB20968BB,Muenster Hospital District,2026,BrdMem,,Aaron,,Hess,Member,,,,,0,,,,,,,
124170,103227411,3C34BE74-B545-46F8-A850-BE9AB20968BB,Muenster Hospital District,2026,BrdMem,,Rita,,Russell,Member,,,,,0,,,,,,,
124171,103227411,3C34BE74-B545-46F8-A850-BE9AB20968BB,Muenster Hospital District,2026,BrdMem,,Ronnie,,Weinzapfel,Chairman,,,,,0,,,,,,,
124172,103227411,3C34BE74-B545-46F8-A850-BE9AB20968BB,Muenster Hospital District,2026,BrdMem,,T.J.,,Walterscheid,Member,,,,,0,,,,,,,
124173,103227411,3C34BE74-B545-46F8-A850-BE9AB20968BB,Muenster Hospital District,2026,BrdMem,,Lisa,,Schilling,Member,,,,,0,,,,,,,
127194,103227478,8BBA7767-0B87-4CBE-80A1-C111A47500C0,Harris County Emergency Services District #2,2018,BrdMem,,Kyle,,Rice,Commissioner,,,,,0,,,,,,,
127195,103227478,8BBA7767-0B87-4CBE-80A1-C111A47500C0,Harris County Emergency Services District #2,2018,BrdMem,,Johnnie,,McClelland,Vice President,,,,,0,,,,,,,
127196,103227478,8BBA7767-0B87-4CBE-80A1-C111A47500C0,Harris County Emergency Services District #2,2018,BrdMem,,Sonya,,Anderson,President,,,,,0,,,,,,,
127197,103227478,8BBA7767-0B87-4CBE-80A1-C111A47500C0,Harris County Emergency Services District #2,2018,BrdMem,,Charles,,Anthony,Secretary,,,,,0,,,,,,,
127198,103227478,8BBA7767-0B87-4CBE-80A1-C111A47500C0,Harris County Emergency Services District #2,2018,BrdMem,,Marvin,,Speer,Commissioner,,,,,0,,,,,,,
127203,103227478,B699F50F-E0E9-473F-8FAC-CC62BBB70381,Harris County Emergency Services District #2,2019,BrdMem,,Marvin,,Speer,Commissioner,,,,,0,,,,,,,
127204,103227478,B699F50F-E0E9-473F-8FAC-CC62BBB70381,Harris County Emergency Services District #2,2019,BrdMem,,Kyle,,Rice,Commissioner,,,,,0,,,,,,,
127205,103227478,B699F50F-E0E9-473F-8FAC-CC62BBB70381,Harris County Emergency Services District #2,2019,BrdMem,,Charles,,Anthony,Secretary,,,,,0,,,,,,,
127206,103227478,B699F50F-E0E9-473F-8FAC-CC62BBB70381,Harris County Emergency Services District #2,2019,BrdMem,,Johnnie,,McClelland,Vice President,,,,,0,,,,,,,
127207,103227478,B699F50F-E0E9-473F-8FAC-CC62BBB70381,Harris County Emergency Services District #2,2019,BrdMem,,Sonya,,Anderson,President,,,,,0,,,,,,,
127212,103227478,BB8684DF-E137-4512-8525-8CAEA0631FD1,Harris County Emergency Services District #2,2020,BrdMem,,Earl,,Skank,Commissioner,,,,,0,,,,,,,
127213,103227478,BB8684DF-E137-4512-8525-8CAEA0631FD1,Harris County Emergency Services District #2,2020,BrdMem,,Sonya,,Anderson,President,,,,,0,,,,,,,
127214,103227478,BB8684DF-E137-4512-8525-8CAEA0631FD1,Harris County Emergency Services District #2,2020,BrdMem,,Charles,,Anthony,Secretary,,,,,0,,,,,,,
127215,103227478,BB8684DF-E137-4512-8525-8CAEA0631FD1,Harris County Emergency Services District #2,2020,BrdMem,,Johnnie,,McClelland,Vice President,,,,,0,,,,,,,
127216,103227478,BB8684DF-E137-4512-8525-8CAEA0631FD1,Harris County Emergency Services District #2,2020,BrdMem,,Marvin,,Speer,Commissioner,,,,,0,,,,,,,
127221,103227478,F94A0123-CF08-4771-8F5F-48A39147122E,Harris County Emergency Services District #2,2021,BrdMem,,Johnnie,,McClelland,Vice President,,,,,0,,,,,,,
127222,103227478,F94A0123-CF08-4771-8F5F-48A39147122E,Harris County Emergency Services District #2,2021,BrdMem,,Charles,,Anthony,Secretary,,,,,0,,,,,,,
127223,103227478,F94A0123-CF08-4771-8F5F-48A39147122E,Harris County Emergency Services District #2,2021,BrdMem,,Buster,,Gates,Commissioner,,,,,0,,,,,,,
127224,103227478,F94A0123-CF08-4771-8F5F-48A39147122E,Harris County Emergency Services District #2,2021,BrdMem,,Earl,,Skank,Commissioner,,,,,0,,,,,,,
127225,103227478,F94A0123-CF08-4771-8F5F-48A39147122E,Harris County Emergency Services District #2,2021,BrdMem,,Sonya,,Anderson,President,,,,,0,,,,,,,
127230,103227478,4FA83284-398F-4E4E-B241-8FCAE0EF52D4,Harris County Emergency Services District #2,2022,BrdMem,,Charles,,Anthony,Secretary,,,,,0,,,,,,,
127231,103227478,4FA83284-398F-4E4E-B241-8FCAE0EF52D4,Harris County Emergency Services District #2,2022,BrdMem,,Earl,,Skank,Commissioner,,,,,0,,,,,,,
127232,103227478,4FA83284-398F-4E4E-B241-8FCAE0EF52D4,Harris County Emergency Services District #2,2022,BrdMem,,Sonya,,Anderson,President,,,,,0,,,,,,,
127233,103227478,4FA83284-398F-4E4E-B241-8FCAE0EF52D4,Harris County Emergency Services District #2,2022,BrdMem,,Buster,,Gates,Commissioner,,,,,0,,,,,,,
127234,103227478,4FA83284-398F-4E4E-B241-8FCAE0EF52D4,Harris County Emergency Services District #2,2022,BrdMem,,Johnnie,,McClelland,Vice President,,,,,0,,,,,,,
127239,103227478,93CEE18C-0B99-4399-BAD7-6B41CEA7D68D,Harris County Emergency Services District #2,2023,BrdMem,,Johnnie,,McClelland,Vice President,,,,,0,,,,,,,
127240,103227478,93CEE18C-0B99-4399-BAD7-6B41CEA7D68D,Harris County Emergency Services District #2,2023,BrdMem,,Charles,,Anthony,Secretary,,,,,0,,,,,,,
127241,103227478,93CEE18C-0B99-4399-BAD7-6B41CEA7D68D,Harris County Emergency Services District #2,2023,BrdMem,,Buster,,Gates,Commissioner,,,,,0,,,,,,,
127242,103227478,93CEE18C-0B99-4399-BAD7-6B41CEA7D68D,Harris County Emergency Services District #2,2023,BrdMem,,Sonya,,Anderson,President,,,,,0,,,,,,,
127243,103227478,93CEE18C-0B99-4399-BAD7-6B41CEA7D68D,Harris County Emergency Services District #2,2023,BrdMem,,Earl,,Skank,Commissioner,,,,,0,,,,,,,
127248,103227478,E6B8454C-B03E-4377-90C4-9846799DA5CD,Harris County Emergency Services District #2,2024,BrdMem,,Johnnie,,McClelland,Vice President,,,,,0,,,,,,,
127249,103227478,E6B8454C-B03E-4377-90C4-9846799DA5CD,Harris County Emergency Services District #2,2024,BrdMem,,Charles,,Anthony,Secretary,,,,,0,,,,,,,
127250,103227478,E6B8454C-B03E-4377-90C4-9846799DA5CD,Harris County Emergency Services District #2,2024,BrdMem,,Sonya,,Anderson,President,,,,,0,,,,,,,
127251,103227478,E6B8454C-B03E-4377-90C4-9846799DA5CD,Harris County Emergency Services District #2,2024,BrdMem,,Earl,,Skank,Commissioner,,,,,0,,,,,,,
127252,103227478,E6B8454C-B03E-4377-90C4-9846799DA5CD,Harris County Emergency Services District #2,2024,BrdMem,,Buster,,Gates,Commissioner,,,,,0,,,,,,,
127257,103227478,ABB49239-21B7-4243-9A19-9ADE99E27532,Harris County Emergency Services District #2,2025,BrdMem,,Earl,,Skank,Commissioner,,,,,0,,,,,,,
127258,103227478,ABB49239-21B7-4243-9A19-9ADE99E27532,Harris County Emergency Services District #2,2025,BrdMem,,Buster,,Gates,Commissioner,,,,,0,,,,,,,
127259,103227478,ABB49239-21B7-4243-9A19-9ADE99E27532,Harris County Emergency Services District #2,2025,BrdMem,,Johnnie,,McClelland,Vice President,,,,,0,,,,,,,
127260,103227478,ABB49239-21B7-4243-9A19-9ADE99E27532,Harris County Emergency Services District #2,2025,BrdMem,,Sonya,,Anderson,President,,,,,0,,,,,,,
127261,103227478,ABB49239-21B7-4243-9A19-9ADE99E27532,Harris County Emergency Services District #2,2025,BrdMem,,Charles,,Anthony,Secretary,,,,,0,,,,,,,
127266,103227478,3EBD5796-C936-4249-9BFB-1AF26E468554,Harris County Emergency Services District #2,2026,BrdMem,,Sonya,,Anderson,President,,,,,0,,,,,,,
127267,103227478,3EBD5796-C936-4249-9BFB-1AF26E468554,Harris County Emergency Services District #2,2026,BrdMem,,Earl,,Skank,Commissioner,,,,,0,,,,,,,
127268,103227478,3EBD5796-C936-4249-9BFB-1AF26E468554,Harris County Emergency Services District #2,2026,BrdMem,,Buster,,Gates,Commissioner,,,,,0,,,,,,,
127269,103227478,3EBD5796-C936-4249-9BFB-1AF26E468554,Harris County Emergency Services District #2,2026,BrdMem,,Charles,,Anthony,Secretary,,,,,0,,,,,,,
127270,103227478,3EBD5796-C936-4249-9BFB-1AF26E468554,Harris County Emergency Services District #2,2026,BrdMem,,Johnnie,,McClelland,Vice President,,,,,0,,,,,,,
127275,103227479,DCCC69E2-A105-42C5-B3F2-0DF77B0C676F,Harris County Emergency Services District #60,2018,BrdMem,,Alfred A.,,Adams,Secretary Treasurer,,,,,0,,,,,,,
127276,103227479,DCCC69E2-A105-42C5-B3F2-0DF77B0C676F,Harris County Emergency Services District #60,2018,BrdMem,,Helen,,Lauersdorf,President,,,,,0,,,,,,,
127277,103227479,DCCC69E2-A105-42C5-B3F2-0DF77B0C676F,Harris County Emergency Services District #60,2018,BrdMem,,James,,Collins,Commissioner,,,,,0,,,,,,,
127278,103227479,DCCC69E2-A105-42C5-B3F2-0DF77B0C676F,Harris County Emergency Services District #60,2018,BrdMem,,Daron,,McCaslin,Vice,,,,,0,,,,,,,
127279,103227479,DCCC69E2-A105-42C5-B3F2-0DF77B0C676F,Harris County Emergency Services District #60,2018,BrdMem,,Dale,,Langdon,Commissioner,,,,,0,,,,,,,
127284,103227479,7E6A7DC4-A4A9-49A6-AA98-9CE6F64E5673,Harris County Emergency Services District #60,2019,BrdMem,,Alfred A.,,Adams,Secretary Treasurer,,,,,0,,,,,,,
127285,103227479,7E6A7DC4-A4A9-49A6-AA98-9CE6F64E5673,Harris County Emergency Services District #60,2019,BrdMem,,James,,Collins,Commissioner,,,,,0,,,,,,,
127286,103227479,7E6A7DC4-A4A9-49A6-AA98-9CE6F64E5673,Harris County Emergency Services District #60,2019,BrdMem,,Helen,,Lauersdorf,President,,,,,0,,,,,,,
127287,103227479,7E6A7DC4-A4A9-49A6-AA98-9CE6F64E5673,Harris County Emergency Services District #60,2019,BrdMem,,Daron,,McCaslin,Vice,,,,,0,,,,,,,
127288,103227479,7E6A7DC4-A4A9-49A6-AA98-9CE6F64E5673,Harris County Emergency Services District #60,2019,BrdMem,,Dale,,Langdon,Commissioner,,,,,0,,,,,,,
127293,103227479,18014FDA-FD32-4BB7-9944-3581945111A0,Harris County Emergency Services District #60,2020,BrdMem,,Daron,,McCaslin,Vice,,,,,0,,,,,,,
127294,103227479,18014FDA-FD32-4BB7-9944-3581945111A0,Harris County Emergency Services District #60,2020,BrdMem,,Dale,,Langdon,Commissioner,,,,,0,,,,,,,
127295,103227479,18014FDA-FD32-4BB7-9944-3581945111A0,Harris County Emergency Services District #60,2020,BrdMem,,Helen,,Lauersdorf,President,,,,,0,,,,,,,
127296,103227479,18014FDA-FD32-4BB7-9944-3581945111A0,Harris County Emergency Services District #60,2020,BrdMem,,Alfred A.,,Adams,Secretary Treasurer,,,,,0,,,,,,,
127297,103227479,18014FDA-FD32-4BB7-9944-3581945111A0,Harris County Emergency Services District #60,2020,BrdMem,,James,,Collins,Commissioner,,,,,0,,,,,,,
127302,103227479,7BEB67B2-7068-4B87-B790-49C46FC89475,Harris County Emergency Services District #60,2021,BrdMem,,Daron,,McCaslin,Vice President,,,,,0,,,,,,,
127303,103227479,7BEB67B2-7068-4B87-B790-49C46FC89475,Harris County Emergency Services District #60,2021,BrdMem,,Dale,,Langdon,Commissioner,,,,,0,,,,,,,
127304,103227479,7BEB67B2-7068-4B87-B790-49C46FC89475,Harris County Emergency Services District #60,2021,BrdMem,,James,,Collins,Commissioner,,,,,0,,,,,,,
127305,103227479,7BEB67B2-7068-4B87-B790-49C46FC89475,Harris County Emergency Services District #60,2021,BrdMem,,Helen,,Lauersdorf,President,,,,,0,,,,,,,
127306,103227479,7BEB67B2-7068-4B87-B790-49C46FC89475,Harris County Emergency Services District #60,2021,BrdMem,,Alfred A.,,Adams,Secretary Treasurer,,,,,0,,,,,,,
127311,103227479,968E8375-72C5-439C-BD85-A985ACF85BCA,Harris County Emergency Services District #60,2022,BrdMem,,Daron,,McCaslin,Vice President,,,,,0,,,,,,,
127312,103227479,968E8375-72C5-439C-BD85-A985ACF85BCA,Harris County Emergency Services District #60,2022,BrdMem,,Alfred A.,,Adams,Secretary,,,,,0,,,,,,,
127313,103227479,968E8375-72C5-439C-BD85-A985ACF85BCA,Harris County Emergency Services District #60,2022,BrdMem,,Dale,,Langdon,Treasurer,,,,,0,,,,,,,
127314,103227479,968E8375-72C5-439C-BD85-A985ACF85BCA,Harris County Emergency Services District #60,2022,BrdMem,,Helen,,Lauersdorf,President,,,,,0,,,,,,,
127315,103227479,968E8375-72C5-439C-BD85-A985ACF85BCA,Harris County Emergency Services District #60,2022,BrdMem,,James,,Collins,Assistant Treasurer,,,,,0,,,,,,,
127320,103227479,086DAE4D-49E4-4B17-8C7A-C38CF91999BC,Harris County Emergency Services District #60,2023,BrdMem,,Helen,,Lauersdorf,President,,,,,0,,,,,,,
127321,103227479,086DAE4D-49E4-4B17-8C7A-C38CF91999BC,Harris County Emergency Services District #60,2023,BrdMem,,James,,Collins,Assistant Treasurer,,,,,0,,,,,,,
127322,103227479,086DAE4D-49E4-4B17-8C7A-C38CF91999BC,Harris County Emergency Services District #60,2023,BrdMem,,Dale,,Langdon,Treasurer,,,,,0,,,,,,,
127323,103227479,086DAE4D-49E4-4B17-8C7A-C38CF91999BC,Harris County Emergency Services District #60,2023,BrdMem,,Daron,,McCaslin,Vice President,,,,,0,,,,,,,
127324,103227479,086DAE4D-49E4-4B17-8C7A-C38CF91999BC,Harris County Emergency Services District #60,2023,BrdMem,,Alfred A.,,Adams,Secretary,,,,,0,,,,,,,
127329,103227479,B855C104-5B27-4D79-A28A-66C31E270D2F,Harris County Emergency Services District #60,2024,BrdMem,,Daron,,McCaslin,President,,,,,0,,,,,,,
127330,103227479,B855C104-5B27-4D79-A28A-66C31E270D2F,Harris County Emergency Services District #60,2024,BrdMem,,Dale,,Langdon,Vice Pres-Treasurer,,,,,0,,,,,,,
127331,103227479,B855C104-5B27-4D79-A28A-66C31E270D2F,Harris County Emergency Services District #60,2024,BrdMem,,Don,,Nesbitt,Commissioner,,,,,0,,,,,,,
127332,103227479,B855C104-5B27-4D79-A28A-66C31E270D2F,Harris County Emergency Services District #60,2024,BrdMem,,James,,Collins,Assistant Treasurer,,,,,0,,,,,,,
127333,103227479,B855C104-5B27-4D79-A28A-66C31E270D2F,Harris County Emergency Services District #60,2024,BrdMem,,Alfred A.,,Adams,Secretary,,,,,0,,,,,,,
127338,103227479,4BF07023-ED22-4003-A8F9-25A4A3159172,Harris County Emergency Services District #60,2025,BrdMem,,James,,Collins,Assistant Treasurer,,,,,0,,,,,,,
127339,103227479,4BF07023-ED22-4003-A8F9-25A4A3159172,Harris County Emergency Services District #60,2025,BrdMem,,Dale,,Langdon,Vice Pres-Treasurer,,,,,0,,,,,,,
127340,103227479,4BF07023-ED22-4003-A8F9-25A4A3159172,Harris County Emergency Services District #60,2025,BrdMem,,Don,,Nesbitt,Commissioner,,,,,0,,,,,,,
127341,103227479,4BF07023-ED22-4003-A8F9-25A4A3159172,Harris County Emergency Services District #60,2025,BrdMem,,Alfred A.,,Adams,Secretary,,,,,0,,,,,,,
127342,103227479,4BF07023-ED22-4003-A8F9-25A4A3159172,Harris County Emergency Services District #60,2025,BrdMem,,Daron,,McCaslin,President,,,,,0,,,,,,,
127347,103227479,431E1867-DB78-4A3F-8E5E-3D2F9B6CFE1A,Harris County Emergency Services District #60,2026,BrdMem,,Dale,,Langdon,Vice Pres-Treasurer,,,,,0,,,,,,,
127348,103227479,431E1867-DB78-4A3F-8E5E-3D2F9B6CFE1A,Harris County Emergency Services District #60,2026,BrdMem,,Daron,,McCaslin,President,,,,,0,,,,,,,
127349,103227479,431E1867-DB78-4A3F-8E5E-3D2F9B6CFE1A,Harris County Emergency Services District #60,2026,BrdMem,,James,,Collins,Treasurer,,,,,0,,,,,,,
127350,103227479,431E1867-DB78-4A3F-8E5E-3D2F9B6CFE1A,Harris County Emergency Services District #60,2026,BrdMem,,Don,,Nesbitt,Commissioner,,,,,0,,,,,,,
127351,103227479,431E1867-DB78-4A3F-8E5E-3D2F9B6CFE1A,Harris County Emergency Services District #60,2026,BrdMem,,Alfred A.,,Adams,Secretary,,,,,0,,,,,,,
127796,103227485,5BC0E8B4-E3F6-4EBF-9CA9-7674A1556A2B,Hopkins County Hospital District,2018,BrdMem,,Joe Bob,,Burgin,Board Member,,,,,0,,,,,,,
127797,103227485,5BC0E8B4-E3F6-4EBF-9CA9-7674A1556A2B,Hopkins County Hospital District,2018,BrdMem,,Tim,,Kelty,Board Member,,,,,0,,,,,,,
127798,103227485,5BC0E8B4-E3F6-4EBF-9CA9-7674A1556A2B,Hopkins County Hospital District,2018,BrdMem,,Suzanne,,Bankston,President,,,,,0,,,,,,,
127799,103227485,5BC0E8B4-E3F6-4EBF-9CA9-7674A1556A2B,Hopkins County Hospital District,2018,BrdMem,,Bill,,Dietze,Board Member,,,,,0,,,,,,,
127800,103227485,5BC0E8B4-E3F6-4EBF-9CA9-7674A1556A2B,Hopkins County Hospital District,2018,BrdMem,,Kerry,,Law,Vice Presiden,,,,,0,,,,,,,
127801,103227485,5BC0E8B4-E3F6-4EBF-9CA9-7674A1556A2B,Hopkins County Hospital District,2018,BrdMem,,David,,Black,Secretary,,,,,0,,,,,,,
127802,103227485,5BC0E8B4-E3F6-4EBF-9CA9-7674A1556A2B,Hopkins County Hospital District,2018,BrdMem,,Daniel,,Roper,Board Member,,,,,0,,,,,,,
127806,103227485,1C4CA67D-01F3-4449-B2F2-466ED974B324,Hopkins County Hospital District,2019,BrdMem,,Tim,,Kelty,Board Member,,,,,0,,,,,,,
127807,103227485,1C4CA67D-01F3-4449-B2F2-466ED974B324,Hopkins County Hospital District,2019,BrdMem,,David,,Black,Secretary,,,,,0,,,,,,,
127808,103227485,1C4CA67D-01F3-4449-B2F2-466ED974B324,Hopkins County Hospital District,2019,BrdMem,,Kerry,,Law,Vice Presiden,,,,,0,,,,,,,
127809,103227485,1C4CA67D-01F3-4449-B2F2-466ED974B324,Hopkins County Hospital District,2019,BrdMem,,Jo Bob,,Burgin,Board Member,,,,,0,,,,,,,
127810,103227485,1C4CA67D-01F3-4449-B2F2-466ED974B324,Hopkins County Hospital District,2019,BrdMem,,Suzanne,,Bankston,President,,,,,0,,,,,,,
127811,103227485,1C4CA67D-01F3-4449-B2F2-466ED974B324,Hopkins County Hospital District,2019,BrdMem,,William,,Dietze,Board Member,,,,,0,,,,,,,
127815,103227485,39351039-74F9-4727-9E3E-2AC7AAB663D1,Hopkins County Hospital District,2023,BrdMem,,Kerrry,,Law,President,,,,,0,,,,,,,
127816,103227485,39351039-74F9-4727-9E3E-2AC7AAB663D1,Hopkins County Hospital District,2023,BrdMem,,Tammy,,Wright,Board Member,,,,,0,,,,,,,
127817,103227485,39351039-74F9-4727-9E3E-2AC7AAB663D1,Hopkins County Hospital District,2023,BrdMem,,Christopher,,Brown,Vice President,,,,,0,,,,,,,
127818,103227485,39351039-74F9-4727-9E3E-2AC7AAB663D1,Hopkins County Hospital District,2023,BrdMem,,Kristi,,Shultz,Board Member,,,,,0,,,,,,,
127819,103227485,39351039-74F9-4727-9E3E-2AC7AAB663D1,Hopkins County Hospital District,2023,BrdMem,,Jo Bob,,Burgin,Board Member,,,,,0,,,,,,,
127820,103227485,39351039-74F9-4727-9E3E-2AC7AAB663D1,Hopkins County Hospital District,2023,BrdMem,,Eimy,,Medina,Board Member,,,,,0,,,,,,,
127821,103227485,39351039-74F9-4727-9E3E-2AC7AAB663D1,Hopkins County Hospital District,2023,BrdMem,,David,,Black,Secretary,,,,,0,,,,,,,
127825,103227485,A391670B-09D1-4327-A4CE-5FCE3D135FF6,Hopkins County Hospital District,2024,BrdMem,,Kristi,,Shultz,Board Member,,,,,0,,,,,,,
127826,103227485,A391670B-09D1-4327-A4CE-5FCE3D135FF6,Hopkins County Hospital District,2024,BrdMem,,Kerrry,,Law,President,,,,,0,,,,,,,
127827,103227485,A391670B-09D1-4327-A4CE-5FCE3D135FF6,Hopkins County Hospital District,2024,BrdMem,,Tammy,,Wright,Board Member,,,,,0,,,,,,,
127828,103227485,A391670B-09D1-4327-A4CE-5FCE3D135FF6,Hopkins County Hospital District,2024,BrdMem,,Rosario,,Mejia,Board Member,,,,,0,,,,,,,
127829,103227485,A391670B-09D1-4327-A4CE-5FCE3D135FF6,Hopkins County Hospital District,2024,BrdMem,,David,,Black,Secretary,,,,,0,,,,,,,
127830,103227485,A391670B-09D1-4327-A4CE-5FCE3D135FF6,Hopkins County Hospital District,2024,BrdMem,,Christopher,,Brown,Vice President,,,,,0,,,,,,,
127831,103227485,A391670B-09D1-4327-A4CE-5FCE3D135FF6,Hopkins County Hospital District,2024,BrdMem,,Jo Bob,,Burgin,Board Member,,,,,0,,,,,,,
127835,103227485,1994A44C-D91F-4610-991E-FBFD189F251F,Hopkins County Hospital District,2025,BrdMem,,Kerrry,,Law,President,,,,,0,,,,,,,
127836,103227485,1994A44C-D91F-4610-991E-FBFD189F251F,Hopkins County Hospital District,2025,BrdMem,,David,,Black,Secretary,,,,,0,,,,,,,
127837,103227485,1994A44C-D91F-4610-991E-FBFD189F251F,Hopkins County Hospital District,2025,BrdMem,,Kristi,,Shultz,Board Member,,,,,0,,,,,,,
127838,103227485,1994A44C-D91F-4610-991E-FBFD189F251F,Hopkins County Hospital District,2025,BrdMem,,Christopher,,Brown,Vice President,,,,,0,,,,,,,
127839,103227485,1994A44C-D91F-4610-991E-FBFD189F251F,Hopkins County Hospital District,2025,BrdMem,,Rosario,,Mejia,Board Member,,,,,0,,,,,,,
127840,103227485,1994A44C-D91F-4610-991E-FBFD189F251F,Hopkins County Hospital District,2025,BrdMem,,Tammy,,Wright,Board Member,,,,,0,,,,,,,
127841,103227485,1994A44C-D91F-4610-991E-FBFD189F251F,Hopkins County Hospital District,2025,BrdMem,,Jo Bob,,Burgin,Board Member,,,,,0,,,,,,,
127845,103227485,2303CC44-10F4-4A65-8B6D-9F98D2B6B37F,Hopkins County Hospital District,2026,BrdMem,,Kerrry,,Law,President,,,,,0,,,,,,,
127846,103227485,2303CC44-10F4-4A65-8B6D-9F98D2B6B37F,Hopkins County Hospital District,2026,BrdMem,,Christopher,,Brown,Vice President,,,,,0,,,,,,,
127847,103227485,2303CC44-10F4-4A65-8B6D-9F98D2B6B37F,Hopkins County Hospital District,2026,BrdMem,,Rosario,,Mejia,Board Member,,,,,0,,,,,,,
127848,103227485,2303CC44-10F4-4A65-8B6D-9F98D2B6B37F,Hopkins County Hospital District,2026,BrdMem,,Jo Bob,,Burgin,Board Member,,,,,0,,,,,,,
127849,103227485,2303CC44-10F4-4A65-8B6D-9F98D2B6B37F,Hopkins County Hospital District,2026,BrdMem,,Kristi,,Shultz,Board Member,,,,,0,,,,,,,
127850,103227485,2303CC44-10F4-4A65-8B6D-9F98D2B6B37F,Hopkins County Hospital District,2026,BrdMem,,David,,Black,Secretary,,,,,0,,,,,,,
127851,103227485,2303CC44-10F4-4A65-8B6D-9F98D2B6B37F,Hopkins County Hospital District,2026,BrdMem,,Tammy,,Wright,Board Member,,,,,0,,,,,,,
128086,103227490,EA66A9C8-858F-4BA9-AEC6-225902AF4837,Ector County Hospital District,2018,BrdMem,,Mary Lou,,Anderson,Board Member,,,,,0,,,,,,,
128087,103227490,EA66A9C8-858F-4BA9-AEC6-225902AF4837,Ector County Hospital District,2018,BrdMem,,Bryn,,Dodd,Board Member,,,,,0,,,,,,,
128088,103227490,EA66A9C8-858F-4BA9-AEC6-225902AF4837,Ector County Hospital District,2018,BrdMem,,Richard,,Herrera,Board Member,,,,,0,,,,,,,
128089,103227490,EA66A9C8-858F-4BA9-AEC6-225902AF4837,Ector County Hospital District,2018,BrdMem,,Don,,Hallmark,Board Member,,,,,0,,,,,,,
128090,103227490,EA66A9C8-858F-4BA9-AEC6-225902AF4837,Ector County Hospital District,2018,BrdMem,,Mary,,Thompson,Board Member,,,,,0,,,,,,,
128091,103227490,EA66A9C8-858F-4BA9-AEC6-225902AF4837,Ector County Hospital District,2018,BrdMem,,David,,Dunn,Board Member,,,,,0,,,,,,,
128092,103227490,EA66A9C8-858F-4BA9-AEC6-225902AF4837,Ector County Hospital District,2018,BrdMem,,Ben,,Quiroz,Board Member,,,,,0,,,,,,,
128096,103227490,F015EE10-D176-4F2F-A8A5-A7EA2AFECD4D,Ector County Hospital District,2019,BrdMem,,Mary,,Thompson,Board Member,,,,,0,,,,,,,
128097,103227490,F015EE10-D176-4F2F-A8A5-A7EA2AFECD4D,Ector County Hospital District,2019,BrdMem,,Bryn,,Dodd,Board Member,,,,,0,,,,,,,
128098,103227490,F015EE10-D176-4F2F-A8A5-A7EA2AFECD4D,Ector County Hospital District,2019,BrdMem,,Mary Lou,,Anderson,Board Member,,,,,0,,,,,,,
128099,103227490,F015EE10-D176-4F2F-A8A5-A7EA2AFECD4D,Ector County Hospital District,2019,BrdMem,,David,,Dunn,Board Member,,,,,0,,,,,,,
128100,103227490,F015EE10-D176-4F2F-A8A5-A7EA2AFECD4D,Ector County Hospital District,2019,BrdMem,,Don,,Hallmark,Board Member,,,,,0,,,,,,,
128101,103227490,F015EE10-D176-4F2F-A8A5-A7EA2AFECD4D,Ector County Hospital District,2019,BrdMem,,Richard,,Herrera,Board Member,,,,,0,,,,,,,
128102,103227490,F015EE10-D176-4F2F-A8A5-A7EA2AFECD4D,Ector County Hospital District,2019,BrdMem,,Ben,,Quiroz,Board Member,,,,,0,,,,,,,
128106,103227490,FD5DEF26-7B1D-4E05-A2C5-01238548F25B,Ector County Hospital District,2020,BrdMem,,Don,,Hallmark,Board Member,,,,,0,,,,,,,
128107,103227490,FD5DEF26-7B1D-4E05-A2C5-01238548F25B,Ector County Hospital District,2020,BrdMem,,David,,Dunn,Board Member,,,,,0,,,,,,,
128108,103227490,FD5DEF26-7B1D-4E05-A2C5-01238548F25B,Ector County Hospital District,2020,BrdMem,,Mary Lou,,Anderson,Board Member,,,,,0,,,,,,,
128109,103227490,FD5DEF26-7B1D-4E05-A2C5-01238548F25B,Ector County Hospital District,2020,BrdMem,,Bryn,,Dodd,Board Member,,,,,0,,,,,,,
128110,103227490,FD5DEF26-7B1D-4E05-A2C5-01238548F25B,Ector County Hospital District,2020,BrdMem,,Ben,,Quiroz,Board Member,,,,,0,,,,,,,
128111,103227490,FD5DEF26-7B1D-4E05-A2C5-01238548F25B,Ector County Hospital District,2020,BrdMem,,Richard,,Herrera,Board Member,,,,,0,,,,,,,
128112,103227490,FD5DEF26-7B1D-4E05-A2C5-01238548F25B,Ector County Hospital District,2020,BrdMem,,Wallace,,Dunn,Board Member,,,,,0,,,,,,,
128116,103227490,B0A53862-AB93-48B8-92DB-064B83F07856,Ector County Hospital District,2021,BrdMem,,Richard,,Herrera,Board Member,,,,,0,,,,,,,
128117,103227490,B0A53862-AB93-48B8-92DB-064B83F07856,Ector County Hospital District,2021,BrdMem,,David,,Dunn,Board Member,,,,,0,,,,,,,
128118,103227490,B0A53862-AB93-48B8-92DB-064B83F07856,Ector County Hospital District,2021,BrdMem,,Bryn,,Dodd,Board Member,,,,,0,,,,,,,
128119,103227490,B0A53862-AB93-48B8-92DB-064B83F07856,Ector County Hospital District,2021,BrdMem,,Don,,Hallmark,Board Member,,,,,0,,,,,,,
128120,103227490,B0A53862-AB93-48B8-92DB-064B83F07856,Ector County Hospital District,2021,BrdMem,,Wallace,,Dunn,Board Member,,,,,0,,,,,,,
128121,103227490,B0A53862-AB93-48B8-92DB-064B83F07856,Ector County Hospital District,2021,BrdMem,,Ben,,Quiroz,Board Member,,,,,0,,,,,,,
128122,103227490,B0A53862-AB93-48B8-92DB-064B83F07856,Ector County Hospital District,2021,BrdMem,,Mary Lou,,Anderson,Board Member,,,,,0,,,,,,,
128126,103227490,7F3335F2-212B-4233-AAFB-8E491D088FA4,Ector County Hospital District,2022,BrdMem,,Don,,Hallmark,Board Member,,,,,0,,,,,,,
128127,103227490,7F3335F2-212B-4233-AAFB-8E491D088FA4,Ector County Hospital District,2022,BrdMem,,Mary Lou,,Anderson,Board Member,,,,,0,,,,,,,
128128,103227490,7F3335F2-212B-4233-AAFB-8E491D088FA4,Ector County Hospital District,2022,BrdMem,,David,,Dunn,Board Member,,,,,0,,,,,,,
128129,103227490,7F3335F2-212B-4233-AAFB-8E491D088FA4,Ector County Hospital District,2022,BrdMem,,Kathy,,Rhodes,Board Member,,,,,0,,,,,,,
128130,103227490,7F3335F2-212B-4233-AAFB-8E491D088FA4,Ector County Hospital District,2022,BrdMem,,Richard,,Herrera,Board Member,,,,,0,,,,,,,
128131,103227490,7F3335F2-212B-4233-AAFB-8E491D088FA4,Ector County Hospital District,2022,BrdMem,,Wallace,,Dunn,Board Member,,,,,0,,,,,,,
128132,103227490,7F3335F2-212B-4233-AAFB-8E491D088FA4,Ector County Hospital District,2022,BrdMem,,Bryn,,Dodd,Board Member,,,,,0,,,,,,,
128136,103227490,F3FF97F3-AA6A-49CB-A6AE-4D9BC627A002,Ector County Hospital District,2023,BrdMem,,Kathy,,Rhodes,Board Member,,,,,0,,,,,,,
128137,103227490,F3FF97F3-AA6A-49CB-A6AE-4D9BC627A002,Ector County Hospital District,2023,BrdMem,,David,,Dunn,Board Member,,,,,0,,,,,,,
128138,103227490,F3FF97F3-AA6A-49CB-A6AE-4D9BC627A002,Ector County Hospital District,2023,BrdMem,,Bryn,,Dodd,Board Member,,,,,0,,,,,,,
128139,103227490,F3FF97F3-AA6A-49CB-A6AE-4D9BC627A002,Ector County Hospital District,2023,BrdMem,,Wallace,,Dunn,Board Member,,,,,0,,,,,,,
128140,103227490,F3FF97F3-AA6A-49CB-A6AE-4D9BC627A002,Ector County Hospital District,2023,BrdMem,,Richard,,Herrera,Board Member,,,,,0,,,,,,,
128141,103227490,F3FF97F3-AA6A-49CB-A6AE-4D9BC627A002,Ector County Hospital District,2023,BrdMem,,Don,,Hallmark,Board Member,,,,,0,,,,,,,
128142,103227490,F3FF97F3-AA6A-49CB-A6AE-4D9BC627A002,Ector County Hospital District,2023,BrdMem,,Mary Lou,,Anderson,Board Member,,,,,0,,,,,,,
128146,103227490,37E8DC7F-923C-4D8C-91D9-0CA16AFAD6F4,Ector County Hospital District,2024,BrdMem,,Richard,,Herrera,Board Member,,,,,0,,,,,,,
128147,103227490,37E8DC7F-923C-4D8C-91D9-0CA16AFAD6F4,Ector County Hospital District,2024,BrdMem,,David,,Dunn,Board Member,,,,,0,,,,,,,
128148,103227490,37E8DC7F-923C-4D8C-91D9-0CA16AFAD6F4,Ector County Hospital District,2024,BrdMem,,Don,,Hallmark,Board Member,,,,,0,,,,,,,
128149,103227490,37E8DC7F-923C-4D8C-91D9-0CA16AFAD6F4,Ector County Hospital District,2024,BrdMem,,Wallace,,Dunn,Board Member,,,,,0,,,,,,,
128150,103227490,37E8DC7F-923C-4D8C-91D9-0CA16AFAD6F4,Ector County Hospital District,2024,BrdMem,,Bryn,,Dodd,Board Member,,,,,0,,,,,,,
128151,103227490,37E8DC7F-923C-4D8C-91D9-0CA16AFAD6F4,Ector County Hospital District,2024,BrdMem,,Will,,Kappauf,Board Member,,,,,0,,,,,,,
128152,103227490,37E8DC7F-923C-4D8C-91D9-0CA16AFAD6F4,Ector County Hospital District,2024,BrdMem,,Kathy,,Rhodes,Board Member,,,,,0,,,,,,,
128156,103227490,48A980CB-0C8D-4E0F-898E-A32BB9F060F4,Ector County Hospital District,2025,BrdMem,,Richard,,Herrera,Board Member,,,,,0,,,,,,,
128157,103227490,48A980CB-0C8D-4E0F-898E-A32BB9F060F4,Ector County Hospital District,2025,BrdMem,,Wallace,,Dunn,Board Member,,,,,0,,,,,,,
128158,103227490,48A980CB-0C8D-4E0F-898E-A32BB9F060F4,Ector County Hospital District,2025,BrdMem,,Kathy,,Rhodes,Board Member,,,,,0,,,,,,,
128159,103227490,48A980CB-0C8D-4E0F-898E-A32BB9F060F4,Ector County Hospital District,2025,BrdMem,,Will,,Kappauf,Board Member,,,,,0,,,,,,,
128160,103227490,48A980CB-0C8D-4E0F-898E-A32BB9F060F4,Ector County Hospital District,2025,BrdMem,,Bryn,,Dodd,Board Member,,,,,0,,,,,,,
128161,103227490,48A980CB-0C8D-4E0F-898E-A32BB9F060F4,Ector County Hospital District,2025,BrdMem,,David,,Dunn,Board Member,,,,,0,,,,,,,
128162,103227490,48A980CB-0C8D-4E0F-898E-A32BB9F060F4,Ector County Hospital District,2025,BrdMem,,Don,,Hallmark,Board Member,,,,,0,,,,,,,
128166,103227490,3F0A537B-B026-441D-B5A0-5F2CD8A08C9D,Ector County Hospital District,2026,BrdMem,,Will,,Kappauf,Board Member,,,,,0,,,,,,,
128167,103227490,3F0A537B-B026-441D-B5A0-5F2CD8A08C9D,Ector County Hospital District,2026,BrdMem,,David,,Dunn,Board Member,,,,,0,,,,,,,
128168,103227490,3F0A537B-B026-441D-B5A0-5F2CD8A08C9D,Ector County Hospital District,2026,BrdMem,,Don,,Hallmark,Board Member,,,,,0,,,,,,,
128169,103227490,3F0A537B-B026-441D-B5A0-5F2CD8A08C9D,Ector County Hospital District,2026,BrdMem,,Wallace,,Dunn,Board Member,,,,,0,,,,,,,
128170,103227490,3F0A537B-B026-441D-B5A0-5F2CD8A08C9D,Ector County Hospital District,2026,BrdMem,,Sylvia,,Rodriguez,Board Member,,,,,0,,,,,,,
128171,103227490,3F0A537B-B026-441D-B5A0-5F2CD8A08C9D,Ector County Hospital District,2026,BrdMem,,Bryn,,Dodd,Board Member,,,,,0,,,,,,,
128172,103227490,3F0A537B-B026-441D-B5A0-5F2CD8A08C9D,Ector County Hospital District,2026,BrdMem,,Kathy,,Rhodes,Board Member,,,,,0,,,,,,,
128408,103227496,AB80C6A8-FBCA-48D0-8BC5-EA84732EA0DC,Harris County Emergency Services District #25,2018,BrdMem,,Carol King,,McGee,Secretary,,,,,0,,,,,,,
128409,103227496,AB80C6A8-FBCA-48D0-8BC5-EA84732EA0DC,Harris County Emergency Services District #25,2018,BrdMem,,Vester,,Melancon,Vice President,,,,,0,,,,,,,
128410,103227496,AB80C6A8-FBCA-48D0-8BC5-EA84732EA0DC,Harris County Emergency Services District #25,2018,BrdMem,,David,,Lindeen,Assistant Secretary,,,,,0,,,,,,,
128411,103227496,AB80C6A8-FBCA-48D0-8BC5-EA84732EA0DC,Harris County Emergency Services District #25,2018,BrdMem,,Shirley,,Cody,Treasurer,,,,,0,,,,,,,
128412,103227496,AB80C6A8-FBCA-48D0-8BC5-EA84732EA0DC,Harris County Emergency Services District #25,2018,BrdMem,,Royce,,Sunday,President,,,,,0,,,,,,,
128417,103227496,CC774687-6AC1-4EA7-809B-9A7E40F278A6,Harris County Emergency Services District #25,2019,BrdMem,,Royce,,Sunday,President,,,,,0,,,,,,,
128418,103227496,CC774687-6AC1-4EA7-809B-9A7E40F278A6,Harris County Emergency Services District #25,2019,BrdMem,,David,,Lindeen,Assistant Secretary,,,,,0,,,,,,,
128419,103227496,CC774687-6AC1-4EA7-809B-9A7E40F278A6,Harris County Emergency Services District #25,2019,BrdMem,,Vester,,Melancon,Vice President,,,,,0,,,,,,,
128420,103227496,CC774687-6AC1-4EA7-809B-9A7E40F278A6,Harris County Emergency Services District #25,2019,BrdMem,,Shirley,,Cody,Treasurer,,,,,0,,,,,,,
128421,103227496,CC774687-6AC1-4EA7-809B-9A7E40F278A6,Harris County Emergency Services District #25,2019,BrdMem,,Carol King,,McGee,Secretary,,,,,0,,,,,,,
128426,103227496,3A56A3D8-ECE3-4C7D-9F24-59BDE6D8F828,Harris County Emergency Services District #25,2020,BrdMem,,Shirley,,Cody,Treasurer,,,,,0,,,,,,,
128427,103227496,3A56A3D8-ECE3-4C7D-9F24-59BDE6D8F828,Harris County Emergency Services District #25,2020,BrdMem,,David,,Lindeen,Assistant Secretary,,,,,0,,,,,,,
128428,103227496,3A56A3D8-ECE3-4C7D-9F24-59BDE6D8F828,Harris County Emergency Services District #25,2020,BrdMem,,Royce,,Sunday,President,,,,,0,,,,,,,
128429,103227496,3A56A3D8-ECE3-4C7D-9F24-59BDE6D8F828,Harris County Emergency Services District #25,2020,BrdMem,,Vester,,Melancon,Vice President,,,,,0,,,,,,,
128430,103227496,3A56A3D8-ECE3-4C7D-9F24-59BDE6D8F828,Harris County Emergency Services District #25,2020,BrdMem,,Carol King,,McGee,Secretary,,,,,0,,,,,,,
128435,103227496,A4F6949A-E672-4214-BF96-E33B456A4CD8,Harris County Emergency Services District #25,2021,BrdMem,,David,,Lindeen,Assistant Secretary,,,,,0,,,,,,,
128436,103227496,A4F6949A-E672-4214-BF96-E33B456A4CD8,Harris County Emergency Services District #25,2021,BrdMem,,Carol King,,McGee,Secretary,,,,,0,,,,,,,
128437,103227496,A4F6949A-E672-4214-BF96-E33B456A4CD8,Harris County Emergency Services District #25,2021,BrdMem,,Shirley,,Cody,Treasurer,,,,,0,,,,,,,
128438,103227496,A4F6949A-E672-4214-BF96-E33B456A4CD8,Harris County Emergency Services District #25,2021,BrdMem,,Vester,,Melancon,Vice President,,,,,0,,,,,,,
128439,103227496,A4F6949A-E672-4214-BF96-E33B456A4CD8,Harris County Emergency Services District #25,2021,BrdMem,,Royce,,Sunday,President,,,,,0,,,,,,,
128444,103227496,2642B9F6-D24E-4FC0-99C1-32984CEE0D97,Harris County Emergency Services District #25,2022,BrdMem,,Royce,,Sunday,President,,,,,0,,,,,,,
128445,103227496,2642B9F6-D24E-4FC0-99C1-32984CEE0D97,Harris County Emergency Services District #25,2022,BrdMem,,Shirley,,Cody,Treasurer,,,,,0,,,,,,,
128446,103227496,2642B9F6-D24E-4FC0-99C1-32984CEE0D97,Harris County Emergency Services District #25,2022,BrdMem,,Vester,,Melancon,Vice President,,,,,0,,,,,,,
128447,103227496,2642B9F6-D24E-4FC0-99C1-32984CEE0D97,Harris County Emergency Services District #25,2022,BrdMem,,Carol King,,McGee,Secretary,,,,,0,,,,,,,
128448,103227496,2642B9F6-D24E-4FC0-99C1-32984CEE0D97,Harris County Emergency Services District #25,2022,BrdMem,,David,,Lindeen,Assistant Secretary,,,,,0,,,,,,,
128453,103227496,6E745D2D-43D3-4F60-9B00-AB0DF1915AD4,Harris County Emergency Services District #25,2023,BrdMem,,Shirley,,Cody,Treasurer,,,,,0,,,,,,,
128454,103227496,6E745D2D-43D3-4F60-9B00-AB0DF1915AD4,Harris County Emergency Services District #25,2023,BrdMem,,Carol King,,McGee,Secretary,,,,,0,,,,,,,
128455,103227496,6E745D2D-43D3-4F60-9B00-AB0DF1915AD4,Harris County Emergency Services District #25,2023,BrdMem,,Vester,,Melancon,Vice President,,,,,0,,,,,,,
128456,103227496,6E745D2D-43D3-4F60-9B00-AB0DF1915AD4,Harris County Emergency Services District #25,2023,BrdMem,,David,,Lindeen,Assistant Secretary,,,,,0,,,,,,,
128457,103227496,6E745D2D-43D3-4F60-9B00-AB0DF1915AD4,Harris County Emergency Services District #25,2023,BrdMem,,Royce,,Sunday,President,,,,,0,,,,,,,
128462,103227496,A05F07FA-436A-45A8-9553-8FFF71DFA8ED,Harris County Emergency Services District #25,2024,BrdMem,,Vester,,Melancon,Vice President,,,,,0,,,,,,,
128463,103227496,A05F07FA-436A-45A8-9553-8FFF71DFA8ED,Harris County Emergency Services District #25,2024,BrdMem,,Royce,,Sunday,President,,,,,0,,,,,,,
128464,103227496,A05F07FA-436A-45A8-9553-8FFF71DFA8ED,Harris County Emergency Services District #25,2024,BrdMem,,David,,Lindeen,Assistant Secretary,,,,,0,,,,,,,
128465,103227496,A05F07FA-436A-45A8-9553-8FFF71DFA8ED,Harris County Emergency Services District #25,2024,BrdMem,,Carol King,,McGee,Secretary,,,,,0,,,,,,,
128466,103227496,A05F07FA-436A-45A8-9553-8FFF71DFA8ED,Harris County Emergency Services District #25,2024,BrdMem,,Shirley,,Cody,Treasurer,,,,,0,,,,,,,
128471,103227496,9F61382E-4D7E-4727-A2C9-5B23E024FF04,Harris County Emergency Services District #25,2025,BrdMem,,Shirley,,Cody,Treasurer,,,,,0,,,,,,,
128472,103227496,9F61382E-4D7E-4727-A2C9-5B23E024FF04,Harris County Emergency Services District #25,2025,BrdMem,,Carol King,,McGee,Secretary,,,,,0,,,,,,,
128473,103227496,9F61382E-4D7E-4727-A2C9-5B23E024FF04,Harris County Emergency Services District #25,2025,BrdMem,,David,,Lindeen,Assistant Secretary,,,,,0,,,,,,,
128474,103227496,9F61382E-4D7E-4727-A2C9-5B23E024FF04,Harris County Emergency Services District #25,2025,BrdMem,,Royce,,Sunday,President,,,,,0,,,,,,,
128475,103227496,9F61382E-4D7E-4727-A2C9-5B23E024FF04,Harris County Emergency Services District #25,2025,BrdMem,,Vester,,Melancon,Vice President,,,,,0,,,,,,,
128480,103227496,DD74BE0C-227B-4FD6-823D-868578C11297,Harris County Emergency Services District #25,2026,BrdMem,,David,,Lindeen,Assistant Secretary,,,,,0,,,,,,,
128481,103227496,DD74BE0C-227B-4FD6-823D-868578C11297,Harris County Emergency Services District #25,2026,BrdMem,,Vester,,Melancon,Vice President,,,,,0,,,,,,,
128482,103227496,DD74BE0C-227B-4FD6-823D-868578C11297,Harris County Emergency Services District #25,2026,BrdMem,,Royce,,Sunday,President,,,,,0,,,,,,,
128483,103227496,DD74BE0C-227B-4FD6-823D-868578C11297,Harris County Emergency Services District #25,2026,BrdMem,,Carol King,,McGee,Secretary,,,,,0,,,,,,,
128484,103227496,DD74BE0C-227B-4FD6-823D-868578C11297,Harris County Emergency Services District #25,2026,BrdMem,,Shirley,,Cody,Treasurer,,,,,0,,,,,,,
129011,103227503,1FB8F081-1E49-4602-ADD0-1372E4C158B0,Harris County Emergency Services District #48,2018,BrdMem,,Russell,,Solomon,Secretary,,,,,0,,,,,,,
129012,103227503,1FB8F081-1E49-4602-ADD0-1372E4C158B0,Harris County Emergency Services District #48,2018,BrdMem,,Bret,,Fossum,Vice President,,,,,0,,,,,,,
129013,103227503,1FB8F081-1E49-4602-ADD0-1372E4C158B0,Harris County Emergency Services District #48,2018,BrdMem,,Michael,,Fleming,Commissioner,,,,,0,,,,,,,
129014,103227503,1FB8F081-1E49-4602-ADD0-1372E4C158B0,Harris County Emergency Services District #48,2018,BrdMem,,Samuel Colbert,,Henderson,Treasurer,,,,,0,,,,,,,
129015,103227503,1FB8F081-1E49-4602-ADD0-1372E4C158B0,Harris County Emergency Services District #48,2018,BrdMem,,Marshall,,Kramer,President,,,,,0,,,,,,,
129020,103227503,94D50030-E75E-40BD-8FE5-235652873882,Harris County Emergency Services District #48,2019,BrdMem,,Bret,,Fossum,Vice President,,,,,0,,,,,,,
129021,103227503,94D50030-E75E-40BD-8FE5-235652873882,Harris County Emergency Services District #48,2019,BrdMem,,Russell,,Solomon,Secretary,,,,,0,,,,,,,
129022,103227503,94D50030-E75E-40BD-8FE5-235652873882,Harris County Emergency Services District #48,2019,BrdMem,,Marshall,,Kramer,President,,,,,0,,,,,,,
129023,103227503,94D50030-E75E-40BD-8FE5-235652873882,Harris County Emergency Services District #48,2019,BrdMem,,Samuel Colbert,,Henderson,Treasurer,,,,,0,,,,,,,
129024,103227503,94D50030-E75E-40BD-8FE5-235652873882,Harris County Emergency Services District #48,2019,BrdMem,,Michael,,Fleming,Commissioner,,,,,0,,,,,,,
129029,103227503,397F94CA-A43A-485E-801E-79B2DFCB5B1B,Harris County Emergency Services District #48,2020,BrdMem,,Bret,,Fossum,Vice President,,,,,0,,,,,,,
129030,103227503,397F94CA-A43A-485E-801E-79B2DFCB5B1B,Harris County Emergency Services District #48,2020,BrdMem,,Marshall,,Kramer,President,,,,,0,,,,,,,
129031,103227503,397F94CA-A43A-485E-801E-79B2DFCB5B1B,Harris County Emergency Services District #48,2020,BrdMem,,Michael,,Fleming,Commissioner,,,,,0,,,,,,,
129032,103227503,397F94CA-A43A-485E-801E-79B2DFCB5B1B,Harris County Emergency Services District #48,2020,BrdMem,,Russell,,Solomon,Secretary,,,,,0,,,,,,,
129033,103227503,397F94CA-A43A-485E-801E-79B2DFCB5B1B,Harris County Emergency Services District #48,2020,BrdMem,,Samuel Colbert,,Henderson,Treasurer,,,,,0,,,,,,,
129038,103227503,3EDA2355-2E15-4A29-9125-37A5B2DC4717,Harris County Emergency Services District #48,2021,BrdMem,,Michael,,Fleming,Commissioner,,,,,0,,,,,,,
129039,103227503,3EDA2355-2E15-4A29-9125-37A5B2DC4717,Harris County Emergency Services District #48,2021,BrdMem,,Bret,,Fossum,Vice President,,,,,0,,,,,,,
129040,103227503,3EDA2355-2E15-4A29-9125-37A5B2DC4717,Harris County Emergency Services District #48,2021,BrdMem,,Russell,,Solomon,Secretary,,,,,0,,,,,,,
129041,103227503,3EDA2355-2E15-4A29-9125-37A5B2DC4717,Harris County Emergency Services District #48,2021,BrdMem,,Samuel Colbert,,Henderson,Treasurer,,,,,0,,,,,,,
129042,103227503,3EDA2355-2E15-4A29-9125-37A5B2DC4717,Harris County Emergency Services District #48,2021,BrdMem,,Marshall,,Kramer,President,,,,,0,,,,,,,
129047,103227503,D0722F54-E31E-4D2A-A34C-3EBDAAF7759A,Harris County Emergency Services District #48,2022,BrdMem,,Samuel Colbert,,Henderson,Treasurer,,,,,0,,,,,,,
129048,103227503,D0722F54-E31E-4D2A-A34C-3EBDAAF7759A,Harris County Emergency Services District #48,2022,BrdMem,,Mike,,Fleming,Assistant Treasurer,,,,,0,,,,,,,
129049,103227503,D0722F54-E31E-4D2A-A34C-3EBDAAF7759A,Harris County Emergency Services District #48,2022,BrdMem,,Marshall,,Kramer,Vice-President,,,,,0,,,,,,,
129050,103227503,D0722F54-E31E-4D2A-A34C-3EBDAAF7759A,Harris County Emergency Services District #48,2022,BrdMem,,Bret,,Fossum,President,,,,,0,,,,,,,
129051,103227503,D0722F54-E31E-4D2A-A34C-3EBDAAF7759A,Harris County Emergency Services District #48,2022,BrdMem,,Russell,,Solomon,Secretary,,,,,0,,,,,,,
129056,103227503,F0B981B0-294D-48F9-AE6A-2B7F396D5954,Harris County Emergency Services District #48,2023,BrdMem,,Pattie,,Creel,Asst Sec-Treas,,,,,0,,,,,,,
129057,103227503,F0B981B0-294D-48F9-AE6A-2B7F396D5954,Harris County Emergency Services District #48,2023,BrdMem,,Scott,,Strait,Secretary,,,,,0,,,,,,,
129058,103227503,F0B981B0-294D-48F9-AE6A-2B7F396D5954,Harris County Emergency Services District #48,2023,BrdMem,,Mike,,Fleming,Treasurer,,,,,0,,,,,,,
129059,103227503,F0B981B0-294D-48F9-AE6A-2B7F396D5954,Harris County Emergency Services District #48,2023,BrdMem,,Russell,,Solomon,Vice President,,,,,0,,,,,,,
129060,103227503,F0B981B0-294D-48F9-AE6A-2B7F396D5954,Harris County Emergency Services District #48,2023,BrdMem,,Sam,,Henderson,President,,,,,0,,,,,,,
129065,103227503,765084EF-482A-4D1B-91CA-19C71AD2236E,Harris County Emergency Services District #48,2024,BrdMem,,Russell,,Solomon,Vice President,,,,,0,,,,,,,
129066,103227503,765084EF-482A-4D1B-91CA-19C71AD2236E,Harris County Emergency Services District #48,2024,BrdMem,,Scott,,Strait,Secretary,,,,,0,,,,,,,
129067,103227503,765084EF-482A-4D1B-91CA-19C71AD2236E,Harris County Emergency Services District #48,2024,BrdMem,,Mike,,Fleming,Treasurer,,,,,0,,,,,,,
129068,103227503,765084EF-482A-4D1B-91CA-19C71AD2236E,Harris County Emergency Services District #48,2024,BrdMem,,Pattie,,Creel,Asst Sec-Treas,,,,,0,,,,,,,
129069,103227503,765084EF-482A-4D1B-91CA-19C71AD2236E,Harris County Emergency Services District #48,2024,BrdMem,,Sam,,Henderson,President,,,,,0,,,,,,,
129074,103227503,D4B19FA4-21EA-4FE8-BD34-8A625BF84DFE,Harris County Emergency Services District #48,2025,BrdMem,,Pattie,,Creel,Vice President,,,,,0,,,,,,,
129075,103227503,D4B19FA4-21EA-4FE8-BD34-8A625BF84DFE,Harris County Emergency Services District #48,2025,BrdMem,,Sam,,Henderson,Secretary,,,,,0,,,,,,,
129076,103227503,D4B19FA4-21EA-4FE8-BD34-8A625BF84DFE,Harris County Emergency Services District #48,2025,BrdMem,,Mike,,Fleming,Asst. Secretary,,,,,0,,,,,,,
129077,103227503,D4B19FA4-21EA-4FE8-BD34-8A625BF84DFE,Harris County Emergency Services District #48,2025,BrdMem,,Don,,Pannell,Treasurer,,,,,0,,,,,,,
129078,103227503,D4B19FA4-21EA-4FE8-BD34-8A625BF84DFE,Harris County Emergency Services District #48,2025,BrdMem,,Scott,,Strait,President,,,,,0,,,,,,,
129083,103227503,CFFF9AF3-9578-418C-AD68-7484C536FD65,Harris County Emergency Services District #48,2026,BrdMem,,Sam,,Henderson,Secretary,,,,,0,,,,,,,
129084,103227503,CFFF9AF3-9578-418C-AD68-7484C536FD65,Harris County Emergency Services District #48,2026,BrdMem,,Don,,Pannell,Treasurer,,,,,0,,,,,,,
129085,103227503,CFFF9AF3-9578-418C-AD68-7484C536FD65,Harris County Emergency Services District #48,2026,BrdMem,,Pattie,,Creel,Vice President,,,,,0,,,,,,,
129086,103227503,CFFF9AF3-9578-418C-AD68-7484C536FD65,Harris County Emergency Services District #48,2026,BrdMem,,Scott,,Strait,President,,,,,0,,,,,,,
129087,103227503,CFFF9AF3-9578-418C-AD68-7484C536FD65,Harris County Emergency Services District #48,2026,BrdMem,,Mike,,Fleming,Asst. Secretary,,,,,0,,,,,,,
129128,103227505,FCC74C80-9B6B-493B-9483-5103413C0370,Harris County Emergency Services District #15,2018,BrdMem,,Barbara,,Seber,Treasurer,,,,,0,,,,,,,
129129,103227505,FCC74C80-9B6B-493B-9483-5103413C0370,Harris County Emergency Services District #15,2018,BrdMem,,Terry,,Whistler,Secretary,,,,,0,,,,,,,
129130,103227505,FCC74C80-9B6B-493B-9483-5103413C0370,Harris County Emergency Services District #15,2018,BrdMem,,Larry,,Fisher,Assistant Treasurer,,,,,0,,,,,,,
129131,103227505,FCC74C80-9B6B-493B-9483-5103413C0370,Harris County Emergency Services District #15,2018,BrdMem,,Charles,,Hall,President,,,,,0,,,,,,,
129132,103227505,FCC74C80-9B6B-493B-9483-5103413C0370,Harris County Emergency Services District #15,2018,BrdMem,,Buddy,,Roth,Vice President,,,,,0,,,,,,,
129137,103227505,E47B62E5-70E5-41EE-A9AA-41EB1BAA75EA,Harris County Emergency Services District #15,2019,BrdMem,,Larry,,Fisher,Assistant Treasurer,,,,,0,,,,,,,
129138,103227505,E47B62E5-70E5-41EE-A9AA-41EB1BAA75EA,Harris County Emergency Services District #15,2019,BrdMem,,Buddy,,Roth,Vice President,,,,,0,,,,,,,
129139,103227505,E47B62E5-70E5-41EE-A9AA-41EB1BAA75EA,Harris County Emergency Services District #15,2019,BrdMem,,Terry,,Whistler,Secretary,,,,,0,,,,,,,
129140,103227505,E47B62E5-70E5-41EE-A9AA-41EB1BAA75EA,Harris County Emergency Services District #15,2019,BrdMem,,Barbara,,Seber,Treasurer,,,,,0,,,,,,,
129145,103227505,71CFC0CE-FE7F-4667-91A3-63E41F4AB607,Harris County Emergency Services District #15,2020,BrdMem,,Terry,,Whistler,Secretary,,,,,0,,,,,,,
129146,103227505,71CFC0CE-FE7F-4667-91A3-63E41F4AB607,Harris County Emergency Services District #15,2020,BrdMem,,Buddy,,Roth,President,,,,,0,,,,,,,
129147,103227505,71CFC0CE-FE7F-4667-91A3-63E41F4AB607,Harris County Emergency Services District #15,2020,BrdMem,,Karl,,Sagstetter,Commissioner,,,,,0,,,,,,,
129148,103227505,71CFC0CE-FE7F-4667-91A3-63E41F4AB607,Harris County Emergency Services District #15,2020,BrdMem,,Larry,,Fisher,Assistant Treasurer,,,,,0,,,,,,,
129149,103227505,71CFC0CE-FE7F-4667-91A3-63E41F4AB607,Harris County Emergency Services District #15,2020,BrdMem,,Barbara,,Seber,Treasurer,,,,,0,,,,,,,
129154,103227505,3CF1CD72-0D60-4C5B-A5E0-25B7B397FE49,Harris County Emergency Services District #15,2021,BrdMem,,Larry,,Fisher,Vice President,,,,,0,,,,,,,
129155,103227505,3CF1CD72-0D60-4C5B-A5E0-25B7B397FE49,Harris County Emergency Services District #15,2021,BrdMem,,Buddy,,Roth,President,,,,,0,,,,,,,
129156,103227505,3CF1CD72-0D60-4C5B-A5E0-25B7B397FE49,Harris County Emergency Services District #15,2021,BrdMem,,Barbara,,Seber,Treasurer,,,,,0,,,,,,,
129157,103227505,3CF1CD72-0D60-4C5B-A5E0-25B7B397FE49,Harris County Emergency Services District #15,2021,BrdMem,,Bear,,Wilson,Commissioner,,,,,0,,,,,,,
129158,103227505,3CF1CD72-0D60-4C5B-A5E0-25B7B397FE49,Harris County Emergency Services District #15,2021,BrdMem,,Terry,,Whistler,Secretary,,,,,0,,,,,,,
129163,103227505,6F37E753-BBAF-4A80-9854-3DE554B95DDD,Harris County Emergency Services District #15,2022,BrdMem,,Bear,,Wilson,Assistant Treasurer,,,,,0,,,,,,,
129164,103227505,6F37E753-BBAF-4A80-9854-3DE554B95DDD,Harris County Emergency Services District #15,2022,BrdMem,,Buddy,,Roth,President,,,,,0,,,,,,,
129165,103227505,6F37E753-BBAF-4A80-9854-3DE554B95DDD,Harris County Emergency Services District #15,2022,BrdMem,,Barbara,,Seber,Treasurer,,,,,0,,,,,,,
129166,103227505,6F37E753-BBAF-4A80-9854-3DE554B95DDD,Harris County Emergency Services District #15,2022,BrdMem,,Larry,,Fisher,Vice President,,,,,0,,,,,,,
129167,103227505,6F37E753-BBAF-4A80-9854-3DE554B95DDD,Harris County Emergency Services District #15,2022,BrdMem,,Terry,,Whistler,Secretary,,,,,0,,,,,,,
129172,103227505,A8CF7130-582F-4B94-85CC-1B811482BF2F,Harris County Emergency Services District #15,2023,BrdMem,,Larry,,Fisher,Secretary,,,,,0,,,,,,,
129173,103227505,A8CF7130-582F-4B94-85CC-1B811482BF2F,Harris County Emergency Services District #15,2023,BrdMem,,Bear,,Wilson,Assistant Treasurer,,,,,0,,,,,,,
129174,103227505,A8CF7130-582F-4B94-85CC-1B811482BF2F,Harris County Emergency Services District #15,2023,BrdMem,,Terry,,Whistler,President,,,,,0,,,,,,,
129175,103227505,A8CF7130-582F-4B94-85CC-1B811482BF2F,Harris County Emergency Services District #15,2023,BrdMem,,Karl,,Sagstetter,Vice President,,,,,0,,,,,,,
129176,103227505,A8CF7130-582F-4B94-85CC-1B811482BF2F,Harris County Emergency Services District #15,2023,BrdMem,,Barbara,,Seber,Treasurer,,,,,0,,,,,,,
129181,103227505,2A5F4A23-84A3-4728-BF90-FD9A2C68D347,Harris County Emergency Services District #15,2024,BrdMem,,Larry,,Fisher,Secretary,,,,,0,,,,,,,
129182,103227505,2A5F4A23-84A3-4728-BF90-FD9A2C68D347,Harris County Emergency Services District #15,2024,BrdMem,,Barbara,,Seber,Treasurer,,,,,0,,,,,,,
129183,103227505,2A5F4A23-84A3-4728-BF90-FD9A2C68D347,Harris County Emergency Services District #15,2024,BrdMem,,Terry,,Whistler,President,,,,,0,,,,,,,
129184,103227505,2A5F4A23-84A3-4728-BF90-FD9A2C68D347,Harris County Emergency Services District #15,2024,BrdMem,,Karl,,Sagstetter,Vice President,,,,,0,,,,,,,
129185,103227505,2A5F4A23-84A3-4728-BF90-FD9A2C68D347,Harris County Emergency Services District #15,2024,BrdMem,,Bear,,Wilson,Assistant Treasurer,,,,,0,,,,,,,
129190,103227505,C5B562EE-87E8-40A7-8256-BC420B58F0AE,Harris County Emergency Services District #15,2025,BrdMem,,Terry,,Whistler,President,,,,,0,,,,,,,
129191,103227505,C5B562EE-87E8-40A7-8256-BC420B58F0AE,Harris County Emergency Services District #15,2025,BrdMem,,Karl,,Sagstetter,Vice President,,,,,0,,,,,,,
129192,103227505,C5B562EE-87E8-40A7-8256-BC420B58F0AE,Harris County Emergency Services District #15,2025,BrdMem,,Larry,,Fisher,Secretary,,,,,0,,,,,,,
129193,103227505,C5B562EE-87E8-40A7-8256-BC420B58F0AE,Harris County Emergency Services District #15,2025,BrdMem,,Bear,,Wilson,Assistant Treasurer,,,,,0,,,,,,,
129194,103227505,C5B562EE-87E8-40A7-8256-BC420B58F0AE,Harris County Emergency Services District #15,2025,BrdMem,,Barbara,,Seber,Treasurer,,,,,0,,,,,,,
129199,103227505,67EA0E04-01E2-450D-8B5D-32B0A416F5F2,Harris County Emergency Services District #15,2026,BrdMem,,Bear,,Wilson,Assistant Treasurer,,,,,0,,,,,,,
129200,103227505,67EA0E04-01E2-450D-8B5D-32B0A416F5F2,Harris County Emergency Services District #15,2026,BrdMem,,Barbara,,Seber,Treasurer,,,,,0,,,,,,,
129201,103227505,67EA0E04-01E2-450D-8B5D-32B0A416F5F2,Harris County Emergency Services District #15,2026,BrdMem,,Larry,,Fisher,Secretary,,,,,0,,,,,,,
129202,103227505,67EA0E04-01E2-450D-8B5D-32B0A416F5F2,Harris County Emergency Services District #15,2026,BrdMem,,Karl,,Sagstetter,Vice President,,,,,0,,,,,,,
129203,103227505,67EA0E04-01E2-450D-8B5D-32B0A416F5F2,Harris County Emergency Services District #15,2026,BrdMem,,Terry,,Whistler,President,,,,,0,,,,,,,
131865,103227562,150F3F2F-29DF-4C58-A14D-CBA75F5BF0A9,Swisher Memorial Hospital District,2018,BrdMem,,Timothy,,McAtee,Member,,,,,0,,,,,,,
131866,103227562,150F3F2F-29DF-4C58-A14D-CBA75F5BF0A9,Swisher Memorial Hospital District,2018,BrdMem,,Linda,,Gales,Secretary,,,,,0,,,,,,,
131867,103227562,150F3F2F-29DF-4C58-A14D-CBA75F5BF0A9,Swisher Memorial Hospital District,2018,BrdMem,,Joshua,,Moore,Chairman,,,,,0,,,,,,,
131868,103227562,150F3F2F-29DF-4C58-A14D-CBA75F5BF0A9,Swisher Memorial Hospital District,2018,BrdMem,,Gwynn Ann,,Shannon,Vice Chairman,,,,,0,,,,,,,
131869,103227562,150F3F2F-29DF-4C58-A14D-CBA75F5BF0A9,Swisher Memorial Hospital District,2018,BrdMem,,Kelly,,House,Member,,,,,0,,,,,,,
131873,103227562,9AC0F693-ECDA-4CB0-8924-9F7D9F68B351,Swisher Memorial Hospital District,2019,BrdMem,,Gwynn Ann,,Shannon,Vice Chairman,,,,,0,,,,,,,
131874,103227562,9AC0F693-ECDA-4CB0-8924-9F7D9F68B351,Swisher Memorial Hospital District,2019,BrdMem,,Joshua,,Moore,Chairman,,,,,0,,,,,,,
131875,103227562,9AC0F693-ECDA-4CB0-8924-9F7D9F68B351,Swisher Memorial Hospital District,2019,BrdMem,,Linda,,Gales,Secretary,,,,,0,,,,,,,
131876,103227562,9AC0F693-ECDA-4CB0-8924-9F7D9F68B351,Swisher Memorial Hospital District,2019,BrdMem,,Timothy,,McAtee,Member,,,,,0,,,,,,,
131877,103227562,9AC0F693-ECDA-4CB0-8924-9F7D9F68B351,Swisher Memorial Hospital District,2019,BrdMem,,Kelly,,House,Member,,,,,0,,,,,,,
131881,103227562,0A15FCD5-F600-4861-BFBE-586E2E00379F,Swisher Memorial Hospital District,2020,BrdMem,,Timothy,,McAtee,Member,,,,,0,,,,,,,
131882,103227562,0A15FCD5-F600-4861-BFBE-586E2E00379F,Swisher Memorial Hospital District,2020,BrdMem,,Linda,,Gales,Secretary,,,,,0,,,,,,,
131883,103227562,0A15FCD5-F600-4861-BFBE-586E2E00379F,Swisher Memorial Hospital District,2020,BrdMem,,Gwynn Ann,,Shannon,Vice Chairman,,,,,0,,,,,,,
131884,103227562,0A15FCD5-F600-4861-BFBE-586E2E00379F,Swisher Memorial Hospital District,2020,BrdMem,,Kelly,,House,Member,,,,,0,,,,,,,
131885,103227562,0A15FCD5-F600-4861-BFBE-586E2E00379F,Swisher Memorial Hospital District,2020,BrdMem,,Joshua,,Moore,Chairman,,,,,0,,,,,,,
131889,103227562,1E4EA2F4-DACC-455A-B3CF-726E846B5A9B,Swisher Memorial Hospital District,2021,BrdMem,,Brando,,Franco,Vice Chairman,,,,,0,,,,,,,
131890,103227562,1E4EA2F4-DACC-455A-B3CF-726E846B5A9B,Swisher Memorial Hospital District,2021,BrdMem,,Kelly,,House,Member,,,,,0,,,,,,,
131891,103227562,1E4EA2F4-DACC-455A-B3CF-726E846B5A9B,Swisher Memorial Hospital District,2021,BrdMem,,Linda,,Gales,Secretary,,,,,0,,,,,,,
131892,103227562,1E4EA2F4-DACC-455A-B3CF-726E846B5A9B,Swisher Memorial Hospital District,2021,BrdMem,,Joshua,,Moore,Chairman,,,,,0,,,,,,,
131896,103227562,28B168ED-27CF-4B48-A6FF-B42ED161BBCB,Swisher Memorial Hospital District,2022,BrdMem,,Linda,,Gales,Secretary,,,,,0,,,,,,,
131897,103227562,28B168ED-27CF-4B48-A6FF-B42ED161BBCB,Swisher Memorial Hospital District,2022,BrdMem,,Brando,,Franco,Vice Chairman,,,,,0,,,,,,,
131898,103227562,28B168ED-27CF-4B48-A6FF-B42ED161BBCB,Swisher Memorial Hospital District,2022,BrdMem,,Joshua,,Moore,Chairman,,,,,0,,,,,,,
131899,103227562,28B168ED-27CF-4B48-A6FF-B42ED161BBCB,Swisher Memorial Hospital District,2022,BrdMem,,Kyle,,Schmalzried,Member,,,,,0,,,,,,,
131903,103227562,B2ADD2D2-19F3-42F4-9951-A7FEF0C70CC8,Swisher Memorial Hospital District,2023,BrdMem,,Eric,,Rodriguez,Member,,,,,0,,,,,,,
131904,103227562,B2ADD2D2-19F3-42F4-9951-A7FEF0C70CC8,Swisher Memorial Hospital District,2023,BrdMem,,Linda,,Gales,Secretary,,,,,0,,,,,,,
131905,103227562,B2ADD2D2-19F3-42F4-9951-A7FEF0C70CC8,Swisher Memorial Hospital District,2023,BrdMem,,Kyle,,Schmalzried,Chairman,,,,,0,,,,,,,
131906,103227562,B2ADD2D2-19F3-42F4-9951-A7FEF0C70CC8,Swisher Memorial Hospital District,2023,BrdMem,,Mike,,Goss,Vice Chair,,,,,0,,,,,,,
131910,103227562,88D09C3E-649C-4E8C-94BC-D69FD33B38E3,Swisher Memorial Hospital District,2024,BrdMem,,Eric,,Rodriguez,Member,,,,,0,,,,,,,
131911,103227562,88D09C3E-649C-4E8C-94BC-D69FD33B38E3,Swisher Memorial Hospital District,2024,BrdMem,,Linda,,Gales,Secretary,,,,,0,,,,,,,
131912,103227562,88D09C3E-649C-4E8C-94BC-D69FD33B38E3,Swisher Memorial Hospital District,2024,BrdMem,,Mike,,Goss,Vice Chair,,,,,0,,,,,,,
131913,103227562,88D09C3E-649C-4E8C-94BC-D69FD33B38E3,Swisher Memorial Hospital District,2024,BrdMem,,Toby,,Brown,Member,,,,,0,,,,,,,
131914,103227562,88D09C3E-649C-4E8C-94BC-D69FD33B38E3,Swisher Memorial Hospital District,2024,BrdMem,,Kyle,,Schmalzried,Chairman,,,,,0,,,,,,,
131918,103227562,7554B52B-157D-4C5B-AD2F-D276E8591B94,Swisher Memorial Hospital District,2025,BrdMem,,Eric,,Rodriguez,Member,,,,,0,,,,,,,
131919,103227562,7554B52B-157D-4C5B-AD2F-D276E8591B94,Swisher Memorial Hospital District,2025,BrdMem,,Kyle,,Schmalzried,Chairman,,,,,0,,,,,,,
131920,103227562,7554B52B-157D-4C5B-AD2F-D276E8591B94,Swisher Memorial Hospital District,2025,BrdMem,,Mike,,Goss,Vice Chair,,,,,0,,,,,,,
131921,103227562,7554B52B-157D-4C5B-AD2F-D276E8591B94,Swisher Memorial Hospital District,2025,BrdMem,,Toby,,Brown,Member,,,,,0,,,,,,,
131922,103227562,7554B52B-157D-4C5B-AD2F-D276E8591B94,Swisher Memorial Hospital District,2025,BrdMem,,Linda,,Gales,Secretary,,,,,0,,,,,,,
131926,103227562,D61453F1-A2C5-4BE3-A9F1-2470561B90F6,Swisher Memorial Hospital District,2026,BrdMem,,Mike,,Goss,Vice Chair,,,,,0,,,,,,,
131927,103227562,D61453F1-A2C5-4BE3-A9F1-2470561B90F6,Swisher Memorial Hospital District,2026,BrdMem,,Kyle,,Schmalzried,Chairman,,,,,0,,,,,,,
131928,103227562,D61453F1-A2C5-4BE3-A9F1-2470561B90F6,Swisher Memorial Hospital District,2026,BrdMem,,Eric,,Rodriguez,Member,,,,,0,,,,,,,
131929,103227562,D61453F1-A2C5-4BE3-A9F1-2470561B90F6,Swisher Memorial Hospital District,2026,BrdMem,,Toby,,Brown,Member,,,,,0,,,,,,,
133186,103227590,9DAF2F79-E71F-47B4-A5BB-4ACABCB1C675,Ballinger Memorial Hospital District,2018,BrdMem,,Ben,,Clayton,Secretary,,,,,0,,,,,,,
133187,103227590,9DAF2F79-E71F-47B4-A5BB-4ACABCB1C675,Ballinger Memorial Hospital District,2018,BrdMem,,Debbie,,Mattingley,Member,,,,,0,,,,,,,
133188,103227590,9DAF2F79-E71F-47B4-A5BB-4ACABCB1C675,Ballinger Memorial Hospital District,2018,BrdMem,,Sandra,,Clack,Member,,,,,0,,,,,,,
133189,103227590,9DAF2F79-E71F-47B4-A5BB-4ACABCB1C675,Ballinger Memorial Hospital District,2018,BrdMem,,Mike,,Dankworth,Chairperson,,,,,0,,,,,,,
133190,103227590,9DAF2F79-E71F-47B4-A5BB-4ACABCB1C675,Ballinger Memorial Hospital District,2018,BrdMem,,Bryan,,Jennings,Member,,,,,0,,,,,,,
133191,103227590,9DAF2F79-E71F-47B4-A5BB-4ACABCB1C675,Ballinger Memorial Hospital District,2018,BrdMem,,Bill,,Hunter,Vice-Chairperson,,,,,0,,,,,,,
133192,103227590,9DAF2F79-E71F-47B4-A5BB-4ACABCB1C675,Ballinger Memorial Hospital District,2018,BrdMem,,David,,Cowart,Member,,,,,0,,,,,,,
133196,103227590,AF64F435-4999-45DF-84ED-8C8FB64CFD0F,Ballinger Memorial Hospital District,2019,BrdMem,,Ben,,Clayton,Secretary,,,,,0,,,,,,,
133197,103227590,AF64F435-4999-45DF-84ED-8C8FB64CFD0F,Ballinger Memorial Hospital District,2019,BrdMem,,Mike,,Dankworth,Chairperson,,,,,0,,,,,,,
133198,103227590,AF64F435-4999-45DF-84ED-8C8FB64CFD0F,Ballinger Memorial Hospital District,2019,BrdMem,,Sandra,,Clack,Member,,,,,0,,,,,,,
133199,103227590,AF64F435-4999-45DF-84ED-8C8FB64CFD0F,Ballinger Memorial Hospital District,2019,BrdMem,,Bill,,Hunter,Vice-Chairperson,,,,,0,,,,,,,
133200,103227590,AF64F435-4999-45DF-84ED-8C8FB64CFD0F,Ballinger Memorial Hospital District,2019,BrdMem,,David,,Cowart,Member,,,,,0,,,,,,,
133201,103227590,AF64F435-4999-45DF-84ED-8C8FB64CFD0F,Ballinger Memorial Hospital District,2019,BrdMem,,Debbie,,Mattingley,Member,,,,,0,,,,,,,
133202,103227590,AF64F435-4999-45DF-84ED-8C8FB64CFD0F,Ballinger Memorial Hospital District,2019,BrdMem,,Bryan,,Jennings,Member,,,,,0,,,,,,,
133206,103227590,AD214764-8105-4D0B-8A16-747C6F24CA22,Ballinger Memorial Hospital District,2020,BrdMem,,Debbie,,Mattingley,Member,,,,,0,,,,,,,
133207,103227590,AD214764-8105-4D0B-8A16-747C6F24CA22,Ballinger Memorial Hospital District,2020,BrdMem,,Bryan,,Jennings,Member,,,,,0,,,,,,,
133208,103227590,AD214764-8105-4D0B-8A16-747C6F24CA22,Ballinger Memorial Hospital District,2020,BrdMem,,Ben,,Clayton,Secretary,,,,,0,,,,,,,
133209,103227590,AD214764-8105-4D0B-8A16-747C6F24CA22,Ballinger Memorial Hospital District,2020,BrdMem,,Bradley,,Bundrant,Member,,,,,0,,,,,,,
133210,103227590,AD214764-8105-4D0B-8A16-747C6F24CA22,Ballinger Memorial Hospital District,2020,BrdMem,,Bill,,Hunter,Vice-Chairperson,,,,,0,,,,,,,
133211,103227590,AD214764-8105-4D0B-8A16-747C6F24CA22,Ballinger Memorial Hospital District,2020,BrdMem,,David,,Cowart,Member,,,,,0,,,,,,,
133212,103227590,AD214764-8105-4D0B-8A16-747C6F24CA22,Ballinger Memorial Hospital District,2020,BrdMem,,Mike,,Dankworth,Chairperson,,,,,0,,,,,,,
133216,103227590,847A6FC9-9B66-4498-AFB4-620D63792CE0,Ballinger Memorial Hospital District,2021,BrdMem,,Bradley,,Bundrant,Member,,,,,0,,,,,,,
133217,103227590,847A6FC9-9B66-4498-AFB4-620D63792CE0,Ballinger Memorial Hospital District,2021,BrdMem,,Mike,,Dankworth,Chairperson,,,,,0,,,,,,,
133218,103227590,847A6FC9-9B66-4498-AFB4-620D63792CE0,Ballinger Memorial Hospital District,2021,BrdMem,,Bryan,,Jennings,Member,,,,,0,,,,,,,
133219,103227590,847A6FC9-9B66-4498-AFB4-620D63792CE0,Ballinger Memorial Hospital District,2021,BrdMem,,David,,Cowart,Member,,,,,0,,,,,,,
133220,103227590,847A6FC9-9B66-4498-AFB4-620D63792CE0,Ballinger Memorial Hospital District,2021,BrdMem,,Debbie,,Mattingley,Member,,,,,0,,,,,,,
133221,103227590,847A6FC9-9B66-4498-AFB4-620D63792CE0,Ballinger Memorial Hospital District,2021,BrdMem,,Bill,,Hunter,Vice-Chairperson,,,,,0,,,,,,,
133225,103227590,C8475F5D-D2BE-48B1-B824-0BCD7540992D,Ballinger Memorial Hospital District,2022,BrdMem,,Debbie,,Mattingley,Member,,,,,0,,,,,,,
133226,103227590,C8475F5D-D2BE-48B1-B824-0BCD7540992D,Ballinger Memorial Hospital District,2022,BrdMem,,Bradley,,Bundrant,Member,,,,,0,,,,,,,
133227,103227590,C8475F5D-D2BE-48B1-B824-0BCD7540992D,Ballinger Memorial Hospital District,2022,BrdMem,,Bill,,Hunter,Vice-Chairperson,,,,,0,,,,,,,
133228,103227590,C8475F5D-D2BE-48B1-B824-0BCD7540992D,Ballinger Memorial Hospital District,2022,BrdMem,,Max,,Pratt,Member,,,,,0,,,,,,,
133229,103227590,C8475F5D-D2BE-48B1-B824-0BCD7540992D,Ballinger Memorial Hospital District,2022,BrdMem,,Mike,,Dankworth,Chairperson,,,,,0,,,,,,,
133230,103227590,C8475F5D-D2BE-48B1-B824-0BCD7540992D,Ballinger Memorial Hospital District,2022,BrdMem,,Bryan,,Jennings,Member,,,,,0,,,,,,,
133234,103227590,95379CF2-57E1-47FB-9F29-578C472A1204,Ballinger Memorial Hospital District,2023,BrdMem,,Debbie,,Mattingley,Member,,,,,0,,,,,,,
133235,103227590,95379CF2-57E1-47FB-9F29-578C472A1204,Ballinger Memorial Hospital District,2023,BrdMem,,Mike,,Dankworth,Chairperson,,,,,0,,,,,,,
133236,103227590,95379CF2-57E1-47FB-9F29-578C472A1204,Ballinger Memorial Hospital District,2023,BrdMem,,Elizabeth,,Zuniga,Member,,,,,0,,,,,,,
133237,103227590,95379CF2-57E1-47FB-9F29-578C472A1204,Ballinger Memorial Hospital District,2023,BrdMem,,Max,,Pratt,Member,,,,,0,,,,,,,
133238,103227590,95379CF2-57E1-47FB-9F29-578C472A1204,Ballinger Memorial Hospital District,2023,BrdMem,,Bradley,,Bundrant,Member,,,,,0,,,,,,,
133239,103227590,95379CF2-57E1-47FB-9F29-578C472A1204,Ballinger Memorial Hospital District,2023,BrdMem,,Bill,,Hunter,Vice-Chairperson,,,,,0,,,,,,,
133243,103227590,CC6FA4C6-EDAD-46C3-941F-E7D2A0156698,Ballinger Memorial Hospital District,2024,BrdMem,,Max,,Pratt,Member,,,,,0,,,,,,,
133244,103227590,CC6FA4C6-EDAD-46C3-941F-E7D2A0156698,Ballinger Memorial Hospital District,2024,BrdMem,,Mike,,Dankworth,Chairperson,,,,,0,,,,,,,
133245,103227590,CC6FA4C6-EDAD-46C3-941F-E7D2A0156698,Ballinger Memorial Hospital District,2024,BrdMem,,Bradley,,Bundrant,Member,,,,,0,,,,,,,
133246,103227590,CC6FA4C6-EDAD-46C3-941F-E7D2A0156698,Ballinger Memorial Hospital District,2024,BrdMem,,Elizabeth,,Zuniga,Member,,,,,0,,,,,,,
133247,103227590,CC6FA4C6-EDAD-46C3-941F-E7D2A0156698,Ballinger Memorial Hospital District,2024,BrdMem,,Bill,,Hunter,Vice-Chairperson,,,,,0,,,,,,,
133248,103227590,CC6FA4C6-EDAD-46C3-941F-E7D2A0156698,Ballinger Memorial Hospital District,2024,BrdMem,,Tyler,,Reasor,Member,,,,,0,,,,,,,
133252,103227590,C9AEBC11-6B86-4F29-9B2C-34150614F175,Ballinger Memorial Hospital District,2025,BrdMem,,Tyler,,Reasor,Member,,,,,0,,,,,,,
133253,103227590,C9AEBC11-6B86-4F29-9B2C-34150614F175,Ballinger Memorial Hospital District,2025,BrdMem,,Mark,,Atwood,Member,,,,,0,,,,,,,
133254,103227590,C9AEBC11-6B86-4F29-9B2C-34150614F175,Ballinger Memorial Hospital District,2025,BrdMem,,Scott,,Studer,Member,,,,,0,,,,,,,
133255,103227590,C9AEBC11-6B86-4F29-9B2C-34150614F175,Ballinger Memorial Hospital District,2025,BrdMem,,Bill,,Hunter,Vice-Chairperson,,,,,0,,,,,,,
133256,103227590,C9AEBC11-6B86-4F29-9B2C-34150614F175,Ballinger Memorial Hospital District,2025,BrdMem,,Elizabeth,,Zuniga,Member,,,,,0,,,,,,,
133257,103227590,C9AEBC11-6B86-4F29-9B2C-34150614F175,Ballinger Memorial Hospital District,2025,BrdMem,,Bradley,,Bundrant,Member,,,,,0,,,,,,,
133258,103227590,C9AEBC11-6B86-4F29-9B2C-34150614F175,Ballinger Memorial Hospital District,2025,BrdMem,,Mike,,Dankworth,Chairperson,,,,,0,,,,,,,
133262,103227590,02AC5BEC-E486-4942-8C39-3DAF493ED7AB,Ballinger Memorial Hospital District,2026,BrdMem,,Mike,,Dankworth,Chairperson,,,,,0,,,,,,,
133263,103227590,02AC5BEC-E486-4942-8C39-3DAF493ED7AB,Ballinger Memorial Hospital District,2026,BrdMem,,Bill,,Hunter,Vice-Chairperson,,,,,0,,,,,,,
133264,103227590,02AC5BEC-E486-4942-8C39-3DAF493ED7AB,Ballinger Memorial Hospital District,2026,BrdMem,,Bradley,,Bundrant,Member,,,,,0,,,,,,,
133265,103227590,02AC5BEC-E486-4942-8C39-3DAF493ED7AB,Ballinger Memorial Hospital District,2026,BrdMem,,Mark,,Atwood,Member,,,,,0,,,,,,,
133266,103227590,02AC5BEC-E486-4942-8C39-3DAF493ED7AB,Ballinger Memorial Hospital District,2026,BrdMem,,Elizabeth,,Zuniga,Member,,,,,0,,,,,,,
133267,103227590,02AC5BEC-E486-4942-8C39-3DAF493ED7AB,Ballinger Memorial Hospital District,2026,BrdMem,,Scott,,Studer,Member,,,,,0,,,,,,,
133268,103227590,02AC5BEC-E486-4942-8C39-3DAF493ED7AB,Ballinger Memorial Hospital District,2026,BrdMem,,Tyler,,Reasor,Member,,,,,0,,,,,,,
133331,103227592,F6D4E721-2102-43C2-972A-E02866EFBA85,Seminole Hospital District,2019,BrdMem,,Josie,,King,Trustee,,,,,0,,,,,,,
133332,103227592,F6D4E721-2102-43C2-972A-E02866EFBA85,Seminole Hospital District,2019,BrdMem,,JODY,,FORTNER,TRUSTEE,,,,,0,,,,,,,
133333,103227592,F6D4E721-2102-43C2-972A-E02866EFBA85,Seminole Hospital District,2019,BrdMem,,Jaimie,,Cooper,Trustee,,,,,0,,,,,,,
133334,103227592,F6D4E721-2102-43C2-972A-E02866EFBA85,Seminole Hospital District,2019,BrdMem,,Chad,,McGehee,President,,,,,0,,,,,,,
133335,103227592,F6D4E721-2102-43C2-972A-E02866EFBA85,Seminole Hospital District,2019,BrdMem,,Lee,,Stone,Secretary,,,,,0,,,,,,,
133336,103227592,F6D4E721-2102-43C2-972A-E02866EFBA85,Seminole Hospital District,2019,BrdMem,,JOHN,,SIMMONS,TRUSTEE,,,,,0,,,,,,,
133337,103227592,F6D4E721-2102-43C2-972A-E02866EFBA85,Seminole Hospital District,2019,BrdMem,,Sam,,Kantar,Vice President,,,,,0,,,,,,,
133341,103227592,7C8115D8-90F0-4C1C-A02E-0E7CBA337DCE,Seminole Hospital District,2020,BrdMem,,Lee,,Stone,Secretary,,,,,0,,,,,,,
133342,103227592,7C8115D8-90F0-4C1C-A02E-0E7CBA337DCE,Seminole Hospital District,2020,BrdMem,,Sam,,Kantar,Vice President,,,,,0,,,,,,,
133343,103227592,7C8115D8-90F0-4C1C-A02E-0E7CBA337DCE,Seminole Hospital District,2020,BrdMem,,Josie,,King,Trustee,,,,,0,,,,,,,
133344,103227592,7C8115D8-90F0-4C1C-A02E-0E7CBA337DCE,Seminole Hospital District,2020,BrdMem,,Chad,,McGehee,President,,,,,0,,,,,,,
133345,103227592,7C8115D8-90F0-4C1C-A02E-0E7CBA337DCE,Seminole Hospital District,2020,BrdMem,,JODY,,FORTNER,TRUSTEE,,,,,0,,,,,,,
133346,103227592,7C8115D8-90F0-4C1C-A02E-0E7CBA337DCE,Seminole Hospital District,2020,BrdMem,,Jaimie,,Cooper,Trustee,,,,,0,,,,,,,
133347,103227592,7C8115D8-90F0-4C1C-A02E-0E7CBA337DCE,Seminole Hospital District,2020,BrdMem,,JOHN,,SIMMONS,TRUSTEE,,,,,0,,,,,,,
133351,103227592,8BD62437-374B-46D4-AE0A-892856A14643,Seminole Hospital District,2021,BrdMem,,Jaimie,,Cooper,Trustee,,,,,0,,,,,,,
133352,103227592,8BD62437-374B-46D4-AE0A-892856A14643,Seminole Hospital District,2021,BrdMem,,Lee,,Stone,Secretary,,,,,0,,,,,,,
133353,103227592,8BD62437-374B-46D4-AE0A-892856A14643,Seminole Hospital District,2021,BrdMem,,JOHN,,SIMMONS,TRUSTEE,,,,,0,,,,,,,
133354,103227592,8BD62437-374B-46D4-AE0A-892856A14643,Seminole Hospital District,2021,BrdMem,,JODY,,FORTNER,TRUSTEE,,,,,0,,,,,,,
133355,103227592,8BD62437-374B-46D4-AE0A-892856A14643,Seminole Hospital District,2021,BrdMem,,Sam,,Kantar,Vice President,,,,,0,,,,,,,
133356,103227592,8BD62437-374B-46D4-AE0A-892856A14643,Seminole Hospital District,2021,BrdMem,,Chad,,McGehee,President,,,,,0,,,,,,,
133357,103227592,8BD62437-374B-46D4-AE0A-892856A14643,Seminole Hospital District,2021,BrdMem,,Josie,,King,Trustee,,,,,0,,,,,,,
133361,103227592,26F4DEFE-FAC3-4C1F-8BA6-C0CAFA344CAB,Seminole Hospital District,2023,BrdMem,,Peter,,Gunther,Trustee,,,,,0,,,,,,,
133362,103227592,26F4DEFE-FAC3-4C1F-8BA6-C0CAFA344CAB,Seminole Hospital District,2023,BrdMem,,Josie,,King,Trustee,,,,,0,,,,,,,
133363,103227592,26F4DEFE-FAC3-4C1F-8BA6-C0CAFA344CAB,Seminole Hospital District,2023,BrdMem,,JODY,,FORTNER,TRUSTEE,,,,,0,,,,,,,
133364,103227592,26F4DEFE-FAC3-4C1F-8BA6-C0CAFA344CAB,Seminole Hospital District,2023,BrdMem,,Lee,,Stone,Vice President,,,,,0,,,,,,,
133365,103227592,26F4DEFE-FAC3-4C1F-8BA6-C0CAFA344CAB,Seminole Hospital District,2023,BrdMem,,Jamie,,Cooper,President,,,,,0,,,,,,,
133366,103227592,26F4DEFE-FAC3-4C1F-8BA6-C0CAFA344CAB,Seminole Hospital District,2023,BrdMem,,Lance,,Lovelady,Secretary,,,,,0,,,,,,,
133367,103227592,26F4DEFE-FAC3-4C1F-8BA6-C0CAFA344CAB,Seminole Hospital District,2023,BrdMem,,Jay,,Youngblood,Trustee,,,,,0,,,,,,,
133371,103227592,9860E412-1CC3-4A24-B93D-B1547E698834,Seminole Hospital District,2024,BrdMem,,Josie,,King,Trustee,,,,,0,,,,,,,
133372,103227592,9860E412-1CC3-4A24-B93D-B1547E698834,Seminole Hospital District,2024,BrdMem,,Jay,,Youngblood,Trustee,,,,,0,,,,,,,
133373,103227592,9860E412-1CC3-4A24-B93D-B1547E698834,Seminole Hospital District,2024,BrdMem,,Peter,,Gunther,Trustee,,,,,0,,,,,,,
133374,103227592,9860E412-1CC3-4A24-B93D-B1547E698834,Seminole Hospital District,2024,BrdMem,,Lance,,Lovelady,Secretary,,,,,0,,,,,,,
133375,103227592,9860E412-1CC3-4A24-B93D-B1547E698834,Seminole Hospital District,2024,BrdMem,,John,,Peters,Trustee,,,,,0,,,,,,,
133376,103227592,9860E412-1CC3-4A24-B93D-B1547E698834,Seminole Hospital District,2024,BrdMem,,Quinton,,Garner,Trustee,,,,,0,,,,,,,
134118,103227609,766A0AA5-5AA0-4A8C-8BDE-89BF884E8583,McCulloch County Hospital District,2018,BrdMem,,Curtis,,Owens,Director,,,,,0,,,,,,,
134119,103227609,766A0AA5-5AA0-4A8C-8BDE-89BF884E8583,McCulloch County Hospital District,2018,BrdMem,,Kyle,,Moseley,Director,,,,,0,,,,,,,
134120,103227609,766A0AA5-5AA0-4A8C-8BDE-89BF884E8583,McCulloch County Hospital District,2018,BrdMem,,Clay,,Jones,Board President,,,,,0,,,,,,,
134121,103227609,766A0AA5-5AA0-4A8C-8BDE-89BF884E8583,McCulloch County Hospital District,2018,BrdMem,,Michelle,,Young-Derrick,Director,,,,,0,,,,,,,
134122,103227609,766A0AA5-5AA0-4A8C-8BDE-89BF884E8583,McCulloch County Hospital District,2018,BrdMem,,Susan,,Joliff,Director,,,,,0,,,,,,,
134123,103227609,766A0AA5-5AA0-4A8C-8BDE-89BF884E8583,McCulloch County Hospital District,2018,BrdMem,,Terry,,Keltz,Director,,,,,0,,,,,,,
134124,103227609,766A0AA5-5AA0-4A8C-8BDE-89BF884E8583,McCulloch County Hospital District,2018,BrdMem,,Rod,,Young,Director,,,,,0,,,,,,,
134128,103227609,0018E3E4-7F64-432C-AFC2-12E8A0D943D8,McCulloch County Hospital District,2019,BrdMem,,Curtis,,Owens,Director,,,,,0,,,,,,,
134129,103227609,0018E3E4-7F64-432C-AFC2-12E8A0D943D8,McCulloch County Hospital District,2019,BrdMem,,Clay,,Jones,Board President,,,,,0,,,,,,,
134130,103227609,0018E3E4-7F64-432C-AFC2-12E8A0D943D8,McCulloch County Hospital District,2019,BrdMem,,Michelle,,Young-Derrick,Director,,,,,0,,,,,,,
134131,103227609,0018E3E4-7F64-432C-AFC2-12E8A0D943D8,McCulloch County Hospital District,2019,BrdMem,,Susan,,Joliff,Director,,,,,0,,,,,,,
134132,103227609,0018E3E4-7F64-432C-AFC2-12E8A0D943D8,McCulloch County Hospital District,2019,BrdMem,,Rod,,Young,Director,,,,,0,,,,,,,
134133,103227609,0018E3E4-7F64-432C-AFC2-12E8A0D943D8,McCulloch County Hospital District,2019,BrdMem,,Terry,,Keltz,Director,,,,,0,,,,,,,
134134,103227609,0018E3E4-7F64-432C-AFC2-12E8A0D943D8,McCulloch County Hospital District,2019,BrdMem,,Kyle,,Moseley,Director,,,,,0,,,,,,,
134138,103227609,2170BF6C-A7EA-4DCE-8BDD-2F527E1A6A31,McCulloch County Hospital District,2020,BrdMem,,Michelle,,Young-Derrick,Director,,,,,0,,,,,,,
134139,103227609,2170BF6C-A7EA-4DCE-8BDD-2F527E1A6A31,McCulloch County Hospital District,2020,BrdMem,,Susan,,Joliff,Director,,,,,0,,,,,,,
134140,103227609,2170BF6C-A7EA-4DCE-8BDD-2F527E1A6A31,McCulloch County Hospital District,2020,BrdMem,,Terry,,Keltz,Director,,,,,0,,,,,,,
134141,103227609,2170BF6C-A7EA-4DCE-8BDD-2F527E1A6A31,McCulloch County Hospital District,2020,BrdMem,,Rod,,Young,Director,,,,,0,,,,,,,
134142,103227609,2170BF6C-A7EA-4DCE-8BDD-2F527E1A6A31,McCulloch County Hospital District,2020,BrdMem,,Curtis,,Owens,Director,,,,,0,,,,,,,
134143,103227609,2170BF6C-A7EA-4DCE-8BDD-2F527E1A6A31,McCulloch County Hospital District,2020,BrdMem,,Kyle,,Moseley,Director,,,,,0,,,,,,,
134147,103227609,51A67B0C-54D6-47DF-927F-B5739FCA7AB1,McCulloch County Hospital District,2021,BrdMem,,Paden,,Behrens,Director,,,,,0,,,,,,,
134148,103227609,51A67B0C-54D6-47DF-927F-B5739FCA7AB1,McCulloch County Hospital District,2021,BrdMem,,Rod,,Young,Director,,,,,0,,,,,,,
134149,103227609,51A67B0C-54D6-47DF-927F-B5739FCA7AB1,McCulloch County Hospital District,2021,BrdMem,,Michelle,,Young-Derrick,Director,,,,,0,,,,,,,
134150,103227609,51A67B0C-54D6-47DF-927F-B5739FCA7AB1,McCulloch County Hospital District,2021,BrdMem,,Curtis,,Owens,Director,,,,,0,,,,,,,
134151,103227609,51A67B0C-54D6-47DF-927F-B5739FCA7AB1,McCulloch County Hospital District,2021,BrdMem,,Kyle,,Moseley,Director,,,,,0,,,,,,,
134152,103227609,51A67B0C-54D6-47DF-927F-B5739FCA7AB1,McCulloch County Hospital District,2021,BrdMem,,Susan,,Joliff,Director,,,,,0,,,,,,,
134153,103227609,51A67B0C-54D6-47DF-927F-B5739FCA7AB1,McCulloch County Hospital District,2021,BrdMem,,Terry,,Keltz,Board Chairman,,,,,0,,,,,,,
134157,103227609,0B64B137-22F4-42D4-85CF-450E98615543,McCulloch County Hospital District,2022,BrdMem,,Terry,,Keltz,Board Chairman,,,,,0,,,,,,,
134158,103227609,0B64B137-22F4-42D4-85CF-450E98615543,McCulloch County Hospital District,2022,BrdMem,,Curtis,,Owens,Director,,,,,0,,,,,,,
134159,103227609,0B64B137-22F4-42D4-85CF-450E98615543,McCulloch County Hospital District,2022,BrdMem,,Kyle,,Moseley,Director,,,,,0,,,,,,,
134160,103227609,0B64B137-22F4-42D4-85CF-450E98615543,McCulloch County Hospital District,2022,BrdMem,,Susan,,Joliff,Director,,,,,0,,,,,,,
134161,103227609,0B64B137-22F4-42D4-85CF-450E98615543,McCulloch County Hospital District,2022,BrdMem,,Rod,,Young,Director,,,,,0,,,,,,,
134162,103227609,0B64B137-22F4-42D4-85CF-450E98615543,McCulloch County Hospital District,2022,BrdMem,,Paden,,Behrens,Director,,,,,0,,,,,,,
134163,103227609,0B64B137-22F4-42D4-85CF-450E98615543,McCulloch County Hospital District,2022,BrdMem,,Michelle,,Young-Derrick,Director,,,,,0,,,,,,,
134167,103227609,D2698C1E-20F8-4C77-8707-08BAE6D9FF61,McCulloch County Hospital District,2023,BrdMem,,Terry,,Keltz,Board Chairman,,,,,0,,,,,,,
134168,103227609,D2698C1E-20F8-4C77-8707-08BAE6D9FF61,McCulloch County Hospital District,2023,BrdMem,,Kyle,,Moseley,Director,,,,,0,,,,,,,
134169,103227609,D2698C1E-20F8-4C77-8707-08BAE6D9FF61,McCulloch County Hospital District,2023,BrdMem,,Rod,,Young,Director,,,,,0,,,,,,,
134170,103227609,D2698C1E-20F8-4C77-8707-08BAE6D9FF61,McCulloch County Hospital District,2023,BrdMem,,Michelle,,Young-Derrick,Director,,,,,0,,,,,,,
134171,103227609,D2698C1E-20F8-4C77-8707-08BAE6D9FF61,McCulloch County Hospital District,2023,BrdMem,,Paden,,Behrens,Director,,,,,0,,,,,,,
134172,103227609,D2698C1E-20F8-4C77-8707-08BAE6D9FF61,McCulloch County Hospital District,2023,BrdMem,,Susan,,Joliff,Director,,,,,0,,,,,,,
134176,103227609,45DBA5E8-1560-4705-B020-17C6B56AAC74,McCulloch County Hospital District,2024,BrdMem,,Michelle,,Young-Derrick,Director,,,,,0,,,,,,,
134177,103227609,45DBA5E8-1560-4705-B020-17C6B56AAC74,McCulloch County Hospital District,2024,BrdMem,,Kyle,,Moseley,Director,,,,,0,,,,,,,
134178,103227609,45DBA5E8-1560-4705-B020-17C6B56AAC74,McCulloch County Hospital District,2024,BrdMem,,Susan,,Joliff,Director,,,,,0,,,,,,,
134179,103227609,45DBA5E8-1560-4705-B020-17C6B56AAC74,McCulloch County Hospital District,2024,BrdMem,,Paden,,Behrens,Director,,,,,0,,,,,,,
134180,103227609,45DBA5E8-1560-4705-B020-17C6B56AAC74,McCulloch County Hospital District,2024,BrdMem,,Terry,,Keltz,Board Chairman,,,,,0,,,,,,,
134181,103227609,45DBA5E8-1560-4705-B020-17C6B56AAC74,McCulloch County Hospital District,2024,BrdMem,,Rod,,Young,Director,,,,,0,,,,,,,
134185,103227609,7B7CB245-AC4C-47BB-88BE-C03E36A5F26B,McCulloch County Hospital District,2025,BrdMem,,Terry,,Keltz,Board Chairman,,,,,0,,,,,,,
134186,103227609,7B7CB245-AC4C-47BB-88BE-C03E36A5F26B,McCulloch County Hospital District,2025,BrdMem,,Susan,,Joliff,Director,,,,,0,,,,,,,
134187,103227609,7B7CB245-AC4C-47BB-88BE-C03E36A5F26B,McCulloch County Hospital District,2025,BrdMem,,Michelle,,Young-Derrick,Director,,,,,0,,,,,,,
134188,103227609,7B7CB245-AC4C-47BB-88BE-C03E36A5F26B,McCulloch County Hospital District,2025,BrdMem,,Orlando,,Rubio,Director,,,,,0,,,,,,,
134189,103227609,7B7CB245-AC4C-47BB-88BE-C03E36A5F26B,McCulloch County Hospital District,2025,BrdMem,,Rod,,Young,Director,,,,,0,,,,,,,
134190,103227609,7B7CB245-AC4C-47BB-88BE-C03E36A5F26B,McCulloch County Hospital District,2025,BrdMem,,Kyle,,Moseley,Director,,,,,0,,,,,,,
134191,103227609,7B7CB245-AC4C-47BB-88BE-C03E36A5F26B,McCulloch County Hospital District,2025,BrdMem,,Paden,,Behrens,Director,,,,,0,,,,,,,
134195,103227610,4EB41431-CCC3-4F5D-B9D3-5385A79ED390,Montgomery County Hospital District,2018,BrdMem,,Chris,,Grice,Treasurer,,,,,0,,,,,,,
134196,103227610,4EB41431-CCC3-4F5D-B9D3-5385A79ED390,Montgomery County Hospital District,2018,BrdMem,,Sandra,,Wagner,Secretary,,,,,0,,,,,,,
134197,103227610,4EB41431-CCC3-4F5D-B9D3-5385A79ED390,Montgomery County Hospital District,2018,BrdMem,,Bob,,Bagley,Member,,,,,0,,,,,,,
134198,103227610,4EB41431-CCC3-4F5D-B9D3-5385A79ED390,Montgomery County Hospital District,2018,BrdMem,,Georgette,,Whatley,Member,,,,,0,,,,,,,
134199,103227610,4EB41431-CCC3-4F5D-B9D3-5385A79ED390,Montgomery County Hospital District,2018,BrdMem,,Kenn,,Fawn,Chairman,,,,,0,,,,,,,
134200,103227610,4EB41431-CCC3-4F5D-B9D3-5385A79ED390,Montgomery County Hospital District,2018,BrdMem,,Brad,,Spratt,Member,,,,,0,,,,,,,
134201,103227610,4EB41431-CCC3-4F5D-B9D3-5385A79ED390,Montgomery County Hospital District,2018,BrdMem,,Mark,,Cole,Vice-Chairman,,,,,0,,,,,,,
134205,103227610,E553E2C6-A51D-4DE3-A904-DFE94D555F47,Montgomery County Hospital District,2019,BrdMem,,Chris,,Grice,Treasurer,,,,,0,,,,,,,
134206,103227610,E553E2C6-A51D-4DE3-A904-DFE94D555F47,Montgomery County Hospital District,2019,BrdMem,,Bob,,Bagley,Member,,,,,0,,,,,,,
134207,103227610,E553E2C6-A51D-4DE3-A904-DFE94D555F47,Montgomery County Hospital District,2019,BrdMem,,Georgette,,Whatley,Member,,,,,0,,,,,,,
134208,103227610,E553E2C6-A51D-4DE3-A904-DFE94D555F47,Montgomery County Hospital District,2019,BrdMem,,Justin,,Chance,Member,,,,,0,,,,,,,
134209,103227610,E553E2C6-A51D-4DE3-A904-DFE94D555F47,Montgomery County Hospital District,2019,BrdMem,,Brad,,Spratt,Vice-Chairman,,,,,0,,,,,,,
134210,103227610,E553E2C6-A51D-4DE3-A904-DFE94D555F47,Montgomery County Hospital District,2019,BrdMem,,Sandra,,Wagner,Secretary,,,,,0,,,,,,,
134211,103227610,E553E2C6-A51D-4DE3-A904-DFE94D555F47,Montgomery County Hospital District,2019,BrdMem,,Mark,,Cole,Chairman,,,,,0,,,,,,,
134215,103227610,9EB9088D-B791-4F10-B8CB-A9F53160F406,Montgomery County Hospital District,2020,BrdMem,,Georgette,,Whatley,Chairman,,,,,0,,,,,,,
134216,103227610,9EB9088D-B791-4F10-B8CB-A9F53160F406,Montgomery County Hospital District,2020,BrdMem,,Brent,,Thor,Member,,,,,0,,,,,,,
134217,103227610,9EB9088D-B791-4F10-B8CB-A9F53160F406,Montgomery County Hospital District,2020,BrdMem,,Brad,,Spratt,Vice-Chairman,,,,,0,,,,,,,
134218,103227610,9EB9088D-B791-4F10-B8CB-A9F53160F406,Montgomery County Hospital District,2020,BrdMem,,Justin,,Chance,Member,,,,,0,,,,,,,
134219,103227610,9EB9088D-B791-4F10-B8CB-A9F53160F406,Montgomery County Hospital District,2020,BrdMem,,Sandra,,Wagner,Secretary,,,,,0,,,,,,,
134220,103227610,9EB9088D-B791-4F10-B8CB-A9F53160F406,Montgomery County Hospital District,2020,BrdMem,,Chris,,Grice,Treasurer,,,,,0,,,,,,,
134221,103227610,9EB9088D-B791-4F10-B8CB-A9F53160F406,Montgomery County Hospital District,2020,BrdMem,,Bob,,Bagley,Member,,,,,0,,,,,,,
134225,103227610,56427F8E-24CC-4044-8761-8C183EF2BA75,Montgomery County Hospital District,2021,BrdMem,,Bob,,Bagley,Vice Chairman,,,,,0,,,,,,,
134226,103227610,56427F8E-24CC-4044-8761-8C183EF2BA75,Montgomery County Hospital District,2021,BrdMem,,Sandra,,Wagner,Secretary,,,,,0,,,,,,,
134227,103227610,56427F8E-24CC-4044-8761-8C183EF2BA75,Montgomery County Hospital District,2021,BrdMem,,Brad,,Spratt,Member,,,,,0,,,,,,,
134228,103227610,56427F8E-24CC-4044-8761-8C183EF2BA75,Montgomery County Hospital District,2021,BrdMem,,Justin,,Chance,Member,,,,,0,,,,,,,
134229,103227610,56427F8E-24CC-4044-8761-8C183EF2BA75,Montgomery County Hospital District,2021,BrdMem,,Georgette,,Whatley,Chairman,,,,,0,,,,,,,
134230,103227610,56427F8E-24CC-4044-8761-8C183EF2BA75,Montgomery County Hospital District,2021,BrdMem,,Brent,,Thor,Member,,,,,0,,,,,,,
134231,103227610,56427F8E-24CC-4044-8761-8C183EF2BA75,Montgomery County Hospital District,2021,BrdMem,,Chris,,Grice,Treasurer,,,,,0,,,,,,,
134235,103227610,7C7F5D72-CE20-450D-B328-0370ABEF9F9B,Montgomery County Hospital District,2022,BrdMem,,Justin,,Chance,Member,,,,,0,,,,,,,
134236,103227610,7C7F5D72-CE20-450D-B328-0370ABEF9F9B,Montgomery County Hospital District,2022,BrdMem,,Georgette,,Whatley,Member,,,,,0,,,,,,,
134237,103227610,7C7F5D72-CE20-450D-B328-0370ABEF9F9B,Montgomery County Hospital District,2022,BrdMem,,Sandra,,Wagner,Secretary,,,,,0,,,,,,,
134238,103227610,7C7F5D72-CE20-450D-B328-0370ABEF9F9B,Montgomery County Hospital District,2022,BrdMem,,Chris,,Grice,Chairman,,,,,0,,,,,,,
134239,103227610,7C7F5D72-CE20-450D-B328-0370ABEF9F9B,Montgomery County Hospital District,2022,BrdMem,,Bob,,Bagley,Vice Chairman,,,,,0,,,,,,,
134240,103227610,7C7F5D72-CE20-450D-B328-0370ABEF9F9B,Montgomery County Hospital District,2022,BrdMem,,Brad,,Spratt,Treasurer,,,,,0,,,,,,,
134241,103227610,7C7F5D72-CE20-450D-B328-0370ABEF9F9B,Montgomery County Hospital District,2022,BrdMem,,Brent,,Thor,Member,,,,,0,,,,,,,
134245,103227610,643A7746-8B80-462A-A26B-7BC58577E65A,Montgomery County Hospital District,2023,BrdMem,,Charles,,Shirley,Member,,,,,0,,,,,,,
134246,103227610,643A7746-8B80-462A-A26B-7BC58577E65A,Montgomery County Hospital District,2023,BrdMem,,Chris,,Grice,Treasurer,,,,,0,,,,,,,
134247,103227610,643A7746-8B80-462A-A26B-7BC58577E65A,Montgomery County Hospital District,2023,BrdMem,,Robert,,Hudson,Member,,,,,0,,,,,,,
134248,103227610,643A7746-8B80-462A-A26B-7BC58577E65A,Montgomery County Hospital District,2023,BrdMem,,Brad,,Spratt,Member,,,,,0,,,,,,,
134249,103227610,643A7746-8B80-462A-A26B-7BC58577E65A,Montgomery County Hospital District,2023,BrdMem,,Sandy,,Wagner,Secretary,,,,,0,,,,,,,
134250,103227610,643A7746-8B80-462A-A26B-7BC58577E65A,Montgomery County Hospital District,2023,BrdMem,,Georgette,,Whatley,Chairperson,,,,,0,,,,,,,
134251,103227610,643A7746-8B80-462A-A26B-7BC58577E65A,Montgomery County Hospital District,2023,BrdMem,,Brent,,Thor,Vice-Chairman,,,,,0,,,,,,,
134255,103227610,A9A9A199-92EF-4B0D-B7A3-E5B3C794692A,Montgomery County Hospital District,2024,BrdMem,,Chris,,Grice,Vice-Chairman,,,,,0,,,,,,,
134256,103227610,A9A9A199-92EF-4B0D-B7A3-E5B3C794692A,Montgomery County Hospital District,2024,BrdMem,,Charles,,Shirley,Treasurer,,,,,0,,,,,,,
134257,103227610,A9A9A199-92EF-4B0D-B7A3-E5B3C794692A,Montgomery County Hospital District,2024,BrdMem,,Brent,,Thor,Chairperson,,,,,0,,,,,,,
134258,103227610,A9A9A199-92EF-4B0D-B7A3-E5B3C794692A,Montgomery County Hospital District,2024,BrdMem,,Brad,,Spratt,Member,,,,,0,,,,,,,
134259,103227610,A9A9A199-92EF-4B0D-B7A3-E5B3C794692A,Montgomery County Hospital District,2024,BrdMem,,Robert,,Hudson,Member,,,,,0,,,,,,,
134260,103227610,A9A9A199-92EF-4B0D-B7A3-E5B3C794692A,Montgomery County Hospital District,2024,BrdMem,,Sandy,,Wagner,Secretary,,,,,0,,,,,,,
134261,103227610,A9A9A199-92EF-4B0D-B7A3-E5B3C794692A,Montgomery County Hospital District,2024,BrdMem,,Georgette,,Whatley,Member,,,,,0,,,,,,,
134265,103227610,3944EADE-45AF-4244-8323-33FCDB72211E,Montgomery County Hospital District,2026,BrdMem,,Kelly,,Inman,Member,,,,,0,,,,,,,
134266,103227610,3944EADE-45AF-4244-8323-33FCDB72211E,Montgomery County Hospital District,2026,BrdMem,,Chris,,Grice,Treasurer,,,,,0,,,,,,,
134267,103227610,3944EADE-45AF-4244-8323-33FCDB72211E,Montgomery County Hospital District,2026,BrdMem,,Jason,,Walker,Member,,,,,0,,,,,,,
134268,103227610,3944EADE-45AF-4244-8323-33FCDB72211E,Montgomery County Hospital District,2026,BrdMem,,Robert,,Hudson,Member,,,,,0,,,,,,,
134269,103227610,3944EADE-45AF-4244-8323-33FCDB72211E,Montgomery County Hospital District,2026,BrdMem,,Bob,,Bagley,Vice-Chairman,,,,,0,,,,,,,
134270,103227610,3944EADE-45AF-4244-8323-33FCDB72211E,Montgomery County Hospital District,2026,BrdMem,,Jackie,,Williams,Secretary,,,,,0,,,,,,,
134271,103227610,3944EADE-45AF-4244-8323-33FCDB72211E,Montgomery County Hospital District,2026,BrdMem,,Charles,,Shirley,Chairman,,,,,0,,,,,,,
134275,103227611,A7F301C1-6652-4357-AFC6-AD603A9880CD,Hemphill County Hospital District,2019,BrdMem,,Micheal,,Gardiner,President,,,,,0,,,,,,,
134276,103227611,A7F301C1-6652-4357-AFC6-AD603A9880CD,Hemphill County Hospital District,2019,BrdMem,,Cory,,Cameron,Member,,,,,0,,,,,,,
134277,103227611,A7F301C1-6652-4357-AFC6-AD603A9880CD,Hemphill County Hospital District,2019,BrdMem,,Cory,,Pittman,Vice President,,,,,0,,,,,,,
134278,103227611,A7F301C1-6652-4357-AFC6-AD603A9880CD,Hemphill County Hospital District,2019,BrdMem,,Sharon,,Carr,Member,,,,,0,,,,,,,
134279,103227611,A7F301C1-6652-4357-AFC6-AD603A9880CD,Hemphill County Hospital District,2019,BrdMem,,Karen,,Gullett,Member,,,,,0,,,,,,,
134282,103227611,95822220-B2F3-4C03-837E-C7715636B407,Hemphill County Hospital District,2020,BrdMem,,Cory,,Pittman,Vice President,,,,,0,,,,,,,
134283,103227611,95822220-B2F3-4C03-837E-C7715636B407,Hemphill County Hospital District,2020,BrdMem,,Colby,,Leach,Mr.,,,,,0,,,,,,,
134284,103227611,95822220-B2F3-4C03-837E-C7715636B407,Hemphill County Hospital District,2020,BrdMem,,Micheal,,Gardiner,President,,,,,0,,,,,,,
134285,103227611,95822220-B2F3-4C03-837E-C7715636B407,Hemphill County Hospital District,2020,BrdMem,,Karen,,Gullett,Member,,,,,0,,,,,,,
134286,103227611,95822220-B2F3-4C03-837E-C7715636B407,Hemphill County Hospital District,2020,BrdMem,,Sharon,,Carr,Member,,,,,0,,,,,,,
134289,103227611,5411BE5B-853C-4629-B4BE-62D27AA611FB,Hemphill County Hospital District,2021,BrdMem,,Karen,,Gullett,Member,,,,,0,,,,,,,
134290,103227611,5411BE5B-853C-4629-B4BE-62D27AA611FB,Hemphill County Hospital District,2021,BrdMem,,Cory,,Pittman,Vice President,,,,,0,,,,,,,
134291,103227611,5411BE5B-853C-4629-B4BE-62D27AA611FB,Hemphill County Hospital District,2021,BrdMem,,Micheal,,Gardiner,President,,,,,0,,,,,,,
134292,103227611,5411BE5B-853C-4629-B4BE-62D27AA611FB,Hemphill County Hospital District,2021,BrdMem,,Sharon,,Carr,Member,,,,,0,,,,,,,
134293,103227611,5411BE5B-853C-4629-B4BE-62D27AA611FB,Hemphill County Hospital District,2021,BrdMem,,Colby,,Leach,Mr.,,,,,0,,,,,,,
134297,103227611,E2B3DC7C-EEEA-4E84-B562-AEE68AA3A6C0,Hemphill County Hospital District,2022,BrdMem,,Jesse,,Hanes,Member,,,,,0,,,,,,,
134298,103227611,E2B3DC7C-EEEA-4E84-B562-AEE68AA3A6C0,Hemphill County Hospital District,2022,BrdMem,,Cory,,Pittman,President,,,,,0,,,,,,,
134299,103227611,E2B3DC7C-EEEA-4E84-B562-AEE68AA3A6C0,Hemphill County Hospital District,2022,BrdMem,,Karen,,Gullett,Member,,,,,0,,,,,,,
134300,103227611,E2B3DC7C-EEEA-4E84-B562-AEE68AA3A6C0,Hemphill County Hospital District,2022,BrdMem,,Colby,,Leach,Member,,,,,0,,,,,,,
134301,103227611,E2B3DC7C-EEEA-4E84-B562-AEE68AA3A6C0,Hemphill County Hospital District,2022,BrdMem,,Sharon,,Carr,Vice-President,,,,,0,,,,,,,
134305,103227611,1281F22E-E085-44EE-AA10-CEB88774465B,Hemphill County Hospital District,2023,BrdMem,,Karen,,Gullett,Member,,,,,0,,,,,,,
134306,103227611,1281F22E-E085-44EE-AA10-CEB88774465B,Hemphill County Hospital District,2023,BrdMem,,Colby,,Leach,Member,,,,,0,,,,,,,
134307,103227611,1281F22E-E085-44EE-AA10-CEB88774465B,Hemphill County Hospital District,2023,BrdMem,,Jesse,,Hanes,Member,,,,,0,,,,,,,
134308,103227611,1281F22E-E085-44EE-AA10-CEB88774465B,Hemphill County Hospital District,2023,BrdMem,,Sharon,,Carr,Vice-President,,,,,0,,,,,,,
134309,103227611,1281F22E-E085-44EE-AA10-CEB88774465B,Hemphill County Hospital District,2023,BrdMem,,Cory,,Pittman,President,,,,,0,,,,,,,
134313,103227611,F0486BB5-96B6-4962-A11B-26247DCEC490,Hemphill County Hospital District,2024,BrdMem,,Sharon,,Carr,Vice-President,,,,,0,,,,,,,
134314,103227611,F0486BB5-96B6-4962-A11B-26247DCEC490,Hemphill County Hospital District,2024,BrdMem,,Whitney,,Jones,Member,,,,,0,,,,,,,
134315,103227611,F0486BB5-96B6-4962-A11B-26247DCEC490,Hemphill County Hospital District,2024,BrdMem,,Colby,,Leach,Member,,,,,0,,,,,,,
134316,103227611,F0486BB5-96B6-4962-A11B-26247DCEC490,Hemphill County Hospital District,2024,BrdMem,,Karen,,Gullett,Member,,,,,0,,,,,,,
134317,103227611,F0486BB5-96B6-4962-A11B-26247DCEC490,Hemphill County Hospital District,2024,BrdMem,,Cory,,Pittman,President,,,,,0,,,,,,,
134321,103227611,A46056D9-97A4-47B9-9674-E4F1337B9520,Hemphill County Hospital District,2025,BrdMem,,Whitney,,Jones,Member,,,,,0,,,,,,,
134322,103227611,A46056D9-97A4-47B9-9674-E4F1337B9520,Hemphill County Hospital District,2025,BrdMem,,Karen,,Gullett,Member,,,,,0,,,,,,,
134323,103227611,A46056D9-97A4-47B9-9674-E4F1337B9520,Hemphill County Hospital District,2025,BrdMem,,Colby,,Leach,Member,,,,,0,,,,,,,
134324,103227611,A46056D9-97A4-47B9-9674-E4F1337B9520,Hemphill County Hospital District,2025,BrdMem,,Sharon,,Carr,Vice-President,,,,,0,,,,,,,
134325,103227611,A46056D9-97A4-47B9-9674-E4F1337B9520,Hemphill County Hospital District,2025,BrdMem,,Cory,,Pittman,President,,,,,0,,,,,,,
134329,103227611,C2504143-7C9A-4F5B-A8E1-A166265579B1,Hemphill County Hospital District,2026,BrdMem,,Whitney,,Jones,Member,,,,,0,,,,,,,
134330,103227611,C2504143-7C9A-4F5B-A8E1-A166265579B1,Hemphill County Hospital District,2026,BrdMem,,Sharon,,Carr,Vice-President,,,,,0,,,,,,,
134331,103227611,C2504143-7C9A-4F5B-A8E1-A166265579B1,Hemphill County Hospital District,2026,BrdMem,,Cory,,Pittman,President,,,,,0,,,,,,,
134332,103227611,C2504143-7C9A-4F5B-A8E1-A166265579B1,Hemphill County Hospital District,2026,BrdMem,,Colby,,Leach,Member,,,,,0,,,,,,,
134333,103227611,C2504143-7C9A-4F5B-A8E1-A166265579B1,Hemphill County Hospital District,2026,BrdMem,,Karen,,Gullett,Member,,,,,0,,,,,,,
134422,103227613,DB5E9AA8-D13C-4AB1-8670-9CA205070D14,Baylor County Hospital District,2018,BrdMem,,N.E.,,Deweber,Vice President,,,,,0,,,,,,,
134423,103227613,DB5E9AA8-D13C-4AB1-8670-9CA205070D14,Baylor County Hospital District,2018,BrdMem,,Timothy,,Orsak,Board Member,,,,,0,,,,,,,
134424,103227613,DB5E9AA8-D13C-4AB1-8670-9CA205070D14,Baylor County Hospital District,2018,BrdMem,,Juanima Kay,,Bradley,Secretary,,,,,0,,,,,,,
134425,103227613,DB5E9AA8-D13C-4AB1-8670-9CA205070D14,Baylor County Hospital District,2018,BrdMem,,Rilda,,Novak,President,,,,,0,,,,,,,
134426,103227613,DB5E9AA8-D13C-4AB1-8670-9CA205070D14,Baylor County Hospital District,2018,BrdMem,,Terry,,Bench,Board Member,,,,,0,,,,,,,
134427,103227613,DB5E9AA8-D13C-4AB1-8670-9CA205070D14,Baylor County Hospital District,2018,BrdMem,,Brenda,,Nickerson,Board Member,,,,,0,,,,,,,
134431,103227613,3065F40F-4E84-480B-ACE4-DE4BF2258058,Baylor County Hospital District,2019,BrdMem,,Carolyn,,Howry,Board Member,,,,,0,,,,,,,
134432,103227613,3065F40F-4E84-480B-ACE4-DE4BF2258058,Baylor County Hospital District,2019,BrdMem,,Terry,,Bench,Board Member,,,,,0,,,,,,,
134433,103227613,3065F40F-4E84-480B-ACE4-DE4BF2258058,Baylor County Hospital District,2019,BrdMem,,Brenda,,Nickerson,Board Member,,,,,0,,,,,,,
134434,103227613,3065F40F-4E84-480B-ACE4-DE4BF2258058,Baylor County Hospital District,2019,BrdMem,,N.E.,,Deweber,Vice President,,,,,0,,,,,,,
134435,103227613,3065F40F-4E84-480B-ACE4-DE4BF2258058,Baylor County Hospital District,2019,BrdMem,,Rilda,,Novak,President,,,,,0,,,,,,,
134436,103227613,3065F40F-4E84-480B-ACE4-DE4BF2258058,Baylor County Hospital District,2019,BrdMem,,Juanima Kay,,Bradley,Secretary,,,,,0,,,,,,,
134440,103227613,4CC0E065-FABF-46ED-AF27-5FBFA38971A5,Baylor County Hospital District,2020,BrdMem,,Rilda,,Novak,Board Member,,,,,0,,,,,,,
134441,103227613,4CC0E065-FABF-46ED-AF27-5FBFA38971A5,Baylor County Hospital District,2020,BrdMem,,Juanima Kay,,Bradley,Secretary,,,,,0,,,,,,,
134442,103227613,4CC0E065-FABF-46ED-AF27-5FBFA38971A5,Baylor County Hospital District,2020,BrdMem,,Carolyn,,Howry,Board Member,,,,,0,,,,,,,
134443,103227613,4CC0E065-FABF-46ED-AF27-5FBFA38971A5,Baylor County Hospital District,2020,BrdMem,,N. E.,,Deweber,Board President,,,,,0,,,,,,,
134444,103227613,4CC0E065-FABF-46ED-AF27-5FBFA38971A5,Baylor County Hospital District,2020,BrdMem,,Terry,,Bench,Board Vice President,,,,,0,,,,,,,
134445,103227613,4CC0E065-FABF-46ED-AF27-5FBFA38971A5,Baylor County Hospital District,2020,BrdMem,,Krystal,,Butler,Board Member,,,,,0,,,,,,,
134446,103227613,4CC0E065-FABF-46ED-AF27-5FBFA38971A5,Baylor County Hospital District,2020,BrdMem,,Larry,,Boyd,Board Member,,,,,0,,,,,,,
134450,103227613,2C508459-66F1-42D0-9E31-9D84C88F609D,Baylor County Hospital District,2021,BrdMem,,Juanima Kay,,Bradley,Secretary,,,,,0,,,,,,,
134451,103227613,2C508459-66F1-42D0-9E31-9D84C88F609D,Baylor County Hospital District,2021,BrdMem,,Krystal,,Butler,Board Member,,,,,0,,,,,,,
134452,103227613,2C508459-66F1-42D0-9E31-9D84C88F609D,Baylor County Hospital District,2021,BrdMem,,Jim,,Novak,Board Member,,,,,0,,,,,,,
134453,103227613,2C508459-66F1-42D0-9E31-9D84C88F609D,Baylor County Hospital District,2021,BrdMem,,Larry,,Boyd,Board Member,,,,,0,,,,,,,
134454,103227613,2C508459-66F1-42D0-9E31-9D84C88F609D,Baylor County Hospital District,2021,BrdMem,,Vonda,,Archer,Board Member,,,,,0,,,,,,,
134455,103227613,2C508459-66F1-42D0-9E31-9D84C88F609D,Baylor County Hospital District,2021,BrdMem,,N. E.,,Deweber,Board President,,,,,0,,,,,,,
134456,103227613,2C508459-66F1-42D0-9E31-9D84C88F609D,Baylor County Hospital District,2021,BrdMem,,Terry,,Bench,Board Vice President,,,,,0,,,,,,,
134460,103227613,47255403-F4A1-40A0-8343-2B00A82879D8,Baylor County Hospital District,2022,BrdMem,,Jim,,Novak,Board Member,,,,,0,,,,,,,
134461,103227613,47255403-F4A1-40A0-8343-2B00A82879D8,Baylor County Hospital District,2022,BrdMem,,Vonda,,Archer,Board Member,,,,,0,,,,,,,
134462,103227613,47255403-F4A1-40A0-8343-2B00A82879D8,Baylor County Hospital District,2022,BrdMem,,Terry,,Bench,Board Vice President,,,,,0,,,,,,,
134463,103227613,47255403-F4A1-40A0-8343-2B00A82879D8,Baylor County Hospital District,2022,BrdMem,,Juanima Kay,,Bradley,Secretary,,,,,0,,,,,,,
134464,103227613,47255403-F4A1-40A0-8343-2B00A82879D8,Baylor County Hospital District,2022,BrdMem,,Krystal,,Butler,Board Member,,,,,0,,,,,,,
134465,103227613,47255403-F4A1-40A0-8343-2B00A82879D8,Baylor County Hospital District,2022,BrdMem,,Mark,,Nichols,Board Member,,,,,0,,,,,,,
134466,103227613,47255403-F4A1-40A0-8343-2B00A82879D8,Baylor County Hospital District,2022,BrdMem,,N. E.,,Deweber,Board President,,,,,0,,,,,,,
134470,103227613,ECF01C7B-3B25-405D-870A-C24EC0E7592E,Baylor County Hospital District,2023,BrdMem,,Terry,,Bench,Board Vice President,,,,,0,,,,,,,
134471,103227613,ECF01C7B-3B25-405D-870A-C24EC0E7592E,Baylor County Hospital District,2023,BrdMem,,Mark,,Nichols,Board Member,,,,,0,,,,,,,
134472,103227613,ECF01C7B-3B25-405D-870A-C24EC0E7592E,Baylor County Hospital District,2023,BrdMem,,Juanima Kay,,Bradley,Secretary,,,,,0,,,,,,,
134473,103227613,ECF01C7B-3B25-405D-870A-C24EC0E7592E,Baylor County Hospital District,2023,BrdMem,,Jim,,Novak,Board Member,,,,,0,,,,,,,
134474,103227613,ECF01C7B-3B25-405D-870A-C24EC0E7592E,Baylor County Hospital District,2023,BrdMem,,N. E.,,Deweber,Board President,,,,,0,,,,,,,
134475,103227613,ECF01C7B-3B25-405D-870A-C24EC0E7592E,Baylor County Hospital District,2023,BrdMem,,Vonda,,Archer,Board Member,,,,,0,,,,,,,
134476,103227613,ECF01C7B-3B25-405D-870A-C24EC0E7592E,Baylor County Hospital District,2023,BrdMem,,Krystal,,Butler,Board Member,,,,,0,,,,,,,
134480,103227613,91533264-2DB5-46C9-BEF5-7823121A2E32,Baylor County Hospital District,2024,BrdMem,,Juanima Kay,,Bradley,Secretary,,,,,0,,,,,,,
134481,103227613,91533264-2DB5-46C9-BEF5-7823121A2E32,Baylor County Hospital District,2024,BrdMem,,Terry,,Bench,Board Vice President,,,,,0,,,,,,,
134482,103227613,91533264-2DB5-46C9-BEF5-7823121A2E32,Baylor County Hospital District,2024,BrdMem,,Vonda,,Archer,Board Member,,,,,0,,,,,,,
134483,103227613,91533264-2DB5-46C9-BEF5-7823121A2E32,Baylor County Hospital District,2024,BrdMem,,Jim,,Novak,Board Member,,,,,0,,,,,,,
134484,103227613,91533264-2DB5-46C9-BEF5-7823121A2E32,Baylor County Hospital District,2024,BrdMem,,Krystal,,Butler,Board Member,,,,,0,,,,,,,
134485,103227613,91533264-2DB5-46C9-BEF5-7823121A2E32,Baylor County Hospital District,2024,BrdMem,,Mark,,Nichols,Board Member,,,,,0,,,,,,,
134486,103227613,91533264-2DB5-46C9-BEF5-7823121A2E32,Baylor County Hospital District,2024,BrdMem,,N. E.,,Deweber,Board President,,,,,0,,,,,,,
134490,103227613,77143050-47B4-4ED7-A72A-CD845967035E,Baylor County Hospital District,2025,BrdMem,,John Michael,,Griffin,Board Member,,,,,0,,,,,,,
134491,103227613,77143050-47B4-4ED7-A72A-CD845967035E,Baylor County Hospital District,2025,BrdMem,,Bobby,,Morrow,Board Member,,,,,0,,,,,,,
134492,103227613,77143050-47B4-4ED7-A72A-CD845967035E,Baylor County Hospital District,2025,BrdMem,,Terry,,Bench,Board President,,,,,0,,,,,,,
134493,103227613,77143050-47B4-4ED7-A72A-CD845967035E,Baylor County Hospital District,2025,BrdMem,,Mark,,Nichols,Board Vice President,,,,,0,,,,,,,
134494,103227613,77143050-47B4-4ED7-A72A-CD845967035E,Baylor County Hospital District,2025,BrdMem,,Vonda,,Archer,Board Member,,,,,0,,,,,,,
134495,103227613,77143050-47B4-4ED7-A72A-CD845967035E,Baylor County Hospital District,2025,BrdMem,,Krystal,,Butler,Board Secretary,,,,,0,,,,,,,
134496,103227613,77143050-47B4-4ED7-A72A-CD845967035E,Baylor County Hospital District,2025,BrdMem,,Juanima Kay,,Bradley,Board Member,,,,,0,,,,,,,
134500,103227613,7CCFF3D1-A4C4-42C7-93E1-E53915A2A015,Baylor County Hospital District,2026,BrdMem,,Krystal,,Butler,Board Secretary,,,,,0,,,,,,,
134501,103227613,7CCFF3D1-A4C4-42C7-93E1-E53915A2A015,Baylor County Hospital District,2026,BrdMem,,Bobby,,Morrow,Board Member,,,,,0,,,,,,,
134502,103227613,7CCFF3D1-A4C4-42C7-93E1-E53915A2A015,Baylor County Hospital District,2026,BrdMem,,John Michael,,Griffin,Board Member,,,,,0,,,,,,,
134503,103227613,7CCFF3D1-A4C4-42C7-93E1-E53915A2A015,Baylor County Hospital District,2026,BrdMem,,Terry,,Bench,Board President,,,,,0,,,,,,,
134504,103227613,7CCFF3D1-A4C4-42C7-93E1-E53915A2A015,Baylor County Hospital District,2026,BrdMem,,Juanima Kay,,Bradley,Board Member,,,,,0,,,,,,,
134505,103227613,7CCFF3D1-A4C4-42C7-93E1-E53915A2A015,Baylor County Hospital District,2026,BrdMem,,Mark,,Nichols,Board Vice President,,,,,0,,,,,,,
134506,103227613,7CCFF3D1-A4C4-42C7-93E1-E53915A2A015,Baylor County Hospital District,2026,BrdMem,,Vonda,,Archer,Board Member,,,,,0,,,,,,,
134736,103227621,631BDFD8-2E15-48BC-A98F-3BAF77C522BB,Reagan Hospital District,2018,BrdMem,,Reggie,,Aguilar,Director,,,,,0,,,,,,,
134737,103227621,631BDFD8-2E15-48BC-A98F-3BAF77C522BB,Reagan Hospital District,2018,BrdMem,,Robin,,Russell,Director,,,,,0,,,,,,,
134738,103227621,631BDFD8-2E15-48BC-A98F-3BAF77C522BB,Reagan Hospital District,2018,BrdMem,,Ann,,Schneeman,Director,,,,,0,,,,,,,
134739,103227621,631BDFD8-2E15-48BC-A98F-3BAF77C522BB,Reagan Hospital District,2018,BrdMem,,Heath,,Holt,Director,,,,,0,,,,,,,
134740,103227621,631BDFD8-2E15-48BC-A98F-3BAF77C522BB,Reagan Hospital District,2018,BrdMem,,Linda,,Rees,Board President,,,,,0,,,,,,,
134741,103227621,631BDFD8-2E15-48BC-A98F-3BAF77C522BB,Reagan Hospital District,2018,BrdMem,,Sharon,,Campbell,Director,,,,,0,,,,,,,
134745,103227621,F951425D-8FEA-4109-AACE-A658DB602452,Reagan Hospital District,2019,BrdMem,,Heath,,Holt,Director,,,,,0,,,,,,,
134746,103227621,F951425D-8FEA-4109-AACE-A658DB602452,Reagan Hospital District,2019,BrdMem,,Reggie,,Aguilar,Director,,,,,0,,,,,,,
134747,103227621,F951425D-8FEA-4109-AACE-A658DB602452,Reagan Hospital District,2019,BrdMem,,Linda,,Rees,Board President,,,,,0,,,,,,,
134748,103227621,F951425D-8FEA-4109-AACE-A658DB602452,Reagan Hospital District,2019,BrdMem,,Ann,,Schneeman,Director,,,,,0,,,,,,,
134749,103227621,F951425D-8FEA-4109-AACE-A658DB602452,Reagan Hospital District,2019,BrdMem,,Robin,,Russell,Director,,,,,0,,,,,,,
134750,103227621,F951425D-8FEA-4109-AACE-A658DB602452,Reagan Hospital District,2019,BrdMem,,Sharon,,Campbell,Director,,,,,0,,,,,,,
134754,103227621,03E555BD-5F38-4056-8B75-76CBEC47E31B,Reagan Hospital District,2020,BrdMem,,Reggie,,Aguilar,Director,,,,,0,,,,,,,
134755,103227621,03E555BD-5F38-4056-8B75-76CBEC47E31B,Reagan Hospital District,2020,BrdMem,,Robin,,Russell,Director,,,,,0,,,,,,,
134756,103227621,03E555BD-5F38-4056-8B75-76CBEC47E31B,Reagan Hospital District,2020,BrdMem,,Linda,,Rees,Board President,,,,,0,,,,,,,
134757,103227621,03E555BD-5F38-4056-8B75-76CBEC47E31B,Reagan Hospital District,2020,BrdMem,,Ann,,Schneeman,Director,,,,,0,,,,,,,
134758,103227621,03E555BD-5F38-4056-8B75-76CBEC47E31B,Reagan Hospital District,2020,BrdMem,,Sharon,,Campbell,Director,,,,,0,,,,,,,
134759,103227621,03E555BD-5F38-4056-8B75-76CBEC47E31B,Reagan Hospital District,2020,BrdMem,,Heath,,Holt,Director,,,,,0,,,,,,,
134763,103227621,12004935-5A1D-456C-A30D-5F4C86AA8A99,Reagan Hospital District,2021,BrdMem,,Tracey,,McPhaul,Director,,,,,0,,,,,,,
134764,103227621,12004935-5A1D-456C-A30D-5F4C86AA8A99,Reagan Hospital District,2021,BrdMem,,Heath,,Holt,Director,,,,,0,,,,,,,
134765,103227621,12004935-5A1D-456C-A30D-5F4C86AA8A99,Reagan Hospital District,2021,BrdMem,,Robin,,Russell,Director,,,,,0,,,,,,,
134766,103227621,12004935-5A1D-456C-A30D-5F4C86AA8A99,Reagan Hospital District,2021,BrdMem,,Linda,,Rees,Board President,,,,,0,,,,,,,
134767,103227621,12004935-5A1D-456C-A30D-5F4C86AA8A99,Reagan Hospital District,2021,BrdMem,,Reggie,,Aguilar,Director,,,,,0,,,,,,,
134768,103227621,12004935-5A1D-456C-A30D-5F4C86AA8A99,Reagan Hospital District,2021,BrdMem,,Ann,,Schneeman,Director,,,,,0,,,,,,,
134772,103227621,C652F597-9D8A-426A-B5B5-2CFF10D12C6F,Reagan Hospital District,2022,BrdMem,,Robin,,Russell,Director,,,,,0,,,,,,,
134773,103227621,C652F597-9D8A-426A-B5B5-2CFF10D12C6F,Reagan Hospital District,2022,BrdMem,,Heath,,Holt,Director,,,,,0,,,,,,,
134774,103227621,C652F597-9D8A-426A-B5B5-2CFF10D12C6F,Reagan Hospital District,2022,BrdMem,,Ann,,Schneeman,Director,,,,,0,,,,,,,
134775,103227621,C652F597-9D8A-426A-B5B5-2CFF10D12C6F,Reagan Hospital District,2022,BrdMem,,Tracey,,McPhaul,Director,,,,,0,,,,,,,
134776,103227621,C652F597-9D8A-426A-B5B5-2CFF10D12C6F,Reagan Hospital District,2022,BrdMem,,Reggie,,Aguilar,Director,,,,,0,,,,,,,
134780,103227621,213C38AB-A5B7-43B4-9D0E-4D34E5CCE8B9,Reagan Hospital District,2023,BrdMem,,Shelbie,,McKay,Director,,,,,0,,,,,,,
134781,103227621,213C38AB-A5B7-43B4-9D0E-4D34E5CCE8B9,Reagan Hospital District,2023,BrdMem,,Reggie,,Aguilar,Director,,,,,0,,,,,,,
134782,103227621,213C38AB-A5B7-43B4-9D0E-4D34E5CCE8B9,Reagan Hospital District,2023,BrdMem,,Tracey,,McPhaul,Director,,,,,0,,,,,,,
134783,103227621,213C38AB-A5B7-43B4-9D0E-4D34E5CCE8B9,Reagan Hospital District,2023,BrdMem,,Heath,,Holt,Director,,,,,0,,,,,,,
134784,103227621,213C38AB-A5B7-43B4-9D0E-4D34E5CCE8B9,Reagan Hospital District,2023,BrdMem,,Robin,,Russell,Director,,,,,0,,,,,,,
134785,103227621,213C38AB-A5B7-43B4-9D0E-4D34E5CCE8B9,Reagan Hospital District,2023,BrdMem,,Melanie,,Baucom,Director,,,,,0,,,,,,,
134789,103227621,011598C5-65B8-4E32-A4DC-F8A32F8EEF96,Reagan Hospital District,2024,BrdMem,,Heath,,Holt,Director,,,,,0,,,,,,,
134790,103227621,011598C5-65B8-4E32-A4DC-F8A32F8EEF96,Reagan Hospital District,2024,BrdMem,,Tracey,,McPhaul,Director,,,,,0,,,,,,,
134791,103227621,011598C5-65B8-4E32-A4DC-F8A32F8EEF96,Reagan Hospital District,2024,BrdMem,,Shelbie,,McKay,Director,,,,,0,,,,,,,
134792,103227621,011598C5-65B8-4E32-A4DC-F8A32F8EEF96,Reagan Hospital District,2024,BrdMem,,Robin,,Russell,Director,,,,,0,,,,,,,
134793,103227621,011598C5-65B8-4E32-A4DC-F8A32F8EEF96,Reagan Hospital District,2024,BrdMem,,Melanie,,Baucom,Director,,,,,0,,,,,,,
134794,103227621,011598C5-65B8-4E32-A4DC-F8A32F8EEF96,Reagan Hospital District,2024,BrdMem,,Reggie,,Aguilar,Director,,,,,0,,,,,,,
134798,103227621,3CC97EF6-4816-41E5-8AB4-760383A5CCD2,Reagan Hospital District,2025,BrdMem,,Tracey,,McPhaul,Director,,,,,0,,,,,,,
134799,103227621,3CC97EF6-4816-41E5-8AB4-760383A5CCD2,Reagan Hospital District,2025,BrdMem,,Melanie,,Baucom,Director,,,,,0,,,,,,,
134800,103227621,3CC97EF6-4816-41E5-8AB4-760383A5CCD2,Reagan Hospital District,2025,BrdMem,,Shelbie,,McKay,Director,,,,,0,,,,,,,
134801,103227621,3CC97EF6-4816-41E5-8AB4-760383A5CCD2,Reagan Hospital District,2025,BrdMem,,Robin,,Russell,Director,,,,,0,,,,,,,
134802,103227621,3CC97EF6-4816-41E5-8AB4-760383A5CCD2,Reagan Hospital District,2025,BrdMem,,Heath,,Holt,Director,,,,,0,,,,,,,
134803,103227621,3CC97EF6-4816-41E5-8AB4-760383A5CCD2,Reagan Hospital District,2025,BrdMem,,Reggie,,Aguilar,Director,,,,,0,,,,,,,
136075,103227640,5F4D1B62-F353-4769-B0B5-16207B2F9BCA,Wood County Central Hospital District,2018,BrdMem,,Orval,,Lindsey,Director,,,,,0,,,,,,,
136076,103227640,5F4D1B62-F353-4769-B0B5-16207B2F9BCA,Wood County Central Hospital District,2018,BrdMem,,Ricky,,Cameron,Director,,,,,0,,,,,,,
136077,103227640,5F4D1B62-F353-4769-B0B5-16207B2F9BCA,Wood County Central Hospital District,2018,BrdMem,,Beverky,,Waddleton,Vice President,,,,,0,,,,,,,
136078,103227640,5F4D1B62-F353-4769-B0B5-16207B2F9BCA,Wood County Central Hospital District,2018,BrdMem,,Jim,,Bowen,Director,,,,,0,,,,,,,
136079,103227640,5F4D1B62-F353-4769-B0B5-16207B2F9BCA,Wood County Central Hospital District,2018,BrdMem,,Jan,,Gorman,Secretary,,,,,0,,,,,,,
136080,103227640,5F4D1B62-F353-4769-B0B5-16207B2F9BCA,Wood County Central Hospital District,2018,BrdMem,,Annette,,Simpkins,President,,,,,0,,,,,,,
136084,103227640,C7C5FBC1-5748-4DF5-BD0B-53B5BA90038E,Wood County Central Hospital District,2019,BrdMem,,Ricky,,Cameron,Director,,,,,0,,,,,,,
136085,103227640,C7C5FBC1-5748-4DF5-BD0B-53B5BA90038E,Wood County Central Hospital District,2019,BrdMem,,Jan,,Gorman,Secretary,,,,,0,,,,,,,
136086,103227640,C7C5FBC1-5748-4DF5-BD0B-53B5BA90038E,Wood County Central Hospital District,2019,BrdMem,,Orval,,Lindsey,Director,,,,,0,,,,,,,
136087,103227640,C7C5FBC1-5748-4DF5-BD0B-53B5BA90038E,Wood County Central Hospital District,2019,BrdMem,,Beverky,,Waddleton,Vice President,,,,,0,,,,,,,
136088,103227640,C7C5FBC1-5748-4DF5-BD0B-53B5BA90038E,Wood County Central Hospital District,2019,BrdMem,,Annette,,Simpkins,President,,,,,0,,,,,,,
136089,103227640,C7C5FBC1-5748-4DF5-BD0B-53B5BA90038E,Wood County Central Hospital District,2019,BrdMem,,Jim,,Bowen,Director,,,,,0,,,,,,,
136093,103227640,3E0CF119-8069-4301-89A9-89A29B42F0DF,Wood County Central Hospital District,2020,BrdMem,,Annette,,Simpkins,President,,,,,0,,,,,,,
136094,103227640,3E0CF119-8069-4301-89A9-89A29B42F0DF,Wood County Central Hospital District,2020,BrdMem,,Ricky,,Cameron,Director,,,,,0,,,,,,,
136095,103227640,3E0CF119-8069-4301-89A9-89A29B42F0DF,Wood County Central Hospital District,2020,BrdMem,,Jan,,Gorman,Secretary,,,,,0,,,,,,,
136096,103227640,3E0CF119-8069-4301-89A9-89A29B42F0DF,Wood County Central Hospital District,2020,BrdMem,,Beverky,,Waddleton,Vice President,,,,,0,,,,,,,
136097,103227640,3E0CF119-8069-4301-89A9-89A29B42F0DF,Wood County Central Hospital District,2020,BrdMem,,Orval,,Lindsey,Director,,,,,0,,,,,,,
136098,103227640,3E0CF119-8069-4301-89A9-89A29B42F0DF,Wood County Central Hospital District,2020,BrdMem,,Jim,,Bowen,Director,,,,,0,,,,,,,
136102,103227640,2BBB6682-45E6-4FE1-989C-515AC30ABB63,Wood County Central Hospital District,2021,BrdMem,,Dr Paul,,Driver,Director,,,,,0,,,,,,,
136103,103227640,2BBB6682-45E6-4FE1-989C-515AC30ABB63,Wood County Central Hospital District,2021,BrdMem,,Annette,,Simpkins,President,,,,,0,,,,,,,
136104,103227640,2BBB6682-45E6-4FE1-989C-515AC30ABB63,Wood County Central Hospital District,2021,BrdMem,,Jan,,Gorman,Secretary,,,,,0,,,,,,,
136105,103227640,2BBB6682-45E6-4FE1-989C-515AC30ABB63,Wood County Central Hospital District,2021,BrdMem,,Beverky,,Waddleton,Vice President,,,,,0,,,,,,,
136106,103227640,2BBB6682-45E6-4FE1-989C-515AC30ABB63,Wood County Central Hospital District,2021,BrdMem,,Orval,,Lindsey,Director,,,,,0,,,,,,,
136107,103227640,2BBB6682-45E6-4FE1-989C-515AC30ABB63,Wood County Central Hospital District,2021,BrdMem,,Jim,,Bowen,Director,,,,,0,,,,,,,
136111,103227640,B418371A-E416-4559-BBC3-451FA28F03EB,Wood County Central Hospital District,2022,BrdMem,,Dr Paul,,Driver,Director,,,,,0,,,,,,,
136112,103227640,B418371A-E416-4559-BBC3-451FA28F03EB,Wood County Central Hospital District,2022,BrdMem,,Jan,,Gorman,Secretary,,,,,0,,,,,,,
136113,103227640,B418371A-E416-4559-BBC3-451FA28F03EB,Wood County Central Hospital District,2022,BrdMem,,Beverky,,Waddleton,Vice President,,,,,0,,,,,,,
136114,103227640,B418371A-E416-4559-BBC3-451FA28F03EB,Wood County Central Hospital District,2022,BrdMem,,Jim,,Bowen,Director,,,,,0,,,,,,,
136115,103227640,B418371A-E416-4559-BBC3-451FA28F03EB,Wood County Central Hospital District,2022,BrdMem,,Annette,,Simpkins,President,,,,,0,,,,,,,
136116,103227640,B418371A-E416-4559-BBC3-451FA28F03EB,Wood County Central Hospital District,2022,BrdMem,,Orval,,Lindsey,Director,,,,,0,,,,,,,
136120,103227640,A3F5C670-4516-4533-96BE-831CD5864266,Wood County Central Hospital District,2023,BrdMem,,Beverky,,Waddleton,Vice President,,,,,0,,,,,,,
136121,103227640,A3F5C670-4516-4533-96BE-831CD5864266,Wood County Central Hospital District,2023,BrdMem,,Annette,,Simpkins,President,,,,,0,,,,,,,
136122,103227640,A3F5C670-4516-4533-96BE-831CD5864266,Wood County Central Hospital District,2023,BrdMem,,Kevin,,Cameron,Board Member,,,,,0,,,,,,,
136123,103227640,A3F5C670-4516-4533-96BE-831CD5864266,Wood County Central Hospital District,2023,BrdMem,,Jan,,Gorman,Secretary,,,,,0,,,,,,,
136124,103227640,A3F5C670-4516-4533-96BE-831CD5864266,Wood County Central Hospital District,2023,BrdMem,,Dr Paul,,Driver,Director,,,,,0,,,,,,,
136125,103227640,A3F5C670-4516-4533-96BE-831CD5864266,Wood County Central Hospital District,2023,BrdMem,,Orval,,Lindsey,Director,,,,,0,,,,,,,
136129,103227640,F2396890-CBD2-4B8E-B72C-35622AB597EC,Wood County Central Hospital District,2024,BrdMem,,Beverky,,Waddleton,Vice President,,,,,0,,,,,,,
136130,103227640,F2396890-CBD2-4B8E-B72C-35622AB597EC,Wood County Central Hospital District,2024,BrdMem,,Orval,,Lindsey,Director,,,,,0,,,,,,,
136131,103227640,F2396890-CBD2-4B8E-B72C-35622AB597EC,Wood County Central Hospital District,2024,BrdMem,,Annette,,Simpkins,President,,,,,0,,,,,,,
136132,103227640,F2396890-CBD2-4B8E-B72C-35622AB597EC,Wood County Central Hospital District,2024,BrdMem,,Dr Paul,,Driver,Director,,,,,0,,,,,,,
136133,103227640,F2396890-CBD2-4B8E-B72C-35622AB597EC,Wood County Central Hospital District,2024,BrdMem,,Kevin,,Cameron,Treasurer,,,,,0,,,,,,,
136134,103227640,F2396890-CBD2-4B8E-B72C-35622AB597EC,Wood County Central Hospital District,2024,BrdMem,,Jan,,Gorman,Secretary,,,,,0,,,,,,,
136138,103227640,2E3DCB52-9454-4AC0-9DBA-E64F7C12F6BD,Wood County Central Hospital District,2025,BrdMem,,Kevin,,Cameron,Treasurer,,,,,0,,,,,,,
136139,103227640,2E3DCB52-9454-4AC0-9DBA-E64F7C12F6BD,Wood County Central Hospital District,2025,BrdMem,,Jan,,Gorman,Secretary,,,,,0,,,,,,,
136140,103227640,2E3DCB52-9454-4AC0-9DBA-E64F7C12F6BD,Wood County Central Hospital District,2025,BrdMem,,Annette,,Simpkins,President,,,,,0,,,,,,,
136141,103227640,2E3DCB52-9454-4AC0-9DBA-E64F7C12F6BD,Wood County Central Hospital District,2025,BrdMem,,Beverky,,Waddleton,Vice President,,,,,0,,,,,,,
136142,103227640,2E3DCB52-9454-4AC0-9DBA-E64F7C12F6BD,Wood County Central Hospital District,2025,BrdMem,,Orval,,Lindsey,Director,,,,,0,,,,,,,
136143,103227640,2E3DCB52-9454-4AC0-9DBA-E64F7C12F6BD,Wood County Central Hospital District,2025,BrdMem,,Dr Paul,,Driver,Director,,,,,0,,,,,,,
136147,103227640,CF120B3D-884C-44C0-BE88-532E62AAE0B1,Wood County Central Hospital District,2026,BrdMem,,Jan,,Gorman,Secretary,,,,,0,,,,,,,
136148,103227640,CF120B3D-884C-44C0-BE88-532E62AAE0B1,Wood County Central Hospital District,2026,BrdMem,,Annette,,Simpkins,President,,,,,0,,,,,,,
136149,103227640,CF120B3D-884C-44C0-BE88-532E62AAE0B1,Wood County Central Hospital District,2026,BrdMem,,Kevan,,Burroughs,Director,,,,,0,,,,,,,
136150,103227640,CF120B3D-884C-44C0-BE88-532E62AAE0B1,Wood County Central Hospital District,2026,BrdMem,,Beverky,,Waddleton,Vice President,,,,,0,,,,,,,
136151,103227640,CF120B3D-884C-44C0-BE88-532E62AAE0B1,Wood County Central Hospital District,2026,BrdMem,,Kevin,,Cameron,Treasurer,,,,,0,,,,,,,
136152,103227640,CF120B3D-884C-44C0-BE88-532E62AAE0B1,Wood County Central Hospital District,2026,BrdMem,,Dr Paul,,Driver,Director,,,,,0,,,,,,,
136153,103227640,CF120B3D-884C-44C0-BE88-532E62AAE0B1,Wood County Central Hospital District,2026,BrdMem,,Orval,,Lindsey,Director,,,,,0,,,,,,,
139094,103227688,F1385E43-CD9C-4BC1-832F-C3821EAF41ED,Harris County Emergency Services District #11,2018,BrdMem,,Karen,,Plummer,Vice President,,,,,0,,,,,,,
139095,103227688,F1385E43-CD9C-4BC1-832F-C3821EAF41ED,Harris County Emergency Services District #11,2018,BrdMem,,Fred,,Grundmeyer,Secretary,,,,,0,,,,,,,
139096,103227688,F1385E43-CD9C-4BC1-832F-C3821EAF41ED,Harris County Emergency Services District #11,2018,BrdMem,,Tommy,,Ripley,President,,,,,0,,,,,,,
139097,103227688,F1385E43-CD9C-4BC1-832F-C3821EAF41ED,Harris County Emergency Services District #11,2018,BrdMem,,Robert,,Pinard,Treasurer,,,,,0,,,,,,,
139098,103227688,F1385E43-CD9C-4BC1-832F-C3821EAF41ED,Harris County Emergency Services District #11,2018,BrdMem,,Kevin,,Brost,Assistant Treasurer,,,,,0,,,,,,,
139102,103227688,2DC7104E-8DB8-4078-A7B0-262958B249F2,Harris County Emergency Services District #11,2019,BrdMem,,Steve,,Williams,Vice President,,,,,0,,,,,,,
139103,103227688,2DC7104E-8DB8-4078-A7B0-262958B249F2,Harris County Emergency Services District #11,2019,BrdMem,,Karen,,Plummer,President,,,,,0,,,,,,,
139104,103227688,2DC7104E-8DB8-4078-A7B0-262958B249F2,Harris County Emergency Services District #11,2019,BrdMem,,Fred,,Grundmeyer,Secretary,,,,,0,,,,,,,
139105,103227688,2DC7104E-8DB8-4078-A7B0-262958B249F2,Harris County Emergency Services District #11,2019,BrdMem,,Robert,,Pinard,Treasurer Asst Sec,,,,,0,,,,,,,
139106,103227688,2DC7104E-8DB8-4078-A7B0-262958B249F2,Harris County Emergency Services District #11,2019,BrdMem,,Robert Kevin,,Brost,Assistant Treasurer,,,,,0,,,,,,,
139110,103227688,FB55F2F9-3C92-49C2-9BC2-0872A263C1FB,Harris County Emergency Services District #11,2020,BrdMem,,Steve,,Williams,Vice President,,,,,0,,,,,,,
139111,103227688,FB55F2F9-3C92-49C2-9BC2-0872A263C1FB,Harris County Emergency Services District #11,2020,BrdMem,,Fred,,Grundmeyer,Secretary,,,,,0,,,,,,,
139112,103227688,FB55F2F9-3C92-49C2-9BC2-0872A263C1FB,Harris County Emergency Services District #11,2020,BrdMem,,Robert,,Pinard,Treasurer Asst Sec,,,,,0,,,,,,,
139113,103227688,FB55F2F9-3C92-49C2-9BC2-0872A263C1FB,Harris County Emergency Services District #11,2020,BrdMem,,Robert Kevin,,Brost,Assistant Treasurer,,,,,0,,,,,,,
139114,103227688,FB55F2F9-3C92-49C2-9BC2-0872A263C1FB,Harris County Emergency Services District #11,2020,BrdMem,,Karen,,Plummer,President,,,,,0,,,,,,,
139118,103227688,55E9BF92-12F7-4B1F-9C0E-6DF497D7EC10,Harris County Emergency Services District #11,2021,BrdMem,,Karen,,Plummer,President,,,,,0,,,,,,,
139119,103227688,55E9BF92-12F7-4B1F-9C0E-6DF497D7EC10,Harris County Emergency Services District #11,2021,BrdMem,,Steve,,Williams,Vice President,,,,,0,,,,,,,
139120,103227688,55E9BF92-12F7-4B1F-9C0E-6DF497D7EC10,Harris County Emergency Services District #11,2021,BrdMem,,Robert Kevin,,Brost,Assistant Treasurer,,,,,0,,,,,,,
139121,103227688,55E9BF92-12F7-4B1F-9C0E-6DF497D7EC10,Harris County Emergency Services District #11,2021,BrdMem,,Fred,,Grundmeyer,Secretary,,,,,0,,,,,,,
139122,103227688,55E9BF92-12F7-4B1F-9C0E-6DF497D7EC10,Harris County Emergency Services District #11,2021,BrdMem,,Robert,,Pinard,Treasurer Asst Sec,,,,,0,,,,,,,
139127,103227688,5226AF8D-558A-413B-8950-3DBA1A121558,Harris County Emergency Services District #11,2022,BrdMem,,Robert Kevin,,Brost,Assistant Treasurer,,,,,0,,,,,,,
139128,103227688,5226AF8D-558A-413B-8950-3DBA1A121558,Harris County Emergency Services District #11,2022,BrdMem,,Steve,,Williams,Vice President,,,,,0,,,,,,,
139129,103227688,5226AF8D-558A-413B-8950-3DBA1A121558,Harris County Emergency Services District #11,2022,BrdMem,,Karen,,Plummer,President,,,,,0,,,,,,,
139130,103227688,5226AF8D-558A-413B-8950-3DBA1A121558,Harris County Emergency Services District #11,2022,BrdMem,,Fred,,Grundmeyer,Secretary,,,,,0,,,,,,,
139131,103227688,5226AF8D-558A-413B-8950-3DBA1A121558,Harris County Emergency Services District #11,2022,BrdMem,,Robert,,Pinard,Treasurer Asst Sec,,,,,0,,,,,,,
139136,103227688,C5640880-7E51-4E1F-865D-47C7E36051AD,Harris County Emergency Services District #11,2023,BrdMem,,Zach,,Dunlap,Assistant Treasurer,,,,,0,,,,,,,
139137,103227688,C5640880-7E51-4E1F-865D-47C7E36051AD,Harris County Emergency Services District #11,2023,BrdMem,,Steve,,Williams,Vice President,,,,,0,,,,,,,
139138,103227688,C5640880-7E51-4E1F-865D-47C7E36051AD,Harris County Emergency Services District #11,2023,BrdMem,,Robert,,Pinard,Treasurer Asst Sec,,,,,0,,,,,,,
139139,103227688,C5640880-7E51-4E1F-865D-47C7E36051AD,Harris County Emergency Services District #11,2023,BrdMem,,Dorothy,,Dalton,Secretary,,,,,0,,,,,,,
139140,103227688,C5640880-7E51-4E1F-865D-47C7E36051AD,Harris County Emergency Services District #11,2023,BrdMem,,Karen,,Plummer,President,,,,,0,,,,,,,
139145,103227688,54712C99-45C6-4072-98E6-098F6E8EC424,Harris County Emergency Services District #11,2024,BrdMem,,Karen,,Plummer,President,,,,,0,,,,,,,
139146,103227688,54712C99-45C6-4072-98E6-098F6E8EC424,Harris County Emergency Services District #11,2024,BrdMem,,Zach,,Dunlap,Assistant Treasurer,,,,,0,,,,,,,
139147,103227688,54712C99-45C6-4072-98E6-098F6E8EC424,Harris County Emergency Services District #11,2024,BrdMem,,Steve,,Williams,Vice President,,,,,0,,,,,,,
139148,103227688,54712C99-45C6-4072-98E6-098F6E8EC424,Harris County Emergency Services District #11,2024,BrdMem,,Robert,,Pinard,Treasurer Asst Sec,,,,,0,,,,,,,
139149,103227688,54712C99-45C6-4072-98E6-098F6E8EC424,Harris County Emergency Services District #11,2024,BrdMem,,Dorothy,,Dalton,Secretary,,,,,0,,,,,,,
139154,103227688,54FD6359-A1F6-4DB8-AAF5-3AA5D0DB6FB7,Harris County Emergency Services District #11,2025,BrdMem,,Dorothy,,Dalton,Vice President,,,,,0,,,,,,,
139155,103227688,54FD6359-A1F6-4DB8-AAF5-3AA5D0DB6FB7,Harris County Emergency Services District #11,2025,BrdMem,,Kofi,,Barkoh,Treasurer,,,,,0,,,,,,,
139156,103227688,54FD6359-A1F6-4DB8-AAF5-3AA5D0DB6FB7,Harris County Emergency Services District #11,2025,BrdMem,,George,,Peckham,Assistant Treasurer,,,,,0,,,,,,,
139157,103227688,54FD6359-A1F6-4DB8-AAF5-3AA5D0DB6FB7,Harris County Emergency Services District #11,2025,BrdMem,,Karen,,Plummer,President,,,,,0,,,,,,,
139158,103227688,54FD6359-A1F6-4DB8-AAF5-3AA5D0DB6FB7,Harris County Emergency Services District #11,2025,BrdMem,,Jared,,Adams,Secretary,,,,,0,,,,,,,
139163,103227688,E4E82ADA-29D8-437B-8252-94D7D4B05A2F,Harris County Emergency Services District #11,2026,BrdMem,,Kofi,,Barkoh,Treasurer,,,,,0,,,,,,,
139164,103227688,E4E82ADA-29D8-437B-8252-94D7D4B05A2F,Harris County Emergency Services District #11,2026,BrdMem,,Jared,,Adams,Secretary,,,,,0,,,,,,,
139165,103227688,E4E82ADA-29D8-437B-8252-94D7D4B05A2F,Harris County Emergency Services District #11,2026,BrdMem,,George,,Peckham,Assistant Treasurer,,,,,0,,,,,,,
139166,103227688,E4E82ADA-29D8-437B-8252-94D7D4B05A2F,Harris County Emergency Services District #11,2026,BrdMem,,Dorothy,,Dalton,Vice President,,,,,0,,,,,,,
139167,103227688,E4E82ADA-29D8-437B-8252-94D7D4B05A2F,Harris County Emergency Services District #11,2026,BrdMem,,Karen,,Plummer,President,,,,,0,,,,,,,
139172,103227689,CABF8B64-F28F-453E-A718-ABFC294047C5,Lake Travis Community Library District,2018,BrdMem,,PK,,Chatterjee,Treasurer,,,,,0,,,,,,,
139173,103227689,CABF8B64-F28F-453E-A718-ABFC294047C5,Lake Travis Community Library District,2018,BrdMem,,Sharon,,Rogers,Vice President,,,,,0,,,,,,,
139174,103227689,CABF8B64-F28F-453E-A718-ABFC294047C5,Lake Travis Community Library District,2018,BrdMem,,Carol,,Black,President,,,,,0,,,,,,,
139175,103227689,CABF8B64-F28F-453E-A718-ABFC294047C5,Lake Travis Community Library District,2018,BrdMem,,Nancy,,Pencsak,Secretary,,,,,0,,,,,,,
139176,103227689,CABF8B64-F28F-453E-A718-ABFC294047C5,Lake Travis Community Library District,2018,BrdMem,,Alan,,Gober,Trustee,,,,,0,,,,,,,
139179,103227689,970172F4-E0F8-4368-AB3C-FB0AFA93AB5A,Lake Travis Community Library District,2019,BrdMem,,Alan,,Gober,Trustee,,,,,0,,,,,,,
139180,103227689,970172F4-E0F8-4368-AB3C-FB0AFA93AB5A,Lake Travis Community Library District,2019,BrdMem,,PK,,Chatterjee,Treasurer,,,,,0,,,,,,,
139181,103227689,970172F4-E0F8-4368-AB3C-FB0AFA93AB5A,Lake Travis Community Library District,2019,BrdMem,,Sharon,,Temple,Secretary,,,,,0,,,,,,,
139182,103227689,970172F4-E0F8-4368-AB3C-FB0AFA93AB5A,Lake Travis Community Library District,2019,BrdMem,,Carol,,Black,President,,,,,0,,,,,,,
139183,103227689,970172F4-E0F8-4368-AB3C-FB0AFA93AB5A,Lake Travis Community Library District,2019,BrdMem,,Sharon,,Rogers,Vice President,,,,,0,,,,,,,
139186,103227689,9DABB2FA-C909-4382-810D-3AFEA1098BF2,Lake Travis Community Library District,2020,BrdMem,,PK,,Chatterjee,Treasurer,,,,,0,,,,,,,
139187,103227689,9DABB2FA-C909-4382-810D-3AFEA1098BF2,Lake Travis Community Library District,2020,BrdMem,,Carol,,Black,President,,,,,0,,,,,,,
139188,103227689,9DABB2FA-C909-4382-810D-3AFEA1098BF2,Lake Travis Community Library District,2020,BrdMem,,Sharon,,Rogers,Vice President,,,,,0,,,,,,,
139189,103227689,9DABB2FA-C909-4382-810D-3AFEA1098BF2,Lake Travis Community Library District,2020,BrdMem,,Sharon,,Temple,Secretary,,,,,0,,,,,,,
139190,103227689,9DABB2FA-C909-4382-810D-3AFEA1098BF2,Lake Travis Community Library District,2020,BrdMem,,Alan,,Gober,Trustee,,,,,0,,,,,,,
139193,103227689,9F7F320F-622E-4914-9D12-0138D18DDBFA,Lake Travis Community Library District,2021,BrdMem,,Carol,,Black,President,,,,,0,,,,,,,
139194,103227689,9F7F320F-622E-4914-9D12-0138D18DDBFA,Lake Travis Community Library District,2021,BrdMem,,PK,,Chatterjee,Treasurer,,,,,0,,,,,,,
139195,103227689,9F7F320F-622E-4914-9D12-0138D18DDBFA,Lake Travis Community Library District,2021,BrdMem,,Sharon,,Rogers,Vice President,,,,,0,,,,,,,
139196,103227689,9F7F320F-622E-4914-9D12-0138D18DDBFA,Lake Travis Community Library District,2021,BrdMem,,Alan,,Gober,Trustee,,,,,0,,,,,,,
139197,103227689,9F7F320F-622E-4914-9D12-0138D18DDBFA,Lake Travis Community Library District,2021,BrdMem,,Amy,,Holland,Secretary,,,,,0,,,,,,,
139200,103227689,B440C77F-B5A0-4992-8755-49828B59773C,Lake Travis Community Library District,2023,BrdMem,,Sharon,,Rogers,President,,,,,0,,,,,,,
139201,103227689,B440C77F-B5A0-4992-8755-49828B59773C,Lake Travis Community Library District,2023,BrdMem,,Tom,,Seidenstricker,Trustee,,,,,0,,,,,,,
139202,103227689,B440C77F-B5A0-4992-8755-49828B59773C,Lake Travis Community Library District,2023,BrdMem,,Jim,,Bannerot,Trustee,,,,,0,,,,,,,
139203,103227689,B440C77F-B5A0-4992-8755-49828B59773C,Lake Travis Community Library District,2023,BrdMem,,PK,,Chatterjee,Treasurer,,,,,0,,,,,,,
139204,103227689,B440C77F-B5A0-4992-8755-49828B59773C,Lake Travis Community Library District,2023,BrdMem,,Amy,,Holland,Secretary,,,,,0,,,,,,,
139207,103227689,FDDC1829-AA13-44D9-BFC8-59B213A06163,Lake Travis Community Library District,2024,BrdMem,,Tom,,Seidenstricker,Trustee,,,,,0,,,,,,,
139208,103227689,FDDC1829-AA13-44D9-BFC8-59B213A06163,Lake Travis Community Library District,2024,BrdMem,,PK,,Chatterjee,Treasurer,,,,,0,,,,,,,
139209,103227689,FDDC1829-AA13-44D9-BFC8-59B213A06163,Lake Travis Community Library District,2024,BrdMem,,Jim,,Bannerot,Trustee,,,,,0,,,,,,,
139210,103227689,FDDC1829-AA13-44D9-BFC8-59B213A06163,Lake Travis Community Library District,2024,BrdMem,,Sharon,,Rogers,President,,,,,0,,,,,,,
139211,103227689,FDDC1829-AA13-44D9-BFC8-59B213A06163,Lake Travis Community Library District,2024,BrdMem,,Amy,,Holland,Secretary,,,,,0,,,,,,,
139214,103227689,CD00C45B-D682-485E-ADA4-048C669C6929,Lake Travis Community Library District,2025,BrdMem,,Jim,,Bannerot,Trustee,,,,,0,,,,,,,
139215,103227689,CD00C45B-D682-485E-ADA4-048C669C6929,Lake Travis Community Library District,2025,BrdMem,,Amy,,Holland,Secretary,,,,,0,,,,,,,
139216,103227689,CD00C45B-D682-485E-ADA4-048C669C6929,Lake Travis Community Library District,2025,BrdMem,,Sharon,,Rogers,President,,,,,0,,,,,,,
139217,103227689,CD00C45B-D682-485E-ADA4-048C669C6929,Lake Travis Community Library District,2025,BrdMem,,PK,,Chatterjee,Treasurer,,,,,0,,,,,,,
139218,103227689,CD00C45B-D682-485E-ADA4-048C669C6929,Lake Travis Community Library District,2025,BrdMem,,Tom,,Seidenstricker,Trustee,,,,,0,,,,,,,
139221,103227689,FD786679-3A59-43D2-A999-930D1CE709B3,Lake Travis Community Library District,2026,BrdMem,,Amy,,Holland,Secretary,,,,,0,,,,,,,
139222,103227689,FD786679-3A59-43D2-A999-930D1CE709B3,Lake Travis Community Library District,2026,BrdMem,,Jim,,Bannerot,Trustee,,,,,0,,,,,,,
139223,103227689,FD786679-3A59-43D2-A999-930D1CE709B3,Lake Travis Community Library District,2026,BrdMem,,Sharon,,Rogers,President,,,,,0,,,,,,,
139224,103227689,FD786679-3A59-43D2-A999-930D1CE709B3,Lake Travis Community Library District,2026,BrdMem,,PK,,Chatterjee,Treasurer,,,,,0,,,,,,,
139225,103227689,FD786679-3A59-43D2-A999-930D1CE709B3,Lake Travis Community Library District,2026,BrdMem,,Tom,,Seidenstricker,Trustee,,,,,0,,,,,,,
140405,103227735,689719A7-A374-4763-A55B-05311449A3E5,Salado Public Library District,2018,BrdMem,,Patricia,,Rehm,Secretary,,,,,0,,,,,,,
140406,103227735,689719A7-A374-4763-A55B-05311449A3E5,Salado Public Library District,2018,BrdMem,,Nancy,,Mackey,President,,,,,0,,,,,,,
140407,103227735,689719A7-A374-4763-A55B-05311449A3E5,Salado Public Library District,2018,BrdMem,,Bobbette,,Bell,Treasurer,,,,,0,,,,,,,
140408,103227735,689719A7-A374-4763-A55B-05311449A3E5,Salado Public Library District,2018,BrdMem,,Joycelyn,,Miller,Member at Large,,,,,0,,,,,,,
140409,103227735,689719A7-A374-4763-A55B-05311449A3E5,Salado Public Library District,2018,BrdMem,,Bill,,Kinnison,Vice-President,,,,,0,,,,,,,
140412,103227735,2D7712F9-AC75-4014-8C33-BF6C1CF6ADD3,Salado Public Library District,2019,BrdMem,,Patricia,,Rehm,Secretary,,,,,0,,,,,,,
140413,103227735,2D7712F9-AC75-4014-8C33-BF6C1CF6ADD3,Salado Public Library District,2019,BrdMem,,Bobbette,,Bell,Treasurer,,,,,0,,,,,,,
140414,103227735,2D7712F9-AC75-4014-8C33-BF6C1CF6ADD3,Salado Public Library District,2019,BrdMem,,Bill,,Kinnison,Vice-President,,,,,0,,,,,,,
140415,103227735,2D7712F9-AC75-4014-8C33-BF6C1CF6ADD3,Salado Public Library District,2019,BrdMem,,Joycelyn,,Miller,Member at Large,,,,,0,,,,,,,
140416,103227735,2D7712F9-AC75-4014-8C33-BF6C1CF6ADD3,Salado Public Library District,2019,BrdMem,,Nancy,,Mackey,President,,,,,0,,,,,,,
140419,103227735,A36D33E4-E5A6-48C8-9234-F369A4586FA5,Salado Public Library District,2020,BrdMem,,Barbara,,Morris,Secretary,,,,,0,,,,,,,
140420,103227735,A36D33E4-E5A6-48C8-9234-F369A4586FA5,Salado Public Library District,2020,BrdMem,,Bill,,Kinnison,Vice President,,,,,0,,,,,,,
140421,103227735,A36D33E4-E5A6-48C8-9234-F369A4586FA5,Salado Public Library District,2020,BrdMem,,Emmy,,Alvarez,Member at Large,,,,,0,,,,,,,
140422,103227735,A36D33E4-E5A6-48C8-9234-F369A4586FA5,Salado Public Library District,2020,BrdMem,,Joycelyn,,Miller,President,,,,,0,,,,,,,
140423,103227735,A36D33E4-E5A6-48C8-9234-F369A4586FA5,Salado Public Library District,2020,BrdMem,,Nancy Mills,,Mackey,Treasurer,,,,,0,,,,,,,
140426,103227735,BDCCE99C-ACFB-4FE0-A412-56A7B3DE0DAB,Salado Public Library District,2021,BrdMem,,Bill,,Kinnison,Vice President,,,,,0,,,,,,,
140427,103227735,BDCCE99C-ACFB-4FE0-A412-56A7B3DE0DAB,Salado Public Library District,2021,BrdMem,,Barbara,,Morris,Secretary,,,,,0,,,,,,,
140428,103227735,BDCCE99C-ACFB-4FE0-A412-56A7B3DE0DAB,Salado Public Library District,2021,BrdMem,,Nancy Mills,,Mackey,Treasurer,,,,,0,,,,,,,
140429,103227735,BDCCE99C-ACFB-4FE0-A412-56A7B3DE0DAB,Salado Public Library District,2021,BrdMem,,Joycelyn,,Miller,President,,,,,0,,,,,,,
140430,103227735,BDCCE99C-ACFB-4FE0-A412-56A7B3DE0DAB,Salado Public Library District,2021,BrdMem,,Emmy,,Alvarez,Member at Large,,,,,0,,,,,,,
140433,103227735,17905782-716A-4A58-99C5-47AF2602EF2B,Salado Public Library District,2022,BrdMem,,Barbara,,Morris,Secretary,,,,,0,,,,,,,
140434,103227735,17905782-716A-4A58-99C5-47AF2602EF2B,Salado Public Library District,2022,BrdMem,,Bill,,Kinnison,Vice President,,,,,0,,,,,,,
140435,103227735,17905782-716A-4A58-99C5-47AF2602EF2B,Salado Public Library District,2022,BrdMem,,Nancy Mills,,Mackey,Treasurer,,,,,0,,,,,,,
140436,103227735,17905782-716A-4A58-99C5-47AF2602EF2B,Salado Public Library District,2022,BrdMem,,Emmy,,Alvarez,Member at Large,,,,,0,,,,,,,
140437,103227735,17905782-716A-4A58-99C5-47AF2602EF2B,Salado Public Library District,2022,BrdMem,,Joycelyn,,Miller,President,,,,,0,,,,,,,
140440,103227735,68D5D656-477C-4905-9EEC-BBFEA774556E,Salado Public Library District,2023,BrdMem,,Nancy,,Mackey,President,,,,,0,,,,,,,
140441,103227735,68D5D656-477C-4905-9EEC-BBFEA774556E,Salado Public Library District,2023,BrdMem,,Susan,,Starnes,At Large,,,,,0,,,,,,,
140442,103227735,68D5D656-477C-4905-9EEC-BBFEA774556E,Salado Public Library District,2023,BrdMem,,Emmy,,Alvarez,Vice President,,,,,0,,,,,,,
140443,103227735,68D5D656-477C-4905-9EEC-BBFEA774556E,Salado Public Library District,2023,BrdMem,,Joycelyn,,Miller,Treasurer,,,,,0,,,,,,,
140444,103227735,68D5D656-477C-4905-9EEC-BBFEA774556E,Salado Public Library District,2023,BrdMem,,Barbara,,Morris,Secretary,,,,,0,,,,,,,
140447,103227735,8B88C2F7-91B8-41BA-A330-CF6E3FE1454C,Salado Public Library District,2024,BrdMem,,Barbara,,Morris,Secretary,,,,,0,,,,,,,
140448,103227735,8B88C2F7-91B8-41BA-A330-CF6E3FE1454C,Salado Public Library District,2024,BrdMem,,Susan,,Starnes,At Large,,,,,0,,,,,,,
140449,103227735,8B88C2F7-91B8-41BA-A330-CF6E3FE1454C,Salado Public Library District,2024,BrdMem,,Emmy,,Alvarez,Vice President,,,,,0,,,,,,,
140450,103227735,8B88C2F7-91B8-41BA-A330-CF6E3FE1454C,Salado Public Library District,2024,BrdMem,,Nancy,,Mackey,President,,,,,0,,,,,,,
140451,103227735,8B88C2F7-91B8-41BA-A330-CF6E3FE1454C,Salado Public Library District,2024,BrdMem,,Joycelyn,,Miller,Treasurer,,,,,0,,,,,,,
140454,103227735,820CC74D-6C2A-4860-A41E-3C9C7CC99B76,Salado Public Library District,2025,BrdMem,,Barbara,,Morris,Vice President,,,,,0,,,,,,,
140455,103227735,820CC74D-6C2A-4860-A41E-3C9C7CC99B76,Salado Public Library District,2025,BrdMem,,Keith,,Cryar,Treasurer,,,,,0,,,,,,,
140456,103227735,820CC74D-6C2A-4860-A41E-3C9C7CC99B76,Salado Public Library District,2025,BrdMem,,Emmy,,Alvarez,At large,,,,,0,,,,,,,
140457,103227735,820CC74D-6C2A-4860-A41E-3C9C7CC99B76,Salado Public Library District,2025,BrdMem,,BeckyMichele,,Huppert,Secretary,,,,,0,,,,,,,
140458,103227735,820CC74D-6C2A-4860-A41E-3C9C7CC99B76,Salado Public Library District,2025,BrdMem,,Nancy,,Mackey,President,,,,,0,,,,,,,
140461,103227735,3392D6C1-D18D-4B08-B005-AA1E4D54A7E5,Salado Public Library District,2026,BrdMem,,Ray,,Lindner,At Large,,,,,0,,,,,,,
140462,103227735,3392D6C1-D18D-4B08-B005-AA1E4D54A7E5,Salado Public Library District,2026,BrdMem,,Dana,,Rojas,Secretary,,,,,0,,,,,,,
140463,103227735,3392D6C1-D18D-4B08-B005-AA1E4D54A7E5,Salado Public Library District,2026,BrdMem,,Keith,,Cryar,Treasurer,,,,,0,,,,,,,
140464,103227735,3392D6C1-D18D-4B08-B005-AA1E4D54A7E5,Salado Public Library District,2026,BrdMem,,Nancy,,Mackey,President,,,,,0,,,,,,,
140465,103227735,3392D6C1-D18D-4B08-B005-AA1E4D54A7E5,Salado Public Library District,2026,BrdMem,,BeckyMichele,,Huppert,Vice President,,,,,0,,,,,,,
142095,103227761,E6E4B873-5AAF-4D46-A3E8-3E418664218F,Harris County Emergency Services District #1,2018,BrdMem,,Cathy,,Sunday,President,,,,,0,,,,,,,
142096,103227761,E6E4B873-5AAF-4D46-A3E8-3E418664218F,Harris County Emergency Services District #1,2018,BrdMem,,Fred,,Scibuola,Treasurer,,,,,0,,,,,,,
142097,103227761,E6E4B873-5AAF-4D46-A3E8-3E418664218F,Harris County Emergency Services District #1,2018,BrdMem,,Shirley,,Reed,Vice President,,,,,0,,,,,,,
142098,103227761,E6E4B873-5AAF-4D46-A3E8-3E418664218F,Harris County Emergency Services District #1,2018,BrdMem,,Richard,,Vestewig,Secretary,,,,,0,,,,,,,
142099,103227761,E6E4B873-5AAF-4D46-A3E8-3E418664218F,Harris County Emergency Services District #1,2018,BrdMem,,Pete,,Serna,Assistant Treasurer,,,,,0,,,,,,,
142104,103227761,1F0B8C03-8CCE-45E0-8B4D-7B0EB8CF24B8,Harris County Emergency Services District #1,2019,BrdMem,,Richard,,Vestewig,Secretary,,,,,0,,,,,,,
142105,103227761,1F0B8C03-8CCE-45E0-8B4D-7B0EB8CF24B8,Harris County Emergency Services District #1,2019,BrdMem,,Cathy,,Sunday,President,,,,,0,,,,,,,
142106,103227761,1F0B8C03-8CCE-45E0-8B4D-7B0EB8CF24B8,Harris County Emergency Services District #1,2019,BrdMem,,Fred,,Scibuola,Treasurer,,,,,0,,,,,,,
142107,103227761,1F0B8C03-8CCE-45E0-8B4D-7B0EB8CF24B8,Harris County Emergency Services District #1,2019,BrdMem,,Pete,,Serna,Assistant Treasurer,,,,,0,,,,,,,
142108,103227761,1F0B8C03-8CCE-45E0-8B4D-7B0EB8CF24B8,Harris County Emergency Services District #1,2019,BrdMem,,Shirley,,Reed,Vice President,,,,,0,,,,,,,
142113,103227761,DA901FFD-F697-422D-8283-47F18D359019,Harris County Emergency Services District #1,2020,BrdMem,,Virginia,,Bazan,Secretary,,,,,0,,,,,,,
142114,103227761,DA901FFD-F697-422D-8283-47F18D359019,Harris County Emergency Services District #1,2020,BrdMem,,Cathy,,Sunday,President,,,,,0,,,,,,,
142115,103227761,DA901FFD-F697-422D-8283-47F18D359019,Harris County Emergency Services District #1,2020,BrdMem,,Pete,,Serna,Assistant Treasurer,,,,,0,,,,,,,
142116,103227761,DA901FFD-F697-422D-8283-47F18D359019,Harris County Emergency Services District #1,2020,BrdMem,,Shirley,,Reed,Vice President,,,,,0,,,,,,,
142117,103227761,DA901FFD-F697-422D-8283-47F18D359019,Harris County Emergency Services District #1,2020,BrdMem,,Fred,,Scibuola,Treasurer,,,,,0,,,,,,,
142122,103227761,C7795727-E79C-474C-BC9C-CFA09E42E7AF,Harris County Emergency Services District #1,2021,BrdMem,,Pete,,Serna,Assistant Treasurer,,,,,0,,,,,,,
142123,103227761,C7795727-E79C-474C-BC9C-CFA09E42E7AF,Harris County Emergency Services District #1,2021,BrdMem,,Virginia,,Bazan,Secretary,,,,,0,,,,,,,
142124,103227761,C7795727-E79C-474C-BC9C-CFA09E42E7AF,Harris County Emergency Services District #1,2021,BrdMem,,Fred,,Scibuola,Treasurer,,,,,0,,,,,,,
142125,103227761,C7795727-E79C-474C-BC9C-CFA09E42E7AF,Harris County Emergency Services District #1,2021,BrdMem,,Cathy,,Sunday,President,,,,,0,,,,,,,
142126,103227761,C7795727-E79C-474C-BC9C-CFA09E42E7AF,Harris County Emergency Services District #1,2021,BrdMem,,Shirley,,Reed,Vice President,,,,,0,,,,,,,
142131,103227761,EAF6B3F5-3898-48AD-A30E-C0FB154B370A,Harris County Emergency Services District #1,2022,BrdMem,,Cathy,,Sunday,President,,,,,0,,,,,,,
142132,103227761,EAF6B3F5-3898-48AD-A30E-C0FB154B370A,Harris County Emergency Services District #1,2022,BrdMem,,Fred,,Scibuola,Treasurer,,,,,0,,,,,,,
142133,103227761,EAF6B3F5-3898-48AD-A30E-C0FB154B370A,Harris County Emergency Services District #1,2022,BrdMem,,Virginia,,Bazan,Secretary,,,,,0,,,,,,,
142134,103227761,EAF6B3F5-3898-48AD-A30E-C0FB154B370A,Harris County Emergency Services District #1,2022,BrdMem,,Pete,,Serna,Assistant Treasurer,,,,,0,,,,,,,
142135,103227761,EAF6B3F5-3898-48AD-A30E-C0FB154B370A,Harris County Emergency Services District #1,2022,BrdMem,,Shirley,,Reed,Vice President,,,,,0,,,,,,,
142140,103227761,4DD8BEC1-E3FD-4619-B0AB-3C6591842CAA,Harris County Emergency Services District #1,2024,BrdMem,,Virginia,,Bazan,Secretary,,,,,0,,,,,,,
142141,103227761,4DD8BEC1-E3FD-4619-B0AB-3C6591842CAA,Harris County Emergency Services District #1,2024,BrdMem,,Pete,,Serna,Assistant Treasurer,,,,,0,,,,,,,
142142,103227761,4DD8BEC1-E3FD-4619-B0AB-3C6591842CAA,Harris County Emergency Services District #1,2024,BrdMem,,Cathy,,Sunday,President,,,,,0,,,,,,,
142143,103227761,4DD8BEC1-E3FD-4619-B0AB-3C6591842CAA,Harris County Emergency Services District #1,2024,BrdMem,,Fred,,Scibuola,Treasurer,,,,,0,,,,,,,
142144,103227761,4DD8BEC1-E3FD-4619-B0AB-3C6591842CAA,Harris County Emergency Services District #1,2024,BrdMem,,Shirley,,Reed,Vice President,,,,,0,,,,,,,
142149,103227761,6C370CF7-904A-494A-9392-4129EAA34E9B,Harris County Emergency Services District #1,2025,BrdMem,,Virginia,,Bazan,Secretary,,,,,0,,,,,,,
142150,103227761,6C370CF7-904A-494A-9392-4129EAA34E9B,Harris County Emergency Services District #1,2025,BrdMem,,Cathy,,Sunday,President,,,,,0,,,,,,,
142151,103227761,6C370CF7-904A-494A-9392-4129EAA34E9B,Harris County Emergency Services District #1,2025,BrdMem,,Shirley,,Reed,Vice President,,,,,0,,,,,,,
142152,103227761,6C370CF7-904A-494A-9392-4129EAA34E9B,Harris County Emergency Services District #1,2025,BrdMem,,Pete,,Serna,Assistant Treasurer,,,,,0,,,,,,,
142153,103227761,6C370CF7-904A-494A-9392-4129EAA34E9B,Harris County Emergency Services District #1,2025,BrdMem,,Fred,,Scibuola,Treasurer,,,,,0,,,,,,,
142158,103227761,6A495E5F-B037-4767-AD7B-21D2E79ECDA3,Harris County Emergency Services District #1,2026,BrdMem,,Shirley,,Reed,Vice President,,,,,0,,,,,,,
142159,103227761,6A495E5F-B037-4767-AD7B-21D2E79ECDA3,Harris County Emergency Services District #1,2026,BrdMem,,Virginia,,Bazan,Secretary,,,,,0,,,,,,,
142160,103227761,6A495E5F-B037-4767-AD7B-21D2E79ECDA3,Harris County Emergency Services District #1,2026,BrdMem,,Pete,,Serna,Assistant Treasurer,,,,,0,,,,,,,
142161,103227761,6A495E5F-B037-4767-AD7B-21D2E79ECDA3,Harris County Emergency Services District #1,2026,BrdMem,,Cathy,,Sunday,President,,,,,0,,,,,,,
142162,103227761,6A495E5F-B037-4767-AD7B-21D2E79ECDA3,Harris County Emergency Services District #1,2026,BrdMem,,Fred,,Scibuola,Treasurer,,,,,0,,,,,,,
142406,103227767,F32C515A-889E-47D2-A517-7E3C331DF7B5,East Travis Gateway Library District,2018,BrdMem,,Gene,,Burklund,VIce President,,,,,0,,,,,,,
142407,103227767,F32C515A-889E-47D2-A517-7E3C331DF7B5,East Travis Gateway Library District,2018,BrdMem,,John,,Reynero,President,,,,,0,,,,,,,
142408,103227767,F32C515A-889E-47D2-A517-7E3C331DF7B5,East Travis Gateway Library District,2018,BrdMem,,Cathy,,Olive,Member,,,,,0,,,,,,,
142409,103227767,F32C515A-889E-47D2-A517-7E3C331DF7B5,East Travis Gateway Library District,2018,BrdMem,,Rita,,Luedecke,Member,,,,,0,,,,,,,
142410,103227767,F32C515A-889E-47D2-A517-7E3C331DF7B5,East Travis Gateway Library District,2018,BrdMem,,Braxton,,Gregg,Member,,,,,0,,,,,,,
142413,103227767,0687326A-AD1A-4AA7-A599-0FCC7C868212,East Travis Gateway Library District,2019,BrdMem,,Braxton,,Gregg,President,,,,,0,,,,,,,
142414,103227767,0687326A-AD1A-4AA7-A599-0FCC7C868212,East Travis Gateway Library District,2019,BrdMem,,Rita,,Luedecke,Member,,,,,0,,,,,,,
142415,103227767,0687326A-AD1A-4AA7-A599-0FCC7C868212,East Travis Gateway Library District,2019,BrdMem,,Gene,,Burklund,VIce President,,,,,0,,,,,,,
142416,103227767,0687326A-AD1A-4AA7-A599-0FCC7C868212,East Travis Gateway Library District,2019,BrdMem,,Cathy,,Olive,Member,,,,,0,,,,,,,
142417,103227767,0687326A-AD1A-4AA7-A599-0FCC7C868212,East Travis Gateway Library District,2019,BrdMem,,Becky,,Carwile,Board,,,,,0,,,,,,,
142420,103227767,001370E5-E8C3-42AD-9AB6-A416A5BAC019,East Travis Gateway Library District,2020,BrdMem,,Becky,,Carwile,Board,,,,,0,,,,,,,
142421,103227767,001370E5-E8C3-42AD-9AB6-A416A5BAC019,East Travis Gateway Library District,2020,BrdMem,,Gene,,Burklund,VIce President,,,,,0,,,,,,,
142422,103227767,001370E5-E8C3-42AD-9AB6-A416A5BAC019,East Travis Gateway Library District,2020,BrdMem,,Rita,,Luedecke,Member,,,,,0,,,,,,,
142423,103227767,001370E5-E8C3-42AD-9AB6-A416A5BAC019,East Travis Gateway Library District,2020,BrdMem,,Braxton,,Gregg,President,,,,,0,,,,,,,
142426,103227767,528EF641-ADE4-48CE-88A8-5BDE194841C8,East Travis Gateway Library District,2021,BrdMem,,Braxton,,Gregg,President,,,,,0,,,,,,,
142427,103227767,528EF641-ADE4-48CE-88A8-5BDE194841C8,East Travis Gateway Library District,2021,BrdMem,,Gene,,Burklund,VIce President,,,,,0,,,,,,,
142428,103227767,528EF641-ADE4-48CE-88A8-5BDE194841C8,East Travis Gateway Library District,2021,BrdMem,,Rita,,Luedecke,Member,,,,,0,,,,,,,
142429,103227767,528EF641-ADE4-48CE-88A8-5BDE194841C8,East Travis Gateway Library District,2021,BrdMem,,Becky,,Carwile,Board,,,,,0,,,,,,,
142430,103227767,528EF641-ADE4-48CE-88A8-5BDE194841C8,East Travis Gateway Library District,2021,BrdMem,,Timothy,,Johnson,Trustee,,,,,0,,,,,,,
142434,103227767,E046BAC1-B7A1-4C98-9BEB-C5BB3012B1AB,East Travis Gateway Library District,2022,BrdMem,,Gene,,Burklund,VIce President,,,,,0,,,,,,,
142435,103227767,E046BAC1-B7A1-4C98-9BEB-C5BB3012B1AB,East Travis Gateway Library District,2022,BrdMem,,Britta,,Becker-Hammer,Secretary,,,,,0,,,,,,,
142436,103227767,E046BAC1-B7A1-4C98-9BEB-C5BB3012B1AB,East Travis Gateway Library District,2022,BrdMem,,Rita,,Luedecke,President,,,,,0,,,,,,,
142437,103227767,E046BAC1-B7A1-4C98-9BEB-C5BB3012B1AB,East Travis Gateway Library District,2022,BrdMem,,Braxton,,Gregg,Trustee,,,,,0,,,,,,,
142438,103227767,E046BAC1-B7A1-4C98-9BEB-C5BB3012B1AB,East Travis Gateway Library District,2022,BrdMem,,Timothy,,Johnson,Trustee,,,,,0,,,,,,,
142442,103227767,06BC54D6-DB83-480E-A0DB-BF78891AA4FE,East Travis Gateway Library District,2023,BrdMem,,Gene,,Burklund,VIce President,,,,,0,,,,,,,
142443,103227767,06BC54D6-DB83-480E-A0DB-BF78891AA4FE,East Travis Gateway Library District,2023,BrdMem,,Rita,,Luedecke,President,,,,,0,,,,,,,
142444,103227767,06BC54D6-DB83-480E-A0DB-BF78891AA4FE,East Travis Gateway Library District,2023,BrdMem,,Britta,,Becker-Hammer,Secretary,,,,,0,,,,,,,
142445,103227767,06BC54D6-DB83-480E-A0DB-BF78891AA4FE,East Travis Gateway Library District,2023,BrdMem,,Braxton,,Gregg,Trustee,,,,,0,,,,,,,
142446,103227767,06BC54D6-DB83-480E-A0DB-BF78891AA4FE,East Travis Gateway Library District,2023,BrdMem,,Timothy,,Johnson,Trustee,,,,,0,,,,,,,
142450,103227767,43FD428E-3866-409D-A3EC-9B35E462C964,East Travis Gateway Library District,2024,BrdMem,,Braxton,,Gregg,Secretary,,,,,0,,,,,,,
142451,103227767,43FD428E-3866-409D-A3EC-9B35E462C964,East Travis Gateway Library District,2024,BrdMem,,Rachel,,Bean,Trustee,,,,,0,,,,,,,
142452,103227767,43FD428E-3866-409D-A3EC-9B35E462C964,East Travis Gateway Library District,2024,BrdMem,,Timothy,,Johnson,Vice President,,,,,0,,,,,,,
142453,103227767,43FD428E-3866-409D-A3EC-9B35E462C964,East Travis Gateway Library District,2024,BrdMem,,Britta,,Becker-Hammer,President,,,,,0,,,,,,,
142457,103227767,15C53EBE-42F2-48B3-963B-03D3DA7A30AB,East Travis Gateway Library District,2025,BrdMem,,James Franklin,,Hall,Trustee,,,,,0,,,,,,,
142458,103227767,15C53EBE-42F2-48B3-963B-03D3DA7A30AB,East Travis Gateway Library District,2025,BrdMem,,Braxton,,Gregg,Secretary,,,,,0,,,,,,,
142459,103227767,15C53EBE-42F2-48B3-963B-03D3DA7A30AB,East Travis Gateway Library District,2025,BrdMem,,Britta,,Becker-Hammer,President,,,,,0,,,,,,,
142460,103227767,15C53EBE-42F2-48B3-963B-03D3DA7A30AB,East Travis Gateway Library District,2025,BrdMem,,Timothy,,Johnson,Vice President,,,,,0,,,,,,,
142464,103227767,68353882-AFA1-498E-A73B-4FD630A415D9,East Travis Gateway Library District,2026,BrdMem,,Sarah,,Ledesma,Trustee,,,,,0,,,,,,,
142465,103227767,68353882-AFA1-498E-A73B-4FD630A415D9,East Travis Gateway Library District,2026,BrdMem,,Britta,,Becker-Hammer,President,,,,,0,,,,,,,
142466,103227767,68353882-AFA1-498E-A73B-4FD630A415D9,East Travis Gateway Library District,2026,BrdMem,,Braxton,,Gregg,Secretary,,,,,0,,,,,,,
142467,103227767,68353882-AFA1-498E-A73B-4FD630A415D9,East Travis Gateway Library District,2026,BrdMem,,Timothy,,Johnson,Vice President,,,,,0,,,,,,,
142468,103227767,68353882-AFA1-498E-A73B-4FD630A415D9,East Travis Gateway Library District,2026,BrdMem,,James Franklin,,Hall,Trustee,,,,,0,,,,,,,
143394,103227779,C23A2898-B20D-488C-B36D-4A53E2618517,Lavaca Hospital District,2018,BrdMem,,John,,Allen,Trustee,,,,,0,,,,,,,
143395,103227779,C23A2898-B20D-488C-B36D-4A53E2618517,Lavaca Hospital District,2018,BrdMem,,Carl,,Hobbs,Trustee,,,,,0,,,,,,,
143396,103227779,C23A2898-B20D-488C-B36D-4A53E2618517,Lavaca Hospital District,2018,BrdMem,,Gene,,Schott,Secretary,,,,,0,,,,,,,
143397,103227779,C23A2898-B20D-488C-B36D-4A53E2618517,Lavaca Hospital District,2018,BrdMem,,Kyle,,Denney,Trustee,,,,,0,,,,,,,
143398,103227779,C23A2898-B20D-488C-B36D-4A53E2618517,Lavaca Hospital District,2018,BrdMem,,Janice,,Mullins,Trustee,,,,,0,,,,,,,
143399,103227779,C23A2898-B20D-488C-B36D-4A53E2618517,Lavaca Hospital District,2018,BrdMem,,James,,Fenner,President,,,,,0,,,,,,,
143400,103227779,C23A2898-B20D-488C-B36D-4A53E2618517,Lavaca Hospital District,2018,BrdMem,,Rosanne,,Gallia,Vice-President,,,,,0,,,,,,,
143404,103227779,B5BE0165-3512-4424-9CAA-4A3A5FF05D5A,Lavaca Hospital District,2019,BrdMem,,Kyle,,Denney,Trustee,,,,,0,,,,,,,
143405,103227779,B5BE0165-3512-4424-9CAA-4A3A5FF05D5A,Lavaca Hospital District,2019,BrdMem,,John,,Allen,Trustee,,,,,0,,,,,,,
143406,103227779,B5BE0165-3512-4424-9CAA-4A3A5FF05D5A,Lavaca Hospital District,2019,BrdMem,,Janice,,Mullins,Trustee,,,,,0,,,,,,,
143407,103227779,B5BE0165-3512-4424-9CAA-4A3A5FF05D5A,Lavaca Hospital District,2019,BrdMem,,Carl,,Hobbs,Trustee,,,,,0,,,,,,,
143408,103227779,B5BE0165-3512-4424-9CAA-4A3A5FF05D5A,Lavaca Hospital District,2019,BrdMem,,Rosanne,,Gallia,Vice-President,,,,,0,,,,,,,
143409,103227779,B5BE0165-3512-4424-9CAA-4A3A5FF05D5A,Lavaca Hospital District,2019,BrdMem,,Gene,,Schott,Secretary,,,,,0,,,,,,,
143410,103227779,B5BE0165-3512-4424-9CAA-4A3A5FF05D5A,Lavaca Hospital District,2019,BrdMem,,James,,Fenner,President,,,,,0,,,,,,,
143414,103227779,F2977ED9-0E2D-460F-ABC3-7CC86CA9FAA0,Lavaca Hospital District,2020,BrdMem,,James,,Fenner,President,,,,,0,,,,,,,
143415,103227779,F2977ED9-0E2D-460F-ABC3-7CC86CA9FAA0,Lavaca Hospital District,2020,BrdMem,,Janice,,Mullins,Trustee,,,,,0,,,,,,,
143416,103227779,F2977ED9-0E2D-460F-ABC3-7CC86CA9FAA0,Lavaca Hospital District,2020,BrdMem,,Carl,,Hobbs,Trustee,,,,,0,,,,,,,
143417,103227779,F2977ED9-0E2D-460F-ABC3-7CC86CA9FAA0,Lavaca Hospital District,2020,BrdMem,,Rosanne,,Gallia,Vice-President,,,,,0,,,,,,,
143418,103227779,F2977ED9-0E2D-460F-ABC3-7CC86CA9FAA0,Lavaca Hospital District,2020,BrdMem,,John,,Allen,Trustee,,,,,0,,,,,,,
143419,103227779,F2977ED9-0E2D-460F-ABC3-7CC86CA9FAA0,Lavaca Hospital District,2020,BrdMem,,Gene,,Schott,Secretary,,,,,0,,,,,,,
143420,103227779,F2977ED9-0E2D-460F-ABC3-7CC86CA9FAA0,Lavaca Hospital District,2020,BrdMem,,Kyle,,Denney,Trustee,,,,,0,,,,,,,
143424,103227779,71EA6E69-2469-4FDE-A997-F8266DE65684,Lavaca Hospital District,2021,BrdMem,,Carl,,Hobbs,Trustee,,,,,0,,,,,,,
143425,103227779,71EA6E69-2469-4FDE-A997-F8266DE65684,Lavaca Hospital District,2021,BrdMem,,Gene,,Schott,Secretary,,,,,0,,,,,,,
143426,103227779,71EA6E69-2469-4FDE-A997-F8266DE65684,Lavaca Hospital District,2021,BrdMem,,Forrest,,Kroschel,Trustee,,,,,0,,,,,,,
143427,103227779,71EA6E69-2469-4FDE-A997-F8266DE65684,Lavaca Hospital District,2021,BrdMem,,James,,Fenner,President,,,,,0,,,,,,,
143428,103227779,71EA6E69-2469-4FDE-A997-F8266DE65684,Lavaca Hospital District,2021,BrdMem,,John,,Allen,Trustee,,,,,0,,,,,,,
143429,103227779,71EA6E69-2469-4FDE-A997-F8266DE65684,Lavaca Hospital District,2021,BrdMem,,Rosanne,,Gallia,Vice-President,,,,,0,,,,,,,
143433,103227779,1B4C56CD-09CE-4FB9-AECB-DA5CDD9455FB,Lavaca Hospital District,2022,BrdMem,,Gene,,Schott,Secretary,,,,,0,,,,,,,
143434,103227779,1B4C56CD-09CE-4FB9-AECB-DA5CDD9455FB,Lavaca Hospital District,2022,BrdMem,,Doug,,Kubicek,Trustee,,,,,0,,,,,,,
143435,103227779,1B4C56CD-09CE-4FB9-AECB-DA5CDD9455FB,Lavaca Hospital District,2022,BrdMem,,Carl,,Hobbs,Trustee,,,,,0,,,,,,,
143436,103227779,1B4C56CD-09CE-4FB9-AECB-DA5CDD9455FB,Lavaca Hospital District,2022,BrdMem,,James,,Fenner,President,,,,,0,,,,,,,
143437,103227779,1B4C56CD-09CE-4FB9-AECB-DA5CDD9455FB,Lavaca Hospital District,2022,BrdMem,,John,,Allen,Trustee,,,,,0,,,,,,,
143438,103227779,1B4C56CD-09CE-4FB9-AECB-DA5CDD9455FB,Lavaca Hospital District,2022,BrdMem,,Forrest,,Kroschel,Trustee,,,,,0,,,,,,,
143439,103227779,1B4C56CD-09CE-4FB9-AECB-DA5CDD9455FB,Lavaca Hospital District,2022,BrdMem,,Rosanne,,Gallia,Vice-President,,,,,0,,,,,,,
143444,103227779,2492B1AA-BA4D-4CD5-9318-5CEE8D7B6E05,Lavaca Hospital District,2023,BrdMem,,John,,Allen,Trustee,,,,,0,,,,,,,
143445,103227779,2492B1AA-BA4D-4CD5-9318-5CEE8D7B6E05,Lavaca Hospital District,2023,BrdMem,,James,,Fenner,President,,,,,0,,,,,,,
143446,103227779,2492B1AA-BA4D-4CD5-9318-5CEE8D7B6E05,Lavaca Hospital District,2023,BrdMem,,Doug,,Kubicek,Trustee,,,,,0,,,,,,,
143447,103227779,2492B1AA-BA4D-4CD5-9318-5CEE8D7B6E05,Lavaca Hospital District,2023,BrdMem,,Rosanne,,Gallia,Vice-President,,,,,0,,,,,,,
143448,103227779,2492B1AA-BA4D-4CD5-9318-5CEE8D7B6E05,Lavaca Hospital District,2023,BrdMem,,Carl,,Hobbs,Trustee,,,,,0,,,,,,,
143449,103227779,2492B1AA-BA4D-4CD5-9318-5CEE8D7B6E05,Lavaca Hospital District,2023,BrdMem,,Gene,,Schott,Secretary,,,,,0,,,,,,,
143450,103227779,2492B1AA-BA4D-4CD5-9318-5CEE8D7B6E05,Lavaca Hospital District,2023,BrdMem,,Forrest,,Kroschel,Trustee,,,,,0,,,,,,,
143455,103227779,889CA034-2E90-47B6-A65E-618BDE11BCF4,Lavaca Hospital District,2024,BrdMem,,Forrest,,Kroschel,Trustee,,,,,0,,,,,,,
143456,103227779,889CA034-2E90-47B6-A65E-618BDE11BCF4,Lavaca Hospital District,2024,BrdMem,,James,,Fenner,President,,,,,0,,,,,,,
143457,103227779,889CA034-2E90-47B6-A65E-618BDE11BCF4,Lavaca Hospital District,2024,BrdMem,,Rosanne,,Gallia,Vice-President,,,,,0,,,,,,,
143458,103227779,889CA034-2E90-47B6-A65E-618BDE11BCF4,Lavaca Hospital District,2024,BrdMem,,Carl,,Hobbs,Trustee,,,,,0,,,,,,,
143459,103227779,889CA034-2E90-47B6-A65E-618BDE11BCF4,Lavaca Hospital District,2024,BrdMem,,Doug,,Kubicek,Trustee,,,,,0,,,,,,,
143460,103227779,889CA034-2E90-47B6-A65E-618BDE11BCF4,Lavaca Hospital District,2024,BrdMem,,Ronnie,,Juenke,Trustee,,,,,0,,,,,,,
143461,103227779,889CA034-2E90-47B6-A65E-618BDE11BCF4,Lavaca Hospital District,2024,BrdMem,,Gene,,Schott,Secretary,,,,,0,,,,,,,
143466,103227779,1AABDE26-B49F-481C-81FD-DD73AF8C484F,Lavaca Hospital District,2025,BrdMem,,Doug,,Kubicek,Trustee,,,,,0,,,,,,,
143467,103227779,1AABDE26-B49F-481C-81FD-DD73AF8C484F,Lavaca Hospital District,2025,BrdMem,,Carl,,Hobbs,Trustee,,,,,0,,,,,,,
143468,103227779,1AABDE26-B49F-481C-81FD-DD73AF8C484F,Lavaca Hospital District,2025,BrdMem,,Gene,,Schott,Secretary,,,,,0,,,,,,,
143469,103227779,1AABDE26-B49F-481C-81FD-DD73AF8C484F,Lavaca Hospital District,2025,BrdMem,,James,,Fenner,President,,,,,0,,,,,,,
143470,103227779,1AABDE26-B49F-481C-81FD-DD73AF8C484F,Lavaca Hospital District,2025,BrdMem,,Rosanne,,Gallia,Vice-President,,,,,0,,,,,,,
143471,103227779,1AABDE26-B49F-481C-81FD-DD73AF8C484F,Lavaca Hospital District,2025,BrdMem,,Ronnie,,Juenke,Trustee,,,,,0,,,,,,,
143472,103227779,1AABDE26-B49F-481C-81FD-DD73AF8C484F,Lavaca Hospital District,2025,BrdMem,,Forrest,,Kroschel,Trustee,,,,,0,,,,,,,
143477,103227779,ED2AB6C4-7766-4BAE-A058-D58D19D35ED6,Lavaca Hospital District,2026,BrdMem,,Rosanne,,Gallia,Vice-President,,,,,0,,,,,,,
143478,103227779,ED2AB6C4-7766-4BAE-A058-D58D19D35ED6,Lavaca Hospital District,2026,BrdMem,,Carl,,Hobbs,Trustee,,,,,0,,,,,,,
143479,103227779,ED2AB6C4-7766-4BAE-A058-D58D19D35ED6,Lavaca Hospital District,2026,BrdMem,,Doug,,Kubicek,Trustee,,,,,0,,,,,,,
143480,103227779,ED2AB6C4-7766-4BAE-A058-D58D19D35ED6,Lavaca Hospital District,2026,BrdMem,,Gene,,Schott,Secretary,,,,,0,,,,,,,
143481,103227779,ED2AB6C4-7766-4BAE-A058-D58D19D35ED6,Lavaca Hospital District,2026,BrdMem,,Forrest,,Kroschel,Trustee,,,,,0,,,,,,,
143482,103227779,ED2AB6C4-7766-4BAE-A058-D58D19D35ED6,Lavaca Hospital District,2026,BrdMem,,Ronnie,,Juenke,Trustee,,,,,0,,,,,,,
143483,103227779,ED2AB6C4-7766-4BAE-A058-D58D19D35ED6,Lavaca Hospital District,2026,BrdMem,,James,,Fenner,President,,,,,0,,,,,,,
144088,103227790,E6EB9195-C4EA-4D6B-B631-8AC542D4DB37,Timpson Public Library District,2024,BrdMem,,Vernett,,Richardson,Member,,,,,0,,,,,,,
144089,103227790,E6EB9195-C4EA-4D6B-B631-8AC542D4DB37,Timpson Public Library District,2024,BrdMem,,Dan,,Shepherd,Chair,,,,,0,,,,,,,
144090,103227790,E6EB9195-C4EA-4D6B-B631-8AC542D4DB37,Timpson Public Library District,2024,BrdMem,,Charlotte,,Metcalf,Member,,,,,0,,,,,,,
144091,103227790,E6EB9195-C4EA-4D6B-B631-8AC542D4DB37,Timpson Public Library District,2024,BrdMem,,Marilyn,,Corder,Head Libiran,,,,,0,,,,,,,
144092,103227790,E6EB9195-C4EA-4D6B-B631-8AC542D4DB37,Timpson Public Library District,2024,BrdMem,,James,,Barrett,Treasurer,,,,,0,,,,,,,
144095,103227790,47525007-AA2E-44BA-8F0D-EC07A7664151,Timpson Public Library District,2025,BrdMem,,James,,Barrett,Treasurer,,,,,0,,,,,,,
144096,103227790,47525007-AA2E-44BA-8F0D-EC07A7664151,Timpson Public Library District,2025,BrdMem,,Marilyn,,Corder,Chair & Head Libiran,,,,,0,,,,,,,
144097,103227790,47525007-AA2E-44BA-8F0D-EC07A7664151,Timpson Public Library District,2025,BrdMem,,Charlotte,,Metcalf,Member,,,,,0,,,,,,,
144098,103227790,47525007-AA2E-44BA-8F0D-EC07A7664151,Timpson Public Library District,2025,BrdMem,,Vernett,,Richardson,Member,,,,,0,,,,,,,
144099,103227790,47525007-AA2E-44BA-8F0D-EC07A7664151,Timpson Public Library District,2025,BrdMem,,John,,Grigsby,Member,,,,,0,,,,,,,
144102,103227790,6BAEA6B5-F310-4AEC-B93B-CA904A31EAD6,Timpson Public Library District,2026,BrdMem,,James,,Barrett,Treasurer,,,,,0,,,,,,,
144103,103227790,6BAEA6B5-F310-4AEC-B93B-CA904A31EAD6,Timpson Public Library District,2026,BrdMem,,Vernett,,Richardson,Member,,,,,0,,,,,,,
144104,103227790,6BAEA6B5-F310-4AEC-B93B-CA904A31EAD6,Timpson Public Library District,2026,BrdMem,,John,,Grigsby,Member,,,,,0,,,,,,,
144105,103227790,6BAEA6B5-F310-4AEC-B93B-CA904A31EAD6,Timpson Public Library District,2026,BrdMem,,Marilyn,,Corder,Chair & Head Libiran,,,,,0,,,,,,,
144106,103227790,6BAEA6B5-F310-4AEC-B93B-CA904A31EAD6,Timpson Public Library District,2026,BrdMem,,Charlotte,,Metcalf,Member,,,,,0,,,,,,,
149519,103227945,A60F9A00-BB13-4E99-B655-B70D0358086D,Nacogdoches County Hospital District,2019,BrdMem,,Sean,,Hightower,Vice President,,,,,0,,,,,,,
149520,103227945,A60F9A00-BB13-4E99-B655-B70D0358086D,Nacogdoches County Hospital District,2019,BrdMem,,Farrar,,Bentley,Member,,,,,0,,,,,,,
149521,103227945,A60F9A00-BB13-4E99-B655-B70D0358086D,Nacogdoches County Hospital District,2019,BrdMem,,Anita,,Kite,Member,,,,,0,,,,,,,
149522,103227945,A60F9A00-BB13-4E99-B655-B70D0358086D,Nacogdoches County Hospital District,2019,BrdMem,,James,,Stockman,Secretary,,,,,0,,,,,,,
149523,103227945,A60F9A00-BB13-4E99-B655-B70D0358086D,Nacogdoches County Hospital District,2019,BrdMem,,Fred,,Groover,Member,,,,,0,,,,,,,
149524,103227945,A60F9A00-BB13-4E99-B655-B70D0358086D,Nacogdoches County Hospital District,2019,BrdMem,,Lisa,,King,Member,,,,,0,,,,,,,
149525,103227945,A60F9A00-BB13-4E99-B655-B70D0358086D,Nacogdoches County Hospital District,2019,BrdMem,,Ryan,,Head,President,,,,,0,,,,,,,
149530,103227945,F4871CA6-29CA-4778-B875-F1B18020F39B,Nacogdoches County Hospital District,2020,BrdMem,,Anita,,Kite,Member,,,,,0,,,,,,,
149531,103227945,F4871CA6-29CA-4778-B875-F1B18020F39B,Nacogdoches County Hospital District,2020,BrdMem,,Ryan,,Head,President,,,,,0,,,,,,,
149532,103227945,F4871CA6-29CA-4778-B875-F1B18020F39B,Nacogdoches County Hospital District,2020,BrdMem,,Farrar,,Bentley,Member,,,,,0,,,,,,,
149533,103227945,F4871CA6-29CA-4778-B875-F1B18020F39B,Nacogdoches County Hospital District,2020,BrdMem,,Lisa,,King,Member,,,,,0,,,,,,,
149534,103227945,F4871CA6-29CA-4778-B875-F1B18020F39B,Nacogdoches County Hospital District,2020,BrdMem,,Sean,,Hightower,Vice President,,,,,0,,,,,,,
149535,103227945,F4871CA6-29CA-4778-B875-F1B18020F39B,Nacogdoches County Hospital District,2020,BrdMem,,Fred,,Groover,Member,,,,,0,,,,,,,
149536,103227945,F4871CA6-29CA-4778-B875-F1B18020F39B,Nacogdoches County Hospital District,2020,BrdMem,,James,,Stockman,Secretary,,,,,0,,,,,,,
149541,103227945,FF96FC7F-8576-4780-8AD4-EE7F45CD575B,Nacogdoches County Hospital District,2021,BrdMem,,Sean,,Hightower,Vice President,,,,,0,,,,,,,
149542,103227945,FF96FC7F-8576-4780-8AD4-EE7F45CD575B,Nacogdoches County Hospital District,2021,BrdMem,,James,,Stockman,Secretary,,,,,0,,,,,,,
149543,103227945,FF96FC7F-8576-4780-8AD4-EE7F45CD575B,Nacogdoches County Hospital District,2021,BrdMem,,Fred,,Groover,Member,,,,,0,,,,,,,
149544,103227945,FF96FC7F-8576-4780-8AD4-EE7F45CD575B,Nacogdoches County Hospital District,2021,BrdMem,,Farrar,,Bentley,Member,,,,,0,,,,,,,
149545,103227945,FF96FC7F-8576-4780-8AD4-EE7F45CD575B,Nacogdoches County Hospital District,2021,BrdMem,,Lisa,,King,Member,,,,,0,,,,,,,
149546,103227945,FF96FC7F-8576-4780-8AD4-EE7F45CD575B,Nacogdoches County Hospital District,2021,BrdMem,,Ryan,,Head,President,,,,,0,,,,,,,
149547,103227945,FF96FC7F-8576-4780-8AD4-EE7F45CD575B,Nacogdoches County Hospital District,2021,BrdMem,,Anita,,Kite,Member,,,,,0,,,,,,,
149552,103227945,7331D33F-16FD-4CB7-9585-D0D52020ADAE,Nacogdoches County Hospital District,2022,BrdMem,,Ryan,,Head,Secretary,,,,,0,,,,,,,
149553,103227945,7331D33F-16FD-4CB7-9585-D0D52020ADAE,Nacogdoches County Hospital District,2022,BrdMem,,James,,Stockman,Member,,,,,0,,,,,,,
149554,103227945,7331D33F-16FD-4CB7-9585-D0D52020ADAE,Nacogdoches County Hospital District,2022,BrdMem,,Lisa,,King,President,,,,,0,,,,,,,
149555,103227945,7331D33F-16FD-4CB7-9585-D0D52020ADAE,Nacogdoches County Hospital District,2022,BrdMem,,Fred,,Groover,Member,,,,,0,,,,,,,
149556,103227945,7331D33F-16FD-4CB7-9585-D0D52020ADAE,Nacogdoches County Hospital District,2022,BrdMem,,Sean,,Hightower,Vice President,,,,,0,,,,,,,
149561,103227945,EA5DAB42-B8B8-4404-AFCB-B258F37E1E20,Nacogdoches County Hospital District,2023,BrdMem,,Ryan,,Head,Secretary,,,,,0,,,,,,,
149562,103227945,EA5DAB42-B8B8-4404-AFCB-B258F37E1E20,Nacogdoches County Hospital District,2023,BrdMem,,Fred,,Groover,Member,,,,,0,,,,,,,
149563,103227945,EA5DAB42-B8B8-4404-AFCB-B258F37E1E20,Nacogdoches County Hospital District,2023,BrdMem,,Wesley,,McKnight,Member,,,,,0,,,,,,,
149564,103227945,EA5DAB42-B8B8-4404-AFCB-B258F37E1E20,Nacogdoches County Hospital District,2023,BrdMem,,Sean,,Hightower,Vice President,,,,,0,,,,,,,
149565,103227945,EA5DAB42-B8B8-4404-AFCB-B258F37E1E20,Nacogdoches County Hospital District,2023,BrdMem,,John,,McLaren,Member,,,,,0,,,,,,,
149566,103227945,EA5DAB42-B8B8-4404-AFCB-B258F37E1E20,Nacogdoches County Hospital District,2023,BrdMem,,Justin,,Sowell,Member,,,,,0,,,,,,,
149567,103227945,EA5DAB42-B8B8-4404-AFCB-B258F37E1E20,Nacogdoches County Hospital District,2023,BrdMem,,Lisa,,King,President,,,,,0,,,,,,,
149572,103227945,3A3AAEB6-888E-48FA-B461-06223DD896FC,Nacogdoches County Hospital District,2024,BrdMem,,Wesley,,McKnight,Member,,,,,0,,,,,,,
149573,103227945,3A3AAEB6-888E-48FA-B461-06223DD896FC,Nacogdoches County Hospital District,2024,BrdMem,,John,,McLaren,Secretary,,,,,0,,,,,,,
149574,103227945,3A3AAEB6-888E-48FA-B461-06223DD896FC,Nacogdoches County Hospital District,2024,BrdMem,,Justin,,Sowell,Member,,,,,0,,,,,,,
149575,103227945,3A3AAEB6-888E-48FA-B461-06223DD896FC,Nacogdoches County Hospital District,2024,BrdMem,,Sean,,Hightower,Vice President,,,,,0,,,,,,,
149576,103227945,3A3AAEB6-888E-48FA-B461-06223DD896FC,Nacogdoches County Hospital District,2024,BrdMem,,Lisa,,King,President,,,,,0,,,,,,,
149577,103227945,3A3AAEB6-888E-48FA-B461-06223DD896FC,Nacogdoches County Hospital District,2024,BrdMem,,John,,Sparks,Member,,,,,0,,,,,,,
149578,103227945,3A3AAEB6-888E-48FA-B461-06223DD896FC,Nacogdoches County Hospital District,2024,BrdMem,,David,,Schaefer,Member,,,,,0,,,,,,,
149583,103227945,C5E791B6-5FA9-4F17-A741-A9618BCC89A1,Nacogdoches County Hospital District,2025,BrdMem,,David,,Schaefer,Member,,,,,0,,,,,,,
149584,103227945,C5E791B6-5FA9-4F17-A741-A9618BCC89A1,Nacogdoches County Hospital District,2025,BrdMem,,Justin,,Sowell,Member,,,,,0,,,,,,,
149585,103227945,C5E791B6-5FA9-4F17-A741-A9618BCC89A1,Nacogdoches County Hospital District,2025,BrdMem,,Sean,,Hightower,Vice President,,,,,0,,,,,,,
149586,103227945,C5E791B6-5FA9-4F17-A741-A9618BCC89A1,Nacogdoches County Hospital District,2025,BrdMem,,Lisa,,King,President,,,,,0,,,,,,,
149587,103227945,C5E791B6-5FA9-4F17-A741-A9618BCC89A1,Nacogdoches County Hospital District,2025,BrdMem,,Wesley,,McKnight,Member,,,,,0,,,,,,,
149588,103227945,C5E791B6-5FA9-4F17-A741-A9618BCC89A1,Nacogdoches County Hospital District,2025,BrdMem,,John,,McLaren,Secretary,,,,,0,,,,,,,
149589,103227945,C5E791B6-5FA9-4F17-A741-A9618BCC89A1,Nacogdoches County Hospital District,2025,BrdMem,,John,,Sparks,Member,,,,,0,,,,,,,
149594,103227945,B2867587-28A3-4AF6-8B57-661333682F8C,Nacogdoches County Hospital District,2026,BrdMem,,Philip,,Blackburn,President,,,,,0,,,,,,,
149595,103227945,B2867587-28A3-4AF6-8B57-661333682F8C,Nacogdoches County Hospital District,2026,BrdMem,,John,,McLaren,Secretary,,,,,0,,,,,,,
149596,103227945,B2867587-28A3-4AF6-8B57-661333682F8C,Nacogdoches County Hospital District,2026,BrdMem,,David,,Schaefer,Vice President,,,,,0,,,,,,,
149597,103227945,B2867587-28A3-4AF6-8B57-661333682F8C,Nacogdoches County Hospital District,2026,BrdMem,,Hashim,,Ahammed,Member at Large,,,,,0,,,,,,,
149598,103227945,B2867587-28A3-4AF6-8B57-661333682F8C,Nacogdoches County Hospital District,2026,BrdMem,,Rikki Leigh,,Willoughby,Member at Large,,,,,0,,,,,,,
152426,103228013,F69AE499-E922-4E29-BA3E-A730B9EA9A96,Caldwell Hays Emergency Services District #1,2020,BrdMem,,Karen,,Gallaher,Vice President,,,,,0,,,,,,,
152427,103228013,F69AE499-E922-4E29-BA3E-A730B9EA9A96,Caldwell Hays Emergency Services District #1,2020,BrdMem,,Skip,,Dorsett,Member at Large,,,,,0,,,,,,,
152428,103228013,F69AE499-E922-4E29-BA3E-A730B9EA9A96,Caldwell Hays Emergency Services District #1,2020,BrdMem,,Randy,,Schaefer,Member at Large,,,,,0,,,,,,,
152429,103228013,F69AE499-E922-4E29-BA3E-A730B9EA9A96,Caldwell Hays Emergency Services District #1,2020,BrdMem,,Derek,,Herring,President,,,,,0,,,,,,,
152430,103228013,F69AE499-E922-4E29-BA3E-A730B9EA9A96,Caldwell Hays Emergency Services District #1,2020,BrdMem,,Lisa,,Murphy,Treasurer,,,,,0,,,,,,,
152435,103228013,3BDE1131-540A-4183-963C-F5BF3986105C,Caldwell Hays Emergency Services District #1,2021,BrdMem,,Derek,,Herring,President,,,,,0,,,,,,,
152436,103228013,3BDE1131-540A-4183-963C-F5BF3986105C,Caldwell Hays Emergency Services District #1,2021,BrdMem,,Karen,,Gallaher,Vice President,,,,,0,,,,,,,
152437,103228013,3BDE1131-540A-4183-963C-F5BF3986105C,Caldwell Hays Emergency Services District #1,2021,BrdMem,,Lisa,,Murphy,Treasurer,,,,,0,,,,,,,
152438,103228013,3BDE1131-540A-4183-963C-F5BF3986105C,Caldwell Hays Emergency Services District #1,2021,BrdMem,,Randy,,Schaefer,Member at Large,,,,,0,,,,,,,
152439,103228013,3BDE1131-540A-4183-963C-F5BF3986105C,Caldwell Hays Emergency Services District #1,2021,BrdMem,,Skip,,Dorsett,Member at Large,,,,,0,,,,,,,
152444,103228013,9370E840-A81E-4283-A82A-599877A7C25D,Caldwell Hays Emergency Services District #1,2022,BrdMem,,Randy,,Schaefer,Member at Large,,,,,0,,,,,,,
152445,103228013,9370E840-A81E-4283-A82A-599877A7C25D,Caldwell Hays Emergency Services District #1,2022,BrdMem,,Karen,,Gallaher,Vice President,,,,,0,,,,,,,
152446,103228013,9370E840-A81E-4283-A82A-599877A7C25D,Caldwell Hays Emergency Services District #1,2022,BrdMem,,Derek,,Herring,President,,,,,0,,,,,,,
152447,103228013,9370E840-A81E-4283-A82A-599877A7C25D,Caldwell Hays Emergency Services District #1,2022,BrdMem,,Lisa,,Murphy,Treasurer,,,,,0,,,,,,,
152448,103228013,9370E840-A81E-4283-A82A-599877A7C25D,Caldwell Hays Emergency Services District #1,2022,BrdMem,,Skip,,Dorsett,Member at Large,,,,,0,,,,,,,
152453,103228013,4C64112D-9E6B-4931-A3A3-5258E9631BEC,Caldwell Hays Emergency Services District #1,2023,BrdMem,,Skip,,Dorsett,Member at Large,,,,,0,,,,,,,
152454,103228013,4C64112D-9E6B-4931-A3A3-5258E9631BEC,Caldwell Hays Emergency Services District #1,2023,BrdMem,,Karen,,Gallaher,Vice President,,,,,0,,,,,,,
152455,103228013,4C64112D-9E6B-4931-A3A3-5258E9631BEC,Caldwell Hays Emergency Services District #1,2023,BrdMem,,Lisa,,Murphy,Treasurer,,,,,0,,,,,,,
152456,103228013,4C64112D-9E6B-4931-A3A3-5258E9631BEC,Caldwell Hays Emergency Services District #1,2023,BrdMem,,Randy,,Schaefer,Member at Large,,,,,0,,,,,,,
152457,103228013,4C64112D-9E6B-4931-A3A3-5258E9631BEC,Caldwell Hays Emergency Services District #1,2023,BrdMem,,Derek,,Herring,President,,,,,0,,,,,,,
152462,103228013,6B03CB8E-D54E-42BD-A8A2-A6F5D69F5949,Caldwell Hays Emergency Services District #1,2024,BrdMem,,Derek,,Herring,President,,,,,0,,,,,,,
152463,103228013,6B03CB8E-D54E-42BD-A8A2-A6F5D69F5949,Caldwell Hays Emergency Services District #1,2024,BrdMem,,Bruce,,Schneider,Member,,,,,0,,,,,,,
152464,103228013,6B03CB8E-D54E-42BD-A8A2-A6F5D69F5949,Caldwell Hays Emergency Services District #1,2024,BrdMem,,Randy,,Schaefer,Member at Large,,,,,0,,,,,,,
152465,103228013,6B03CB8E-D54E-42BD-A8A2-A6F5D69F5949,Caldwell Hays Emergency Services District #1,2024,BrdMem,,Karen,,Gallaher,Vice President,,,,,0,,,,,,,
152466,103228013,6B03CB8E-D54E-42BD-A8A2-A6F5D69F5949,Caldwell Hays Emergency Services District #1,2024,BrdMem,,Skip,,Dorsett,Member at Large,,,,,0,,,,,,,
152471,103228013,6F95E038-C64C-4D19-9EDF-38CCD4D21E28,Caldwell Hays Emergency Services District #1,2025,BrdMem,,Bruce,,Schneider,Member,,,,,0,,,,,,,
152472,103228013,6F95E038-C64C-4D19-9EDF-38CCD4D21E28,Caldwell Hays Emergency Services District #1,2025,BrdMem,,Skip,,Dorsett,Member at Large,,,,,0,,,,,,,
152473,103228013,6F95E038-C64C-4D19-9EDF-38CCD4D21E28,Caldwell Hays Emergency Services District #1,2025,BrdMem,,Karen,,Gallaher,Vice President,,,,,0,,,,,,,
152474,103228013,6F95E038-C64C-4D19-9EDF-38CCD4D21E28,Caldwell Hays Emergency Services District #1,2025,BrdMem,,Randy,,Schaefer,Member at Large,,,,,0,,,,,,,
152475,103228013,6F95E038-C64C-4D19-9EDF-38CCD4D21E28,Caldwell Hays Emergency Services District #1,2025,BrdMem,,Derek,,Herring,President,,,,,0,,,,,,,
152480,103228013,8FC3CEBF-D04B-49B4-9CC6-096F1530BCCD,Caldwell Hays Emergency Services District #1,2026,BrdMem,,Randy,,Schaefer,Vice-President,,,,,0,,,,,,,
152481,103228013,8FC3CEBF-D04B-49B4-9CC6-096F1530BCCD,Caldwell Hays Emergency Services District #1,2026,BrdMem,,Skip,,Dorsett,Member at Large,,,,,0,,,,,,,
152482,103228013,8FC3CEBF-D04B-49B4-9CC6-096F1530BCCD,Caldwell Hays Emergency Services District #1,2026,BrdMem,,Lisa,,Murphy,Member,,,,,0,,,,,,,
152483,103228013,8FC3CEBF-D04B-49B4-9CC6-096F1530BCCD,Caldwell Hays Emergency Services District #1,2026,BrdMem,,Derek,,Herring,President,,,,,0,,,,,,,
152484,103228013,8FC3CEBF-D04B-49B4-9CC6-096F1530BCCD,Caldwell Hays Emergency Services District #1,2026,BrdMem,,Karen,,Gallaher,Treasurer,,,,,0,,,,,,,
152627,103228022,F0C028B9-95D4-44F1-B3F9-2A99EA374BFB,University Hills Municipal Management District,2026,BrdMem,,Michael,,Warner,Vice President,,,,,0,,,,,,,
152628,103228022,F0C028B9-95D4-44F1-B3F9-2A99EA374BFB,University Hills Municipal Management District,2026,BrdMem,,Alan,,Michlin,President,,,,,0,,,,,,,
152629,103228022,F0C028B9-95D4-44F1-B3F9-2A99EA374BFB,University Hills Municipal Management District,2026,BrdMem,,Matthew,,Kay,Secretary,,,,,0,,,,,,,
152630,103228022,F0C028B9-95D4-44F1-B3F9-2A99EA374BFB,University Hills Municipal Management District,2026,BrdMem,,Kenneth,,Medlock,Assistant Secretary,,,,,0,,,,,,,
152631,103228022,F0C028B9-95D4-44F1-B3F9-2A99EA374BFB,University Hills Municipal Management District,2026,BrdMem,,Jesse,,Brinkman,Assistant Secretary,,,,,0,,,,,,,
154097,103228064,B8F468B3-BFFE-4411-9B2B-62D78F8E2903,SH130 Municipal Management District #1,2023,BrdMem,,Mike,,Krusee,President,,,,,0,,,,,,,
154098,103228064,B8F468B3-BFFE-4411-9B2B-62D78F8E2903,SH130 Municipal Management District #1,2023,BrdMem,,Albert,,Hawkins,Assistant Secretary,,,,,0,,,,,,,
154099,103228064,B8F468B3-BFFE-4411-9B2B-62D78F8E2903,SH130 Municipal Management District #1,2023,BrdMem,,Robert,,Walker,Assistant Secretary,,,,,0,,,,,,,
154100,103228064,B8F468B3-BFFE-4411-9B2B-62D78F8E2903,SH130 Municipal Management District #1,2023,BrdMem,,Stephen,,Shang,Vice President,,,,,0,,,,,,,
154101,103228064,B8F468B3-BFFE-4411-9B2B-62D78F8E2903,SH130 Municipal Management District #1,2023,BrdMem,,Larry,,Beard,Secretary,,,,,0,,,,,,,
154104,103228064,0E96F624-5523-48C5-B8E9-32F24248DA13,SH130 Municipal Management District #1,2024,BrdMem,,Austin,,Talley,Secretary,,,,,0,,,,,,,
154105,103228064,0E96F624-5523-48C5-B8E9-32F24248DA13,SH130 Municipal Management District #1,2024,BrdMem,,Robert,,Walker,Assistant Secretary,,,,,0,,,,,,,
154106,103228064,0E96F624-5523-48C5-B8E9-32F24248DA13,SH130 Municipal Management District #1,2024,BrdMem,,Mike,,Kruse,President,,,,,0,,,,,,,
154107,103228064,0E96F624-5523-48C5-B8E9-32F24248DA13,SH130 Municipal Management District #1,2024,BrdMem,,Albert,,Hawkins,Assistant Secretary,,,,,0,,,,,,,
154110,103228064,51F0F95E-4B22-47B8-B9F4-30D431A19F71,SH130 Municipal Management District #1,2025,BrdMem,,Austin,,Talley,Secretary,,,,,0,,,,,,,
154111,103228064,51F0F95E-4B22-47B8-B9F4-30D431A19F71,SH130 Municipal Management District #1,2025,BrdMem,,Robert,,Walker,Assistant Secretary,,,,,0,,,,,,,
154112,103228064,51F0F95E-4B22-47B8-B9F4-30D431A19F71,SH130 Municipal Management District #1,2025,BrdMem,,Mike,,Kruse,President,,,,,0,,,,,,,
154113,103228064,51F0F95E-4B22-47B8-B9F4-30D431A19F71,SH130 Municipal Management District #1,2025,BrdMem,,Albert,,Hawkins,Assistant Secretary,,,,,0,,,,,,,
154116,103228064,AF69EB88-2951-4040-8575-2D900E56EFFE,SH130 Municipal Management District #1,2026,BrdMem,,Garry,,Warren,Secretary,,,,,0,,,,,,,
154117,103228064,AF69EB88-2951-4040-8575-2D900E56EFFE,SH130 Municipal Management District #1,2026,BrdMem,,Michael,,Krusee,Director,,,,,0,,,,,,,
154118,103228064,AF69EB88-2951-4040-8575-2D900E56EFFE,SH130 Municipal Management District #1,2026,BrdMem,,Joe,,Williams,Vice President,,,,,0,,,,,,,
154119,103228064,AF69EB88-2951-4040-8575-2D900E56EFFE,SH130 Municipal Management District #1,2026,BrdMem,,William,,Tabbert,Treasurer,,,,,0,,,,,,,
154120,103228064,AF69EB88-2951-4040-8575-2D900E56EFFE,SH130 Municipal Management District #1,2026,BrdMem,,Ty,,Cunningham,President,,,,,0,,,,,,,
154618,103228086,55310B13-85B2-46A2-A259-B2080857AC8D,Big Bend Regional Hospital District,2021,BrdMem,,Greg,,Henington,Mr.,,,,,0,,,,,,,
154619,103228086,55310B13-85B2-46A2-A259-B2080857AC8D,Big Bend Regional Hospital District,2021,BrdMem,,Buddy,,Cavness,Mr.,,,,,0,,,,,,,
154620,103228086,55310B13-85B2-46A2-A259-B2080857AC8D,Big Bend Regional Hospital District,2021,BrdMem,,James,,White,Mr.,,,,,0,,,,,,,
154621,103228086,55310B13-85B2-46A2-A259-B2080857AC8D,Big Bend Regional Hospital District,2021,BrdMem,,Angela,,Juett,Ms.,,,,,0,,,,,,,
154622,103228086,55310B13-85B2-46A2-A259-B2080857AC8D,Big Bend Regional Hospital District,2021,BrdMem,,Andrea,,Perez,Ms.,,,,,0,,,,,,,
154627,103228086,C33035E0-3F87-41E8-81DD-F415575CFFAE,Big Bend Regional Hospital District,2022,BrdMem,,Angela,,Juett,Ms.,,,,,0,,,,,,,
154628,103228086,C33035E0-3F87-41E8-81DD-F415575CFFAE,Big Bend Regional Hospital District,2022,BrdMem,,Andrea,,Perez,Ms.,,,,,0,,,,,,,
154629,103228086,C33035E0-3F87-41E8-81DD-F415575CFFAE,Big Bend Regional Hospital District,2022,BrdMem,,Buddy,,Cavness,Mr.,,,,,0,,,,,,,
154630,103228086,C33035E0-3F87-41E8-81DD-F415575CFFAE,Big Bend Regional Hospital District,2022,BrdMem,,Greg,,Henington,Mr.,,,,,0,,,,,,,
154631,103228086,C33035E0-3F87-41E8-81DD-F415575CFFAE,Big Bend Regional Hospital District,2022,BrdMem,,James,,White,Mr.,,,,,0,,,,,,,
154636,103228086,63179B30-C9C4-4D41-8491-AAE19238C9EC,Big Bend Regional Hospital District,2023,BrdMem,,Reagan,,Reed,Mr.,,,,,0,,,,,,,
154637,103228086,63179B30-C9C4-4D41-8491-AAE19238C9EC,Big Bend Regional Hospital District,2023,BrdMem,,Andrea,,Perez,Ms.,,,,,0,,,,,,,
154638,103228086,63179B30-C9C4-4D41-8491-AAE19238C9EC,Big Bend Regional Hospital District,2023,BrdMem,,Angela,,Juett,Ms.,,,,,0,,,,,,,
154639,103228086,63179B30-C9C4-4D41-8491-AAE19238C9EC,Big Bend Regional Hospital District,2023,BrdMem,,Buddy,,Cavness,Mr.,,,,,0,,,,,,,
154640,103228086,63179B30-C9C4-4D41-8491-AAE19238C9EC,Big Bend Regional Hospital District,2023,BrdMem,,James,,White,Mr.,,,,,0,,,,,,,
154645,103228086,524DB010-229B-4027-8EE1-F0607F2EF16D,Big Bend Regional Hospital District,2024,BrdMem,,Buddy,,Cavness,Mr.,,,,,0,,,,,,,
154646,103228086,524DB010-229B-4027-8EE1-F0607F2EF16D,Big Bend Regional Hospital District,2024,BrdMem,,Valynda,,Henington,Ms,,,,,0,,,,,,,
154647,103228086,524DB010-229B-4027-8EE1-F0607F2EF16D,Big Bend Regional Hospital District,2024,BrdMem,,Angela,,Juett,Ms.,,,,,0,,,,,,,
154648,103228086,524DB010-229B-4027-8EE1-F0607F2EF16D,Big Bend Regional Hospital District,2024,BrdMem,,Reagan,,Reed,Mr.,,,,,0,,,,,,,
154653,103228086,157E053F-5790-45E4-A7EA-5439547B10AC,Big Bend Regional Hospital District,2026,BrdMem,,Buddy,,Cavness,Mr.,,,,,0,,,,,,,
154654,103228086,157E053F-5790-45E4-A7EA-5439547B10AC,Big Bend Regional Hospital District,2026,BrdMem,,Laura,,Portillo,Dr.,,,,,0,,,,,,,
154655,103228086,157E053F-5790-45E4-A7EA-5439547B10AC,Big Bend Regional Hospital District,2026,BrdMem,,Valynda,,Henington,Ms,,,,,0,,,,,,,
154656,103228086,157E053F-5790-45E4-A7EA-5439547B10AC,Big Bend Regional Hospital District,2026,BrdMem,,Angela,,Juett,Ms.,,,,,0,,,,,,,
154657,103228086,157E053F-5790-45E4-A7EA-5439547B10AC,Big Bend Regional Hospital District,2026,BrdMem,,Reagan,,Reed,Mr.,,,,,0,,,,,,,
155324,103228117,1F37C973-CB27-4BB1-9CAD-C56C444DEAA4,Harris County ESD 20,2022,BrdMem,,Johnnie,,Phoenix Aldridge,Secretary,,,,,0,,,,,,,
155325,103228117,1F37C973-CB27-4BB1-9CAD-C56C444DEAA4,Harris County ESD 20,2022,BrdMem,,Jane,,Guevara,Asst Sec Treas,,,,,0,,,,,,,
155326,103228117,1F37C973-CB27-4BB1-9CAD-C56C444DEAA4,Harris County ESD 20,2022,BrdMem,,Carmon,,Smith,President,,,,,0,,,,,,,
155327,103228117,1F37C973-CB27-4BB1-9CAD-C56C444DEAA4,Harris County ESD 20,2022,BrdMem,,Jody,,Pham Truong,Vice-President,,,,,0,,,,,,,
155328,103228117,1F37C973-CB27-4BB1-9CAD-C56C444DEAA4,Harris County ESD 20,2022,BrdMem,,Janet,,Lounnivongsa,Treasurer,,,,,0,,,,,,,
155333,103228117,D4862A54-B470-45EF-992D-46DA233EA460,Harris County ESD 20,2023,BrdMem,,Johnnie,,Phoenix Aldridge,Secretary,,,,,0,,,,,,,
155334,103228117,D4862A54-B470-45EF-992D-46DA233EA460,Harris County ESD 20,2023,BrdMem,,Carmon,,Smith,President,,,,,0,,,,,,,
155335,103228117,D4862A54-B470-45EF-992D-46DA233EA460,Harris County ESD 20,2023,BrdMem,,Janet,,Lounnivongsa,Treasurer,,,,,0,,,,,,,
155336,103228117,D4862A54-B470-45EF-992D-46DA233EA460,Harris County ESD 20,2023,BrdMem,,Jody,,Pham Truong,Vice-President,,,,,0,,,,,,,
155337,103228117,D4862A54-B470-45EF-992D-46DA233EA460,Harris County ESD 20,2023,BrdMem,,Jane,,Guevara,Asst Sec Treas,,,,,0,,,,,,,
155342,103228117,BA7BBB76-6F1A-428E-AF25-39B2AA990D97,Harris County ESD 20,2024,BrdMem,,Jody,,Pham Truong,Vice-President,,,,,0,,,,,,,
155343,103228117,BA7BBB76-6F1A-428E-AF25-39B2AA990D97,Harris County ESD 20,2024,BrdMem,,Carmon,,Smith,President,,,,,0,,,,,,,
155344,103228117,BA7BBB76-6F1A-428E-AF25-39B2AA990D97,Harris County ESD 20,2024,BrdMem,,Jane,,Guevara,Treasurer,,,,,0,,,,,,,
155345,103228117,BA7BBB76-6F1A-428E-AF25-39B2AA990D97,Harris County ESD 20,2024,BrdMem,,Johnnie,,Phoenix Aldridge,Secretary,,,,,0,,,,,,,
155350,103228117,F76AACD8-2D00-41D1-A3C2-DB0D292CD6FA,Harris County ESD 20,2025,BrdMem,,Jane,,Guevara,Treasurer,,,,,0,,,,,,,
155351,103228117,F76AACD8-2D00-41D1-A3C2-DB0D292CD6FA,Harris County ESD 20,2025,BrdMem,,Carmon,,Smith,President,,,,,0,,,,,,,
155352,103228117,F76AACD8-2D00-41D1-A3C2-DB0D292CD6FA,Harris County ESD 20,2025,BrdMem,,Jody,,Pham Truong,Vice-President,,,,,0,,,,,,,
155353,103228117,F76AACD8-2D00-41D1-A3C2-DB0D292CD6FA,Harris County ESD 20,2025,BrdMem,,Johnnie,,Phoenix Aldridge,Secretary,,,,,0,,,,,,,
155358,103228117,8A2FA369-8A92-4379-A659-A0F533B477AD,Harris County ESD 20,2026,BrdMem,,Johnnie,,Phoenix Aldridge,Secretary,,,,,0,,,,,,,
155359,103228117,8A2FA369-8A92-4379-A659-A0F533B477AD,Harris County ESD 20,2026,BrdMem,,Jody,,Pham Truong,Vice-President,,,,,0,,,,,,,
155360,103228117,8A2FA369-8A92-4379-A659-A0F533B477AD,Harris County ESD 20,2026,BrdMem,,Jane,,Guevara,Treasurer,,,,,0,,,,,,,
155361,103228117,8A2FA369-8A92-4379-A659-A0F533B477AD,Harris County ESD 20,2026,BrdMem,,Carmon,,Smith,President,,,,,0,,,,,,,
159792,103228322,585B7D93-6226-4181-BBD3-035F33211A3D,Benbrook Library District,2024,BrdMem,,Tammi,,Cauthen,Trustee,,,,,0,,,,,,,
159793,103228322,585B7D93-6226-4181-BBD3-035F33211A3D,Benbrook Library District,2024,BrdMem,,Christina,,Watson,Secretary,,,,,0,,,,,,,
159794,103228322,585B7D93-6226-4181-BBD3-035F33211A3D,Benbrook Library District,2024,BrdMem,,Rachel,,Moore,Treasurer,,,,,0,,,,,,,
159795,103228322,585B7D93-6226-4181-BBD3-035F33211A3D,Benbrook Library District,2024,BrdMem,,Carol,,Hafer,President,,,,,0,,,,,,,
159796,103228322,585B7D93-6226-4181-BBD3-035F33211A3D,Benbrook Library District,2024,BrdMem,,Larry,,Vickers,Investment Officer,,,,,0,,,,,,,
159799,103228322,1BED9513-6A25-4A55-8954-CA5D99ECA7D6,Benbrook Library District,2025,BrdMem,,Denise,,Smith,Secretary,,,,,0,,,,,,,
159800,103228322,1BED9513-6A25-4A55-8954-CA5D99ECA7D6,Benbrook Library District,2025,BrdMem,,Tammi,,Cauthen,Trustee,,,,,0,,,,,,,
159801,103228322,1BED9513-6A25-4A55-8954-CA5D99ECA7D6,Benbrook Library District,2025,BrdMem,,Christina,,Watson,Treasurer,,,,,0,,,,,,,
159802,103228322,1BED9513-6A25-4A55-8954-CA5D99ECA7D6,Benbrook Library District,2025,BrdMem,,Carol,,Hafer,President,,,,,0,,,,,,,
159803,103228322,1BED9513-6A25-4A55-8954-CA5D99ECA7D6,Benbrook Library District,2025,BrdMem,,Larry,,Vickers,Investment Officer,,,,,0,,,,,,,
159806,103228322,16FA3C78-37B3-4DD9-B99D-58A989D823F5,Benbrook Library District,2026,BrdMem,,Larry,,Vickers,Investment Officer,,,,,0,,,,,,,
159807,103228322,16FA3C78-37B3-4DD9-B99D-58A989D823F5,Benbrook Library District,2026,BrdMem,,Denise,,Smith,Secretary,,,,,0,,,,,,,
159808,103228322,16FA3C78-37B3-4DD9-B99D-58A989D823F5,Benbrook Library District,2026,BrdMem,,Christina,,Watson,Treasurer,,,,,0,,,,,,,
159809,103228322,16FA3C78-37B3-4DD9-B99D-58A989D823F5,Benbrook Library District,2026,BrdMem,,Carol,,Hafer,President,,,,,0,,,,,,,
159810,103228322,16FA3C78-37B3-4DD9-B99D-58A989D823F5,Benbrook Library District,2026,BrdMem,,Tammi,,Cauthen,Trustee,,,,,0,,,,,,,
159858,103228328,FECD3497-79E6-4F60-8A9D-E11C64041840,Utopia Vanderpool Emergency SErvices DEistrict #1,2024,BrdMem,,Zach,,Barfield,Secretary,,,,,0,,,,,,,
159859,103228328,FECD3497-79E6-4F60-8A9D-E11C64041840,Utopia Vanderpool Emergency SErvices DEistrict #1,2024,BrdMem,,Clayton,,Howard,Commissioner,,,,,0,,,,,,,
159860,103228328,FECD3497-79E6-4F60-8A9D-E11C64041840,Utopia Vanderpool Emergency SErvices DEistrict #1,2024,BrdMem,,Karen,,Heideman,Treasurer,,,,,0,,,,,,,
159861,103228328,FECD3497-79E6-4F60-8A9D-E11C64041840,Utopia Vanderpool Emergency SErvices DEistrict #1,2024,BrdMem,,Al,,Buckner,President,,,,,0,,,,,,,
159862,103228328,FECD3497-79E6-4F60-8A9D-E11C64041840,Utopia Vanderpool Emergency SErvices DEistrict #1,2024,BrdMem,,Nick,,Pope,Commissioner,,,,,0,,,,,,,
159869,103228328,FAEC2605-B967-4420-9554-13914D41A524,Utopia Vanderpool Emergency SErvices DEistrict #1,2025,BrdMem,,Nick,,Pope,Commissioner,,,,,0,,,,,,,
159870,103228328,FAEC2605-B967-4420-9554-13914D41A524,Utopia Vanderpool Emergency SErvices DEistrict #1,2025,BrdMem,,Clayton,,Howard,Commissioner,,,,,0,,,,,,,
159871,103228328,FAEC2605-B967-4420-9554-13914D41A524,Utopia Vanderpool Emergency SErvices DEistrict #1,2025,BrdMem,,Al,,Buckner,President,,,,,0,,,,,,,
159872,103228328,FAEC2605-B967-4420-9554-13914D41A524,Utopia Vanderpool Emergency SErvices DEistrict #1,2025,BrdMem,,Karen,,Heideman,Treasurer,,,,,0,,,,,,,
159873,103228328,FAEC2605-B967-4420-9554-13914D41A524,Utopia Vanderpool Emergency SErvices DEistrict #1,2025,BrdMem,,Zach,,Barfield,Secretary,,,,,0,,,,,,,
159880,103228328,B8F8624E-200D-444C-A38F-4B7A061C440E,Utopia Vanderpool Emergency SErvices DEistrict #1,2026,BrdMem,,Nick,,Pope,Commissioner,,,,,0,,,,,,,
159881,103228328,B8F8624E-200D-444C-A38F-4B7A061C440E,Utopia Vanderpool Emergency SErvices DEistrict #1,2026,BrdMem,,James,,Meyer,Commissioner,,,,,0,,,,,,,
159882,103228328,B8F8624E-200D-444C-A38F-4B7A061C440E,Utopia Vanderpool Emergency SErvices DEistrict #1,2026,BrdMem,,Al,,Buckner,President,,,,,0,,,,,,,
159883,103228328,B8F8624E-200D-444C-A38F-4B7A061C440E,Utopia Vanderpool Emergency SErvices DEistrict #1,2026,BrdMem,,Zach,,Barfield,Secretary,,,,,0,,,,,,,
159884,103228328,B8F8624E-200D-444C-A38F-4B7A061C440E,Utopia Vanderpool Emergency SErvices DEistrict #1,2026,BrdMem,,Karen,,Heideman,Treasurer,,,,,0,,,,,,,
160520,103228362,EFC25AF3-9C2D-473A-9186-4CECF4E7B01A,Orange County Emergency Services District 4,2024,BrdMem,,Paul,,Welborn,Vice President,,,,,0,,,,,,,
160521,103228362,EFC25AF3-9C2D-473A-9186-4CECF4E7B01A,Orange County Emergency Services District 4,2024,BrdMem,,Robert,,Hymes,Commissioner,,,,,0,,,,,,,
160522,103228362,EFC25AF3-9C2D-473A-9186-4CECF4E7B01A,Orange County Emergency Services District 4,2024,BrdMem,,Dan,,Brack,Secretary,,,,,0,,,,,,,
160523,103228362,EFC25AF3-9C2D-473A-9186-4CECF4E7B01A,Orange County Emergency Services District 4,2024,BrdMem,,David,,Jones,President,,,,,0,,,,,,,
160524,103228362,EFC25AF3-9C2D-473A-9186-4CECF4E7B01A,Orange County Emergency Services District 4,2024,BrdMem,,Anthony,,Shue,Treasurer,,,,,0,,,,,,,
160528,103228362,4C1C02B0-1973-4597-A85F-4691495041AB,Orange County Emergency Services District 4,2025,BrdMem,,Robert,,Hymes,Commissioner,,,,,0,,,,,,,
160529,103228362,4C1C02B0-1973-4597-A85F-4691495041AB,Orange County Emergency Services District 4,2025,BrdMem,,Gregory,,Gravett,Vice President,,,,,0,,,,,,,
160530,103228362,4C1C02B0-1973-4597-A85F-4691495041AB,Orange County Emergency Services District 4,2025,BrdMem,,Anthony,,Shue,Treasurer,,,,,0,,,,,,,
160531,103228362,4C1C02B0-1973-4597-A85F-4691495041AB,Orange County Emergency Services District 4,2025,BrdMem,,David,,Jones,President,,,,,0,,,,,,,
160532,103228362,4C1C02B0-1973-4597-A85F-4691495041AB,Orange County Emergency Services District 4,2025,BrdMem,,Dan,,Brack,Secretary,,,,,0,,,,,,,
160536,103228362,116CFB3D-BADC-4001-A7B9-BC508D801C2F,Orange County Emergency Services District 4,2026,BrdMem,,David,,Jones,President,,,,,0,,,,,,,
160537,103228362,116CFB3D-BADC-4001-A7B9-BC508D801C2F,Orange County Emergency Services District 4,2026,BrdMem,,Gregory,,Gravett,Vice President,,,,,0,,,,,,,
160538,103228362,116CFB3D-BADC-4001-A7B9-BC508D801C2F,Orange County Emergency Services District 4,2026,BrdMem,,Anthony,,Shue,Treasurer,,,,,0,,,,,,,
160539,103228362,116CFB3D-BADC-4001-A7B9-BC508D801C2F,Orange County Emergency Services District 4,2026,BrdMem,,Dan,,Brack,Secretary,,,,,0,,,,,,,
160540,103228362,116CFB3D-BADC-4001-A7B9-BC508D801C2F,Orange County Emergency Services District 4,2026,BrdMem,,Robert,,Hymes,Commissioner,,,,,0,,,,,,,
162864,103228578,0BA3EEF1-F4EA-4F49-A225-27B012965542,Sabine County Hospital District,2026,BrdMem,,Tiffani,,Bradberry,President,,,,,0,,,,,,,
162865,103228578,0BA3EEF1-F4EA-4F49-A225-27B012965542,Sabine County Hospital District,2026,BrdMem,,Tellina,,Wright,Board Member,,,,,0,,,,,,,
162866,103228578,0BA3EEF1-F4EA-4F49-A225-27B012965542,Sabine County Hospital District,2026,BrdMem,,Byron,,Starr,Board Member,,,,,0,,,,,,,
162867,103228578,0BA3EEF1-F4EA-4F49-A225-27B012965542,Sabine County Hospital District,2026,BrdMem,,Robbie,,Hudspeth,Secretary,,,,,0,,,,,,,
162868,103228578,0BA3EEF1-F4EA-4F49-A225-27B012965542,Sabine County Hospital District,2026,BrdMem,,George,,Young,Vice President,,,,,0,,,,,,,
