tea_cdn,isd_name,seat_label,seat_type,trustee_name,board_role,term_start,term_end,verification_status,source_title,source_url
177902,Sweetwater ISD,District 1,Single-Member District,Domingo Castillo,Trustee,May 2025,May 2028,Verified,Sweetwater ISD Board,https://www.sweetwaterisd.net/page/sisd-board-of-trustees
177902,Sweetwater ISD,District 2,Single-Member District,Tasha Soto,Secretary,May 2025,May 2028,Verified,Sweetwater ISD Board,https://www.sweetwaterisd.net/page/sisd-board-of-trustees
177902,Sweetwater ISD,District 3,Single-Member District,Matthew McKay,Trustee,May 2026,May 2029,Verified,Nolan County Canvass,https://www.co.nolan.tx.us/upload/page/0503/Canvass%20SISD.pdf
177902,Sweetwater ISD,District 4,Single-Member District,Kathy Hall,Trustee,May 2026,May 2029,Verified,Nolan County Canvass,https://www.co.nolan.tx.us/upload/page/0503/Canvass%20SISD.pdf
177902,Sweetwater ISD,District 5,Single-Member District,Kelly Sheridan,President,May 2025,May 2028,Verified,Sweetwater ISD Board,https://www.sweetwaterisd.net/page/sisd-board-of-trustees
177902,Sweetwater ISD,At-Large (Seat A),At-Large,Dennis Cumbie,Trustee,May 2024,May 2027,Verified,Sweetwater ISD Board,https://www.sweetwaterisd.net/page/sisd-board-of-trustees
177902,Sweetwater ISD,At-Large (Seat B),At-Large,Brenda Valdez,Vice President,May 2024,May 2027,Verified,Sweetwater ISD Board,https://www.sweetwaterisd.net/page/sisd-board-of-trustees
153904,Tahoka ISD,District 1,Single-Member District,Slate May,Trustee,May 2025,May 2028,Verified,Lynn County Summary,https://www.co.lynn.tx.us/upload/page/5416/Tahoka%20ISD.pdf
153904,Tahoka ISD,District 2,Single-Member District,Tyler Hawthorne,President,May 2025,May 2028,Verified,"BoardBook June 16, 2026",https://manuals.boardbook.org/Public/Agenda/1956?meeting=747185
153904,Tahoka ISD,District 3,Single-Member District,Carol Miller,Trustee,May 2026,May 2029,Verified,Region 17 ESC Directory,https://www.esc17.net/page/district.tahoka
153904,Tahoka ISD,District 4,Single-Member District,Austin Swaim / Garcia,Trustee,May 2026,May 2029,Verified,BoardBook Premier Archive,https://meetings.boardbook.org/public/Organization/1956
153904,Tahoka ISD,District 5,Single-Member District,Tamesha McClendon,Trustee,May 2025,May 2028,Verified,Region 17 ESC Directory,https://www.esc17.net/page/district.tahoka
153904,Tahoka ISD,At-Large (Seat A),At-Large,Matt McLelland,Trustee,May 2024,May 2027,Verified,Tahoka ISD School Board,https://www.facebook.com/TahokaISD/photos/today-our-school-board-highlight-is-matt-mclelland-matt-graduated-from-tahoka-hi/876440978486506/
153904,Tahoka ISD,At-Large (Seat B),At-Large,Lea Swinford,Secretary,May 2024,May 2027,Verified,Region 17 ESC Directory,https://www.esc17.net/page/district.tahoka
246911,Taylor ISD,Place 1,Single-Member District,Shorty Mitchell,Vice President,May 2026,May 2029,Verified,Taylor Press Swearing-In Report,"https://www.taylorpress.net/article/11766,westerman-takes-buzan-s-seat-on-taylor-isd-board"
246911,Taylor ISD,Place 2,Single-Member District,Anita Volek,Assistant Secretary,May 2024,May 2027,Verified,Taylor ISD Board of Trustees,https://www.taylorisd.org/board-of-trustees-home
246911,Taylor ISD,Place 3,Single-Member District,Cheryl Carter,Secretary,May 2025,May 2028,Verified,Taylor ISD Board of Trustees,https://www.taylorisd.org/board-of-trustees-home
246911,Taylor ISD,Place 4,Single-Member District,Marco R. Ortiz,President,May 2025,May 2028,Verified,Taylor ISD Board of Trustees,https://www.taylorisd.org/board-of-trustees-home
246911,Taylor ISD,Place 5,Single-Member District,Joseph Meller,Trustee,May 2025,May 2028,Verified,Taylor ISD Board of Trustees,https://www.taylorisd.org/board-of-trustees-home
246911,Taylor ISD,At-Large (Seat A),At-Large,Marilyn Tennill,Trustee,May 2024,May 2027,Verified,Taylor ISD Board of Trustees,https://www.taylorisd.org/board-of-trustees-home
246911,Taylor ISD,At-Large (Seat B),At-Large,Rachael Westerman,Trustee,May 2026,May 2029,Verified,Taylor Press Swearing-In Report,"https://www.taylorpress.net/article/11766,westerman-takes-buzan-s-seat-on-taylor-isd-board"
014909,Temple ISD,District 1,Single-Member District,Virginia Suarez,Secretary,May 2025,May 2028,Verified,Temple ISD Board,https://www.tisd.org/apps/pages/index.jsp?type=d&uREC_ID=340056&pREC_ID=770557
014909,Temple ISD,District 2,Single-Member District,Bre'Layshia Alexander,Trustee,May 2026,May 2029,Verified,Temple ISD Board,https://www.tisd.org/apps/pages/index.jsp?type=d&uREC_ID=340056&pREC_ID=770557
014909,Temple ISD,District 3,Single-Member District,Dan Posey,President,May 2024,May 2027,Verified,Temple ISD Board,https://www.tisd.org/apps/pages/index.jsp?type=d&uREC_ID=340056&pREC_ID=770557
014909,Temple ISD,District 4,Single-Member District,Ronnie Gaines,Vice President,May 2024,May 2027,Verified,Temple ISD Board,https://www.tisd.org/apps/pages/index.jsp?type=d&uREC_ID=340056&pREC_ID=770557
014909,Temple ISD,District 5,Single-Member District,Dawn Cook,Trustee,May 2024,May 2027,Verified,Temple ISD Board,https://www.tisd.org/apps/pages/index.jsp?type=d&uREC_ID=340056&pREC_ID=770557
014909,Temple ISD,District 6,Single-Member District,Shannon Dean,Trustee,May 2025,May 2028,Verified,Temple ISD Board,https://www.tisd.org/apps/pages/index.jsp?type=d&uREC_ID=340056&pREC_ID=770557
014909,Temple ISD,District 7,Single-Member District,Shannon Myers,Trustee,May 2026,May 2029,Verified,Temple ISD Board,https://www.tisd.org/apps/pages/index.jsp?type=d&uREC_ID=340056&pREC_ID=770557
129906,Terrell ISD,District/Place 1,Single-Member District,Nicholas Alford,Trustee,May 2025,May 2028,Verified,Terrell ISD Board Members,https://www.terrellisd.org/page/board-members
129906,Terrell ISD,District/Place 2,Single-Member District,Kenneth Baker,Trustee,May 2024,May 2027,Verified,Terrell ISD Board Members,https://www.terrellisd.org/page/board-members
129906,Terrell ISD,District/Place 3,Single-Member District,Tonya Derrick,President,May 2024,May 2027,Verified,Terrell ISD Board Members,https://www.terrellisd.org/page/board-members
129906,Terrell ISD,District/Place 4,Single-Member District,Monty Westbrook,Vice President,May 2025,May 2028,Verified,Terrell ISD Board Members,https://www.terrellisd.org/page/board-members
129906,Terrell ISD,District/Place 5,Single-Member District,Ashley Carmona-Fivecoat,Trustee,May 2024,May 2027,Verified,Terrell ISD Board Members,https://www.terrellisd.org/page/board-members
129906,Terrell ISD,Place 6 At Large,At-Large,Ann Kines McDonald,Secretary,May 2026,May 2029,Verified,Terrell ISD Board Members,https://www.terrellisd.org/page/board-members
129906,Terrell ISD,District/Place 7 At Large,At-Large,Pam Merino,Trustee,May 2026,May 2029,Verified,Terrell ISD Board Members,https://www.terrellisd.org/page/board-members
019907,Texarkana ISD,District 1,Single-Member District,Bill Kimbro,Trustee,May 2024,May 2027,Verified,TISD Board of Trustees,https://www.txkisd.net/board-of-trustees
019907,Texarkana ISD,District 2,Single-Member District,Pastor Ronald Ruffin,Trustee,May 2026,May 2029,Verified,TISD Board of Trustees,https://www.txkisd.net/board-of-trustees
019907,Texarkana ISD,District 3,Single-Member District,Wanda Boyette,Trustee,May 2025,May 2028,Verified,TISD Board of Trustees,https://www.txkisd.net/board-of-trustees
019907,Texarkana ISD,District 4,Single-Member District,Amy Bowers,President,May 2026,May 2029,Verified,TISD Board of Trustees,https://www.txkisd.net/board-of-trustees
019907,Texarkana ISD,District 5,Single-Member District,Bryan DePriest,Secretary,May 2025,May 2028,Verified,TISD Board of Trustees,https://www.txkisd.net/board-of-trustees
019907,Texarkana ISD,At Large – District 6,At-Large,Paul Miller,Vice-President,May 2024,May 2027,Verified,TISD Board of Trustees,https://www.txkisd.net/board-of-trustees
019907,Texarkana ISD,At Large – District 7,At-Large,Ben King,Trustee,May 2026,May 2029,Verified,TISD Board of Trustees,https://www.txkisd.net/board-of-trustees
084906,Texas City ISD,District 1,Single-Member District,Melba Anderson,Trustee,May 2025,May 2028,Verified,TCISD School Board,https://www.tcisd.org/school-board
084906,Texas City ISD,District 2,Single-Member District,Mable Pratt,Trustee,May 2025,May 2028,Verified,TCISD School Board,https://www.tcisd.org/school-board
084906,Texas City ISD,District 3,Single-Member District,Nakisha Paul,President,May 2026,May 2029,Verified,TCISD School Board,https://www.tcisd.org/school-board
084906,Texas City ISD,District 4,Single-Member District,Lori Carnes,Trustee,May 2025,May 2028,Verified,TCISD School Board,https://www.tcisd.org/school-board
084906,Texas City ISD,District 5,Single-Member District,David Moss,Vice President,May 2026,May 2029,Verified,TCISD School Board,https://www.tcisd.org/school-board
084906,Texas City ISD,District 6,Single-Member District,Amber Prouty,Trustee,May 2025,May 2027,Verified (Unexp),TCISD School Board,https://www.tcisd.org/school-board
084906,Texas City ISD,At-Large,At-Large,Randy Dietel,Trustee,May 2024,May 2027,Verified,TCISD School Board,https://www.tcisd.org/school-board
219903,Tulia ISD,District 1 (Place 1),Single-Member District,Ashley Ramirez,Vice President,May 2025,May 2028,Verified,Ballotpedia District 1 Profile,"https://ballotpedia.org/Ashley_Ramirez_(Tulia_Independent_School_District,_District_1,_Texas,_candidate_2025"
219903,Tulia ISD,District 2 (Place 2),Single-Member District,Nicole Gore,Trustee,May 2024,May 2027,Verified,"BoardBook June 11, 2026 Minutes",https://meetings.boardbook.org/Documents/DownloadPDF/13198788?org=2284
219903,Tulia ISD,District 3 (Place 3),Single-Member District,William Fifer,Trustee,May 2025,May 2028,Verified,"BoardBook July 20, 2026 Minutes",https://meetings.boardbook.org/Documents/DownloadPDF/14294375?org=2284
219903,Tulia ISD,District 4 (Place 4),Single-Member District,Kacy Quinton,Secretary,May 2026,May 2029,Verified,Order of Cancellation Place 4,https://www.co.swisher.tx.us/upload/page/7290/Order%20of%20Cancellation%2026.pdf
219903,Tulia ISD,District 5 (Place 5),Single-Member District,Clint Mahannah,President,May 2026,May 2029,Verified,"BoardBook May 6, 2026 Minutes",https://meetings.boardbook.org/Documents/DownloadPDF/13198784?org=2284
219903,Tulia ISD,At-Large (Seat A),At-Large,Jenni McCaslin,Trustee,May 2024,May 2027,Verified,"BoardBook May 19, 2026 Minutes",https://meetings.boardbook.org/Documents/DownloadPDF/13198787?org=2284
219903,Tulia ISD,At-Large (Seat B),At-Large,Jason Jack,Trustee,May 2024,May 2027,Verified,"BoardBook June 11, 2026 Minutes",https://meetings.boardbook.org/Documents/DownloadPDF/13198788?org=2284
212905,Tyler ISD,District 1,Single-Member District,Eleno Licea,Trustee,May 2025,May 2028,Verified,Tyler ISD School Board,https://www.tylerisd.org/page/school-board
212905,Tyler ISD,District 2,Single-Member District,Stephen Hubbard,Trustee,May 2026,May 2029,Verified,Tyler Morning Telegraph Swearing-In Report,https://tylerpaper.com/2026/05/23/dr-kendra-bircher-and-stephen-hubbard-sworn-in-as-new-tyler-isd-board-members/
212905,Tyler ISD,District 3,Single-Member District,Yvonne Atkins,President,May 2025,May 2028,Verified,Tyler ISD School Board,https://www.tylerisd.org/page/school-board
212905,Tyler ISD,District 4,Single-Member District,Dr. Kendra Bircher,Trustee,May 2026,May 2029,Verified,Tyler Morning Telegraph Swearing-In Report,https://tylerpaper.com/2026/05/23/dr-kendra-bircher-and-stephen-hubbard-sworn-in-as-new-tyler-isd-board-members/
212905,Tyler ISD,District 5,Single-Member District,Aaron Martinez,Trustee,May 2024,May 2027,Verified,Tyler ISD Trustees Oath Announcement,https://www.tylerisd.org/article/1593409
212905,Tyler ISD,District 6,Single-Member District,Lindsey Harrison,Vice President,May 2025,May 2028,Verified,Tyler ISD School Board,https://www.tylerisd.org/page/school-board
212905,Tyler ISD,District 7,Single-Member District,Andy Bergfeld,Trustee,May 2024,May 2027,Verified,Tyler ISD Trustees Oath Announcement,https://www.tylerisd.org/article/1593409
240903,United ISD,District 1,Single-Member District,"Gilbert Aguilar, Jr.",Trustee,Nov 2024,Nov 2028,Verified,UISD Board of Trustees,https://www.uisd.net/board-of-trustees
240903,United ISD,District 2,Single-Member District,"Rodolfo ""Rudy"" Gonzalez, Jr.",Trustee,Nov 2024,Nov 2028,Verified,UISD Board of Trustees,https://www.uisd.net/board-of-trustees
240903,United ISD,District 3,Single-Member District,Aliza Flores Oliveros,Vice-President,Nov 2022,Nov 2026,Verified,UISD Board of Trustees,https://www.uisd.net/board-of-trustees
240903,United ISD,District 4,Single-Member District,"Ramiro Veliz, III",Parliamentarian,Nov 2024,Nov 2028,Verified,Ramiro Veliz III Profile,https://www.uisd.net/ramiro-veliz-iii
240903,United ISD,District 5,Single-Member District,"Javier Montemayor, Jr.",President,Nov 2022,Nov 2026,Verified,UISD Board of Trustees,https://www.uisd.net/board-of-trustees
240903,United ISD,District 6,Single-Member District,Michelle Molina,Secretary,Nov 2022,Nov 2026,Verified,UISD Board of Trustees,https://www.uisd.net/board-of-trustees
240903,United ISD,District 7,Single-Member District,"Dianelle ""Dianely"" Martinez",Trustee,Nov 2024,Nov 2028,Verified,UISD Board of Trustees,https://www.uisd.net/board-of-trustees
196903,Refugio ISD,SMD #1,Single-Member District,"Eugene ""Bull"" Lewis",Board Member,May 2025,May 2028,Verified,Refugio ISD Meet The Board,https://www.refugioisd.net/page/meet-the-board
196903,Refugio ISD,SMD #2,Single-Member District,Robert Montalvo,Board Member,May 2024,May 2027,Verified,Refugio County Elected Officials,https://www.co.refugio.tx.us/upload/page/1080/docs/Elections/CANDIDATE%20INFO/-%20EA%20-%20County%20Wide%20Election%20Entity%20Offices.pdf
196903,Refugio ISD,SMD #3,Single-Member District,Justin Walker,Board Member,May 2025,May 2028,Verified,Refugio ISD Meet The Board,https://www.refugioisd.net/page/meet-the-board
196903,Refugio ISD,SMD #4,Single-Member District,T. Wayne Price,Board Secretary,May 2024,May 2027,Verified,Refugio ISD Meet The Board,https://www.refugioisd.net/page/meet-the-board
196903,Refugio ISD,SMD #5,Single-Member District,Kelley Walker,Board Vice President,May 2025,May 2028,Verified,RISD Election Information,https://files-backend.assets.thrillshare.com/documents/asset/uploaded_file/3744/Risd/7da82618-455c-485a-a0d3-71dcbc1d257b/Board_of_Trustee_Election_Information.pdf?disposition=inline
196903,Refugio ISD,SMD #6,Single-Member District,Andy Rocha,Board President,May 2026,May 2029,Verified,RISD 2026 Election Notice,https://files-backend.assets.thrillshare.com/documents/asset/uploaded_file/3744/Risd/1ca42be4-8c8f-45ac-95d0-b8b329e3bdcc/Board-Election-Information-2026.pdf?disposition=inline
196903,Refugio ISD,SMD #7,Single-Member District,Ethel Garza,Board Member,May 2026,May 2029,Verified,RISD 2026 Election Notice,https://files-backend.assets.thrillshare.com/documents/asset/uploaded_file/3744/Risd/1ca42be4-8c8f-45ac-95d0-b8b329e3bdcc/Board-Election-Information-2026.pdf?disposition=inline
057916,Richardson ISD,District 1,Single-Member District,Megan Timme,Trustee,May 2024,May 2027,Verified,Members - Board of Trustees - Richardson ISD,https://web.risd.org/board/members/
057916,Richardson ISD,District 2,Single-Member District,Vanessa Pacheco,Board Secretary,May 2025,May 2028,Verified,"Trustees Sworn in, Board Reorganizes",https://web.risd.org/home/trustees-sworn-in-board-reorganizes-2/
057916,Richardson ISD,District 3,Single-Member District,Nazlee Burney,Trustee,May 2026,May 2029,Verified,Richardson ISD May 2 Board Election Results,https://web.risd.org/home/richardson-isd-unofficial-may-2-board-election-results/
057916,Richardson ISD,District 4,Single-Member District,Regina Harris,Trustee,May 2025,May 2028,Verified,Members - Board of Trustees - Richardson ISD,https://web.risd.org/board/members/
057916,Richardson ISD,District 5,Single-Member District,Rachel McGowan,Board Vice President,May 2025,May 2028,Verified,"Trustees Sworn in, Board Reorganizes",https://web.risd.org/home/trustees-sworn-in-board-reorganizes-2/
057916,Richardson ISD,Place 6 (At-Large),At-Large,Eric Eager,Trustee,May 2026,May 2029,Verified,Richardson ISD May 2 Board Election Results,https://web.risd.org/home/richardson-isd-unofficial-may-2-board-election-results/
057916,Richardson ISD,Place 7 (At-Large),At-Large,Chris Poteet,Board President,May 2024,May 2027,Verified,Members - Board of Trustees - Richardson ISD,https://web.risd.org/board/members/
128903,Runge ISD,District 1,Single-Member District,Zachary Yanta,Board President,May 2025,May 2028,Verified,Runge ISD Board Terms PDF,https://www.rungeisd.org/vimages/shared/vnews/stories/4d541e0278eb6/RISD%20Election%20%26%20Terms.pdf
128903,Runge ISD,District 2,Single-Member District,Robert Jones,Board Vice President,May 2026,May 2029,Verified,"BoardBook January 19, 2026 Minutes",https://meetings.boardbook.org/Public/Minutes/882?meeting=725323
128903,Runge ISD,District 3,Single-Member District,Erma Gonzales,Board Secretary,May 2026,May 2029,Verified,"BoardBook January 19, 2026 Minutes",https://meetings.boardbook.org/Public/Minutes/882?meeting=725323
128903,Runge ISD,District 4,Single-Member District,Christine Ramirez,Trustee,May 2025,May 2028,Verified,Runge ISD Student Handbook,https://www.rungeisd.org/vimages/shared/vnews/stories/4db86d7173ff3/Student%20Handbook.pdf
128903,Runge ISD,District 5,Single-Member District,Lillie Briones,Trustee,May 2024,May 2027,Verified,"BoardBook January 19, 2026 Minutes",https://meetings.boardbook.org/Public/Minutes/882?meeting=725323
128903,Runge ISD,District 6,Single-Member District,Danny Esparza,Trustee,May 2024,May 2027,Verified,Runge ISD Board Terms PDF,https://www.rungeisd.org/vimages/shared/vnews/stories/4d541e0278eb6/RISD%20Election%20%26%20Terms.pdf
128903,Runge ISD,District 7,Single-Member District,Loree Jefferson,Trustee,May 2025,May 2028,Verified,Runge ISD Student Handbook,https://www.rungeisd.org/vimages/shared/vnews/stories/4db86d7173ff3/Student%20Handbook.pdf
226903,San Angelo ISD,Single Member District 1,Single-Member District,Bill Dendle,Board Treasurer,May 2025,May 2029,Verified,SAISD Board Members,https://www.saisd.org/district/board-of-education/board-members
226903,San Angelo ISD,Single Member District 2,Single-Member District,Karla Cardenas,Trustee,May 2025,May 2029,Verified,SAISD Board Members,https://www.saisd.org/district/board-of-education/board-members
226903,San Angelo ISD,Single Member District 3,Single-Member District,Dr. Taylor Kingman,Board President,May 2025,May 2029,Verified,SAISD Board Members,https://www.saisd.org/district/board-of-education/board-members
226903,San Angelo ISD,Single Member District 4,Single-Member District,Ami Mizell-Flint,Board Vice President,May 2025,May 2029,Verified,SAISD Board Members,https://www.saisd.org/district/board-of-education/board-members
226903,San Angelo ISD,Single Member District 5,Single-Member District,Dr. Kyle Mills,Trustee,May 2023,May 2027,Verified,SAISD Board Members,https://www.saisd.org/district/board-of-education/board-members
226903,San Angelo ISD,Single Member District 6,Single-Member District,Gerard Gallegos,Board Secretary,May 2023,May 2027,Verified,SAISD Board Members,https://www.saisd.org/district/board-of-education/board-members
226903,San Angelo ISD,Member At-Large,At-Large,Pam Duncan,Trustee,May 2023,May 2027,Verified,SAISD Board Members,https://www.saisd.org/district/board-of-education/board-members
015907,San Antonio ISD,District 1,Single-Member District,Dr. Mike Villarreal,Trustee,May 2025,May 2029,Verified,Contact a Board Member,https://www.saisd.net/page/contact-a-board-member
015907,San Antonio ISD,District 2,Single-Member District,Alicia Sebastian,Board President,May 2023,May 2027,Verified,Contact a Board Member,https://www.saisd.net/page/contact-a-board-member
015907,San Antonio ISD,District 3,Single-Member District,Jacob Ramos,Board Secretary,May 2025,May 2029,Verified,Contact a Board Member,https://www.saisd.net/page/contact-a-board-member
015907,San Antonio ISD,District 4,Single-Member District,Arthur V. Valdez Jr.,Trustee,May 2025,May 2029,Verified,Contact a Board Member,https://www.saisd.net/page/contact-a-board-member
015907,San Antonio ISD,District 5,Single-Member District,Stephanie Torres,Trustee,May 2023,May 2027,Verified,SAISD Board District 5,https://www.saisd.net/page/board-district-5
015907,San Antonio ISD,District 6,Single-Member District,Christina Martinez,Board Vice President,May 2023,May 2027,Verified,SAISD Board District 6,https://www.saisd.net/o/saisd/page/board-district-6
015907,San Antonio ISD,District 7,Single-Member District,Ed Garza,Trustee,May 2025,May 2029,Verified,Contact a Board Member,https://www.saisd.net/page/contact-a-board-member
105902,San Marcos CISD,District 1,Single-Member District,Jessica Cain,Board Vice-President,May 2026,May 2029,Verified,SMCISD Board Members,https://www.smcisd.net/our-district/board-of-trustees/board-members
105902,San Marcos CISD,District 2,Single-Member District,Freddy Duran,Trustee,Jun 2026,May 2027,Verified (Appt),District 2 Swearing-In Announcement,https://www.facebook.com/VoteJMA/photos/congratulations-to-freddy-duran-on-being-sworn-in-this-evening-as-the-newest-mem/1362183215730362/
105902,San Marcos CISD,District 3,Single-Member District,Sandra Lopez,Board Secretary,May 2026,May 2029,Verified,SMCISD Board Members,https://www.smcisd.net/our-district/board-of-trustees/board-members
105902,San Marcos CISD,District 4,Single-Member District,John McGlothlin,Trustee,May 2025,May 2028,Verified,Community Impact May 2025 Cancellation,https://communityimpact.com/san-marcos-buda-kyle/education/no-may-election-to-be-held-for-san-marcos-cisd-board-of-trustees/
105902,San Marcos CISD,District 5,Single-Member District,Clem Cantu,Trustee,May 2025,May 2028,Verified,Community Impact May 2025 Cancellation,https://communityimpact.com/san-marcos-buda-kyle/education/no-may-election-to-be-held-for-san-marcos-cisd-board-of-trustees/
105902,San Marcos CISD,At-Large (Seat A),At-Large,Anne Halsey,Board President,May 2024,May 2027,Verified,Community Impact May 2024 Cancellation,https://communityimpact.com/san-marcos-buda-kyle/education/san-marcos-cisd-cancels-may-4-election-halsey-and-arredondo-to-be-at-large-trustees/
105902,San Marcos CISD,At-Large (Seat B),At-Large,Miguel Arredondo,Trustee,May 2024,May 2027,Verified,Community Impact May 2024 Cancellation,https://communityimpact.com/san-marcos-buda-kyle/education/san-marcos-cisd-cancels-may-4-election-halsey-and-arredondo-to-be-at-large-trustees/
207901,Schleicher ISD,Single-Member District 1,Single-Member District,Jon-Michael Parker,Trustee,May 2026,May 2029,Verified,Eldorado Success May 2026 Results,"https://myeldorado.net/stories/untitled,153179"
207901,Schleicher ISD,Single-Member District 2,Single-Member District,Rene Valeriano,Trustee,May 2024,May 2027,Verified,Eldorado Success May 2024 Canvass,"https://myeldorado.net/stories/cathey-elected-to-school-board,69381"
207901,Schleicher ISD,Single-Member District 3,Single-Member District,Kurtis Homer,Board Vice President,May 2025,May 2028,Verified,Eldorado Success Jan 2025 Order,"https://www.myeldorado.net/stories/scisd-trustees-vote-4-2-to-renew-contract-with-fairview-co-op-for-iss-daep-programs,92502"
207901,Schleicher ISD,Single-Member District 4,Single-Member District,Michelle Mynatt,Board President,May 2024,May 2027,Verified,Eldorado Success May 2024 Canvass,"https://myeldorado.net/stories/cathey-elected-to-school-board,69381"
207901,Schleicher ISD,At-Large (Seat A),At-Large,Cory Stevens,Board Secretary,May 2026,May 2029,Verified,Eldorado Success May 2026 Results,"https://myeldorado.net/stories/untitled,153179"
207901,Schleicher ISD,At-Large (Seat B),At-Large,Melissa Rodriguez,Trustee,May 2025,May 2028,Verified,Eldorado Success Jan 2025 Order,"https://www.myeldorado.net/stories/scisd-trustees-vote-4-2-to-renew-contract-with-fairview-co-op-for-iss-daep-programs,92502"
207901,Schleicher ISD,At-Large (Seat C),At-Large,Russell Cathey,Trustee,May 2024,May 2027,Verified,Eldorado Success May 2024 Canvass,"https://myeldorado.net/stories/cathey-elected-to-school-board,69381"
083901,Seagraves ISD,District 1,Single-Member District,Danny Longoria,Board Member,May 2025,May 2028,Verified,Region 17 ESC Directory,https://www.esc17.net/page/district.seagraves
083901,Seagraves ISD,District 2,Single-Member District,Adolfo Cortez,Board Member,May 2025,May 2028,Verified,Region 17 ESC Directory,https://www.esc17.net/page/district.seagraves
083901,Seagraves ISD,District 3,Single-Member District,Victoria Rodriguez,Board Secretary,May 2025,May 2028,Verified,Region 17 ESC Directory,https://www.esc17.net/page/district.seagraves
083901,Seagraves ISD,District 4,Single-Member District,"Fransisco ""Pancho"" Casas",Board Vice President,May 2026,May 2029,Verified,Region 17 ESC Directory,https://www.esc17.net/page/district.seagraves
083901,Seagraves ISD,District 5,Single-Member District,Wesley Rodgers,Board President,May 2026,May 2029,Verified,Region 17 ESC Directory,https://www.esc17.net/page/district.seagraves
083901,Seagraves ISD,District 6,Single-Member District,Brent Falkenbury,Board Member,May 2024,May 2027,Verified,Ballotpedia Seagraves ISD,"https://ballotpedia.org/Seagraves_Independent_School_District,_Texas"
083901,Seagraves ISD,District 7,Single-Member District,Christy Valles,Board Member,May 2024,May 2027,Verified,Region 17 ESC Directory,https://www.esc17.net/page/district.seagraves
094901,Seguin ISD,District 1,Single-Member District,William Dwyer,Trustee,Nov 2024,Nov 2028,Verified,Seguin ISD Board Directory,https://www.seguin.k12.tx.us/page/board.home
094901,Seguin ISD,District 2,Single-Member District,Alejandro R. Guerra,Trustee,Nov 2022,Nov 2026 / 2030,Verified,2026 Order of Cancellation,https://www.seguin.k12.tx.us/page/board.elections
094901,Seguin ISD,District 3,Single-Member District,Grace Mueller,Board Secretary,Nov 2024,Nov 2028,Verified,Seguin ISD Board Directory,https://www.seguin.k12.tx.us/page/board.home
094901,Seguin ISD,District 4,Single-Member District,Linda Duncan,Board Vice President,Nov 2022,Nov 2026 / 2027,Verified,Seguin Today 2022 Swearing-In,https://seguintoday.com/2022/11/28/seguin-isd-welcomes-new-face-plus-three-returning-members-to-board-of-trustees/
094901,Seguin ISD,District 5,Single-Member District,Denise Crettenden,Board President,Nov 2022,Nov 2026 / 2030,Verified,2026 Order of Cancellation,https://www.seguin.k12.tx.us/page/board.elections
094901,Seguin ISD,District 6,Single-Member District,Lisa Burns,Trustee,Nov 2024,Nov 2028,Verified,Seguin ISD Board Directory,https://www.seguin.k12.tx.us/page/board.home
094901,Seguin ISD,District 7,Single-Member District,Joshua Bright,Trustee,Nov 2022,Nov 2026 / 2027,Verified,Seguin Today 2022 Swearing-In,https://seguintoday.com/2022/11/28/seguin-isd-welcomes-new-face-plus-three-returning-members-to-board-of-trustees/
083903,Seminole ISD,Place 1,Single-Member District,Rick Spruill,Trustee,May 2026,May 2029,Verified,"June 1, 2026 Swearing-In Minutes",https://meetings.boardbook.org/Documents/DownloadPDF/2473431?org=719
083903,Seminole ISD,Place 2,Single-Member District,Michael Wood,Board President,May 2026,May 2029,Verified,"June 1, 2026 Swearing-In Minutes",https://meetings.boardbook.org/Documents/DownloadPDF/2473431?org=719
083903,Seminole ISD,Place 3,Single-Member District,Dean Ericson,Trustee,May 2025,May 2028,Verified,Ballotpedia May 2025 Election,"https://ballotpedia.org/Seminole_Independent_School_District,_Texas,_elections"
083903,Seminole ISD,Place 4,Single-Member District,Sean Decker,Assistant Board Secretary,May 2025,May 2028,Verified,Ballotpedia May 2025 Election,"https://ballotpedia.org/Seminole_Independent_School_District,_Texas,_elections"
083903,Seminole ISD,At-Large (Seat A),At-Large,Lance Wright,Board Vice President,May 2024,May 2027,Verified,Seminole ISD Leadership History,https://www.seminoleisd.net/apps/pages/index.jsp?uREC_ID=1554786&type=d&pREC_ID=1698101
083903,Seminole ISD,At-Large (Seat B),At-Large,Herman Peters,Board Secretary,May 2024,May 2027,Verified,Seminole ISD Leadership History,https://www.seminoleisd.net/apps/pages/index.jsp?uREC_ID=1554786&type=d&pREC_ID=1698101
083903,Seminole ISD,At-Large (Seat C),At-Large,Melissa Franco,Trustee,May 2025,May 2027,Verified (Unexp),BoardBook Quorum Minutes,https://meetings.boardbook.org/Documents/DownloadPDF/2473429?org=719
022901,Alpine ISD,District 1,Single-Member District,Eddie Natera,President,May 2024,May 2027,Verified,Alpine ISD Meet the Board,https://alpine.esc18.net/meet-the-board
022901,Alpine ISD,District 2,Single-Member District,Joe Portillo,Member,May 2023,May 2026,Verified,Alpine ISD Meet the Board,https://alpine.esc18.net/meet-the-board
022901,Alpine ISD,District 3,Single-Member District,Nikki Ahrens,Vice President,May 2024,May 2027,Verified,Alpine ISD Meet the Board,https://alpine.esc18.net/meet-the-board
022901,Alpine ISD,District 4,Single-Member District,Jimmy Morris,Member,May 2024,May 2027,Verified,Alpine ISD Meet the Board,https://alpine.esc18.net/meet-the-board
022901,Alpine ISD,District 5,Single-Member District,Haley Babb,Secretary,May 2025,May 2028,Verified,Alpine ISD Meet the Board,https://alpine.esc18.net/meet-the-board
022901,Alpine ISD,District 6,Single-Member District,Dr. Adrian Billings,Member,May 2023,May 2026,Verified,Alpine ISD Meet the Board,https://alpine.esc18.net/meet-the-board
022901,Alpine ISD,District 7,Single-Member District,Joshua Cross,Member,May 2025,May 2028,Verified,Alpine ISD Meet the Board,https://alpine.esc18.net/meet-the-board
227901,Austin ISD,District 1,Single-Member District,Candace Hunter,Trustee,Nov 2022,Nov 2026,Verified,Austin ISD Board Members,https://www.austinisd.org/board/members
227901,Austin ISD,District 2,Single-Member District,LaRessa Quintana,Trustee,Nov 2024,Nov 2028,Verified,Austin ISD Board Members,https://www.austinisd.org/board/members
227901,Austin ISD,District 3,Single-Member District,Dr. Kevin Foster,Secretary,Nov 2024,Nov 2028,Verified,Austin ISD Board Members,https://www.austinisd.org/board/members
227901,Austin ISD,District 4,Single-Member District,Kathryn Whitley Chu,Trustee,Nov 2022,Nov 2026,Verified,Austin ISD Board Members,https://www.austinisd.org/board/members
227901,Austin ISD,District 5,Single-Member District,Lynn Boswell,President,Nov 2024,Nov 2028,Verified,Austin ISD Board Members,https://www.austinisd.org/board/members
227901,Austin ISD,District 6,Single-Member District,Andrew Gonzales,Vice President,Nov 2022,Nov 2026,Verified,Austin ISD Board Members,https://www.austinisd.org/board/members
227901,Austin ISD,District 7,Single-Member District,Dr. David Kauffman,Trustee,Nov 2022,Nov 2026,Verified,Austin ISD Board Members,https://www.austinisd.org/board/members
227901,Austin ISD,At-Large Position 8,At-Large,Fernando Lucas de Urioste,Trustee,Nov 2024,Nov 2028,Verified,Austin ISD Board Members,https://www.austinisd.org/board/members
227901,Austin ISD,At-Large Position 9,At-Large,Arati Singh,Trustee,Nov 2022,Nov 2026,Verified,Austin ISD Board Members,https://www.austinisd.org/board/members
200901,Ballinger ISD,District 1,Single-Member District,Manuel Galvan,President,Nov 2023,Nov 2026,Semi-Verified,Ballinger ISD Board Directory,https://www.ballingerisd.net/apps/pages/index.jsp?uREC_ID=1405737&type=d&pREC_ID=1592434
200901,Ballinger ISD,District 2,Single-Member District,Scott King,Vice President,Nov 2025,Nov 2028,Verified,Ballinger ISD BoardBook Minutes,https://meetings.boardbook.org/Documents/DownloadPDF/12850459?org=2226
200901,Ballinger ISD,District 3,Single-Member District,Jason Battle,Member,Nov 2024,Nov 2027,Verified,Citizen Portal Election Summary,https://citizenportal.ai/articles/9108776/board-to-consider-certifying-unopposed-smd-3-candidate-and-issuing-nov-5-election-notice
200901,Ballinger ISD,District 4,Single-Member District,Vacant,None,Nov 2024,Nov 2027,Vacant,Ballinger ISD Special Meeting Minutes,https://meetings.boardbook.org/Documents/DownloadPDF/14328611?org=2226
200901,Ballinger ISD,District 5,Single-Member District,Jason Strube,Member,Nov 2024,Nov 2027,Verified,Ballotpedia 2024 Election,"https://ballotpedia.org/Ballinger_Independent_School_District,_Texas,_elections"
200901,Ballinger ISD,District 6,Single-Member District,Michelle Aguilera,Member,Nov 2023,Nov 2026,Verified,Ballinger ISD Board Directory,https://www.ballingerisd.net/apps/pages/index.jsp?uREC_ID=1405737&type=d&pREC_ID=1592434
200901,Ballinger ISD,District 7,Single-Member District,Cheryl Buchanan,Secretary,Nov 2025,Nov 2028,Verified,Ballinger ISD BoardBook Minutes,https://meetings.boardbook.org/Documents/DownloadPDF/12850459?org=2226
123910,Beaumont ISD,District 1,Single-Member District,"Joe A. Evans, Jr.",Trustee,May 2025,May 2029,Verified,BISD Trustee Contact List PDF,https://resources.finalsite.net/images/v1747424610/bmtisdcom/kd2rsm2xfo0fhadvendr/CONTACTLISTFORALLBOARDMEMBERSMay2025-Updated5-16-20251.pdf
123910,Beaumont ISD,District 2,Single-Member District,Yolanda N. Avery,Trustee,May 2025,May 2029,Verified,BISD Trustee Contact List PDF,https://resources.finalsite.net/images/v1747424610/bmtisdcom/kd2rsm2xfo0fhadvendr/CONTACTLISTFORALLBOARDMEMBERSMay2025-Updated5-16-20251.pdf
123910,Beaumont ISD,District 3,Single-Member District,Vacant,None,May 2025,May 2029,Vacant,12News Now Memorial Report,https://www.12newsnow.com/article/news/local/beaumont-isd-mourns-woodrow-reece-ii/502-5e58b8fc-19f6-4a44-a534-203bd399445e
123910,Beaumont ISD,District 4,Single-Member District,"Thomas P. Sigee, Sr.",President,May 2023,May 2027,Verified,BISD Trustee Contact List PDF,https://resources.finalsite.net/images/v1747424610/bmtisdcom/kd2rsm2xfo0fhadvendr/CONTACTLISTFORALLBOARDMEMBERSMay2025-Updated5-16-20251.pdf
123910,Beaumont ISD,District 5,Single-Member District,"Matilda C. ""Tillie"" Hickman",Trustee,May 2025,May 2029,Verified,BISD Trustee Contact List PDF,https://resources.finalsite.net/images/v1747424610/bmtisdcom/kd2rsm2xfo0fhadvendr/CONTACTLISTFORALLBOARDMEMBERSMay2025-Updated5-16-20251.pdf
123910,Beaumont ISD,At-Large,At-Large,Denise Wallace-Spooner,Secretary,May 2023,May 2027,Verified,BISD Trustee Contact List PDF,https://resources.finalsite.net/images/v1747424610/bmtisdcom/kd2rsm2xfo0fhadvendr/CONTACTLISTFORALLBOARDMEMBERSMay2025-Updated5-16-20251.pdf
123910,Beaumont ISD,At-Large,At-Large,"Robert C. Dunn, Sr.",Vice President,May 2023,May 2027,Verified,BISD Trustee Contact List PDF,https://resources.finalsite.net/images/v1747424610/bmtisdcom/kd2rsm2xfo0fhadvendr/CONTACTLISTFORALLBOARDMEMBERSMay2025-Updated5-16-20251.pdf
020905,Brazosport ISD,District 1,Single-Member District,Joe Rinehart,Assistant Secretary,May 2024,May 2027,Verified,Brazosport ISD Election Info,https://www.brazosportisd.net/district/board_of_trustees/election_information
020905,Brazosport ISD,District 2,Single-Member District,Jerry Adkins,Secretary,May 2024,May 2027,Verified,Brazosport ISD Election Info,https://www.brazosportisd.net/district/board_of_trustees/election_information
020905,Brazosport ISD,District 3,Single-Member District,Kenneth E. Schulte,Member,May 2025,May 2028,Verified,Brazosport ISD Election Info,https://www.brazosportisd.net/district/board_of_trustees/election_information
020905,Brazosport ISD,District 4,Single-Member District,Liz Cuellar,Member,May 2025,May 2028,Verified,Brazosport ISD Election Info,https://www.brazosportisd.net/district/board_of_trustees/election_information
020905,Brazosport ISD,District 5,Single-Member District,Chris Dunn,Member,May 2025,May 2028,Verified,Brazosport ISD Election Info,https://www.brazosportisd.net/district/board_of_trustees/election_information
020905,Brazosport ISD,District 6,Single-Member District,Scott Schwertner,Vice President,May 2026,May 2029,Verified,Brazosport ISD Election Info,https://www.brazosportisd.net/district/board_of_trustees/election_information
020905,Brazosport ISD,District 7,Single-Member District,Mason P. Howard,President,May 2026,May 2029,Verified,Brazosport ISD Election Info,https://www.brazosportisd.net/district/board_of_trustees/election_information
014903,Belton ISD,Trustee Area 1,Single-Member District,Jeff Norwood,Trustee,May 2025,May 2028,Verified,Belton ISD Board of Trustees,https://www.bisd.net/about-us/board-of-trustees
014903,Belton ISD,Trustee Area 2,Single-Member District,Erin Bass,Vice President,May 2024,May 2027,Verified,Belton ISD Board of Trustees,https://www.bisd.net/about-us/board-of-trustees
014903,Belton ISD,Trustee Area 3,Single-Member District,Riley Beck,Trustee,May 2025,May 2028,Verified,Belton ISD Board of Trustees,https://www.bisd.net/about-us/board-of-trustees
014903,Belton ISD,Trustee Area 4,Single-Member District,Chris Flor,President,May 2024,May 2027,Verified,Belton ISD Board of Trustees,https://www.bisd.net/about-us/board-of-trustees
014903,Belton ISD,Trustee Area 5,Single-Member District,Manuel Alcozer,Trustee,May 2025,May 2028,Verified,Belton ISD Board of Trustees,https://www.bisd.net/about-us/board-of-trustees
014903,Belton ISD,Trustee At-Large,At-Large,Rucker Preston,Secretary,May 2026,May 2029,Verified,Belton ISD Board of Trustees,https://www.bisd.net/about-us/board-of-trustees
014903,Belton ISD,Trustee At-Large,At-Large,Brandon Bozon,Trustee,May 2026,May 2029,Verified,Belton ISD Board of Trustees,https://www.bisd.net/about-us/board-of-trustees
160901,Brady ISD,SMD 1,Single-Member District,Channing Booker,Secretary,May 2024,May 2027,Verified,Brady ISD School Board,https://www.bradyisd.org/school-board
160901,Brady ISD,SMD 2,Single-Member District,Michael Lozano,Member,May 2023,May 2026,Verified,Brady ISD School Board,https://www.bradyisd.org/school-board
160901,Brady ISD,SMD 3,Single-Member District,Reed Williams,President,May 2023,May 2026,Verified,Brady ISD School Board,https://www.bradyisd.org/school-board
160901,Brady ISD,SMD 4,Single-Member District,Eric Bierman,Member,May 2025,May 2028,Verified,Brady ISD School Board,https://www.bradyisd.org/school-board
160901,Brady ISD,SMD 5,Single-Member District,Michael Valdez,Member,May 2024,May 2027,Verified,Brady ISD School Board,https://www.bradyisd.org/school-board
160901,Brady ISD,SMD 6,Single-Member District,Gini Moore,Member,May 2025,May 2028,Verified,Brady ISD School Board,https://www.bradyisd.org/school-board
160901,Brady ISD,SMD 7,Single-Member District,Colby Huffman,Vice President,May 2024,May 2027,Verified,Brady ISD School Board,https://www.bradyisd.org/school-board
114901,Big Spring ISD,District 1,Single-Member District,Michele Sanchez,Member,May 2026,May 2029,Verified,Big Spring ISD Board of Trustees,https://www.bsisd.esc18.net/about-bsisd/board-of-trustees
114901,Big Spring ISD,District 2,Single-Member District,Jesse Salazar,Member,May 2025,May 2028,Verified,Big Spring ISD Board of Trustees,https://www.bsisd.esc18.net/about-bsisd/board-of-trustees
114901,Big Spring ISD,District 3,Single-Member District,Ashley Brown,Member,May 2026,May 2029,Verified,Big Spring ISD Board of Trustees,https://www.bsisd.esc18.net/about-bsisd/board-of-trustees
114901,Big Spring ISD,District 4,Single-Member District,Tonya Gilstrap-Becker,Secretary,May 2024,May 2027,Verified,Big Spring ISD Board of Trustees,https://www.bsisd.esc18.net/about-bsisd/board-of-trustees
114901,Big Spring ISD,District 5,Single-Member District,Bert Otto,Vice President,May 2025,May 2028,Verified,Big Spring ISD Board of Trustees,https://www.bsisd.esc18.net/about-bsisd/board-of-trustees
114901,Big Spring ISD,District 6,Single-Member District,Jon Islas,Member,May 2025,May 2028,Verified,Big Spring ISD Board of Trustees,https://www.bsisd.esc18.net/about-bsisd/board-of-trustees
114901,Big Spring ISD,District 7,Single-Member District,Fabian Serrano,President,May 2025,May 2028,Verified,Big Spring ISD Board of Trustees,https://www.bsisd.esc18.net/about-bsisd/board-of-trustees
024901,Brooks County ISD,District 1 (Precinct 1),Single-Member District,Jessica Quintanilla,Vice President,May 2023,May 2027,Verified,Brooks County Elections,https://www.co.brooks.tx.us/page/brooks.elections
024901,Brooks County ISD,District 2 (Precinct 2),Single-Member District,Dominique C. Alegria,Trustee,May 2025,May 2029,Verified,Brooks County Elections,https://www.co.brooks.tx.us/page/brooks.elections
024901,Brooks County ISD,District 3 (Precinct 3),Single-Member District,David Salinas,Trustee,May 2023,May 2027,Verified,Brooks County Elections,https://www.co.brooks.tx.us/page/brooks.elections
024901,Brooks County ISD,District 4 (Precinct 4),Single-Member District,Maria E. Anzualda,Trustee,May 2023,May 2027,Verified,Brooks County Elections,https://www.co.brooks.tx.us/page/brooks.elections
024901,Brooks County ISD,At-Large Place 5,At-Large,Jose “Joey” M. Lopez,President,May 2025,May 2029,Verified,Brooks County Elections,https://www.co.brooks.tx.us/page/brooks.elections
024901,Brooks County ISD,At-Large Place 6,At-Large,Veronica Tijerina,Trustee,May 2025,May 2029,Verified,Brooks County Elections,https://www.co.brooks.tx.us/page/brooks.elections
024901,Brooks County ISD,At-Large Place 7,At-Large,Teresa Silvas,Secretary,May 2023,May 2027,Verified,Brooks County Elections,https://www.co.brooks.tx.us/page/brooks.elections
025902,Brownwood ISD,Place 1,Single-Member District,Michael Cloy,President,Nov 2022,Nov 2026,Verified,Brownwood ISD Board Directory,https://www.brownwoodisd.org/members
025902,Brownwood ISD,Place 2,Single-Member District,Diane Thompson,Secretary,Nov 2024,Nov 2028,Verified,Brownwood ISD Board Directory,https://www.brownwoodisd.org/members
025902,Brownwood ISD,Place 3,Single-Member District,"Roderick B. Jones, Sr.",Vice President,Nov 2022,Nov 2026,Verified,Brownwood ISD Board Directory,https://www.brownwoodisd.org/members
025902,Brownwood ISD,Place 4,Single-Member District,Tim Wilson,Trustee,Nov 2024,Nov 2028,Verified,Brownwood ISD Board Directory,https://www.brownwoodisd.org/members
025902,Brownwood ISD,Place 5,Single-Member District,Codie Smith,Trustee,Nov 2024,Nov 2028,Verified,Brownwood ISD Board Directory,https://www.brownwoodisd.org/members
025902,Brownwood ISD,Place 6,Single-Member District,Connor Arrington,Trustee,May 2025,Nov 2026,Verified,Brownwood ISD Board Directory,https://www.brownwoodisd.org/members
025902,Brownwood ISD,Place 7,Single-Member District,Justin Posey,Trustee,Nov 2022,Nov 2026,Verified,Brownwood ISD Board Directory,https://www.brownwoodisd.org/members
021902,Bryan ISD,Single-Member District 1,Single-Member District,Felicia R. Carter-Benford,Vice President,Nov 2025,Nov 2028,Verified,Ballotpedia Bryan ISD,"https://ballotpedia.org/Bryan_Independent_School_District,_Texas,_elections"
021902,Bryan ISD,Single-Member District 2,Single-Member District,Dr. Julie Harlin-Wolf,Member,Nov 2023,Nov 2026,Verified,Community Impact Notice,https://communityimpact.com/bryan-college-station/education/bryan-isd-trustees-to-vote-on-tax-rate-vatre-proposal/
021902,Bryan ISD,Single-Member District 3,Single-Member District,Tim Pavlas,Member,Nov 2025,Nov 2028,Verified,Ballotpedia Bryan ISD,"https://ballotpedia.org/Bryan_Independent_School_District,_Texas,_elections"
021902,Bryan ISD,Single-Member District 4,Single-Member District,Ruthie Waller,Secretary,Nov 2024,Nov 2027,Verified,Bryan ISD Article 1859658,https://www.bryanisd.org/article/1859658
021902,Bryan ISD,Single-Member District 5,Single-Member District,David Stasny,Member,Nov 2025,Nov 2028,Verified,Ballotpedia Bryan ISD,"https://ballotpedia.org/Bryan_Independent_School_District,_Texas,_elections"
021902,Bryan ISD,At-Large Place 6,At-Large,Joel Bryan,President,Nov 2023,Nov 2026,Verified,Bryan ISD Article 2576904,https://www.bryanisd.org/article/2576904
021902,Bryan ISD,At-Large Place 7,At-Large,David Stennis,Member,Nov 2024,Nov 2027,Verified,Bryan ISD Article 1859658,https://www.bryanisd.org/article/1859658
029901,Calhoun County ISD,District At-Large,At-Large,Dana Dworaczyk,Secretary,May 2025,May 2028,Verified,Calhoun County ISD Board Home,https://www.calcoisd.org/246919_2
029901,Calhoun County ISD,District 1,Single-Member District,Brian Batts,Member,May 2026,May 2029,Verified,Calhoun County ISD Board Home,https://www.calcoisd.org/246919_2
029901,Calhoun County ISD,District 2,Single-Member District,Vinson Phillips,Member,May 2026,May 2029,Verified,Calhoun County ISD Board Home,https://www.calcoisd.org/246919_2
029901,Calhoun County ISD,District 3,Single-Member District,Tyler McAfee,Member,May 2025,May 2028,Verified,Calhoun County ISD Board Home,https://www.calcoisd.org/246919_2
029901,Calhoun County ISD,District 4,Single-Member District,Bill Shrader,President,May 2024,May 2027,Verified,Calhoun County ISD Board Home,https://www.calcoisd.org/246919_2
029901,Calhoun County ISD,District 5,Single-Member District,Cynthia Alford,Vice President,May 2024,May 2027,Verified,Calhoun County ISD Board Home,https://www.calcoisd.org/246919_2
029901,Calhoun County ISD,District 6,Single-Member District,Michael Williams,Member,May 2026,May 2029,Verified,Calhoun County ISD Board Home,https://www.calcoisd.org/246919_2
183902,Carthage ISD,District 1,Single-Member District,Elzie Hicks,Trustee,May 2026,May 2029,Verified,Panola County Cancellation Order,https://www.co.panola.tx.us/DocumentCenter/View/1269
183902,Carthage ISD,District 2,Single-Member District,Frank Willis,Vice President,May 2024,May 2027,Verified,Carthage ISD School Board,https://www.carthageisd.org/page/school-board
183902,Carthage ISD,District 3,Single-Member District,Tanner Andrus,Trustee,May 2026,May 2029,Verified,Panola County Cancellation Order,https://www.co.panola.tx.us/DocumentCenter/View/1269
183902,Carthage ISD,District 4,Single-Member District,Paul Beatty,Trustee,May 2024,May 2027,Verified,Carthage ISD School Board,https://www.carthageisd.org/page/school-board
183902,Carthage ISD,District 5,Single-Member District,Mary Ella Sherman,Secretary,May 2024,May 2027,Verified,Carthage ISD School Board,https://www.carthageisd.org/page/school-board
183902,Carthage ISD,Place 6 (At-Large),At-Large,Dr. Ben Donald,President,May 2025,May 2028,Verified,Carthage ISD Place 6 Announcement,https://www.carthageisd.org/article/2188589
183902,Carthage ISD,Place 7 (At-Large),At-Large,Brenda Giles,Trustee,May 2025,May 2028,Verified,Carthage ISD School Board,https://www.carthageisd.org/page/school-board
084910,Clear Creek ISD,District 1,Single-Member District,Jessica Cejka,Vice President,May 2025,May 2028,Verified,CCISD Board Directory,https://www.ccisd.net/boardoftrustees
084910,Clear Creek ISD,District 2,Single-Member District,Jamieson Mackay,Secretary,May 2026,May 2029,Verified,CCISD Board Directory,https://www.ccisd.net/boardoftrustees
084910,Clear Creek ISD,District 3,Single-Member District,Arturo Sanchez,Trustee,May 2026,May 2029,Verified,CCISD Board Directory,https://www.ccisd.net/boardoftrustees
084910,Clear Creek ISD,District 4,Single-Member District,Jeff Larson,Trustee,May 2024,May 2027,Verified,CCISD Board Directory,https://www.ccisd.net/boardoftrustees
084910,Clear Creek ISD,District 5,Single-Member District,Jay Cunningham,Trustee,May 2024,May 2027,Verified,CCISD Board Directory,https://www.ccisd.net/boardoftrustees
084910,Clear Creek ISD,At-Large Position A,At-Large,Jonathan Cottrell,President,May 2024,May 2027,Verified,CCISD Board of Trustees,https://www.ccisd.net/boardoftrustees
084910,Clear Creek ISD,At-Large Position B,At-Large,Rebecca Lilley,Trustee,May 2025,May 2028,Verified,CCISD Board of Trustees,https://www.ccisd.net/boardoftrustees
071901,Clint ISD,District 1,Single-Member District,Sandra Ivonne Shay,Secretary,Nov 2022,Nov 2026,Verified,Clint ISD Board Directory,https://www.clintweb.net/board-of-trustees/clint-isd-board-of-trustees
071901,Clint ISD,District 2,Single-Member District,James R. Pendell,Member,Nov 2022,Nov 2026,Verified,Clint ISD Board Directory,https://www.clintweb.net/board-of-trustees/clint-isd-board-of-trustees
071901,Clint ISD,District 3,Single-Member District,Jennifer Parker,President,Nov 2024,Nov 2028,Verified (Special Election Nov 2026),Clint ISD Election Notices,https://www.clintweb.net/board-of-trustees/2026-school-board-elections/2026-legal-notices-2026-election-positions-clone
071901,Clint ISD,District 4,Single-Member District,Sigifredo Montes,Member,Nov 2022,Nov 2026,Verified,Clint ISD Election Notices,https://www.clintweb.net/board-of-trustees/2026-school-board-elections/2026-election-applications-filed
071901,Clint ISD,District 5,Single-Member District,Isela Torres,2nd Vice President,Nov 2024,Nov 2028,Verified,Clint ISD Board Directory,https://www.clintweb.net/board-of-trustees/clint-isd-board-of-trustees
071901,Clint ISD,At-Large (Seat A),At-Large,Claudia A. Marquez,Member,Nov 2022,Nov 2026,Verified,Clint ISD Board Directory,https://www.clintweb.net/board-of-trustees/clint-isd-board-of-trustees
071901,Clint ISD,At-Large (Seat B),At-Large,Mary Macias,1st Vice President,Nov 2024,Nov 2028,Verified,Clint ISD Board Directory,https://www.clintweb.net/board-of-trustees/clint-isd-board-of-trustees
168901,Colorado ISD,District 1,Single-Member District,Veronica Boone,Secretary,May 2026,May 2029,Verified,Colorado ISD Board Roster,https://www.ccity.esc14.net/page/board-roster
168901,Colorado ISD,District 2,Single-Member District,John Martinez,Trustee,May 2026,May 2029,Verified,Colorado ISD Board Roster,https://www.ccity.esc14.net/page/board-roster
168901,Colorado ISD,District 3,Single-Member District,Rachel Silva,Trustee,May 2025,May 2028,Verified,Colorado ISD Board Roster,https://www.ccity.esc14.net/page/board-roster
168901,Colorado ISD,District 4,Single-Member District,Ty Wood,Trustee,May 2024,May 2027,Verified,Colorado ISD Board Roster,https://www.ccity.esc14.net/page/board-roster
168901,Colorado ISD,District 5,Single-Member District,Emily Strain,President,May 2026,May 2029,Verified,Colorado ISD Board Roster,https://www.ccity.esc14.net/page/board-roster
168901,Colorado ISD,District 6,Single-Member District,Liliana Ornelas,Vice President,May 2024,May 2027,Verified,Colorado ISD Board Roster,https://www.ccity.esc14.net/page/board-roster
168901,Colorado ISD,District 7,Single-Member District,Jamie Alvarez,Trustee,May 2025,May 2028,Verified,Colorado ISD Board Roster,https://www.ccity.esc14.net/page/board-roster
046902,Comal ISD,Single-Member District 1,Single-Member District,Tim Hennessee,Trustee,May 2024,May 2027,Verified,Comal ISD Board of Trustees,https://www.comalisd.org/apps/pages/board-of-trustees
046902,Comal ISD,Single-Member District 2,Single-Member District,Courtney Biasatti,President,May 2024,May 2027,Verified,Comal ISD Board of Trustees,https://www.comalisd.org/apps/pages/board-of-trustees
046902,Comal ISD,Single-Member District 3,Single-Member District,Victor Reyna,Trustee,May 2026,May 2029,Verified,Comal ISD Board of Trustees,https://www.comalisd.org/apps/pages/board-of-trustees
046902,Comal ISD,Single-Member District 4,Single-Member District,Russ Garner,Vice President,May 2026,May 2029,Verified,Comal ISD Board of Trustees,https://www.comalisd.org/apps/pages/board-of-trustees
046902,Comal ISD,Single-Member District 5,Single-Member District,Amy Shaw,Trustee,May 2024,May 2027,Verified,Comal ISD Board of Trustees,https://www.comalisd.org/apps/pages/board-of-trustees
046902,Comal ISD,Single-Member District 6,Single-Member District,Amanda Jones,Trustee,May 2025,May 2028,Verified,Comal ISD Board of Trustees,https://www.comalisd.org/apps/pages/board-of-trustees
046902,Comal ISD,Single-Member District 7,Single-Member District,David Krawczynski,Secretary,May 2025,May 2028,Verified,Comal ISD Board of Trustees,https://www.comalisd.org/apps/pages/board-of-trustees
130902,Comfort ISD,District 1,Single-Member District,Larry Thayn,Trustee,Nov 2024,Nov 2026,Verified,Comfort ISD Election Info,https://www.comfort.txed.net/33397_3
130902,Comfort ISD,District 2,Single-Member District,Alison Judkins,Vice President,Nov 2022,Nov 2026,Verified,Comfort ISD Election Info,https://www.comfort.txed.net/33397_3
130902,Comfort ISD,District 3,Single-Member District,Lilly “Cookie” Edwards,Secretary,Nov 2022,Nov 2026,Verified,Comfort ISD Election Info,https://www.comfort.txed.net/33397_3
130902,Comfort ISD,District 4,Single-Member District,Shauna Stransky,Trustee,Jan 2025,Nov 2026,Verified,Comfort ISD Trustee Profiles,https://comfortisd.net/33402_3
130902,Comfort ISD,District 5,Single-Member District,Charlotte Kneupper,President,Nov 2024,Nov 2028,Verified,Comfort ISD Election Info,https://www.comfort.txed.net/33397_3
130902,Comfort ISD,District 6,Single-Member District,Kristina Patton,Trustee,Nov 2024,Nov 2028,Verified,Comfort ISD Election Info,https://www.comfort.txed.net/33397_3
130902,Comfort ISD,District 7,Single-Member District,Wesley Holekamp,Trustee,Nov 2022,Nov 2026,Verified,Comfort ISD Election Info,https://www.comfort.txed.net/33397_3
178904,Corpus Christi ISD,District 1,Single-Member District,"Eric Villarreal, P.E.",Vice President,Nov 2022,Nov 2026,Verified,CCISD Board Directory,https://www.ccisd.us/page/board-members
178904,Corpus Christi ISD,District 2,Single-Member District,S. Jaime Arredondo,Secretary,Nov 2024,Nov 2028,Verified,CCISD Board Directory,https://www.ccisd.us/page/board-members
178904,Corpus Christi ISD,District 3,Single-Member District,Marty Bell,Trustee,Nov 2022,Nov 2026,Verified,CCISD Board Directory,https://www.ccisd.us/page/board-members
178904,Corpus Christi ISD,District 4,Single-Member District,Dolly Gonzales Trolley,President,Nov 2022,Nov 2026,Verified,CCISD Board Directory,https://www.ccisd.us/page/board-members
178904,Corpus Christi ISD,At-Large,At-Large,Steve Barrera,Assistant Secretary,Nov 2024,Nov 2028,Verified,CCISD Board Directory,https://www.ccisd.us/page/board-members
178904,Corpus Christi ISD,At-Large,At-Large,Don Clark,Trustee,Nov 2024,Nov 2028,Verified,CCISD Board Directory,https://www.ccisd.us/page/board-members
178904,Corpus Christi ISD,At-Large,At-Large,Dr. Alice Upshaw Hawkins,Trustee,Nov 2024,Nov 2028,Verified,CCISD Board Directory,https://www.ccisd.us/page/board-members
052901,Crane ISD,Position 1,Single-Member District,Hunter Seabourn,Board Member,May 2025,May 2026,Verified,Crane ISD School Board,https://www.craneisd.com/page/school-board
052901,Crane ISD,Position 2,Single-Member District,J.J. Torres,Board Member,May 2020,May 2026,Verified,Crane ISD School Board,https://www.craneisd.com/page/school-board
052901,Crane ISD,Position 3,Single-Member District,Cynthia Beardslee-Garrett,Assistant Secretary,May 2025,May 2028,Verified,Crane ISD School Board,https://www.craneisd.com/page/school-board
052901,Crane ISD,Position 4,Single-Member District,Azuzena Morales,Board Secretary,May 2022,May 2028,Verified,Crane ISD School Board,https://www.craneisd.com/page/school-board
052901,Crane ISD,Position 5,Single-Member District,Ray Zuniga,Board Member,May 2025,May 2027,Verified,Crane ISD School Board,https://www.craneisd.com/page/school-board
052901,Crane ISD,Position AL (Seat A),At-Large,Tyler Esparza,Board President,May 2024,May 2027,Verified,Crane ISD School Board,https://www.craneisd.com/page/school-board
052901,Crane ISD,Position AL (Seat B),At-Large,Anna Valenzuela-Gonzales,Vice President,May 2024,May 2027,Verified,Crane ISD School Board,https://www.craneisd.com/page/school-board
113901,Crockett ISD,District 1,Single-Member District,Ansel Bradshaw,Vice President,May 2025,May 2028,Verified,Crockett ISD School Board,https://www.crockettisd.net/page/school-board
113901,Crockett ISD,District 2,Single-Member District,Stephen Tuggle,Member,May 2026,May 2029,Verified,Crockett ISD School Board,https://www.crockettisd.net/page/school-board
113901,Crockett ISD,District 3,Single-Member District,Catina Brice,Secretary,May 2024,May 2027,Verified,Crockett ISD School Board,https://www.crockettisd.net/page/school-board
113901,Crockett ISD,District 4,Single-Member District,Karen Norman,Member,May 2024,May 2027,Verified,Crockett ISD School Board,https://www.crockettisd.net/page/school-board
113901,Crockett ISD,District 5,Single-Member District,Kathi Calvert,Member,May 2026,May 2029,Verified,Crockett ISD School Board,https://www.crockettisd.net/page/school-board
113901,Crockett ISD,District 6 (Super District),Single-Member District,Brisa Frias,Member,May 2025,May 2028,Verified,Crockett ISD School Board,https://www.crockettisd.net/page/school-board
113901,Crockett ISD,District 7 (Super District),Single-Member District,Gerald B. Colter,President,May 2024,May 2027,Verified,Crockett ISD School Board,https://www.crockettisd.net/page/school-board
101906,Crosby ISD,Single-Member District 1,Single-Member District,Karen Thomas,Assistant Secretary,Nov 2022,Nov 2026,Verified,Crosby ISD Board Directory,https://www.crosbyisd.org/school-board/2024-2025-board-of-trustees
101906,Crosby ISD,Single-Member District 2,Single-Member District,Kea Lynn Lewis,President,Nov 2024,Nov 2028,Verified,Crosby ISD Board Directory,https://www.crosbyisd.org/school-board/2024-2025-board-of-trustees
101906,Crosby ISD,Single-Member District 3,Single-Member District,JR Humphries,Trustee,Nov 2022,Nov 2026,Verified,Crosby ISD Board Directory,https://www.crosbyisd.org/school-board/2024-2025-board-of-trustees
101906,Crosby ISD,Single-Member District 4,Single-Member District,Lisa Kallies,Trustee,Nov 2022,Nov 2026,Verified,Crosby ISD Board Directory,https://www.crosbyisd.org/school-board/2024-2025-board-of-trustees
101906,Crosby ISD,Single-Member District 5,Single-Member District,Heather Barrett,Secretary,Nov 2022,Nov 2026,Verified,Crosby ISD Board Directory,https://www.crosbyisd.org/school-board/2024-2025-board-of-trustees
101906,Crosby ISD,At-Large Seat 6,At-Large,Phillip Chapman,Trustee,Nov 2024,Nov 2028,Verified,Crosby ISD Board Directory,https://www.crosbyisd.org/school-board/2024-2025-board-of-trustees
101906,Crosby ISD,Single-Member District 7,Single-Member District,Jennifer Roach,Vice President,Nov 2024,Nov 2028,Verified,Crosby ISD Board Directory,https://www.crosbyisd.org/school-board/2024-2025-board-of-trustees
054901,Crosbyton CISD,Place 1 (District 1),Single-Member District,Steve Henn,Member,May 2024,May 2027,Verified,Crosbyton CISD Board Directory,https://www.crosbyton.k12.tx.us/page/board-members
054901,Crosbyton CISD,Place 2 (District 2),Single-Member District,Lisa Guerrero,Vice President,May 2026,May 2029,Verified,Crosbyton CISD Board Directory,https://www.crosbyton.k12.tx.us/page/board-members
054901,Crosbyton CISD,Place 3 (District 3),Single-Member District,Kay Alley,President,May 2025,May 2028,Verified,Crosbyton CISD Board Directory,https://www.crosbyton.k12.tx.us/page/board-members
054901,Crosbyton CISD,Place 4 (District 4),Single-Member District,Gary Hardin,Member,May 2024,May 2027,Verified,Crosbyton CISD Board Directory,https://www.crosbyton.k12.tx.us/page/board-members
054901,Crosbyton CISD,Place 5 (District 5),Single-Member District,Sandin Denton,Member,May 2025,May 2028,Verified,Crosbyton CISD Board Directory,https://www.crosbyton.k12.tx.us/page/board-members
054901,Crosbyton CISD,Place 6 (At-Large),At-Large,Melissa Rubalcado,Member,May 2026,May 2029,Verified,Crosbyton CISD May 2026 Results,https://files-backend.assets.thrillshare.com/documents/asset/uploaded_file/613/Crosbyton_Cisd/b91d2def-bbf4-474a-be6c-2fabf083f8a2/2026-Unofficial-Tabulation-Results.docx?disposition=inline
054901,Crosbyton CISD,Place 7 (At-Large),At-Large,Jonathon Farley,Secretary,May 2024,May 2027,Verified,Crosbyton CISD Board Directory,https://www.crosbyton.k12.tx.us/page/board-members
062901,Cuero ISD,District 1,Single-Member District,Sean Douglas,Member,May 2025,May 2028,Verified,Cuero ISD Board Members,https://www.cueroisd.org/district-36/board-of-trustees/board-members
062901,Cuero ISD,District 2,Single-Member District,Gerard Gonzales,Secretary,May 2025,May 2028,Verified,Cuero ISD Board Members,https://www.cueroisd.org/district-36/board-of-trustees/board-members
062901,Cuero ISD,District 3,Single-Member District,Wanda Zuniga,Member,May 2023,May 2026,Verified,Cuero ISD Board Members,https://www.cueroisd.org/district-36/board-of-trustees/board-members
062901,Cuero ISD,District 4,Single-Member District,Justin Cooper,Vice President,May 2023,May 2026,Verified,Cuero ISD Board Members,https://www.cueroisd.org/district-36/board-of-trustees/board-members
062901,Cuero ISD,District 5,Single-Member District,Bill Hamilton,Member,May 2024,May 2027,Verified,Cuero ISD Board Members,https://www.cueroisd.org/district-36/board-of-trustees/board-members
062901,Cuero ISD,At Large Position 6,At-Large,Courtney Kubesch,Member,May 2024,May 2027,Verified,Cuero ISD Board Members,https://www.cueroisd.org/district-36/board-of-trustees/board-members
062901,Cuero ISD,At Large Position 7,At-Large,Mary Sheppard,President,May 2024,May 2027,Verified,Cuero ISD Board Members,https://www.cueroisd.org/district-36/board-of-trustees/board-members
163902,D'Hanis ISD,District 1,Single-Member District,Mike Grossman,Member,Nov 2022,Nov 2026,Verified,Citizen Portal Minutes,https://citizenportal.ai/source/9670983/february-16-2026-at-700-pm-minutes
163902,D'Hanis ISD,District 2,Single-Member District,Teresa Koch,Secretary,Nov 2024,Nov 2028,Verified,D'Hanis ISD Agenda,https://meetings.boardbook.org/Public/Agenda/990?meeting=753841
163902,D'Hanis ISD,District 3,Single-Member District,Roy Wilson,Member,Nov 2024,Nov 2028,Verified,D'Hanis ISD Agenda,https://meetings.boardbook.org/Public/Agenda/990?meeting=753841
163902,D'Hanis ISD,District 4,Single-Member District,John Paul Reinhart,Vice President,Nov 2022,Nov 2026,Verified,GoodParty Directory,https://goodparty.org/people/mike-grossman-6b280617
163902,D'Hanis ISD,District 5,Single-Member District,"Orlando ""BJ"" Rodriguez",Member,Nov 2024,Nov 2028,Verified,Citizen Portal July 2026 Minutes,https://citizenportal.ai/articles/9671530/Texas/School-Districts/DHANIS-ISD/DHanis-ISD-board-approves-District-of-Innovation-resolution
163902,D'Hanis ISD,District 6,Single-Member District,William Schlortt,President,Nov 2022,Nov 2026,Verified,GoodParty Directory,https://goodparty.org/people/joe-arnett-e530d730
163902,D'Hanis ISD,District 7,Single-Member District,Wesley Barlow,Member,Nov 2022,Nov 2026,Semi-Verified,D'Hanis ISD Agenda,https://meetings.boardbook.org/Public/Agenda/990?meeting=753841
172902,Daingerfield-Lone Star ISD,District 1,Single-Member District,Neil Roney,President,May 2023,May 2026,Verified,DLSISD School Board,https://www.dlsisd.org/page/school-board
172902,Daingerfield-Lone Star ISD,District 2,Single-Member District,Michael Parker,Trustee,May 2023,May 2026,Verified,DLSISD School Board,https://www.dlsisd.org/page/school-board
172902,Daingerfield-Lone Star ISD,District 3,Single-Member District,Ricky Tigert,Trustee,May 2024,May 2027,Verified,DLSISD School Board,https://www.dlsisd.org/page/school-board
172902,Daingerfield-Lone Star ISD,District 4,Single-Member District,Frances Ridenour-Ramirez,Secretary,May 2025,May 2028,Verified,DLSISD School Board,https://www.dlsisd.org/page/school-board
172902,Daingerfield-Lone Star ISD,District 5,Single-Member District,Randy Terry,Trustee,May 2024,May 2027,Verified,DLSISD School Board,https://www.dlsisd.org/page/school-board
172902,Daingerfield-Lone Star ISD,At-Large (Seat A),At-Large,Joe Austin II,Trustee,May 2025,May 2028,Verified,DLSISD School Board,https://www.dlsisd.org/page/school-board
172902,Daingerfield-Lone Star ISD,At-Large (Seat B),At-Large,Mary Davis,Trustee,May 2025,May 2028,Verified,DLSISD School Board,https://www.dlsisd.org/page/school-board
057905,Dallas ISD,District 1,Single-Member District,Lance Currie,Trustee,May 2024,May 2027,Verified,Dallas ISD Board Members,https://www.dallasisd.org/board-of-trustees/board-members
057905,Dallas ISD,District 2,Single-Member District,Sarah Weinberg,1st Vice President,May 2026,May 2029,Verified,Dallas ISD Board Members,https://www.dallasisd.org/board-of-trustees/board-members
057905,Dallas ISD,District 3,Single-Member District,Dan Micciche,Trustee,May 2024,May 2027,Verified,Dallas ISD Board Members,https://www.dallasisd.org/board-of-trustees/board-members
057905,Dallas ISD,District 4,Single-Member District,Prisma Y. García,Secretary,May 2025,May 2029,Verified,Dallas ISD Board Members,https://www.dallasisd.org/board-of-trustees/board-members
057905,Dallas ISD,District 5,Single-Member District,Byron Sanders,2nd Vice President,May 2025,May 2027,Verified,Dallas ISD Board Members,https://www.dallasisd.org/board-of-trustees/board-members
057905,Dallas ISD,District 6,Single-Member District,Joyce Foreman,Trustee,May 2026,May 2029,Verified,Dallas ISD Board Members,https://www.dallasisd.org/board-of-trustees/board-members
057905,Dallas ISD,District 7,Single-Member District,Ben Mackey,Trustee,May 2025,May 2027,Verified,Dallas ISD Board Members,https://www.dallasisd.org/board-of-trustees/board-members
057905,Dallas ISD,District 8,Single-Member District,Joe Carreón,President,May 2026,May 2029,Verified,Dallas ISD Board Members,https://www.dallasisd.org/board-of-trustees/board-members
057905,Dallas ISD,District 9,Single-Member District,Ed Turner,Trustee,May 2024,May 2027,Verified,Dallas ISD Board Members,https://www.dallasisd.org/board-of-trustees/board-members
019901,DeKalb ISD,District 1,Single-Member District,Angie Farris,Vice President,Nov 2022,Nov 2026,Verified,DeKalb ISD Board Members,https://www.dekalbisd.net/41540_3
019901,DeKalb ISD,District 2,Single-Member District,Dalton McMillan,Member,Nov 2024,Nov 2028,Verified,DeKalb ISD Election Notice,https://newtools.cira.state.tx.us/upload/page/11424/2024%20Election/NOTICE%20OF%20DEKALB%20ISD%20SCHOOL%20BOARD%20ELECTION%201.pdf
019901,DeKalb ISD,District 3,Single-Member District,Donna Hunt,Member,Nov 2022,Nov 2026,Verified,DeKalb ISD Board Members,https://www.dekalbisd.net/41540_3
019901,DeKalb ISD,District 4,Single-Member District,Alonzo Ganaway,Member,Nov 2024,Nov 2028,Verified,DeKalb ISD Election Notice,https://newtools.cira.state.tx.us/upload/page/11424/2024%20Election/NOTICE%20OF%20DEKALB%20ISD%20SCHOOL%20BOARD%20ELECTION%201.pdf
019901,DeKalb ISD,District 5,Single-Member District,Jason Wilson,Secretary,Nov 2024,Nov 2028,Verified,DeKalb ISD Election Notice,https://newtools.cira.state.tx.us/upload/page/11424/2024%20Election/NOTICE%20OF%20DEKALB%20ISD%20SCHOOL%20BOARD%20ELECTION%201.pdf
019901,DeKalb ISD,District 6,Single-Member District,Steve Starrett,President,Nov 2024,Nov 2028,Verified,DeKalb ISD Election Notice,https://newtools.cira.state.tx.us/upload/page/11424/2024%20Election/NOTICE%20OF%20DEKALB%20ISD%20SCHOOL%20BOARD%20ELECTION%201.pdf
019901,DeKalb ISD,District 7,Single-Member District,"Jack ""Trey"" Mullins",Member,Nov 2024,Nov 2028,Verified,DeKalb ISD Board Members,https://www.dekalbisd.net/41540_3
227910,Del Valle ISD,Single Member District 1,Single-Member District,Samuel Franco,Trustee,Nov 2024,Nov 2028,Verified,Del Valle ISD Board,https://www.dvisd.net/about-us/board-of-trustees
227910,Del Valle ISD,Single Member District 2,Single-Member District,Damián Pantoja,Trustee,Nov 2024,Nov 2028,Verified,Del Valle ISD Board,https://www.dvisd.net/about-us/board-of-trustees
227910,Del Valle ISD,Single Member District 3,Single-Member District,Charles Burton,Trustee,Nov 2022,Nov 2026,Verified,Del Valle ISD Board,https://www.dvisd.net/about-us/board-of-trustees
227910,Del Valle ISD,Single Member District 4,Single-Member District,Melinda Cisneros,Trustee,Nov 2024,Nov 2028,Verified,Del Valle ISD Board,https://www.dvisd.net/about-us/board-of-trustees
227910,Del Valle ISD,Single Member District 5,Single-Member District,Jason Sierra,Trustee,Nov 2022,Nov 2026,Verified,Del Valle ISD Board,https://www.dvisd.net/about-us/board-of-trustees
227910,Del Valle ISD,Single Member District 6,Single-Member District,Chante Wright-Haywood,Trustee,Nov 2024,Nov 2028,Verified,Del Valle ISD Board,https://www.dvisd.net/about-us/board-of-trustees
227910,Del Valle ISD,Single Member District 7,Single-Member District,Susanna Ledesma Woody,Vice President,Nov 2022,Nov 2026,Verified,Del Valle ISD Board,https://www.dvisd.net/about-us/board-of-trustees
227910,Del Valle ISD,Single Member District 8,Single-Member District,Darla Wegner,Secretary,Nov 2022,Nov 2026,Verified,Del Valle ISD Board,https://www.dvisd.net/about-us/board-of-trustees
227910,Del Valle ISD,Single Member District 9,Single-Member District,Elvia Guadian,President,Nov 2022,Nov 2026,Verified,Del Valle ISD Board,https://www.dvisd.net/about-us/board-of-trustees
091903,Denison ISD,Place 1 (Ward Zone 6),Single-Member District,Shelle Cassell,Secretary,May 2024,May 2027,Verified,Denison ISD Board of Trustees,https://www.denisonisd.net/board-of-trustees
091903,Denison ISD,Place 2 (Ward Zone 3),Single-Member District,Bob Rhoden,President,May 2024,May 2027,Verified,Denison ISD Board of Trustees,https://www.denisonisd.net/board-of-trustees
091903,Denison ISD,Place 3 (Ward Zone 2),Single-Member District,Charlie Pool,Member,May 2025,May 2028,Verified,Denison ISD Board of Trustees,https://www.denisonisd.net/board-of-trustees
091903,Denison ISD,Place 4 (Ward Zone 4),Single-Member District,Tangee Rucker,Member,May 2025,May 2028,Verified,Denison ISD Board of Trustees,https://www.denisonisd.net/board-of-trustees
091903,Denison ISD,Place 5 (Ward Zone 1),Single-Member District,Brian Hander,Member,May 2025,May 2028,Verified,Denison ISD Board of Trustees,https://www.denisonisd.net/board-of-trustees
091903,Denison ISD,Place 6 (Ward Zone 7),Single-Member District,Amber Pilcher,Member,May 2024,May 2026,Verified,Denison ISD Board of Trustees,https://www.denisonisd.net/board-of-trustees
091903,Denison ISD,Place 7 (Ward Zone 5),Single-Member District,Becky Russell,Vice President,May 2023,May 2026,Verified,Denison ISD Board of Trustees,https://www.denisonisd.net/board-of-trustees
163901,Devine ISD,District 1,Single-Member District,Alixana Buvinghausen,Trustee,May 2024,May 2027,Verified,Devine ISD School Board,https://devineisd.org/school-board/index
163901,Devine ISD,District 2,Single-Member District,Carl Brown,Vice President,May 2025,May 2028,Verified,Devine ISD School Board,https://devineisd.org/school-board/index
163901,Devine ISD,District 3,Single-Member District,Britny Stricker,Trustee,May 2026,May 2029,Verified,Devine ISD May 2026 Election,https://www.devineisd.org/school-board/may-2-2026-election
163901,Devine ISD,District 4,Single-Member District,Nancy Pepper,President,May 2026,May 2029,Verified,Devine ISD School Board,https://devineisd.org/school-board/index
163901,Devine ISD,District 5,Single-Member District,Dr. Keri Crouch James,Secretary,May 2024,May 2027,Verified,Devine ISD School Board,https://devineisd.org/school-board/index
163901,Devine ISD,At-Large (Seat A),At-Large,Chris Davis,Trustee,May 2025,May 2028,Verified,Devine ISD School Board,https://devineisd.org/school-board/index
163901,Devine ISD,At-Large (Seat B),At-Large,Candace Esparza,Trustee,May 2025,May 2028,Verified,Devine ISD School Board,https://devineisd.org/school-board/index
084901,Dickinson ISD,District 1,Single-Member District,Mike Mackey,Trustee,May 2026,May 2029,Verified,Dickinson ISD Board,https://www.dickinsonisd.org/page/board.home
084901,Dickinson ISD,District 2,Single-Member District,Veanna Veasey,Secretary,May 2026,May 2029,Verified,Dickinson ISD Board,https://www.dickinsonisd.org/page/board.home
084901,Dickinson ISD,District 3,Single-Member District,Jonathan Mills,Trustee,May 2024,May 2027,Verified,Dickinson ISD Board,https://www.dickinsonisd.org/page/board.home
084901,Dickinson ISD,District 4,Single-Member District,Kenna Cotton,Trustee,May 2024,May 2027,Verified,Dickinson ISD Board,https://www.dickinsonisd.org/page/board.home
084901,Dickinson ISD,District 5,Single-Member District,Corey Magliolo,President,May 2025,May 2028,Verified,Dickinson ISD Board,https://www.dickinsonisd.org/page/board.home
084901,Dickinson ISD,District 6,Single-Member District,Jessica Rodriguez,Vice President,May 2025,May 2028,Verified,Dickinson ISD Board,https://www.dickinsonisd.org/page/board.home
084901,Dickinson ISD,District 7,Single-Member District,Mary Anthamatten,Trustee,May 2025,May 2028,Verified,Dickinson ISD Board,https://www.dickinsonisd.org/page/board.home
035901,Dimmitt ISD,Precinct 1,Single-Member District,Ysela Perez,Trustee,May 2024,May 2027,Verified,Dimmitt ISD Election Info,https://www.dimmittisd.net/school-board-election-information
035901,Dimmitt ISD,Precinct 2,Single-Member District,Jason Nelson,Trustee,May 2025,May 2028,Verified,Dimmitt ISD Election Info,https://www.dimmittisd.net/school-board-election-information
035901,Dimmitt ISD,Precinct 3,Single-Member District,Priscilla Peralta,Trustee,May 2023,May 2026,Verified,Dimmitt ISD Election Info,https://www.dimmittisd.net/school-board-election-information
035901,Dimmitt ISD,Precinct 4,Single-Member District,Benny Navarro,Trustee,May 2025,May 2028,Verified,Dimmitt ISD Election Info,https://www.dimmittisd.net/school-board-election-information
035901,Dimmitt ISD,Precinct 5,Single-Member District,Justin Edwards,Trustee,May 2024,May 2027,Verified,Dimmitt ISD Election Info,https://www.dimmittisd.net/school-board-election-information
035901,Dimmitt ISD,Precinct 6,Single-Member District,Jo Settle,Trustee,May 2023,May 2026,Verified,Dimmitt ISD Election Info,https://www.dimmittisd.net/school-board-election-information
035901,Dimmitt ISD,Precinct 7,Single-Member District,Clay Lytle,Trustee,May 2023,May 2026,Verified,Dimmitt ISD Election Info,https://www.dimmittisd.net/school-board-election-information
178905,Driscoll ISD,Place 1,Single-Member District,Tyler Stokes,President,Nov 2024,Nov 2028,Verified,Driscoll ISD School Board,https://www.driscollisd.us/district1/school-board
178905,Driscoll ISD,Place 2,Single-Member District,Vacant,None,Nov 2022,Nov 2026,Vacant,Driscoll ISD Minutes May 2026,https://meetings.boardbook.org/Documents/DownloadPDF/14326488?org=1438
178905,Driscoll ISD,Place 3,Single-Member District,Vacant,None,Nov 2024,Nov 2028,Vacant,Driscoll ISD Minutes March 2026,https://meetings.boardbook.org/Documents/DownloadPDF/7651018?org=1438
178905,Driscoll ISD,Place 4,Single-Member District,Joy Saenz,Trustee,Nov 2022,Nov 2026,Verified,Driscoll ISD School Board,https://www.driscollisd.us/district1/school-board
178905,Driscoll ISD,Place 5,Single-Member District,Priscilla Reyes,Secretary,Nov 2024,Nov 2028,Verified,Driscoll ISD School Board,https://www.driscollisd.us/district1/school-board
178905,Driscoll ISD,Place 6,Single-Member District,Lala Zuniga,Trustee,Nov 2022,Nov 2026,Verified,Driscoll ISD School Board,https://www.driscollisd.us/district1/school-board
178905,Driscoll ISD,Place 7,Single-Member District,Cynthia Lopez,Trustee,Nov 2022,Nov 2026,Verified,Driscoll ISD School Board,https://www.driscollisd.us/district1/school-board
015911,East Central ISD,District 1,Single-Member District,Ginger Friesenhahn,Trustee,Nov 2022,Nov 2026,Verified,East Central ISD Board Directory,https://www.ecisd.net/board/board-of-trustees
015911,East Central ISD,District 2,Single-Member District,Monique Presas,President,Nov 2022,Nov 2026,Verified,East Central ISD Board Directory,https://www.ecisd.net/board/board-of-trustees
015911,East Central ISD,District 3,Single-Member District,Randall Gearhart,Trustee,Apr 2025,Nov 2028,Verified,East Central ISD Board Directory,https://www.ecisd.net/board/board-of-trustees
015911,East Central ISD,District 4,Single-Member District,David Santos Jr.,Trustee,Nov 2024,Nov 2028,Verified,East Central ISD Board Directory,https://www.ecisd.net/board/board-of-trustees
015911,East Central ISD,District 5,Single-Member District,James Mulkey,Trustee,Nov 2022,Nov 2026,Verified,East Central ISD Board Directory,https://www.ecisd.net/board/board-of-trustees
015911,East Central ISD,District 6,Single-Member District,Emilio Carrasco,Vice President,Nov 2024,Nov 2028,Verified,East Central ISD Board Directory,https://www.ecisd.net/board/board-of-trustees
015911,East Central ISD,District 7,Single-Member District,Dell Braziel,Secretary,Nov 2022,Nov 2026,Verified,East Central ISD Board Directory,https://www.ecisd.net/board/board-of-trustees
068901,Ector County ISD,Position 1,Single-Member District,Rosalita Veronica Garcia,Trustee,Sep 2026,May 2027,Verified (Appt),ECISD Appointment Notice,https://www.ectorcountyisd.org/our-district/district-news/headlines/~board/headlines-ector-county-independent-school-district-84/post/trustees-appoint-new-school-board-member-to-vacant-position
068901,Ector County ISD,Position 2,Single-Member District,Delma Abalos,Trustee,May 2025,May 2029,Verified,ECISD Board Members,https://www.ectorcountyisd.org/our-district/board-of-trustees/members
068901,Ector County ISD,Position 3,Single-Member District,Wayne Woodall,Trustee,May 2023,May 2027,Verified,ECISD Board Members,https://www.ectorcountyisd.org/our-district/board-of-trustees/members
068901,Ector County ISD,Position 4,Single-Member District,Chris Stanley,Secretary,May 2025,May 2029,Verified,ECISD Board Members,https://www.ectorcountyisd.org/our-district/board-of-trustees/members
068901,Ector County ISD,Position 5,Single-Member District,Dr. Steve Brown,President,May 2025,May 2029,Verified,ECISD Board Members,https://www.ectorcountyisd.org/our-district/board-of-trustees/members
068901,Ector County ISD,Position 6,Single-Member District,Tammy Hawkins,Trustee,May 2023,May 2027,Verified,ECISD Board Members,https://www.ectorcountyisd.org/our-district/board-of-trustees/members
068901,Ector County ISD,Position 7,Single-Member District,"Robert ""Bob"" Thayer",Vice President,May 2025,May 2029,Verified,ECISD Board Members,https://www.ectorcountyisd.org/our-district/board-of-trustees/members
120901,Edna ISD,District 1,Single-Member District,Brandon Curlee,Secretary,May 2024,May 2027,Verified,Edna ISD Election Info,https://www.ednaisd.org/page/election-information
120901,Edna ISD,District 2,Single-Member District,Terry Miller,Assistant Secretary,May 2024,May 2027,Verified,Edna ISD Election Info,https://www.ednaisd.org/page/election-information
120901,Edna ISD,District 3,Single-Member District,"Kristopher ""Kris"" Crenshaw",Trustee,May 2025,May 2028,Verified,Ballotpedia District 3,"https://ballotpedia.org/Kristopher_Kris_Crenshaw_(Edna_Independent_School_District,_District_3,_Texas,_candidate_2025"
120901,Edna ISD,District 4,Single-Member District,Brandon Peters,President,May 2024,May 2027,Verified,City of Edna School Board Directory,https://www.cityofedna.com/page/school-board
120901,Edna ISD,District 5,Single-Member District,Fernando Rodriguez,Trustee,Jul 2026,May 2029,Verified,Edna ISD Live Feed,https://www.ednaisd.org/live-feed?page_no=2
120901,Edna ISD,District 6,Single-Member District,"Edwin ""Sonny"" Strelec",Trustee,May 2025,May 2028,Verified,Ballotpedia District 6,"https://ballotpedia.org/Edwin_Sonny_Strelec_(Edna_Independent_School_District,_District_6,_Texas,_candidate_2025"
120901,Edna ISD,District 7,Single-Member District,Derrick Bermea,Trustee,Mar 2026,May 2029,Verified,Citizen Portal Appointment,https://citizenportal.ai/articles/9313291/texas/school-districts/edna-isd/derrick-bermea-appointed-and-sworn-in-to-edna-isd-board-place-7
071902,El Paso ISD,District 1,Single-Member District,Leah Hanany,President,May 2025,May 2029,Verified,EPISD Leadership Release,https://www.episd.org/article/2212699
071902,El Paso ISD,District 2,Single-Member District,Alex Cuellar,Secretary,May 2023,May 2027,Verified,EPISD 2027 Elections,https://www.episd.org/page/elections-2027
071902,El Paso ISD,District 3,Single-Member District,Dr. Jack Loveridge,Vice President,May 2025,May 2029,Verified,EPISD Leadership Release,https://www.episd.org/article/2212699
071902,El Paso ISD,District 4,Single-Member District,Mindy Sutton,Trustee,May 2025,May 2029,Verified,EPISD Leadership Release,https://www.episd.org/article/2212699
071902,El Paso ISD,District 5,Single-Member District,Robert Osterland,Trustee,May 2025,May 2029,Verified,EPISD Leadership Release,https://www.episd.org/article/2212699
071902,El Paso ISD,District 6,Single-Member District,Dr. Matthew Reza,Trustee,Aug 2026,May 2027,Verified (Appt),EPISD Appointment Release,https://www.episd.org/article/3066248
071902,El Paso ISD,District 7,Single-Member District,Brian Kelley,Trustee,Aug 2026,May 2027,Verified (Appt),EPISD Appointment Release,https://www.episd.org/article/3066248
011902,Elgin ISD,District 1,Single-Member District,Byron Mitchell,President,May 2026,May 2029,Verified,Elgin ISD Board Directory,https://www.elginisd.net/departments/school-board/board-of-trustees
011902,Elgin ISD,District 2,Single-Member District,Cheryl Reese,Secretary,May 2026,May 2029,Verified,Elgin ISD Board Directory,https://www.elginisd.net/departments/school-board/board-of-trustees
011902,Elgin ISD,District 3,Single-Member District,Beth Walterscheidt,Member,May 2024,May 2027,Verified,Elgin ISD 2024 Elections,https://www.elginisd.net/departments/school-board/elections-2024
011902,Elgin ISD,District 4,Single-Member District,Teneisha Wilson,Vice President,May 2025,May 2028,Verified,Elgin ISD 2025 Elections,https://www.elginisd.net/departments/school-board/elections-2025
011902,Elgin ISD,District 5,Single-Member District,Patrick Maass,Member,May 2025,May 2028,Verified,Elgin ISD Board Directory,https://www.elginisd.net/departments/school-board/board-of-trustees
011902,Elgin ISD,District 6,Single-Member District,Pete Bega,Member,May 2025,May 2028,Verified,Elgin ISD Board Directory,https://www.elginisd.net/departments/school-board/board-of-trustees
011902,Elgin ISD,District 7,Single-Member District,Barry Barker,Parliamentarian,May 2025,May 2028,Verified,Elgin ISD Board Directory,https://www.elginisd.net/departments/school-board/board-of-trustees
220904,Everman ISD,District 1,Single-Member District,Earnestine Palos,Trustee / Member,May 2025,May 2028,Verified,Everman ISD Board Elections,https://www.eisd.org/page/board-elections
220904,Everman ISD,District 2,Single-Member District,Ricky Burgess,Vice President,May 2024,May 2027,Verified,Tarrant County Property Tax Portal,https://www.tarrantcountytx.gov/en/tax/property-tax/truth-in-taxation-summary/everman-isd.html
220904,Everman ISD,District 3,Single-Member District,Gary Balch,President,May 2024,May 2027,Verified,Tarrant County Property Tax Portal,https://www.tarrantcountytx.gov/en/tax/property-tax/truth-in-taxation-summary/everman-isd.html
220904,Everman ISD,District 4,Single-Member District,Linda Lutrick,Secretary,May 2025,May 2028,Verified,Tarrant County Property Tax Portal,https://www.tarrantcountytx.gov/en/tax/property-tax/truth-in-taxation-summary/everman-isd.html
220904,Everman ISD,District 5,Single-Member District,Woodman Dawson,Trustee / Member,May 2026,May 2029,Verified,Everman ISD Board Elections,https://www.eisd.org/page/board-elections
220904,Everman ISD,Place 6 (At-Large),At-Large,Adan Covarrubias,Trustee / Member,May 2026,May 2029,Verified,Everman ISD Board Elections,https://www.eisd.org/page/board-elections
220904,Everman ISD,Place 7 (At-Large),At-Large,Ramonda Fields,Trustee / Member,May 2024,May 2027,Verified,Tarrant County Property Tax Portal,https://www.tarrantcountytx.gov/en/tax/property-tax/truth-in-taxation-summary/everman-isd.html
247901,Floresville ISD,Single Member District 1,Single-Member District,Dr. Joel Odom,Member,Nov 2024,Nov 2027,Verified,Floresville ISD Board Members,https://www.fisd.us/page/fisd-board-members
247901,Floresville ISD,Single Member District 2,Single-Member District,Terrell Schellhase,Member,Nov 2025,Nov 2028,Verified,Floresville ISD Board Members,https://www.fisd.us/page/fisd-board-members
247901,Floresville ISD,Single Member District 3,Single-Member District,Dr. Liana Martinez,Vice President,Nov 2023,Nov 2026,Verified,Floresville ISD Board Members,https://www.fisd.us/page/fisd-board-members
247901,Floresville ISD,Single Member District 4,Single-Member District,Stephen Shodrock,President,Nov 2024,Nov 2027,Verified,Floresville ISD Board Members,https://www.fisd.us/page/fisd-board-members
247901,Floresville ISD,Single Member District 5,Single-Member District,Jason Svoboda,Member,Nov 2023,Nov 2026,Verified,Floresville ISD Board Members,https://www.fisd.us/page/fisd-board-members
247901,Floresville ISD,Single Member District 6,Single-Member District,Craig Mutz,Secretary,Nov 2025,Nov 2028,Verified,Floresville ISD Board Members,https://www.fisd.us/page/fisd-board-members
247901,Floresville ISD,Single Member District 7,Single-Member District,Marshall Flieller,Treasurer,Nov 2024,Nov 2027,Verified,Floresville ISD Board Members,https://www.fisd.us/page/fisd-board-members
077901,Floydada Collegiate ISD,District 1,Single-Member District,Roger Hughes,President,May 2024,May 2027,Verified,Floydada CISD Board Policy,https://www.floydadaisd.esc17.net/page/fisd-boardpolicy
077901,Floydada Collegiate ISD,District 2,Single-Member District,Brianne Glasscock,Secretary,May 2025,May 2028,Verified,Floydada CISD Board Policy,https://www.floydadaisd.esc17.net/page/fisd-boardpolicy
077901,Floydada Collegiate ISD,District 3,Single-Member District,Gracie Diaz,Vice President,May 2023,May 2026,Verified,Floyd County Record 2023 Election,https://www.floydcountyrecord.com/2023/03/27/diaz-and-moore-reelected-to-floydada-school-board/
077901,Floydada Collegiate ISD,District 4,Single-Member District,Beverly Collins,Trustee,May 2024,May 2027,Verified,Floydada CISD Board Policy,https://www.floydadaisd.esc17.net/page/fisd-boardpolicy
077901,Floydada Collegiate ISD,District 5,Single-Member District,Randell Sims,Trustee,Aug 2025,May 2027,Verified (Appt),Citizen Portal District 5 Appointment,https://citizenportal.ai/articles/9311658/Texas/School-Districts/FLOYDADA-COLLEGIATE-ISD/Board-appoints-Randall-Sims-to-District-5-seat-honors-Kay-Brotherton
077901,Floydada Collegiate ISD,At-Large (Seat 1),At-Large,Randy Moore,Trustee,May 2023,May 2026,Verified,Floyd County Record 2023 Election,https://www.floydcountyrecord.com/2023/03/27/diaz-and-moore-reelected-to-floydada-school-board/
077901,Floydada Collegiate ISD,At-Large (Seat 2),At-Large,Garrett Everett,Trustee,Aug 2026,May 2028,Verified (Appt),Floyd County Record Aug 2026 Appointment,https://www.floydcountyrecord.com/2026/08/03/garrett-everett-appointed-to-floydada-cisd-board-of-trustees/
186902,Fort Stockton ISD,Ward 1,Single-Member District,Kay Griffith,Trustee,May 2026,May 2029,Verified,FSISD Board Members,https://www.fsisd.net/about-fsisd/school-board/school-board-members
186902,Fort Stockton ISD,Ward 2,Single-Member District,Freddie Martinez,Assistant Secretary,May 2025,May 2028,Verified,FSISD Board Members,https://www.fsisd.net/about-fsisd/school-board/school-board-members
186902,Fort Stockton ISD,Ward 3,Single-Member District,"Anastacio Dominguez ""Nacho""",Vice President,May 2025,May 2028,Verified,FSISD Board Members,https://www.fsisd.net/about-fsisd/school-board/school-board-members
186902,Fort Stockton ISD,Ward 4,Single-Member District,Flo Garcia III,President,May 2024,May 2027,Verified,FSISD Board Members,https://www.fsisd.net/about-fsisd/school-board/school-board-members
186902,Fort Stockton ISD,Ward 5,Single-Member District,Sandra Rivera,Trustee,May 2025,May 2028,Verified,FSISD Board Members,https://www.fsisd.net/about-fsisd/school-board/school-board-members
186902,Fort Stockton ISD,Ward 6,Single-Member District,Ursula Sanchez,Secretary,May 2024,May 2027,Verified,FSISD Board Members,https://www.fsisd.net/about-fsisd/school-board/school-board-members
186902,Fort Stockton ISD,Ward 7,Single-Member District,Dr. Rahul Boinpally,Trustee,May 2026,May 2029,Verified,FSISD Board Members,https://www.fsisd.net/about-fsisd/school-board/school-board-members
220905,Fort Worth ISD,District 1,Single-Member District,Dr. Camille Rodriguez,Trustee,May 2025,May 2029,Verified,FWISD Board of Trustees,https://www.fwisd.org/board/trustees
220905,Fort Worth ISD,District 2,Single-Member District,Tobi Jackson,1st Vice President,May 2023,May 2027,Verified,FWISD Board of Trustees,https://www.fwisd.org/board/trustees
220905,Fort Worth ISD,District 3,Single-Member District,"Quinton ""Q"" Phillips",2nd Vice President,May 2023,May 2027,Verified,FWISD Board of Trustees,https://www.fwisd.org/board/trustees
220905,Fort Worth ISD,District 4,Single-Member District,Vacant,None,May 2025,May 2029,Vacant,Texas Tribune Takeover & Resignation Report,https://www.texastribune.org/2026/02/09/texas-fort-worth-isd-takeover/
220905,Fort Worth ISD,District 5,Single-Member District,Kevin Lynch,Trustee,May 2023,May 2027,Verified,FWISD Board of Trustees,https://www.fwisd.org/board/trustees
220905,Fort Worth ISD,District 6,Single-Member District,Anne Darr,Trustee,May 2023,May 2027,Verified,FWISD Board of Trustees,https://www.fwisd.org/board/trustees
220905,Fort Worth ISD,District 7,Single-Member District,Dr. Michael Ryan,Trustee,May 2025,May 2029,Verified,FWISD May 2025 Canvass,https://resources.finalsite.net/images/v1746826632/fwisdorg/zarimsr9apr6ezb7rjv2/SpecialMeeting-May132025.pdf
220905,Fort Worth ISD,District 8,Single-Member District,Anael Luebanos,Secretary,May 2025,May 2029,Verified,FWISD May 2025 Canvass,https://resources.finalsite.net/images/v1746826632/fwisdorg/zarimsr9apr6ezb7rjv2/SpecialMeeting-May132025.pdf
220905,Fort Worth ISD,District 9,Single-Member District,Roxanne Martinez,President,May 2025,May 2029,Verified,FWISD May 2025 Canvass,https://resources.finalsite.net/images/v1746826632/fwisdorg/zarimsr9apr6ezb7rjv2/SpecialMeeting-May132025.pdf
122901,Ft Davis ISD,SMD 1,Single-Member District,Ben Wilson,Trustee,Nov 2024,Nov 2028,Verified,Fort Davis ISD Board Members,https://www.fdisd.com/page/board-of-members
122901,Ft Davis ISD,SMD 2,Single-Member District,Tye Vick,Trustee,Appt,Nov 2026,Verified (Appt),Fort Davis ISD Board Members,https://www.fdisd.com/page/board-of-members
122901,Ft Davis ISD,SMD 3,Single-Member District,Jason Dominguez,Trustee,Appt,Nov 2026,Verified (Appt),Fort Davis ISD Board Members,https://www.fdisd.com/page/board-of-members
122901,Ft Davis ISD,SMD 4,Single-Member District,Julie McIvor,Vice President,Nov 2022,Nov 2026,Verified,Fort Davis ISD Board Members,https://www.fdisd.com/page/board-of-members
122901,Ft Davis ISD,At-Large,At-Large,James Weaver,President,Nov 2022,Nov 2026,Verified,Fort Davis ISD Board Members,https://www.fdisd.com/page/board-of-members
122901,Ft Davis ISD,At-Large,At-Large,Sarah Pate,Secretary,Nov 2024,Nov 2028,Verified,Fort Davis ISD Board Members,https://www.fdisd.com/page/board-of-members
122901,Ft Davis ISD,At-Large,At-Large,Tommy Everett,Trustee,Nov 2024,Nov 2028,Verified,Fort Davis ISD Board Members,https://www.fdisd.com/page/board-of-members
084902,Galveston ISD,District 1-A,Single-Member District,Elizabeth Beeton,Trustee,Nov 2024,Nov 2027,Verified,GISD Board Members,https://www.gisd.org/board-members
084902,Galveston ISD,District 2-B,Single-Member District,"David H. O'Neal, Jr.",Trustee,Nov 2025,Nov 2028,Verified,GISD Board Members,https://www.gisd.org/board-members
084902,Galveston ISD,District 3-C,Single-Member District,Justin Tucker,Trustee,Nov 2024,Nov 2027,Verified,GISD Board Members,https://www.gisd.org/board-members
084902,Galveston ISD,District 4-D,Single-Member District,Anthony Brown,President,Nov 2024,Nov 2027,Verified,GISD Board Members,https://www.gisd.org/board-members
084902,Galveston ISD,District 5-E,Single-Member District,Ann Masel,Trustee,Nov 2023,Nov 2026,Verified,GISD Board Members,https://www.gisd.org/board-members
084902,Galveston ISD,District 6-F,Single-Member District,Johnny Smecca,Vice President,Nov 2023,Nov 2026,Verified,GISD Board Members,https://www.gisd.org/board-members
084902,Galveston ISD,District 7-G,Single-Member District,Mindy Lakin,Secretary,Dec 2025,Nov 2028,Verified,GISD Board Members,https://www.gisd.org/board-members
149901,George West ISD,District 1,Single-Member District,John Campos,Member,May 2025,May 2028,Verified,Live Oak County Directory,https://liveoakcountyrepublicanparty.com/who-represents-me%3F
149901,George West ISD,District 2,Single-Member District,Maggie Ham Minnick / Clarence Lewinski,Member,May 2026,May 2029,Verified,Ballotpedia GWISD Elections,"https://ballotpedia.org/George_West_Independent_School_District,_Texas,_elections"
149901,George West ISD,District 3,Single-Member District,David Minter,Member,May 2024,May 2027,Verified,Live Oak County Directory,https://liveoakcountyrepublicanparty.com/who-represents-me%3F
149901,George West ISD,District 4,Single-Member District,Marlin Williams,Member,May 2023,May 2026,Verified,Live Oak County Directory,https://liveoakcountyrepublicanparty.com/who-represents-me%3F
149901,George West ISD,District 5,Single-Member District,Nate Mauer,Member,May 2025,May 2028,Verified,Ballotpedia GWISD Elections,"https://ballotpedia.org/George_West_Independent_School_District,_Texas,_elections"
149901,George West ISD,District 6,Single-Member District,Booky Goebel,Vice President,May 2024,May 2027,Verified,Live Oak County Directory,https://liveoakcountyrepublicanparty.com/who-represents-me%3F
149901,George West ISD,District 7,Single-Member District,Clayton Whitley,Member,May 2025,May 2028,Verified,Ballotpedia GWISD Elections,"https://ballotpedia.org/George_West_Independent_School_District,_Texas,_elections"
088902,Goliad ISD,SMD 1,Single-Member District,Daniel San Miguel,Member,May 2026,May 2029,Verified,Goliad ISD School Board,https://www.goliadisd.org/school-board
088902,Goliad ISD,SMD 2,Single-Member District,Jason Howard,Vice President,May 2026,May 2029,Verified,Goliad ISD School Board,https://www.goliadisd.org/school-board
088902,Goliad ISD,SMD 3,Single-Member District,Brandon Huber,President,May 2025,May 2028,Verified,Goliad ISD School Board,https://www.goliadisd.org/school-board
088902,Goliad ISD,SMD 4,Single-Member District,Mac Odem,Member,May 2026,May 2029,Verified,Goliad ISD School Board,https://www.goliadisd.org/school-board
088902,Goliad ISD,SMD 5,Single-Member District,Justin Youngblood,Member,May 2024,May 2027,Verified,Goliad ISD School Board,https://www.goliadisd.org/school-board
088902,Goliad ISD,SMD 6,Single-Member District,Shelia Edwards,Secretary,May 2025,May 2028,Verified,Goliad ISD School Board,https://www.goliadisd.org/school-board
088902,Goliad ISD,SMD 7,Single-Member District,Emika Moya,Member,May 2024,May 2027,Verified,Goliad ISD School Board,https://www.goliadisd.org/school-board
089901,Gonzales ISD,District 1,Single-Member District,Gloria Torres,Member,May 2025,May 2028,Verified,Gonzales ISD School Board,https://www.gonzalesisd.net/about-gisd/school-board
089901,Gonzales ISD,District 2,Single-Member District,Justin Schwausch,President,May 2025,May 2028,Verified,Gonzales ISD School Board,https://www.gonzalesisd.net/about-gisd/school-board
089901,Gonzales ISD,District 3,Single-Member District,D'Anna Robinson,Member,May 2023,May 2029,Verified,Gonzales ISD School Board,https://www.gonzalesisd.net/about-gisd/school-board
089901,Gonzales ISD,District 4,Single-Member District,Josie Smith-Wright,Vice President,May 2024,May 2027,Verified,Gonzales ISD School Board,https://www.gonzalesisd.net/about-gisd/school-board
089901,Gonzales ISD,District 5,Single-Member District,Jami Owens,Member,May 2026,May 2029,Verified,Gonzales ISD School Board,https://www.gonzalesisd.net/about-gisd/school-board
089901,Gonzales ISD,District 6,Single-Member District,Ashley Molina,Secretary,May 2023,May 2029,Verified,Gonzales ISD School Board,https://www.gonzalesisd.net/about-gisd/school-board
089901,Gonzales ISD,District 7,Single-Member District,Naomi Brown,Member,May 2024,May 2027,Verified,Gonzales ISD School Board,https://www.gonzalesisd.net/about-gisd/school-board
101911,Goose Creek CISD,District 1,Single-Member District,Howard Sampson,Member,May 2025,May 2029,Verified,GCCISD Board of Trustees,https://www.gccisd.net/board-of-trustees
101911,Goose Creek CISD,District 2,Single-Member District,Mercedes Renteria III,Member,May 2025,May 2029,Verified,GCCISD Board of Trustees,https://www.gccisd.net/board-of-trustees
101911,Goose Creek CISD,District 3,Single-Member District,"James ""Jim"" Campisi",President,May 2023,May 2027,Verified,GCCISD Board of Trustees,https://www.gccisd.net/board-of-trustees
101911,Goose Creek CISD,District 4,Single-Member District,Richard Clem,Vice President,May 2025,May 2029,Verified,GCCISD Board of Trustees,https://www.gccisd.net/board-of-trustees
101911,Goose Creek CISD,District 5,Single-Member District,Helen Berrott-Tims,Member,May 2025,May 2029,Verified,GCCISD Board of Trustees,https://www.gccisd.net/board-of-trustees
101911,Goose Creek CISD,District 6,Single-Member District,Tiffany Guy,Secretary,May 2023,May 2027,Verified,GCCISD Board of Trustees,https://www.gccisd.net/board-of-trustees
101911,Goose Creek CISD,District 7,Single-Member District,Jessie Martinez,Assistant Secretary,May 2023,May 2027,Verified,GCCISD Board of Trustees,https://www.gccisd.net/board-of-trustees
156905,Grady ISD,District #1,Single-Member District,Bryan Creech,Member,Nov 2022,Nov 2025,Verified,Grady ISD Board of Trustees,https://www.gradyisd.org/page/board-of-trustees
156905,Grady ISD,District #2,Single-Member District,Randy Lewis,Member,Nov 2025,Nov 2027,Verified (Appt),Grady ISD Board of Trustees,https://www.gradyisd.org/page/board-of-trustees
156905,Grady ISD,District #3,Single-Member District,Orin Romine,Member,Nov 2023,Nov 2026,Verified,Grady ISD Board of Trustees,https://www.gradyisd.org/page/board-of-trustees
156905,Grady ISD,District #4,Single-Member District,David Matthews,President,Nov 2023,Nov 2026,Verified,Grady ISD Board of Trustees,https://www.gradyisd.org/page/board-of-trustees
156905,Grady ISD,District #5,Single-Member District,Austin Luna,Secretary,Nov 2024,Nov 2027,Verified,Grady ISD Board of Trustees,https://www.gradyisd.org/page/board-of-trustees
156905,Grady ISD,District #6,Single-Member District,Vance McMorries,Member,Nov 2024,Nov 2027,Verified,Grady ISD Board of Trustees,https://www.gradyisd.org/page/board-of-trustees
156905,Grady ISD,District #7,Single-Member District,Drew Snellgrove,Member,Nov 2022,Nov 2025,Verified,Grady ISD Board of Trustees,https://www.gradyisd.org/page/board-of-trustees
057910,Grand Prairie ISD,Place 1,Single-Member District,Terry Brooks,Vice President,May 2024,May 2027,Verified,GPISD Board of Trustees,https://www.gpisd.org/board
057910,Grand Prairie ISD,Place 2,Single-Member District,Tarrance Jones,Secretary,May 2026,May 2029,Verified,GPISD 2026 Election Information,https://www.gpisd.org/school-board-candidate-and-election-information4
057910,Grand Prairie ISD,Place 3,At-Large,Gloria Carrillo,Trustee,May 2026,May 2029,Verified,GPISD Board of Trustees,https://www.gpisd.org/board
057910,Grand Prairie ISD,Place 4,Single-Member District,Phil Jimerson,Trustee,May 2026,May 2029,Verified,GPISD 2026 Election Information,https://www.gpisd.org/school-board-candidate-and-election-information4
057910,Grand Prairie ISD,Place 5,Single-Member District,David Espinosa,Trustee,May 2024,May 2027,Verified,GPISD Board of Trustees,https://www.gpisd.org/board
057910,Grand Prairie ISD,Place 6,Single-Member District,Emily Liles,President,May 2025,May 2028,Verified,GPISD Board of Trustees,https://www.gpisd.org/board
057910,Grand Prairie ISD,Place 7,At-Large,Vacant,None,May 2025,May 2028,Vacant,GPISD Vacancy Notice,https://www.gpisd.org/board/school-board-vacancy-notice
116905,Greenville ISD,District 1,Single-Member District,Kadeem Johnson,Member,May 2025,May 2028,Verified,Greenville ISD Board,https://www.greenvilleisd.com/page/board-of-trustees
116905,Greenville ISD,District 2,Single-Member District,Anji Taylor,President,May 2026,May 2029,Verified,Greenville ISD Board,https://www.greenvilleisd.com/page/board-of-trustees
116905,Greenville ISD,District 3,Single-Member District,Mandy Stewart,Member,May 2026,May 2029,Verified,Greenville ISD Board,https://www.greenvilleisd.com/page/board-of-trustees
116905,Greenville ISD,District 4,Single-Member District,Byron Smith,Member,May 2026,May 2029,Verified,GISD Election Results,https://www.greenvilleisd.com/page/elections
116905,Greenville ISD,District 5,Single-Member District,Vacant,None,May 2024,May 2027,Vacant,Greenville ISD Elections Portal,https://www.greenvilleisd.com/page/elections
116905,Greenville ISD,District 6,Single-Member District,Millie Edwards,Secretary,May 2025,May 2028,Verified,Greenville ISD Board,https://www.greenvilleisd.com/page/board-of-trustees
116905,Greenville ISD,District 7,Single-Member District,Jeanette Rowland,Vice President,May 2024,May 2027,Verified,Greenville ISD Board,https://www.greenvilleisd.com/page/board-of-trustees
147902,Groesbeck ISD,District 1,Single-Member District,Bridgett Jackson-Tatum,Secretary,May 2025,May 2028,Verified,Groesbeck ISD Board Members,https://www.groesbeckisd.net/page/board-members
147902,Groesbeck ISD,District 2,Single-Member District,Angela Crane,Member,May 2025,May 2028,Verified,Groesbeck ISD Board Members,https://www.groesbeckisd.net/page/board-members
147902,Groesbeck ISD,District 3,Single-Member District,Sindra McLean,Member,May 2024,May 2027,Verified,Groesbeck ISD Board Members,https://www.groesbeckisd.net/page/board-members
147902,Groesbeck ISD,District 4,Single-Member District,Jason Milstead,Member,May 2024,May 2027,Verified,Groesbeck ISD Board Members,https://www.groesbeckisd.net/page/board-members
147902,Groesbeck ISD,District 5,Single-Member District,Aslone Foy,President,May 2024,May 2027,Verified,Groesbeck ISD Board Members,https://www.groesbeckisd.net/page/board-members
147902,Groesbeck ISD,At-Large (Seat A),At-Large,Jim Longbotham,Vice President,May 2023,May 2026,Verified,Groesbeck ISD Board Members,https://www.groesbeckisd.net/page/board-members
147902,Groesbeck ISD,At-Large (Seat B),At-Large,Stephen Bradley,Member,May 2023,May 2026,Verified,Groesbeck ISD Board Members,https://www.groesbeckisd.net/page/board-members
015904,Harlandale ISD,District 1,Single-Member District,Juan J. Mancha Jr.,Member,May 2025,May 2029,Verified,Harlandale ISD District 1,https://www.harlandale.net/page/juan-mancha
015904,Harlandale ISD,District 2,Single-Member District,Erica Salazar,Secretary,May 2025,May 2029,Verified,Harlandale ISD District 2,https://www.harlandale.net/page/erica-salazar
015904,Harlandale ISD,District 3,Single-Member District,Louie G. Luna,Member,May 2025,May 2029,Verified,Harlandale ISD District 3,https://www.harlandale.net/page/louie-luna
015904,Harlandale ISD,District 4,Single-Member District,Norma Cavazos,President,May 2025,May 2029,Verified,Harlandale ISD District 4,https://www.harlandale.net/page/norma-cavazos
015904,Harlandale ISD,District 5,Single-Member District,Elaine Anaya-Ortiz,Member,May 2023,May 2027,Verified,Harlandale ISD District 5,https://www.harlandale.net/page/elaine-anaya-ortiz
015904,Harlandale ISD,District 6,Single-Member District,Becky Ruiz,Vice President,May 2023,May 2027,Verified,Harlandale ISD District 6,https://www.harlandale.net/page/becky-ruiz
104901,Haskell CISD,District 1,Single-Member District,Rusty Stocks,President,May 2024,May 2027,Unverified,Haskell CISD Board,https://www.haskell.esc14.net/page/BoardofTrustees
104901,Haskell CISD,District 2,Single-Member District,Cliff McGuire,Vice President,May 2025,May 2028,Unverified,Haskell CISD Board,https://www.haskell.esc14.net/page/BoardofTrustees
104901,Haskell CISD,District 3,Single-Member District,Paige Akins,Secretary,May 2025,May 2028,Unverified,Haskell CISD Board,https://www.haskell.esc14.net/page/BoardofTrustees
104901,Haskell CISD,District 4,Single-Member District,Michael Adkins,Member,May 2026,May 2029,Unverified,Haskell CISD Board,https://www.haskell.esc14.net/page/BoardofTrustees
104901,Haskell CISD,District 5,Single-Member District,James Gober,Member,May 2024,May 2027,Unverified,Haskell CISD Board,https://www.haskell.esc14.net/page/BoardofTrustees
104901,Haskell CISD,District 6,Single-Member District,Heath Pinkerton,Member,May 2026,May 2029,Unverified,Haskell CISD Board,https://www.haskell.esc14.net/page/BoardofTrustees
104901,Haskell CISD,District 7,Single-Member District,Joel Torres III,Member,May 2025,May 2028,Unverified,Haskell CISD Board,https://www.haskell.esc14.net/page/BoardofTrustees
105906,Hays CISD,Single-Member District 1,Single-Member District,"Raul Vela, Jr.",Trustee,May 2026,May 2029,Verified,Hays CISD May 2026 Swearing-In,https://www.hayscisd.net/article/2893239
105906,Hays CISD,Single-Member District 2,Single-Member District,Katy Armstrong,Trustee,May 2026,May 2029,Verified,Hays CISD May 2026 Swearing-In,https://www.hayscisd.net/article/2893239
105906,Hays CISD,Single-Member District 3,Single-Member District,Courtney Runkle,Trustee,May 2024,May 2027,Verified,Hays CISD Board Members,https://www.hayscisd.net/page/board-members
105906,Hays CISD,Single-Member District 4,Single-Member District,Byron Severance,President,May 2025,May 2028,Verified,Hays CISD Board Officers,https://www.hayscisd.net/article/2211456
105906,Hays CISD,Single-Member District 5,Single-Member District,Esperanza Orosco,Secretary,May 2025,May 2028,Verified,Hays CISD Board Officers,https://www.hayscisd.net/article/2211456
105906,Hays CISD,At-Large (Seat A),At-Large,Geoff Seibel,Vice President,May 2024,May 2027,Verified,Hays CISD May 2026 Swearing-In,https://www.hayscisd.net/article/2893239
105906,Hays CISD,At-Large (Seat B),At-Large,Alex Zavala,Trustee,May 2026,May 2029,Verified,Hays CISD May 2026 Swearing-In,https://www.hayscisd.net/article/2893239
201902,Henderson ISD,District 1,Single-Member District,Jean Williams,Secretary,Nov 2025,Nov 2028,Verified,Henderson ISD Election Info,https://www.hendersonisd.org/page/election-information
201902,Henderson ISD,District 2,Single-Member District,Justin Scarborough,Trustee,Nov 2025,Nov 2028,Verified,Henderson ISD Election Info,https://www.hendersonisd.org/page/election-information
201902,Henderson ISD,District 3,Single-Member District,Dr. John Taylor,Trustee,Nov 2024,Nov 2027,Verified,Henderson ISD Meet Our Board,https://www.hendersonisd.org/page/meet-our-board
201902,Henderson ISD,District 4,Single-Member District,Russell C. Brown,President,Nov 2024,Nov 2027,Verified,Henderson ISD Meet Our Board,https://www.hendersonisd.org/page/meet-our-board
201902,Henderson ISD,District 5,Single-Member District,Louise (Lou) Madsen,Trustee,Nov 2025,Nov 2028,Verified,Nov 2025 Canvass Announcement,https://www.hendersonisd.org/article/2531731
201902,Henderson ISD,At-Large (Seat A),At-Large,Shannon Coats,Vice President,Nov 2023,Nov 2026,Verified,Henderson ISD Meet Our Board,https://www.hendersonisd.org/page/meet-our-board
201902,Henderson ISD,At-Large (Seat B),At-Large,Loy Dorsey,Trustee,Nov 2023,Nov 2026,Verified,Henderson ISD Meet Our Board,https://www.hendersonisd.org/page/meet-our-board
059901,Hereford ISD,Precinct 1,Single-Member District,Sara Brummett,Secretary,May 2025,May 2028,Verified,Hereford ISD Board of Trustees,https://www.herefordisd.net/page/board-of-trustees
059901,Hereford ISD,Precinct 2,Single-Member District,Stephanie Woodard,Trustee,Mar 2026,May 2027,Verified (Appt),Hereford ISD Board of Trustees,https://www.herefordisd.net/page/board-of-trustees
059901,Hereford ISD,Precinct 3,Single-Member District,Susan Cruz,Trustee,May 2025,May 2028,Verified,Hereford ISD Board of Trustees,https://www.herefordisd.net/page/board-of-trustees
059901,Hereford ISD,Precinct 4,Single-Member District,Mike Bryant,Vice President,May 2026,May 2029,Verified,Hereford ISD Board of Trustees,https://www.herefordisd.net/page/board-of-trustees
059901,Hereford ISD,Precinct 5,Single-Member District,Saul Carbajal,Trustee,Jun 2026,May 2027,Verified (Appt),Hereford ISD Board of Trustees,https://www.herefordisd.net/page/board-of-trustees
059901,Hereford ISD,Precinct 6,Single-Member District,Brandy Murillo,President,May 2018,May 2027,Verified,Hereford ISD Board of Trustees,https://www.herefordisd.net/page/board-of-trustees
059901,Hereford ISD,Precinct 7,Single-Member District,Tera Carroll,Trustee,May 2026,May 2029,Verified,Hereford ISD Board of Trustees,https://www.herefordisd.net/page/board-of-trustees
109904,Hillsboro ISD,Place 1,Single-Member District,Michael Peavy,Member,May 2024,May 2027,Verified,Hillsboro ISD May 2026 Minutes,https://meetings.boardbook.org/Documents/DownloadPDF/4327384?org=953
109904,Hillsboro ISD,Place 2,Single-Member District,"Gerardo ""Jerry"" Carbajal",Vice President,May 2026,May 2029,Verified,Hillsboro ISD May 2026 Minutes,https://meetings.boardbook.org/Documents/DownloadPDF/4327384?org=953
109904,Hillsboro ISD,Place 3,Single-Member District,Brooke Thompson,Secretary,May 2025,May 2028,Verified,Citizen Portal Reorganization,https://citizenportal.ai/articles/9053992/texas/school-districts/hillsboro-isd/hillsboro-isd-board-retains-existing-officers-in-reorganization-vote
109904,Hillsboro ISD,Place 4,Single-Member District,"Guadalupe ""Lupe"" Mancha",Member,May 2026,May 2029,Verified,Hillsboro ISD May 2026 Minutes,https://meetings.boardbook.org/Documents/DownloadPDF/4327384?org=953
109904,Hillsboro ISD,Place 5,Single-Member District,Daniel Tanguma,Member,May 2025,May 2028,Verified,Hillsboro ISD May 2026 Minutes,https://meetings.boardbook.org/Documents/DownloadPDF/4327384?org=953
109904,Hillsboro ISD,At-Large (Seat A),At-Large,Dr. Christopher Teague,President,May 2024,May 2027,Verified,Citizen Portal Reorganization,https://citizenportal.ai/articles/9053992/texas/school-districts/hillsboro-isd/hillsboro-isd-board-retains-existing-officers-in-reorganization-vote
109904,Hillsboro ISD,At-Large (Seat B),At-Large,Melissa Barnes,Member,May 2025,May 2028,Verified,Hillsboro ISD Minutes,https://meetings.boardbook.org/Documents/DownloadPDF/4327377?org=953
084908,Hitchcock ISD,District 1,Single-Member District,Tony Combs,Trustee,May 2025,May 2028,Verified,Hitchcock ISD Board Directory,https://www.hitchcockisd.org/main-district/board-of-trustees
084908,Hitchcock ISD,District 2,Single-Member District,Dr. Shirley Price,Trustee,May 2025,May 2028,Verified,Hitchcock ISD Board Directory,https://www.hitchcockisd.org/main-district/board-of-trustees
084908,Hitchcock ISD,District 3,Single-Member District,Randy Williams,Trustee,Jan 2024,Jan 2027,Verified (Unexp),Hitchcock ISD Board Directory,https://www.hitchcockisd.org/main-district/board-of-trustees
084908,Hitchcock ISD,District 4,Single-Member District,"Ted Robinson, Jr.",Vice President,May 2024,May 2027,Verified,Hitchcock ISD Board Directory,https://www.hitchcockisd.org/main-district/board-of-trustees
084908,Hitchcock ISD,District 5,Single-Member District,Chad Allen,President,May 2026,May 2029,Verified,Hitchcock ISD Elections,https://www.hitchcockisd.org/main-district/board-of-trustees/elections
084908,Hitchcock ISD,District 6,Single-Member District,Monica Cantrell,Trustee,May 2024,May 2027,Verified,Hitchcock ISD Board Directory,https://www.hitchcockisd.org/main-district/board-of-trustees
084908,Hitchcock ISD,District 7,Single-Member District,Tom Ivey,Secretary,May 2024,May 2027,Verified,Hitchcock ISD Board Directory,https://www.hitchcockisd.org/main-district/board-of-trustees
163904,Hondo ISD,District 1,Single-Member District,Ricky Ruiz,Member,May 2024,May 2027,Verified,Hondo ISD School Board,https://www.hondoisd.net/apps/pages/index.jsp?uREC_ID=3761105&type=d
163904,Hondo ISD,District 2,Single-Member District,James Estes,Member,May 2026,May 2029,Verified,BoardBook Minutes May 2026,https://meetings.boardbook.org/Documents/DownloadPDF/e4d96d15-0d62-433d-afd8-086d88941af3?org=640
163904,Hondo ISD,District 3,Single-Member District,Carey Frazier,Secretary,May 2025,May 2028,Verified,Hondo ISD School Board,https://www.hondoisd.net/apps/pages/index.jsp?uREC_ID=3761105&type=d
163904,Hondo ISD,District 4,Single-Member District,Craig Luedke,Member,May 2026,May 2029,Verified,BoardBook Minutes May 2026,https://meetings.boardbook.org/Documents/DownloadPDF/e4d96d15-0d62-433d-afd8-086d88941af3?org=640
163904,Hondo ISD,District 5,Single-Member District,Philip Rothe,President,May 2024,May 2027,Verified,Hondo ISD School Board,https://www.hondoisd.net/apps/pages/index.jsp?uREC_ID=3761105&type=d
163904,Hondo ISD,At-Large (Seat A),At-Large,Joel Gonzales,Member,May 2025,May 2028,Verified,Hondo ISD School Board,https://www.hondoisd.net/apps/pages/index.jsp?uREC_ID=3761105&type=d
163904,Hondo ISD,At-Large (Seat B),At-Large,Blake Halbardier,Vice President,May 2025,May 2028,Verified,Hondo ISD School Board,https://www.hondoisd.net/apps/pages/index.jsp?uREC_ID=3761105&type=d
246907,Jarrell ISD,Place 1,Single-Member District,Cliff Tschoerner,Member,Nov 2024,Nov 2027,Verified,Jarrell ISD Board Members,https://www.jarrellisd.org/about-us/about-us/board-of-trustees/board-members
246907,Jarrell ISD,Place 2,Single-Member District,Mindee Hernandez,Member,Nov 2025,Nov 2028,Verified,Jarrell ISD Board Members,https://www.jarrellisd.org/about-us/about-us/board-of-trustees/board-members
246907,Jarrell ISD,Place 3,Single-Member District,Jennifer Gadison,Member,Nov 2024,Nov 2027,Verified,Jarrell ISD Board Members,https://www.jarrellisd.org/about-us/about-us/board-of-trustees/board-members
246907,Jarrell ISD,Place 4,Single-Member District,Dave Lovelace,Secretary,Nov 2024,Nov 2027,Verified,Jarrell ISD Board Members,https://www.jarrellisd.org/about-us/about-us/board-of-trustees/board-members
246907,Jarrell ISD,Place 5,Single-Member District,Tamara Dozier,Vice President,Nov 2025,Nov 2028,Verified,Jarrell ISD Board Members,https://www.jarrellisd.org/about-us/about-us/board-of-trustees/board-members
246907,Jarrell ISD,Place 6,Single-Member District,Jenny Arnold,President,Nov 2023,Nov 2026,Verified,Jarrell ISD Board Members,https://www.jarrellisd.org/about-us/about-us/board-of-trustees/board-members
246907,Jarrell ISD,Place 7,Single-Member District,Ginger Martinez,Member,Nov 2025,Nov 2028,Verified,Jarrell ISD Board Members,https://www.jarrellisd.org/about-us/about-us/board-of-trustees/board-members
124901,Jim Hogg County ISD,Precinct 2,Single-Member District,Eddie Rocha,Member,Nov 2024,Nov 2028,Verified,JHCISD Board Members,https://jhcisd.ss19.sharpschool.com/school_board/board_members/meet_our_school_board_of_trustees
124901,Jim Hogg County ISD,At-Large (Seat 1),At-Large,Tanya Ramirez,Member,Nov 2022,Nov 2026,Verified,JHCISD Board Members,https://jhcisd.ss19.sharpschool.com/school_board/board_members/meet_our_school_board_of_trustees
124901,Jim Hogg County ISD,Precinct 3/4,Single-Member District,Belinda C. Molina,Secretary,Nov 2022,Nov 2026,Verified,JHCISD Board Members,https://jhcisd.ss19.sharpschool.com/school_board/board_members/meet_our_school_board_of_trustees
124901,Jim Hogg County ISD,Precinct 1 / At-Large,Single-Member District / At-Large,Ademar Garza,President,Nov 2024,Nov 2028,Verified,JHCISD Board Members,https://jhcisd.ss19.sharpschool.com/school_board/board_members/meet_our_school_board_of_trustees
124901,Jim Hogg County ISD,Precinct 1 / At-Large,Single-Member District / At-Large,Elias Morales,Vice President,Nov 2024,Nov 2028,Verified,JHCISD Board Members,https://jhcisd.ss19.sharpschool.com/school_board/board_members/meet_our_school_board_of_trustees
124901,Jim Hogg County ISD,Precinct 1 / At-Large,Single-Member District / At-Large,"Pedro P. Lopez, Jr.",Member,Nov 2024,Nov 2028,Verified,JHCISD Board Members,https://jhcisd.ss19.sharpschool.com/school_board/board_members/meet_our_school_board_of_trustees
124901,Jim Hogg County ISD,Precinct 1 / At-Large,Single-Member District / At-Large,Eddie Pena,Member,Nov 2024,Nov 2028,Verified,JHCISD Board Members,https://jhcisd.ss19.sharpschool.com/school_board/board_members/meet_our_school_board_of_trustees
007902,Jourdanton ISD,District 1,Single-Member District,Vance Jupe,President,Nov 2023,Nov 2026,Verified,Jourdanton ISD Board Directory,https://www.jourdantonisd.net/page/board-of-trustees
007902,Jourdanton ISD,District 2,Single-Member District,Mike Castellano,Trustee,Nov 2025,Nov 2026,Verified (Unexp),JISD Nov 2025 Canvass,https://meetings.boardbook.org/Documents/DownloadPDF/10474748?org=1836
007902,Jourdanton ISD,District 3,Single-Member District,John Garcia,Trustee,2026,Nov 2026,Verified (Unexp),JISD August 2026 Minutes,https://meetings.boardbook.org/Documents/DownloadPDF/10474754?org=1836
007902,Jourdanton ISD,District 4,Single-Member District,Kendall Schorsch,Secretary,Nov 2025,Nov 2028,Verified,JISD Nov 2025 Canvass,https://meetings.boardbook.org/Documents/DownloadPDF/10474748?org=1836
007902,Jourdanton ISD,District 5,Single-Member District,Greg Vyvlecka,Trustee,Nov 2024,Nov 2027,Verified,Jourdanton ISD Board Directory,https://www.jourdantonisd.net/page/board-of-trustees
007902,Jourdanton ISD,District 6,Single-Member District,Missy Korus,Trustee,Nov 2025,Nov 2028,Verified,JISD Nov 2025 Canvass,https://meetings.boardbook.org/Documents/DownloadPDF/10474748?org=1836
007902,Jourdanton ISD,District 7,Single-Member District,Nicole Rakowitz,Vice President,Nov 2024,Nov 2027,Verified,Jourdanton ISD Board Directory,https://www.jourdantonisd.net/page/board-of-trustees
015916,Judson ISD,District 1,Single-Member District,Suzanne Kenoyer,Trustee,May 2023,May 2027,Verified,JISD Elections Information,https://www.judsonisd.org/page/elections-information
015916,Judson ISD,District 2,Single-Member District,Stephanie Jones,Trustee,May 2025,May 2029,Verified,Ballotpedia 2025 Election,"https://ballotpedia.org/Judson_Independent_School_District,_Texas,_elections_(2025"
015916,Judson ISD,District 3,Single-Member District,Lesley Lee,Trustee,May 2025,May 2029,Verified,Ballotpedia 2025 Election,"https://ballotpedia.org/Judson_Independent_School_District,_Texas,_elections_(2025"
015916,Judson ISD,District 4,Single-Member District,José Macias Jr.,Trustee,May 2025,May 2029,Verified,Ballotpedia 2025 Election,"https://ballotpedia.org/Judson_Independent_School_District,_Texas,_elections_(2025"
015916,Judson ISD,District 5,Single-Member District,Amanda Poteet,Trustee,May 2025,May 2029,Verified,Ballotpedia 2025 Election,"https://ballotpedia.org/Judson_Independent_School_District,_Texas,_elections_(2025"
015916,Judson ISD,District 6 (At-Large),At-Large,Laura Stanford,Trustee,May 2023,May 2027,Verified,Community Impact 2023 Results,https://communityimpact.com/san-antonio/election/laura-stanford-and-monica-ryan-take-the-lead-in-judson-isd-board-of-trustees-races/
015916,Judson ISD,District 7 (At-Large),At-Large,Monica Ryan,President,May 2023,May 2027,Verified,Community Impact 2023 Results,https://communityimpact.com/san-antonio/election/laura-stanford-and-monica-ryan-take-the-lead-in-judson-isd-board-of-trustees-races/
128901,Karnes City ISD,Place 1,Single-Member District,Debbie Witte,President,May 2024,May 2028,Verified,KCISD Board Directory,https://www.kcisd.net/inside-kcisd/board-of-trustees
128901,Karnes City ISD,Place 2,Single-Member District,Cason Newberry,Trustee,May 2024,May 2028,Verified,KCISD Board Directory,https://www.kcisd.net/inside-kcisd/board-of-trustees
128901,Karnes City ISD,Place 3,Single-Member District,Sherry Sommer,Trustee,May 2022,May 2026,Verified,KCISD Board Directory,https://www.kcisd.net/inside-kcisd/board-of-trustees
128901,Karnes City ISD,Place 4,Single-Member District,Melanie Johnson,Trustee,May 2024,May 2028,Verified,KCISD Board Directory,https://www.kcisd.net/inside-kcisd/board-of-trustees
128901,Karnes City ISD,Place 5,Single-Member District,Alex Kotara,Vice President,May 2022,May 2026,Verified,KCISD Board Directory,https://www.kcisd.net/inside-kcisd/board-of-trustees
128901,Karnes City ISD,Place 6,Single-Member District,Melissa Padron Valdez,Secretary,May 2024,May 2028,Verified,KCISD Board Directory,https://www.kcisd.net/inside-kcisd/board-of-trustees
128901,Karnes City ISD,Place 7,Single-Member District,Raymond Robinson,Trustee,May 2026,May 2030,Verified,KCISD Board Directory,https://www.kcisd.net/inside-kcisd/board-of-trustees
128902,Kenedy ISD,District 1,Single-Member District,Oscar Garcia Jr.,Secretary,May 2025,May 2028,Verified,Kenedy ISD Directory,https://www.kenedyisd.com/departments/business___finance/conflict_of_interest_questionnaires
128902,Kenedy ISD,District 2,Single-Member District,Demetrio Garcia-Sotelo,President,May 2026,May 2029,Verified,BoardBook Minutes,https://meetings.boardbook.org/Documents/DownloadPDF/9872413?org=1746
128902,Kenedy ISD,District 3,Single-Member District,"Michael ""Mikey"" Garcez II",Vice President,May 2026,May 2029,Verified,BoardBook Minutes,https://meetings.boardbook.org/Documents/DownloadPDF/9872413?org=1746
128902,Kenedy ISD,District 4,Single-Member District,RoseMary Vickery,Trustee,May 2024,May 2027,Verified,Kenedy ISD Directory,https://www.kenedyisd.com/departments/business___finance/conflict_of_interest_questionnaires
128902,Kenedy ISD,District 5,Single-Member District,David Garza,Trustee,May 2024,May 2027,Verified,Kenedy ISD Directory,https://www.kenedyisd.com/departments/business___finance/conflict_of_interest_questionnaires
128902,Kenedy ISD,District 6,Single-Member District,"Ishmael ""Mel"" Garcia",Trustee,May 2024,May 2027,Verified,Kenedy ISD Directory,https://www.kenedyisd.com/departments/business___finance/conflict_of_interest_questionnaires
128902,Kenedy ISD,District 7,Single-Member District,Alma Danmier,Trustee,May 2025,May 2028,Verified,Kenedy ISD Directory,https://www.kenedyisd.com/departments/business___finance/conflict_of_interest_questionnaires
248901,Kermit ISD,SMD 1,Single-Member District,"Carlos Quiroz, Jr.",Member,May 2026,May 2029,Verified,Kermit ISD School Board,https://www.kermitisd.org/page/school-board
248901,Kermit ISD,SMD 2,Single-Member District,Miguel Urquidi,Member,May 2026,May 2029,Verified,Unopposed Certification,https://citizenportal.ai/articles/9313333/texas/school-districts/kermit-isd/kermit-isd-certifies-unopposed-candidate-and-cancels-may-2-election-for-single-member-district-2
248901,Kermit ISD,SMD 3,Single-Member District,Lorina Lujan,Secretary,May 2024,May 2027,Verified,Kermit ISD School Board,https://www.kermitisd.org/page/school-board
248901,Kermit ISD,SMD 4,Single-Member District,Lee Lentz-Edwards,President,May 2024,May 2027,Verified,May 2026 Canvass Report,https://citizenportal.ai/articles/9069749/texas/school-districts/kermit-isd/kermit-isd-canvasses-may-2-election-lee-lentz-edwards-re-elected-board-president
248901,Kermit ISD,SMD 5,Single-Member District,"Edward Davila, Sr.",Member,May 2024,May 2027,Verified,Kermit ISD School Board,https://www.kermitisd.org/page/school-board
248901,Kermit ISD,At-Large (Seat A),At-Large,Ramiro Antillon,Vice President,May 2026,May 2029,Verified,Kermit ISD School Board,https://www.kermitisd.org/page/school-board
248901,Kermit ISD,At-Large (Seat B),At-Large,Aaron Hardaway,Member,May 2026,May 2029,Verified,Kermit ISD School Board,https://www.kermitisd.org/page/school-board
133903,Kerrville ISD,District 1,Single-Member District,Andree Hayes,Trustee,May 2024,May 2027,Verified,Kerrville ISD Board Directory,https://www.kerrvilleisd.net/our-district/board-of-trustees
133903,Kerrville ISD,District 2,Single-Member District,Danielle Jenschke,Trustee,May 2026,May 2029,Verified,Kerrville ISD Board Directory,https://www.kerrvilleisd.net/our-district/board-of-trustees
133903,Kerrville ISD,District 3,Single-Member District,Pete Calderon,Secretary,May 2024,May 2027,Verified,Kerrville ISD Board Directory,https://www.kerrvilleisd.net/our-district/board-of-trustees
133903,Kerrville ISD,District 4,Single-Member District,Greg Peschel,President,May 2024,May 2027,Verified,Kerrville ISD Board Directory,https://www.kerrvilleisd.net/our-district/board-of-trustees
133903,Kerrville ISD,District 5,Single-Member District,Rolinda Schmidt,Vice President,May 2026,May 2029,Verified,Kerrville ISD Board Directory,https://www.kerrvilleisd.net/our-district/board-of-trustees
133903,Kerrville ISD,District 6,Single-Member District,Dr. David Sprouse,Trustee,May 2025,May 2028,Verified,Kerrville ISD Board Directory,https://www.kerrvilleisd.net/our-district/board-of-trustees
133903,Kerrville ISD,District 7,Single-Member District,Caleb Boone,Trustee,May 2025,May 2028,Verified,Kerrville ISD Board Directory,https://www.kerrvilleisd.net/our-district/board-of-trustees
219905,Kress ISD,Place 1 (SMD 1),Single-Member District,Danny Galvan,Member,May 2025,May 2028,Verified,Kress ISD Board Members,https://www.kressonline.net/board-members
219905,Kress ISD,Place 2 (SMD 2),Single-Member District,Omar Valdez,Member,May 2024,May 2027,Verified,Kress ISD Board Members,https://www.kressonline.net/board-members
219905,Kress ISD,Place 3 (SMD 3),Single-Member District,Tiffany Reed,President,May 2026,May 2029,Verified,Kress ISD Board Members,https://www.kressonline.net/board-members
219905,Kress ISD,Place 4 (SMD 4),Single-Member District,Martin Sanchez,Vice President,May 2026,May 2029,Verified,Kress ISD Board Members,https://www.kressonline.net/board-members
219905,Kress ISD,Place 5 (SMD 5),Single-Member District,Adri Evans,Member,May 2025,May 2028,Verified,Kress ISD Board Members,https://www.kressonline.net/board-members
219905,Kress ISD,At-Large 1,At-Large,Jessica Finck,Member,May 2024,May 2027,Verified,Kress ISD Board Members,https://www.kressonline.net/board-members
219905,Kress ISD,At-Large 2,At-Large,Josh Lovvorn,Member,May 2025,May 2028,Verified,Kress ISD Board Members,https://www.kressonline.net/board-members
161906,La Vega ISD,SMD 1,Single-Member District,Mildred Watkins,Assistant Secretary,May 2026,May 2029,Verified,La Vega ISD Meet the Members,https://www.lavegaisd.org/school-board/meet-the-members
161906,La Vega ISD,SMD 2,Single-Member District,Henry C. Jennings,Member,May 2025,May 2028,Verified,La Vega ISD Meet the Members,https://www.lavegaisd.org/school-board/meet-the-members
161906,La Vega ISD,SMD 3,Single-Member District,Brenda Rocha,Vice President,May 2026,May 2029,Verified,La Vega ISD Meet the Members,https://www.lavegaisd.org/school-board/meet-the-members
161906,La Vega ISD,SMD 4,Single-Member District,Raymond Koon,President,May 2025,May 2028,Verified,La Vega ISD Meet the Members,https://www.lavegaisd.org/school-board/meet-the-members
161906,La Vega ISD,SMD 5,Single-Member District,Randy Devorsky,Secretary,May 2025,May 2028,Verified,La Vega ISD Meet the Members,https://www.lavegaisd.org/school-board/meet-the-members
161906,La Vega ISD,At-Large (Seat A),At-Large,Rev. Larry Carpenter,Member,May 2024,May 2027,Verified,La Vega ISD Meet the Members,https://www.lavegaisd.org/school-board/meet-the-members
161906,La Vega ISD,At-Large (Seat B),At-Large,Myron Ridge,Member,May 2024,May 2027,Verified,La Vega ISD Meet the Members,https://www.lavegaisd.org/school-board/meet-the-members
079901,Lamar CISD,District 1,Single-Member District,Zach Lambert,Member,May 2025,May 2029,Verified,LCISD District 1 Profile,https://www.lcisd.org/73607_3
079901,Lamar CISD,District 2,Single-Member District,Monica Henderson,Member,May 2025,May 2029,Verified,LCISD May 2025 Announcement,https://www.lcisd.org/index.php?pageID=smartSiteFeed&psqFeed=true&articleID=51579311
079901,Lamar CISD,District 3,Single-Member District,Vanessa Marsters,Secretary,May 2025,May 2029,Verified,LCISD Board of Trustees,https://www.lcisd.org/boardoftrustees
079901,Lamar CISD,District 4,Single-Member District,Jacci Hotzel,President,May 2023,May 2027,Verified,LCISD District 4 Profile,https://www.lcisd.org/73608_3
079901,Lamar CISD,District 5,Single-Member District,Jon Welch,Member,May 2023,May 2027,Verified,LCISD District 5 Profile,https://www.lcisd.org/73609_3
079901,Lamar CISD,District 6,Single-Member District,George Arroyos,Vice President,May 2025,May 2029,Verified,LCISD May 2025 Announcement,https://www.lcisd.org/index.php?pageID=smartSiteFeed&psqFeed=true&articleID=51579311
079901,Lamar CISD,District 7,Single-Member District,Suzanne Box,Member,May 2023,May 2027,Verified,LCISD District 7 Profile,https://www.lcisd.org/73612_3
058906,Lamesa ISD,District 1,Single-Member District,Rebecca Gonzales,Trustee,May 2024,May 2027,Verified,Lamesa ISD School Board,https://www.lamesaisd.net/page/school-board
058906,Lamesa ISD,District 2,Single-Member District,Cindy Martinez,Trustee,May 2024,May 2027,Verified,Dawson County Sample Ballot,https://www.co.dawson.tx.us/upload/page/1590/2024/District%202%20Sample%20Ballot.pdf
058906,Lamesa ISD,District 3,Single-Member District,April Martinez,President,May 2024,May 2027,Verified,Lamesa ISD School Board,https://www.lamesaisd.net/page/school-board
058906,Lamesa ISD,District 4,Single-Member District,Kevin Telchik,Vice President,May 2025,May 2028,Verified,Lamesa ISD School Board,https://www.lamesaisd.net/page/school-board
058906,Lamesa ISD,District 5,Single-Member District,Ernest Ogeda,Trustee,May 2025,May 2028,Verified,Lamesa ISD School Board,https://www.lamesaisd.net/page/school-board
058906,Lamesa ISD,At-Large (Seat A),At-Large,Melissa Cazares,Secretary,May 2026,May 2029,Verified,Dawson County Sample Ballot,https://www.co.dawson.tx.us/upload/page/1590/2026/5-2-2026%20LISD%20Sample%20Ballot.pdf
058906,Lamesa ISD,At-Large (Seat B),At-Large,Albert Acosta,Trustee,May 2026,May 2029,Verified,Dawson County Sample Ballot,https://www.co.dawson.tx.us/upload/page/1590/2026/5-2-2026%20LISD%20Sample%20Ballot.pdf
057913,Lancaster ISD,District 1,Single-Member District,Marion Hamilton,President,May 2024,May 2027,Verified,Lancaster ISD Board Members,https://www.lancasterisd.org/page/board-members
057913,Lancaster ISD,District 2,Single-Member District,Quinnie Nichols,Vice President,May 2024,May 2027,Verified,Lancaster ISD Board Members,https://www.lancasterisd.org/page/board-members
057913,Lancaster ISD,District 3,Single-Member District,Johnnaé Cortez,Trustee,May 2025,May 2028,Verified,Lancaster ISD Board Members,https://www.lancasterisd.org/page/board-members
057913,Lancaster ISD,District 4,Single-Member District,Daryle Clewis,Trustee,May 2026,May 2029,Verified,Lancaster ISD Swearing-In Report,https://www.lancasterisd.org/article/2930927
057913,Lancaster ISD,District 5,Single-Member District,Ty G. Jones,Trustee,May 2026,May 2029,Verified,Lancaster ISD Swearing-In Report,https://www.lancasterisd.org/article/2930927
057913,Lancaster ISD,District 6,Single-Member District,Carolyn Ann Morris,Secretary,May 2025,May 2028,Verified,Lancaster ISD Board Members,https://www.lancasterisd.org/page/board-members
057913,Lancaster ISD,District 7,Single-Member District,Dr. LaShonda Reid,Trustee,May 2026,May 2029,Verified,Lancaster ISD Swearing-In Report,https://www.lancasterisd.org/article/2930927
240901,Laredo ISD,District 1,Single-Member District,"Juan Ramirez, Jr.",Trustee,Nov 2024,Nov 2028,Verified,LISD Board of Trustees,https://www.laredoisd.org/o/lisd/page/lisd-board-of-trustees
240901,Laredo ISD,District 2,Single-Member District,"Rodolfo “Rudy” Morales, III",Secretary,Nov 2024,Nov 2028,Verified,Rudy Morales Profile,https://www.laredoisd.org/page/rudy-morales
240901,Laredo ISD,District 3,Single-Member District,Veronica V. Orduño,Vice President,Nov 2022,Nov 2026,Verified,LISD Board of Trustees,https://www.laredoisd.org/o/lisd/page/lisd-board-of-trustees
240901,Laredo ISD,District 4,Single-Member District,Alfredo G. Perez,Parliamentarian,Nov 2024,Nov 2028,Verified,LISD Board of Trustees,https://www.laredoisd.org/o/lisd/page/lisd-board-of-trustees
240901,Laredo ISD,District 5,Single-Member District,Goyo M. Lopez,President,Nov 2022,Nov 2026,Verified,LISD Board of Trustees,https://www.laredoisd.org/o/lisd/page/lisd-board-of-trustees
240901,Laredo ISD,District 6,Single-Member District,"Dr. Gilberto “Gil” Martinez, Jr.",Trustee,Nov 2022,Nov 2026,Verified,LISD Board of Trustees,https://www.laredoisd.org/o/lisd/page/lisd-board-of-trustees
240901,Laredo ISD,District 7,Single-Member District,Monica Garcia,Trustee,Nov 2024,Nov 2028,Verified,LISD Board of Trustees,https://www.laredoisd.org/o/lisd/page/lisd-board-of-trustees
110902,Levelland ISD,District 1,Single-Member District,Joyce Johnson,Trustee,May 2025,May 2028,Verified,Levelland ISD Board Members,https://www.levellandisd.net/board-members
110902,Levelland ISD,District 2,Single-Member District,Brooke Obenhaus,Trustee,May 2024,May 2027,Verified,Levelland ISD Board Members,https://www.levellandisd.net/board-members
110902,Levelland ISD,District 3,Single-Member District,Mike Stafford,Vice President,May 2025,May 2028,Verified,Levelland ISD Board Members,https://www.levellandisd.net/board-members
110902,Levelland ISD,District 4,Single-Member District,Treva Potter,Secretary,May 2024,May 2027,Verified,Levelland ISD Board Members,https://www.levellandisd.net/board-members
110902,Levelland ISD,District 5,Single-Member District,Matt Buxkemper,Trustee,May 2026,May 2029,Verified,Citizen Portal Report,https://citizenportal.ai/articles/9276753/texas/school-districts/levelland-isd/levelland-isd-swears-in-three-trustees-and-elects-board-officers
110902,Levelland ISD,At-Large (Seat A),At-Large,Carrie Ellis,President,May 2026,May 2029,Verified,Levelland ISD Board Members,https://www.levellandisd.net/board-members
110902,Levelland ISD,At-Large (Seat B),At-Large,Gary Bridges,Trustee,May 2026,May 2029,Verified,Citizen Portal Report,https://citizenportal.ai/articles/9276753/texas/school-districts/levelland-isd/levelland-isd-swears-in-three-trustees-and-elects-board-officers
061902,Lewisville ISD,SMD Place 1,Single-Member District,Allison Lassahn,President,May 2024,May 2027,Verified,LISD Board of Trustees,https://www.lisd.net/our-district/board-of-trustees
061902,Lewisville ISD,SMD Place 2,Single-Member District,Katherine Sells,Secretary,May 2025,May 2028,Verified,LISD Board of Trustees,https://www.lisd.net/our-district/board-of-trustees
061902,Lewisville ISD,SMD Place 3,Single-Member District,Jenny Proznik,Trustee,May 2025,May 2028,Verified,LISD Board of Trustees,https://www.lisd.net/our-district/board-of-trustees
061902,Lewisville ISD,SMD Place 4,Single-Member District,Paige Dixon,Trustee,May 2026,May 2029,Verified,LISD Board Elections,https://www.lisd.net/our-district/board-of-trustees/board-elections/2026-election
061902,Lewisville ISD,SMD Place 5,Single-Member District,Dr. Staci Barker,Trustee,May 2026,May 2029,Verified,LISD Board Elections,https://www.lisd.net/our-district/board-of-trustees/board-elections/2026-election
061902,Lewisville ISD,At-Large Place 6,At-Large,Madison Lopez,Trustee,Nov 2025,May 2027,Verified (Unexp),LISD Place 6 Update,https://www.lisd.net/news/~board/all-district-news/post/at-large-place-6-update
061902,Lewisville ISD,At-Large Place 7,At-Large,Dr. Sheila Taylor,Vice President,May 2025,May 2028,Verified,LISD Board of Trustees,https://www.lisd.net/our-district/board-of-trustees
140904,Littlefield ISD,Precinct 1,Single-Member District,Will Williams,Vice President,May 2024,May 2027,Verified,Littlefield ISD Board,https://www.lfdisd.org/board-members
140904,Littlefield ISD,Precinct 2,Single-Member District,Eric Vargas,Trustee,May 2026,May 2029,Verified,Littlefield ISD Board,https://www.lfdisd.org/board-members
140904,Littlefield ISD,Precinct 3,Single-Member District,Reese Rogers,President,May 2024,May 2027,Verified,Littlefield ISD Board,https://www.lfdisd.org/board-members
140904,Littlefield ISD,Precinct 4,Single-Member District,Cody West,Trustee,May 2026,May 2029,Verified,City Canvass May 2026,https://littlefieldtexas.net/DocumentCenter/View/1091
140904,Littlefield ISD,Precinct 5,Single-Member District,Ben Diaz,Trustee,May 2026,May 2029,Verified,City Canvass May 2026,https://littlefieldtexas.net/DocumentCenter/View/1091
140904,Littlefield ISD,At-Large (Seat A),At-Large,Garry Ozbirn,Secretary,May 2025,May 2028,Verified,Littlefield ISD Board,https://www.lfdisd.org/board-members
140904,Littlefield ISD,At-Large (Seat B),At-Large,Shawna Wagley Hastings,Trustee,May 2025,May 2028,Verified,Littlefield ISD Board,https://www.lfdisd.org/board-members
028902,Lockhart ISD,District #1,Single-Member District,Dr. Barbara Sanchez,Secretary,Nov 2024,Nov 2028,Verified,Lockhart ISD Board,https://www.lockhartisd.org/board-of-trustees/meet-the-board
028902,Lockhart ISD,District #2,Single-Member District,Rene Rayos,Member,Nov 2024,Nov 2028,Verified,Lockhart ISD Board,https://www.lockhartisd.org/board-of-trustees/meet-the-board
028902,Lockhart ISD,District #3,Single-Member District,Sam Lockhart,Member,Nov 2024,Nov 2028,Verified,Lockhart ISD Board,https://www.lockhartisd.org/board-of-trustees/meet-the-board
028902,Lockhart ISD,District #4,Single-Member District,Chris Charles,Member,Nov 2024,Nov 2028,Verified,Lockhart ISD Board,https://www.lockhartisd.org/board-of-trustees/meet-the-board
028902,Lockhart ISD,At Large (Seat A),At-Large,Tom Guyton,Vice President,Nov 2022,Nov 2026,Verified,Election Center,https://www.lockhartisd.org/about-us/election-center
028902,Lockhart ISD,At Large (Seat B),At-Large,Michael Wright,President,Nov 2022,Nov 2026,Verified,Election Center,https://www.lockhartisd.org/about-us/election-center
028902,Lockhart ISD,At Large (Seat C),At-Large,Rebecca Pulliam,Member,Nov 2022,Nov 2026,Verified,Election Center,https://www.lockhartisd.org/about-us/election-center
077902,Lockney ISD,District 1,Single-Member District,Tyler Duniven,Member,May 2024,May 2027,Verified,LISD Election Info,https://files-backend.assets.thrillshare.com/documents/asset/uploaded_file/1567/Lockney_Isd/381d8ff4-bc10-4746-8bfa-60e1f6960313/LISD-25-26-School-Board-Election-Information.pdf?disposition=inline
077902,Lockney ISD,District 2,Single-Member District,Cecilia Alvarado,Member,May 2024,May 2027,Verified,Record Canvass,https://www.floydcountyrecord.com/2024/05/04/lass-and-alvarado-elected-to-lockney-school-board/
077902,Lockney ISD,District 3,Single-Member District,Heath Rexrode,Vice President,May 2025,May 2028,Verified,Ballotpedia District 3,"https://ballotpedia.org/Heath_Rexrode_(Lockney_Independent_School_District,_Precinct_3,_Texas,_candidate_2025"
077902,Lockney ISD,District 4,Single-Member District,Hector Rodriguez,Member,Jun 2026,May 2028,Verified (Appt),LISD June 2026 Minutes,https://files-backend.assets.thrillshare.com/documents/asset/uploaded_file/1567/Lockney_Isd/469b421b-c7a1-4df9-863a-c9a633fbdab7/June-23-2026-School-Board-Minutes-.pdf?disposition=inline
077902,Lockney ISD,District 5,Single-Member District,Shaney Brewer / Samantha Foster,Member,May 2026,May 2029,Verified,Hesperian-Beacon,https://www.hesperianbeacononline.com/news/lockney-isd-cancels-school-board-election
077902,Lockney ISD,At-Large (Seat A),At-Large,Justin Graves,Secretary,May 2025,May 2028,Verified,Record May 2025,https://www.floydcountyrecord.com/2025/05/14/lockney-isd-welcomes-new-school-board-members-and-superintendent/
077902,Lockney ISD,At-Large (Seat B),At-Large,Samantha Foster / Shaney Brewer,Member,May 2026,May 2029,Verified,Record Retiring Trustees,https://www.floydcountyrecord.com/2026/04/25/lockney-isd-board-members-chad-cook-and-tyler-kidd-conclude-nine-years-of-service/
092903,Longview ISD,Place 1 (District I),Single-Member District,Michael Tubb,President,May 2024,May 2027,Verified,Reorg June 2026,https://www.longviewisd.com/article/2977230
092903,Longview ISD,Place 2 (District II),Single-Member District,Brett Miller,Trustee,May 2026,May 2029,Verified,Swearing-In July 2026,https://www.longviewisd.com/article/3048871
092903,Longview ISD,Place 3 (District III),Single-Member District,Dr. Samir Germanwala,Trustee,May 2024,May 2027,Verified,Current Roster,https://www.longviewisd.com/o/bram/article/2262237
092903,Longview ISD,Place 4 (District IV),Single-Member District,Crista Black,Vice President,May 2026,May 2029,Verified,Swearing-In June 2026,https://www.longviewisd.com/article/2977230
092903,Longview ISD,Place 5 (District V),Single-Member District,Lateefah Pruitt,Secretary,May 2025,May 2028,Verified,Reorg June 2026,https://www.longviewisd.com/article/2977230
092903,Longview ISD,Place 6 (District VI),Single-Member District,"Theodore ""Ted"" Beard",Assistant Secretary,May 2025,May 2028,Verified,Reorg June 2026,https://www.longviewisd.com/article/2977230
092903,Longview ISD,Place 7 (District VII),Single-Member District,Dr. Troy Simmons,Trustee,May 2024,May 2027,Verified,Current Roster,https://www.longviewisd.com/o/bram/article/2262237
054902,Lorenzo ISD,Trustee Place 1,Single-Member District,Erasmo Garcia,Member,May 2024,May 2027,Verified,Lorenzo ISD School Board,https://www.lorenzoisd.net/page/board
054902,Lorenzo ISD,Trustee Place 2,Single-Member District,Tony Mendoza,Vice President,May 2024,May 2027,Verified,Lorenzo ISD School Board,https://www.lorenzoisd.net/page/board
054902,Lorenzo ISD,Trustee Place 3,Single-Member District,Brandon Aycock,President,May 2024,May 2027,Verified,Lorenzo ISD School Board,https://www.lorenzoisd.net/page/board
054902,Lorenzo ISD,Trustee Place 4,Single-Member District,Terry DeLeon-Garcia,Member,May 2024,May 2027,Verified,Lorenzo ISD School Board,https://www.lorenzoisd.net/page/board
054902,Lorenzo ISD,Trustee Place 5,Single-Member District,Deborah Kirksey,Secretary,May 2025,May 2028,Verified,Lorenzo ISD School Board,https://www.lorenzoisd.net/page/board
054902,Lorenzo ISD,Trustee At-Large (Seat A),At-Large,Larry Birdwell,Member,May 2023,May 2026,Verified,Board Order Jan 2026,https://www.lorenzoisd.net/upload/common/2026-01-22%20Regular%20Board%20Meeting%20Posting%20b.pdf
054902,Lorenzo ISD,Trustee At-Large (Seat B),At-Large,Rebeca Mendoza,Member,May 2023,May 2026,Verified,Board Order Jan 2026,https://www.lorenzoisd.net/upload/common/2026-01-22%20Regular%20Board%20Meeting%20Posting%20b.pdf
152901,Lubbock ISD,District 1,Single-Member District,Lala Chavez,Secretary,May 2024,May 2028,Verified,LISD Board Directory,https://www.lubbockisd.org/o/lisd/page/board-of-trustees
152901,Lubbock ISD,District 2,Single-Member District,Mary Ann Lawson,Trustee,May 2024,May 2028,Verified,LISD Board Directory,https://www.lubbockisd.org/o/lisd/page/board-of-trustees
152901,Lubbock ISD,District 3,Single-Member District,Jason Ratliff,Vice President,May 2026,May 2030,Verified,LISD Board Directory,https://www.lubbockisd.org/o/lisd/page/board-of-trustees
152901,Lubbock ISD,District 4,Single-Member District,James Perrin,Trustee,May 2026,May 2030,Verified,LISD Board Directory,https://www.lubbockisd.org/o/lisd/page/board-of-trustees
152901,Lubbock ISD,District 5,Single-Member District,John Weddige,Trustee,May 2024,May 2028,Verified,LISD Board Directory,https://www.lubbockisd.org/o/lisd/page/board-of-trustees
152901,Lubbock ISD,At-Large (Seat A),At-Large,Nancy Sharp,President,May 2024,May 2028,Verified,LISD Board Directory,https://www.lubbockisd.org/o/lisd/page/board-of-trustees
152901,Lubbock ISD,At-Large (Seat B),At-Large,Mitzi Ziegner,Trustee,May 2026,May 2030,Verified,LISD Board Directory,https://www.lubbockisd.org/o/lisd/page/board-of-trustees
007904,Lytle ISD,SMD 1,Single-Member District,Mae Flores,Secretary,May 2025,May 2028,Verified,Lytle ISD Board,https://www.lytleisd.org/page/board-of-trustees
007904,Lytle ISD,SMD 2,Single-Member District,Jeremy Davenport,Trustee,May 2024,May 2027,Verified,Lytle ISD Board,https://www.lytleisd.org/page/board-of-trustees
007904,Lytle ISD,SMD 3,Single-Member District,Bobby Sollock,Vice President,May 2022,May 2026,Verified,Lytle ISD Board,https://www.lytleisd.org/page/board-of-trustees
007904,Lytle ISD,SMD 4,Single-Member District,Eva Burley,Trustee,May 2025,May 2026,Verified (Unexp),Trustee Burley Bio,https://www.lytleisd.org/page/board-of-trustees-eva-burley
007904,Lytle ISD,SMD 5,Single-Member District,Bobby Duty,Trustee,May 2024,May 2027,Verified,Lytle ISD Board,https://www.lytleisd.org/page/board-of-trustees
007904,Lytle ISD,SMD 6,Single-Member District,Reagan Wagner,President,May 2025,May 2028,Verified,Lytle ISD Board,https://www.lytleisd.org/page/board-of-trustees
007904,Lytle ISD,SMD 7,Single-Member District,Alan Brown,Trustee,May 2025,May 2028,Verified,Lytle ISD Board,https://www.lytleisd.org/page/board-of-trustees
073903,Marlin ISD,Place 1 (District 1),Single-Member District,Debra Levels-McDavid,Trustee,May 2026,May 2029,Verified,Marlin ISD Board Directory,https://www.marlinisd.org/board-of-trustees
073903,Marlin ISD,District 2 (Place 2),Single-Member District,Misty Ehlers,Trustee,May 2026,May 2029,Verified,Marlin ISD Board Directory,https://www.marlinisd.org/board-of-trustees
073903,Marlin ISD,Place 3 (District 3),Single-Member District,Winnette Outland,Secretary,May 2025,May 2027,Verified,Marlin ISD Board Directory,https://www.marlinisd.org/board-of-trustees
073903,Marlin ISD,Place 4 (District 4),Single-Member District,Sharon Tomlinson,Trustee,May 2025,May 2027,Verified,Marlin ISD Board Directory,https://www.marlinisd.org/board-of-trustees
073903,Marlin ISD,Place 5 (District 5),Single-Member District,Debra Trotter,Trustee,May 2025,May 2028,Verified,Marlin ISD Board Directory,https://www.marlinisd.org/board-of-trustees
073903,Marlin ISD,Member at Large (Seat A),At-Large,Byrleen Terry,President,May 2026,May 2029,Verified,Marlin ISD Board Directory,https://www.marlinisd.org/board-of-trustees
073903,Marlin ISD,Member at Large (Seat B),At-Large,Rosalyn Dimerson,Vice President,May 2026,May 2029,Verified,Marlin ISD Board Directory,https://www.marlinisd.org/board-of-trustees
102902,Marshall ISD,District 1,Single-Member District,Bettye Fisher,Assistant Secretary,May 2026,May 2029,Verified,Marshall ISD School Board,https://www.marshallisd.com/page/school-board
102902,Marshall ISD,District 2,Single-Member District,Matt Coleman,Trustee,Jul 2026,May 2027,Verified (Unexp),Marshall ISD Live Feed,https://www.marshallisd.com/live_feeds/12677280
102902,Marshall ISD,District 3,Single-Member District,Lee Lewis,Trustee,May 2025,May 2028,Verified,Marshall ISD School Board,https://www.marshallisd.com/page/school-board
102902,Marshall ISD,District 4,Single-Member District,Ted Huffhines,Vice President,May 2026,May 2029,Verified,Marshall ISD School Board,https://www.marshallisd.com/page/school-board
102902,Marshall ISD,District 5,Single-Member District,Chase Palmer,Secretary,May 2026,May 2029,Verified,Marshall ISD School Board,https://www.marshallisd.com/page/school-board
102902,Marshall ISD,At-Large (Seat A),At-Large,Brad Burris,President,May 2024,May 2027,Verified,Marshall ISD School Board,https://www.marshallisd.com/page/school-board
102902,Marshall ISD,At-Large (Seat B),At-Large,Cathy Marshall,Trustee,May 2024,May 2027,Verified,Marshall ISD School Board,https://www.marshallisd.com/page/school-board
157901,Mason ISD,SMD #1,Single-Member District,Diamantina Cantu Navarro,Secretary,May 2024,May 2027,Verified,Mason ISD Board Members,https://www.masonisd.net/board-members
157901,Mason ISD,SMD #2,Single-Member District,Joe D. Langehennig,President,May 2024,May 2027,Verified,Mason ISD Board Members,https://www.masonisd.net/board-members
157901,Mason ISD,SMD #3,Single-Member District,Pam Kruse,Vice President,May 2024,May 2027,Verified,Mason ISD Board Members,https://www.masonisd.net/board-members
157901,Mason ISD,SMD #4,Single-Member District,Eric D. Buell,Trustee,May 2025,May 2028,Verified,Mason ISD Board Members,https://www.masonisd.net/board-members
157901,Mason ISD,SMD #5,Single-Member District,Liz Rich,Trustee,May 2025,May 2028,Verified,Mason ISD Board Members,https://www.masonisd.net/board-members
157901,Mason ISD,At-Large (Seat A),At-Large,Kathryn Martin,Trustee,May 2026,May 2029,Verified,Mason ISD Elections,https://www.masonisd.net/elections
157901,Mason ISD,At-Large (Seat B),At-Large,Joe David Yates,Trustee,May 2026,May 2029,Verified,KNEL Radio Election Coverage,https://www.knelradio.com/local/early-voting-begins-for-may-2-mason-city-misd-elections/
231901,McCamey ISD,District 1,Single-Member District,Amber Selby,President,May 2024,May 2027,Verified,MISD School Board,https://www.mcisd.esc18.net/page/misd-school-board
231901,McCamey ISD,District 2,Single-Member District,Gerard Renteria,Trustee,May 2026,May 2029,Verified,BoardBook Minutes May 2026,https://meetings.boardbook.org/Documents/DownloadPDF/11729144?org=2015
231901,McCamey ISD,District 3,Single-Member District,"Ramon Venegas, III",Trustee,May 2024,May 2027,Verified,MISD School Board,https://www.mcisd.esc18.net/page/misd-school-board
231901,McCamey ISD,District 4,Single-Member District,Robert Silva,Vice President,May 2024,May 2027,Verified,BoardBook Minutes May 2026,https://meetings.boardbook.org/Documents/DownloadPDF/11729144?org=2015
231901,McCamey ISD,District 5,Single-Member District,Sarah Acosta,Secretary,May 2025,May 2028,Verified,Citizen Portal Canvass,https://citizenportal.ai/articles/9175023/Texas/School-Districts/MCCAMEY-ISD/McCamey-ISD-board-certifies-May-3-trustee-election-and-swears-in-two-trustees
231901,McCamey ISD,At-Large Position 6,At-Large,Brandon Butler,Trustee,May 2025,May 2028,Verified,Citizen Portal Canvass,https://citizenportal.ai/articles/9175023/Texas/School-Districts/MCCAMEY-ISD/McCamey-ISD-board-certifies-May-3-trustee-election-and-swears-in-two-trustees
231901,McCamey ISD,At-Large Position 7,At-Large,Michael Segura,Trustee,May 2026,May 2029,Verified,Citizen Portal Swearing-In,https://citizenportal.ai/articles/9087489/texas/school-districts/mccamey-isd/mccamey-isd-certifies-may-2-election-swears-in-atlarge-trustee-and-elects-officers
043907,McKinney ISD,Place 1,Single-Member District,Larry Jagours,Trustee,May 2025,May 2029,Verified,MISD Swearing-In Report,https://www.mckinneyisd.net/article/2212316
043907,McKinney ISD,Place 2,Single-Member District,Kenneth Ussery,Trustee,May 2025,May 2029,Verified,MISD Swearing-In Report,https://www.mckinneyisd.net/article/2212316
043907,McKinney ISD,Place 3,Single-Member District,Corey Homer,Trustee,May 2025,May 2029,Verified,Corey Homer Profile,https://www.mckinneyisd.net/page/corey-homer
043907,McKinney ISD,Place 4,Single-Member District,Amy Dankel,President,May 2023,May 2027,Verified,MISD Board of Trustees,https://www.mckinneyisd.net/page/board-of-trustees
043907,McKinney ISD,Place 5,Single-Member District,Lynn Sperry,Secretary,May 2023,May 2027,Verified,MISD Board of Trustees,https://www.mckinneyisd.net/page/board-of-trustees
043907,McKinney ISD,Place 6,At-Large,Stephanie O'Dell,Trustee,May 2023,May 2027,Verified,MISD Board of Trustees,https://www.mckinneyisd.net/page/board-of-trustees
043907,McKinney ISD,Place 7,At-Large,Harvey Oaxaca,Vice President,May 2025,May 2029,Verified,MISD Swearing-In Report,https://www.mckinneyisd.net/article/2212316
163908,Medina Valley ISD,District 1,Single-Member District,Ben Juarez,Trustee,May 2025,May 2027,Verified (Unexp),MVISD School Board,https://www.mvisd.com/apps/pages/index.jsp?uREC_ID=2204972&type=d
163908,Medina Valley ISD,District 2,Single-Member District,Joe Biediger,Secretary,May 2024,May 2027,Verified,MVISD School Board,https://www.mvisd.com/apps/pages/index.jsp?uREC_ID=2204972&type=d
163908,Medina Valley ISD,District 3,Single-Member District,Matthew Castiglione,Trustee,May 2025,May 2028,Verified,MVISD School Board,https://www.mvisd.com/apps/pages/index.jsp?uREC_ID=2204972&type=d
163908,Medina Valley ISD,District 4,Single-Member District,Suzanne Lee,Trustee,May 2025,May 2028,Verified,MVISD School Board,https://www.mvisd.com/apps/pages/index.jsp?uREC_ID=2204972&type=d
163908,Medina Valley ISD,District 5,Single-Member District,Kelly Van Sickle,Trustee,Jun 2026,May 2027,Verified (Appt),MVISD SMD 5 Appointment Notice,https://medinavalleyhs.mvisd.com/apps/news/
163908,Medina Valley ISD,At-Large (Seat A),At-Large,Nathan Fillinger,President,May 2026,May 2029,Verified,San Antonio Report Canvass,https://sanantonioreport.org/medina-valley-isd-school-board-election-results-2026/
163908,Medina Valley ISD,At-Large (Seat B),At-Large,Blane Nash,Vice President,May 2026,May 2029,Verified,San Antonio Report Canvass,https://sanantonioreport.org/medina-valley-isd-school-board-election-results-2026/
164901,Menard ISD,SMD 1,Single-Member District,Arnold Saucedo,Trustee,May 2026,May 2029,Verified,Menard ISD School Board,https://www.menardisd.net/page/school-board
164901,Menard ISD,SMD 2,Single-Member District,Steve Terrell,President,May 2024,May 2027,Verified,Menard ISD School Board,https://www.menardisd.net/page/school-board
164901,Menard ISD,SMD 3,Single-Member District,Willy Wright,Vice President,May 2024,May 2027,Verified,Menard ISD School Board,https://www.menardisd.net/page/school-board
164901,Menard ISD,SMD 4,Single-Member District,Butch Aguilar,Trustee,May 2025,May 2028,Verified,Menard ISD School Board,https://www.menardisd.net/page/school-board
164901,Menard ISD,SMD 5,Single-Member District,Jose Osornio,Trustee,May 2024,May 2027,Verified,Menard ISD School Board,https://www.menardisd.net/page/school-board
164901,Menard ISD,SMD 6,Single-Member District,Susie Lyckman,Secretary,May 2025,May 2028,Verified,Menard ISD School Board,https://www.menardisd.net/page/school-board
164901,Menard ISD,SMD 7,Single-Member District,John Compton,Trustee,May 2026,May 2029,Verified,Menard ISD School Board,https://www.menardisd.net/page/school-board
165901,Midland ISD,District 1,Single-Member District,Michael Booker,Vice President,Nov 2024,Nov 2028,Verified,MISD June 2026 Release,https://www.midlandisd.net/p/~board/district-news-releases-communications-40866/post/midland-isd-hosts-topping-out-ceremony-for-midland-lee-high-school
165901,Midland ISD,District 2,Single-Member District,Angel Hernandez,Trustee,Nov 2024,Nov 2028,Verified,Ballotpedia Midland ISD,"https://ballotpedia.org/Midland_Independent_School_District,_Texas"
165901,Midland ISD,District 3,Single-Member District,Tommy Bishop,Trustee,Nov 2022,Nov 2026,Verified,Midland ISD Elections 2026,https://www.midlandisd.net/school-board/elections-2026
165901,Midland ISD,District 4,Single-Member District,Dr. Matt Friez,Trustee,Nov 2024,Nov 2028,Verified,MISD Policy Committee,https://www.midlandisd.net/departments/communications/policy-committee
165901,Midland ISD,District 5,Single-Member District,Brandon Hodges,Trustee,Nov 2022,Nov 2026,Verified,MISD Required Postings,https://www.midlandisd.net/school-board/required-postings
165901,Midland ISD,District 6,Single-Member District,Sara Burleson,Secretary,Nov 2022,Nov 2026,Verified,Midland ISD Elections 2026,https://www.midlandisd.net/school-board/elections-2026
165901,Midland ISD,District 7,Single-Member District,Josh Guinn,President,Nov 2024,Nov 2028,Verified,MISD Policy Committee,https://www.midlandisd.net/departments/communications/policy-committee
238902,Monahans-Wickett-Pyote ISD,District 1,Single-Member District,Beau Harris,Trustee,May 2026,May 2029,Verified,MWPISD 2026 Election Results,https://www.mwpisd.esc18.net/371276_2
238902,Monahans-Wickett-Pyote ISD,District 2,Single-Member District,Antonio Ontiveros,Trustee,May 2025,May 2028,Verified,MWPISD Order of Cancellation,https://citizenportal.ai/articles/9394410/texas/school-districts/monahans-wickett-pyote-isd/mwpisd-board-cancels-unopposed-school-board-elections-in-districts-2-and-5
238902,Monahans-Wickett-Pyote ISD,District 3,Single-Member District,Anthony Calbo,Trustee,May 2026,May 2029,Verified,MWPISD Canvass Agenda,https://meetings.boardbook.org/Public/Agenda/1958?meeting=741934
238902,Monahans-Wickett-Pyote ISD,District 4,Single-Member District,Roy Porras,Alternate Secretary,May 2025,May 2028,Verified,"June 1, 2026 Minutes",https://citizenportal.ai/source/9393795/june-1-2026-at-630-pm-minutes
238902,Monahans-Wickett-Pyote ISD,District 5,Single-Member District,Armando Flores,Vice President,May 2026,May 2029,Verified,"June 1, 2026 Minutes",https://citizenportal.ai/source/9393795/june-1-2026-at-630-pm-minutes
238902,Monahans-Wickett-Pyote ISD,District 6,Single-Member District,Nancy Upchurch,Secretary,May 2024,May 2027,Verified,MWPISD 2024 Election Page,https://www.mwpisd.esc18.net/100960_2
238902,Monahans-Wickett-Pyote ISD,District 7,Single-Member District,Dr. Josh Swarb,President,May 2024,May 2027,Verified,"June 1, 2026 Minutes",https://citizenportal.ai/source/9393795/june-1-2026-at-630-pm-minutes
009901,Muleshoe ISD,District 1,Single-Member District,Steve Clifton,Member,May 2024,May 2027,Verified,Muleshoe ISD Board,https://www.muleshoeisd.net/page/contact-the-board
009901,Muleshoe ISD,District 2,Single-Member District,Chad Beall,Member,May 2026,May 2029,Verified,May 2026 Official Results,https://www.muleshoeisd.net/article/2873419
009901,Muleshoe ISD,District 3,Single-Member District,Raquel Kirven,Secretary,May 2026,May 2029,Verified,May 2026 Official Results,https://www.muleshoeisd.net/article/2873419
009901,Muleshoe ISD,District 4,Single-Member District,Madeline Hettinga,Member,Jul 2026,May 2027,Verified (Appt),"July 9, 2026 Minutes",https://citizenportal.ai/source/9280570/july-9-2026-at-700-pm-minutes
009901,Muleshoe ISD,District 5,Single-Member District,Jesus Tovar,Vice President,May 2026,May 2029,Verified,March 2026 Cancellation Order,https://citizenportal.ai/articles/9321812/texas/school-districts/muleshoe-isd/board-appoints-election-judges-approves-dna-local-review-and-cancels-district-5-race
009901,Muleshoe ISD,At-Large (Seat A),At-Large,Kevin Morris,President,May 2025,May 2028,Verified,Muleshoe ISD Board,https://www.muleshoeisd.net/page/contact-the-board
009901,Muleshoe ISD,At-Large (Seat B),At-Large,Ashley Turnbow,Member,May 2025,May 2028,Verified,Muleshoe ISD Board,https://www.muleshoeisd.net/page/contact-the-board
174904,Nacogdoches ISD,District I,Single-Member District,Rev. James A. Ervin,Trustee,May 2025,May 2028,Verified,NISD May 2025 Results,https://www.nacisd.org/article/2188578
174904,Nacogdoches ISD,District II,Single-Member District,Leabeth Abt,Vice President,May 2026,May 2029,Verified,NISD May 2026 Results,https://www.nacisd.org/article/2861857
174904,Nacogdoches ISD,District III,Single-Member District,Demond Jackson,Trustee,May 2026,May 2029,Verified,NISD May 2026 Results,https://www.nacisd.org/article/2861857
174904,Nacogdoches ISD,District IV,Single-Member District,"Dr. T.C. Grohman, M.D.",Trustee,May 2024,May 2027,Verified,NISD Swearing-In Report,https://www.nacisd.org/article/1600411
174904,Nacogdoches ISD,District V,Single-Member District,Mindy Winslow,President,May 2024,May 2027,Verified,NISD Reorganization Report,https://citizenportal.ai/articles/9281347/Texas/School-Districts/NACOGDOCHES-ISD/Nacogdoches-ISD-board-elects-Winslow-president-Abt-vice-president-Brady-secretary
174904,Nacogdoches ISD,District At-Large (Seat A),At-Large,Cheryl D. Brady,Secretary,May 2025,May 2028,Verified,NISD May 2025 Results,https://www.nacisd.org/article/2188578
174904,Nacogdoches ISD,District At-Large (Seat B),At-Large,Farshid Niroumand,Trustee,May 2026,May 2029,Verified,NISD May 2026 Results,https://www.nacisd.org/article/2861857
046901,New Braunfels ISD,District 1,Single-Member District,Morgan Renaud,Secretary,May 2025,May 2028,Verified,NBISD Board of Trustees,https://nbisd.org/about-nbisd/board/
046901,New Braunfels ISD,District 2,Single-Member District,Nancy York,President,May 2026,May 2029,Verified,NBISD Board Briefs March 2026,https://nbisd.org/news/board-briefs-march-2026/
046901,New Braunfels ISD,District 3,Single-Member District,Eric Bergquist,Trustee,May 2024,May 2027,Verified,NBISD Board of Trustees,https://nbisd.org/about-nbisd/board/
046901,New Braunfels ISD,District 4,Single-Member District,John E. Tucker,Trustee,May 2026,May 2029,Verified,NBISD Board Briefs March 2026,https://nbisd.org/news/board-briefs-march-2026/
046901,New Braunfels ISD,District 5,Single-Member District,Steve Minus,Trustee,May 2024,May 2027,Verified,NBISD Board of Trustees,https://nbisd.org/about-nbisd/board/
046901,New Braunfels ISD,At-Large (Seat A),At-Large,Kim Goodwin,Vice President,May 2025,May 2028,Verified,NBISD Board of Trustees,https://nbisd.org/about-nbisd/board/
046901,New Braunfels ISD,At-Large (Seat B),At-Large,Megan Stratemann-Willis,Trustee,May 2025,May 2028,Verified,NBISD Board of Trustees,https://nbisd.org/about-nbisd/board/
015910,North East ISD,District 1,Single-Member District,Lisa Thompson,Secretary,May 2024,May 2028,Verified,Lisa Thompson Profile,https://www.neisd.net/About-NEISD/Leadership-and-Governance/Board-of-Trustees/Board-Information/Lisa-Thompson/
015910,North East ISD,District 2,Single-Member District,Tracie Shelton,Trustee,May 2026,May 2030,Verified,Tracie Shelton Profile,https://www.neisd.net/About-NEISD/Leadership-and-Governance/Board-of-Trustees/Board-Information/Tracie-Shelton/
015910,North East ISD,District 3,Single-Member District,Michael Wulczyn,Trustee,May 2026,May 2030,Verified,Michael Wulczyn Profile,https://www.neisd.net/About-NEISD/Leadership-and-Governance/Board-of-Trustees/Board-Information/Michael-Wulczyn/index.html
015910,North East ISD,District 4,Single-Member District,David Beyer,President,May 2024,May 2028,Verified,David Beyer Profile,https://www.neisd.net/About-NEISD/Leadership-and-Governance/Board-of-Trustees/Board-Information/David-Beyer/
015910,North East ISD,District 5,Single-Member District,Melinda Cox,Trustee,May 2024,May 2028,Verified,Melinda Cox Profile,https://www.neisd.net/About-NEISD/Leadership-and-Governance/Board-of-Trustees/Board-Information/Melinda-Cox/
015910,North East ISD,District 6,Single-Member District,Terri Chidgey,Vice President,May 2024,May 2028,Verified,Terri Chidgey Profile,https://www.neisd.net/About-NEISD/Leadership-and-Governance/Board-of-Trustees/Board-Information/Terri-Chidgey/
015910,North East ISD,District 7,Single-Member District,Caprice Garcia,Trustee,May 2026,May 2030,Verified,Caprice Garcia Profile,https://www.neisd.net/About-NEISD/Leadership-and-Governance/Board-of-Trustees/Board-Information/Caprice-Garcia/
015915,Northside ISD,District 1,Single-Member District,David Salcido,Trustee,May 2023,May 2027,Verified,NISD Board Members,https://www.nisd.net/board/members
015915,Northside ISD,District 2,Single-Member District,Dr. Sonia Jasso,President,May 2025,May 2027,Verified (Unexp),NISD Board Members,https://www.nisd.net/board/members
015915,Northside ISD,District 3,Single-Member District,Dr. Karla Duran,Secretary,May 2023,May 2027,Verified,NISD Board Members,https://www.nisd.net/board/members
015915,Northside ISD,District 4,Single-Member District,"Robert ""Bobby"" Blount, Jr.",Trustee,May 2023,May 2027,Verified,NISD Board Members,https://www.nisd.net/board/members
015915,Northside ISD,District 5,Single-Member District,Laura Zapata,Vice President,May 2025,May 2029,Verified,NISD Board Members,https://www.nisd.net/board/members
015915,Northside ISD,District 6,Single-Member District,"Carol Harle, Ph.D.",Trustee,May 2025,May 2029,Verified,NISD Board Members,https://www.nisd.net/board/members
015915,Northside ISD,District 7,Single-Member District,Karen Freeman,Trustee,May 2025,May 2029,Verified,NISD Board Members,https://www.nisd.net/board/members
139909,Paris ISD,Place 1 (District 1),Single-Member District,LaWanda Ladell,Member,May 2024,May 2027,Verified,Paris ISD Board Directory,https://www.parisisd.net/153877_2
139909,Paris ISD,Place 2 (District 2),Single-Member District,Clifton Fendley,Vice President,May 2026,May 2029,Verified,Order of Cancellation May 2026,https://www.parisisd.net/153896_2
139909,Paris ISD,Place 3 (District 3),Single-Member District,Terry Davis,Secretary,May 2025,May 2028,Verified,Paris ISD Board Directory,https://www.parisisd.net/153877_2
139909,Paris ISD,Place 4 (District 4),Single-Member District,Mandeep Chatha-Homer,President,May 2026,May 2029,Verified,Order of Cancellation May 2026,https://www.parisisd.net/153896_2
139909,Paris ISD,Place 5 (District 5),Single-Member District,Anne Biard,Member,May 2026,May 2029,Verified,Order of Cancellation May 2026,https://www.parisisd.net/153896_2
139909,Paris ISD,Place 6 (District 6),Single-Member District,Aubrey Gibbs,Member,May 2024,May 2027,Verified,Paris ISD Board Directory,https://www.parisisd.net/153877_2
139909,Paris ISD,Place 7 (District 7),Single-Member District,Cliff Kerby,Member,May 2025,May 2028,Verified,Paris ISD Board Directory,https://www.parisisd.net/153877_2
251902,Plains ISD,Place 1,Single-Member District,Bill Robles,President,May 2024,May 2027,Verified,Plains ISD School Board,https://www.plainsisd.net/page/school-board-information
251902,Plains ISD,Place 2,Single-Member District,Brandi Lopez,Trustee,May 2025,May 2028,Verified,Plains ISD School Board,https://www.plainsisd.net/page/school-board-information
251902,Plains ISD,Place 3,Single-Member District,Patrick Hogue,Secretary,May 2026,May 2029,Verified,Plains ISD Elections,https://www.plainsisd.net/page/school-board-elections
251902,Plains ISD,Place 4,Single-Member District,Chase Guetersloh,Trustee,May 2026,May 2029,Verified,July 2026 Board Minutes,https://meetings.boardbook.org/Documents/DownloadPDF/14335044?org=823
251902,Plains ISD,Place 5,Single-Member District,Jared Bell,Trustee,May 2024,May 2027,Verified,Plains ISD School Board,https://www.plainsisd.net/page/school-board-information
251902,Plains ISD,Place 6 (At Large),At-Large,Shayne Griffiths,Trustee,May 2024,May 2027,Verified,Plains ISD School Board,https://www.plainsisd.net/page/school-board-information
251902,Plains ISD,Place 7 (At Large),At-Large,Stacy Franklin,Vice President,May 2026,May 2029,Verified,Plains ISD School Board,https://www.plainsisd.net/page/school-board-information
095905,Plainview ISD,Precinct 1,Single-Member District,Adam Soto,President,May 2024,May 2028,Verified,Plainview ISD Board,https://www.plainviewisd.org/page/board-of-trustees
095905,Plainview ISD,Precinct 2,Single-Member District,Sofia Rivera,Secretary,May 2026,May 2030,Verified,Plainview ISD Results,https://www.plainviewisd.org/live_feeds/12201266
095905,Plainview ISD,Precinct 3,Single-Member District,Sabrie Villegas,Trustee,May 2026,May 2030,Verified,Plainview ISD Results,https://www.plainviewisd.org/live_feeds/12201266
095905,Plainview ISD,Precinct 4,Single-Member District,Tiffany Wilhelm,Trustee,May 2026,May 2030,Verified,Plainview ISD 2026 Filings,https://www.plainviewisd.org/documents/district/election/2026-election/26574311
095905,Plainview ISD,Precinct 5,Single-Member District,Chelsea Hatch,Trustee,May 2026,May 2030,Verified,Plainview ISD Results,https://www.plainviewisd.org/live_feeds/12201266
095905,Plainview ISD,Precinct 6,Single-Member District,Veronica Salazar,Trustee,May 2024,May 2028,Verified,Plainview ISD Board,https://www.plainviewisd.org/page/board-of-trustees
095905,Plainview ISD,Precinct 7,Single-Member District,Sylvia De La Garza,Trustee,May 2024,May 2028,Verified,TASB Governance Profile,https://www.tasbrmf.org/about/governance
007905,Pleasanton ISD,District 1,Single-Member District,Amanda K. Pawelek,Trustee,May 2025,May 2029,Verified,Pleasanton ISD Board Members,https://www.pisd.us/page/board-members
007905,Pleasanton ISD,District 2,Single-Member District,Robert E. Serna Jr.,Trustee,May 2023,May 2027,Verified,Pleasanton ISD Board Members,https://www.pisd.us/page/board-members
007905,Pleasanton ISD,District 3,Single-Member District,"Patrick Hurley, Jr.",Vice President,May 2025,May 2029,Verified,Pleasanton ISD Board Members,https://www.pisd.us/page/board-members
007905,Pleasanton ISD,District 4,Single-Member District,Loren Gillespie,Trustee,May 2023,May 2027,Verified,Pleasanton ISD Board Members,https://www.pisd.us/page/board-members
007905,Pleasanton ISD,District 5,Single-Member District,Ralph Unger,President,May 2023,May 2027,Verified,May 2026 Reorganization,https://citizenportal.ai/articles/9276231/texas/school-districts/pleasanton-isd/pleasanton-isd-board-reorganizes-leadership-elects-ralph-unger-president
007905,Pleasanton ISD,District 6,Single-Member District,Jessica Tom,Secretary,May 2025,May 2029,Verified,Pleasanton ISD Board Members,https://www.pisd.us/page/board-members
007905,Pleasanton ISD,District 7,Single-Member District,Pete J. Pawelek,Trustee,May 2023,May 2027,Verified,Pleasanton ISD Board Members,https://www.pisd.us/page/board-members
054903,Ralls ISD,Place 1,Single-Member District,Virginia Torres,Secretary,May 2024,May 2027,Verified,Ralls ISD School Board,https://www.rallsisd.org/apps/pages/index.jsp?uREC_ID=216873&type=d&pREC_ID=477822
054903,Ralls ISD,Place 2,Single-Member District,Elsie Colon,Trustee,May 2023,May 2026,Verified,Ralls ISD School Board,https://www.rallsisd.org/apps/pages/index.jsp?uREC_ID=216873&type=d&pREC_ID=477822
054903,Ralls ISD,Place 3,Single-Member District,Jesus Torres,Trustee,May 2025,May 2028,Verified,Ralls ISD School Board,https://www.rallsisd.org/apps/pages/index.jsp?uREC_ID=216873&type=d&pREC_ID=477822
054903,Ralls ISD,Place 4,Single-Member District,Mateo Cavazos,Trustee,May 2025,May 2028,Verified,Ralls ISD School Board,https://www.rallsisd.org/apps/pages/index.jsp?uREC_ID=216873&type=d&pREC_ID=477822
054903,Ralls ISD,Place 5,Single-Member District,Aunie Sellers,President,May 2024,May 2027,Verified,Ralls ISD School Board,https://www.rallsisd.org/apps/pages/index.jsp?uREC_ID=216873&type=d&pREC_ID=477822
054903,Ralls ISD,At Large (Seat A),At-Large,Teisha Laminack,Member,May 2025,May 2028,Verified,Ralls ISD School Board,https://www.rallsisd.org/apps/pages/index.jsp?uREC_ID=216873&type=d&pREC_ID=477822
054903,Ralls ISD,At Large (Seat B),At-Large,Ed Logan,Vice President,May 2023,May 2026,Verified,Ralls ISD School Board,https://www.rallsisd.org/apps/pages/index.jsp?uREC_ID=216873&type=d&pREC_ID=477822
192901,Reagan County ISD,District 1,Single-Member District,Freddy Acevedo,Trustee,Nov 2022,Nov 2026,Verified,NewsWest 9 Election Guide,https://www.newswest9.com/article/news/politics/elections/election-day-is-nov-8/513-0ddc8956-7648-478a-9b08-387bb1403151
192901,Reagan County ISD,District 2,Single-Member District,Jose Yanez Jr.,Trustee,Nov 2024,Nov 2028,Verified,Ballotpedia District 2 Race,"https://ballotpedia.org/Jose_Yanez_Jr._(Reagan_County_Independent_School_District,_SMD_2,_Texas,_candidate_2024"
192901,Reagan County ISD,District 3,Single-Member District,Ruben Martinez,Trustee,Nov 2024,Nov 2028,Verified,Big Lake Wildcat Notice,"https://www.mybiglake.com/stories/filing-underway-in-school-board-election,77215"
192901,Reagan County ISD,District 4,Single-Member District,Felix Sanchez,Trustee,Nov 2024,Nov 2028,Verified,BoardBook Minutes,https://meetings.boardbook.org/Documents/DownloadPDF/3128895?org=799
192901,Reagan County ISD,District 5,Single-Member District,"John ""Billy"" Hodge, Jr.",Secretary,Nov 2022,Nov 2026,Verified,NewsWest 9 Election Guide,https://www.newswest9.com/article/news/politics/elections/election-day-is-nov-8/513-0ddc8956-7648-478a-9b08-387bb1403151
192901,Reagan County ISD,District 6,Single-Member District,Aaron Gunnels,President,Nov 2022,Nov 2026,Verified,NewsWest 9 Election Guide,https://www.newswest9.com/article/news/politics/elections/election-day-is-nov-8/513-0ddc8956-7648-478a-9b08-387bb1403151
192901,Reagan County ISD,District 7,Single-Member District,JJ Weatherby,Vice President,Nov 2024,Nov 2028,Verified,BoardBook Minutes,https://meetings.boardbook.org/Documents/DownloadPDF/3128895?org=799
152903,Slaton ISD,District 1,Single-Member District,Gabriel Johnson,Trustee,May 2024,May 2027,Verified,Slaton ISD Board,https://www.slatonisd.net/51936_2
152903,Slaton ISD,District 2,Single-Member District,Jaime Diaz,Trustee,May 2024,May 2027,Verified,Slaton ISD Board,https://www.slatonisd.net/51936_2
152903,Slaton ISD,District 3,Single-Member District,Alex Tarin,Trustee,May 2026,May 2029,Verified,Slaton ISD Board,https://www.slatonisd.net/51936_2
152903,Slaton ISD,District 4,Single-Member District,Carlos Bentancourt,President,May 2026,May 2029,Verified,Slaton ISD Board,https://www.slatonisd.net/51936_2
152903,Slaton ISD,District 5,Single-Member District,Greg Schilling,Trustee,May 2024,May 2027,Verified,Slaton ISD Board,https://www.slatonisd.net/51936_2
152903,Slaton ISD,At-Large (Seat A),At-Large,Kara Newcomb,Vice President,May 2025,May 2028,Verified,Slaton ISD Board,https://www.slatonisd.net/51936_2
152903,Slaton ISD,At-Large (Seat B),At-Large,Emily Hargrave,Secretary,May 2025,May 2028,Verified,Slaton ISD Board,https://www.slatonisd.net/51936_2
208902,Snyder ISD,Place 1,Single-Member District,Michael Rodriquez,Trustee,May 2026,May 2029,Verified,Snyder ISD Board,https://www.snyderisd.net/page/board-of-trustees
208902,Snyder ISD,Place 2,Single-Member District,Brad Hinton,Trustee,May 2024,May 2027,Verified,Snyder ISD Board,https://www.snyderisd.net/page/board-of-trustees
208902,Snyder ISD,Place 3,Single-Member District,Ralph Ramon,President,May 2024,May 2027,Verified,May 2026 Reorganization,https://citizenportal.ai/articles/9269225/texas/school-districts/snyder-isd/ralph-ramon-elected-board-president-haley-leatherwood-chosen-vice-president-and-jennifer-taylor-named-secretary
208902,Snyder ISD,Place 4,Single-Member District,Nick Barboza,Trustee,May 2026,May 2029,Verified,May 2026 Swearing-In Report,https://citizenportal.ai/articles/9269227/texas/school-districts/snyder-isd/snyder-isd-school-board-certifies-may-2-election-two-new-members-sworn-in
208902,Snyder ISD,Place 5,Single-Member District,Haley Leatherwood,Vice President,May 2026,May 2029,Verified,May 2026 Reorganization,https://citizenportal.ai/articles/9269225/texas/school-districts/snyder-isd/ralph-ramon-elected-board-president-haley-leatherwood-chosen-vice-president-and-jennifer-taylor-named-secretary
208902,Snyder ISD,At-Large (Seat A),At-Large,Chad Arnwine,Trustee,May 2025,May 2028,Verified,May 2025 Sample Ballot,https://core-docs.s3.us-east-1.amazonaws.com/documents/asset/uploaded_file/1073/Snyder/5470285/Sample_Ballot.pdf
208902,Snyder ISD,At-Large (Seat B),At-Large,Jennifer Taylor,Secretary,May 2025,May 2028,Verified,May 2026 Reorganization,https://citizenportal.ai/articles/9269225/texas/school-districts/snyder-isd/ralph-ramon-elected-board-president-haley-leatherwood-chosen-vice-president-and-jennifer-taylor-named-secretary
071909,Socorro ISD,District 1,Single-Member District,Alice Gardea,Trustee,May 2023,May 2027,Verified,SISD Recognition,https://www.sisd.net/article/2614239
071909,Socorro ISD,District 2,Single-Member District,Ryan Woodcraft,Trustee,May 2025,May 2029,Verified,SISD Recognition,https://www.sisd.net/article/2614239
071909,Socorro ISD,District 3,Single-Member District,Charles W. Smith,Trustee,May 2025,May 2029,Verified,SISD Recognition,https://www.sisd.net/article/2614239
071909,Socorro ISD,District 4,Single-Member District,Paul Guerra,Vice President,May 2025,May 2029,Verified,SISD Recognition,https://www.sisd.net/article/2614239
071909,Socorro ISD,District 5,Single-Member District,Manny Rodriguez,Trustee,May 2025,May 2029,Verified,SISD Recognition,https://www.sisd.net/article/2614239
071909,Socorro ISD,District At-Large (Seat A),At-Large,Michael A. Najera,President,May 2023,May 2027,Verified,SISD Recognition,https://www.sisd.net/article/2614239
071909,Socorro ISD,District At-Large (Seat B),At-Large,Marivel N. Macias,Secretary,May 2023,May 2027,Verified,SISD Recognition,https://www.sisd.net/article/2614239
015909,Somerset ISD,District 1,Single-Member District,Michael Lujan,Trustee,Nov 2022,Nov 2026,Verified,Somerset ISD Board Members,https://www.sisdk12.net/page/board-members
015909,Somerset ISD,District 2,Single-Member District,Tim Segura,President,Nov 2022,Nov 2026,Verified,Somerset ISD Board Members,https://www.sisdk12.net/page/board-members
015909,Somerset ISD,District 3,Single-Member District,Elizabeth Hansen,Trustee,Nov 2022,Nov 2026,Verified,Somerset ISD Board Members,https://www.sisdk12.net/page/board-members
015909,Somerset ISD,District 4,Single-Member District,Robert Sanchez,Trustee,Nov 2024,Nov 2028,Verified,Official Board Minutes,https://files-backend.assets.thrillshare.com/documents/asset/uploaded_file/2675/Somerset_Isd/8d609dba-9de2-45ae-879c-fb2794c18e09/9-12-24_Official_Board_Meeting_Minutes.pdf?disposition=inline
015909,Somerset ISD,District 5,Single-Member District,Andrea De La Cruz,Vice President,Nov 2024,Nov 2028,Verified,Official Board Minutes,https://files-backend.assets.thrillshare.com/documents/asset/uploaded_file/2675/Somerset_Isd/8d609dba-9de2-45ae-879c-fb2794c18e09/9-12-24_Official_Board_Meeting_Minutes.pdf?disposition=inline
015909,Somerset ISD,District 6,Single-Member District,Francisco De Luna Jr.,Trustee,Nov 2024,Nov 2028,Verified,Unopposed Certification,https://files-backend.assets.thrillshare.com/documents/asset/uploaded_file/2675/Somerset_Isd/d70d2408-becd-49e9-98fe-b97b68250984/Scan_Anna_Montney_202412100956.pdf?disposition=inline
015909,Somerset ISD,District 7,Single-Member District,Don Green,Secretary,Nov 2022,Nov 2026,Verified,Somerset ISD Board Members,https://www.sisdk12.net/page/board-members
218901,Sonora ISD,Precinct 1,Single-Member District,Cynthia Perez,Secretary,May 2026,May 2029,Verified,"BoardBook May 11, 2026 Minutes",https://meetings.boardbook.org/Documents/DownloadPDF/6734430?org=1303
218901,Sonora ISD,Precinct 2,Single-Member District,Colby Bates,Vice President,May 2025,May 2028,Verified,2025 Cancellation Order,https://www.sonoraisd.net/news/what_s_new/board_of_trustees__2025_election_information
218901,Sonora ISD,Precinct 3,Single-Member District,Mason Martinez,Trustee,May 2024,May 2027,Verified,Sonora ISD Board Members,https://www.sonoraisd.net/district/board_of_trustees/members
218901,Sonora ISD,Precinct 4,Single-Member District,Tai Araujo,Trustee,May 2025,May 2028,Verified,Sutton County May 2025 Results,https://www.co.sutton.tx.us/page/sutton.Elections
218901,Sonora ISD,At-Large (Seat A),At-Large,Shanna Castro,President,May 2026,May 2029,Verified,"BoardBook May 11, 2026 Minutes",https://meetings.boardbook.org/Documents/DownloadPDF/6734430?org=1303
218901,Sonora ISD,At-Large (Seat B),At-Large,Brenda Mungia,Trustee,May 2024,May 2027,Verified,Sonora ISD Board Members,https://www.sonoraisd.net/district/board_of_trustees/members
218901,Sonora ISD,At-Large (Seat C),At-Large,John Jones,Trustee,May 2026,May 2029,Verified,"BoardBook Feb 23, 2026 Minutes",https://meetings.boardbook.org/Documents/DownloadPDF/6734427?org=1303
015908,South San Antonio ISD,District 1,Single-Member District,Manuel Lopez,Trustee,Nov 2022,Nov 2026,Verified,SSAISD Election Notice,https://www.southsanisd.net/about-us/school-board/trustee-election-november-2024
015908,South San Antonio ISD,District 2,Single-Member District,Ernesto Arrellano Jr.,Trustee,Nov 2024,Nov 2028,Verified,SSAISD Board Members,https://www.southsanisd.net/about-us/school-board/board-members
015908,South San Antonio ISD,District 3,Single-Member District,Homer Flores,Trustee,Nov 2024,Nov 2028,Verified,SSAISD Board Members,https://www.southsanisd.net/about-us/school-board/board-members
015908,South San Antonio ISD,District 4,Single-Member District,Shirley Ibarra,Trustee,Nov 2022,Nov 2026,Verified,SSAISD Election Notice,https://www.southsanisd.net/about-us/school-board/trustee-election-november-2024
015908,South San Antonio ISD,District 5,Single-Member District,Elsa Gonzales,Trustee,Nov 2024,Nov 2028,Verified,Ballotpedia Elsa Gonzales,https://ballotpedia.org/Elsa_Gonzales
015908,South San Antonio ISD,District 6,Single-Member District,Cyndi Ramirez,Trustee,Nov 2022,Nov 2026,Verified,SSAISD Election Notice,https://www.southsanisd.net/about-us/school-board/trustee-election-november-2024
015908,South San Antonio ISD,District 7,Single-Member District,Jose Araiza,Trustee,Nov 2024,Nov 2028,Verified,Ballotpedia Jose Araiza,https://ballotpedia.org/Jose_Araiza
063903,Spur ISD,Place 1,Single-Member District,Pat Ortiz,Vice President,May 2024,May 2027,Verified,Spur ISD Board Members,https://www.spurbulldogs.com/page/board
063903,Spur ISD,Place 2,Single-Member District,Roy Sanchez,President,May 2024,May 2027,Verified,Spur ISD Board Members,https://www.spurbulldogs.com/page/board
063903,Spur ISD,Place 3,Single-Member District,Terri Wyatt,Trustee,May 2025,May 2028,Verified,May 2025 Election Results,https://www.thetexasspur.com/news/spur-jayton-welcome-new-mayors-warren-keeps-post-city-dickens
063903,Spur ISD,Place 4,Single-Member District,Andrew Adams,Trustee,May 2025,May 2028,Verified,May 2025 Election Results,https://www.thetexasspur.com/news/spur-jayton-welcome-new-mayors-warren-keeps-post-city-dickens
063903,Spur ISD,Place 5,Single-Member District,Matt Humphreys / Cupp,Trustee,May 2026,May 2027,Verified (Appt),July 2026 Appointment Notice,https://www.thetexasspur.com/community-opinions/spur-isd-board-names-cupp-fill-district-5-vacancy-july-meeting
063903,Spur ISD,Place 6,At-Large,Cody Schmidt,Trustee,May 2026,May 2029,Verified,"May 2, 2026 Canvass",https://www.thetexasspur.com/taxonomy/term/8?page=18
063903,Spur ISD,Place 7,At-Large,Casey Smith,Secretary,May 2025,May 2028,Verified,May 2025 Election Results,https://www.thetexasspur.com/news/spur-jayton-welcome-new-mayors-warren-keeps-post-city-dickens
156902,Stanton ISD,District #1,Single-Member District,Kelly Allred,Trustee,May 2025,May 2028,Verified,Stanton ISD School Board,https://www.stanton.esc18.net/page/school-board
156902,Stanton ISD,District #2,Single-Member District,Ramiro Reyes,Trustee,May 2024,May 2027,Verified,Stanton ISD School Board,https://www.stanton.esc18.net/page/school-board
156902,Stanton ISD,District #3,Single-Member District,Jeremy Louder,President,May 2026,May 2029,Verified,"BoardBook May 11, 2026 Minutes",https://meetings.boardbook.org/Documents/DownloadPDF/13177061?org=2281
156902,Stanton ISD,District #4,Single-Member District,Reggie Franklin,Vice President,May 2026,May 2029,Verified,"BoardBook May 11, 2026 Minutes",https://meetings.boardbook.org/Documents/DownloadPDF/13177061?org=2281
156902,Stanton ISD,District #5,Single-Member District,Jana Cook,Trustee,May 2025,May 2028,Verified,Stanton ISD School Board,https://www.stanton.esc18.net/page/school-board
156902,Stanton ISD,District #6 (Place 6),At-Large,Tiffany Wells,Secretary,May 2024,May 2027,Verified,Stanton ISD School Board,https://www.stanton.esc18.net/page/school-board
156902,Stanton ISD,District #7 (Place 7),At-Large,Brandon Ireton,Trustee,May 2024,May 2027,Verified,Stanton ISD School Board,https://www.stanton.esc18.net/page/school-board
216901,Sterling City ISD,School District 1,Single-Member District,Starr Foster,Trustee,May 2024,May 2028,Verified,Sterling City ISD Board,https://www.sterlingcityisd.net/page/board-of-trustees
216901,Sterling City ISD,School District 2,Single-Member District,Travis Pitcock,Secretary,May 2024,May 2027,Verified,Sterling City ISD Board,https://www.sterlingcityisd.net/page/board-of-trustees
216901,Sterling City ISD,School District 3,Single-Member District,Mason Long,Trustee,May 2024,May 2027,Verified,Sterling City ISD Board,https://www.sterlingcityisd.net/page/board-of-trustees
216901,Sterling City ISD,School District 4,Single-Member District,Jerry McGinnis,Trustee,May 2023,May 2026 / 2029,Verified,SCISD 2026 Election Notice,https://www.sterlingcityisd.net/o/scisd/page/school-board-elections
216901,Sterling City ISD,At-Large (Seat A),At-Large,Randy Parrish,President,May 2022,May 2026 / 2029,Verified,SCISD 2026 Election Notice,https://www.sterlingcityisd.net/o/scisd/page/school-board-elections
216901,Sterling City ISD,At-Large (Seat B),At-Large,Sims Price,Vice President,May 2022,May 2028,Verified,Sterling City ISD Board,https://www.sterlingcityisd.net/page/board-of-trustees
216901,Sterling City ISD,At-Large (Seat C),At-Large,Hope Doremus,Trustee,May 2025,May 2026 / 2029,Verified,SCISD 2026 Election Notice,https://www.sterlingcityisd.net/o/scisd/page/school-board-elections
247906,Stockdale ISD,District 1,Single-Member District,"Mauro ""Morrie"" Monita",Trustee,May 2026,May 2029,Verified,Wilson County News Canvass,https://www.wilsoncountynews.com/articles/stockdale-isd-bond-passes-poth-voters-re-elect-mayor-chrystal-eckel/
247906,Stockdale ISD,District 2,Single-Member District,Sherry D. Lambeck,Trustee,May 2025,May 2028,Verified,Stockdale ISD Board,https://stockdaleisd.org/apps/pages/index.jsp?uREC_ID=4397785&type=d
247906,Stockdale ISD,District 3,Single-Member District,Blaine Akin,Trustee,May 2024,May 2027,Verified,Stockdale ISD Board,https://stockdaleisd.org/apps/pages/index.jsp?uREC_ID=4397785&type=d
247906,Stockdale ISD,District 4,Single-Member District,Tanner Voelkel,Vice President,May 2024,May 2027,Verified,Stockdale ISD Board,https://stockdaleisd.org/apps/pages/index.jsp?uREC_ID=4397785&type=d
247906,Stockdale ISD,District 5,Single-Member District,Teri Dugi,Secretary,May 2025,May 2028,Verified,Stockdale ISD Board,https://stockdaleisd.org/apps/pages/index.jsp?uREC_ID=4397785&type=d
247906,Stockdale ISD,District 6,Single-Member District,Reuben Johnson,Trustee,May 2026,May 2029,Verified,Stockdale ISD Election Information,https://stockdaleisd.org/apps/pages/index.jsp?uREC_ID=4397785&type=d&pREC_ID=2618682
247906,Stockdale ISD,District 7,Single-Member District,"Sal ""CJ"" Urrabazo",President,May 2025,May 2028,Verified,Stockdale ISD Board,https://stockdaleisd.org/apps/pages/index.jsp?uREC_ID=4397785&type=d
235902,Victoria ISD,District 1,Single-Member District,Kathy Bell,Secretary,May 2025,May 2028,Verified,VISD School Board,https://www.visd.net/page/school-board
235902,Victoria ISD,District 2,Single-Member District,Bridgette Sutton Marshall,Trustee,May 2024,May 2027,Verified,VISD School Board,https://www.visd.net/page/school-board
235902,Victoria ISD,District 3,Single-Member District,B.J. Nelson,Trustee,May 2026,May 2029,Verified,"April 16, 2026 Minutes",https://files-backend.assets.thrillshare.com/documents/asset/uploaded_file/2094/Visd/0ef663b6-780c-4405-a971-62f3650f52c4/Board-Minutes-Approved---April-16%2C-2026.pdf?disposition=inline
235902,Victoria ISD,District 4,Single-Member District,Micah Patton,President,May 2024,May 2027,Verified,"April 16, 2026 Minutes",https://files-backend.assets.thrillshare.com/documents/asset/uploaded_file/2094/Visd/0ef663b6-780c-4405-a971-62f3650f52c4/Board-Minutes-Approved---April-16%2C-2026.pdf?disposition=inline
235902,Victoria ISD,District 5,Single-Member District,Rick Jones,Vice President,May 2026,May 2029,Verified,Victoria Advocate May 2026 Canvass,https://victoriaadvocate.com/2026/05/02/rick-jones-wins-re-election-in-visd-district-5-race/
235902,Victoria ISD,District 6,Super District,Margaret Pruett,Trustee,May 2025,May 2028,Verified,VISD Super District Resolution,https://www.visd.net/o/vwhs/article/2563789
235902,Victoria ISD,District 7,Super District,Mickey Kostella,Trustee,May 2025,May 2028,Verified,VISD Super District Resolution,https://www.visd.net/o/vwhs/article/2563789
161914,Waco ISD,District 1,Single-Member District,Jeremy Davis,Trustee,May 2024,May 2027,Verified,Waco ISD Board Directory,https://www.wacoisd.org/board/board-of-trustees
161914,Waco ISD,District 2,Single-Member District,Arash Abnoussi,Trustee,May 2024,May 2027,Verified,Waco ISD Board Directory,https://www.wacoisd.org/board/board-of-trustees
161914,Waco ISD,District 3,Single-Member District,Jose Vidaña,Trustee,May 2026,May 2029,Verified,Waco Bridge Board Report,https://wacobridge.org/2026/05/15/waco-isd-board-divide-vidana/
161914,Waco ISD,District 4,Single-Member District,Taylor Bledsoe,Secretary,May 2025,May 2028,Verified,May 2026 Reorganization,https://citizenportal.ai/articles/8962922/texas/school-districts/waco-isd/board-elects-angelo-ochoa-as-president-in-contested-reorganization-vote
161914,Waco ISD,District 5,Single-Member District,Jim Patton,Vice President,May 2025,May 2028,Verified,May 2026 Reorganization,https://citizenportal.ai/articles/8962922/texas/school-districts/waco-isd/board-elects-angelo-ochoa-as-president-in-contested-reorganization-vote
161914,Waco ISD,At-Large (Place 6),At-Large,Everett Phipps,Trustee,Apr 2026,May 2027,Verified (Appt),Waco ISD Appointment Release,https://whs.wacoisd.org/district-news/~board/waco-independent-school-district-news/post/waco-isd-board-of-trustees-appoints-everett-phipps-as-new-at-large-place-6-trustee
161914,Waco ISD,At-Large (Place 7),At-Large,Angelo Ochoa,President,May 2026,May 2029,Verified,May 2026 Reorganization,https://citizenportal.ai/articles/8962922/texas/school-districts/waco-isd/board-elects-angelo-ochoa-as-president-in-contested-reorganization-vote
001908,Westwood ISD,District 1,Single-Member District,Angela Choate,Trustee,May 2024,May 2027,Verified,Westwood ISD Board Members,https://www.westwoodisd.net/board-of-trustees/board-members
001908,Westwood ISD,District 2,Single-Member District,Jeff Cooper,President,May 2026,May 2029,Verified,Westwood ISD Board Members,https://www.westwoodisd.net/board-of-trustees/board-members
001908,Westwood ISD,District 3,Single-Member District,Kay Denison,Secretary,May 2025,May 2028,Verified,Westwood ISD Board Members,https://www.westwoodisd.net/board-of-trustees/board-members
001908,Westwood ISD,District 4,Single-Member District,Jess Huddleston,Vice President,May 2024,May 2027,Verified,Westwood ISD Board Members,https://www.westwoodisd.net/board-of-trustees/board-members
001908,Westwood ISD,District 5,Single-Member District,Jed Barron,Trustee,May 2026,May 2029,Verified,Westwood ISD Board Members,https://www.westwoodisd.net/board-of-trustees/board-members
001908,Westwood ISD,District 6,Single-Member District,Angela Thompson,Trustee,May 2026,May 2029,Verified,"May 12, 2026 Swearing-In Notice",https://www.facebook.com/WestwoodISD/photos/please-help-us-welcome-mrs-angela-thompson-who-was-officially-sworn-in-at-last-n/1813997783202103/
001908,Westwood ISD,District 7,Single-Member District,Dr. Carolyn J. Booker,Trustee,May 2025,May 2028,Verified,Westwood ISD Board Members,https://www.westwoodisd.net/board-of-trustees/board-members
243905,Wichita Falls ISD,Place 1,Single-Member District,Susan Grisel,Vice President,Nov 2022,Nov 2026,Verified,WFISD School Board,https://www.wfisd.net/about-wfisd/school-board
243905,Wichita Falls ISD,Place 2,Single-Member District,Diann Scroggins,Trustee,Nov 2024,Nov 2028,Verified,WFISD School Board,https://www.wfisd.net/about-wfisd/school-board
243905,Wichita Falls ISD,Place 3,Single-Member District,Mark Lukert,President,Nov 2022,Nov 2026,Verified,WFISD School Board,https://www.wfisd.net/about-wfisd/school-board
243905,Wichita Falls ISD,Place 4,Single-Member District,John Barnard,Trustee,Nov 2024,Nov 2028,Verified,WFISD District Leadership,https://www.wfisd.net/about-wfisd/leadership
243905,Wichita Falls ISD,Place 5,Single-Member District,Jim Johnson,Trustee,Nov 2022,Nov 2026,Verified,WFISD School Board,https://www.wfisd.net/about-wfisd/school-board
243905,Wichita Falls ISD,At-Large (Seat A),At-Large,Sandy Camp,Secretary,Nov 2022,Nov 2026,Verified,WFISD School Board,https://www.wfisd.net/about-wfisd/school-board
243905,Wichita Falls ISD,At-Large (Seat B),At-Large,Katherine McGregor,Trustee,Nov 2024,Nov 2028,Verified,WFISD School Board,https://www.wfisd.net/about-wfisd/school-board
200904,Winters ISD,Place 1,Single-Member District,Conda Richards,Secretary,Nov 2025,Nov 2028,Verified,Winters ISD Board Recognition,https://www.wintersisd.org/live-feed?page_no=4
200904,Winters ISD,Place 2,Single-Member District,Danny Martinez,Trustee,Nov 2023,Nov 2026,Verified,"June 22, 2026 Agenda",https://files-backend.assets.thrillshare.com/documents/asset/uploaded_file/3177/Wisd/efd594af-02b2-474c-859f-b9e685022bc6/WISD-Board-Meeting-Agenda-20260622.pdf?disposition=inline
200904,Winters ISD,Place 3,Single-Member District,Angela Perkins,Vice President,Nov 2024,Nov 2027,Verified,Winters ISD Board Recognition,https://www.wintersisd.org/live-feed?page_no=4
200904,Winters ISD,Place 4,Single-Member District,Will Duggan,Trustee,Nov 2024,Nov 2027,Verified,August 2026 Minutes,https://citizenportal.ai/articles/8931902/texas/school-districts/winters-isd/winters-isd-board-approves-one-year-extension-of-victory-bank-depository-contract-despite-one-dissent
200904,Winters ISD,Place 5,Single-Member District,Brandi Jacob,President,Nov 2023,Nov 2026,Verified,"June 22, 2026 Agenda",https://files-backend.assets.thrillshare.com/documents/asset/uploaded_file/3177/Wisd/efd594af-02b2-474c-859f-b9e685022bc6/WISD-Board-Meeting-Agenda-20260622.pdf?disposition=inline
200904,Winters ISD,Place 6,At-Large,Doug Wheat,Trustee,Nov 2023,Nov 2026,Verified,"June 22, 2026 Agenda",https://files-backend.assets.thrillshare.com/documents/asset/uploaded_file/3177/Wisd/efd594af-02b2-474c-859f-b9e685022bc6/WISD-Board-Meeting-Agenda-20260622.pdf?disposition=inline
200904,Winters ISD,Place 7,At-Large,David Pate,Trustee,Nov 2025,Nov 2028,Verified,KRUN AM 1400 Election Report,https://www.krunam.com/local/local-ballinger-winters-and-runnels-county-voters-head-to-the-polls/
071905,Ysleta ISD,District 1,Single-Member District,Carlos Bustillos,President,May 2025,May 2029,Verified,YISD Board of Trustees,https://www.yisd.net/o/yisd/page/board-of-trustees
071905,Ysleta ISD,District 2,Single-Member District,Connie Woodruff,Secretary,May 2023,May 2027,Verified,YISD Board of Trustees,https://www.yisd.net/o/yisd/page/board-of-trustees
071905,Ysleta ISD,District 3,Single-Member District,Shane Haggerty,Trustee,May 2025,May 2029,Verified,YISD Board of Trustees,https://www.yisd.net/o/yisd/page/board-of-trustees
071905,Ysleta ISD,District 4,Single-Member District,Mike Dwyer,Vice President,May 2023,May 2027,Verified,YISD Board of Trustees,https://www.yisd.net/o/yisd/page/board-of-trustees
071905,Ysleta ISD,District 5,Single-Member District,Cruz A. Ochoa Jr.,Trustee,May 2025,May 2029,Verified,YISD Board of Trustees,https://www.yisd.net/o/yisd/page/board-of-trustees
071905,Ysleta ISD,District 6,Single-Member District,Chris Hernandez,Trustee,May 2023,May 2027,Verified,YISD Board of Trustees,https://www.yisd.net/o/yisd/page/board-of-trustees
071905,Ysleta ISD,District 7,Single-Member District,Henry Rivera,Trustee,Dec 2025,May 2027,Verified (Appt),Hoodline Appointment Report,https://hoodline.com/2025/12/henry-rivera-stages-comeback-with-yisd-district-7-power-play/
253901,Zapata County ISD,Place 1,Single-Member District,Martha Morales,Trustee,Nov 2024,Nov 2028,Verified,ZCISD Board Members,https://www.zcisd.org/board-members
253901,Zapata County ISD,Place 2,Single-Member District,Dora A. Sendejo,Vice President,Nov 2022,Nov 2026,Verified,ZCISD Board Members,https://www.zcisd.org/board-members
253901,Zapata County ISD,Place 3,Single-Member District,"Jose M. ""Pepe"" Ramirez, III",President,Nov 2024,Nov 2028,Verified,ZCISD Board Members,https://www.zcisd.org/board-members
253901,Zapata County ISD,Place 4,Single-Member District,Mariselva G. Martinez,Trustee,Nov 2024,Nov 2028,Verified,ZCISD Board Members,https://www.zcisd.org/board-members
253901,Zapata County ISD,Place 5,At-Large,E. Joel Garcia,Trustee,Nov 2024,Nov 2028,Verified,ZCISD Board Members,https://www.zcisd.org/board-members
253901,Zapata County ISD,Place 6,At-Large,Luis C. Guevara,Secretary,Nov 2022,Nov 2026,Verified,ZCISD Board Members,https://www.zcisd.org/board-members
253901,Zapata County ISD,Place 7,At-Large,"Manuel Gonzalez, Jr.",Trustee,Nov 2024,Nov 2028,Verified,ZCISD Board Members,https://www.zcisd.org/board-members
200901,Ballinger ISD,District 4,Single-Member District,Stephen M. King,Trustee,Nov 2024,Nov 2027,Verified,"Ballinger ISD Board Directory (research follow-up, issue #13)",https://www.ballingerisd.net/apps/pages/index.jsp?uREC_ID=1405737&type=d&pREC_ID=1592434
178905,Driscoll ISD,Place 2,Single-Member District,Gloria Olivarez,Trustee,2022,2026,Verified,"Driscoll ISD School Board page (research follow-up, issue #13)",https://www.driscollisd.us/district1/school-board
178905,Driscoll ISD,Place 3,Single-Member District,Mike Zamora,Vice President,2024,2028,Verified,"Driscoll ISD School Board page (research follow-up, issue #13)",https://www.driscollisd.us/district1/school-board
116905,Greenville ISD,District 5,Single-Member District,Chelsey Tippit,Vice President,May 2024,2027,Verified,"Greenville ISD Board of Trustees page (research follow-up, issue #13)",https://www.greenvilleisd.com/about-us/school-board/board-of-trustees
149901,George West ISD,District 2,Single-Member District,Maggie Ham Minnick,Trustee,May 2026,2029,Verified,"GWISD, Three Rivers election results (research follow-up, issue #13)",https://www.moorenews.com/news/state/gwisd-three-rivers-election-results-mcmullen-voters-approve-bond/article_87d9d2a7-0666-5f00-b699-a11ff324339e.html
063903,Spur ISD,Place 5,Single-Member District,Matt Humphreys,Trustee,May 2026,2029,Verified,"The Texas Spur -- Spur ISD elects trustees May 2 (research follow-up, issue #13)",https://www.thetexasspur.com/news/spur-isd-elects-trustees-may-2
