municipality,office_id,role,elected,seats,seat_structure,term_years,staggered_terms,partisan,legal_source_url,election_source_url,results_source_url,verification_status,notes,local_title
Abington,abington-ma/assessor,Assessor,True,3,at-large,3,True,,https://ecode360.com/34424196,https://www.abingtonma.gov/article/2162181,https://www.abingtonma.gov/article/2171924,schema-ready,Charter Article III enumerates these offices; several seat/term details remain unresolved.,Assessor
Abington,abington-ma/board-of-health-member,Board of Health Member,True,5,at-large,3,True,,https://ecode360.com/34424196,https://www.abingtonma.gov/article/2162181,https://www.abingtonma.gov/article/2171924,schema-ready,Charter Article III enumerates these offices; several seat/term details remain unresolved.,Board of Health Member
Abington,abington-ma/housing-authority-member,Housing Authority Member,True,,at-large,,,,https://ecode360.com/34424196,https://www.abingtonma.gov/article/2162181,https://www.abingtonma.gov/article/2171924,elected-status-verified-seat-count-unresolved,Charter Article III enumerates these offices; several seat/term details remain unresolved.,Housing Authority Member
Abington,abington-ma/library-trustee,Library Trustee,True,9,at-large,3,True,,https://ecode360.com/34424196,https://www.abingtonma.gov/article/2162181,https://www.abingtonma.gov/article/2171924,schema-ready,Charter Article III enumerates these offices; several seat/term details remain unresolved.,Library Trustee
Abington,abington-ma/moderator,Moderator,True,1,at-large,,False,,https://ecode360.com/34424196,https://www.abingtonma.gov/article/2162181,https://www.abingtonma.gov/article/2171924,schema-ready,Charter Article III enumerates these offices; several seat/term details remain unresolved.,Moderator
Abington,abington-ma/planning-board-member,Planning Board Member,True,,at-large,,,,https://ecode360.com/34424196,https://www.abingtonma.gov/article/2162181,https://www.abingtonma.gov/article/2171924,elected-status-verified-seat-count-unresolved,Charter Article III enumerates these offices; several seat/term details remain unresolved.,Planning Board Member
Abington,abington-ma/school-committee-member,School Committee Member,True,5,at-large,3,True,,https://ecode360.com/34424196,https://www.abingtonma.gov/article/2162181,https://www.abingtonma.gov/article/2171924,schema-ready,Charter Article III enumerates these offices; several seat/term details remain unresolved.,School Committee Member
Abington,abington-ma/select-board-member,Select Board Member,True,,at-large,,,,https://ecode360.com/34424196,https://www.abingtonma.gov/article/2162181,https://www.abingtonma.gov/article/2171924,elected-status-verified-seat-count-unresolved,Charter Article III enumerates these offices; several seat/term details remain unresolved.,Select Board Member
Abington,abington-ma/sewer-commissioner,Sewer Commissioner,True,,at-large,,,,https://ecode360.com/34424196,https://www.abingtonma.gov/article/2162181,https://www.abingtonma.gov/article/2171924,elected-status-verified-seat-count-unresolved,Charter Article III enumerates these offices; several seat/term details remain unresolved.,Sewer Commissioner
Abington,abington-ma/town-clerk,Town Clerk,True,1,at-large,,False,,https://ecode360.com/34424196,https://www.abingtonma.gov/article/2162181,https://www.abingtonma.gov/article/2171924,schema-ready,Charter Article III enumerates these offices; several seat/term details remain unresolved.,Town Clerk
Abington,abington-ma/water-commissioner,Water Commissioner,True,,at-large,,,,https://ecode360.com/34424196,https://www.abingtonma.gov/article/2162181,https://www.abingtonma.gov/article/2171924,elected-status-verified-seat-count-unresolved,Charter Article III enumerates these offices; several seat/term details remain unresolved.,Water Commissioner
Acton,acton-ma/assistant-moderator,Assistant Moderator,True,1,at-large,,False,,https://actonma.gov/election,https://actonma.gov/election,https://actonma.gov/598,schema-ready,Assistant Moderator and specified fund trustees are elected at Annual Town Meeting rather than by ordinary ballot. Water District and library seat counts need further legal normalization.,Assistant Moderator
Acton,acton-ma/housing-authority-member,Housing Authority Member,True,3,at-large,,,,https://actonma.gov/election,https://actonma.gov/election,https://actonma.gov/598,schema-ready,Assistant Moderator and specified fund trustees are elected at Annual Town Meeting rather than by ordinary ballot. Water District and library seat counts need further legal normalization.,Housing Authority Member
Acton,acton-ma/library-trustee,Library Trustee,True,,at-large,,,,https://actonma.gov/election,https://actonma.gov/election,https://actonma.gov/598,elected-status-verified-seat-count-unresolved,Assistant Moderator and specified fund trustees are elected at Annual Town Meeting rather than by ordinary ballot. Water District and library seat counts need further legal normalization.,Library Trustee
Acton,acton-ma/moderator,Moderator,True,1,at-large,,False,,https://actonma.gov/election,https://actonma.gov/election,https://actonma.gov/598,schema-ready,Assistant Moderator and specified fund trustees are elected at Annual Town Meeting rather than by ordinary ballot. Water District and library seat counts need further legal normalization.,Moderator
Acton,acton-ma/municipal-fund-trustee,Municipal Fund Trustee,True,,at-large,,,,https://actonma.gov/election,https://actonma.gov/election,https://actonma.gov/598,elected-status-verified-seat-count-unresolved,Assistant Moderator and specified fund trustees are elected at Annual Town Meeting rather than by ordinary ballot. Water District and library seat counts need further legal normalization.,Municipal Fund Trustee
Acton,acton-ma/regional-school-committee-member,Regional School Committee Member,True,7,at-large,,,,https://actonma.gov/election,https://actonma.gov/election,https://actonma.gov/598,schema-ready,Assistant Moderator and specified fund trustees are elected at Annual Town Meeting rather than by ordinary ballot. Water District and library seat counts need further legal normalization.,Regional School Committee Member
Acton,acton-ma/select-board-member,Select Board Member,True,5,at-large,3,True,,https://actonma.gov/election,https://actonma.gov/election,https://actonma.gov/598,schema-ready,Assistant Moderator and specified fund trustees are elected at Annual Town Meeting rather than by ordinary ballot. Water District and library seat counts need further legal normalization.,Select Board Member
Acton,acton-ma/water-district-official,Water District Official,True,,district,,,,https://actonma.gov/election,https://actonma.gov/election,https://actonma.gov/598,elected-status-verified-seat-count-unresolved,Assistant Moderator and specified fund trustees are elected at Annual Town Meeting rather than by ordinary ballot. Water District and library seat counts need further legal normalization.,Water District Official
Acushnet,acushnet-ma/assessor,Assessor,True,3,at-large,,,,https://acushnet.ma.us/1200/Elected-Officials,https://www.acushnet.ma.us/1206/Town-Clerk,https://www.acushnet.ma.us/1928/2026-Annual-Town-Election-Results,schema-ready,,Assessor
Acushnet,acushnet-ma/board-of-health-member,Board of Health Member,True,3,at-large,,,,https://acushnet.ma.us/1200/Elected-Officials,https://www.acushnet.ma.us/1206/Town-Clerk,https://www.acushnet.ma.us/1928/2026-Annual-Town-Election-Results,schema-ready,,Board of Health Member
Acushnet,acushnet-ma/cemetery-board-member,Cemetery Board Member,True,3,at-large,,,,https://acushnet.ma.us/1200/Elected-Officials,https://www.acushnet.ma.us/1206/Town-Clerk,https://www.acushnet.ma.us/1928/2026-Annual-Town-Election-Results,schema-ready,,Cemetery Board Member
Acushnet,acushnet-ma/commissioner-of-trust-funds,Commissioner of Trust Funds,True,3,at-large,,,,https://acushnet.ma.us/1200/Elected-Officials,https://www.acushnet.ma.us/1206/Town-Clerk,https://www.acushnet.ma.us/1928/2026-Annual-Town-Election-Results,schema-ready,,Commissioner of Trust Funds
Acushnet,acushnet-ma/housing-authority-member,Housing Authority Member,True,3,at-large,,,,https://acushnet.ma.us/1200/Elected-Officials,https://www.acushnet.ma.us/1206/Town-Clerk,https://www.acushnet.ma.us/1928/2026-Annual-Town-Election-Results,schema-ready,"Official elected-official list shows five authority members, of whom one is Governor-appointed and one is tenant-appointed; three are treated here as locally elected seats.",Housing Authority Member
Acushnet,acushnet-ma/library-trustee,Library Trustee,True,6,at-large,,,,https://acushnet.ma.us/1200/Elected-Officials,https://www.acushnet.ma.us/1206/Town-Clerk,https://www.acushnet.ma.us/1928/2026-Annual-Town-Election-Results,schema-ready,,Library Trustee
Acushnet,acushnet-ma/moderator,Moderator,True,1,at-large,,,,https://acushnet.ma.us/1200/Elected-Officials,https://www.acushnet.ma.us/1206/Town-Clerk,https://www.acushnet.ma.us/1928/2026-Annual-Town-Election-Results,schema-ready,,Moderator
Acushnet,acushnet-ma/park-commissioner,Park Commissioner,True,3,at-large,,,,https://acushnet.ma.us/1200/Elected-Officials,https://www.acushnet.ma.us/1206/Town-Clerk,https://www.acushnet.ma.us/1928/2026-Annual-Town-Election-Results,schema-ready,,Park Commissioner
Acushnet,acushnet-ma/planning-board-member,Planning Board Member,True,5,at-large,,,,https://acushnet.ma.us/1200/Elected-Officials,https://www.acushnet.ma.us/1206/Town-Clerk,https://www.acushnet.ma.us/1928/2026-Annual-Town-Election-Results,schema-ready,,Planning Board Member
Acushnet,acushnet-ma/school-committee-member,School Committee Member,True,5,at-large,,,,https://acushnet.ma.us/1200/Elected-Officials,https://www.acushnet.ma.us/1206/Town-Clerk,https://www.acushnet.ma.us/1928/2026-Annual-Town-Election-Results,schema-ready,,School Committee Member
Acushnet,acushnet-ma/select-board-member,Select Board Member,True,3,at-large,3,True,,https://www.acushnet.ma.us/1291/Board-of-Selectmen,https://www.acushnet.ma.us/1206/Town-Clerk,https://www.acushnet.ma.us/1928/2026-Annual-Town-Election-Results,schema-ready,,Board of Selectmen
Acushnet,acushnet-ma/town-clerk,Town Clerk,True,1,at-large,3,,,https://www.acushnet.ma.us/1206/Town-Clerk,https://www.acushnet.ma.us/1206/Town-Clerk,https://www.acushnet.ma.us/1928/2026-Annual-Town-Election-Results,schema-ready,,Town Clerk
Acushnet,acushnet-ma/tree-warden,Tree Warden,True,1,at-large,,,,https://acushnet.ma.us/1200/Elected-Officials,https://www.acushnet.ma.us/1206/Town-Clerk,https://www.acushnet.ma.us/1928/2026-Annual-Town-Election-Results,schema-ready,,Tree Warden
Adams,adams-ma/assessor,Assessor,True,1,at-large,,,,https://www.town.adams.ma.us/town-administrator/pages/act-establishing-selectmen-administrator-form-government-town-adams,https://www.town.adams.ma.us/town-clerk/pages/elections-voting,,schema-ready,Elected status established by the Adams selectmen-administrator special act; total board/authority seat count still being normalized where null.,Assessor
Adams,adams-ma/board-of-health-member,Board of Health Member,True,,at-large,,,,https://www.town.adams.ma.us/town-administrator/pages/act-establishing-selectmen-administrator-form-government-town-adams,https://www.town.adams.ma.us/town-clerk/pages/elections-voting,,elected-status-verified-seat-count-unresolved,Elected status established by the Adams selectmen-administrator special act; total board/authority seat count still being normalized where null.,Board of Health Member
Adams,adams-ma/cemetery-commissioner,Cemetery Commissioner,True,1,at-large,,,,https://www.town.adams.ma.us/town-administrator/pages/act-establishing-selectmen-administrator-form-government-town-adams,https://www.town.adams.ma.us/town-clerk/pages/elections-voting,,schema-ready,Elected status established by the Adams selectmen-administrator special act; total board/authority seat count still being normalized where null.,Cemetery Commissioner
Adams,adams-ma/housing-authority-member,Housing Authority Member,True,,at-large,,,,https://www.town.adams.ma.us/town-administrator/pages/act-establishing-selectmen-administrator-form-government-town-adams,https://www.town.adams.ma.us/town-clerk/pages/elections-voting,,elected-status-verified-seat-count-unresolved,Elected status established by the Adams selectmen-administrator special act; total board/authority seat count still being normalized where null.,Housing Authority Member
Adams,adams-ma/library-trustee,Library Trustee,True,,at-large,,,,https://www.town.adams.ma.us/town-administrator/pages/act-establishing-selectmen-administrator-form-government-town-adams,https://www.town.adams.ma.us/town-clerk/pages/elections-voting,,elected-status-verified-seat-count-unresolved,Elected status established by the Adams selectmen-administrator special act; total board/authority seat count still being normalized where null.,Library Trustee
Adams,adams-ma/moderator,Moderator,True,1,at-large,1,,,https://www.town.adams.ma.us/town-administrator/pages/act-establishing-selectmen-administrator-form-government-town-adams,https://www.town.adams.ma.us/town-clerk/pages/elections-voting,,schema-ready,,Moderator
Adams,adams-ma/park-commissioner,Park Commissioner,True,,at-large,,,,https://www.town.adams.ma.us/town-administrator/pages/act-establishing-selectmen-administrator-form-government-town-adams,https://www.town.adams.ma.us/town-clerk/pages/elections-voting,,elected-status-verified-seat-count-unresolved,Elected status established by the Adams selectmen-administrator special act; total board/authority seat count still being normalized where null.,Park Commissioner
Adams,adams-ma/planning-board-member,Planning Board Member,True,5,at-large,5,True,,https://www.town.adams.ma.us/planning-board,https://www.town.adams.ma.us/town-clerk/pages/elections-voting,,schema-ready,,Planning Board Member
Adams,adams-ma/redevelopment-authority-member,Redevelopment Authority Member,True,,at-large,,,,https://www.town.adams.ma.us/town-administrator/pages/act-establishing-selectmen-administrator-form-government-town-adams,https://www.town.adams.ma.us/town-clerk/pages/elections-voting,,elected-status-verified-seat-count-unresolved,Elected status established by the Adams selectmen-administrator special act; total board/authority seat count still being normalized where null.,Redevelopment Authority Member
Adams,adams-ma/regional-school-committee-member,Regional School Committee Member,True,,at-large,,,,https://www.town.adams.ma.us/town-administrator/pages/act-establishing-selectmen-administrator-form-government-town-adams,https://www.town.adams.ma.us/town-clerk/pages/elections-voting,,elected-status-verified-seat-count-unresolved,Elected status established by the Adams selectmen-administrator special act; total board/authority seat count still being normalized where null.,Regional School Committee Member
Adams,adams-ma/regional-vocational-school-committee-member,Regional Vocational School Committee Member,True,,at-large,,,,https://www.town.adams.ma.us/town-administrator/pages/act-establishing-selectmen-administrator-form-government-town-adams,https://www.town.adams.ma.us/town-clerk/pages/elections-voting,,elected-status-verified-seat-count-unresolved,Elected status established by the Adams selectmen-administrator special act; total board/authority seat count still being normalized where null.,Regional Vocational School Committee Member
Adams,adams-ma/select-board-member,Select Board Member,True,5,at-large,3,True,,https://www.town.adams.ma.us/board-selectmen/pages/what-we-do,https://www.town.adams.ma.us/town-clerk/pages/elections-voting,,schema-ready,,Board of Selectmen
Adams,adams-ma/town-clerk,Town Clerk,True,1,at-large,,,,https://www.town.adams.ma.us/town-administrator/pages/act-establishing-selectmen-administrator-form-government-town-adams,https://www.town.adams.ma.us/town-clerk/pages/elections-voting,,schema-ready,Elected status established by the Adams selectmen-administrator special act; total board/authority seat count still being normalized where null.,Town Clerk
Adams,adams-ma/town-meeting-member,Town Meeting Member,True,,district,,,,https://www.town.adams.ma.us/town-administrator/pages/act-establishing-selectmen-administrator-form-government-town-adams,https://www.town.adams.ma.us/town-clerk/pages/elections-voting,,elected-status-verified-seat-count-unresolved,Representative Town Meeting; exact elected member count/precinct allocation remains to be normalized from the representative-town-meeting special act.,Town Meeting Member
Adams,adams-ma/treasurer-collector,Treasurer-Collector,True,1,at-large,,,,https://www.town.adams.ma.us/town-administrator/pages/act-establishing-selectmen-administrator-form-government-town-adams,https://www.town.adams.ma.us/town-clerk/pages/elections-voting,,schema-ready,Elected status established by the Adams selectmen-administrator special act; total board/authority seat count still being normalized where null.,Treasurer-Collector
Agawam,agawam-ma/city-council-member,City Council Member,True,11,at-large,2,,,https://www.agawam.ma.us/190/City-Council,https://www.agawam.ma.us/231/Election-Information,https://www.agawam.ma.us/231/Election-Information,schema-ready,,City Council Member
Agawam,agawam-ma/mayor,Mayor,True,1,at-large,2,,,https://ecode360.com/12065192,https://www.agawam.ma.us/231/Election-Information,https://www.agawam.ma.us/231/Election-Information,schema-ready,,Mayor
Agawam,agawam-ma/school-committee-member,School Committee Member,True,6,at-large,2,,,https://ecode360.com/12065211?searchId=14400851291514820,https://www.agawam.ma.us/231/Election-Information,https://www.agawam.ma.us/231/Election-Information,schema-ready,School Committee has seven total members; six are elected at-large and the Mayor serves ex officio as chair.,School Committee Member
Alford,alford-ma/assessor,Assessor,True,,at-large,3,,,https://www.townofalford.org/home/town-clerk-office/news/nomination-papers-available-annual-town-election-may-19-2026,https://www.townofalford.org/home/town-clerk-office/news/nomination-papers-available-annual-town-election-may-19-2026,,elected-status-verified-seat-count-unresolved,,Assessor
Alford,alford-ma/finance-committee-member,Finance Committee Member,True,,at-large,3,,,https://www.townofalford.org/home/town-clerk-office/news/nomination-papers-available-annual-town-election-may-19-2026,https://www.townofalford.org/home/town-clerk-office/news/nomination-papers-available-annual-town-election-may-19-2026,,elected-status-verified-seat-count-unresolved,2026 nomination notice confirms elected Finance Committee seats; total committee size remains unresolved.,Finance Committee Member
Alford,alford-ma/planning-board-member,Planning Board Member,True,,at-large,3,,,https://www.townofalford.org/home/town-clerk-office/news/nomination-papers-available-annual-town-election-may-19-2026,https://www.townofalford.org/home/town-clerk-office/news/nomination-papers-available-annual-town-election-may-19-2026,,elected-status-verified-seat-count-unresolved,,Planning Board Member
Alford,alford-ma/select-board-member,Select Board Member,True,3,at-large,3,True,,https://www.townofalford.org/select-board,https://www.townofalford.org/home/town-clerk-office/news/nomination-papers-available-annual-town-election-may-19-2026,,schema-ready,,Select Board Member
Amesbury,amesbury-ma/city-council-member,City Council Member,True,,mixed,,,,https://malegislature.gov/Laws/SessionLaws/Acts/2021/Chapter46,https://www.amesburyma.gov/329/Elections,https://www.amesburyma.gov/329/Elections,elected-status-verified-seat-count-unresolved,"School Committee has 6 elected citywide members plus Mayor ex officio, 7 total.",City Council Member
Amesbury,amesbury-ma/library-position,Library Position,True,,at-large,,,,https://malegislature.gov/Laws/SessionLaws/Acts/2021/Chapter46,https://www.amesburyma.gov/329/Elections,https://www.amesburyma.gov/329/Elections,elected-status-verified-seat-count-unresolved,"School Committee has 6 elected citywide members plus Mayor ex officio, 7 total.",Library Position
Amesbury,amesbury-ma/mayor,Mayor,True,1,at-large,,False,,https://malegislature.gov/Laws/SessionLaws/Acts/2021/Chapter46,https://www.amesburyma.gov/329/Elections,https://www.amesburyma.gov/329/Elections,schema-ready,"School Committee has 6 elected citywide members plus Mayor ex officio, 7 total.",Mayor
Amesbury,amesbury-ma/planning-board-member,Planning Board Member,True,,at-large,,,,https://malegislature.gov/Laws/SessionLaws/Acts/2021/Chapter46,https://www.amesburyma.gov/329/Elections,https://www.amesburyma.gov/329/Elections,elected-status-verified-seat-count-unresolved,"School Committee has 6 elected citywide members plus Mayor ex officio, 7 total.",Planning Board Member
Amesbury,amesbury-ma/school-committee-member,School Committee Member,True,6,at-large,4,True,,https://malegislature.gov/Laws/SessionLaws/Acts/2021/Chapter46,https://www.amesburyma.gov/329/Elections,https://www.amesburyma.gov/329/Elections,schema-ready,"School Committee has 6 elected citywide members plus Mayor ex officio, 7 total.",School Committee Member
Amherst,amherst-ma/councilor-at-large,Councilor-at-Large,True,3,at-large,2,False,,https://www.amherstma.gov/1079/Running-for-Elected-Office,https://www.amherstma.gov/1079/Running-for-Elected-Office,,schema-ready,,Councilor-at-Large
Amherst,amherst-ma/district-councilor,District Councilor,True,10,district,2,False,,https://www.amherstma.gov/1079/Running-for-Elected-Office,https://www.amherstma.gov/1079/Running-for-Elected-Office,,schema-ready,Two councilors elected from each of five districts.,District Councilor
Amherst,amherst-ma/housing-authority-member,Housing Authority Member,True,3,at-large,2,False,,https://www.amherstma.gov/1079/Running-for-Elected-Office,https://www.amherstma.gov/1079/Running-for-Elected-Office,,schema-ready,Official Amherst materials state three seats are elected; one resident/participant seat and one state-appointed seat are not elected by town voters.,Housing Authority Member
Amherst,amherst-ma/library-trustee,Library Trustee,True,6,at-large,2,False,,https://www.amherstma.gov/1079/Running-for-Elected-Office,https://www.amherstma.gov/1079/Running-for-Elected-Office,,schema-ready,,Library Trustee
Amherst,amherst-ma/oliver-smith-will-elector,Oliver Smith Will Elector,True,1,at-large,2,False,,https://www.amherstma.gov/1079/Running-for-Elected-Office,https://www.amherstma.gov/1079/Running-for-Elected-Office,,schema-ready,,Oliver Smith Will Elector
Amherst,amherst-ma/school-committee-member,School Committee Member,True,5,at-large,2,False,,https://www.amherstma.gov/1079/Running-for-Elected-Office,https://www.amherstma.gov/1079/Running-for-Elected-Office,,schema-ready,,School Committee Member
Andover,andover-ma/cornell-fund-trustee,Cornell Fund Trustee,True,,at-large,,,,https://ecode360.com/15616144,https://www.andoverma.gov/348/Elections,https://www.andoverma.gov/348/Elections,elected-status-verified-seat-count-unresolved,"Elected at Town Meeting from the floor, not by ordinary ballot.",Cornell Fund Trustee
Andover,andover-ma/housing-authority-member,Housing Authority Member,True,,at-large,,,,https://ecode360.com/15615550,https://www.andoverma.gov/348/Elections,https://www.andoverma.gov/348/Elections,elected-status-verified-seat-count-unresolved,,Housing Authority Member
Andover,andover-ma/moderator,Moderator,True,1,at-large,,,,https://ecode360.com/15615550,https://www.andoverma.gov/348/Elections,https://www.andoverma.gov/348/Elections,schema-ready,,Moderator
Andover,andover-ma/punchard-free-school-trustee,Punchard Free School Trustee,True,,at-large,,,,https://ecode360.com/15615550,https://www.andoverma.gov/348/Elections,https://www.andoverma.gov/348/Elections,elected-status-verified-seat-count-unresolved,Charter/bylaw confirms elected status; total current elected trustee count not normalized in this pass.,Punchard Free School Trustee
Andover,andover-ma/regional-vocational-school-committee-member,Regional Vocational School Committee Member,True,,at-large,,,,https://ecode360.com/15616144,https://www.andoverma.gov/348/Elections,https://www.andoverma.gov/348/Elections,elected-status-verified-seat-count-unresolved,,Regional Vocational School Committee Member
Andover,andover-ma/school-committee-member,School Committee Member,True,5,at-large,,,,https://www.andoverma.gov/27/Governance,https://www.andoverma.gov/348/Elections,https://www.andoverma.gov/348/Elections,schema-ready,,School Committee Member
Andover,andover-ma/select-board-member,Select Board Member,True,5,at-large,3,True,,https://ecode360.com/15615550,https://www.andoverma.gov/348/Elections,https://www.andoverma.gov/348/Elections,schema-ready,,Select Board Member
Aquinnah,aquinnah-ma/board-of-health-member,Board of Health Member,True,,at-large,,,,https://www.aquinnah-ma.gov/home/news/aq-annual-town-meeting-and-election-information-nominations-papers-are-available-0,https://www.aquinnah-ma.gov/home/news/aq-annual-town-meeting-and-election-information-nominations-papers-are-available-0,https://www.aquinnah-ma.gov/home/news/may-15th-2025-aquinnah-town-election-results,elected-status-verified-seat-count-unresolved,2026 official nomination notice confirms this is an elected office; total board/committee size remains unresolved where seats is null.,Board of Health Member
Aquinnah,aquinnah-ma/constable,Constable,True,1,at-large,,,,https://www.aquinnah-ma.gov/home/news/aq-annual-town-meeting-and-election-information-nominations-papers-are-available-0,https://www.aquinnah-ma.gov/home/news/aq-annual-town-meeting-and-election-information-nominations-papers-are-available-0,https://www.aquinnah-ma.gov/home/news/may-15th-2025-aquinnah-town-election-results,schema-ready,2026 official nomination notice confirms this is an elected office; total board/committee size remains unresolved where seats is null.,Constable
Aquinnah,aquinnah-ma/library-trustee,Library Trustee,True,,at-large,,,,https://www.aquinnah-ma.gov/home/news/aq-annual-town-meeting-and-election-information-nominations-papers-are-available-0,https://www.aquinnah-ma.gov/home/news/aq-annual-town-meeting-and-election-information-nominations-papers-are-available-0,https://www.aquinnah-ma.gov/home/news/may-15th-2025-aquinnah-town-election-results,elected-status-verified-seat-count-unresolved,2026 official nomination notice confirms this is an elected office; total board/committee size remains unresolved where seats is null.,Library Trustee
Aquinnah,aquinnah-ma/planning-board-member,Planning Board Member,True,,at-large,,,,https://www.aquinnah-ma.gov/home/news/aq-annual-town-meeting-and-election-information-nominations-papers-are-available-0,https://www.aquinnah-ma.gov/home/news/aq-annual-town-meeting-and-election-information-nominations-papers-are-available-0,https://www.aquinnah-ma.gov/home/news/may-15th-2025-aquinnah-town-election-results,elected-status-verified-seat-count-unresolved,2026 official nomination notice confirms this is an elected office; total board/committee size remains unresolved where seats is null.,Planning Board Member
Aquinnah,aquinnah-ma/school-committee-representative,School Committee Representative,True,,at-large,,,,https://www.aquinnah-ma.gov/home/news/aq-annual-town-meeting-and-election-information-nominations-papers-are-available-0,https://www.aquinnah-ma.gov/home/news/aq-annual-town-meeting-and-election-information-nominations-papers-are-available-0,https://www.aquinnah-ma.gov/home/news/may-15th-2025-aquinnah-town-election-results,elected-status-verified-seat-count-unresolved,2026 official nomination notice confirms this is an elected office; total board/committee size remains unresolved where seats is null.,School Committee Representative
Aquinnah,aquinnah-ma/select-board-member,Select Board Member,True,,at-large,,,,https://www.aquinnah-ma.gov/home/news/aq-annual-town-meeting-and-election-information-nominations-papers-are-available-0,https://www.aquinnah-ma.gov/home/news/aq-annual-town-meeting-and-election-information-nominations-papers-are-available-0,https://www.aquinnah-ma.gov/home/news/may-15th-2025-aquinnah-town-election-results,elected-status-verified-seat-count-unresolved,2026 official nomination notice confirms this is an elected office; total board/committee size remains unresolved where seats is null.,Select Board Member
Aquinnah,aquinnah-ma/town-clerk,Town Clerk,True,1,at-large,,,,https://www.aquinnah-ma.gov/home/news/aq-annual-town-meeting-and-election-information-nominations-papers-are-available-0,https://www.aquinnah-ma.gov/home/news/aq-annual-town-meeting-and-election-information-nominations-papers-are-available-0,https://www.aquinnah-ma.gov/home/news/may-15th-2025-aquinnah-town-election-results,schema-ready,2026 official nomination notice confirms this is an elected office; total board/committee size remains unresolved where seats is null.,Town Clerk
Arlington,arlington-ma/assessor,Assessor,True,,at-large,3,,,https://www.arlingtonma.gov/Home/Components/News/News/11488/191,https://www.arlingtonma.gov/Home/Components/News/News/11488/191,https://www.arlingtonma.gov/i-want-to/advanced-components/custom-documents-images-calendar/-item-22885/-selcat-86/-sortn-EName/-folder-6426/-toggle-next30days/-sortd-asc,elected-status-verified-seat-count-unresolved,,Assessor
Arlington,arlington-ma/housing-authority-member,Housing Authority Member,True,,at-large,5,,,https://www.arlingtonma.gov/Home/Components/News/News/11488/191,https://www.arlingtonma.gov/Home/Components/News/News/11488/191,https://www.arlingtonma.gov/i-want-to/advanced-components/custom-documents-images-calendar/-item-22885/-selcat-86/-sortn-EName/-folder-6426/-toggle-next30days/-sortd-asc,elected-status-verified-seat-count-unresolved,,Housing Authority Member
Arlington,arlington-ma/school-committee-member,School Committee Member,True,,at-large,3,,,https://www.arlingtonma.gov/Home/Components/News/News/11488/191,https://www.arlingtonma.gov/Home/Components/News/News/11488/191,https://www.arlingtonma.gov/i-want-to/advanced-components/custom-documents-images-calendar/-item-22885/-selcat-86/-sortn-EName/-folder-6426/-toggle-next30days/-sortd-asc,elected-status-verified-seat-count-unresolved,,School Committee Member
Arlington,arlington-ma/select-board-member,Select Board Member,True,5,at-large,3,True,,https://www.arlingtonma.gov/i-want-to/learn-about/arlington-history-facts,https://www.arlingtonma.gov/Home/Components/News/News/11488/191,https://www.arlingtonma.gov/i-want-to/advanced-components/custom-documents-images-calendar/-item-22885/-selcat-86/-sortn-EName/-folder-6426/-toggle-next30days/-sortd-asc,schema-ready,,Select Board Member
Arlington,arlington-ma/town-meeting-member,Town Meeting Member,True,252,district,,,,https://www.arlingtonma.gov/i-want-to/learn-about/arlington-history-facts,https://www.arlingtonma.gov/Home/Components/News/News/11488/191,https://www.arlingtonma.gov/i-want-to/advanced-components/custom-documents-images-calendar/-item-22885/-selcat-86/-sortn-EName/-folder-6426/-toggle-next30days/-sortd-asc,schema-ready,252 representatives elected from 21 precincts.,Town Meeting Member
Ashburnham,ashburnham-ma/board-of-health-member,Board of Health Member,True,5,at-large,,,,https://www.ashburnham-ma.gov/350/Elected-Town-Officials,https://ashburnham-ma.gov/743/ELECTION-INFO---2026,https://ashburnham-ma.gov/743/ELECTION-INFO---2026,schema-ready,,Board of Health Member
Ashburnham,ashburnham-ma/library-trustee,Library Trustee,True,6,at-large,,,,https://www.ashburnham-ma.gov/350/Elected-Town-Officials,https://ashburnham-ma.gov/743/ELECTION-INFO---2026,https://ashburnham-ma.gov/743/ELECTION-INFO---2026,schema-ready,,Library Trustee
Ashburnham,ashburnham-ma/moderator,Moderator,True,1,at-large,,,,https://ecode360.com/38371406,https://ashburnham-ma.gov/743/ELECTION-INFO---2026,https://ashburnham-ma.gov/743/ELECTION-INFO---2026,schema-ready,,Moderator
Ashburnham,ashburnham-ma/municipal-light-board-member,Municipal Light Board Member,True,3,at-large,,,,https://www.ashburnham-ma.gov/350/Elected-Town-Officials,https://ashburnham-ma.gov/743/ELECTION-INFO---2026,https://ashburnham-ma.gov/743/ELECTION-INFO---2026,schema-ready,,Municipal Light Board Member
Ashburnham,ashburnham-ma/planning-board-member,Planning Board Member,True,5,at-large,,,,https://www.ashburnham-ma.gov/350/Elected-Town-Officials,https://ashburnham-ma.gov/743/ELECTION-INFO---2026,https://ashburnham-ma.gov/743/ELECTION-INFO---2026,schema-ready,,Planning Board Member
Ashburnham,ashburnham-ma/regional-school-committee-member,Regional School Committee Member,True,5,at-large,3,True,,https://www.ashburnham-ma.gov/350/Elected-Town-Officials,https://ashburnham-ma.gov/743/ELECTION-INFO---2026,https://ashburnham-ma.gov/743/ELECTION-INFO---2026,schema-ready,Five Ashburnham seats are shown on the regional committee listing.,Regional School Committee Member
Ashburnham,ashburnham-ma/select-board-member,Select Board Member,True,3,at-large,3,True,,https://ashburnham-ma.gov/387/Select-Board,https://ashburnham-ma.gov/743/ELECTION-INFO---2026,https://ashburnham-ma.gov/743/ELECTION-INFO---2026,schema-ready,,Select Board Member
Ashby,ashby-ma/assessor,Assessor,True,,at-large,3,,,https://www.ashbyma.gov/departments/town-clerk/elected-appointed-offices/,https://www.ashbyma.gov/departments/town-clerk/elected-appointed-offices/,https://www.ashbyma.gov/,elected-status-verified-seat-count-unresolved,Official elected/appointed office page confirms elected status and term; total board size unresolved where seats is null.,Assessor
Ashby,ashby-ma/board-of-health-member,Board of Health Member,True,,at-large,3,,,https://www.ashbyma.gov/departments/town-clerk/elected-appointed-offices/,https://www.ashbyma.gov/departments/town-clerk/elected-appointed-offices/,https://www.ashbyma.gov/,elected-status-verified-seat-count-unresolved,Official elected/appointed office page confirms elected status and term; total board size unresolved where seats is null.,Board of Health Member
Ashby,ashby-ma/cemetery-commissioner,Cemetery Commissioner,True,,at-large,3,,,https://www.ashbyma.gov/departments/town-clerk/elected-appointed-offices/,https://www.ashbyma.gov/departments/town-clerk/elected-appointed-offices/,https://www.ashbyma.gov/,elected-status-verified-seat-count-unresolved,Official elected/appointed office page confirms elected status and term; total board size unresolved where seats is null.,Cemetery Commissioner
Ashby,ashby-ma/moderator,Moderator,True,1,at-large,3,,,https://www.ashbyma.gov/departments/town-clerk/elected-appointed-offices/,https://www.ashbyma.gov/departments/town-clerk/elected-appointed-offices/,https://www.ashbyma.gov/,schema-ready,Official elected/appointed office page confirms elected status and term; total board size unresolved where seats is null.,Moderator
Ashby,ashby-ma/park-commissioner,Park Commissioner,True,,at-large,3,,,https://www.ashbyma.gov/departments/town-clerk/elected-appointed-offices/,https://www.ashbyma.gov/departments/town-clerk/elected-appointed-offices/,https://www.ashbyma.gov/,elected-status-verified-seat-count-unresolved,Official elected/appointed office page confirms elected status and term; total board size unresolved where seats is null.,Park Commissioner
Ashby,ashby-ma/planning-board-member,Planning Board Member,True,,at-large,5,,,https://www.ashbyma.gov/departments/town-clerk/elected-appointed-offices/,https://www.ashbyma.gov/departments/town-clerk/elected-appointed-offices/,https://www.ashbyma.gov/,elected-status-verified-seat-count-unresolved,Official elected/appointed office page confirms elected status and term; total board size unresolved where seats is null.,Planning Board Member
Ashby,ashby-ma/regional-school-district-committee-at-large-member,Regional School District Committee At-Large Member,True,,at-large,3,,,https://www.ashbyma.gov/departments/town-clerk/elected-appointed-offices/,https://www.ashbyma.gov/departments/town-clerk/elected-appointed-offices/,https://www.ashbyma.gov/,elected-status-verified-seat-count-unresolved,Official elected/appointed office page confirms elected status and term; total board size unresolved where seats is null.,Regional School District Committee At-Large Member
Ashby,ashby-ma/regional-school-district-committee-member,Regional School District Committee Member,True,,at-large,3,,,https://www.ashbyma.gov/departments/town-clerk/elected-appointed-offices/,https://www.ashbyma.gov/departments/town-clerk/elected-appointed-offices/,https://www.ashbyma.gov/,elected-status-verified-seat-count-unresolved,Official elected/appointed office page confirms elected status and term; total board size unresolved where seats is null.,Regional School District Committee Member
Ashby,ashby-ma/select-board-member,Select Board Member,True,3,at-large,3,True,,https://www.ashbyma.gov/departments/selectboard/,https://www.ashbyma.gov/departments/town-clerk/elected-appointed-offices/,https://www.ashbyma.gov/,schema-ready,,Select Board Member
Ashby,ashby-ma/town-clerk,Town Clerk,True,1,at-large,3,,,https://www.ashbyma.gov/departments/town-clerk/elected-appointed-offices/,https://www.ashbyma.gov/departments/town-clerk/elected-appointed-offices/,https://www.ashbyma.gov/,schema-ready,Official elected/appointed office page confirms elected status and term; total board size unresolved where seats is null.,Town Clerk
Ashby,ashby-ma/treasurer,Treasurer,True,1,at-large,3,,,https://www.ashbyma.gov/departments/town-clerk/elected-appointed-offices/,https://www.ashbyma.gov/departments/town-clerk/elected-appointed-offices/,https://www.ashbyma.gov/,schema-ready,Official elected/appointed office page confirms elected status and term; total board size unresolved where seats is null.,Treasurer
Ashfield,ashfield-ma/assessor,Assessor,True,3,at-large,,,,https://www.ashfield.org/2148/Board-of-Assessors,https://www.ashfield.org/2379/Elections-Voting,,schema-ready,,Assessor
Ashfield,ashfield-ma/board-of-health-member,Board of Health Member,True,3,at-large,,,,https://ashfield.org/2153/Board-of-Health,https://www.ashfield.org/2379/Elections-Voting,,schema-ready,Current member list supports three-member composition; elected status still should be tied to the controlling local/general-law source in a later legal-normalization pass.,Board of Health Member
Ashfield,ashfield-ma/planning-board-member,Planning Board Member,True,5,at-large,,,,https://www.ashfield.org/2155/Planning-Board,https://www.ashfield.org/2379/Elections-Voting,,schema-ready,,Planning Board Member
Ashfield,ashfield-ma/select-board-member,Select Board Member,True,3,at-large,3,True,,https://www.ashfield.org/2151/Select-Board,https://www.ashfield.org/2379/Elections-Voting,,schema-ready,,Select Board Member
Ashland,ashland-ma/assessor,Assessor,True,3,at-large,3,True,,https://ecode360.com/34030918,,,schema-ready,,Assessor
Ashland,ashland-ma/board-of-health-member,Board of Health Member,True,5,at-large,3,True,,https://ecode360.com/34030918,,,schema-ready,,Board of Health Member
Ashland,ashland-ma/housing-authority-member,Housing Authority Member,True,4,at-large,5,True,,https://ecode360.com/34030917,,,schema-ready,Housing Authority has five total members; four are elected and the fifth is appointed under state law.,Housing Authority Member
Ashland,ashland-ma/library-trustee,Library Trustee,True,5,at-large,3,True,,https://ecode360.com/34030917,,,schema-ready,,Library Trustee
Ashland,ashland-ma/moderator,Moderator,True,1,at-large,3,False,,https://ecode360.com/34030918,,,schema-ready,,Moderator
Ashland,ashland-ma/planning-board-member,Planning Board Member,True,5,at-large,5,True,,https://ecode360.com/34030918,,,schema-ready,,Planning Board Member
Ashland,ashland-ma/school-committee-member,School Committee Member,True,5,at-large,3,True,,https://ecode360.com/34030925,,,schema-ready,,School Committee Member
Ashland,ashland-ma/select-board-member,Select Board Member,True,5,at-large,3,True,,https://ecode360.com/34030918,,,schema-ready,,Select Board Member
Athol,athol-ma/moderator,Moderator,True,1,at-large,,,,https://www.athol-ma.gov/m/newsflash/Home/Detail/27?arc=51,https://www.athol-ma.gov/494/Election-Information,https://www.athol-ma.gov/m/newsflash/Home/Detail/27?arc=51,schema-ready,,Moderator
Athol,athol-ma/regional-school-committee-member,Regional School Committee Member,True,,district,3,,,https://www.athol-ma.gov/m/newsflash/Home/Detail/27?arc=51,https://www.athol-ma.gov/494/Election-Information,https://www.athol-ma.gov/m/newsflash/Home/Detail/27?arc=51,elected-status-verified-seat-count-unresolved,2026 official results show Athol and Royalston-specific school committee seats; total allocation requires district-agreement normalization.,Regional School Committee Member
Athol,athol-ma/select-board-member,Select Board Member,True,5,at-large,3,True,,https://www.athol-ma.gov/340/Town-Charter,https://www.athol-ma.gov/494/Election-Information,https://www.athol-ma.gov/m/newsflash/Home/Detail/27?arc=51,schema-ready,,Select Board Member
Attleboro,attleboro-ma/city-clerk,City Clerk,True,1,at-large,,False,,https://www.cityofattleboro.us/1862/Elected-Officials,,,schema-ready,Council: 5 at-large + 6 ward. School Committee: 3 at-large + 6 ward. Creation authority still needs charter/special-act citation.,City Clerk
Attleboro,attleboro-ma/city-collector,City Collector,True,1,at-large,,False,,https://www.cityofattleboro.us/1862/Elected-Officials,,,schema-ready,Council: 5 at-large + 6 ward. School Committee: 3 at-large + 6 ward. Creation authority still needs charter/special-act citation.,City Collector
Attleboro,attleboro-ma/city-council-member,City Council Member,True,11,mixed,,,,https://www.cityofattleboro.us/1862/Elected-Officials,,,schema-ready,Council: 5 at-large + 6 ward. School Committee: 3 at-large + 6 ward. Creation authority still needs charter/special-act citation.,City Council Member
Attleboro,attleboro-ma/city-treasurer,City Treasurer,True,1,at-large,,False,,https://www.cityofattleboro.us/1862/Elected-Officials,,,schema-ready,Council: 5 at-large + 6 ward. School Committee: 3 at-large + 6 ward. Creation authority still needs charter/special-act citation.,City Treasurer
Attleboro,attleboro-ma/mayor,Mayor,True,1,at-large,,False,,https://www.cityofattleboro.us/1862/Elected-Officials,,,schema-ready,Council: 5 at-large + 6 ward. School Committee: 3 at-large + 6 ward. Creation authority still needs charter/special-act citation.,Mayor
Attleboro,attleboro-ma/school-committee-member,School Committee Member,True,9,mixed,,,,https://www.cityofattleboro.us/1862/Elected-Officials,,,schema-ready,Council: 5 at-large + 6 ward. School Committee: 3 at-large + 6 ward. Creation authority still needs charter/special-act citation.,School Committee Member
Auburn,auburn-ma/select-board-member,Select Board Member,True,5,at-large,3,True,,https://www.auburnma.gov/283/Select-Board,https://www.auburnma.gov/256/Voting-Elections,https://www.auburnma.gov/Archive.aspx?AMID=41,schema-ready,Other elected offices remain to be extracted from Auburn's charter/local elected-official PDF; only the Select Board is schema-ready in this pass.,Select Board Member
Avon,avon-ma/assessor,Assessor,True,3,at-large,3,True,,https://www.avon-ma.gov/1741/Board-of-Assessors,https://www.avon-ma.gov/1863/Voting-Elections,https://www.avon-ma.gov/DocumentCenter/View/7711/April-14-2026-Local-Election,schema-ready,"Official board page states three elected assessors, staggered so one is elected each year.",Assessor
Avon,avon-ma/board-of-health-member,Board of Health Member,True,3,at-large,3,True,,https://www.avon-ma.gov/1740/Board-of-Health,https://www.avon-ma.gov/1863/Voting-Elections,https://www.avon-ma.gov/DocumentCenter/View/7711/April-14-2026-Local-Election,schema-ready,Official board page expressly states three elected members serving three-year terms.,Board of Health Member
Avon,avon-ma/constable,Constable,True,,at-large,3,,,https://www.avon-ma.gov/DocumentCenter/View/7711/April-14-2026-Local-Election,https://www.avon-ma.gov/1863/Voting-Elections,https://www.avon-ma.gov/DocumentCenter/View/7711/April-14-2026-Local-Election,elected-status-verified-seat-count-unresolved,"2026 official result shows a three-year Constable contest, vote for two; total number of constable positions remains unresolved.",Constable
Avon,avon-ma/library-trustee,Library Trustee,True,3,at-large,3,True,,https://www.avon-ma.gov/1779/Library-Trustees,https://www.avon-ma.gov/1863/Voting-Elections,https://www.avon-ma.gov/DocumentCenter/View/7711/April-14-2026-Local-Election,schema-ready,Official page expressly states a three-member elected board with staggered three-year terms.,Library Trustee
Avon,avon-ma/park-and-recreation-member,Park and Recreation Member,True,,at-large,3,,,https://www.avon-ma.gov/DocumentCenter/View/7711/April-14-2026-Local-Election,https://www.avon-ma.gov/1863/Voting-Elections,https://www.avon-ma.gov/DocumentCenter/View/7711/April-14-2026-Local-Election,elected-status-verified-seat-count-unresolved,"2026 official result shows a three-year Parks and Recreation contest, vote for two; total board composition remains unresolved.",Park and Recreation Member
Avon,avon-ma/planning-board-member,Planning Board Member,True,5,at-large,5,True,,https://www.avon-ma.gov/1722/Planning-Board,https://www.avon-ma.gov/1863/Voting-Elections,https://www.avon-ma.gov/DocumentCenter/View/7711/April-14-2026-Local-Election,schema-ready,2026 official election result establishes elected status and five-year term; current board page shows five members with successive expirations.,Planning Board Member
Avon,avon-ma/redevelopment-authority-member,Redevelopment Authority Member,True,4,at-large,5,True,,https://www.avon-ma.gov/1721/Redevelopment-Authority,https://www.avon-ma.gov/1863/Voting-Elections,https://www.avon-ma.gov/DocumentCenter/View/7711/April-14-2026-Local-Election,schema-ready,Five-member authority: four members elected by Avon voters for staggered five-year terms; fifth member appointed under general law.,Redevelopment Authority Member
Avon,avon-ma/school-committee-member,School Committee Member,True,5,at-large,3,True,,https://www.avon-ma.gov/1720/School-Committee,https://www.avon-ma.gov/1863/Voting-Elections,https://www.avon-ma.gov/DocumentCenter/View/7711/April-14-2026-Local-Election,schema-ready,2026 official election result confirms School Committee ballot seats; current committee page shows five members.,School Committee Member
Avon,avon-ma/select-board-member,Select Board Member,True,,at-large,3,,,https://www.avon-ma.gov/DocumentCenter/View/7711/April-14-2026-Local-Election,https://www.avon-ma.gov/1863/Voting-Elections,https://www.avon-ma.gov/DocumentCenter/View/7711/April-14-2026-Local-Election,elected-status-verified-seat-count-unresolved,2026 official election result confirms a Select Board seat with a three-year term; total current board composition still needs controlling-source normalization.,Select Board Member
Avon,avon-ma/sewer-commissioner,Sewer Commissioner,True,3,at-large,3,True,,https://www.avon-ma.gov/1718/Sewer-Commission,https://www.avon-ma.gov/1863/Voting-Elections,https://www.avon-ma.gov/DocumentCenter/View/7711/April-14-2026-Local-Election,schema-ready,2026 official result confirms elected Sewer Commission seat; current board page shows three members with successive term expirations.,Sewer Commissioner
Ayer,ayer-ma/assessor,Assessor,True,,at-large,3,,,https://www.ayer.ma.us/185/Offices-on-the-Ballot,https://www.ayer.ma.us/185/Offices-on-the-Ballot,https://www.ayer.ma.us/173/Election-Voting-Town-Meeting-Information,elected-status-verified-seat-count-unresolved,Annual election 'Offices on the Ballot' establishes elected status and regular term; total board/committee composition remains unresolved in this pass.,Assessor
Ayer,ayer-ma/board-of-health-member,Board of Health Member,True,,at-large,3,,,https://www.ayer.ma.us/185/Offices-on-the-Ballot,https://www.ayer.ma.us/185/Offices-on-the-Ballot,https://www.ayer.ma.us/173/Election-Voting-Town-Meeting-Information,elected-status-verified-seat-count-unresolved,Annual election 'Offices on the Ballot' establishes elected status and regular term; total board/committee composition remains unresolved in this pass.,Board of Health Member
Ayer,ayer-ma/commissioner-of-trust-funds,Commissioner of Trust Funds,True,,at-large,3,,,https://www.ayer.ma.us/185/Offices-on-the-Ballot,https://www.ayer.ma.us/185/Offices-on-the-Ballot,https://www.ayer.ma.us/173/Election-Voting-Town-Meeting-Information,elected-status-verified-seat-count-unresolved,Annual election 'Offices on the Ballot' establishes elected status and regular term; total board/committee composition remains unresolved in this pass.,Commissioner of Trust Funds
Ayer,ayer-ma/constable,Constable,True,,at-large,3,,,https://www.ayer.ma.us/185/Offices-on-the-Ballot,https://www.ayer.ma.us/185/Offices-on-the-Ballot,https://www.ayer.ma.us/173/Election-Voting-Town-Meeting-Information,elected-status-verified-seat-count-unresolved,Annual election 'Offices on the Ballot' establishes elected status and regular term; total board/committee composition remains unresolved in this pass.,Constable
Ayer,ayer-ma/housing-authority-member,Housing Authority Member,True,,at-large,5,,,https://www.ayer.ma.us/185/Offices-on-the-Ballot,https://www.ayer.ma.us/185/Offices-on-the-Ballot,https://www.ayer.ma.us/173/Election-Voting-Town-Meeting-Information,elected-status-verified-seat-count-unresolved,Annual election 'Offices on the Ballot' establishes elected status and regular term; total board/committee composition remains unresolved in this pass.,Housing Authority Member
Ayer,ayer-ma/library-trustee,Library Trustee,True,,at-large,3,,,https://www.ayer.ma.us/185/Offices-on-the-Ballot,https://www.ayer.ma.us/185/Offices-on-the-Ballot,https://www.ayer.ma.us/173/Election-Voting-Town-Meeting-Information,elected-status-verified-seat-count-unresolved,Annual election 'Offices on the Ballot' establishes elected status and regular term; total board/committee composition remains unresolved in this pass.,Library Trustee
Ayer,ayer-ma/moderator,Moderator,True,1,at-large,3,,,https://www.ayer.ma.us/185/Offices-on-the-Ballot,https://www.ayer.ma.us/185/Offices-on-the-Ballot,https://www.ayer.ma.us/173/Election-Voting-Town-Meeting-Information,schema-ready,,Moderator
Ayer,ayer-ma/park-commissioner,Park Commissioner,True,,at-large,3,,,https://www.ayer.ma.us/185/Offices-on-the-Ballot,https://www.ayer.ma.us/185/Offices-on-the-Ballot,https://www.ayer.ma.us/173/Election-Voting-Town-Meeting-Information,elected-status-verified-seat-count-unresolved,Annual election 'Offices on the Ballot' establishes elected status and regular term; total board/committee composition remains unresolved in this pass.,Park Commissioner
Ayer,ayer-ma/planning-board-member,Planning Board Member,True,,at-large,3,,,https://www.ayer.ma.us/185/Offices-on-the-Ballot,https://www.ayer.ma.us/185/Offices-on-the-Ballot,https://www.ayer.ma.us/173/Election-Voting-Town-Meeting-Information,elected-status-verified-seat-count-unresolved,Annual election 'Offices on the Ballot' establishes elected status and regular term; total board/committee composition remains unresolved in this pass.,Planning Board Member
Ayer,ayer-ma/regional-school-district-committee-member,Regional School District Committee Member,True,,at-large,3,,,https://www.ayer.ma.us/185/Offices-on-the-Ballot,https://www.ayer.ma.us/185/Offices-on-the-Ballot,https://www.ayer.ma.us/173/Election-Voting-Town-Meeting-Information,elected-status-verified-seat-count-unresolved,Annual election 'Offices on the Ballot' establishes elected status and regular term; total board/committee composition remains unresolved in this pass.,Regional School District Committee Member
Ayer,ayer-ma/select-board-member,Select Board Member,True,3,at-large,3,True,,https://www.ayer.ma.us/424/Select-Board,https://www.ayer.ma.us/185/Offices-on-the-Ballot,https://www.ayer.ma.us/173/Election-Voting-Town-Meeting-Information,schema-ready,,Select Board Member
Barnstable,barnstable-ma/housing-authority-member,Housing Authority Member,True,4,at-large,4,True,,https://ecode360.com/6560163,https://www.townofbarnstable.us/Departments/TownClerk/Office_Information/Election-Information.asp,https://www.townofbarnstable.us/Departments/TownClerk/Office_Information/Election-Information.asp,schema-ready,Five-member authority total; four seats are elective and one is state-appointed.,Housing Authority Member
Barnstable,barnstable-ma/school-committee-member,School Committee Member,True,5,at-large,4,True,,https://ecode360.com/6560163,https://www.townofbarnstable.us/Departments/TownClerk/Office_Information/Election-Information.asp,https://www.townofbarnstable.us/Departments/TownClerk/Office_Information/Election-Information.asp,schema-ready,,School Committee Member
Barnstable,barnstable-ma/town-clerk,Town Clerk,True,1,at-large,4,False,,https://ecode360.com/6560163,https://www.townofbarnstable.us/Departments/TownClerk/Office_Information/Election-Information.asp,https://www.townofbarnstable.us/Departments/TownClerk/Office_Information/Election-Information.asp,schema-ready,,Town Clerk
Barnstable,barnstable-ma/town-council-member,Town Council Member,True,13,district,4,True,,https://ecode360.com/12065316,https://www.townofbarnstable.us/Departments/TownClerk/Office_Information/Election-Information.asp,https://www.townofbarnstable.us/Departments/TownClerk/Office_Information/Election-Information.asp,schema-ready,Barnstable has 13 precinct-based council seats; terms alternate by odd/even precinct groups.,Town Council Member
Barre,barre-ma/assessor,Assessor,True,3,at-large,3,True,,https://www.townofbarre.com/assessors,https://www.townofbarre.com/index.asp?DE=1707B3CD-D60D-428F-98A7-EF4732C396A9&SEC=227CF36F-CC5B-4428-AE07-F3A7F07F34B0,https://www.townofbarre.com/vertical/sites/%7BBE114F1B-906E-45B0-8413-50FFE8B51C22%7D/uploads/2026-ATE-4-6-Results-8x11-pdf.pdf,schema-ready,,Assessor
Barre,barre-ma/associate-planning-board-member,Associate Planning Board Member,True,,at-large,1,,,https://www.townofbarre.com/vertical/sites/%7BBE114F1B-906E-45B0-8413-50FFE8B51C22%7D/uploads/2026-ATE-4-6-Results-8x11-pdf.pdf,https://www.townofbarre.com/index.asp?DE=1707B3CD-D60D-428F-98A7-EF4732C396A9&SEC=227CF36F-CC5B-4428-AE07-F3A7F07F34B0,https://www.townofbarre.com/vertical/sites/%7BBE114F1B-906E-45B0-8413-50FFE8B51C22%7D/uploads/2026-ATE-4-6-Results-8x11-pdf.pdf,elected-status-verified-seat-count-unresolved,2026 annual election result establishes an elected 1-year Associate Planning Board seat; total associate-seat structure remains unresolved.,Associate Planning Board Member
Barre,barre-ma/board-of-health-member,Board of Health Member,True,3,at-large,3,True,,https://www.townofbarre.com/health,https://www.townofbarre.com/index.asp?DE=1707B3CD-D60D-428F-98A7-EF4732C396A9&SEC=227CF36F-CC5B-4428-AE07-F3A7F07F34B0,https://www.townofbarre.com/vertical/sites/%7BBE114F1B-906E-45B0-8413-50FFE8B51C22%7D/uploads/2026-ATE-4-6-Results-8x11-pdf.pdf,schema-ready,,Board of Health Member
Barre,barre-ma/constable,Constable,True,,at-large,2,,,https://www.townofbarre.com/vertical/sites/%7BBE114F1B-906E-45B0-8413-50FFE8B51C22%7D/uploads/2026-ATE-4-6-Results-8x11-pdf.pdf,https://www.townofbarre.com/index.asp?DE=1707B3CD-D60D-428F-98A7-EF4732C396A9&SEC=227CF36F-CC5B-4428-AE07-F3A7F07F34B0,https://www.townofbarre.com/vertical/sites/%7BBE114F1B-906E-45B0-8413-50FFE8B51C22%7D/uploads/2026-ATE-4-6-Results-8x11-pdf.pdf,elected-status-verified-seat-count-unresolved,2026 annual election result establishes an elected 2-year Constable seat; total number of constable positions remains unresolved.,Constable
Barre,barre-ma/felton-field-commissioner,Felton Field Commissioner,True,,at-large,,,,https://www.townofbarre.com/vertical/sites/%7BBE114F1B-906E-45B0-8413-50FFE8B51C22%7D/uploads/2026-ATE-4-6-Results-8x11-pdf.pdf,https://www.townofbarre.com/index.asp?DE=1707B3CD-D60D-428F-98A7-EF4732C396A9&SEC=227CF36F-CC5B-4428-AE07-F3A7F07F34B0,https://www.townofbarre.com/vertical/sites/%7BBE114F1B-906E-45B0-8413-50FFE8B51C22%7D/uploads/2026-ATE-4-6-Results-8x11-pdf.pdf,elected-status-verified-seat-count-unresolved,"2026 result contains Felton Field contests with 1-, 2-, and 3-year terms, consistent with vacancies/unexpired terms; total commission size and regular term require normalization.",Felton Field Commissioner
Barre,barre-ma/housing-authority-member,Housing Authority Member,True,,at-large,5,,,https://www.townofbarre.com/vertical/sites/%7BBE114F1B-906E-45B0-8413-50FFE8B51C22%7D/uploads/2026-ATE-4-6-Results-8x11-pdf.pdf,https://www.townofbarre.com/index.asp?DE=1707B3CD-D60D-428F-98A7-EF4732C396A9&SEC=227CF36F-CC5B-4428-AE07-F3A7F07F34B0,https://www.townofbarre.com/vertical/sites/%7BBE114F1B-906E-45B0-8413-50FFE8B51C22%7D/uploads/2026-ATE-4-6-Results-8x11-pdf.pdf,elected-status-verified-seat-count-unresolved,2026 annual election result establishes an elected 5-year Housing Authority seat; total locally elected seat count remains unresolved.,Housing Authority Member
Barre,barre-ma/library-trustee,Library Trustee,True,,at-large,3,,,https://www.townofbarre.com/vertical/sites/%7BBE114F1B-906E-45B0-8413-50FFE8B51C22%7D/uploads/2026-ATE-4-6-Results-8x11-pdf.pdf,https://www.townofbarre.com/index.asp?DE=1707B3CD-D60D-428F-98A7-EF4732C396A9&SEC=227CF36F-CC5B-4428-AE07-F3A7F07F34B0,https://www.townofbarre.com/vertical/sites/%7BBE114F1B-906E-45B0-8413-50FFE8B51C22%7D/uploads/2026-ATE-4-6-Results-8x11-pdf.pdf,elected-status-verified-seat-count-unresolved,2026 annual election result shows two Library Trustee seats with 3-year terms; total board size remains unresolved.,Library Trustee
Barre,barre-ma/planning-board-member,Planning Board Member,True,5,at-large,5,True,,https://www.townofbarre.com/planning,https://www.townofbarre.com/index.asp?DE=1707B3CD-D60D-428F-98A7-EF4732C396A9&SEC=227CF36F-CC5B-4428-AE07-F3A7F07F34B0,https://www.townofbarre.com/vertical/sites/%7BBE114F1B-906E-45B0-8413-50FFE8B51C22%7D/uploads/2026-ATE-4-6-Results-8x11-pdf.pdf,schema-ready,"Official Planning Board page states five elected members, each serving five-year terms.",Planning Board Member
Barre,barre-ma/regional-school-committee-member,Regional School Committee Member,True,,district,3,,,https://www.townofbarre.com/vertical/sites/%7BBE114F1B-906E-45B0-8413-50FFE8B51C22%7D/uploads/2026-ATE-4-6-Results-8x11-pdf.pdf,https://www.townofbarre.com/index.asp?DE=1707B3CD-D60D-428F-98A7-EF4732C396A9&SEC=227CF36F-CC5B-4428-AE07-F3A7F07F34B0,https://www.townofbarre.com/vertical/sites/%7BBE114F1B-906E-45B0-8413-50FFE8B51C22%7D/uploads/2026-ATE-4-6-Results-8x11-pdf.pdf,elected-status-verified-seat-count-unresolved,2026 result establishes a 3-year Quabbin Regional School Committee seat; Barre's total allocation requires district-agreement normalization.,Quabbin Regional School Committee Member
Barre,barre-ma/select-board-member,Select Board Member,True,3,at-large,3,True,,https://www.townofbarre.com/selectboard,https://www.townofbarre.com/index.asp?DE=1707B3CD-D60D-428F-98A7-EF4732C396A9&SEC=227CF36F-CC5B-4428-AE07-F3A7F07F34B0,https://www.townofbarre.com/vertical/sites/%7BBE114F1B-906E-45B0-8413-50FFE8B51C22%7D/uploads/2026-ATE-4-6-Results-8x11-pdf.pdf,schema-ready,Current official Select Board page lists three members with successive expiration years; 2026 annual election result includes a 3-year Select Board seat.,Select Board Member
Barre,barre-ma/sewer-commissioner,Sewer Commissioner,True,3,at-large,3,True,,https://www.townofbarre.com/sewer,https://www.townofbarre.com/index.asp?DE=1707B3CD-D60D-428F-98A7-EF4732C396A9&SEC=227CF36F-CC5B-4428-AE07-F3A7F07F34B0,https://www.townofbarre.com/vertical/sites/%7BBE114F1B-906E-45B0-8413-50FFE8B51C22%7D/uploads/2026-ATE-4-6-Results-8x11-pdf.pdf,schema-ready,,Sewer Commissioner
Barre,barre-ma/water-commissioner,Water Commissioner,True,3,at-large,3,True,,https://www.townofbarre.com/water,https://www.townofbarre.com/index.asp?DE=1707B3CD-D60D-428F-98A7-EF4732C396A9&SEC=227CF36F-CC5B-4428-AE07-F3A7F07F34B0,https://www.townofbarre.com/vertical/sites/%7BBE114F1B-906E-45B0-8413-50FFE8B51C22%7D/uploads/2026-ATE-4-6-Results-8x11-pdf.pdf,schema-ready,,Water Commissioner
Bedford,bedford-ma/assessor,Assessor,True,3,at-large,,,,https://bedfordma.gov/1042/Elections-Elected-Town-Officials,https://www.bedfordma.gov/281/Elections,https://www.bedfordma.gov/282/Elections-Results,schema-ready,,Assessor
Bedford,bedford-ma/board-of-health-member,Board of Health Member,True,5,at-large,,,,https://bedfordma.gov/1042/Elections-Elected-Town-Officials,https://www.bedfordma.gov/281/Elections,https://www.bedfordma.gov/282/Elections-Results,schema-ready,,Board of Health Member
Bedford,bedford-ma/housing-authority-member,Housing Authority Member,True,3,at-large,,,,https://bedfordma.gov/1042/Elections-Elected-Town-Officials,https://www.bedfordma.gov/281/Elections,https://www.bedfordma.gov/282/Elections-Results,schema-ready,Current official list shows three local members and one state appointee; verify whether a resident/tenant appointed seat is presently vacant/omitted before finalizing total authority composition.,Housing Authority Member
Bedford,bedford-ma/library-trustee,Library Trustee,True,7,at-large,,,,https://bedfordma.gov/1042/Elections-Elected-Town-Officials,https://www.bedfordma.gov/281/Elections,https://www.bedfordma.gov/282/Elections-Results,schema-ready,,Library Trustee
Bedford,bedford-ma/moderator,Moderator,True,1,at-large,,,,https://bedfordma.gov/1042/Elections-Elected-Town-Officials,https://www.bedfordma.gov/281/Elections,https://www.bedfordma.gov/282/Elections-Results,schema-ready,,Moderator
Bedford,bedford-ma/planning-board-member,Planning Board Member,True,5,at-large,,,,https://bedfordma.gov/1042/Elections-Elected-Town-Officials,https://www.bedfordma.gov/281/Elections,https://www.bedfordma.gov/282/Elections-Results,schema-ready,,Planning Board Member
Bedford,bedford-ma/regional-school-committee-member,Regional School Committee Member,True,2,at-large,,,,https://bedfordma.gov/1042/Elections-Elected-Town-Officials,https://www.bedfordma.gov/281/Elections,https://www.bedfordma.gov/282/Elections-Results,schema-ready,,Regional School Committee Member
Bedford,bedford-ma/school-committee-member,School Committee Member,True,5,at-large,,,,https://bedfordma.gov/1042/Elections-Elected-Town-Officials,https://www.bedfordma.gov/281/Elections,https://www.bedfordma.gov/282/Elections-Results,schema-ready,,School Committee Member
Bedford,bedford-ma/select-board-member,Select Board Member,True,5,at-large,,,,https://bedfordma.gov/1042/Elections-Elected-Town-Officials,https://www.bedfordma.gov/281/Elections,https://www.bedfordma.gov/282/Elections-Results,schema-ready,,Select Board Member
Belchertown,belchertown-ma/town-clerk,Town Clerk,True,1,at-large,3,,,https://ecode360.com/9050369,https://www.belchertown.org/290/Running-For-Town-Office,,schema-ready,Local bylaw explicitly establishes elected Town Clerk. Other elected boards/offices still require extraction from the annual open-offices list and controlling legal sources.,Town Clerk
Bellingham,bellingham-ma/constable,Constable,True,,at-large,,,,https://ecode360.com/15942725,https://www.bellinghamma.org/669/Elections,https://www.bellinghamma.org/669/Election-Results,elected-status-verified-seat-count-unresolved,Charter Article 3 establishes elected status; total composition is unresolved here where seats is null.,Constable
Bellingham,bellingham-ma/housing-authority-member,Housing Authority Member,True,3,at-large,,,,https://ecode360.com/15942725,https://www.bellinghamma.org/669/Elections,https://www.bellinghamma.org/669/Election-Results,schema-ready,Charter explicitly states three locally elected Housing Authority members.,Housing Authority Member
Bellingham,bellingham-ma/library-trustee,Library Trustee,True,,at-large,,,,https://ecode360.com/15942725,https://www.bellinghamma.org/669/Elections,https://www.bellinghamma.org/669/Election-Results,elected-status-verified-seat-count-unresolved,Charter Article 3 establishes elected status; total composition is unresolved here where seats is null.,Library Trustee
Bellingham,bellingham-ma/moderator,Moderator,True,1,at-large,,,,https://ecode360.com/15942725,https://www.bellinghamma.org/669/Elections,https://www.bellinghamma.org/669/Election-Results,schema-ready,Charter Article 3 establishes elected status; total composition is unresolved here where seats is null.,Moderator
Bellingham,bellingham-ma/planning-board-member,Planning Board Member,True,,at-large,,,,https://ecode360.com/15942725,https://www.bellinghamma.org/669/Elections,https://www.bellinghamma.org/669/Election-Results,elected-status-verified-seat-count-unresolved,Charter Article 3 establishes elected status; total composition is unresolved here where seats is null.,Planning Board Member
Bellingham,bellingham-ma/regional-vocational-school-committee-member,Regional Vocational School Committee Member,True,,at-large,,,,https://ecode360.com/15942725,https://www.bellinghamma.org/669/Elections,https://www.bellinghamma.org/669/Election-Results,elected-status-verified-seat-count-unresolved,Charter Article 3 establishes elected status; total composition is unresolved here where seats is null.,Regional Vocational School Committee Member
Bellingham,bellingham-ma/school-committee-member,School Committee Member,True,,at-large,,,,https://ecode360.com/15942725,https://www.bellinghamma.org/669/Elections,https://www.bellinghamma.org/669/Election-Results,elected-status-verified-seat-count-unresolved,Charter Article 3 establishes elected status; total composition is unresolved here where seats is null.,School Committee Member
Bellingham,bellingham-ma/select-board-member,Select Board Member,True,,at-large,,,,https://ecode360.com/15942725,https://www.bellinghamma.org/669/Elections,https://www.bellinghamma.org/669/Election-Results,elected-status-verified-seat-count-unresolved,Charter Article 3 establishes elected status; total composition is unresolved here where seats is null.,Select Board Member
Bellingham,bellingham-ma/town-clerk,Town Clerk,True,1,at-large,,,,https://ecode360.com/15942725,https://www.bellinghamma.org/669/Elections,https://www.bellinghamma.org/669/Election-Results,schema-ready,Charter Article 3 establishes elected status; total composition is unresolved here where seats is null.,Town Clerk
Belmont,belmont-ma/board-of-health-member,Board of Health Member,True,,at-large,,,,https://ecode360.com/27111365,,,elected-status-verified-seat-count-unresolved,,Board of Health Member
Belmont,belmont-ma/cemetery-commissioner,Cemetery Commissioner,True,3,at-large,3,True,,https://ecode360.com/27111378,,,schema-ready,,Cemetery Commissioner
Belmont,belmont-ma/housing-authority-member,Housing Authority Member,True,,at-large,,,,https://www.belmont-ma.gov/List.aspx,,,elected-status-verified-seat-count-unresolved,,Housing Authority Member
Belmont,belmont-ma/library-trustee,Library Trustee,True,6,at-large,3,True,,https://ecode360.com/27127139,,,schema-ready,,Library Trustee
Belmont,belmont-ma/moderator,Moderator,True,1,at-large,,,,https://ecode360.com/15794982,,,schema-ready,,Moderator
Belmont,belmont-ma/municipal-light-board-member,Municipal Light Board Member,True,5,at-large,3,True,,https://www.belmontlight.com/about/governance/,,,schema-ready,Belmont Light states the separate elected five-member Municipal Light Board was first elected in 2022; members serve staggered three-year terms.,Municipal Light Board Member
Belmont,belmont-ma/school-committee-member,School Committee Member,True,,at-large,,,,https://www.belmont-ma.gov/1959/Governance,,,elected-status-verified-seat-count-unresolved,,School Committee Member
Belmont,belmont-ma/select-board-member,Select Board Member,True,3,at-large,3,True,,https://ecode360.com/27127139,,,schema-ready,,Select Board Member
Belmont,belmont-ma/town-meeting-member,Town Meeting Member,True,,district,,,,https://www.belmont-ma.gov/1959/Governance,,,elected-status-verified-seat-count-unresolved,Representative Town Meeting members are elected by precinct; exact current total/precinct allocation is still being normalized.,Town Meeting Member
Berkley,berkley-ma/select-board-member,Select Board Member,True,5,at-large,3,True,,https://malegislature.gov/Laws/SessionLaws/Acts/2026/Chapter124,https://www.mma.org/community/berkley/,,schema-ready,"Acts of 2026, c.124 expanded the Board of Selectmen from 3 to 5 members. Transitional election provisions apply at the first annual election occurring at least 64 days after July 7, 2026; thereafter all seats are 3-year terms.",Select Board Member
Berlin,berlin-ma/assessor,Assessor,True,,at-large,3,,,https://www.townofberlin.com/DocumentCenter/View/1612/2026-Local-Town-Election,https://www.townofberlin.com/1290/Elections,https://www.townofberlin.com/DocumentCenter/View/1612/2026-Local-Town-Election,elected-status-verified-seat-count-unresolved,2026 result establishes an elected regular 3-year Assessor seat plus a separate 1-year unexpired Assessor contest; total assessor-board size remains unresolved.,Assessor
Berlin,berlin-ma/board-of-health-member,Board of Health Member,True,,at-large,,,,https://www.townofberlin.com/DocumentCenter/View/1612/2026-Local-Town-Election,https://www.townofberlin.com/1290/Elections,https://www.townofberlin.com/DocumentCenter/View/1612/2026-Local-Town-Election,elected-status-verified-seat-count-unresolved,2026 local election result contains a Board of Health contest; total board size and regular term remain unresolved.,Board of Health Member
Berlin,berlin-ma/cemetery-commissioner,Cemetery Commissioner,True,3,at-large,3,True,,https://www.townofberlin.com/1328/Cemetery-Commission,https://www.townofberlin.com/1290/Elections,https://www.townofberlin.com/DocumentCenter/View/1612/2026-Local-Town-Election,schema-ready,Official page explicitly states Cemetery Commissioners are elected to staggered 3-year terms and lists three positions.,Cemetery Commissioner
Berlin,berlin-ma/library-trustee,Library Trustee,True,3,at-large,,True,,https://townofberlin.com/1209/Berlin-Public-Library,https://www.townofberlin.com/1290/Elections,https://www.townofberlin.com/DocumentCenter/View/1612/2026-Local-Town-Election,schema-ready,2026 election result establishes elected status; town library page identifies three trustees. Regular term length remains unresolved in this pass.,Library Trustee
Berlin,berlin-ma/moderator,Moderator,True,1,at-large,,False,,https://www.townofberlin.com/DocumentCenter/View/1612/2026-Local-Town-Election,https://www.townofberlin.com/1290/Elections,https://www.townofberlin.com/DocumentCenter/View/1612/2026-Local-Town-Election,schema-ready,,Moderator
Berlin,berlin-ma/planning-board-member,Planning Board Member,True,5,at-large,5,True,,https://www.townofberlin.com/1314/Planning-Board,https://www.townofberlin.com/1290/Elections,https://www.townofberlin.com/DocumentCenter/View/1612/2026-Local-Town-Election,schema-ready,Official page explicitly identifies the Planning Board as elected and shows five sequentially expiring member seats; regular 5-year structure inferred from the five-year stagger pattern and retained with source note.,Planning Board Member
Berlin,berlin-ma/select-board-member,Select Board Member,True,3,at-large,3,True,,https://townofberlin.com/1312/Select-Board,https://www.townofberlin.com/1290/Elections,https://www.townofberlin.com/DocumentCenter/View/1612/2026-Local-Town-Election,schema-ready,Official Select Board page explicitly states three members elected for staggered three-year terms.,Select Board Member
Berlin,berlin-ma/town-clerk,Town Clerk,True,1,at-large,,False,,https://www.townofberlin.com/DocumentCenter/View/1612/2026-Local-Town-Election,https://www.townofberlin.com/1290/Elections,https://www.townofberlin.com/DocumentCenter/View/1612/2026-Local-Town-Election,schema-ready,,Town Clerk
Bernardston,bernardston-ma/assessor,Assessor,True,,at-large,,,,https://www.townofbernardston.org/town-clerk/page/2025-annual-town-election-results,https://www.townofbernardston.org/town-clerk,https://www.townofbernardston.org/town-clerk/page/2025-annual-town-election-results,elected-status-verified-seat-count-unresolved,Elected status established by official 2025 Annual Town Election results; current total seat count/term remains unresolved in this pass.,Assessor
Bernardston,bernardston-ma/board-of-health-member,Board of Health Member,True,3,at-large,,,,https://www.townofbernardston.org/board-health,https://www.townofbernardston.org/town-clerk,https://www.townofbernardston.org/town-clerk/page/2025-annual-town-election-results,schema-ready,Official Board of Health page identifies members as elected officials; current directory shows three members.,Board of Health Member
Bernardston,bernardston-ma/constable,Constable,True,,at-large,,,,https://www.townofbernardston.org/town-clerk/page/2025-annual-town-election-results,https://www.townofbernardston.org/town-clerk,https://www.townofbernardston.org/town-clerk/page/2025-annual-town-election-results,elected-status-verified-seat-count-unresolved,Elected status established by official 2025 Annual Town Election results; current total seat count/term remains unresolved in this pass.,Constable
Bernardston,bernardston-ma/library-trustee,Library Trustee,True,12,at-large,3,True,,https://www.townofbernardston.org/cushman-library/page/cushman-library-board-trustees,https://www.townofbernardston.org/town-clerk,https://www.townofbernardston.org/town-clerk/page/2025-annual-town-election-results,schema-ready,Official page states twelve people have been elected to the Board of Trustees; volunteer-opportunity page gives 3-year terms.,Cushman Library Board of Trustees
Bernardston,bernardston-ma/powers-institute-trustee,Powers Institute Trustee,True,,at-large,,,,https://www.townofbernardston.org/town-clerk/page/2025-annual-town-election-results,https://www.townofbernardston.org/town-clerk,https://www.townofbernardston.org/town-clerk/page/2025-annual-town-election-results,elected-status-verified-seat-count-unresolved,Elected status established by official 2025 Annual Town Election results; current total seat count/term remains unresolved in this pass.,Powers Institute Trustee
Bernardston,bernardston-ma/recreation-commissioner,Recreation Commissioner,True,6,at-large,3,True,,https://www.townofbernardston.org/recreation-commission,https://www.townofbernardston.org/town-clerk,https://www.townofbernardston.org/town-clerk/page/2025-annual-town-election-results,schema-ready,Official page states six elected members serving 3-year terms.,Recreation Commissioner
Bernardston,bernardston-ma/school-committee-member,School Committee Member,True,,district,4,,,https://www.townofbernardston.org/selectboard/page/employment-and-volunteer-opportunities,https://www.townofbernardston.org/town-clerk,https://www.townofbernardston.org/town-clerk/page/2025-annual-town-election-results,elected-status-verified-seat-count-unresolved,Official town volunteer page identifies School Committee as elected with a 4-year term; town allocation/total district seats remain unresolved.,School Committee Member
Bernardston,bernardston-ma/select-board-member,Select Board Member,True,3,at-large,3,True,,https://www.townofbernardston.org/selectboard,https://www.townofbernardston.org/town-clerk,https://www.townofbernardston.org/town-clerk/page/2025-annual-town-election-results,schema-ready,"Official Selectboard page states three elected members, usually staggered 3-year terms.",Select Board Member
Bernardston,bernardston-ma/tax-collector,Tax Collector,True,,at-large,,,,https://www.townofbernardston.org/town-clerk/page/2025-annual-town-election-results,https://www.townofbernardston.org/town-clerk,https://www.townofbernardston.org/town-clerk/page/2025-annual-town-election-results,elected-status-verified-seat-count-unresolved,Elected status established by official 2025 Annual Town Election results; current total seat count/term remains unresolved in this pass.,Tax Collector
Bernardston,bernardston-ma/tree-warden,Tree Warden,True,,at-large,,,,https://www.townofbernardston.org/town-clerk/page/2025-annual-town-election-results,https://www.townofbernardston.org/town-clerk,https://www.townofbernardston.org/town-clerk/page/2025-annual-town-election-results,elected-status-verified-seat-count-unresolved,Elected status established by official 2025 Annual Town Election results; current total seat count/term remains unresolved in this pass.,Tree Warden
Bernardston,bernardston-ma/warner-trust-fund-trustee,Warner Trust Fund Trustee,True,,at-large,,,,https://www.townofbernardston.org/town-clerk/page/2025-annual-town-election-results,https://www.townofbernardston.org/town-clerk,https://www.townofbernardston.org/town-clerk/page/2025-annual-town-election-results,elected-status-verified-seat-count-unresolved,Elected status established by official 2025 Annual Town Election results; current total seat count/term remains unresolved in this pass.,Warner Trust Fund Trustee
Beverly,beverly-ma/city-council-member,City Council Member,True,9,mixed,2,False,,https://www.beverlyma.gov/429/City-Council,,,schema-ready,Council composition: 3 at-large + 6 ward councilors. Other elected offices were not fully inventoried in the completed research.,City Council Member
Billerica,billerica-ma/housing-authority-member,Housing Authority Member,True,3,at-large,5,True,,https://billerica.gov/wp-content/uploads/2025/04/Billerica-Town-Officials-7-1-25-thru-6-30-26-v2.pdf,https://town.billerica.ma.us/377/Election-Results-Information,https://town.billerica.ma.us/377/Election-Results-Information,schema-ready,"Official directory explains current c.121B structure: three elected, one tenant member appointed by town, one Governor-appointed; 5-year overlapping terms.",Housing Authority Member
Billerica,billerica-ma/moderator,Moderator,True,1,at-large,,,,https://billerica.gov/wp-content/uploads/2025/04/Billerica-Town-Officials-7-1-25-thru-6-30-26-v2.pdf,https://town.billerica.ma.us/377/Election-Results-Information,https://town.billerica.ma.us/377/Election-Results-Information,schema-ready,,Moderator
Billerica,billerica-ma/planning-board-member,Planning Board Member,True,7,at-large,3,True,,https://billerica.gov/wp-content/uploads/2025/04/Billerica-Town-Officials-7-1-25-thru-6-30-26-v2.pdf,https://town.billerica.ma.us/377/Election-Results-Information,https://town.billerica.ma.us/377/Election-Results-Information,schema-ready,"Official directory cites 1979 Charter §§3-1(a), 3-7 and states seven elected members, 3-year terms.",Planning Board Member
Billerica,billerica-ma/regional-vocational-school-district-committee-member,Regional Vocational School District Committee Member,True,2,district,,,,https://billerica.gov/wp-content/uploads/2025/04/Billerica-Town-Officials-7-1-25-thru-6-30-26-v2.pdf,https://town.billerica.ma.us/377/Election-Results-Information,https://town.billerica.ma.us/377/Election-Results-Information,schema-ready,Official elected-officials directory lists two regional vocational district committee members for Billerica; exact term cycle is not normalized here.,Regional Vocational School District Committee Member
Billerica,billerica-ma/school-committee-member,School Committee Member,True,5,at-large,3,True,,https://billerica.gov/wp-content/uploads/2025/04/Billerica-Town-Officials-7-1-25-thru-6-30-26-v2.pdf,https://town.billerica.ma.us/377/Election-Results-Information,https://town.billerica.ma.us/377/Election-Results-Information,schema-ready,"Official directory cites 1979 Charter §3-4(a): five elected members, 3-year staggered terms.",School Committee Member
Billerica,billerica-ma/select-board-member,Select Board Member,True,5,at-large,3,True,,https://billerica.gov/wp-content/uploads/2025/04/Billerica-Town-Officials-7-1-25-thru-6-30-26-v2.pdf,https://town.billerica.ma.us/377/Election-Results-Information,https://town.billerica.ma.us/377/Election-Results-Information,schema-ready,Town's 2025-26 official directory lists five elected Select Board members with staggered expirations.,Select Board Member
Billerica,billerica-ma/town-clerk,Town Clerk,True,1,at-large,3,False,,https://billerica.gov/wp-content/uploads/2025/04/Billerica-Town-Officials-7-1-25-thru-6-30-26-v2.pdf,https://town.billerica.ma.us/377/Election-Results-Information,https://town.billerica.ma.us/377/Election-Results-Information,schema-ready,Official directory lists Town Clerk as elected; current clerk elected April 2023 with term expiring April 2026.,Town Clerk
Billerica,billerica-ma/town-meeting-member,Town Meeting Member,True,240,district,3,True,,https://billerica.gov/161/Town-Meeting,https://town.billerica.ma.us/377/Election-Results-Information,https://town.billerica.ma.us/377/Election-Results-Information,schema-ready,Official town page says representative Town Meeting comprises roughly 240 representatives from 12 precincts; MMA reports size 240. Representative terms are treated as 3-year overlapping under the representative-town-meeting framework; precinct allocation should be normalized separately.,Town Meeting Member
Blackstone,blackstone-ma/assessor,Assessor,True,3,at-large,3,True,False,https://ecode360.com/12065790,https://www.townofblackstone.org/827/Annual-Town-Election---April-6-2026,https://www.townofblackstone.org/827/Annual-Town-Election---April-6-2026,schema-ready,,Assessor
Blackstone,blackstone-ma/board-of-health-member,Board of Health Member,True,3,at-large,3,True,False,https://ecode360.com/12065790,https://www.townofblackstone.org/827/Annual-Town-Election---April-6-2026,https://www.townofblackstone.org/827/Annual-Town-Election---April-6-2026,schema-ready,,Board of Health Member
Blackstone,blackstone-ma/collector-treasurer,Collector-Treasurer,True,1,at-large,3,False,False,https://ecode360.com/12065790,https://www.townofblackstone.org/827/Annual-Town-Election---April-6-2026,https://www.townofblackstone.org/827/Annual-Town-Election---April-6-2026,schema-ready,,Collector-Treasurer
Blackstone,blackstone-ma/constable,Constable,True,5,at-large,3,True,False,https://ecode360.com/12065790,https://www.townofblackstone.org/827/Annual-Town-Election---April-6-2026,https://www.townofblackstone.org/827/Annual-Town-Election---April-6-2026,schema-ready,,Constable
Blackstone,blackstone-ma/housing-authority-member,Housing Authority Member,True,4,at-large,5,True,False,https://ecode360.com/12065790,https://www.townofblackstone.org/827/Annual-Town-Election---April-6-2026,https://www.townofblackstone.org/827/Annual-Town-Election---April-6-2026,schema-ready,,Housing Authority Member
Blackstone,blackstone-ma/moderator,Moderator,True,1,at-large,3,False,False,https://ecode360.com/12065790,https://www.townofblackstone.org/827/Annual-Town-Election---April-6-2026,https://www.townofblackstone.org/827/Annual-Town-Election---April-6-2026,schema-ready,,Moderator
Blackstone,blackstone-ma/parks-and-recreation-commissioner,Parks and Recreation Commissioner,True,5,at-large,,True,False,https://ecode360.com/12065790,https://www.townofblackstone.org/827/Annual-Town-Election---April-6-2026,https://www.townofblackstone.org/827/Annual-Town-Election---April-6-2026,schema-ready,"Charter Article IV states 5-year terms, but the official 2026 positions-available notice lists two Parks & Recreation seats as 3-year terms. Seat count/elected status are retained; term length is deliberately unresolved pending amendment reconciliation.",Parks and Recreation Commissioner
Blackstone,blackstone-ma/planning-board-member,Planning Board Member,True,5,at-large,5,True,False,https://ecode360.com/12065790,https://www.townofblackstone.org/827/Annual-Town-Election---April-6-2026,https://www.townofblackstone.org/827/Annual-Town-Election---April-6-2026,schema-ready,,Planning Board Member
Blackstone,blackstone-ma/regional-school-district-committee-member,Regional School District Committee Member,True,4,district,4,True,False,https://ecode360.com/12065790,https://www.townofblackstone.org/827/Annual-Town-Election---April-6-2026,https://www.townofblackstone.org/827/Annual-Town-Election---April-6-2026,schema-ready,,Blackstone-Millville Regional School District Committee Member
Blackstone,blackstone-ma/regional-vocational-school-representative,Regional Vocational School Representative,True,1,district,3,False,False,https://ecode360.com/12065790,https://www.townofblackstone.org/827/Annual-Town-Election---April-6-2026,https://www.townofblackstone.org/827/Annual-Town-Election---April-6-2026,schema-ready,,Blackstone Valley Regional Vocational School Representative
Blackstone,blackstone-ma/select-board-member,Select Board Member,True,5,at-large,3,True,False,https://ecode360.com/12065778,https://www.townofblackstone.org/827/Annual-Town-Election---April-6-2026,https://www.townofblackstone.org/827/Annual-Town-Election---April-6-2026,schema-ready,Five-member elected executive board; current town roster/election years support staggered 3-year terms. Charter town elections are nonpartisan.,Board of Selectmen
Blackstone,blackstone-ma/town-clerk,Town Clerk,True,1,at-large,3,False,False,https://ecode360.com/12065790,https://www.townofblackstone.org/827/Annual-Town-Election---April-6-2026,https://www.townofblackstone.org/827/Annual-Town-Election---April-6-2026,schema-ready,,Town Clerk
Blandford,blandford-ma/assessor,Assessor,True,,at-large,3,,,https://townofblandford.gov/2026/06/13/2026-annual-town-election-results/,https://townofblandford.gov/tag/elections/,https://townofblandford.gov/2026/06/13/2026-annual-town-election-results/,elected-status-verified-seat-count-unresolved,Elected status and regular term are established by official annual election notices/results; total board/office seat count remains unresolved where seats is null.,Assessor
Blandford,blandford-ma/board-of-health-member,Board of Health Member,True,,at-large,3,,,https://townofblandford.gov/2026/06/13/2026-annual-town-election-results/,https://townofblandford.gov/tag/elections/,https://townofblandford.gov/2026/06/13/2026-annual-town-election-results/,elected-status-verified-seat-count-unresolved,Elected status and regular term are established by official annual election notices/results; total board/office seat count remains unresolved where seats is null.,Board of Health Member
Blandford,blandford-ma/cemetery-commissioner,Cemetery Commissioner,True,,at-large,3,,,https://townofblandford.gov/2026/06/13/2026-annual-town-election-results/,https://townofblandford.gov/tag/elections/,https://townofblandford.gov/2026/06/13/2026-annual-town-election-results/,elected-status-verified-seat-count-unresolved,Elected status and regular term are established by official annual election notices/results; total board/office seat count remains unresolved where seats is null.,Cemetery Commissioner
Blandford,blandford-ma/fence-viewer,Fence Viewer,True,,at-large,2,,,https://townofblandford.gov/2026/06/13/2026-annual-town-election-results/,https://townofblandford.gov/tag/elections/,https://townofblandford.gov/2026/06/13/2026-annual-town-election-results/,elected-status-verified-seat-count-unresolved,Elected status and regular term are established by official annual election notices/results; total board/office seat count remains unresolved where seats is null.,Fence Viewer
Blandford,blandford-ma/field-driver,Field Driver,True,1,at-large,3,,,https://townofblandford.gov/2022/06/11/2022-election-results/,https://townofblandford.gov/tag/elections/,https://townofblandford.gov/2026/06/13/2026-annual-town-election-results/,schema-ready,Elected status and regular term are established by official annual election notices/results; total board/office seat count remains unresolved where seats is null.,Field Driver
Blandford,blandford-ma/library-trustee,Library Trustee,True,3,at-large,3,True,,https://townofblandford.gov/town-departments/library/,https://townofblandford.gov/tag/elections/,https://townofblandford.gov/2026/06/13/2026-annual-town-election-results/,schema-ready,,Library Trustee
Blandford,blandford-ma/moderator,Moderator,True,1,at-large,3,,,https://townofblandford.gov/2026/06/13/2026-annual-town-election-results/,https://townofblandford.gov/tag/elections/,https://townofblandford.gov/2026/06/13/2026-annual-town-election-results/,schema-ready,Elected status and regular term are established by official annual election notices/results; total board/office seat count remains unresolved where seats is null.,Moderator
Blandford,blandford-ma/municipal-light-board-member,Municipal Light Board Member,True,,at-large,3,,,https://townofblandford.gov/2026/06/13/2026-annual-town-election-results/,https://townofblandford.gov/tag/elections/,https://townofblandford.gov/2026/06/13/2026-annual-town-election-results/,elected-status-verified-seat-count-unresolved,Elected status and regular term are established by official annual election notices/results; total board/office seat count remains unresolved where seats is null.,Municipal Light Board Member
Blandford,blandford-ma/planning-board-member,Planning Board Member,True,,at-large,5,,,https://townofblandford.gov/2026/06/13/2026-annual-town-election-results/,https://townofblandford.gov/tag/elections/,https://townofblandford.gov/2026/06/13/2026-annual-town-election-results/,elected-status-verified-seat-count-unresolved,Elected status and regular term are established by official annual election notices/results; total board/office seat count remains unresolved where seats is null.,Planning Board Member
Blandford,blandford-ma/school-committee-member,School Committee Member,True,,at-large,3,,,https://townofblandford.gov/2026/06/13/2026-annual-town-election-results/,https://townofblandford.gov/tag/elections/,https://townofblandford.gov/2026/06/13/2026-annual-town-election-results/,elected-status-verified-seat-count-unresolved,Elected status and regular term are established by official annual election notices/results; total board/office seat count remains unresolved where seats is null.,School Committee Member
Blandford,blandford-ma/select-board-member,Select Board Member,True,3,at-large,3,True,,https://townofblandford.gov/2026/06/13/2026-annual-town-election-results/,https://townofblandford.gov/tag/elections/,https://townofblandford.gov/2026/06/13/2026-annual-town-election-results/,schema-ready,Official election archive shows recurring Select Board contests; town material supports a three-member board with staggered 3-year terms.,Select Board Member
Blandford,blandford-ma/town-clerk,Town Clerk,True,1,at-large,3,,,https://townofblandford.gov/2026/06/13/2026-annual-town-election-results/,https://townofblandford.gov/tag/elections/,https://townofblandford.gov/2026/06/13/2026-annual-town-election-results/,schema-ready,Elected status and regular term are established by official annual election notices/results; total board/office seat count remains unresolved where seats is null.,Town Clerk
Blandford,blandford-ma/tree-warden,Tree Warden,True,1,at-large,3,,,https://townofblandford.gov/2026/06/13/2026-annual-town-election-results/,https://townofblandford.gov/tag/elections/,https://townofblandford.gov/2026/06/13/2026-annual-town-election-results/,schema-ready,Elected status and regular term are established by official annual election notices/results; total board/office seat count remains unresolved where seats is null.,Tree Warden
Blandford,blandford-ma/water-commissioner,Water Commissioner,True,,at-large,3,,,https://townofblandford.gov/2026/06/13/2026-annual-town-election-results/,https://townofblandford.gov/tag/elections/,https://townofblandford.gov/2026/06/13/2026-annual-town-election-results/,elected-status-verified-seat-count-unresolved,Elected status and regular term are established by official annual election notices/results; total board/office seat count remains unresolved where seats is null.,Water Commissioner
Bolton,bolton-ma/assessor,Assessor,True,,at-large,3,,,https://www.townofbolton.com/home/news/2025-caucus-results,https://www.townofbolton.com/node/346/news,https://www.townofbolton.com/node/346/news,elected-status-verified-seat-count-unresolved,Official caucus results establish elected status and regular term; total seat count remains unresolved.,Assessor
Bolton,bolton-ma/board-of-health-member,Board of Health Member,True,,at-large,3,,,https://www.townofbolton.com/home/news/2025-caucus-results,https://www.townofbolton.com/node/346/news,https://www.townofbolton.com/node/346/news,elected-status-verified-seat-count-unresolved,Official caucus results establish elected status and regular term; total seat count remains unresolved.,Board of Health Member
Bolton,bolton-ma/cemetery-committee-member,Cemetery Committee Member,True,,at-large,3,,,https://www.townofbolton.com/home/news/2025-caucus-results,https://www.townofbolton.com/node/346/news,https://www.townofbolton.com/node/346/news,elected-status-verified-seat-count-unresolved,Official caucus results establish elected status and regular term; total seat count remains unresolved.,Cemetery Committee Member
Bolton,bolton-ma/constable,Constable,True,5,at-large,3,True,,https://www.townofbolton.com/home/news/2025-caucus-results,https://www.townofbolton.com/node/346/news,https://www.townofbolton.com/node/346/news,schema-ready,"Official 2025 caucus results list five incumbent Constable positions, each with a 3-year term.",Constable
Bolton,bolton-ma/library-trustee,Library Trustee,True,,at-large,3,,,https://www.townofbolton.com/home/news/2025-caucus-results,https://www.townofbolton.com/node/346/news,https://www.townofbolton.com/node/346/news,elected-status-verified-seat-count-unresolved,Official caucus results establish elected status and regular term; total seat count remains unresolved.,Library Trustee
Bolton,bolton-ma/moderator,Moderator,True,1,at-large,1,False,,https://www.townofbolton.com/home/news/2025-caucus-results,https://www.townofbolton.com/node/346/news,https://www.townofbolton.com/node/346/news,schema-ready,,Moderator
Bolton,bolton-ma/parks-and-recreation-member,Parks and Recreation Member,True,,at-large,3,,,https://www.townofbolton.com/home/news/2025-caucus-results,https://www.townofbolton.com/node/346/news,https://www.townofbolton.com/node/346/news,elected-status-verified-seat-count-unresolved,Official caucus results establish elected status and regular term; total seat count remains unresolved. The 2025 ballot also contained two 1-year unexpired seats.,Parks and Recreation Member
Bolton,bolton-ma/planning-board-member,Planning Board Member,True,5,at-large,5,True,,https://www.townofbolton.com/node/871/ajax/aggregate,https://www.townofbolton.com/node/346/news,https://www.townofbolton.com/node/346/news,schema-ready,"Official Planning Board page states five elected members, one seat opening each year; one separate associate member is appointed and is not counted.",Planning Board Member
Bolton,bolton-ma/regional-school-committee-representative,Regional School Committee Representative,True,,district,3,,,https://www.townofbolton.com/home/news/2025-caucus-results,https://www.townofbolton.com/home/news/2025-caucus-results,https://www.townofbolton.com/town-clerk,elected-status-verified-seat-count-unresolved,Official caucus results establish elected status and term; total composition remains unresolved.,Regional School Committee Representative
Bolton,bolton-ma/regional-school-district-committee-member,Regional School District Committee Member,True,,district,3,,,https://www.townofbolton.com/home/news/2025-caucus-results,https://www.townofbolton.com/node/346/news,https://www.townofbolton.com/node/346/news,elected-status-verified-seat-count-unresolved,Official caucus results establish elected status and regular term; total seat count remains unresolved. One additional 2-year unexpired regional-school seat appeared in 2025.,Regional School District Committee Member
Bolton,bolton-ma/select-board-member,Select Board Member,True,,at-large,3,,,https://www.townofbolton.com/home/news/2025-caucus-results,https://www.townofbolton.com/node/346/news,https://www.townofbolton.com/node/346/news,elected-status-verified-seat-count-unresolved,Official caucus results establish elected status and regular term; total seat count remains unresolved.,Select Board Member
Boston,boston-ma/city-council-member,City Council Member,True,13,mixed,,,,https://www.boston.gov/vi/departments/elections/state-and-city-boston-election-results,https://www.boston.gov/vi/departments/elections/state-and-city-boston-election-results,https://www.boston.gov/vi/departments/elections/state-and-city-boston-election-results,schema-ready,Council structure reflected in official results: 4 at-large + Districts 1-9. Do not infer an elected School Committee.,City Council Member
Boston,boston-ma/mayor,Mayor,True,1,at-large,,False,,https://www.boston.gov/vi/departments/elections/state-and-city-boston-election-results,https://www.boston.gov/vi/departments/elections/state-and-city-boston-election-results,https://www.boston.gov/vi/departments/elections/state-and-city-boston-election-results,schema-ready,Council structure reflected in official results: 4 at-large + Districts 1-9. Do not infer an elected School Committee.,Mayor
Bourne,bourne-ma/board-of-health-member,Board of Health Member,True,5,at-large,3,True,False,https://malegislature.gov/Laws/SessionLaws/Acts/2012/Chapter117,https://www.bourne-ma.gov/1239/Clerk,https://www.bourne-ma.gov/1239/Clerk,schema-ready,,Board of Health Member
Bourne,bourne-ma/constable,Constable,True,1,at-large,3,False,False,https://malegislature.gov/Laws/SessionLaws/Acts/2012/Chapter117,https://www.bourne-ma.gov/1239/Clerk,https://www.bourne-ma.gov/1239/Clerk,schema-ready,,Constable
Bourne,bourne-ma/housing-authority-member,Housing Authority Member,True,4,at-large,3,True,False,https://malegislature.gov/Laws/SessionLaws/Acts/2012/Chapter117,https://www.bourne-ma.gov/1239/Clerk,https://www.bourne-ma.gov/1239/Clerk,schema-ready,Five-member authority: four elected plus one state-appointed; counts elected seats only.,Housing Authority Member
Bourne,bourne-ma/library-trustee,Library Trustee,True,6,at-large,3,True,False,https://malegislature.gov/Laws/SessionLaws/Acts/2012/Chapter117,https://www.bourne-ma.gov/1239/Clerk,https://www.bourne-ma.gov/1239/Clerk,schema-ready,,Library Trustee
Bourne,bourne-ma/moderator,Moderator,True,1,at-large,1,False,False,https://malegislature.gov/Laws/SessionLaws/Acts/2012/Chapter117,https://www.bourne-ma.gov/1239/Clerk,https://www.bourne-ma.gov/1239/Clerk,schema-ready,,Moderator
Bourne,bourne-ma/planning-board-member,Planning Board Member,True,9,at-large,3,True,False,https://malegislature.gov/Laws/SessionLaws/Acts/2012/Chapter117,https://www.bourne-ma.gov/1239/Clerk,https://www.bourne-ma.gov/1239/Clerk,schema-ready,,Planning Board Member
Bourne,bourne-ma/recreation-authority-member,Recreation Authority Member,True,4,at-large,3,True,False,https://malegislature.gov/Laws/SessionLaws/Acts/2012/Chapter117,https://www.bourne-ma.gov/1239/Clerk,https://www.bourne-ma.gov/1239/Clerk,schema-ready,Five-member authority: four elected plus one gubernatorial appointee; counts elected seats only.,Recreation Authority Member
Bourne,bourne-ma/regional-vocational-school-committee-member,Regional Vocational School Committee Member,True,2,district,4,True,False,https://malegislature.gov/Laws/SessionLaws/Acts/2012/Chapter117,https://www.bourne-ma.gov/1239/Clerk,https://www.bourne-ma.gov/1239/Clerk,schema-ready,,Regional Vocational School Committee Member
Bourne,bourne-ma/school-committee-member,School Committee Member,True,7,at-large,3,True,False,https://malegislature.gov/Laws/SessionLaws/Acts/2012/Chapter117,https://www.bourne-ma.gov/1239/Clerk,https://www.bourne-ma.gov/1239/Clerk,schema-ready,,School Committee Member
Bourne,bourne-ma/select-board-member,Select Board Member,True,5,at-large,3,True,False,https://malegislature.gov/Laws/SessionLaws/Acts/2012/Chapter117,https://www.bourne-ma.gov/1239/Clerk,https://www.bourne-ma.gov/1239/Clerk,schema-ready,,Select Board Member
Bourne,bourne-ma/town-clerk,Town Clerk,True,1,at-large,3,False,False,https://malegislature.gov/Laws/SessionLaws/Acts/2012/Chapter117,https://www.bourne-ma.gov/1239/Clerk,https://www.bourne-ma.gov/1239/Clerk,schema-ready,,Town Clerk
Bourne,bourne-ma/trustee-of-soldiers-memorials,Trustee of Soldiers Memorials,True,5,at-large,3,True,False,https://malegislature.gov/Laws/SessionLaws/Acts/2012/Chapter117,https://www.bourne-ma.gov/1239/Clerk,https://www.bourne-ma.gov/1239/Clerk,schema-ready,Six-person body includes five elected trustees plus Select Board chair ex officio.,Trustee of Soldiers Memorials
Boxborough,boxborough-ma/board-of-health-member,Board of Health Member,True,3,at-large,3,True,,https://boxborough-ma.gov/292/Board-of-Health,https://www.boxborough-ma.gov/211/Elections-Voting,https://www.boxborough-ma.gov/215/Election-Results-from-Previous-Elections,schema-ready,,Board of Health Member
Boxborough,boxborough-ma/library-trustee,Library Trustee,True,6,at-large,3,True,,https://www.boxborough-ma.gov/383/Library-Board-of-Trustees,https://www.boxborough-ma.gov/211/Elections-Voting,https://www.boxborough-ma.gov/215/Election-Results-from-Previous-Elections,schema-ready,,Library Trustee
Boxborough,boxborough-ma/planning-board-member,Planning Board Member,True,5,at-large,3,True,,https://boxborough-ma.gov/306/Planning-Board,https://www.boxborough-ma.gov/211/Elections-Voting,https://www.boxborough-ma.gov/215/Election-Results-from-Previous-Elections,schema-ready,Five elected Planning Board members; separate associate member is appointed and excluded.,Planning Board Member
Boxborough,boxborough-ma/school-committee-member,School Committee Member,True,4,district,,True,,https://boxborough-ma.gov/354/School-Committee,https://www.boxborough-ma.gov/211/Elections-Voting,https://www.boxborough-ma.gov/215/Election-Results-from-Previous-Elections,schema-ready,Town page identifies four current Boxborough representatives on the elected Acton-Boxborough Regional School Committee. Standard term length is not set here pending regional-agreement reconciliation.,School Committee Member
Boxborough,boxborough-ma/select-board-member,Select Board Member,True,5,at-large,3,True,,https://www.boxborough-ma.gov/327/Select-Board,https://www.boxborough-ma.gov/211/Elections-Voting,https://www.boxborough-ma.gov/215/Election-Results-from-Previous-Elections,schema-ready,,Select Board Member
Boxford,boxford-ma/library-trustee,Library Trustee,True,7,at-large,3,True,,https://www.boxfordma.gov/429/Library-Board-of-Trustees,https://www.boxfordma.gov/457/Town-Meeting-Election-Results-Annual-Rep,https://www.boxfordma.gov/CivicAlerts.aspx?AID=240,schema-ready,Official page states seven elected trustees serving 3-year terms.,Library Trustee
Boxford,boxford-ma/select-board-member,Select Board Member,True,5,at-large,3,True,,https://www.boxfordma.gov/453/Select-Board,https://www.boxfordma.gov/457/Town-Meeting-Election-Results-Annual-Rep,https://www.boxfordma.gov/CivicAlerts.aspx?AID=240,schema-ready,"Official Select Board page states five elected members serving 3-year terms, with one or two seats elected each year.",Select Board Member
Boylston,boylston-ma/select-board-member,Select Board Member,True,3,at-large,,,,https://malegislature.gov/Laws/SessionLaws/Acts/2026/Chapter66,https://www.mma.org/community/boylston/,,schema-ready,2026 special act changes nomenclature to Select Board; MMA identifies a three-member board. Term remains unresolved.,Select Board Member
Braintree,braintree-ma/electric-light-board-member,Electric Light Board Member,True,3,at-large,4,True,,https://www.braintreema.gov/m/faq?cat=34,https://braintreema.gov/435/Election-Information,https://braintreema.gov/427/Election-Results,schema-ready,,Electric Light Board / BELD Commissioner
Braintree,braintree-ma/housing-authority-member,Housing Authority Member,True,3,at-large,4,True,,https://www.braintreema.gov/m/faq?cat=34,https://braintreema.gov/435/Election-Information,https://braintreema.gov/427/Election-Results,schema-ready,Current official elected-official list identifies three locally elected members. A separate state-appointed member and a tenant-appointed member are excluded.,Housing Authority Member
Braintree,braintree-ma/library-trustee,Library Trustee,True,9,at-large,4,True,,https://www.braintreema.gov/m/faq?cat=34,https://braintreema.gov/435/Election-Information,https://braintreema.gov/427/Election-Results,schema-ready,,Thayer Public Library Trustee
Braintree,braintree-ma/mayor,Mayor,True,1,at-large,4,False,,https://www.braintreema.gov/m/faq?cat=34,https://braintreema.gov/435/Election-Information,https://braintreema.gov/427/Election-Results,schema-ready,,Mayor
Braintree,braintree-ma/municipal-light-board-member,Municipal Light Board Member,True,3,at-large,4,True,,https://www.braintreema.gov/m/faq,https://braintreema.gov/435/Election-Information,https://braintreema.gov/427/Election-Results,schema-ready,,Electric Light Board Member
Braintree,braintree-ma/school-committee-member,School Committee Member,True,6,at-large,4,True,,https://braintreema.gov/374/School-Committee,https://braintreema.gov/435/Election-Information,https://braintreema.gov/427/Election-Results,schema-ready,Six members are separately elected at-large; the Mayor serves ex officio as a seventh committee member and is not counted as a separate elected School Committee seat.,School Committee Member
Braintree,braintree-ma/town-council-member,Town Council Member,True,9,mixed,2,False,,https://www.braintreema.gov/419/Town-Council,https://braintreema.gov/435/Election-Information,https://braintreema.gov/427/Election-Results,schema-ready,Three councilors are elected at-large and six by Districts 1-6; all serve 2-year terms.,Town Council Member
Brewster,brewster-ma/board-of-health-member,Board of Health Member,True,5,at-large,3,True,,https://www.brewster-ma.gov/board-health,https://www.brewster-ma.gov/home/news/elected-offices-2026-annual-town-election-ballot-0,https://www.brewster-ma.gov/town-clerk/pages/town-meetings-elections,schema-ready,,Board of Health Member
Brewster,brewster-ma/constable,Constable,True,,at-large,3,,,https://www.brewster-ma.gov/home/news/elected-offices-2026-annual-town-election-ballot-0,https://www.brewster-ma.gov/home/news/elected-offices-2026-annual-town-election-ballot-0,https://www.brewster-ma.gov/town-clerk/pages/town-meetings-elections,elected-status-verified-seat-count-unresolved,"2026 ballot contains one 3-year Constable seat, but total number of Constable positions is not established by this source.",Constable
Brewster,brewster-ma/historic-district-committee-member,Historic District Committee Member,True,4,at-large,3,True,,https://malegislature.gov/Laws/SessionLaws/Acts/2022/Chapter396,https://www.brewster-ma.gov/town-clerk/pages/town-meetings-elections,https://www.brewster-ma.gov/town-clerk/pages/town-meetings-elections,schema-ready,Five-member committee: four elected plus one appointed; counts elected seats only.,Historic District Committee Member
Brewster,brewster-ma/housing-authority-member,Housing Authority Member,True,,at-large,5,,,https://www.brewster-ma.gov/home/news/elected-offices-2026-annual-town-election-ballot-0,https://www.brewster-ma.gov/home/news/elected-offices-2026-annual-town-election-ballot-0,https://www.brewster-ma.gov/town-clerk/pages/town-meetings-elections,elected-status-verified-seat-count-unresolved,"2026 ballot establishes an elected 5-year Housing Authority seat; current authority page lists four members but does not identify which seats are elected versus appointed, so elected seat count remains unresolved.",Housing Authority Member
Brewster,brewster-ma/moderator,Moderator,True,1,at-large,3,False,,https://www.brewster-ma.gov/home/news/elected-offices-2026-annual-town-election-ballot-0,https://www.brewster-ma.gov/home/news/elected-offices-2026-annual-town-election-ballot-0,https://www.brewster-ma.gov/town-clerk/pages/town-meetings-elections,schema-ready,,Moderator
Brewster,brewster-ma/planning-board-member,Planning Board Member,True,7,at-large,4,True,,https://www.brewster-ma.gov/planning-board-and-planning-office,https://www.brewster-ma.gov/home/news/elected-offices-2026-annual-town-election-ballot-0,https://www.brewster-ma.gov/town-clerk/pages/town-meetings-elections,schema-ready,"Official Planning Board page says seven elected members; 2026 ballot states regular Planning Board term is 4 years, with one separate 2-year unexpired seat.",Planning Board Member
Brewster,brewster-ma/recreation-commission-member,Recreation Commission Member,True,5,at-large,3,True,,https://malegislature.gov/Laws/SessionLaws/Acts/2022/Chapter396,https://www.brewster-ma.gov/town-clerk/pages/town-meetings-elections,https://www.brewster-ma.gov/town-clerk/pages/town-meetings-elections,schema-ready,,Recreation Commission Member
Brewster,brewster-ma/recreation-commissioner,Recreation Commissioner,True,5,at-large,3,True,,https://www.brewster-ma.gov/recreation-commission-department,https://www.brewster-ma.gov/home/news/elected-offices-2026-annual-town-election-ballot-0,https://www.brewster-ma.gov/town-clerk/pages/town-meetings-elections,schema-ready,,Recreation Commissioner
Brewster,brewster-ma/regional-school-committee-representative,Regional School Committee Representative,True,,district,,,,https://malegislature.gov/Laws/SessionLaws/Acts/2022/Chapter396,https://www.brewster-ma.gov/town-clerk/pages/town-meetings-elections,https://www.brewster-ma.gov/town-clerk/pages/town-meetings-elections,elected-status-verified-seat-count-unresolved,Nauset Regional representatives elected as provided by regional agreement; local allocation/term unresolved.,Regional School Committee Representative
Brewster,brewster-ma/regional-school-district-committee-member,Regional School District Committee Member,True,4,district,3,True,,https://www.brewster-ma.gov/nauset-regional-school-district-committee,https://www.brewster-ma.gov/home/news/elected-offices-2026-annual-town-election-ballot-0,https://www.brewster-ma.gov/town-clerk/pages/town-meetings-elections,schema-ready,Current town page lists four Brewster representatives; the 2026 ballot establishes a regular 3-year term.,Nauset Regional School District Committee Member
Brewster,brewster-ma/school-committee-member,School Committee Member,True,5,at-large,3,True,,https://www.brewster-ma.gov/brewster-school-committee,https://www.brewster-ma.gov/home/news/elected-offices-2026-annual-town-election-ballot-0,https://www.brewster-ma.gov/town-clerk/pages/town-meetings-elections,schema-ready,,School Committee Member
Brewster,brewster-ma/select-board-member,Select Board Member,True,5,at-large,3,True,,https://www.brewster-ma.gov/select-boardtown-manager,https://www.brewster-ma.gov/home/news/elected-offices-2026-annual-town-election-ballot-0,https://www.brewster-ma.gov/town-clerk/pages/town-meetings-elections,schema-ready,,Select Board Member
Bridgewater,bridgewater-ma/library-trustee,Library Trustee,True,9,at-large,3,True,,https://malegislature.gov/Laws/SessionLaws/Acts/2018/Chapter404,https://www.bridgewaterma.gov/government/town_clerk/elections/election_results_specimen_ballots.php,https://www.bridgewaterma.gov/government/town_clerk/elections/election_results_specimen_ballots.php,schema-ready,2018 charter §3-2: nine trustees elected at-large for staggered 3-year terms.,Library Trustee
Bridgewater,bridgewater-ma/regional-school-committee-member,Regional School Committee Member,True,,district,,,,https://malegislature.gov/Laws/SessionLaws/Acts/2018/Chapter404,https://www.bridgewaterma.gov/government/town_clerk/elections/election_results_specimen_ballots.php,https://www.bridgewaterma.gov/government/town_clerk/elections/election_results_specimen_ballots.php,elected-status-verified-seat-count-unresolved,"2018 charter §3-1 explicitly retains the regional School Committee as an elected office, but Bridgewater's current allocation and term structure require the regional agreement/current administrative code.",Regional School Committee Member
Bridgewater,bridgewater-ma/town-clerk,Town Clerk,True,1,at-large,,False,,https://www.bridgewaterma.gov/government/town_clerk/elections/campaign_finance_reports.php,https://www.bridgewaterma.gov/government/town_clerk/elections/election_results_specimen_ballots.php,https://www.bridgewaterma.gov/government/town_clerk/elections/election_results_specimen_ballots.php,schema-ready,Official election/campaign-finance materials establish Town Clerk as elected; term unresolved.,Town Clerk
Bridgewater,bridgewater-ma/town-council-member,Town Council Member,True,9,mixed,3,True,,https://malegislature.gov/Laws/SessionLaws/Acts/2018/Chapter404,https://www.bridgewaterma.gov/government/town_clerk/elections/election_results_specimen_ballots.php,https://www.bridgewaterma.gov/government/town_clerk/elections/election_results_specimen_ballots.php,schema-ready,"The 2018 charter establishes nine elected councilors with staggered 3-year terms and originally specifies 7 district + 2 at-large. The current official 2026 roster shows 3 district + 6 at-large. The nine-seat mixed structure is retained, but the district/at-large allocation is flagged for current-charter-amendment reconciliation.",Town Council Member
Brimfield,brimfield-ma/select-board-member,Select Board Member,True,5,at-large,3,,,https://www.brimfieldma.org/select-board,https://www.brimfieldma.org/town-clerk/news/preview-abev-local-election-ballot,https://www.brimfieldma.org/town-clerk/news/official-local-election-results-june-12-2025,schema-ready,Official Select Board page states five elected members serving three-year terms. Staggering was not explicitly normalized in this pass.,Select Board Member
Brockton,brockton-ma/school-committee-member,School Committee Member,True,7,ward,,,,https://brockton.ma.us/city-departments/public-schools/,,,schema-ready,Current official Brockton Public Schools page shows elected School Committee members for Wards 1 through 7. The Mayor serves as chair/ex officio and is not counted here. Controlling charter term provisions remain unresolved.,School Committee Member
Brookfield,brookfield-ma/assessor,Assessor,True,3,at-large,3,True,,https://www.brookfieldma.us/boards/board-of-assessors/,https://www.brookfieldma.us/news/,https://www.brookfieldma.us/news/,schema-ready,Official Board of Assessors page states members are elected by voters at the annual town election for three-year terms; current expirations support staggered terms.,Assessor
Brookfield,brookfield-ma/planning-board-member,Planning Board Member,True,5,at-large,5,True,,https://www.brookfieldma.us/boards/planning-board/,https://www.brookfieldma.us/news/,https://www.brookfieldma.us/news/,schema-ready,"Official board page states five members, five-year terms, staggered so one seat is up for election each year.",Planning Board Member
Brookfield,brookfield-ma/town-collector,Town Collector,True,1,at-large,,False,,https://www.brookfieldma.us/departments/town-collector/,https://www.brookfieldma.us/news/,https://www.brookfieldma.us/news/,schema-ready,Official Town Collector page identifies the position as an elected official. Term length remains unresolved.,Town Collector
Brookline,brookline-ma/constable,Constable,True,5,at-large,3,True,,https://www.brooklinema.gov/3985/Town-Constables,https://www.brooklinema.gov/138/Election-Information,https://www.brooklinema.gov/1028/Election-Results,schema-ready,Official page states five elected constables serving staggered three-year terms.,Constable
Brookline,brookline-ma/library-trustee,Library Trustee,True,12,at-large,3,True,,https://www.brooklinema.gov/CivicAlerts.aspx?AID=2028&ARC=3997,https://www.brooklinema.gov/138/Election-Information,https://www.brooklinema.gov/1028/Election-Results,schema-ready,Official town materials state twelve library trustees are elected to three-year terms; annual election materials show regular trustee seats recurring in staggered groups.,Library Trustee
Brookline,brookline-ma/moderator,Moderator,True,1,at-large,3,False,,https://www.brooklinema.gov/1724/Moderator,https://www.brooklinema.gov/138/Election-Information,https://www.brooklinema.gov/1028/Election-Results,schema-ready,Official Moderator page states the Moderator is elected by voters for a three-year term.,Moderator
Brookline,brookline-ma/school-committee-member,School Committee Member,True,,at-large,3,True,,https://www.brooklinema.gov/138/Election-Information,https://www.brooklinema.gov/138/Election-Information,https://www.brooklinema.gov/1028/Election-Results,elected-status-verified-seat-count-unresolved,Official town-wide election materials establish School Committee as an elected town-wide office with regular three-year seats. Total committee size remains unresolved in this pass.,School Committee Member
Brookline,brookline-ma/select-board-member,Select Board Member,True,5,at-large,3,True,,https://www.brooklinema.gov/343/Select-Board,https://www.brooklinema.gov/138/Election-Information,https://www.brooklinema.gov/1028/Election-Results,schema-ready,Official Select Board page states five members elected for three-year terms; current expiration pattern is staggered.,Select Board Member
Brookline,brookline-ma/town-meeting-member,Town Meeting Member,True,255,district,3,True,,https://www.brooklinema.gov/264/Town-Meeting,https://www.brooklinema.gov/138/Election-Information,https://www.brooklinema.gov/1028/Election-Results,schema-ready,"Representative Town Meeting has 255 elected members: 15 from each of 17 precincts, with five elected per precinct each year for staggered three-year terms.",Town Meeting Member
Buckland,buckland-ma/assessor,Assessor,True,3,at-large,3,True,,https://www.town.buckland.ma.us/assessors,https://www.town.buckland.ma.us/town-clerk/pages/voting-elections,https://www.town.buckland.ma.us/town-clerk/pages/voting-elections,schema-ready,Official current board page shows three assessors with staggered terms; 2026 election page lists one 3-year Assessor seat.,Assessor
Buckland,buckland-ma/board-of-health-member,Board of Health Member,True,3,at-large,3,True,,https://www.town.buckland.ma.us/board-health,https://www.town.buckland.ma.us/town-clerk/pages/voting-elections,https://www.town.buckland.ma.us/town-clerk/pages/voting-elections,schema-ready,Official current Board of Health page lists three members with staggered expiration years; 2026 election page lists one 3-year seat.,Board of Health Member
Buckland,buckland-ma/finance-committee-member,Finance Committee Member,True,5,at-large,3,True,,https://www.town.buckland.ma.us/finance-committee,https://www.town.buckland.ma.us/town-clerk/pages/voting-elections,https://www.town.buckland.ma.us/town-clerk/pages/voting-elections,schema-ready,Current official Finance Committee page lists five members; 2026 election page lists two 3-year Finance Committee seats.,Finance Committee Member
Buckland,buckland-ma/library-trustee,Library Trustee,True,,at-large,3,,,https://www.town.buckland.ma.us/home/news/nomination-papers-available-february-12th-june-2nd-annual-town-election,https://www.town.buckland.ma.us/town-clerk/pages/voting-elections,https://www.town.buckland.ma.us/town-clerk/pages/voting-elections,elected-status-verified-seat-count-unresolved,2026 election notice establishes elected status and 3-year term; total trustee-board size remains unresolved.,Buckland Public Library Trustee
Buckland,buckland-ma/regional-school-committee-member,Regional School Committee Member,True,,district,3,,,https://www.town.buckland.ma.us/home/news/nomination-papers-available-february-12th-june-2nd-annual-town-election,https://www.town.buckland.ma.us/town-clerk/pages/voting-elections,https://www.town.buckland.ma.us/town-clerk/pages/voting-elections,elected-status-verified-seat-count-unresolved,2026 election notice establishes an elected 3-year regional-school seat; Buckland's total district allocation remains unresolved.,Mohawk Trail Regional School Committee Member
Buckland,buckland-ma/select-board-member,Select Board Member,True,3,at-large,3,True,,https://www.town.buckland.ma.us/select-board,https://www.town.buckland.ma.us/town-clerk/pages/voting-elections,https://www.town.buckland.ma.us/town-clerk/pages/voting-elections,schema-ready,2026 clerk page establishes a 3-year elected seat; current Select Board page lists three members.,Select Board Member
Buckland,buckland-ma/town-clerk,Town Clerk,True,1,at-large,3,False,,https://www.town.buckland.ma.us/home/news/nomination-papers-available-february-12th-june-2nd-annual-town-election,https://www.town.buckland.ma.us/town-clerk/pages/voting-elections,https://www.town.buckland.ma.us/town-clerk/pages/voting-elections,schema-ready,,Town Clerk
Burlington,burlington-ma/assessor,Assessor,True,,at-large,,,,https://www.burlington.org/757/Campaign-Finance-Reports,https://www.burlington.org/757/Campaign-Finance-Reports,,elected-status-verified-seat-count-unresolved,Official municipal campaign-finance/election materials identify this as an elected local office. Total composition/regular term remains unresolved where not otherwise established.,Assessor
Burlington,burlington-ma/board-of-health-member,Board of Health Member,True,5,at-large,3,True,,https://www.burlington.org/209/Board-of-Health-Elected-Board,https://www.burlington.org/757/Campaign-Finance-Reports,,schema-ready,Official page explicitly labels the five-member Board of Health elected; current expirations support staggered three-year terms.,Board of Health Member
Burlington,burlington-ma/constable,Constable,True,,at-large,,,,https://www.burlington.org/757/Campaign-Finance-Reports,https://www.burlington.org/757/Campaign-Finance-Reports,,elected-status-verified-seat-count-unresolved,Official municipal campaign-finance/election materials identify this as an elected local office. Total composition/regular term remains unresolved where not otherwise established.,Constable
Burlington,burlington-ma/housing-authority-member,Housing Authority Member,True,,at-large,,,,https://www.burlington.org/757/Campaign-Finance-Reports,https://www.burlington.org/757/Campaign-Finance-Reports,,elected-status-verified-seat-count-unresolved,Official municipal campaign-finance/election materials identify this as an elected local office. Total composition/regular term remains unresolved where not otherwise established.,Housing Authority Member
Burlington,burlington-ma/library-trustee,Library Trustee,True,,at-large,,,,https://www.burlington.org/757/Campaign-Finance-Reports,https://www.burlington.org/757/Campaign-Finance-Reports,,elected-status-verified-seat-count-unresolved,Official municipal campaign-finance/election materials identify this as an elected local office. Total composition/regular term remains unresolved where not otherwise established.,Library Trustee
Burlington,burlington-ma/moderator,Moderator,True,1,at-large,,False,,https://www.burlington.org/757/Campaign-Finance-Reports,https://www.burlington.org/757/Campaign-Finance-Reports,,schema-ready,Official municipal campaign-finance/election materials identify this as an elected local office. Total composition/regular term remains unresolved where not otherwise established.,Moderator
Burlington,burlington-ma/planning-board-member,Planning Board Member,True,7,at-large,,,,https://www.burlington.org/407/Planning-Board,https://www.burlington.org/757/Campaign-Finance-Reports,,schema-ready,Official Planning Board materials identify a seven-member elected board. Term length remains unresolved.,Planning Board Member
Burlington,burlington-ma/recreation-commission-member,Recreation Commission Member,True,,at-large,,,,https://www.burlington.org/757/Campaign-Finance-Reports,https://www.burlington.org/757/Campaign-Finance-Reports,,elected-status-verified-seat-count-unresolved,Official municipal campaign-finance/election materials identify this as an elected local office. Total composition/regular term remains unresolved where not otherwise established.,Recreation Commission Member
Burlington,burlington-ma/regional-vocational-school-committee-member,Regional Vocational School Committee Member,True,,district,,,,https://www.burlington.org/757/Campaign-Finance-Reports,https://www.burlington.org/757/Campaign-Finance-Reports,,elected-status-verified-seat-count-unresolved,Official municipal campaign-finance/election materials identify this as an elected local office. Total composition/regular term remains unresolved where not otherwise established.,Regional Vocational School Committee Member
Burlington,burlington-ma/school-committee-member,School Committee Member,True,,at-large,,,,https://www.burlington.org/757/Campaign-Finance-Reports,https://www.burlington.org/757/Campaign-Finance-Reports,,elected-status-verified-seat-count-unresolved,Official municipal campaign-finance/election materials identify this as an elected local office. Total composition/regular term remains unresolved where not otherwise established.,School Committee Member
Burlington,burlington-ma/select-board-member,Select Board Member,True,,at-large,,,,https://www.burlington.org/757/Campaign-Finance-Reports,https://www.burlington.org/757/Campaign-Finance-Reports,,elected-status-verified-seat-count-unresolved,Official municipal campaign-finance/election materials identify this as an elected local office. Total composition/regular term remains unresolved where not otherwise established.,Select Board Member
Burlington,burlington-ma/town-clerk,Town Clerk,True,1,at-large,,False,,https://www.burlington.org/757/Campaign-Finance-Reports,https://www.burlington.org/757/Campaign-Finance-Reports,,schema-ready,Official municipal campaign-finance/election materials identify this as an elected local office. Total composition/regular term remains unresolved where not otherwise established.,Town Clerk
Burlington,burlington-ma/town-meeting-member,Town Meeting Member,True,126,district,3,True,,https://www.burlington.org/399/Town-Meetings,https://www.burlington.org/757/Campaign-Finance-Reports,,schema-ready,"Official town materials state 126 elected Town Meeting Members: 18 from each of seven precincts, serving staggered three-year terms.",Town Meeting Member
Cambridge,cambridge-ma/city-council-member,City Council Member,True,9,at-large,2,False,False,https://www.cambridgema.gov/departments/electioncommission/cambridgemunicipalelections,https://www.cambridgema.gov/departments/electioncommission/cambridgemunicipalelections,,schema-ready,"Under the charter adopted by voters in 2025, nine councillors are elected at large by proportional representation for two-year terms. The Council selects one of its members as Mayor.",City Council Member
Cambridge,cambridge-ma/school-committee-member,School Committee Member,True,6,at-large,2,False,False,https://www.cambridgema.gov/departments/electioncommission/cambridgemunicipalelections,https://www.cambridgema.gov/departments/electioncommission/cambridgemunicipalelections,,schema-ready,Official municipal-election page states six School Committee members are elected at large by proportional representation for two-year terms. The Mayor also serves on the committee but is not a separately elected School Committee seat.,School Committee Member
Canton,canton-ma/assessor,Assessor,True,,at-large,,,,https://town.canton.ma.us/911/Elected-Boards-Committees,https://www.town.canton.ma.us/988/Citizens-Guide---Town-of-Canton,,elected-status-verified-seat-count-unresolved,Official town Elected Boards & Committees index establishes elected status; total elected seat count and term remain unresolved in this pass.,Assessor
Canton,canton-ma/board-of-health-member,Board of Health Member,True,,at-large,,,,https://town.canton.ma.us/911/Elected-Boards-Committees,https://www.town.canton.ma.us/988/Citizens-Guide---Town-of-Canton,,elected-status-verified-seat-count-unresolved,Official town Elected Boards & Committees index establishes elected status; total elected seat count and term remain unresolved in this pass.,Board of Health Member
Canton,canton-ma/housing-authority-member,Housing Authority Member,True,,at-large,,,,https://town.canton.ma.us/911/Elected-Boards-Committees,https://www.town.canton.ma.us/988/Citizens-Guide---Town-of-Canton,,elected-status-verified-seat-count-unresolved,Official town Elected Boards & Committees index establishes elected status; total elected seat count and term remain unresolved in this pass.,Housing Authority Member
Canton,canton-ma/library-trustee,Library Trustee,True,,at-large,,,,https://town.canton.ma.us/911/Elected-Boards-Committees,https://www.town.canton.ma.us/988/Citizens-Guide---Town-of-Canton,,elected-status-verified-seat-count-unresolved,Official town Elected Boards & Committees index establishes elected status; total elected seat count and term remain unresolved in this pass.,Library Trustee
Canton,canton-ma/planning-board-member,Planning Board Member,True,5,at-large,,,,https://town.canton.ma.us/238/Planning-Board,https://www.town.canton.ma.us/988/Citizens-Guide---Town-of-Canton,,schema-ready,Official town elected-boards index establishes elected status; current Planning Board page shows five members. Term remains unresolved.,Planning Board Member
Canton,canton-ma/school-committee-member,School Committee Member,True,5,at-large,3,True,,https://town.canton.ma.us/243/School-Committee,https://www.town.canton.ma.us/988/Citizens-Guide---Town-of-Canton,,schema-ready,Official School Committee page shows five members serving staggered three-year terms.,School Committee Member
Canton,canton-ma/select-board-member,Select Board Member,True,,at-large,,,,https://town.canton.ma.us/911/Elected-Boards-Committees,https://www.town.canton.ma.us/988/Citizens-Guide---Town-of-Canton,,elected-status-verified-seat-count-unresolved,Official town Elected Boards & Committees index establishes elected status; total elected seat count and term remain unresolved in this pass.,Select Board Member
Canton,canton-ma/town-clerk,Town Clerk,True,1,at-large,,False,,https://town.canton.ma.us/911/Elected-Boards-Committees,https://www.town.canton.ma.us/988/Citizens-Guide---Town-of-Canton,,schema-ready,Official elected-boards/offices index lists Town Clerk as elected. Term remains unresolved.,Town Clerk
Carlisle,carlisle-ma/assessor,Assessor,True,3,at-large,3,True,,https://www.carlislema.gov/309/Elected-Officials,https://www.carlislema.gov/CivicAlerts.aspx?AID=695,,schema-ready,,Assessor
Carlisle,carlisle-ma/board-of-health-member,Board of Health Member,True,5,at-large,3,True,,https://www.carlislema.gov/309/Elected-Officials,https://www.carlislema.gov/CivicAlerts.aspx?AID=695,,schema-ready,,Board of Health Member
Carlisle,carlisle-ma/library-trustee,Library Trustee,True,3,at-large,3,True,,https://www.carlislema.gov/309/Elected-Officials,https://www.carlislema.gov/CivicAlerts.aspx?AID=695,,schema-ready,,Library Trustee
Carlisle,carlisle-ma/moderator,Moderator,True,1,at-large,3,False,,https://www.carlislema.gov/309/Elected-Officials,https://www.carlislema.gov/CivicAlerts.aspx?AID=695,,schema-ready,,Moderator
Carlisle,carlisle-ma/planning-board-member,Planning Board Member,True,7,at-large,3,True,,https://www.carlislema.gov/309/Elected-Officials,https://www.carlislema.gov/CivicAlerts.aspx?AID=695,,schema-ready,,Planning Board Member
Carlisle,carlisle-ma/school-committee-member,School Committee Member,True,5,at-large,3,True,,https://www.carlislema.gov/309/Elected-Officials,https://www.carlislema.gov/CivicAlerts.aspx?AID=695,,schema-ready,,School Committee Member
Carlisle,carlisle-ma/select-board-member,Select Board Member,True,5,at-large,3,True,,https://www.carlislema.gov/309/Elected-Officials,https://www.carlislema.gov/CivicAlerts.aspx?AID=695,,schema-ready,,Select Board Member
Carver,carver-ma/library-trustee,Library Trustee,True,6,at-large,3,True,,https://www.carverma.gov/library-trustees,https://www.carverma.gov/town-clerk/news/april-25-2026-local-town-election,,schema-ready,Official trustee page lists six members; 2026 Annual Town Election offered two regular three-year trustee seats.,Library Trustee
Carver,carver-ma/planning-board-member,Planning Board Member,True,5,at-large,5,True,,https://www.carverma.gov/planning-board,https://www.carverma.gov/town-clerk/news/april-25-2026-local-town-election,,schema-ready,"Official Planning Board page states five members, each elected for five-year terms; current expiration pattern supports staggering.",Planning Board Member
Carver,carver-ma/school-committee-member,School Committee Member,True,5,at-large,3,True,,https://www.carverma.gov/school-committee,https://www.carverma.gov/town-clerk/news/april-25-2026-local-town-election,,schema-ready,Official current School Committee page lists five members; 2026 Annual Town Election offered two regular three-year seats.,School Committee Member
Carver,carver-ma/select-board-member,Select Board Member,True,5,at-large,3,True,,https://www.carverma.gov/select-board,https://www.carverma.gov/town-clerk/news/april-25-2026-local-town-election,,schema-ready,"Official current Select Board page lists five members; 2026 Annual Town Election offered two regular three-year seats, supporting staggered terms.",Select Board Member
Charlton,charlton-ma/assessor,Assessor,True,3,at-large,3,True,,https://www.townofcharlton.net/DocumentCenter/View/5762/Elected-Town-Officers-2026-PDF,https://www.townofcharlton.net/176/Elections,https://www.townofcharlton.net/DocumentCenter/View/5637/Annual-Town-Election---May-2026-PDF,schema-ready,Official 2026 Elected Town Officers list: three assessors with staggered three-year terms.,Assessor
Charlton,charlton-ma/board-of-health-member,Board of Health Member,True,3,at-large,3,True,,https://www.townofcharlton.net/DocumentCenter/View/5762/Elected-Town-Officers-2026-PDF,https://www.townofcharlton.net/176/Elections,https://www.townofcharlton.net/DocumentCenter/View/5637/Annual-Town-Election---May-2026-PDF,schema-ready,Official 2026 list: three members with successive term expirations.,Board of Health Member
Charlton,charlton-ma/cemetery-commissioner,Cemetery Commissioner,True,3,at-large,3,True,,https://www.townofcharlton.net/DocumentCenter/View/5762/Elected-Town-Officers-2026-PDF,https://www.townofcharlton.net/176/Elections,https://www.townofcharlton.net/DocumentCenter/View/5637/Annual-Town-Election---May-2026-PDF,schema-ready,"Official 2026 list: three cemetery commissioners, three-year terms.",Cemetery Commissioner
Charlton,charlton-ma/constable,Constable,True,2,at-large,3,,,https://www.townofcharlton.net/DocumentCenter/View/5762/Elected-Town-Officers-2026-PDF,https://www.townofcharlton.net/176/Elections,https://www.townofcharlton.net/DocumentCenter/View/5637/Annual-Town-Election---May-2026-PDF,schema-ready,"Official 2026 list identifies two elected constables, each with three-year terms.",Constable
Charlton,charlton-ma/housing-authority-member,Housing Authority Member,True,3,at-large,5,True,,https://www.townofcharlton.net/DocumentCenter/View/5762/Elected-Town-Officers-2026-PDF,https://www.townofcharlton.net/176/Elections,https://www.townofcharlton.net/DocumentCenter/View/5637/Annual-Town-Election---May-2026-PDF,schema-ready,"Five-member authority listing includes three elected local seats, one resident-appointed seat, and one state-appointed seat; Office record counts elected seats only.",Housing Authority Member
Charlton,charlton-ma/library-trustee,Library Trustee,True,6,at-large,3,True,,https://www.townofcharlton.net/DocumentCenter/View/5762/Elected-Town-Officers-2026-PDF,https://www.townofcharlton.net/176/Elections,https://www.townofcharlton.net/DocumentCenter/View/5637/Annual-Town-Election---May-2026-PDF,schema-ready,Official 2026 list gives six trustees with staggered three-year terms.,Library Trustee
Charlton,charlton-ma/moderator,Moderator,True,1,at-large,3,False,,https://www.townofcharlton.net/DocumentCenter/View/5762/Elected-Town-Officers-2026-PDF,https://www.townofcharlton.net/176/Elections,https://www.townofcharlton.net/DocumentCenter/View/5637/Annual-Town-Election---May-2026-PDF,schema-ready,Official 2026 elected-officers list gives one three-year Moderator.,Moderator
Charlton,charlton-ma/planning-board-member,Planning Board Member,True,5,at-large,5,True,,https://www.townofcharlton.net/DocumentCenter/View/5762/Elected-Town-Officers-2026-PDF,https://www.townofcharlton.net/176/Elections,https://www.townofcharlton.net/DocumentCenter/View/5637/Annual-Town-Election---May-2026-PDF,schema-ready,Official 2026 list gives five Planning Board seats with staggered five-year terms.,Planning Board Member
Charlton,charlton-ma/recreation-commissioner,Recreation Commissioner,True,3,at-large,3,True,,https://www.townofcharlton.net/DocumentCenter/View/5762/Elected-Town-Officers-2026-PDF,https://www.townofcharlton.net/176/Elections,https://www.townofcharlton.net/DocumentCenter/View/5637/Annual-Town-Election---May-2026-PDF,schema-ready,Official 2026 list gives three commissioners with staggered three-year terms.,Recreation Commissioner
Charlton,charlton-ma/regional-school-committee-member,Regional School Committee Member,True,4,district,3,True,,https://www.townofcharlton.net/DocumentCenter/View/5762/Elected-Town-Officers-2026-PDF,https://www.townofcharlton.net/176/Elections,https://www.townofcharlton.net/DocumentCenter/View/5637/Annual-Town-Election---May-2026-PDF,schema-ready,"Dudley-Charlton Regional School District: four Charlton elected seats are listed; one current seat is serving a one-year vacancy term, while regular terms are three years.",Regional School Committee Member
Charlton,charlton-ma/regional-vocational-school-committee-member,Regional Vocational School Committee Member,True,2,district,3,True,,https://www.townofcharlton.net/DocumentCenter/View/5762/Elected-Town-Officers-2026-PDF,https://www.townofcharlton.net/176/Elections,https://www.townofcharlton.net/DocumentCenter/View/5637/Annual-Town-Election---May-2026-PDF,schema-ready,"Southern Worcester County Regional Vocational School District: two Charlton seats, regular three-year terms.",Regional Vocational School Committee Member
Charlton,charlton-ma/select-board-member,Select Board Member,True,5,at-large,3,True,,https://www.townofcharlton.net/DocumentCenter/View/5762/Elected-Town-Officers-2026-PDF,https://www.townofcharlton.net/176/Elections,https://www.townofcharlton.net/DocumentCenter/View/5637/Annual-Town-Election---May-2026-PDF,schema-ready,"Official 2026 list: five elected Select Board seats, three-year terms.",Select Board Member
Charlton,charlton-ma/water-sewer-commissioner,Water Sewer Commissioner,True,5,at-large,3,True,,https://www.townofcharlton.net/DocumentCenter/View/5762/Elected-Town-Officers-2026-PDF,https://www.townofcharlton.net/176/Elections,https://www.townofcharlton.net/DocumentCenter/View/5637/Annual-Town-Election---May-2026-PDF,schema-ready,Official 2026 list gives five commission seats with regular three-year terms; one seat is temporarily appointed to fill a vacancy until the next election.,Water Sewer Commissioner
Chatham,chatham-ma/housing-authority-member,Housing Authority Member,True,,at-large,5,,,https://www.chatham-ma.gov/CivicSend/ViewMessage/Message/230039,https://www.chatham-ma.gov/342/Town-Meeting-Central,https://www.chatham-ma.gov/CivicSend/ViewMessage/Message/290355,elected-status-verified-seat-count-unresolved,Official annual-election notice establishes an elected Chatham Housing Authority seat with a five-year regular term; total number of elected local seats remains unresolved.,Housing Authority Member
Chatham,chatham-ma/moderator,Moderator,True,1,at-large,3,False,,https://www.chatham-ma.gov/573/Whos-Who-at-Town-Meeting,https://www.chatham-ma.gov/342/Town-Meeting-Central,https://www.chatham-ma.gov/CivicSend/ViewMessage/Message/290355,schema-ready,Official Town Meeting guide states the Moderator is elected to a three-year term.,Moderator
Chatham,chatham-ma/regional-school-committee-member,Regional School Committee Member,True,,district,3,,,https://www.chatham-ma.gov/CivicSend/ViewMessage/Message/282778,https://www.chatham-ma.gov/342/Town-Meeting-Central,https://www.chatham-ma.gov/CivicSend/ViewMessage/Message/290355,elected-status-verified-seat-count-unresolved,Official 2026 nomination notice establishes elected Monomoy Regional School District Committee seats; Chatham's total allocation remains unresolved.,Regional School Committee Member
Chatham,chatham-ma/select-board-member,Select Board Member,True,5,at-large,3,True,,https://chatham-ma.gov/367/Select-Board,https://www.chatham-ma.gov/342/Town-Meeting-Central,https://www.chatham-ma.gov/CivicSend/ViewMessage/Message/290355,schema-ready,Official Town Meeting guidance identifies a five-member elected Select Board; current terms expire across 2027-2029. 2024 election notice confirms regular three-year terms.,Select Board Member
Chelmsford,chelmsford-ma/board-of-health-member,Board of Health Member,True,3,at-large,3,,,https://www.chelmsfordma.gov/988/Board-Committee-Descriptions,https://www.chelmsfordma.gov/237/Elections-Voting-Campaign-Finance,https://www.chelmsfordma.gov/DocumentCenter/View/22323/OFFICIAL-RESULTS,schema-ready,"Official board description explicitly labels three Board of Health positions elected, with three-year terms.",Board of Health Member
Chelmsford,chelmsford-ma/cemetery-commissioner,Cemetery Commissioner,True,3,at-large,3,,,https://www.chelmsfordma.gov/988/Board-Committee-Descriptions,https://www.chelmsfordma.gov/237/Elections-Voting-Campaign-Finance,https://www.chelmsfordma.gov/DocumentCenter/View/22323/OFFICIAL-RESULTS,schema-ready,"Official board description explicitly labels the three-member Cemetery Commission elected, with three-year terms.",Cemetery Commissioner
Chelmsford,chelmsford-ma/housing-authority-member,Housing Authority Member,True,3,at-large,5,,,https://www.chelmsfordma.gov/988/Board-Committee-Descriptions,https://www.chelmsfordma.gov/237/Elections-Voting-Campaign-Finance,https://www.chelmsfordma.gov/DocumentCenter/View/22323/OFFICIAL-RESULTS,schema-ready,Official board description gives three elected Housing Authority positions plus one Governor appointee and one annual resident appointee; record counts elected seats only.,Housing Authority Member
Chelmsford,chelmsford-ma/library-trustee,Library Trustee,True,5,at-large,3,,,https://www.chelmsfordma.gov/988/Board-Committee-Descriptions,https://www.chelmsfordma.gov/237/Elections-Voting-Campaign-Finance,https://www.chelmsfordma.gov/DocumentCenter/View/22323/OFFICIAL-RESULTS,schema-ready,Official board description explicitly gives five elected Library Trustee positions with three-year terms.,Library Trustee
Chelmsford,chelmsford-ma/moderator,Moderator,True,1,at-large,,False,,https://www.chelmsfordma.gov/DocumentCenter/View/22323/OFFICIAL-RESULTS,https://www.chelmsfordma.gov/237/Elections-Voting-Campaign-Finance,https://www.chelmsfordma.gov/DocumentCenter/View/22323/OFFICIAL-RESULTS,schema-ready,Official 2026 election results contain the Town Moderator contest. Regular term length remains unresolved in this pass.,Moderator
Chelmsford,chelmsford-ma/planning-board-associate-member,Planning Board Associate Member,True,1,at-large,2,False,,https://www.chelmsfordma.gov/988/Board-Committee-Descriptions,https://www.chelmsfordma.gov/237/Elections-Voting-Campaign-Finance,https://www.chelmsfordma.gov/DocumentCenter/View/22323/OFFICIAL-RESULTS,schema-ready,Official board description states one Planning Board associate member is elected at the annual town election for a two-year term; vacancies may be filled temporarily by joint appointment.,Planning Board Associate Member
Chelmsford,chelmsford-ma/planning-board-member,Planning Board Member,True,7,at-large,3,True,,https://www.chelmsfordma.gov/988/Board-Committee-Descriptions,https://www.chelmsfordma.gov/237/Elections-Voting-Campaign-Finance,https://www.chelmsfordma.gov/DocumentCenter/View/22323/OFFICIAL-RESULTS,schema-ready,Official charter-derived board description states seven elected members for three-year terms arranged to expire as evenly as possible.,Planning Board Member
Chelmsford,chelmsford-ma/school-committee-member,School Committee Member,True,5,at-large,3,,,https://www.chelmsfordma.gov/988/Board-Committee-Descriptions,https://www.chelmsfordma.gov/237/Elections-Voting-Campaign-Finance,https://www.chelmsfordma.gov/DocumentCenter/View/22323/OFFICIAL-RESULTS,schema-ready,Official board description explicitly states five elected School Committee positions serving three-year terms.,School Committee Member
Chelmsford,chelmsford-ma/select-board-member,Select Board Member,True,5,at-large,3,True,,https://www.chelmsfordma.gov/988/Board-Committee-Descriptions,https://www.chelmsfordma.gov/237/Elections-Voting-Campaign-Finance,https://www.chelmsfordma.gov/DocumentCenter/View/22323/OFFICIAL-RESULTS,schema-ready,Official board description states five elected members serving staggered three-year terms.,Select Board Member
Chelmsford,chelmsford-ma/town-meeting-member,Town Meeting Member,True,165,district,3,True,,https://www.chelmsfordma.gov/237/Elections-Voting-Campaign-Finance,https://www.chelmsfordma.gov/237/Elections-Voting-Campaign-Finance,https://www.chelmsfordma.gov/DocumentCenter/View/22323/OFFICIAL-RESULTS,schema-ready,"Representative Town Meeting has 165 elected members: 15 from each of 11 precincts, three-year terms, with at least five seats per precinct up each annual election.",Town Meeting Member
Chelsea,chelsea-ma/city-council-member,City Council Member,True,11,mixed,2,False,,https://library.municode.com/ma/chelsea/codes/code_of_ordinances?nodeId=PTICH_CHCHMA,https://library.municode.com/ma/chelsea/codes/code_of_ordinances?nodeId=PTICH_CHCHMA,,schema-ready,"Current charter establishes 11 councilors: 3 elected at-large citywide and 8 district councilors, one from each district; 2-year terms.",City Council Member
Chelsea,chelsea-ma/school-committee-member,School Committee Member,True,9,mixed,2,False,,https://library.municode.com/ma/chelsea/codes/code_of_ordinances?nodeId=PTICH_CHCHMA,https://library.municode.com/ma/chelsea/codes/code_of_ordinances?nodeId=PTICH_CHCHMA,,schema-ready,Current charter/current school committee structure: 1 at-large member plus 8 district members; 2-year terms.,School Committee Member
Cheshire,cheshire-ma/assessor,Assessor,True,3,at-large,3,,,https://cheshire-ma.gov/board-of-assessors/,https://cheshire-ma.gov/elections/,https://cheshire-ma.gov/news-and-notices/official-results-annual-town-election-542026/,schema-ready,Official Board of Assessors page explicitly states an elected three-member board; 2026 official results still contain assessor contests despite a prior ballot question concerning appointment.,Assessor
Cheshire,cheshire-ma/board-of-health-member,Board of Health Member,True,3,at-large,3,True,,https://cheshire-ma.gov/board-of-health/,https://cheshire-ma.gov/elections/,https://cheshire-ma.gov/news-and-notices/official-results-annual-town-election-542026/,schema-ready,Current official page lists three members expiring in successive years 2027-2029; election materials establish regular three-year elected terms.,Board of Health Member
Cheshire,cheshire-ma/cemetery-commissioner,Cemetery Commissioner,True,3,at-large,3,True,,https://cheshire-ma.gov/cemetery-commission/,https://cheshire-ma.gov/elections/,https://cheshire-ma.gov/news-and-notices/official-results-annual-town-election-542026/,schema-ready,Official page lists three commissioners with successive term expirations; annual-election results establish elected status.,Cemetery Commissioner
Cheshire,cheshire-ma/planning-board-member,Planning Board Member,True,5,at-large,5,True,,https://cheshire-ma.gov/planning-board/,https://cheshire-ma.gov/elections/,https://cheshire-ma.gov/news-and-notices/official-results-annual-town-election-542026/,schema-ready,Official page explicitly says the Planning Board is an elected board of five regular members; current terms expire in successive years 2027-2031.,Planning Board Member
Cheshire,cheshire-ma/regional-school-committee-member,Regional School Committee Member,True,,district,3,,,https://cheshire-ma.gov/news-and-notices/official-results-annual-town-election-542026/,https://cheshire-ma.gov/elections/,https://cheshire-ma.gov/news-and-notices/official-results-annual-town-election-542026/,elected-status-verified-seat-count-unresolved,Official annual-election results include Hoosac Valley Regional School District committee contests. Cheshire's exact current seat allocation remains unresolved.,Regional School Committee Member
Cheshire,cheshire-ma/select-board-member,Select Board Member,True,5,at-large,3,True,,https://cheshire-ma.gov/board-of-selectmen/,https://cheshire-ma.gov/elections/,https://cheshire-ma.gov/news-and-notices/official-results-annual-town-election-542026/,schema-ready,Official current board page lists five members with expirations across 2027-2029; annual-election materials establish regular three-year terms.,Board of Selectmen
Cheshire,cheshire-ma/town-clerk,Town Clerk,True,1,at-large,3,False,,https://cheshire-ma.gov/news-and-notices/annual-town-election-2/,https://cheshire-ma.gov/elections/,https://cheshire-ma.gov/news-and-notices/official-results-annual-town-election-542026/,schema-ready,Official 2024 annual-election notice lists Town Clerk as an elected three-year office; current Town Clerk page shows a term expiration.,Town Clerk
Cheshire,cheshire-ma/water-commissioner,Water Commissioner,True,3,at-large,3,True,,https://cheshire-ma.gov/water-department/,https://cheshire-ma.gov/elections/,https://cheshire-ma.gov/news-and-notices/official-results-annual-town-election-542026/,schema-ready,Official water page lists three commissioners with successive expirations; annual-election materials establish elected three-year commissioner seats.,Water Commissioner
Chester,chester-ma/board-of-health-member,Board of Health Member,True,3,at-large,3,True,,https://townofchester.net/board-of-health/,https://townofchester.net/2026/04/2026-annual-town-election/,https://townofchester.net/2025/05/town-election-results-may-3-2025-2/,schema-ready,Current official page lists three members; annual-election notices show regular three-year elected seats and occasional vacancy terms.,Board of Health Member
Chester,chester-ma/library-trustee,Library Trustee,True,,at-large,3,,,https://townofchester.net/2026/04/2026-annual-town-election/,https://townofchester.net/2026/04/2026-annual-town-election/,https://townofchester.net/2025/05/town-election-results-may-3-2025-2/,elected-status-verified-seat-count-unresolved,Official annual-election notices repeatedly put two Library Trustee seats on the ballot for regular three-year terms; current trustee page is incomplete for deriving the full statutory/elected seat count.,Library Trustee
Chester,chester-ma/moderator,Moderator,True,1,at-large,1,False,,https://townofchester.net/2026/04/2026-annual-town-election/,https://townofchester.net/2026/04/2026-annual-town-election/,https://townofchester.net/2025/05/town-election-results-may-3-2025-2/,schema-ready,Official 2026 election notice gives one Moderator for a one-year term.,Moderator
Chester,chester-ma/municipal-light-board-member,Municipal Light Board Member,True,3,at-large,3,True,,https://townofchester.net/municipal-electric-light/,https://townofchester.net/2026/04/2026-annual-town-election/,https://townofchester.net/2025/05/town-election-results-may-3-2025-2/,schema-ready,Official CMELD page lists three commissioners with successive election expirations; annual-election notices establish regular three-year elected terms.,Electric Light Commissioner
Chester,chester-ma/regional-school-committee-member,Regional School Committee Member,True,3,district,3,True,,https://townofchester.net/schools/,https://townofchester.net/2026/04/2026-annual-town-election/,https://townofchester.net/2025/05/town-election-results-may-3-2025-2/,schema-ready,Official town school page lists three Chester members of the Gateway Regional School District Committee; annual-election notices establish regular three-year elected seats.,Regional School Committee Member
Chester,chester-ma/select-board-member,Select Board Member,True,,at-large,3,,,https://townofchester.net/2026/04/2026-annual-town-election/,https://townofchester.net/2026/04/2026-annual-town-election/,https://townofchester.net/2025/05/town-election-results-may-3-2025-2/,elected-status-verified-seat-count-unresolved,Official 2025/2026 election notices establish regular three-year Select Board seats; total current board size is not normalized because the current board page appears incomplete/stale.,Select Board Member
Chester,chester-ma/water-commissioner,Water Commissioner,True,3,at-large,3,True,,https://townofchester.net/water-department/,https://townofchester.net/2026/04/2026-annual-town-election/,https://townofchester.net/2025/05/town-election-results-may-3-2025-2/,schema-ready,"Official water page lists three commissioners; annual-election notices establish regular three-year elected commissioner seats, with shorter terms used to fill vacancies.",Water Commissioner
Chesterfield,chesterfield-ma/assessor,Assessor,True,3,at-large,3,True,,https://www.townofchesterfieldma.com/government/pages/contact-info-elected-and-appointed-officials,https://www.townofchesterfieldma.com/town-clerk,https://www.townofchesterfieldma.com/town-clerk/pages/annual-town-election-results,schema-ready,Official elected-official roster gives three assessors with staggered three-year terms.,Assessor
Chesterfield,chesterfield-ma/board-of-health-member,Board of Health Member,True,3,at-large,3,True,,https://www.townofchesterfieldma.com/government/pages/contact-info-elected-and-appointed-officials,https://www.townofchesterfieldma.com/town-clerk,https://www.townofchesterfieldma.com/town-clerk/pages/annual-town-election-results,schema-ready,Official elected-official roster.,Board of Health Member
Chesterfield,chesterfield-ma/constable,Constable,True,3,at-large,3,True,,https://www.townofchesterfieldma.com/government/pages/contact-info-elected-and-appointed-officials,https://www.townofchesterfieldma.com/town-clerk,https://www.townofchesterfieldma.com/town-clerk/pages/annual-town-election-results,schema-ready,Official elected-official roster.,Constable
Chesterfield,chesterfield-ma/elementary-school-committee-member,Elementary School Committee Member,True,3,district,3,True,,https://www.townofchesterfieldma.com/government/pages/contact-info-elected-and-appointed-officials,https://www.townofchesterfieldma.com/town-clerk,https://www.townofchesterfieldma.com/town-clerk/pages/annual-town-election-results,schema-ready,Chesterfield/Goshen School Committee: three Chesterfield elected officials shown.,Elementary School Committee Member
Chesterfield,chesterfield-ma/library-trustee,Library Trustee,True,3,at-large,3,True,,https://www.townofchesterfieldma.com/government/pages/contact-info-elected-and-appointed-officials,https://www.townofchesterfieldma.com/town-clerk,https://www.townofchesterfieldma.com/town-clerk/pages/annual-town-election-results,schema-ready,Official elected-official roster.,Library Trustee
Chesterfield,chesterfield-ma/moderator,Moderator,True,1,at-large,3,False,,https://www.townofchesterfieldma.com/government/pages/contact-info-elected-and-appointed-officials,https://www.townofchesterfieldma.com/town-clerk,https://www.townofchesterfieldma.com/town-clerk/pages/annual-town-election-results,schema-ready,Official elected-official roster.,Moderator
Chesterfield,chesterfield-ma/planning-board-member,Planning Board Member,True,7,at-large,3,True,,https://www.townofchesterfieldma.com/government/pages/contact-info-elected-and-appointed-officials,https://www.townofchesterfieldma.com/town-clerk,https://www.townofchesterfieldma.com/town-clerk/pages/annual-town-election-results,schema-ready,Official elected-official roster gives seven elected regular members; associate members are appointed and excluded.,Planning Board Member
Chesterfield,chesterfield-ma/regional-school-committee-member,Regional School Committee Member,True,2,district,3,True,,https://www.townofchesterfieldma.com/government/pages/contact-info-elected-and-appointed-officials,https://www.townofchesterfieldma.com/town-clerk,https://www.townofchesterfieldma.com/town-clerk/pages/annual-town-election-results,schema-ready,Hampshire Regional School Committee: two Chesterfield elected members.,Regional School Committee Member
Chesterfield,chesterfield-ma/select-board-member,Select Board Member,True,3,at-large,3,True,,https://www.townofchesterfieldma.com/government/pages/contact-info-elected-and-appointed-officials,https://www.townofchesterfieldma.com/town-clerk,https://www.townofchesterfieldma.com/town-clerk/pages/annual-town-election-results,schema-ready,Official elected-official roster gives three members with successive expirations.,Select Board Member
Chesterfield,chesterfield-ma/tax-collector,Tax Collector,True,1,at-large,3,False,,https://www.townofchesterfieldma.com/government/pages/contact-info-elected-and-appointed-officials,https://www.townofchesterfieldma.com/town-clerk,https://www.townofchesterfieldma.com/town-clerk/pages/annual-town-election-results,schema-ready,Official elected-official roster; 2026 ballot confirms office.,Tax Collector
Chesterfield,chesterfield-ma/town-clerk,Town Clerk,True,1,at-large,3,False,,https://www.townofchesterfieldma.com/government/pages/contact-info-elected-and-appointed-officials,https://www.townofchesterfieldma.com/town-clerk,https://www.townofchesterfieldma.com/town-clerk/pages/annual-town-election-results,schema-ready,Official elected-official roster; 2026 ballot confirms office.,Town Clerk
Chesterfield,chesterfield-ma/treasurer,Treasurer,True,1,at-large,3,False,,https://www.townofchesterfieldma.com/government/pages/contact-info-elected-and-appointed-officials,https://www.townofchesterfieldma.com/town-clerk,https://www.townofchesterfieldma.com/town-clerk/pages/annual-town-election-results,schema-ready,Official elected-official roster; 2026 ballot confirms office.,Treasurer
Chesterfield,chesterfield-ma/tree-warden,Tree Warden,True,1,at-large,3,False,,https://www.townofchesterfieldma.com/government/pages/contact-info-elected-and-appointed-officials,https://www.townofchesterfieldma.com/town-clerk,https://www.townofchesterfieldma.com/town-clerk/pages/annual-town-election-results,schema-ready,Official elected-official roster; 2026 ballot confirms office.,Tree Warden
Chicopee,chicopee-ma/assessor,Assessor,True,3,at-large,,True,False,https://chicopeema.gov/149/Assessors-Office,https://www.chicopeema.gov/866/Election-Specimens,https://www.chicopeema.gov/850/Election-Results,schema-ready,Official Assessor's Office states three assessors are elected by voters and terms are staggered. Exact term length is not stated clearly enough to serialize.,Assessor
Chicopee,chicopee-ma/city-clerk,City Clerk,True,1,at-large,,,False,https://ecode360.com/12595859,https://www.chicopeema.gov/866/Election-Specimens,https://www.chicopeema.gov/850/Election-Results,schema-ready,Current official Elected Officials page and charter §6 establish public election. Current term detail is affected by later special acts/tenure provisions and is left unresolved.,City Clerk
Chicopee,chicopee-ma/city-collector,City Collector,True,1,at-large,,,False,https://chicopeema.gov/416/Elected-Officials,https://www.chicopeema.gov/866/Election-Specimens,https://www.chicopeema.gov/850/Election-Results,schema-ready,Current official Elected Officials page lists Collector as publicly elected. Historic charter text instead provided City-Council election; current directory controls elected-status classification while legal amendment chain remains to be normalized.,City Collector
Chicopee,chicopee-ma/city-council-member,City Council Member,True,13,mixed,,,False,https://chicopeema.gov/416/Elected-Officials,https://www.chicopeema.gov/866/Election-Specimens,https://www.chicopeema.gov/850/Election-Results,schema-ready,"Current elected-official roster has four councilors-at-large plus one councilor from each of nine wards. Historic charter term provisions do not match current composition, so current term length remains unresolved.",City Council Member
Chicopee,chicopee-ma/city-treasurer,City Treasurer,True,1,at-large,,,False,https://ecode360.com/12595859,https://www.chicopeema.gov/866/Election-Specimens,https://www.chicopeema.gov/850/Election-Results,schema-ready,Current official Elected Officials page and charter §6 establish public election; current term length not normalized here.,City Treasurer
Chicopee,chicopee-ma/mayor,Mayor,True,1,at-large,2,False,False,https://ecode360.com/12595859,https://www.chicopeema.gov/866/Election-Specimens,https://www.chicopeema.gov/850/Election-Results,schema-ready,Charter and Mayor's Office establish public election and two-year mayoral terms.,Mayor
Chicopee,chicopee-ma/school-committee-member,School Committee Member,True,11,mixed,,True,False,https://ecode360.com/12595888,https://www.chicopeema.gov/866/Election-Specimens,https://www.chicopeema.gov/850/Election-Results,schema-ready,"Six? No: current structure is two elected at-large plus nine ward members = 11 voter-elected seats. Charter gives at-large members four-year staggered terms and ward members two-year terms, so one single term_years value cannot faithfully represent the mixed office.",School Committee Member
Chilmark,chilmark-ma/board-of-health-member,Board of Health Member,True,3,at-large,,,,https://www.chilmarkma.gov/select-board/agenda/select-board-46,https://www.chilmarkma.gov/town-clerk/town-meeting/pages/annual-town-meeting-reports,https://www.chilmarkma.gov/town-clerk/files/town-chilmark-annual-town-election-final-tally-results-april-29-2026,schema-ready,"Official 2025 vacancy agenda identifies two surviving elected BOH members plus one vacancy, and specifies a joint temporary election only until the next annual town election. Regular term length remains unresolved.",Board of Health Member
Chilmark,chilmark-ma/cemetery-commissioner,Cemetery Commissioner,True,,at-large,,,,https://www.chilmarkma.gov/node/27031,https://www.chilmarkma.gov/town-clerk/town-meeting/pages/annual-town-meeting-reports,https://www.chilmarkma.gov/town-clerk/files/town-chilmark-annual-town-election-final-tally-results-april-29-2026,elected-status-verified-seat-count-unresolved,Official town job posting expressly identifies the Cemetery Commission as elected; total elected seats and terms remain unresolved.,Cemetery Commissioner
Chilmark,chilmark-ma/select-board-member,Select Board Member,True,3,at-large,3,True,,https://www.chilmarkma.gov/select-board,https://www.chilmarkma.gov/town-clerk/town-meeting/pages/annual-town-meeting-reports,https://www.chilmarkma.gov/town-clerk/files/town-chilmark-annual-town-election-final-tally-results-april-29-2026,schema-ready,Official Select Board page states members are elected for three-year terms and lists three members with successive expirations.,Select Board Member
Clarksburg,clarksburg-ma/board-of-health-member,Board of Health Member,True,3,at-large,3,True,,https://clarksburgma.gov/board-of-health,https://clarksburgma.gov/town-elections,https://clarksburgma.gov/2026-town-election-results,schema-ready,Current page lists three positions; annual warrants/results establish three-year elected seats.,Board of Health Member
Clarksburg,clarksburg-ma/library-trustee,Library Trustee,True,,at-large,3,,,https://clarksburgma.gov/town-election-may-13th-2025,https://clarksburgma.gov/town-elections,https://clarksburgma.gov/2026-town-election-results,elected-status-verified-seat-count-unresolved,Official 2025 warrant and 2026 results establish elected three-year Library Trustee seats; total board size remains unresolved.,Library Trustee
Clarksburg,clarksburg-ma/moderator,Moderator,True,1,at-large,3,False,,https://clarksburgma.gov/town-election-may-13th-2025,https://clarksburgma.gov/town-elections,https://clarksburgma.gov/2026-town-election-results,schema-ready,,Moderator
Clarksburg,clarksburg-ma/planning-board-member,Planning Board Member,True,5,at-large,5,True,,https://clarksburgma.gov/departments/planning-board,https://clarksburgma.gov/town-elections,https://clarksburgma.gov/2026-town-election-results,schema-ready,"Current page lists five members. Official 2025 warrant and 2026 results establish a regular five-year Planning Board seat; the 2025 warrant also included a separate three-year vacancy/transition seat, which is not treated as the regular term.",Planning Board Member
Clarksburg,clarksburg-ma/regional-vocational-school-representative,Regional Vocational School Representative,True,1,district,3,False,,https://clarksburgma.gov/town-election-may-13th-2025,https://clarksburgma.gov/town-elections,https://clarksburgma.gov/2026-town-election-results,schema-ready,Official 2025 warrant establishes an elected representative to McCann Vocational Technical School for a three-year term; total Clarksburg allocation is treated as one representative based on singular office wording.,Regional Vocational School Representative
Clarksburg,clarksburg-ma/school-committee-member,School Committee Member,True,,district,3,,,https://clarksburgma.gov/town-election-may-13th-2025,https://clarksburgma.gov/town-elections,https://clarksburgma.gov/2026-town-election-results,elected-status-verified-seat-count-unresolved,Official 2025 warrant and 2026 results establish elected three-year School Committee seats; total local committee allocation remains unresolved.,School Committee Member
Clarksburg,clarksburg-ma/select-board-member,Select Board Member,True,3,at-large,3,True,,https://clarksburgma.gov/departments/selectboard,https://clarksburgma.gov/town-elections,https://clarksburgma.gov/2026-town-election-results,schema-ready,Current board page lists three members; official warrants/results establish three-year elected seats.,Select Board Member
Clarksburg,clarksburg-ma/tree-warden,Tree Warden,True,1,at-large,3,False,,https://clarksburgma.gov/town-election-may-13th-2025,https://clarksburgma.gov/town-elections,https://clarksburgma.gov/2026-town-election-results,schema-ready,Official 2025 warrant establishes one elected Tree Warden for three years.,Tree Warden
Clarksburg,clarksburg-ma/war-memorial-trustee,War Memorial Trustee,True,,at-large,3,,,https://clarksburgma.gov/town-election-may-13th-2025,https://clarksburgma.gov/town-elections,https://clarksburgma.gov/2026-town-election-results,elected-status-verified-seat-count-unresolved,Official 2025 warrant and 2026 result establish elected War Memorial Trustee seats; total board size remains unresolved.,War Memorial Trustee
Clinton,clinton-ma/board-of-health-member,Board of Health Member,True,3,at-large,3,True,,https://www.clintonma.gov/176/Public-Health-Department,https://www.clintonma.gov/304/Election-Information,https://www.clintonma.gov/304/Election-Information,schema-ready,Official Public Health Department page states the Board of Health is elected and lists three members; official 2024 nomination notice gives regular three-year terms.,Board of Health Member
Clinton,clinton-ma/library-trustee,Library Trustee,True,6,at-large,3,True,,https://www.clintonma.gov/397/Library-Trustees,https://www.clintonma.gov/304/Election-Information,https://www.clintonma.gov/304/Election-Information,schema-ready,"Official trustee page lists six trustees plus the Library Director; 2024 nomination notice offered two regular three-year trustee seats plus one vacancy seat, supporting six staggered elected trustee seats.",Library Trustee
Clinton,clinton-ma/moderator,Moderator,True,1,at-large,1,False,,https://www.clintonma.gov/CivicAlerts.aspx?AID=290&ARC=669,https://www.clintonma.gov/304/Election-Information,https://www.clintonma.gov/304/Election-Information,schema-ready,Official 2024 nomination notice establishes one elected Moderator seat with a one-year term.,Moderator
Clinton,clinton-ma/parks-and-recreation-commissioner,Parks and Recreation Commissioner,True,5,at-large,3,True,,https://www.clintonma.gov/198/Boards-Commissions,https://www.clintonma.gov/304/Election-Information,https://www.clintonma.gov/304/Election-Information,schema-ready,Town boards directory explicitly calls Parks & Recreation an elected board; current commission site lists five members and 2024 nomination notice gives regular three-year seats.,Parks and Recreation Commissioner
Clinton,clinton-ma/planning-board-member,Planning Board Member,True,5,at-large,5,True,,https://www.clintonma.gov/212/Planning-Board,https://www.clintonma.gov/304/Election-Information,https://www.clintonma.gov/304/Election-Information,schema-ready,Official Planning Board page lists five members; official 2024 nomination notice establishes a regular five-year elected Planning Board seat.,Planning Board Member
Clinton,clinton-ma/school-committee-member,School Committee Member,True,,at-large,3,,,https://www.clintonma.gov/CivicAlerts.aspx?AID=290&ARC=669,https://www.clintonma.gov/304/Election-Information,https://www.clintonma.gov/304/Election-Information,elected-status-verified-seat-count-unresolved,Official 2024 nomination notice establishes two regular School Committee seats for three-year terms. Total committee size remains unresolved from accessible authoritative pages.,School Committee Member
Clinton,clinton-ma/select-board-member,Select Board Member,True,5,at-large,3,True,,https://www.clintonma.gov/205/Select-Board,https://www.clintonma.gov/304/Election-Information,https://www.clintonma.gov/304/Election-Information,schema-ready,Official Select Board page states five members and three-year terms; annual-election pattern is staggered.,Select Board Member
Cohasset,cohasset-ma/assessor,Assessor,True,3,at-large,3,True,,https://www.cohassetma.gov/155/Board-of-Assessors,https://www.cohassetma.gov/827/Election-Information,https://www.cohassetma.gov/248/Election-Ballots-Warrants-and-Results,schema-ready,Official Board of Assessors page states three elected members with three-year terms and successive expirations.,Assessor
Cohasset,cohasset-ma/board-of-health-member,Board of Health Member,True,3,at-large,3,True,,https://www.cohassetma.gov/290/Board-of-Health,https://www.cohassetma.gov/827/Election-Information,https://www.cohassetma.gov/248/Election-Ballots-Warrants-and-Results,schema-ready,Official page identifies a three-member elected Board of Health with current successive term expirations.,Board of Health Member
Cohasset,cohasset-ma/housing-authority-member,Housing Authority Member,True,4,at-large,5,True,,https://www.cohassetma.gov/287/Housing-Authority,https://www.cohassetma.gov/827/Election-Information,https://www.cohassetma.gov/248/Election-Ballots-Warrants-and-Results,schema-ready,Official page states five commissioners total: four stand for town election and one is Governor-appointed. Office record counts only four voter-elected seats.,Housing Authority Member
Cohasset,cohasset-ma/library-trustee,Library Trustee,True,9,at-large,3,True,,https://www.cohassetma.gov/289/Paul-Pratt-Memorial-Library-Trustees,https://www.cohassetma.gov/827/Election-Information,https://www.cohassetma.gov/248/Election-Ballots-Warrants-and-Results,schema-ready,Official page states nine elected trustees serving staggered three-year terms.,Paul Pratt Memorial Library Trustee
Cohasset,cohasset-ma/planning-board-associate-member,Planning Board Associate Member,True,1,at-large,3,False,,https://www.cohassetma.gov/214/Planning-Board,https://www.cohassetma.gov/827/Election-Information,https://www.cohassetma.gov/248/Election-Ballots-Warrants-and-Results,schema-ready,Official Planning Board page establishes one elected associate seat with a regular three-year term; shorter current vacancy terms are not treated as the regular office term.,Planning Board Associate Member
Cohasset,cohasset-ma/planning-board-member,Planning Board Member,True,5,at-large,5,True,,https://www.cohassetma.gov/214/Planning-Board,https://www.cohassetma.gov/827/Election-Information,https://www.cohassetma.gov/248/Election-Ballots-Warrants-and-Results,schema-ready,"Official Planning Board page states five regular elected members, with one elected each year for a five-year term.",Planning Board Member
Cohasset,cohasset-ma/school-committee-member,School Committee Member,True,5,at-large,3,True,,https://www.cohassetma.gov/294/School-Committee,https://www.cohassetma.gov/827/Election-Information,https://www.cohassetma.gov/248/Election-Ballots-Warrants-and-Results,schema-ready,Official page explicitly states five elected members serving staggered three-year terms.,School Committee Member
Cohasset,cohasset-ma/select-board-member,Select Board Member,True,5,at-large,3,True,,https://www.cohassetma.gov/293/Select-Board,https://www.cohassetma.gov/827/Election-Information,https://www.cohassetma.gov/248/Election-Ballots-Warrants-and-Results,schema-ready,Official Select Board page states five elected members serving staggered three-year terms.,Select Board Member
Colrain,colrain-ma/assessor,Assessor,True,,at-large,3,,,https://colrain-ma.gov/,https://colrain-ma.gov/,,source-gap-secondary-election-detail,2026 local election reporting identifies one three-year elected Assessor seat; official town site confirms municipal election administration but did not expose the ballot text to the crawler. Total Board of Assessors size remains unresolved.,Assessor
Colrain,colrain-ma/constable,Constable,True,,at-large,3,,,https://colrain-ma.gov/,https://colrain-ma.gov/,,source-gap-secondary-election-detail,2026 local reporting identifies one three-year Constable seat. Total number of constable positions remains unresolved and primary ballot/result text was not retrievable.,Constable
Colrain,colrain-ma/library-trustee,Library Trustee,True,,at-large,3,,,https://colrain-ma.gov/,https://colrain-ma.gov/,,source-gap-secondary-election-detail,2026 local reporting identifies two regular three-year Griswold Memorial Library trustee seats on the ballot. Total trustee board size remains unresolved from retrievable primary sources.,Griswold Memorial Library Trustee
Colrain,colrain-ma/regional-school-committee-member,Regional School Committee Member,True,,district,3,,,https://colrain-ma.gov/,https://colrain-ma.gov/,,source-gap-secondary-election-detail,2026 local reporting identifies one three-year Mohawk Trail Regional School District Committee seat. Colrain's full seat allocation remains unresolved.,Mohawk Trail Regional School District School Committee Member
Colrain,colrain-ma/select-board-member,Select Board Member,True,3,at-large,3,True,,https://www.mma.org/community/colrain/,https://colrain-ma.gov/,,source-gap-secondary-election-detail,"MMA confirms a three-member Select Board and May 12, 2026 municipal election. Local 2026 reporting states one regular three-year Select Board seat was on the ballot. Official clerk pages were not retrievable/indexed cleanly, so office-level term evidence remains non-primary.",Select Board Member
Concord,concord-ma/housing-authority-member,Housing Authority Member,True,3,at-large,5,True,,https://www.concordma.gov/1096/Housing-Authority,https://www.concordma.gov/375/Elections-Voting,https://www.concordma.gov/397/Election-Results,schema-ready,"Official Housing Authority page states five members total: three elected, one tenant/resident member appointed by Select Board, and one Governor-appointed. 2026 local-office page shows regular elected Housing Authority term of five years.",Housing Authority Member
Concord,concord-ma/moderator,Moderator,True,1,at-large,1,False,,https://concordma.gov/1233/Town-Charter-Sections,https://www.concordma.gov/375/Elections-Voting,https://www.concordma.gov/397/Election-Results,schema-ready,Charter §1 and current elected-officials page establish one Moderator elected annually.,Moderator
Concord,concord-ma/school-committee-member,School Committee Member,True,5,at-large,3,True,,https://concordma.gov/1233/Town-Charter-Sections,https://www.concordma.gov/375/Elections-Voting,https://www.concordma.gov/397/Election-Results,schema-ready,"Charter §1 establishes five School Committee seats, transitioning to staggered three-year terms; current elected-officials page confirms five members.",School Committee Member
Concord,concord-ma/select-board-member,Select Board Member,True,5,at-large,3,True,,https://concordma.gov/1233/Town-Charter-Sections,https://www.concordma.gov/375/Elections-Voting,https://www.concordma.gov/397/Election-Results,schema-ready,"Charter §1 establishes five Select Board seats, transitioning to staggered three-year terms; current elected-officials page confirms five members.",Select Board Member
Conway,conway-ma/assessor,Assessor,True,,at-large,,,,https://conwayma.gov/,https://conwayma.gov/,https://conwayma.gov/,elected-status-verified-seat-count-unresolved,Official town homepage explicitly labels a current Board of Assessors vacancy as elected. Total board size and regular term remain unresolved.,Assessor
Conway,conway-ma/board-of-health-member,Board of Health Member,True,,at-large,,,,https://conwayma.gov/,https://conwayma.gov/,https://conwayma.gov/,elected-status-verified-seat-count-unresolved,Official town homepage explicitly labels a current Board of Health vacancy as elected. Total board size and regular term remain unresolved.,Board of Health Member
Conway,conway-ma/select-board-member,Select Board Member,True,3,at-large,,,,https://www.mma.org/community/conway/,https://conwayma.gov/,https://conwayma.gov/,schema-ready,Official site establishes local election/results publication; MMA confirms a three-member Select Board. Regular term length remains unresolved from retrievable primary material.,Select Board Member
Cummington,cummington-ma/municipal-light-board-member,Municipal Light Board Member,True,,at-large,,,,https://cummington-ma.gov/MLPBoard/,https://cummington-ma.gov/Profile.php,https://www.cummington-ma.gov/,elected-status-verified-seat-count-unresolved,Official MLP page states the board has been elected under G.L. c.164 since the initial appointed phase; current elected board size/term not normalized.,Municipal Light Board Member
Cummington,cummington-ma/select-board-member,Select Board Member,True,3,at-large,3,True,,https://cummington-ma.gov/Profile.php,https://cummington-ma.gov/Profile.php,https://www.cummington-ma.gov/,schema-ready,Official town profile states the Board of Selectmen consists of three people elected to staggered three-year terms; Annual Town Election is the second Monday in May.,Select Board Member
Dalton,dalton-ma/cemetery-trustee,Cemetery Trustee,True,3,at-large,3,True,,https://dalton-ma.gov/cemeteries/,https://dalton-ma.gov/elections/,https://dalton-ma.gov/annual-town-meeting/,schema-ready,Official cemetery page states three Cemetery Trustees are elected for three-year terms; current structure is treated as staggered.,Cemetery Trustee
Dalton,dalton-ma/finance-committee-member,Finance Committee Member,True,9,at-large,3,True,,https://dalton-ma.gov/finance-committee/,https://dalton-ma.gov/elections/,https://dalton-ma.gov/annual-town-meeting/,schema-ready,"Official Finance Committee page explicitly states nine elected members, three-year terms, with three elected each year.",Finance Committee Member
Dalton,dalton-ma/planning-board-member,Planning Board Member,True,5,at-large,,,,https://dalton-ma.gov/planning-board/,https://dalton-ma.gov/elections/,https://dalton-ma.gov/annual-town-meeting/,schema-ready,Official Planning Board page states five Dalton residents elected by the general public. Regular term length remains unresolved in this pass.,Planning Board Member
Dalton,dalton-ma/select-board-member,Select Board Member,True,5,at-large,3,True,,https://dalton-ma.gov/select-board/,https://dalton-ma.gov/elections/,https://dalton-ma.gov/annual-town-meeting/,schema-ready,Official Select Board page states a five-member board with staggered three-year terms and identifies members as the Town's chief elected officials.,Select Board Member
Danvers,danvers-ma/library-trustee,Library Trustee,True,9,at-large,3,True,,https://danverslibrary.org/trustees-meeting-minutes/,https://www.danversma.gov/649/Election-Results,https://www.danversma.gov/DocumentCenter/View/4650/May-5-2026-OFFICIAL-Annual-Town-Election-Results,schema-ready,"Official library page states the board has nine elected trustees, three-year terms, with three elected each year; 2026 official town result confirms three regular trustee seats.",Library Trustee
Danvers,danvers-ma/moderator,Moderator,True,1,at-large,1,False,,https://www.danversma.gov/448/Town-Meeting,https://www.danversma.gov/649/Election-Results,https://www.danversma.gov/DocumentCenter/View/4650/May-5-2026-OFFICIAL-Annual-Town-Election-Results,schema-ready,Official Town Meeting page and 2026 official election results establish one Moderator elected for one year.,Moderator
Danvers,danvers-ma/school-committee-member,School Committee Member,True,5,at-large,3,True,,https://danverspublicschools.org/school-committee/,https://www.danversma.gov/649/Election-Results,https://www.danversma.gov/DocumentCenter/View/4650/May-5-2026-OFFICIAL-Annual-Town-Election-Results,schema-ready,"Danvers Public Schools' official committee page lists five members; official 2026 town result shows two regular three-year School Committee seats, consistent with staggered terms.",School Committee Member
Danvers,danvers-ma/select-board-member,Select Board Member,True,5,at-large,,True,,https://www.danversma.gov/242/Select-Board,https://www.danversma.gov/594/Election-Information,https://www.danversma.gov/649/Election-Results,schema-ready,Official Select Board page identifies five current chief elected officials with staggered expiration years. Regular term length is left unresolved until directly tied to the controlling charter/bylaw.,Select Board Member
Danvers,danvers-ma/town-meeting-member,Town Meeting Member,True,144,district,3,True,,https://www.danversma.gov/448/Town-Meeting,https://www.danversma.gov/594/Election-Information,https://www.danversma.gov/649/Election-Results,schema-ready,"Representative Town Meeting has 149 total members: 18 elected representatives from each of 8 precincts (144 elected precinct seats), plus the 5 Select Board members ex officio. Six representatives per precinct are elected each year for 3-year terms.",Town Meeting Member
Dartmouth,dartmouth-ma/assessor,Assessor,True,3,at-large,3,True,,https://ecode360.com/47392091,https://www.dartmouthma.gov/236/Election-Results,https://www.dartmouthma.gov/236/Election-Results,schema-ready,"Official Election Results archive includes April 7, 2026 annual town election.",Assessor
Dartmouth,dartmouth-ma/board-of-health-member,Board of Health Member,True,,at-large,,,,https://ecode360.com/47392091,https://www.dartmouthma.gov/236/Election-Results,https://www.dartmouthma.gov/236/Election-Results,elected-status-verified-seat-count-unresolved,"Official Election Results archive includes April 7, 2026 annual town election.",Board of Health Member
Dartmouth,dartmouth-ma/housing-authority-member,Housing Authority Member,True,,at-large,,,,https://ecode360.com/47392091,https://www.dartmouthma.gov/236/Election-Results,https://www.dartmouthma.gov/236/Election-Results,elected-status-verified-seat-count-unresolved,"Official Election Results archive includes April 7, 2026 annual town election.",Housing Authority Member
Dartmouth,dartmouth-ma/library-trustee,Library Trustee,True,,at-large,,,,https://ecode360.com/47392091,https://www.dartmouthma.gov/236/Election-Results,https://www.dartmouthma.gov/236/Election-Results,elected-status-verified-seat-count-unresolved,"Official Election Results archive includes April 7, 2026 annual town election.",Library Trustee
Dartmouth,dartmouth-ma/moderator,Moderator,True,1,at-large,,False,,https://ecode360.com/47392091,https://www.dartmouthma.gov/236/Election-Results,https://www.dartmouthma.gov/236/Election-Results,schema-ready,"Official Election Results archive includes April 7, 2026 annual town election.",Moderator
Dartmouth,dartmouth-ma/parks-and-recreation-member,Parks and Recreation Member,True,,at-large,,,,https://ecode360.com/47392091,https://www.dartmouthma.gov/236/Election-Results,https://www.dartmouthma.gov/236/Election-Results,elected-status-verified-seat-count-unresolved,"Official Election Results archive includes April 7, 2026 annual town election.",Parks and Recreation Member
Dartmouth,dartmouth-ma/planning-board-member,Planning Board Member,True,,at-large,,,,https://ecode360.com/47392091,https://www.dartmouthma.gov/236/Election-Results,https://www.dartmouthma.gov/236/Election-Results,elected-status-verified-seat-count-unresolved,"Official Election Results archive includes April 7, 2026 annual town election.",Planning Board Member
Dartmouth,dartmouth-ma/school-committee-member,School Committee Member,True,5,at-large,3,True,,https://ecode360.com/47392091,https://www.dartmouthma.gov/236/Election-Results,https://www.dartmouthma.gov/236/Election-Results,schema-ready,"Official Election Results archive includes April 7, 2026 annual town election.",School Committee Member
Dartmouth,dartmouth-ma/select-board-member,Select Board Member,True,,at-large,,,,https://ecode360.com/47392091,https://www.dartmouthma.gov/236/Election-Results,https://www.dartmouthma.gov/236/Election-Results,elected-status-verified-seat-count-unresolved,"Official Election Results archive includes April 7, 2026 annual town election.",Select Board Member
Dartmouth,dartmouth-ma/town-clerk,Town Clerk,True,1,at-large,,False,,https://ecode360.com/47392091,https://www.dartmouthma.gov/236/Election-Results,https://www.dartmouthma.gov/236/Election-Results,schema-ready,"Official Election Results archive includes April 7, 2026 annual town election.",Town Clerk
Dedham,dedham-ma/assessor,Assessor,True,3,at-large,,,,https://ecode360.com/15734606,https://www.dedhamma.gov/town-departments/town-clerk/elections-voting/election-dates,https://www.dedham-ma.gov/Home/Components/News/News/5581/,schema-ready,"Town offices elected at large except Town Meeting representatives, who are elected by precinct. Housing Authority composition requires c.121B reconciliation.",Assessor
Dedham,dedham-ma/board-of-health-member,Board of Health Member,True,3,at-large,,,,https://ecode360.com/15734606,https://www.dedhamma.gov/town-departments/town-clerk/elections-voting/election-dates,https://www.dedham-ma.gov/Home/Components/News/News/5581/,schema-ready,"Town offices elected at large except Town Meeting representatives, who are elected by precinct. Housing Authority composition requires c.121B reconciliation.",Board of Health Member
Dedham,dedham-ma/commissioner-of-trust-funds,Commissioner of Trust Funds,True,5,at-large,,,,https://ecode360.com/15734606,https://www.dedhamma.gov/town-departments/town-clerk/elections-voting/election-dates,https://www.dedham-ma.gov/Home/Components/News/News/5581/,schema-ready,"Town offices elected at large except Town Meeting representatives, who are elected by precinct. Housing Authority composition requires c.121B reconciliation.",Commissioner of Trust Funds
Dedham,dedham-ma/housing-authority-member,Housing Authority Member,True,,at-large,,,,https://ecode360.com/15734606,https://www.dedhamma.gov/town-departments/town-clerk/elections-voting/election-dates,https://www.dedham-ma.gov/Home/Components/News/News/5581/,elected-status-verified-seat-count-unresolved,"Town offices elected at large except Town Meeting representatives, who are elected by precinct. Housing Authority composition requires c.121B reconciliation.",Housing Authority Member
Dedham,dedham-ma/library-trustee,Library Trustee,True,5,at-large,,,,https://ecode360.com/15734606,https://www.dedhamma.gov/town-departments/town-clerk/elections-voting/election-dates,https://www.dedham-ma.gov/Home/Components/News/News/5581/,schema-ready,"Town offices elected at large except Town Meeting representatives, who are elected by precinct. Housing Authority composition requires c.121B reconciliation.",Library Trustee
Dedham,dedham-ma/moderator,Moderator,True,1,at-large,3,False,,https://ecode360.com/15734606,https://www.dedhamma.gov/town-departments/town-clerk/elections-voting/election-dates,https://www.dedham-ma.gov/Home/Components/News/News/5581/,schema-ready,"Town offices elected at large except Town Meeting representatives, who are elected by precinct. Housing Authority composition requires c.121B reconciliation.",Moderator
Dedham,dedham-ma/parks-and-recreation-commissioner,Parks and Recreation Commissioner,True,5,at-large,,,,https://ecode360.com/15734606,https://www.dedhamma.gov/town-departments/town-clerk/elections-voting/election-dates,https://www.dedham-ma.gov/Home/Components/News/News/5581/,schema-ready,"Town offices elected at large except Town Meeting representatives, who are elected by precinct. Housing Authority composition requires c.121B reconciliation.",Parks and Recreation Commissioner
Dedham,dedham-ma/planning-board-member,Planning Board Member,True,5,at-large,5,True,,https://ecode360.com/15734606,https://www.dedhamma.gov/town-departments/town-clerk/elections-voting/election-dates,https://www.dedham-ma.gov/Home/Components/News/News/5581/,schema-ready,"Town offices elected at large except Town Meeting representatives, who are elected by precinct. Housing Authority composition requires c.121B reconciliation.",Planning Board Member
Dedham,dedham-ma/school-committee-member,School Committee Member,True,7,at-large,3,True,,https://ecode360.com/15734606,https://www.dedhamma.gov/town-departments/town-clerk/elections-voting/election-dates,https://www.dedham-ma.gov/Home/Components/News/News/5581/,schema-ready,"Town offices elected at large except Town Meeting representatives, who are elected by precinct. Housing Authority composition requires c.121B reconciliation.",School Committee Member
Dedham,dedham-ma/select-board-member,Select Board Member,True,5,at-large,3,True,,https://ecode360.com/15734606,https://www.dedhamma.gov/town-departments/town-clerk/elections-voting/election-dates,https://www.dedham-ma.gov/Home/Components/News/News/5581/,schema-ready,"Town offices elected at large except Town Meeting representatives, who are elected by precinct. Housing Authority composition requires c.121B reconciliation.",Select Board Member
Dedham,dedham-ma/town-clerk,Town Clerk,True,1,at-large,,False,,https://ecode360.com/15734606,https://www.dedhamma.gov/town-departments/town-clerk/elections-voting/election-dates,https://www.dedham-ma.gov/Home/Components/News/News/5581/,schema-ready,"Town offices elected at large except Town Meeting representatives, who are elected by precinct. Housing Authority composition requires c.121B reconciliation.",Town Clerk
Dedham,dedham-ma/town-meeting-member,Town Meeting Member,True,,district,,,,https://ecode360.com/15734606,https://www.dedhamma.gov/town-departments/town-clerk/elections-voting/election-dates,https://www.dedham-ma.gov/Home/Components/News/News/5581/,elected-status-verified-seat-count-unresolved,"Town offices elected at large except Town Meeting representatives, who are elected by precinct. Housing Authority composition requires c.121B reconciliation.",Town Meeting Member
Dennis,dennis-ma/constable,Constable,True,3,at-large,,,,https://www.town.dennis.ma.us/376/Elected-Appointed-Officials,https://www.town.dennis.ma.us/377/Election-Information,https://www.town.dennis.ma.us/381/Election-Results,schema-ready,Official elected-officials page lists three Constables; regular term length unresolved.,Constable
Dennis,dennis-ma/housing-authority-member,Housing Authority Member,True,,at-large,,,,https://www.town.dennis.ma.us/376/Elected-Appointed-Officials,https://www.town.dennis.ma.us/377/Election-Information,https://www.town.dennis.ma.us/381/Election-Results,elected-status-verified-seat-count-unresolved,"Official page lists five current Housing Authority members, but does not distinguish locally elected seats from state/tenant-appointed seats; elected seat count is deliberately unresolved.",Housing Authority Member
Dennis,dennis-ma/moderator,Moderator,True,1,at-large,,False,,https://www.town.dennis.ma.us/376/Elected-Appointed-Officials,https://www.town.dennis.ma.us/377/Election-Information,https://www.town.dennis.ma.us/381/Election-Results,schema-ready,,Moderator
Dennis,dennis-ma/old-king-s-highway-regional-historic-district-member,Old King's Highway Regional Historic District Member,True,,district,,,,https://www.town.dennis.ma.us/376/Elected-Appointed-Officials,https://www.town.dennis.ma.us/377/Election-Information,https://www.town.dennis.ma.us/381/Election-Results,elected-status-verified-seat-count-unresolved,Official elected-officials page lists five current Old King's Highway Regional Historic District members; local elected-seat allocation/terms require district-law normalization.,Old King's Highway Regional Historic District Member
Dennis,dennis-ma/regional-school-committee-member,Regional School Committee Member,True,,district,,,,https://www.town.dennis.ma.us/376/Elected-Appointed-Officials,https://www.town.dennis.ma.us/377/Election-Information,https://www.town.dennis.ma.us/381/Election-Results,elected-status-verified-seat-count-unresolved,"Official elected-officials page lists the regional committee, but Dennis's seat allocation and term structure require district-agreement normalization.",Dennis-Yarmouth Regional School Committee Member
Dennis,dennis-ma/select-board-member,Select Board Member,True,5,at-large,,True,,https://www.town.dennis.ma.us/376/Elected-Appointed-Officials,https://www.town.dennis.ma.us/377/Election-Information,https://www.town.dennis.ma.us/381/Election-Results,schema-ready,Official Elected/Appointed Officials page lists five Select Board members; regular term length still needs charter/bylaw normalization.,Select Board Member
Dennis,dennis-ma/town-clerk,Town Clerk,True,1,at-large,,False,,https://www.town.dennis.ma.us/376/Elected-Appointed-Officials,https://www.town.dennis.ma.us/377/Election-Information,https://www.town.dennis.ma.us/381/Election-Results,schema-ready,Town Clerk is explicitly described as elected on the Board of Registrars page.,Town Clerk
Dennis,dennis-ma/water-district-commissioner,Water District Commissioner,True,3,district,,True,,https://www.town.dennis.ma.us/376/Elected-Appointed-Officials,https://www.town.dennis.ma.us/377/Election-Information,https://www.town.dennis.ma.us/381/Election-Results,schema-ready,Official elected-officials page lists three Water District commissioners; district election schedule/regular term requires district-source normalization.,Water District Commissioner
Dennis,dennis-ma/water-district-moderator,Water District Moderator,True,1,district,,False,,https://www.town.dennis.ma.us/376/Elected-Appointed-Officials,https://www.town.dennis.ma.us/377/Election-Information,https://www.town.dennis.ma.us/381/Election-Results,schema-ready,,Water District Moderator
Dighton,dighton-ma/assessor,Assessor,True,3,at-large,3,True,,https://www.dighton-ma.gov/216/Assessing,https://www.dighton-ma.gov/665/2026-Elections-Center,https://www.dighton-ma.gov/DocumentCenter/View/4077/Annual-Town-Election-Results---2026,schema-ready,2026 available-positions notice establishes elected 3-year term; current official board page lists three assessors with successive expiration years.,Assessor
Dighton,dighton-ma/housing-authority-member,Housing Authority Member,True,,at-large,5,,,https://www.dighton-ma.gov/DocumentCenter/View/3919/Annual-Town-Election-Available-Positions-2026,https://www.dighton-ma.gov/665/2026-Elections-Center,https://www.dighton-ma.gov/DocumentCenter/View/4077/Annual-Town-Election-Results---2026,elected-status-verified-seat-count-unresolved,"2026 election materials establish a locally elected Housing Authority seat with a 5-year term. Current authority page lists six people and does not cleanly distinguish elected/state/tenant seats, so elected seat count remains unresolved.",Housing Authority Member
Dighton,dighton-ma/library-trustee,Library Trustee,True,3,at-large,3,True,,https://www.dighton-ma.gov/359/Library-Trustees,https://www.dighton-ma.gov/665/2026-Elections-Center,https://www.dighton-ma.gov/DocumentCenter/View/4077/Annual-Town-Election-Results---2026,schema-ready,Current official page lists three trustees; 2026 election materials establish the regular elected term as 3 years.,Library Trustee
Dighton,dighton-ma/parks-and-recreation-commissioner,Parks and Recreation Commissioner,True,,at-large,3,,,https://www.dighton-ma.gov/DocumentCenter/View/3919/Annual-Town-Election-Available-Positions-2026,https://www.dighton-ma.gov/665/2026-Elections-Center,https://www.dighton-ma.gov/DocumentCenter/View/4077/Annual-Town-Election-Results---2026,elected-status-verified-seat-count-unresolved,2026 available-positions notice and certified results establish an elected 3-year Parks and Recreation seat; total commission size remains unresolved.,Parks and Recreation Commissioner
Dighton,dighton-ma/planning-board-member,Planning Board Member,True,5,at-large,5,True,,https://dighton-ma.gov/283/Planning-Board,https://www.dighton-ma.gov/665/2026-Elections-Center,https://www.dighton-ma.gov/DocumentCenter/View/4077/Annual-Town-Election-Results---2026,schema-ready,Current Planning Board has five members with sequential expiration years. 2026 ballot contains the regular 5-year seat plus a separate 2-year unexpired seat.,Planning Board Member
Dighton,dighton-ma/regional-school-committee-member,Regional School Committee Member,True,,district,3,,,https://www.dighton-ma.gov/DocumentCenter/View/3919/Annual-Town-Election-Available-Positions-2026,https://www.dighton-ma.gov/665/2026-Elections-Center,https://www.dighton-ma.gov/DocumentCenter/View/4077/Annual-Town-Election-Results---2026,elected-status-verified-seat-count-unresolved,"2026 ballot had two Dighton-Rehoboth regional school committee positions, each 3-year terms. Total Dighton allocation remains unresolved.",Dighton-Rehoboth Regional School Committee Member
Dighton,dighton-ma/select-board-member,Select Board Member,True,3,at-large,3,True,,https://www.dighton-ma.gov/370/Board-of-Selectmen,https://www.dighton-ma.gov/665/2026-Elections-Center,https://www.dighton-ma.gov/DocumentCenter/View/4077/Annual-Town-Election-Results---2026,schema-ready,Official board page states three members elected for three-year terms; expiration years are staggered.,Board of Selectmen
Dighton,dighton-ma/sewer-commissioner,Sewer Commissioner,True,3,at-large,3,True,,https://dighton-ma.gov/290/Sewer-Commission,https://www.dighton-ma.gov/665/2026-Elections-Center,https://www.dighton-ma.gov/DocumentCenter/View/4077/Annual-Town-Election-Results---2026,schema-ready,Current official page lists three commissioners with successive expiration years; 2026 election materials establish a regular 3-year elected seat.,Sewer Commissioner
Douglas,douglas-ma/select-board-member,Select Board Member,True,5,at-large,,True,,https://www.douglas-ma.gov/233/Board-of-Selectmen,https://www.douglas-ma.gov/410/Elections,https://douglas-ma.gov/Archive.aspx,schema-ready,Official Board of Selectmen page lists five current members and identifies the board as the Town's executive board. Regular term length remains unresolved pending election/charter extraction.,Board of Selectmen
Easton,easton-ma/assessor,Assessor,True,,at-large,,,,https://ecode360.com/32308759,,,elected-status-verified-seat-count-unresolved,Notable local exception: Finance Committee is identified as elected.,Assessor
Easton,easton-ma/board-of-health-member,Board of Health Member,True,,at-large,,,,https://ecode360.com/32308759,,,elected-status-verified-seat-count-unresolved,Notable local exception: Finance Committee is identified as elected.,Board of Health Member
Easton,easton-ma/finance-committee-member,Finance Committee Member,True,,at-large,,,,https://ecode360.com/32308759,,,elected-status-verified-seat-count-unresolved,Notable local exception: Finance Committee is identified as elected.,Finance Committee Member
Easton,easton-ma/housing-authority-member,Housing Authority Member,True,,at-large,,,,https://ecode360.com/32308759,,,elected-status-verified-seat-count-unresolved,Notable local exception: Finance Committee is identified as elected.,Housing Authority Member
Easton,easton-ma/moderator,Moderator,True,1,at-large,,False,,https://ecode360.com/32308759,,,schema-ready,Notable local exception: Finance Committee is identified as elected.,Moderator
Easton,easton-ma/school-committee-member,School Committee Member,True,,at-large,,,,https://ecode360.com/32308759,,,elected-status-verified-seat-count-unresolved,Notable local exception: Finance Committee is identified as elected.,School Committee Member
Easton,easton-ma/select-board-member,Select Board Member,True,,at-large,,,,https://ecode360.com/32308759,,,elected-status-verified-seat-count-unresolved,Notable local exception: Finance Committee is identified as elected.,Select Board Member
Falmouth,falmouth-ma/housing-authority-member,Housing Authority Member,True,,at-large,,,,https://ecode360.com/16230397,,,elected-status-verified-seat-count-unresolved,Charter distinguishes individual elected officers from elected boards.,Housing Authority Member
Falmouth,falmouth-ma/library-trustee,Library Trustee,True,,at-large,,,,https://ecode360.com/16230397,,,elected-status-verified-seat-count-unresolved,Charter distinguishes individual elected officers from elected boards.,Library Trustee
Falmouth,falmouth-ma/moderator,Moderator,True,1,at-large,,False,,https://ecode360.com/16230397,,,schema-ready,Charter distinguishes individual elected officers from elected boards.,Moderator
Falmouth,falmouth-ma/planning-board-member,Planning Board Member,True,,at-large,,,,https://ecode360.com/16230397,,,elected-status-verified-seat-count-unresolved,Charter distinguishes individual elected officers from elected boards.,Planning Board Member
Falmouth,falmouth-ma/school-committee-member,School Committee Member,True,,at-large,,,,https://ecode360.com/16230397,,,elected-status-verified-seat-count-unresolved,Charter distinguishes individual elected officers from elected boards.,School Committee Member
Falmouth,falmouth-ma/select-board-member,Select Board Member,True,,at-large,,,,https://ecode360.com/16230397,,,elected-status-verified-seat-count-unresolved,Charter distinguishes individual elected officers from elected boards.,Select Board Member
Falmouth,falmouth-ma/town-clerk,Town Clerk,True,1,at-large,,False,,https://ecode360.com/16230397,,,schema-ready,Charter distinguishes individual elected officers from elected boards.,Town Clerk
Plainville,plainville-ma/assessor,Assessor,True,,at-large,,,,https://ecode360.com/37942496,,,elected-status-verified-seat-count-unresolved,Charter identifies listed offices/bodies as elective.,Assessor
Plainville,plainville-ma/board-of-health-member,Board of Health Member,True,,at-large,,,,https://ecode360.com/37942496,,,elected-status-verified-seat-count-unresolved,Charter identifies listed offices/bodies as elective.,Board of Health Member
Plainville,plainville-ma/housing-authority-member,Housing Authority Member,True,,at-large,,,,https://ecode360.com/37942496,,,elected-status-verified-seat-count-unresolved,Charter identifies listed offices/bodies as elective.,Housing Authority Member
Plainville,plainville-ma/library-trustee,Library Trustee,True,,at-large,,,,https://ecode360.com/37942496,,,elected-status-verified-seat-count-unresolved,Charter identifies listed offices/bodies as elective.,Library Trustee
Plainville,plainville-ma/moderator,Moderator,True,1,at-large,,False,,https://ecode360.com/37942496,,,schema-ready,Charter identifies listed offices/bodies as elective.,Moderator
Plainville,plainville-ma/park-commissioner,Park Commissioner,True,,at-large,,,,https://ecode360.com/37942496,,,elected-status-verified-seat-count-unresolved,Charter identifies listed offices/bodies as elective.,Park Commissioner
Plainville,plainville-ma/planning-board-member,Planning Board Member,True,,at-large,,,,https://ecode360.com/37942496,,,elected-status-verified-seat-count-unresolved,Charter identifies listed offices/bodies as elective.,Planning Board Member
Plainville,plainville-ma/redevelopment-authority-member,Redevelopment Authority Member,True,,at-large,,,,https://ecode360.com/37942496,,,elected-status-verified-seat-count-unresolved,Charter identifies listed offices/bodies as elective.,Redevelopment Authority Member
Plainville,plainville-ma/school-committee-member,School Committee Member,True,,at-large,,,,https://ecode360.com/37942496,,,elected-status-verified-seat-count-unresolved,Charter identifies listed offices/bodies as elective.,School Committee Member
Plainville,plainville-ma/select-board-member,Select Board Member,True,,at-large,,,,https://ecode360.com/37942496,,,elected-status-verified-seat-count-unresolved,Charter identifies listed offices/bodies as elective.,Select Board Member
South Hadley,south-hadley-ma/assessor,Assessor,True,3,at-large,,,,https://ecode360.com/30052008,https://ecode360.com/30052008,,schema-ready,"Town Meeting: 120 members, 24 elected from each of 5 precincts. Annual election second Tuesday in April.",Assessor
South Hadley,south-hadley-ma/board-of-health-member,Board of Health Member,True,5,at-large,,,,https://ecode360.com/30052008,https://ecode360.com/30052008,,schema-ready,"Town Meeting: 120 members, 24 elected from each of 5 precincts. Annual election second Tuesday in April.",Board of Health Member
South Hadley,south-hadley-ma/housing-authority-member,Housing Authority Member,True,4,at-large,,,,https://ecode360.com/30052008,https://ecode360.com/30052008,,schema-ready,"Town Meeting: 120 members, 24 elected from each of 5 precincts. Annual election second Tuesday in April.",Housing Authority Member
South Hadley,south-hadley-ma/library-trustee,Library Trustee,True,9,at-large,,,,https://ecode360.com/30052008,https://ecode360.com/30052008,,schema-ready,"Town Meeting: 120 members, 24 elected from each of 5 precincts. Annual election second Tuesday in April.",Library Trustee
South Hadley,south-hadley-ma/moderator,Moderator,True,1,at-large,3,False,,https://ecode360.com/30052008,https://ecode360.com/30052008,,schema-ready,"Town Meeting: 120 members, 24 elected from each of 5 precincts. Annual election second Tuesday in April.",Moderator
South Hadley,south-hadley-ma/municipal-light-board-member,Municipal Light Board Member,True,5,at-large,,,,https://ecode360.com/30052008,https://ecode360.com/30052008,,schema-ready,"Town Meeting: 120 members, 24 elected from each of 5 precincts. Annual election second Tuesday in April.",Municipal Light Board Member
South Hadley,south-hadley-ma/planning-board-member,Planning Board Member,True,5,at-large,,,,https://ecode360.com/30052008,https://ecode360.com/30052008,,schema-ready,"Town Meeting: 120 members, 24 elected from each of 5 precincts. Annual election second Tuesday in April.",Planning Board Member
South Hadley,south-hadley-ma/school-committee-member,School Committee Member,True,5,at-large,,,,https://ecode360.com/30052008,https://ecode360.com/30052008,,schema-ready,"Town Meeting: 120 members, 24 elected from each of 5 precincts. Annual election second Tuesday in April.",School Committee Member
South Hadley,south-hadley-ma/select-board-member,Select Board Member,True,5,at-large,3,True,,https://ecode360.com/30052008,https://ecode360.com/30052008,,schema-ready,"Town Meeting: 120 members, 24 elected from each of 5 precincts. Annual election second Tuesday in April.",Select Board Member
South Hadley,south-hadley-ma/town-meeting-member,Town Meeting Member,True,120,district,,,,https://ecode360.com/30052008,https://ecode360.com/30052008,,schema-ready,"Town Meeting: 120 members, 24 elected from each of 5 precincts. Annual election second Tuesday in April.",Town Meeting Member
Southbridge,southbridge-ma/assessor,Assessor,True,2,at-large,3,True,,https://ecode360.com/42276724,https://ecode360.com/42276730,,schema-ready,"Charter text reviewed says regular election last Tuesday in June and general 3-year terms; MMA reported June 9 for 2026, so timing has a source conflict requiring amendment/bylaw reconciliation.",Assessor
Southbridge,southbridge-ma/housing-authority-member,Housing Authority Member,True,4,at-large,3,True,,https://ecode360.com/42276724,https://ecode360.com/42276730,,schema-ready,"Charter text reviewed says regular election last Tuesday in June and general 3-year terms; MMA reported June 9 for 2026, so timing has a source conflict requiring amendment/bylaw reconciliation.",Housing Authority Member
Southbridge,southbridge-ma/redevelopment-authority-member,Redevelopment Authority Member,True,4,at-large,3,True,,https://ecode360.com/42276724,https://ecode360.com/42276730,,schema-ready,"Charter text reviewed says regular election last Tuesday in June and general 3-year terms; MMA reported June 9 for 2026, so timing has a source conflict requiring amendment/bylaw reconciliation.",Redevelopment Authority Member
Southbridge,southbridge-ma/regional-vocational-school-representative,Regional Vocational School Representative,True,,district,3,,,https://ecode360.com/42276724,https://ecode360.com/42276730,,elected-status-verified-seat-count-unresolved,"Charter text reviewed says regular election last Tuesday in June and general 3-year terms; MMA reported June 9 for 2026, so timing has a source conflict requiring amendment/bylaw reconciliation.",Regional Vocational School Representative
Southbridge,southbridge-ma/school-committee-member,School Committee Member,True,7,at-large,3,True,,https://ecode360.com/42276724,https://ecode360.com/42276730,,schema-ready,"Charter text reviewed says regular election last Tuesday in June and general 3-year terms; MMA reported June 9 for 2026, so timing has a source conflict requiring amendment/bylaw reconciliation.",School Committee Member
Southbridge,southbridge-ma/town-clerk,Town Clerk,True,1,at-large,3,False,,https://ecode360.com/42276724,https://ecode360.com/42276730,,schema-ready,"Charter text reviewed says regular election last Tuesday in June and general 3-year terms; MMA reported June 9 for 2026, so timing has a source conflict requiring amendment/bylaw reconciliation.",Town Clerk
Southbridge,southbridge-ma/town-council-member,Town Council Member,True,9,at-large,3,True,,https://ecode360.com/42276724,https://ecode360.com/42276730,,schema-ready,"Charter text reviewed says regular election last Tuesday in June and general 3-year terms; MMA reported June 9 for 2026, so timing has a source conflict requiring amendment/bylaw reconciliation.",Town Council Member
Wakefield,wakefield-ma/assessor,Assessor,True,,at-large,,,,https://ecode360.com/13594234,https://ecode360.com/13594234,,elected-status-verified-seat-count-unresolved,Charter text reviewed establishes regular election fourth Tuesday in April unless changed by bylaw.,Assessor
Wakefield,wakefield-ma/board-of-health-member,Board of Health Member,True,,at-large,,,,https://ecode360.com/13594234,https://ecode360.com/13594234,,elected-status-verified-seat-count-unresolved,Charter text reviewed establishes regular election fourth Tuesday in April unless changed by bylaw.,Board of Health Member
Wakefield,wakefield-ma/constable,Constable,True,3,at-large,,True,,https://ecode360.com/13594234,https://ecode360.com/13594234,,schema-ready,Charter text reviewed establishes regular election fourth Tuesday in April unless changed by bylaw.,Constable
Wakefield,wakefield-ma/housing-authority-member,Housing Authority Member,True,,at-large,,,,https://ecode360.com/13594234,https://ecode360.com/13594234,,elected-status-verified-seat-count-unresolved,Charter text reviewed establishes regular election fourth Tuesday in April unless changed by bylaw.,Housing Authority Member
Wakefield,wakefield-ma/library-trustee,Library Trustee,True,,at-large,,,,https://ecode360.com/13594234,https://ecode360.com/13594234,,elected-status-verified-seat-count-unresolved,Charter text reviewed establishes regular election fourth Tuesday in April unless changed by bylaw.,Library Trustee
Wakefield,wakefield-ma/moderator,Moderator,True,1,at-large,,False,,https://ecode360.com/13594234,https://ecode360.com/13594234,,schema-ready,Charter text reviewed establishes regular election fourth Tuesday in April unless changed by bylaw.,Moderator
Wakefield,wakefield-ma/municipal-gas-and-light-commissioner,Municipal Gas and Light Commissioner,True,,at-large,,,,https://ecode360.com/13594234,https://ecode360.com/13594234,,elected-status-verified-seat-count-unresolved,Charter text reviewed establishes regular election fourth Tuesday in April unless changed by bylaw.,Municipal Gas and Light Commissioner
Wakefield,wakefield-ma/planning-board-member,Planning Board Member,True,,at-large,,,,https://ecode360.com/13594234,https://ecode360.com/13594234,,elected-status-verified-seat-count-unresolved,Charter text reviewed establishes regular election fourth Tuesday in April unless changed by bylaw.,Planning Board Member
Wakefield,wakefield-ma/school-committee-member,School Committee Member,True,,at-large,,,,https://ecode360.com/13594234,https://ecode360.com/13594234,,elected-status-verified-seat-count-unresolved,Charter text reviewed establishes regular election fourth Tuesday in April unless changed by bylaw.,School Committee Member
Wakefield,wakefield-ma/tax-collector,Tax Collector,True,1,at-large,,False,,https://ecode360.com/13594234,https://ecode360.com/13594234,,schema-ready,Charter text reviewed establishes regular election fourth Tuesday in April unless changed by bylaw.,Tax Collector
Wakefield,wakefield-ma/town-clerk,Town Clerk,True,1,at-large,,False,,https://ecode360.com/13594234,https://ecode360.com/13594234,,schema-ready,Charter text reviewed establishes regular election fourth Tuesday in April unless changed by bylaw.,Town Clerk
Wakefield,wakefield-ma/town-council-member,Town Council Member,True,,mixed,,,,https://ecode360.com/13594234,https://ecode360.com/13594234,,elected-status-verified-seat-count-unresolved,Charter text reviewed establishes regular election fourth Tuesday in April unless changed by bylaw.,Town Council Member
Wakefield,wakefield-ma/treasurer,Treasurer,True,1,at-large,,False,,https://ecode360.com/13594234,https://ecode360.com/13594234,,schema-ready,Charter text reviewed establishes regular election fourth Tuesday in April unless changed by bylaw.,Treasurer
Winchester,winchester-ma/assessor,Assessor,True,,at-large,,,,https://ecode360.com/42156736,,,elected-status-verified-seat-count-unresolved,Charter identifies listed offices/bodies as elective.,Assessor
Winchester,winchester-ma/board-of-health-member,Board of Health Member,True,,at-large,,,,https://ecode360.com/42156736,,,elected-status-verified-seat-count-unresolved,Charter identifies listed offices/bodies as elective.,Board of Health Member
Winchester,winchester-ma/housing-authority-member,Housing Authority Member,True,,at-large,,,,https://ecode360.com/42156736,,,elected-status-verified-seat-count-unresolved,Charter identifies listed offices/bodies as elective.,Housing Authority Member
Winchester,winchester-ma/library-trustee,Library Trustee,True,,at-large,,,,https://ecode360.com/42156736,,,elected-status-verified-seat-count-unresolved,Charter identifies listed offices/bodies as elective.,Library Trustee
Winchester,winchester-ma/moderator,Moderator,True,1,at-large,,False,,https://ecode360.com/42156736,,,schema-ready,Charter identifies listed offices/bodies as elective.,Moderator
Winchester,winchester-ma/planning-board-member,Planning Board Member,True,,at-large,,,,https://ecode360.com/42156736,,,elected-status-verified-seat-count-unresolved,Charter identifies listed offices/bodies as elective.,Planning Board Member
Winchester,winchester-ma/school-committee-member,School Committee Member,True,,at-large,,,,https://ecode360.com/42156736,,,elected-status-verified-seat-count-unresolved,Charter identifies listed offices/bodies as elective.,School Committee Member
Winchester,winchester-ma/select-board-member,Select Board Member,True,,at-large,,,,https://ecode360.com/42156736,,,elected-status-verified-seat-count-unresolved,Charter identifies listed offices/bodies as elective.,Select Board Member
Dover,dover-ma/moderator,Moderator,True,1,at-large,1,False,,https://www.doverma.gov/DocumentCenter/View/5710,https://www.doverma.gov/241/Caucus,https://www.doverma.gov/DocumentCenter/View/5816/5-18-26-Final-Town-Election-Results,schema-ready,,Moderator
Dover,dover-ma/select-board-member,Select Board Member,True,3,at-large,3,True,,https://www.doverma.gov/261/Board-of-Selectmen,https://www.doverma.gov/241/Caucus,https://www.doverma.gov/DocumentCenter/View/5816/5-18-26-Final-Town-Election-Results,schema-ready,,Board of Selectmen Member
Dover,dover-ma/town-clerk,Town Clerk,True,1,at-large,3,False,,https://www.doverma.gov/directory.aspx?EID=37,https://www.doverma.gov/241/Caucus,https://www.doverma.gov/DocumentCenter/View/5816/5-18-26-Final-Town-Election-Results,schema-ready,,Town Clerk
Dover,dover-ma/assessor,Assessor,True,3,at-large,3,True,,https://www.doverma.gov/287/Board-of-Assessors,https://www.doverma.gov/241/Caucus,https://www.doverma.gov/DocumentCenter/View/5816/5-18-26-Final-Town-Election-Results,schema-ready,,Board of Assessors Member
Dover,dover-ma/school-committee-member,School Committee Member,True,5,at-large,3,True,,https://www.doverma.gov/334/School-Committees,https://www.doverma.gov/241/Caucus,https://www.doverma.gov/DocumentCenter/View/5816/5-18-26-Final-Town-Election-Results,schema-ready,,Dover School Committee Member
Dover,dover-ma/regional-school-committee-member,Regional School Committee Member,True,3,at-large,,True,,https://www.doverma.gov/334/School-Committees,https://www.doverma.gov/241/Caucus,https://www.doverma.gov/DocumentCenter/View/5816/5-18-26-Final-Town-Election-Results,schema-ready,"Dover elects three regional committee seats. Current official 2026 sources conflict on the regular term of the opening: the Caucus page says 3 years, while the 2026 Blue Book/warrant says 2 years. term_years is intentionally unresolved.",Dover-Sherborn Regional School Committee Member (Dover)
Dover,dover-ma/library-trustee,Library Trustee,True,6,at-large,3,True,,https://www.doverma.gov/319/Board-of-Library-Trustees,https://www.doverma.gov/241/Caucus,https://www.doverma.gov/DocumentCenter/View/5816/5-18-26-Final-Town-Election-Results,schema-ready,,Board of Library Trustees Member
Dover,dover-ma/planning-board-member,Planning Board Member,True,5,at-large,5,True,,https://www.doverma.gov/257/Planning-Board,https://www.doverma.gov/241/Caucus,https://www.doverma.gov/DocumentCenter/View/5816/5-18-26-Final-Town-Election-Results,schema-ready,,Planning Board Member
Dover,dover-ma/planning-board-associate,Planning Board Associate Member,True,1,at-large,2,False,,https://www.doverma.gov/257/Planning-Board,https://www.doverma.gov/241/Caucus,https://www.doverma.gov/DocumentCenter/View/5816/5-18-26-Final-Town-Election-Results,schema-ready,,Planning Board Associate Member
Dover,dover-ma/board-of-health-member,Board of Health Member,True,3,at-large,3,True,,https://www.doverma.gov/171/Board-of-Health,https://www.doverma.gov/241/Caucus,https://www.doverma.gov/DocumentCenter/View/5816/5-18-26-Final-Town-Election-Results,schema-ready,,Board of Health Member
Dover,dover-ma/cemetery-commissioner,Cemetery Commissioner,True,3,at-large,3,True,,https://www.doverma.gov/293/Cemetery-Commission,https://www.doverma.gov/241/Caucus,https://www.doverma.gov/DocumentCenter/View/5816/5-18-26-Final-Town-Election-Results,schema-ready,,Cemetery Commission Member
Dover,dover-ma/constable,Constable,True,3,at-large,3,True,,https://www.doverma.gov/DocumentCenter/View/5710,https://www.doverma.gov/241/Caucus,https://www.doverma.gov/DocumentCenter/View/5816/5-18-26-Final-Town-Election-Results,schema-ready,Official Dover election materials establish three elected Constables with three-year staggered terms.,Constable
Dover,dover-ma/park-recreation-commissioner,Park Commissioner,True,5,at-large,3,True,,https://www.doverma.gov/210/Park-Recreation-Commission,https://www.doverma.gov/241/Caucus,https://www.doverma.gov/DocumentCenter/View/5816/5-18-26-Final-Town-Election-Results,schema-ready,,Park & Recreation Commission Member
Dover,dover-ma/larrabee-whiting-estate-trustee,Trustee,True,3,at-large,5,False,,https://www.doverma.gov/DocumentCenter/View/3486/2024-Town-Meeting-Warrant,https://www.doverma.gov/DocumentCenter/View/3486/2024-Town-Meeting-Warrant,https://www.doverma.gov/DocumentCenter/View/4496/3_Town-Gov_Dover24_Report,schema-ready,The 2024 official warrant establishes three trustees elected together for five-year terms.,Trustee of the Larrabee & Whiting Estate
Dracut,dracut-ma/select-board-member,Select Board Member,True,5,at-large,3,True,,https://www.dracutma.gov/DocumentCenter/View/467/Dracut-Town-Charter-PDF,https://www.dracutma.gov/CivicAlerts.aspx?AID=509,https://www.dracutma.gov/DocumentCenter/View/5766/Annual-Town-Election-2026-Official-Election-Results,schema-ready,,Board of Selectmen Member
Dracut,dracut-ma/school-committee-member,School Committee Member,True,5,at-large,3,True,,https://www.dracutma.gov/DocumentCenter/View/467/Dracut-Town-Charter-PDF,https://www.dracutma.gov/CivicAlerts.aspx?AID=509,https://www.dracutma.gov/DocumentCenter/View/5766/Annual-Town-Election-2026-Official-Election-Results,schema-ready,,School Committee Member
Dracut,dracut-ma/moderator,Moderator,True,1,at-large,3,False,,https://www.dracutma.gov/DocumentCenter/View/467/Dracut-Town-Charter-PDF,https://www.dracutma.gov/CivicAlerts.aspx?AID=509,https://www.dracutma.gov/DocumentCenter/View/5766/Annual-Town-Election-2026-Official-Election-Results,schema-ready,,Town Moderator
Dracut,dracut-ma/library-trustee,Library Trustee,True,5,at-large,3,True,,https://www.dracutma.gov/DocumentCenter/View/467/Dracut-Town-Charter-PDF,https://www.dracutma.gov/CivicAlerts.aspx?AID=509,https://www.dracutma.gov/DocumentCenter/View/5766/Annual-Town-Election-2026-Official-Election-Results,schema-ready,,Library Board of Trustees Member
Dracut,dracut-ma/housing-authority-member,Housing Authority Member,True,4,at-large,5,True,,https://www.dracutma.gov/DocumentCenter/View/467/Dracut-Town-Charter-PDF,https://www.dracutma.gov/CivicAlerts.aspx?AID=509,https://www.dracutma.gov/DocumentCenter/View/5766/Annual-Town-Election-2026-Official-Election-Results,schema-ready,Charter establishes a five-member Housing Authority: four members are chosen by ballot and one is state-appointed. Only the four elected seats are modeled.,Housing Authority Member
Dracut,dracut-ma/water-supply-district-commissioner,Water Commissioner,True,3,at-large,3,True,,https://www.dracutwater.com/,https://www.dracutwater.com/home/news/annual-meeting-and-election-0,,schema-ready,Separate Dracut Water Supply District office; the district is governed by open District Meeting and a three-member elected Board of Water Commissioners.,Dracut Water Supply District Commissioner
Dracut,dracut-ma/water-supply-district-moderator,Moderator,True,1,at-large,3,False,,https://www.dracutwater.com/,https://www.dracutwater.com/home/news/annual-meeting-and-election-0,,schema-ready,Separate Dracut Water Supply District office; official district/town election materials establish an elected District Moderator with a three-year term.,Dracut Water Supply District Moderator
Dudley,dudley-ma/select-board-member,Select Board Member,True,5,at-large,3,True,,https://www.dudleyma.gov/198/Board-of-Selectmen,https://www.dudleyma.gov/DocumentCenter/View/1072/ATE-OFFICES-TO-BE-ELECTED-June-15-2026-PDF,https://www.dudleyma.gov/DocumentCenter/View/1185/OFFICIAL-ATE-06152026-Tally-Sheet,schema-ready,,Board of Selectmen Member
Dudley,dudley-ma/moderator,Moderator,True,1,at-large,3,False,,https://ecode360.com/DU3778,https://www.dudleyma.gov/DocumentCenter/View/1072/ATE-OFFICES-TO-BE-ELECTED-June-15-2026-PDF,https://www.dudleyma.gov/DocumentCenter/View/1185/OFFICIAL-ATE-06152026-Tally-Sheet,schema-ready,,Moderator
Dudley,dudley-ma/assessor,Assessor,True,3,at-large,3,True,,https://www.dudleyma.gov/187/Boards-Commissions,https://www.dudleyma.gov/DocumentCenter/View/1072/ATE-OFFICES-TO-BE-ELECTED-June-15-2026-PDF,https://www.dudleyma.gov/DocumentCenter/View/1185/OFFICIAL-ATE-06152026-Tally-Sheet,schema-ready,,Board of Assessors Member
Dudley,dudley-ma/board-of-health-member,Board of Health Member,True,,at-large,3,,,https://ecode360.com/DU3778,https://www.dudleyma.gov/DocumentCenter/View/1072/ATE-OFFICES-TO-BE-ELECTED-June-15-2026-PDF,https://www.dudleyma.gov/DocumentCenter/View/1185/OFFICIAL-ATE-06152026-Tally-Sheet,elected-status-verified-seat-count-unresolved,Elected status and regular three-year term are verified from the 2026 official election materials; total elected seat count remains unresolved.,Board of Health Member
Dudley,dudley-ma/regional-school-committee-member,Regional School Committee Member,True,3,at-large,3,True,,https://www.dudleyma.gov/DocumentCenter/View/1146/Dudley-Financial-Statements-2025,https://www.dudleyma.gov/DocumentCenter/View/1072/ATE-OFFICES-TO-BE-ELECTED-June-15-2026-PDF,https://www.dudleyma.gov/DocumentCenter/View/1185/OFFICIAL-ATE-06152026-Tally-Sheet,schema-ready,Official Town financial statements state that Dudley elects three members for its representation.,Dudley-Charlton Regional School Committee Member (Dudley)
Dudley,dudley-ma/regional-vocational-school-committee-member,Regional School Committee Member,True,1,at-large,3,False,,https://www.dudleyma.gov/DocumentCenter/View/1146/Dudley-Financial-Statements-2025,https://www.dudleyma.gov/DocumentCenter/View/1072/ATE-OFFICES-TO-BE-ELECTED-June-15-2026-PDF,https://www.dudleyma.gov/DocumentCenter/View/1185/OFFICIAL-ATE-06152026-Tally-Sheet,schema-ready,The 2026 Dudley ballot establishes one Dudley-designated SWCRV School District seat with a three-year term.,Southern Worcester County Regional Vocational School District Member (Dudley)
Dudley,dudley-ma/water-sewer-commissioner,Commissioner,True,,at-large,3,,,https://ecode360.com/DU3778,https://www.dudleyma.gov/DocumentCenter/View/1072/ATE-OFFICES-TO-BE-ELECTED-June-15-2026-PDF,https://www.dudleyma.gov/DocumentCenter/View/1185/OFFICIAL-ATE-06152026-Tally-Sheet,elected-status-verified-seat-count-unresolved,Elected status and regular three-year term are verified from the 2026 official election materials; total commission seat count remains unresolved.,Water/Sewer Commissioner
Dudley,dudley-ma/planning-board-member,Planning Board Member,True,,at-large,3,,,https://ecode360.com/DU3778,https://www.dudleyma.gov/DocumentCenter/View/1072/ATE-OFFICES-TO-BE-ELECTED-June-15-2026-PDF,https://www.dudleyma.gov/DocumentCenter/View/1185/OFFICIAL-ATE-06152026-Tally-Sheet,elected-status-verified-seat-count-unresolved,The 2026 ballot has a regular three-year seat and a separate one-year unexpired contest. Stable regular term is three years; total elected board seat count remains unresolved.,Planning Board Member
Dudley,dudley-ma/library-trustee,Library Trustee,True,6,at-large,3,True,,https://ecode360.com/DU3778,https://www.dudleyma.gov/DocumentCenter/View/1072/ATE-OFFICES-TO-BE-ELECTED-June-15-2026-PDF,https://www.dudleyma.gov/DocumentCenter/View/1185/OFFICIAL-ATE-06152026-Tally-Sheet,schema-ready,Official 2026 municipal trustee materials identify a six-member board; two regular three-year seats were on the 2026 ballot.,Library Trustee
Dudley,dudley-ma/town-clerk,Town Clerk,True,1,at-large,3,False,,https://www.dudleyma.gov/233/Town-Clerk,https://www.dudleyma.gov/DocumentCenter/View/1072/ATE-OFFICES-TO-BE-ELECTED-June-15-2026-PDF,https://www.dudleyma.gov/DocumentCenter/View/1185/OFFICIAL-ATE-06152026-Tally-Sheet,schema-ready,,Town Clerk
Dudley,dudley-ma/treasurer-collector,Treasurer-Collector,True,1,at-large,,False,,https://www.dudleyma.gov/DocumentCenter/View/849/KP_Personell_and_TA_Bylaws-PDF,,,schema-ready,Current municipal legal/personnel materials expressly acknowledge the Treasurer/Collector is elected; the regular term was not independently resolved in this batch.,Treasurer/Collector
Dudley,dudley-ma/housing-authority-member,Housing Authority Member,True,,at-large,,,,https://www.dudleyma.gov/DocumentCenter/View/1146/Dudley-Financial-Statements-2025,,,elected-status-verified-seat-count-unresolved,Current official Town financial statements establish that the Town elects Housing Authority governing board/member(s). The number of locally elected seats versus appointed seats remains unresolved.,Dudley Housing Authority Member
Dunstable,dunstable-ma/select-board-member,Select Board Member,True,3,at-large,3,True,,https://www.dunstable-ma.gov/select-board,https://www.dunstable-ma.gov/sites/g/files/vyhlif4361/f/pages/pressrelease_2026.05.19_ate.docx.pdf,https://www.dunstable-ma.gov/town-clerk/files/special-town-election-july-21-2026-official-results,schema-ready,"The May 2026 race ultimately produced a vacancy after recount; a July 21, 2026 special election filled the seat.",Select Board Member
Dunstable,dunstable-ma/advisory-board-member,Advisory Board Member,True,6,at-large,3,True,,https://www.dunstable-ma.gov/town-clerk/minutes/annual-town-meeting-may-15-2021,https://www.dunstable-ma.gov/sites/g/files/vyhlif4361/f/pages/pressrelease_2026.05.19_ate.docx.pdf,https://www.dunstable-ma.gov/town-clerk/files/annual-town-election-official-results-may-19-2026,schema-ready,Six-member elected Advisory Board; two regular three-year openings are normally filled each cycle.,Advisory Board Member
Dunstable,dunstable-ma/assessor,Assessor,True,3,at-large,3,True,,https://www.dunstable-ma.gov/sites/g/files/vyhlif4361/f/uploads/2018_annual_town_report_complete_doc.pdf,https://www.dunstable-ma.gov/sites/g/files/vyhlif4361/f/pages/pressrelease_2026.05.19_ate.docx.pdf,https://www.dunstable-ma.gov/town-clerk/files/annual-town-election-official-results-may-19-2026,schema-ready,,Board of Assessors Member
Dunstable,dunstable-ma/board-of-health-member,Board of Health Member,True,3,at-large,3,True,,https://www.dunstable-ma.gov/board-health,https://www.dunstable-ma.gov/sites/g/files/vyhlif4361/f/pages/pressrelease_2026.05.19_ate.docx.pdf,https://www.dunstable-ma.gov/town-clerk/files/annual-town-election-official-results-may-19-2026,schema-ready,,Board of Health Member
Dunstable,dunstable-ma/cemetery-commissioner,Cemetery Commissioner,True,3,at-large,3,True,,https://www.dunstable-ma.gov/board-selectmen/files/2010-town-report,https://www.dunstable-ma.gov/sites/g/files/vyhlif4361/f/pages/pressrelease_2026.05.19_ate.docx.pdf,https://www.dunstable-ma.gov/town-clerk/files/annual-town-election-official-results-may-19-2026,schema-ready,Current 2026 ballot continues the historically three-member staggered commission.,Cemetery Commissioner
Dunstable,dunstable-ma/commissioner-of-trust-funds,Commissioner of Trust Funds,True,3,at-large,3,True,,https://www.dunstable-ma.gov/board-selectmen/files/2010-town-report,https://www.dunstable-ma.gov/sites/g/files/vyhlif4361/f/pages/pressrelease_2026.05.19_ate.docx.pdf,https://www.dunstable-ma.gov/town-clerk/files/annual-town-election-official-results-may-19-2026,schema-ready,Current 2026 ballot continues the historically three-member staggered elected body.,Commissioner of Trust Funds
Dunstable,dunstable-ma/constable,Constable,True,2,at-large,1,False,,https://www.dunstable-ma.gov/sites/g/files/vyhlif4361/f/pages/pressrelease_2026.05.19_ate.docx.pdf,https://www.dunstable-ma.gov/sites/g/files/vyhlif4361/f/pages/pressrelease_2026.05.19_ate.docx.pdf,https://www.dunstable-ma.gov/town-clerk/files/annual-town-election-official-results-may-19-2026,schema-ready,Current 2026 election notice specifies two one-year Constable seats.,Constable
Dunstable,dunstable-ma/library-trustee,Library Trustee,True,3,at-large,3,True,,https://www.dunstable-ma.gov/board-selectmen/files/2010-town-report,https://www.dunstable-ma.gov/sites/g/files/vyhlif4361/f/pages/pressrelease_2026.05.19_ate.docx.pdf,https://www.dunstable-ma.gov/town-clerk/files/annual-town-election-official-results-may-19-2026,schema-ready,,Trustee of the Public Library
Dunstable,dunstable-ma/planning-board-member,Planning Board Member,True,5,at-large,5,True,,https://www.dunstable-ma.gov/planning-board,https://www.dunstable-ma.gov/sites/g/files/vyhlif4361/f/pages/pressrelease_2026.05.19_ate.docx.pdf,https://www.dunstable-ma.gov/town-clerk/files/annual-town-election-official-results-may-19-2026,schema-ready,,Planning Board Member
Dunstable,dunstable-ma/road-commissioner,Commissioner,True,3,at-large,3,True,,https://www.dunstable-ma.gov/board-selectmen/files/2010-town-report,https://www.dunstable-ma.gov/sites/g/files/vyhlif4361/f/pages/pressrelease_2026.05.19_ate.docx.pdf,https://www.dunstable-ma.gov/town-clerk/files/annual-town-election-official-results-may-19-2026,schema-ready,,Road Commissioner
Dunstable,dunstable-ma/water-commissioner,Water Commissioner,True,3,at-large,3,True,,https://www.dunstable-ma.gov/water-department,https://www.dunstable-ma.gov/sites/g/files/vyhlif4361/f/pages/pressrelease_2026.05.19_ate.docx.pdf,https://www.dunstable-ma.gov/town-clerk/files/annual-town-election-official-results-may-19-2026,schema-ready,,Water Commissioner
Dunstable,dunstable-ma/regional-school-committee-member,Regional School Committee Member,True,2,at-large,3,True,,https://www.dunstable-ma.gov/home/news/school-committee-vacancy-and-appointment,https://www.dunstable-ma.gov/sites/g/files/vyhlif4361/f/pages/pressrelease_2026.05.19_ate.docx.pdf,https://www.dunstable-ma.gov/town-clerk/files/annual-town-election-official-results-may-19-2026,schema-ready,Dunstable has two GDRSD seats. The 2026 ballot accidentally omitted one opening; the vacancy was subsequently filled by joint appointment.,Groton-Dunstable Regional School Committee Member (Dunstable)
Dunstable,dunstable-ma/regional-vocational-school-committee-member,Regional School Committee Member,True,1,at-large,3,False,,https://www.dunstable-ma.gov/board-selectmen/files/2010-town-report,https://www.dunstable-ma.gov/sites/g/files/vyhlif4361/f/pages/pressrelease_2026.05.19_ate.docx.pdf,https://www.dunstable-ma.gov/town-clerk/files/annual-town-election-official-results-may-19-2026,schema-ready,,Greater Lowell Regional Vocational Technical School Committee Member (Dunstable)
Dunstable,dunstable-ma/moderator,Moderator,True,1,at-large,3,False,,https://www.dunstable-ma.gov/town-meeting-information,https://www.dunstable-ma.gov/annualtownelectionmay2024,https://www.dunstable-ma.gov/annualtownelectionmay2024,schema-ready,The current moderator cycle is three years; Rafael Glod was elected in 2024.,Town Moderator
Duxbury,duxbury-ma/select-board-member,Select Board Member,True,5,at-large,3,True,,https://www.town.duxbury.ma.us/duxbury-selectboard,https://www.town.duxbury.ma.us/home/news/2026-annual-town-election-notice-available-seats,https://www.town.duxbury.ma.us/town-clerk/pages/elections-voting,schema-ready,,Selectboard Member
Duxbury,duxbury-ma/assessor,Assessor,True,3,at-large,3,True,,https://www.town.duxbury.ma.us/board-assessors,https://www.town.duxbury.ma.us/home/news/2026-annual-town-election-notice-available-seats,https://www.town.duxbury.ma.us/town-clerk/pages/elections-voting,schema-ready,,Board of Assessors Member
Duxbury,duxbury-ma/school-committee-member,School Committee Member,True,5,at-large,3,True,,https://www.town.duxbury.ma.us/school-committee,https://www.town.duxbury.ma.us/home/news/2026-annual-town-election-notice-available-seats,https://www.town.duxbury.ma.us/town-clerk/pages/elections-voting,schema-ready,,School Committee Member
Duxbury,duxbury-ma/planning-board-member,Planning Board Member,True,7,at-large,5,True,,https://www.town.duxbury.ma.us/planning-board,https://www.town.duxbury.ma.us/home/news/2026-annual-town-election-notice-available-seats,https://www.town.duxbury.ma.us/town-clerk/pages/elections-voting,schema-ready,General bylaws establish seven elected members serving staggered five-year terms.,Planning Board Member
Duxbury,duxbury-ma/library-trustee,Library Trustee,True,6,at-large,3,True,,https://www.town.duxbury.ma.us/sites/g/files/vyhlif10506/f/uploads/general_by-laws_revised_08-13-2024_through_atm_2024.pdf,https://www.town.duxbury.ma.us/home/news/2026-annual-town-election-notice-available-seats,https://www.town.duxbury.ma.us/town-clerk/pages/elections-voting,schema-ready,,Board of Library Trustees Member
Duxbury,duxbury-ma/housing-authority-member,Housing Authority Member,True,3,at-large,5,True,,https://www.town.duxbury.ma.us/duxbury-housing-authority,https://www.town.duxbury.ma.us/home/news/2026-annual-town-election-notice-available-seats,https://www.town.duxbury.ma.us/town-clerk/pages/elections-voting,schema-ready,"Five-member authority: three elected, one tenant member appointed by Selectboard, and one additional appointed member; only the three elected seats are modeled.",Duxbury Housing Authority Member
Duxbury,duxbury-ma/moderator,Moderator,True,1,at-large,3,False,,https://www.town.duxbury.ma.us/sites/g/files/vyhlif10506/f/uploads/general_by-laws_revised_08-13-2024_through_atm_2024.pdf,https://www.town.duxbury.ma.us/town-moderator,https://www.town.duxbury.ma.us/town-clerk/pages/elections-voting,schema-ready,Town changed the elected Moderator from a one-year to a three-year term beginning with the 2019 election.,Town Moderator
East Bridgewater,east-bridgewater-ma/assessor,Assessor,True,3,at-large,3,True,,https://www.eastbridgewaterma.gov/1708/Assessors-Department,https://www.eastbridgewaterma.gov/2225/Candidates,https://www.eastbridgewaterma.gov/AgendaCenter/ViewFile/Agenda/_05162026-774,schema-ready,,Board of Assessors Member
East Bridgewater,east-bridgewater-ma/board-of-health-member,Board of Health Member,True,,at-large,3,,,https://www.eastbridgewaterma.gov/DocumentCenter/View/680/table_of_organization_-_department_informationpdf-PDF,https://www.eastbridgewaterma.gov/2225/Candidates,https://www.eastbridgewaterma.gov/AgendaCenter/ViewFile/Agenda/_05162026-774,elected-status-verified-seat-count-unresolved,Official organization chart verifies elected status and three-year terms; total elected seat count was not independently normalized in this batch.,Board of Health Member
East Bridgewater,east-bridgewater-ma/housing-authority-member,Housing Authority Member,True,3,at-large,5,True,,https://www.eastbridgewaterma.gov/DocumentCenter/View/680/table_of_organization_-_department_informationpdf-PDF,https://www.eastbridgewaterma.gov/2225/Candidates,https://www.eastbridgewaterma.gov/AgendaCenter/ViewFile/Agenda/_05162026-774,schema-ready,"Authority has three locally elected members, one tenant representative appointed by the Select Board, and one Commonwealth-appointed member.",Housing Authority Member
East Bridgewater,east-bridgewater-ma/library-trustee,Library Trustee,True,6,at-large,3,True,,https://www.eastbridgewaterma.gov/DocumentCenter/View/680/table_of_organization_-_department_informationpdf-PDF,https://www.eastbridgewaterma.gov/2225/Candidates,https://www.eastbridgewaterma.gov/AgendaCenter/ViewFile/Agenda/_05162026-774,schema-ready,Six trustees are evidenced by current-cycle official trustee minutes; elected status and three-year terms are explicit in the organization chart.,Board of Library Trustees Member
East Bridgewater,east-bridgewater-ma/planning-board-member,Planning Board Member,True,7,at-large,3,True,,https://www.eastbridgewaterma.gov/1939/Planning-Board,https://www.eastbridgewaterma.gov/2225/Candidates,https://www.eastbridgewaterma.gov/AgendaCenter/ViewFile/Agenda/_05162026-774,schema-ready,Seven elected members serve staggered three-year terms. Planning Board associate members are appointed and excluded.,Planning Board Member
East Bridgewater,east-bridgewater-ma/school-committee-member,School Committee Member,True,,at-large,3,,,https://www.eastbridgewaterma.gov/DocumentCenter/View/680/table_of_organization_-_department_informationpdf-PDF,https://www.eastbridgewaterma.gov/2225/Candidates,https://www.eastbridgewaterma.gov/AgendaCenter/ViewFile/Agenda/_05162026-774,elected-status-verified-seat-count-unresolved,Official organization chart verifies elected status and three-year regular terms; total elected committee size remains unresolved here.,School Committee Member
East Bridgewater,east-bridgewater-ma/select-board-member,Select Board Member,True,3,at-large,3,True,,https://www.eastbridgewaterma.gov/1933/Select-Board,https://www.eastbridgewaterma.gov/2225/Candidates,https://www.eastbridgewaterma.gov/AgendaCenter/ViewFile/Agenda/_05162026-774,schema-ready,,Select Board Member
East Bridgewater,east-bridgewater-ma/town-clerk,Town Clerk,True,1,at-large,3,False,,https://www.eastbridgewaterma.gov/DocumentCenter/View/680/table_of_organization_-_department_informationpdf-PDF,https://www.eastbridgewaterma.gov/2225/Candidates,https://www.eastbridgewaterma.gov/AgendaCenter/ViewFile/Agenda/_05162026-774,schema-ready,,Town Clerk
East Bridgewater,east-bridgewater-ma/moderator,Moderator,True,1,at-large,3,False,,https://www.eastbridgewaterma.gov/DocumentCenter/View/680/table_of_organization_-_department_informationpdf-PDF,https://www.eastbridgewaterma.gov/2225/Candidates,https://www.eastbridgewaterma.gov/AgendaCenter/ViewFile/Agenda/_05162026-774,schema-ready,,Town Moderator
East Brookfield,east-brookfield-ma/select-board-member,Select Board Member,True,3,at-large,3,True,,https://www.eastbrookfieldma.us/1300/Board-of-Selectmen,https://www.eastbrookfieldma.us/1277/Annual-Town-Election,,schema-ready,,Board of Selectmen Member
East Brookfield,east-brookfield-ma/town-clerk,Town Clerk,True,1,at-large,3,False,,https://eastbrookfieldma.us/1201/Town-Clerk,https://www.eastbrookfieldma.us/1277/Annual-Town-Election,,schema-ready,,Town Clerk
East Brookfield,east-brookfield-ma/moderator,Moderator,True,1,at-large,3,False,,https://eastbrookfieldma.us/DocumentCenter/View/329,https://www.eastbrookfieldma.us/1277/Annual-Town-Election,,schema-ready,Historical vacancy appointments are treated as vacancy-filling only; the underlying office remains elective.,Town Moderator
East Brookfield,east-brookfield-ma/treasurer,Treasurer,True,1,at-large,3,False,,https://eastbrookfieldma.us/DocumentCenter/View/329,https://www.eastbrookfieldma.us/1277/Annual-Town-Election,,schema-ready,,Town Treasurer
East Brookfield,east-brookfield-ma/tax-collector,Collector,True,1,at-large,3,False,,https://eastbrookfieldma.us/DocumentCenter/View/329,https://www.eastbrookfieldma.us/1277/Annual-Town-Election,,schema-ready,,Town Collector
East Brookfield,east-brookfield-ma/assessor,Assessor,True,3,at-large,3,True,,https://www.eastbrookfieldma.us/1297/Board-of-Assessors,https://www.eastbrookfieldma.us/1277/Annual-Town-Election,,schema-ready,,Board of Assessors Member
East Brookfield,east-brookfield-ma/regional-school-committee-member,Regional School Committee Member,True,2,at-large,3,True,,https://eastbrookfieldma.us/DocumentCenter/View/345/Town-Government,https://eastbrookfieldma.us/DocumentCenter/View/256/offices_to_be_on_ballotpdf,,schema-ready,Regional committee has seven members: five from Spencer and two elected from East Brookfield.,Spencer-East Brookfield Regional School Committee Member (East Brookfield)
East Brookfield,east-brookfield-ma/board-of-health-member,Board of Health Member,True,3,at-large,3,True,,https://eastbrookfieldma.us/DocumentCenter/View/329,https://www.eastbrookfieldma.us/1277/Annual-Town-Election,,schema-ready,,Board of Health Member
East Brookfield,east-brookfield-ma/cemetery-commissioner,Cemetery Commissioner,True,3,at-large,3,True,,https://eastbrookfieldma.us/DocumentCenter/View/329,https://www.eastbrookfieldma.us/1277/Annual-Town-Election,,schema-ready,,Cemetery Commissioner
East Brookfield,east-brookfield-ma/shade-tree-cemetery-fund-trustee,Trustee,True,3,at-large,3,True,,https://eastbrookfieldma.us/DocumentCenter/View/329,https://www.eastbrookfieldma.us/1277/Annual-Town-Election,,schema-ready,,Trustee of Shade Trees & Cemetery Funds
East Brookfield,east-brookfield-ma/planning-board-member,Planning Board Member,True,5,at-large,3,True,,https://www.eastbrookfieldma.us/1302/Planning-Board,https://eastbrookfieldma.us/DocumentCenter/View/256/offices_to_be_on_ballotpdf,,schema-ready,Current official board page shows five members; the 2026 ballot lists two regular three-year Planning Board seats.,Planning Board Member
East Brookfield,east-brookfield-ma/library-trustee,Library Trustee,True,6,at-large,3,True,,https://www.eastbrookfieldma.us/1304/Library-Trustees-Committee,https://eastbrookfieldma.us/DocumentCenter/View/256/offices_to_be_on_ballotpdf,,schema-ready,Six elected trustee seats are established by the annual officer roster; two three-year seats were on the 2026 ballot.,Trustee of the Public Library
East Brookfield,east-brookfield-ma/constable,Constable,True,2,at-large,3,True,,https://eastbrookfieldma.us/DocumentCenter/View/329,https://eastbrookfieldma.us/DocumentCenter/View/256/offices_to_be_on_ballotpdf,,schema-ready,,Constable
East Brookfield,east-brookfield-ma/finance-committee-member,Finance Committee Member,True,3,at-large,3,True,,https://eastbrookfieldma.us/1307/Finance-Committee,https://eastbrookfieldma.us/DocumentCenter/View/256/offices_to_be_on_ballotpdf,,schema-ready,"Finance Committee is mixed: three elected, three Select Board-appointed, and three Moderator-appointed. Only the three elected seats are modeled.",Finance Committee Member (Elected)
East Longmeadow,east-longmeadow-ma/town-council-member,Council Member,True,7,at-large,3,True,,https://www.eastlongmeadowma.gov/650/Town-Council,https://www.eastlongmeadowma.gov/DocumentCenter/View/18447,,schema-ready,Charter framework establishes seven Council members elected at large for staggered three-year terms.,Town Council Member
East Longmeadow,east-longmeadow-ma/school-committee-member,School Committee Member,True,5,at-large,3,True,,https://www.eastlongmeadowma.gov/964/School-Committee,https://www.eastlongmeadowma.gov/DocumentCenter/View/18447,,schema-ready,"Five members serve three-year terms, with one elected in one year and two in each of the next two years.",School Committee Member
Eastham,eastham-ma/select-board-member,Select Board Member,True,5,at-large,3,True,,https://www.eastham-ma.gov/596/Select-Board,https://www.eastham-ma.gov/DocumentCenter/View/5218/May-19-2026-Annual-Town-Election-Final-Results,https://www.eastham-ma.gov/DocumentCenter/View/5218/May-19-2026-Annual-Town-Election-Final-Results,schema-ready,,Select Board Member
Eastham,eastham-ma/moderator,Moderator,True,1,at-large,3,False,,https://www.eastham-ma.gov/576/Town-Moderator,https://www.eastham-ma.gov/DocumentCenter/View/5218/May-19-2026-Annual-Town-Election-Final-Results,https://www.eastham-ma.gov/DocumentCenter/View/5218/May-19-2026-Annual-Town-Election-Final-Results,schema-ready,,Town Moderator
Eastham,eastham-ma/town-clerk,Town Clerk,True,1,at-large,3,False,,https://www.eastham-ma.gov/171/Town-Clerk,https://www.eastham-ma.gov/DocumentCenter/View/5218/May-19-2026-Annual-Town-Election-Final-Results,https://www.eastham-ma.gov/DocumentCenter/View/5218/May-19-2026-Annual-Town-Election-Final-Results,schema-ready,,Town Clerk
Eastham,eastham-ma/library-trustee,Library Trustee,True,5,at-large,3,True,,https://www.eastham-ma.gov/546/Board-of-Library-Trustees,https://www.eastham-ma.gov/DocumentCenter/View/5218/May-19-2026-Annual-Town-Election-Final-Results,https://www.eastham-ma.gov/DocumentCenter/View/5218/May-19-2026-Annual-Town-Election-Final-Results,schema-ready,,Board of Library Trustees Member
Eastham,eastham-ma/elementary-school-committee-member,School Committee Member,True,5,at-large,3,True,,https://www.nausetschools.org/page/eastham-school-committee,https://www.eastham-ma.gov/DocumentCenter/View/5218/May-19-2026-Annual-Town-Election-Final-Results,https://www.eastham-ma.gov/DocumentCenter/View/5218/May-19-2026-Annual-Town-Election-Final-Results,schema-ready,,Eastham Elementary School Committee Member
Eastham,eastham-ma/regional-school-committee-member,Regional School Committee Member,True,,at-large,3,,,https://www.nausetschools.org/page/regional-school-committee-agendas-minutes,https://www.eastham-ma.gov/DocumentCenter/View/5218/May-19-2026-Annual-Town-Election-Final-Results,https://www.eastham-ma.gov/DocumentCenter/View/5218/May-19-2026-Annual-Town-Election-Final-Results,elected-status-verified-seat-count-unresolved,Elected status and regular three-year term are verified; Eastham-specific total seat allocation remains unresolved.,Nauset Regional School Committee Member (Eastham)
Eastham,eastham-ma/housing-authority-member,Housing Authority Member,True,,at-large,5,,,https://www.eastham-ma.gov/583/Housing-Authority,https://www.eastham-ma.gov/DocumentCenter/View/5218/May-19-2026-Annual-Town-Election-Final-Results,https://www.eastham-ma.gov/DocumentCenter/View/5218/May-19-2026-Annual-Town-Election-Final-Results,elected-status-verified-seat-count-unresolved,The 2026 final election results verify an elected five-year Housing Authority seat. The locally elected versus appointed total composition remains unresolved and is not guessed.,Housing Authority Member
Easthampton,easthampton-ma/mayor,Mayor,True,1,at-large,4,False,,https://www.easthamptonma.gov/DocumentCenter/View/5029/2025-Biennial-City-Election-Calendar,https://www.easthamptonma.gov/DocumentCenter/View/5029/2025-Biennial-City-Election-Calendar,https://www.easthamptonma.gov/327/Election-Results-Turnout-Statistics,schema-ready,,Mayor
Easthampton,easthampton-ma/city-council-member,Council Member,True,9,mixed,2,False,,https://www.easthamptonma.gov/DocumentCenter/View/5029/2025-Biennial-City-Election-Calendar,https://www.easthamptonma.gov/DocumentCenter/View/5029/2025-Biennial-City-Election-Calendar,https://www.easthamptonma.gov/327/Election-Results-Turnout-Statistics,schema-ready,Nine-member council: four at-large councilors and one councilor from each of five precincts.,City Councilor
Easthampton,easthampton-ma/school-committee-member,School Committee Member,True,6,at-large,2,False,,https://www.easthamptonma.gov/DocumentCenter/View/5029/2025-Biennial-City-Election-Calendar,https://www.easthamptonma.gov/DocumentCenter/View/5029/2025-Biennial-City-Election-Calendar,https://www.easthamptonma.gov/327/Election-Results-Turnout-Statistics,schema-ready,The School Committee has six separately elected members; the Mayor serves ex officio as the seventh member and is modeled only under the Mayor office.,School Committee Member
Edgartown,edgartown-ma/select-board-member,Select Board Member,True,3,at-large,,True,,https://www.edgartown-ma.us/selectboard,https://www.mvtimes.com/2026/02/26/2026-town-election-candidates/,https://www.edgartown-ma.us/town-clerk,schema-ready,Current official Selectboard page establishes three seats; 2026 town-election candidate coverage confirms the office is voter-filled. Regular term length was not independently resolved in this batch.,Selectboard Member
Edgartown,edgartown-ma/assessor,Assessor,True,,at-large,,,,https://www.mvtimes.com/2026/02/26/2026-town-election-candidates/,https://www.mvtimes.com/2026/02/26/2026-town-election-candidates/,https://www.edgartown-ma.us/town-clerk,elected-status-verified-seat-count-unresolved,2026 election candidate material verifies the office remains elected. Total current elected seat count and regular term remain unresolved.,Board of Assessors Member
Edgartown,edgartown-ma/board-of-health-member,Board of Health Member,True,3,at-large,,True,,https://www.edgartown-ma.us/board-health,https://www.mvtimes.com/2026/02/26/2026-town-election-candidates/,https://www.edgartown-ma.us/town-clerk,schema-ready,Current official roster establishes three members; 2026 election candidate material verifies current elective status. Regular term remains unresolved.,Board of Health Member
Edgartown,edgartown-ma/school-committee-member,School Committee Member,True,,at-large,,,,https://www.mvtimes.com/2026/02/26/2026-town-election-candidates/,https://www.mvtimes.com/2026/02/26/2026-town-election-candidates/,https://www.edgartown-ma.us/town-clerk,elected-status-verified-seat-count-unresolved,2026 town-election candidate material verifies current elective status; total elected seat count and regular term remain unresolved.,Edgartown School Committee Member
Edgartown,edgartown-ma/planning-board-member,Planning Board Member,True,5,at-large,,True,,https://www.edgartown-ma.us/planning-board,https://www.mvtimes.com/2026/02/26/2026-town-election-candidates/,https://www.edgartown-ma.us/town-clerk,schema-ready,Official Planning Board page establishes five regular members plus one associate member; 2026 town-election candidate material verifies the regular board is currently elected. Associate-member election/appointment status is not modeled here pending controlling-law confirmation.,Planning Board Member
Edgartown,edgartown-ma/library-trustee,Library Trustee,True,,at-large,,,,https://www.mvtimes.com/2026/02/26/2026-town-election-candidates/,https://www.mvtimes.com/2026/02/26/2026-town-election-candidates/,https://www.edgartown-ma.us/town-clerk,elected-status-verified-seat-count-unresolved,2026 town-election candidate material verifies current elective status; total elected trustee count and regular term remain unresolved.,Library Trustee
Edgartown,edgartown-ma/park-commissioner,Park Commissioner,True,3,at-large,,True,,https://www.edgartown-ma.us/parks,https://www.mvtimes.com/2026/02/26/2026-town-election-candidates/,https://www.edgartown-ma.us/town-clerk,schema-ready,Current official roster establishes three commissioners; 2026 election candidate material verifies current elective status.,Park Commissioner
Edgartown,edgartown-ma/wastewater-commissioner,Commissioner,True,3,at-large,,True,,https://www.edgartown-ma.us/wastewater,https://www.mvtimes.com/2026/02/26/2026-town-election-candidates/,https://www.edgartown-ma.us/town-clerk,schema-ready,Current official roster establishes three commissioners; 2026 election candidate material verifies current elective status. The third current officeholder is flagged separately because current official roster and 2026 candidate reporting are not fully aligned.,Wastewater Treatment Commissioner
Edgartown,edgartown-ma/finance-committee-member,Finance Committee Member,True,7,at-large,,True,,https://www.edgartown-ma.us/financial-advisory-committee,https://www.mvtimes.com/2026/02/26/2026-town-election-candidates/,https://www.edgartown-ma.us/town-clerk,schema-ready,Official current page lists seven regular members plus one alternate; 2026 town-election candidate material verifies the regular committee is voter-filled. Only the seven regular seats are modeled.,Financial Advisory Committee Member
Egremont,egremont-ma/select-board-member,Select Board Member,True,3,at-large,3,True,,https://www.egremont-ma.gov/182/Select-Board,https://www.egremont-ma.gov/DocumentCenter/View/2864,https://www.egremont-ma.gov/CivicAlerts.asp?AID=722&ARC=1230,schema-ready,,Select Board Member
Egremont,egremont-ma/assessor,Assessor,True,3,at-large,3,True,,https://www.egremont-ma.gov/164/Assessors,https://www.egremont-ma.gov/DocumentCenter/View/2864,https://www.egremont-ma.gov/CivicAlerts.asp?AID=722&ARC=1230,schema-ready,The 2026 ballot included one regular three-year Assessor seat and one one-year unexpired seat; the stable office term remains three years.,Assessor
Egremont,egremont-ma/cemetery-commissioner,Cemetery Commissioner,True,3,at-large,3,True,,https://www.egremont-ma.gov/213/Cemetery-Commission,https://www.egremont-ma.gov/DocumentCenter/View/2864,https://www.egremont-ma.gov/CivicAlerts.asp?AID=722&ARC=1230,schema-ready,,Cemetery Commissioner
Egremont,egremont-ma/library-trustee,Library Trustee,True,3,at-large,3,True,,https://www.egremont-ma.gov/directory.aspx,https://www.egremont-ma.gov/DocumentCenter/View/2864,https://www.egremont-ma.gov/CivicAlerts.asp?AID=722&ARC=1230,schema-ready,,Library Trustee
Egremont,egremont-ma/planning-board-member,Planning Board Member,True,5,at-large,5,True,,https://www.egremont-ma.gov/191/Planning-Board,https://www.egremont-ma.gov/DocumentCenter/View/2864,https://www.egremont-ma.gov/CivicAlerts.asp?AID=722&ARC=1230,schema-ready,Five regular elected members; the separately elected associate member is modeled as its own office.,Planning Board Member
Egremont,egremont-ma/planning-board-associate,Planning Board Associate Member,True,1,at-large,2,False,,https://www.egremont-ma.gov/191/Planning-Board,https://www.egremont-ma.gov/DocumentCenter/View/2864,https://www.egremont-ma.gov/CivicAlerts.asp?AID=722&ARC=1230,schema-ready,,Planning Board Associate Member
Egremont,egremont-ma/moderator,Moderator,True,1,at-large,3,False,,https://www.egremont-ma.gov/Calendar.aspx?EID=1051&PREVIEW=YES,https://www.egremont-ma.gov/DocumentCenter/View/2864,https://www.egremont-ma.gov/CivicAlerts.asp?AID=722&ARC=1230,schema-ready,,Town Moderator
Egremont,egremont-ma/constable,Constable,True,1,at-large,3,False,,https://www.egremont-ma.gov/directory.aspx,https://www.egremont-ma.gov/Archive.aspx?ADID=183,,schema-ready,Official 2025 town-election materials include Constable among offices voted on; current official directory identifies one Constable.,Constable
Egremont,egremont-ma/water-commissioner,Water Commissioner,True,3,at-large,3,True,,https://www.egremont-ma.gov/209/Water-Commission,https://www.egremont-ma.gov/Archive.aspx?ADID=188,,schema-ready,"Current official Water Commission page lists three commissioners; the June 2026 Town newsletter states Judi Goodman was elected for a three-year term, confirming current elective status.",Water Commissioner
Egremont,egremont-ma/regional-school-committee-member,Regional School Committee Member,True,2,at-large,4,True,,https://www.egremont-ma.gov/215/School-Committee,https://www.egremont-ma.gov/215/School-Committee,,schema-ready,"Current official Town page states two Egremont seats will appear on the November 3, 2026 regional-district ballot: one four-year seat and one two-year transitional seat. Regular term is modeled as four years; the shorter seat is treated as a transition/unexpired structure.",Southern Berkshire Regional School Committee Member (Egremont)
Erving,erving-ma/select-board-member,Select Board Member,True,3,at-large,3,True,,https://www.erving-ma.gov/Directory.aspx?did=32,https://www.erving-ma.gov/Calendar.aspx?EID=3069,,schema-ready,,Select Board Member
Erving,erving-ma/assessor,Assessor,True,3,at-large,3,True,,https://www.erving-ma.gov/Directory.aspx?did=43,https://www.erving-ma.gov/Calendar.aspx?EID=3069,,schema-ready,,Board of Assessors Member
Erving,erving-ma/library-trustee,Library Trustee,True,3,at-large,3,True,,https://www.erving-ma.gov/directory.aspx,https://www.erving-ma.gov/Calendar.aspx?EID=3069,,schema-ready,,Board of Library Trustees Member
Erving,erving-ma/moderator,Moderator,True,1,at-large,1,False,,https://www.erving-ma.gov/DocumentCenter/View/2964,https://www.erving-ma.gov/Calendar.aspx?EID=3069,,schema-ready,,Town Moderator
Erving,erving-ma/school-committee-member,School Committee Member,True,5,at-large,3,True,,https://www.erving-ma.gov/231/School-Committee,https://www.erving-ma.gov/Calendar.aspx?EID=3069,,schema-ready,Official Town materials describe a five-member elected board; current roster exposes four named members and a 2026 elected-official vacancy notice.,Erving School Committee Member
Erving,erving-ma/tree-warden,Tree Warden,True,1,at-large,1,False,,https://www.erving-ma.gov/DocumentCenter/View/2964,https://www.erving-ma.gov/Calendar.aspx?EID=3069,,schema-ready,,Tree Warden
Erving,erving-ma/constable,Constable,True,1,at-large,3,False,,https://www.erving-ma.gov/DocumentCenter/View/2964,https://www.erving-ma.gov/Calendar.aspx?EID=3069,,schema-ready,,Constable
Erving,erving-ma/planning-board-member,Planning Board Member,True,5,at-large,3,True,,https://www.erving-ma.gov/229/Planning-Board,https://www.erving-ma.gov/Calendar.aspx?EID=3069,,schema-ready,,Planning Board Member
Erving,erving-ma/recreation-commissioner,Commissioner,True,5,at-large,3,True,,https://www.erving-ma.gov/498/Volunteer-Opportunities,https://www.erving-ma.gov/Calendar.aspx?EID=3069,,schema-ready,,Recreation Commission Member
Erving,erving-ma/board-of-health-member,Board of Health Member,True,3,at-large,3,True,,https://www.erving-ma.gov/180/Boards-Committees,https://www.erving-ma.gov/Calendar.aspx?EID=3069,,schema-ready,,Board of Health Member
Essex,essex-ma/assessor,Assessor,True,,at-large,3,,,https://www.essexma.org/DocumentCenter/View/2410/2026-Annual-Town-Meeting-Warrant,https://www.essexma.org/DocumentCenter/View/2410/2026-Annual-Town-Meeting-Warrant,https://www.essexma.org/DocumentCenter/View/2441/May-11-2026-Local-Election--Unofficial-Results,elected-status-verified-seat-count-unresolved,2026 warrant includes one regular three-year assessor seat plus one two-year unexpired assessor seat. Total elected board size was not independently normalized in this batch.,Board of Assessors Member
Essex,essex-ma/moderator,Moderator,True,1,at-large,3,False,,https://www.essexma.org/DocumentCenter/View/2410/2026-Annual-Town-Meeting-Warrant,https://www.essexma.org/DocumentCenter/View/2410/2026-Annual-Town-Meeting-Warrant,https://www.essexma.org/DocumentCenter/View/2441/May-11-2026-Local-Election--Unofficial-Results,schema-ready,,Town Moderator
Essex,essex-ma/select-board-member,Select Board Member,True,3,at-large,3,True,,https://www.essexma.org/1315/Board-of-Selectmen,https://www.essexma.org/DocumentCenter/View/2410/2026-Annual-Town-Meeting-Warrant,https://www.essexma.org/DocumentCenter/View/2441/May-11-2026-Local-Election--Unofficial-Results,schema-ready,,Board of Selectmen Member
Essex,essex-ma/board-of-health-member,Board of Health Member,True,3,at-large,3,True,,https://www.essexma.org/1319/Board-of-Health,https://www.essexma.org/DocumentCenter/View/2410/2026-Annual-Town-Meeting-Warrant,https://www.essexma.org/DocumentCenter/View/2441/May-11-2026-Local-Election--Unofficial-Results,schema-ready,,Board of Health Member
Essex,essex-ma/constable,Constable,True,2,at-large,3,False,,https://www.essexma.org/DocumentCenter/View/2410/2026-Annual-Town-Meeting-Warrant,https://www.essexma.org/DocumentCenter/View/2410/2026-Annual-Town-Meeting-Warrant,https://www.essexma.org/DocumentCenter/View/2441/May-11-2026-Local-Election--Unofficial-Results,schema-ready,,Constable
Essex,essex-ma/regional-school-committee-member,Regional School Committee Member,True,,at-large,3,,,https://www.essexma.org/DocumentCenter/View/2410/2026-Annual-Town-Meeting-Warrant,https://www.essexma.org/DocumentCenter/View/2410/2026-Annual-Town-Meeting-Warrant,https://www.essexma.org/DocumentCenter/View/2441/May-11-2026-Local-Election--Unofficial-Results,elected-status-verified-seat-count-unresolved,Current elected status and regular three-year term are verified; Essex-specific total representation remains unresolved.,Manchester Essex Regional School Committee Member (Essex)
Essex,essex-ma/library-trustee,Library Trustee,True,3,at-large,3,True,,https://www.essexma.org/1318/Board-of-Library-Trustees,https://www.essexma.org/DocumentCenter/View/2410/2026-Annual-Town-Meeting-Warrant,https://www.essexma.org/DocumentCenter/View/2441/May-11-2026-Local-Election--Unofficial-Results,schema-ready,,Board of Library Trustees Member
Essex,essex-ma/planning-board-member,Planning Board Member,True,,at-large,5,,,https://www.essexma.org/DocumentCenter/View/2410/2026-Annual-Town-Meeting-Warrant,https://www.essexma.org/DocumentCenter/View/2410/2026-Annual-Town-Meeting-Warrant,https://www.essexma.org/DocumentCenter/View/2441/May-11-2026-Local-Election--Unofficial-Results,elected-status-verified-seat-count-unresolved,Current warrant verifies a five-year elected Planning Board seat; total current regular membership is left unresolved rather than inferred from older reports.,Planning Board Member
Everett,everett-ma/mayor,Mayor,True,1,at-large,4,False,,https://cityofeverett.com/wp-content/uploads/2025/02/02-27-2025-Charter-Review-Committee-Agenda.pdf,https://cityofeverett.com/2025-municipal-election-results/,https://cityofeverett.com/2025-municipal-election-results/,schema-ready,,Mayor
Everett,everett-ma/city-council-member,Council Member,True,11,mixed,2,False,,https://cityofeverett.com/city-hall/administration/city-council/,https://cityofeverett.com/2025-municipal-election-results/,https://cityofeverett.com/2025-municipal-election-results/,schema-ready,Eleven-member mixed council: six ward councilors and five at-large councilors.,City Councilor
Everett,everett-ma/school-committee-member,School Committee Member,True,9,mixed,2,False,,https://cityofeverett.com/2025-municipal-election-results/,https://cityofeverett.com/2025-municipal-election-results/,https://cityofeverett.com/2025-municipal-election-results/,schema-ready,Nine separately elected members: six ward members and three at-large members. Any mayoral ex-officio role is not counted among the nine elected seats.,School Committee Member
Fairhaven,fairhaven-ma/select-board-member,Select Board Member,True,5,at-large,3,True,,https://fairhaven-ma.gov/select-board/,https://fairhaven-ma.gov/2026-election-information/,https://fairhaven-ma.gov/document/election-results/,schema-ready,,Select Board Member
Fairhaven,fairhaven-ma/planning-board-member,Planning Board Member,True,8,at-large,3,True,,https://fairhaven-ma.gov/planning-board/,https://fairhaven-ma.gov/2026-election-information/,https://fairhaven-ma.gov/document/election-results/,schema-ready,Current official roster exposes eight regular members. The 2026 ballot has two regular three-year seats plus a separate two-year unexpired contest.,Planning Board Member
Fairhaven,fairhaven-ma/school-committee-member,School Committee Member,True,6,at-large,3,True,,https://fairhaven-ma.gov/school-committee/,https://fairhaven-ma.gov/2026-election-information/,https://fairhaven-ma.gov/document/election-results/,schema-ready,Official page describes an elected six-member board. The 2026 ballot had two regular three-year seats plus a one-year unexpired contest.,School Committee Member
Fairhaven,fairhaven-ma/public-works-commissioner,Commissioner,True,5,at-large,3,True,,https://fairhaven-ma.gov/board-of-public-works/,https://fairhaven-ma.gov/2026-election-information/,https://fairhaven-ma.gov/document/election-results/,schema-ready,,Board of Public Works Commissioner
Fairhaven,fairhaven-ma/board-of-health-member,Board of Health Member,True,3,at-large,3,True,,https://fairhaven-ma.gov/board-of-health/,https://fairhaven-ma.gov/2026-election-information/,https://fairhaven-ma.gov/document/election-results/,schema-ready,,Board of Health Member
Fairhaven,fairhaven-ma/commissioner-of-trust-funds,Commissioner of Trust Funds,True,3,at-large,3,True,,https://fairhaven-ma.gov/commissioner-of-trust-funds/,https://fairhaven-ma.gov/2026-election-information/,https://fairhaven-ma.gov/document/election-results/,schema-ready,,Commissioner of Trust Funds
Fairhaven,fairhaven-ma/housing-authority-member,Housing Authority Member,True,,at-large,5,,,https://fairhaven-ma.gov/housing-authority-2/,https://fairhaven-ma.gov/2026-election-information/,https://fairhaven-ma.gov/document/election-results/,elected-status-verified-seat-count-unresolved,"Current official roster explicitly labels at least three elected members and one state appointee, but one member's selection method is not labeled. Total locally elected seats remain unresolved.",Housing Authority Member
Fairhaven,fairhaven-ma/town-clerk,Town Clerk,True,1,at-large,3,False,,https://fairhaven-ma.gov/town-clerk/,https://fairhaven-ma.gov/elections-and-voting/,https://fairhaven-ma.gov/document/election-results/,schema-ready,,Town Clerk
Fairhaven,fairhaven-ma/town-meeting-member,Town Meeting Member,True,,district,3,True,,https://fairhaven-ma.gov/wp-content/uploads/2024/04/Fairhaven-Town-Code-Town-Meeting-Special-Acts.pdf,https://fairhaven-ma.gov/2026-election-information/,https://fairhaven-ma.gov/document/election-results/,elected-status-verified-seat-count-unresolved,Representative Town Meeting members are elected by precinct for staggered three-year terms. Exact current total elected representative count remains unresolved.,Representative Town Meeting Member
Fairhaven,fairhaven-ma/tree-warden,Tree Warden,True,1,at-large,,False,,https://fairhaven-ma.gov/tree-department/,https://fairhaven-ma.gov/elections-and-voting/,https://fairhaven-ma.gov/document/election-results/,schema-ready,Current/historical official municipal records identify Tree Warden as an elected office; regular term length was not independently normalized in this batch.,Tree Warden
Fall River,fall-river-ma/mayor,Mayor,True,1,at-large,2,False,,https://fallriverma.gov/government/mayors_office/index.php,https://fallriverma.gov/departments/elections/press_releases.php,https://fallriverma.gov/departments/elections/election_results.php,schema-ready,The municipal election cycle is biennial; Mayor is elected citywide and serves as School Committee chair ex officio.,Mayor
Fall River,fall-river-ma/city-council-member,Council Member,True,9,at-large,2,False,,https://fallriverma.gov/government/city_council/current_council.php,https://fallriverma.gov/departments/elections/press_releases.php,https://fallriverma.gov/departments/elections/election_results.php,schema-ready,,City Councilor
Fall River,fall-river-ma/school-committee-member,School Committee Member,True,6,at-large,2,False,,https://www.fallriverschools.org/school-committee/sub-committee,https://fallriverma.gov/departments/elections/press_releases.php,https://fallriverma.gov/departments/elections/election_results.php,schema-ready,Six separately elected School Committee members serve alongside the Mayor as chair ex officio. Current district page labels the committee '2026-2028'.,School Committee Member
Fitchburg,fitchburg-ma/mayor,Mayor,True,1,at-large,2,False,,https://www.fitchburgma.gov/412/Mayors-Office,https://www.fitchburgma.gov/913/Running-for-Local-Office,https://www.fitchburgma.gov/DocumentCenter/View/15944/2025-Municipal-Election-Official-Results,schema-ready,,Mayor
Fitchburg,fitchburg-ma/city-council-member,Council Member,True,11,mixed,2,False,,https://www.fitchburgma.gov/385/City-Council,https://www.fitchburgma.gov/913/Running-for-Local-Office,https://www.fitchburgma.gov/DocumentCenter/View/15944/2025-Municipal-Election-Official-Results,schema-ready,Eleven-member mixed council: six ward councilors and five at-large councilors.,City Councilor
Fitchburg,fitchburg-ma/school-committee-member,School Committee Member,True,6,at-large,4,True,,https://www.fitchburgma.gov/718/School-Committee,https://www.fitchburgma.gov/913/Running-for-Local-Office,https://www.fitchburgma.gov/DocumentCenter/View/15944/2025-Municipal-Election-Official-Results,schema-ready,Six separately elected members serve staggered four-year terms; the Mayor chairs ex officio and is not counted in the six elected seats.,School Committee Member
Florida,florida-ma/moderator,Moderator,True,1,at-large,1,False,,https://www.townofflorida.org/announcements.html,https://www.townofflorida.org/announcements.html,https://www.townofflorida.org/announcements.html,schema-ready,,Town Moderator
Florida,florida-ma/auditor,Auditor,True,1,at-large,1,False,,https://www.townofflorida.org/announcements.html,https://www.townofflorida.org/announcements.html,https://www.townofflorida.org/announcements.html,schema-ready,,Town Auditor
Florida,florida-ma/tree-warden,Tree Warden,True,1,at-large,1,False,,https://www.townofflorida.org/announcements.html,https://www.townofflorida.org/announcements.html,https://www.townofflorida.org/announcements.html,schema-ready,,Tree Warden
Florida,florida-ma/assessor,Assessor,True,3,at-large,3,True,,https://www.townofflorida.org/officials.html,https://www.townofflorida.org/announcements.html,https://www.townofflorida.org/announcements.html,schema-ready,,Board of Assessors Member
Florida,florida-ma/board-of-health-member,Board of Health Member,True,3,at-large,3,True,,https://www.townofflorida.org/officials.html,https://www.townofflorida.org/announcements.html,https://www.townofflorida.org/announcements.html,schema-ready,,Board of Health Member
Florida,florida-ma/constable,Constable,True,1,at-large,3,False,,https://www.townofflorida.org/announcements.html,https://www.townofflorida.org/announcements.html,https://www.townofflorida.org/announcements.html,schema-ready,,Constable
Florida,florida-ma/library-trustee,Library Trustee,True,,at-large,3,,,https://www.townofflorida.org/announcements.html,https://www.townofflorida.org/announcements.html,https://www.townofflorida.org/announcements.html,elected-status-verified-seat-count-unresolved,2026 official election establishes elected status and a regular three-year seat; total trustee count remains unresolved.,Library Trustee
Florida,florida-ma/school-committee-member,School Committee Member,True,,at-large,3,,,https://www.townofflorida.org/announcements.html,https://www.townofflorida.org/announcements.html,https://www.townofflorida.org/announcements.html,elected-status-verified-seat-count-unresolved,2026 official election establishes elected status and a regular three-year seat; total committee size remains unresolved.,School Committee Member
Florida,florida-ma/select-board-member,Select Board Member,True,3,at-large,3,True,,https://www.townofflorida.org/officials.html,https://www.townofflorida.org/announcements.html,https://www.townofflorida.org/announcements.html,schema-ready,,Board of Selectmen Member
Florida,florida-ma/soldiers-memorial-trustee,Trustee,True,,at-large,3,,,https://www.townofflorida.org/announcements.html,https://www.townofflorida.org/announcements.html,https://www.townofflorida.org/announcements.html,elected-status-verified-seat-count-unresolved,2026 election filled two three-year trustee seats; total board size remains unresolved.,Trustee of Soldiers Memorial
Florida,florida-ma/planning-board-member,Planning Board Member,True,,at-large,5,,,https://www.townofflorida.org/announcements.html,https://www.townofflorida.org/announcements.html,https://www.townofflorida.org/announcements.html,elected-status-verified-seat-count-unresolved,2026 election verifies a regular five-year elected Planning Board seat; total board size remains unresolved.,Planning Board Member
Foxborough,foxborough-ma/select-board-member,Select Board Member,True,5,at-large,3,True,,https://foxboroughma.gov/boards_committees/select_board,https://foxboroughma.gov/boards_committees/open_seats___how_to_apply,https://foxboroughma.gov/departments/town_clerk/election_information/election_results,schema-ready,,Select Board Member
Foxborough,foxborough-ma/assessor,Assessor,True,,at-large,3,,,https://foxboroughma.gov/boards_committees/open_seats___how_to_apply,https://foxboroughma.gov/boards_committees/open_seats___how_to_apply,https://foxboroughma.gov/departments/town_clerk/election_information/election_results,elected-status-verified-seat-count-unresolved,Current Town election/open-seat materials continue to identify Board of Assessors as a voter-filled body; total elected seat count was not independently normalized in this batch.,Board of Assessors Member
Foxborough,foxborough-ma/board-of-health-member,Board of Health Member,True,3,at-large,3,True,,https://foxboroughma.gov/boards_committees/board_of_health,https://foxboroughma.gov/boards_committees/open_seats___how_to_apply,https://foxboroughma.gov/departments/town_clerk/election_information/election_results,schema-ready,,Board of Health Member
Foxborough,foxborough-ma/library-trustee,Library Trustee,True,,at-large,3,,,https://foxboroughma.gov/boards_committees/open_seats___how_to_apply,https://foxboroughma.gov/boards_committees/open_seats___how_to_apply,https://foxboroughma.gov/departments/town_clerk/election_information/election_results,elected-status-verified-seat-count-unresolved,Current Town materials identify Boyden Library Trustees among bodies filled at Annual Town Election; total current elected trustee count remains unresolved.,Boyden Library Trustee
Foxborough,foxborough-ma/housing-authority-member,Housing Authority Member,True,,at-large,5,,,https://foxboroughma.gov/boards_committees/open_seats___how_to_apply,https://foxboroughma.gov/boards_committees/open_seats___how_to_apply,https://foxboroughma.gov/departments/town_clerk/election_information/election_results,elected-status-verified-seat-count-unresolved,Current Town materials continue to identify Housing Authority seats among election-filled bodies; locally elected versus appointed total composition remains unresolved.,Housing Authority Member
Foxborough,foxborough-ma/planning-board-member,Planning Board Member,True,5,at-large,3,True,,https://foxboroughma.gov/departments/land_use,https://foxboroughma.gov/boards_committees/open_seats___how_to_apply,https://foxboroughma.gov/departments/town_clerk/election_information/election_results,schema-ready,Five regular members are modeled; the separately listed associate member is not included because current election/appointment status was not independently established.,Planning Board Member
Foxborough,foxborough-ma/school-committee-member,School Committee Member,True,5,at-large,3,True,,https://www.foxborough.k12.ma.us/school_committee/members_of_the_school_committee,https://foxboroughma.gov/boards_committees/open_seats___how_to_apply,https://foxboroughma.gov/departments/town_clerk/election_information/election_results,schema-ready,,School Committee Member
Foxborough,foxborough-ma/water-sewer-commissioner,Commissioner,True,3,at-large,3,True,,https://foxboroughma.gov/boards_committees/board_of_water_sewer_commissioners,https://foxboroughma.gov/boards_committees/open_seats___how_to_apply,https://foxboroughma.gov/departments/town_clerk/election_information/election_results,schema-ready,,Board of Water & Sewer Commissioner
Foxborough,foxborough-ma/town-clerk,Town Clerk,True,1,at-large,2,False,,https://www.foxboroughma.gov/departments/town_clerk/town_meeting_minutes/2008_may_12_annual_town_meeting,https://foxboroughma.gov/departments/town_clerk,https://foxboroughma.gov/departments/town_clerk/election_information/election_results,schema-ready,Long-running locally elected Town Clerk office; current incumbent is Robert E. Cutler Jr. Historical Town election record establishes the two-year term. No current local source was found indicating conversion to appointment.,Town Clerk
Becket,becket-ma/select-board-member,Select Board Member,True,3,at-large,3,True,,https://www.townofbecket.org/select-board,https://www.townofbecket.org/town-clerk/pages/town-meetings-elections,https://www.townofbecket.org/town-clerk/files/2026-annual-town-election-results,schema-ready,,Select Board Member
Becket,becket-ma/town-clerk,Town Clerk,True,1,at-large,3,False,,https://www.townofbecket.org/town-clerk/pages/town-meetings-elections,https://www.townofbecket.org/town-clerk/pages/town-meetings-elections,https://www.townofbecket.org/town-clerk/files/2026-annual-town-election-results,schema-ready,,Town Clerk
Becket,becket-ma/moderator,Moderator,True,1,at-large,3,False,,https://www.townofbecket.org/town-clerk/pages/town-meetings-elections,https://www.townofbecket.org/town-clerk/pages/town-meetings-elections,https://www.townofbecket.org/town-clerk/files/2026-annual-town-election-results,schema-ready,,Town Moderator
Becket,becket-ma/finance-committee-member,Finance Committee Member,True,,at-large,3,,,https://www.townofbecket.org/town-clerk/pages/town-meetings-elections,https://www.townofbecket.org/town-clerk/pages/town-meetings-elections,https://www.townofbecket.org/town-clerk/files/2026-annual-town-election-results,elected-status-verified-seat-count-unresolved,The 2026 ballot confirms an elected three-year Finance Committee seat; total elected membership was not independently normalized.,Finance Committee Member
Becket,becket-ma/planning-board-member,Planning Board Member,True,5,at-large,5,True,,https://www.townofbecket.org/planning-board,https://www.townofbecket.org/town-clerk/pages/town-meetings-elections,https://www.townofbecket.org/town-clerk/files/2026-annual-town-election-results,schema-ready,Five regular elected members serve five-year terms; the associate member is jointly appointed and excluded.,Planning Board Member
Becket,becket-ma/board-of-health-member,Board of Health Member,True,3,at-large,3,True,,https://www.townofbecket.org/board-health,https://www.townofbecket.org/town-clerk/pages/town-meetings-elections,https://www.townofbecket.org/town-clerk/files/2026-annual-town-election-results,schema-ready,,Board of Health Member
Becket,becket-ma/assessor,Assessor,True,3,at-large,,True,,https://www.townofbecket.org/board-assessors,https://www.townofbecket.org/town-clerk/pages/town-meetings-elections,,schema-ready,Current official Board page establishes three members; regular term length was not independently re-normalized in this batch.,Board of Assessors Member
Becket,becket-ma/regional-school-committee-member,Regional School Committee Member,True,2,at-large,,True,,https://www.townofbecket.org/school-committee-central-berkshire-regional-school-district,https://www.townofbecket.org/town-clerk/pages/town-meetings-elections,,schema-ready,Current official Town page identifies two Becket representatives; regular term length remains unresolved.,Central Berkshire Regional School Committee Member (Becket)
Charlemont,charlemont-ma/select-board-member,Select Board Member,True,3,at-large,3,True,,https://charlemont-ma.us/p/24/Town-Clerk,https://charlemont-ma.us/files/January_2026_Newsletter.pdf,https://charlemont-ma.us/p/24/Town-Clerk,schema-ready,,Select Board Member
Charlemont,charlemont-ma/moderator,Moderator,True,1,at-large,1,False,,https://charlemont-ma.us/files/January_2026_Newsletter.pdf,https://charlemont-ma.us/files/January_2026_Newsletter.pdf,https://charlemont-ma.us/p/24/Town-Clerk,schema-ready,The 2026 warrant proposed changing the Moderator term from one year to three beginning in 2027; current regular term remains one year for the 2026 cycle.,Town Moderator
Charlemont,charlemont-ma/constable,Constable,True,1,at-large,3,False,,https://charlemont-ma.us/files/January_2026_Newsletter.pdf,https://charlemont-ma.us/files/January_2026_Newsletter.pdf,https://charlemont-ma.us/p/24/Town-Clerk,schema-ready,,Constable
Charlemont,charlemont-ma/board-of-health-member,Board of Health Member,True,,at-large,3,,,https://charlemont-ma.us/files/January_2026_Newsletter.pdf,https://charlemont-ma.us/files/January_2026_Newsletter.pdf,https://charlemont-ma.us/p/24/Town-Clerk,elected-status-verified-seat-count-unresolved,,Board of Health Member
Charlemont,charlemont-ma/assessor,Assessor,True,3,at-large,3,True,,https://charlemont-ma.us/p/50/Board-of-Assessors,https://charlemont-ma.us/files/January_2026_Newsletter.pdf,https://charlemont-ma.us/p/24/Town-Clerk,schema-ready,,Board of Assessors Member
Charlemont,charlemont-ma/school-committee-member,School Committee Member,True,,at-large,3,,,https://charlemont-ma.us/files/January_2026_Newsletter.pdf,https://charlemont-ma.us/files/January_2026_Newsletter.pdf,https://charlemont-ma.us/p/24/Town-Clerk,elected-status-verified-seat-count-unresolved,,Charlemont School Committee Member
Charlemont,charlemont-ma/local-education-council-member,Council Member,True,,at-large,2,,,https://charlemont-ma.us/files/January_2026_Newsletter.pdf,https://charlemont-ma.us/files/January_2026_Newsletter.pdf,https://charlemont-ma.us/p/24/Town-Clerk,elected-status-verified-seat-count-unresolved,,Local Education Council Member
Charlemont,charlemont-ma/library-trustee,Library Trustee,True,,at-large,3,,,https://charlemont-ma.us/files/January_2026_Newsletter.pdf,https://charlemont-ma.us/files/January_2026_Newsletter.pdf,https://charlemont-ma.us/p/24/Town-Clerk,elected-status-verified-seat-count-unresolved,,Library Trustee
Charlemont,charlemont-ma/parks-recreation-commissioner,Commissioner,True,,at-large,5,,,https://charlemont-ma.us/files/January_2026_Newsletter.pdf,https://charlemont-ma.us/files/January_2026_Newsletter.pdf,https://charlemont-ma.us/p/24/Town-Clerk,elected-status-verified-seat-count-unresolved,,Parks and Recreation Commission Member
Charlemont,charlemont-ma/planning-board-member,Planning Board Member,True,5,at-large,5,True,,https://charlemont-ma.us/files/Town_Report__Year_end_2024_finished.pdf,https://charlemont-ma.us/files/January_2026_Newsletter.pdf,https://charlemont-ma.us/p/24/Town-Clerk,schema-ready,Current Town report identifies five regular Planning Board seats; the 2026 election includes two regular five-year contests plus one one-year remainder of a five-year term.,Planning Board Member
Charlemont,charlemont-ma/regional-school-committee-member,Regional School Committee Member,True,1,at-large,3,False,,https://charlemont-ma.us/files/January_2026_Newsletter.pdf,https://charlemont-ma.us/files/January_2026_Newsletter.pdf,https://charlemont-ma.us/p/24/Town-Clerk,schema-ready,The January 2026 official newsletter refers to the Charlemont regional seat in the singular and states it is next up in 2027.,Mohawk Trail Regional School Committee Member (Charlemont)
Deerfield,deerfield-ma/select-board-member,Select Board Member,True,3,at-large,3,True,,https://www.deerfieldma.us/244/Voting-Election-Info,https://www.deerfieldma.us/244/Voting-Election-Info,https://www.deerfieldma.us/DocumentCenter/View/3632,schema-ready,,Selectboard Member
Deerfield,deerfield-ma/assessor,Assessor,True,3,at-large,3,True,,https://www.deerfieldma.us/244/Voting-Election-Info,https://www.deerfieldma.us/244/Voting-Election-Info,https://www.deerfieldma.us/DocumentCenter/View/3632,schema-ready,,Board of Assessors Member
Deerfield,deerfield-ma/constable,Constable,True,1,at-large,3,False,,https://www.deerfieldma.us/244/Voting-Election-Info,https://www.deerfieldma.us/244/Voting-Election-Info,https://www.deerfieldma.us/DocumentCenter/View/3632,schema-ready,,Constable
Deerfield,deerfield-ma/school-committee-member,School Committee Member,True,5,at-large,3,True,,https://www.deerfieldma.us/201/Public-Schools,https://www.deerfieldma.us/244/Voting-Election-Info,https://www.deerfieldma.us/DocumentCenter/View/3632,schema-ready,,Deerfield School Committee Member
Deerfield,deerfield-ma/oliver-smith-will-elector,Elector,True,1,at-large,1,False,,https://www.deerfieldma.us/244/Voting-Election-Info,https://www.deerfieldma.us/244/Voting-Election-Info,https://www.deerfieldma.us/DocumentCenter/View/3632,schema-ready,,Elector under Oliver Smith Will
Deerfield,deerfield-ma/regional-school-committee-member,Regional School Committee Member,True,,at-large,3,,,https://www.deerfieldma.us/201/Public-Schools,https://www.deerfieldma.us/244/Voting-Election-Info,https://www.deerfieldma.us/DocumentCenter/View/3632,elected-status-verified-seat-count-unresolved,Current election materials verify Deerfield-elected Frontier seats and three-year regular terms; the exact Deerfield allocation remains unresolved.,Frontier Regional School Committee Member (Deerfield)
Deerfield,deerfield-ma/planning-board-member,Planning Board Member,True,,at-large,3,,,https://www.deerfieldma.us/244/Voting-Election-Info,https://www.deerfieldma.us/244/Voting-Election-Info,https://www.deerfieldma.us/DocumentCenter/View/3632,elected-status-verified-seat-count-unresolved,Current election materials verify elected Planning Board seats with three-year regular terms; total current regular membership remains unresolved.,Planning Board Member
Deerfield,deerfield-ma/library-trustee,Library Trustee,True,,at-large,3,,,https://www.deerfieldma.us/244/Voting-Election-Info,https://www.deerfieldma.us/244/Voting-Election-Info,https://www.deerfieldma.us/DocumentCenter/View/3632,elected-status-verified-seat-count-unresolved,,Tilton Library Trustee
Deerfield,deerfield-ma/moderator,Moderator,True,1,at-large,3,False,,https://www.deerfieldma.us/244/Voting-Election-Info,https://www.deerfieldma.us/244/Voting-Election-Info,https://www.deerfieldma.us/DocumentCenter/View/3632,schema-ready,,Town Moderator
Deerfield,deerfield-ma/water-commissioner,Water Commissioner,True,3,at-large,3,True,,https://deerfieldma.us/321/South-Deerfield-Water-Supply-District,https://deerfieldma.us/321/South-Deerfield-Water-Supply-District,,schema-ready,Separate district office; commissioners are elected at the Annual District Meeting.,South Deerfield Water Supply District Commissioner
Framingham,framingham-ma/mayor,Mayor,True,1,at-large,4,False,,https://www.framinghamma.gov/2703/Elected-Officials,https://www.framinghamma.gov/669/Elections-Voting,https://www.framinghamma.gov/2703/Elected-Officials,schema-ready,,Mayor
Framingham,framingham-ma/city-council-member,Council Member,True,11,mixed,,False,,https://www.framinghamma.gov/2703/Elected-Officials,https://www.framinghamma.gov/669/Elections-Voting,https://www.framinghamma.gov/2703/Elected-Officials,schema-ready,Mixed council: two at-large members serve four-year terms and nine district members serve two-year terms. A single term_years value is intentionally left unresolved because the stable office combines both classes.,City Councilor
Framingham,framingham-ma/school-committee-member,School Committee Member,True,9,district,2,False,,https://www.framinghamma.gov/2703/Elected-Officials,https://www.framinghamma.gov/669/Elections-Voting,https://www.framinghamma.gov/2703/Elected-Officials,schema-ready,,District School Committee Member
Framingham,framingham-ma/library-trustee,Library Trustee,True,12,at-large,4,True,,https://www.framinghamma.gov/2703/Elected-Officials,https://www.framinghamma.gov/669/Elections-Voting,https://www.framinghamma.gov/2703/Elected-Officials,schema-ready,,Library Trustee
Framingham,framingham-ma/cemetery-trustee,Cemetery Trustee,True,5,at-large,4,True,,https://www.framinghamma.gov/2703/Elected-Officials,https://www.framinghamma.gov/669/Elections-Voting,https://www.framinghamma.gov/2703/Elected-Officials,schema-ready,,Cemetery Trustee
Franklin,franklin-ma/town-council-member,Council Member,True,9,at-large,2,False,,https://www.franklinma.gov/DocumentCenter/View/9795/2013-Town-of-Franklin-Charter-Report,https://www.franklinma.gov/357/Elections-ArchiveOffice-of-Campaign-and-,https://www.franklinma.gov/DocumentCenter/View/7540/OFFICIAL-RESULTS---11-4-2025---LOCAL-BIENNIAL-ELECTION-11-5-2025,schema-ready,,Town Councilor
Franklin,franklin-ma/town-clerk,Town Clerk,True,1,at-large,4,False,,https://www.franklinma.gov/DocumentCenter/View/9795/2013-Town-of-Franklin-Charter-Report,https://www.franklinma.gov/357/Elections-ArchiveOffice-of-Campaign-and-,https://www.franklinma.gov/DocumentCenter/View/7540/OFFICIAL-RESULTS---11-4-2025---LOCAL-BIENNIAL-ELECTION-11-5-2025,schema-ready,,Town Clerk
Franklin,franklin-ma/constable,Constable,True,3,at-large,4,False,,https://www.franklinma.gov/DocumentCenter/View/9795/2013-Town-of-Franklin-Charter-Report,https://www.franklinma.gov/357/Elections-ArchiveOffice-of-Campaign-and-,,schema-ready,,Constable
Franklin,franklin-ma/school-committee-member,School Committee Member,True,7,at-large,2,False,,https://www.franklinma.gov/DocumentCenter/View/9795/2013-Town-of-Franklin-Charter-Report,https://www.franklinma.gov/357/Elections-ArchiveOffice-of-Campaign-and-,https://www.franklinma.gov/DocumentCenter/View/7540/OFFICIAL-RESULTS---11-4-2025---LOCAL-BIENNIAL-ELECTION-11-5-2025,schema-ready,,School Committee Member
Franklin,franklin-ma/planning-board-member,Planning Board Member,True,5,at-large,4,True,,https://www.franklinma.gov/158/Boards-Committees,https://www.franklinma.gov/357/Elections-ArchiveOffice-of-Campaign-and-,https://www.franklinma.gov/DocumentCenter/View/7540/OFFICIAL-RESULTS---11-4-2025---LOCAL-BIENNIAL-ELECTION-11-5-2025,schema-ready,,Planning Board Member
Franklin,franklin-ma/planning-board-associate,Planning Board Associate Member,True,1,at-large,4,False,,https://www.franklinma.gov/158/Boards-Committees,https://www.franklinma.gov/357/Elections-ArchiveOffice-of-Campaign-and-,https://www.franklinma.gov/DocumentCenter/View/7540/OFFICIAL-RESULTS---11-4-2025---LOCAL-BIENNIAL-ELECTION-11-5-2025,schema-ready,,Planning Board Associate Member
Franklin,franklin-ma/board-of-health-member,Board of Health Member,True,3,at-large,4,True,,https://www.franklinma.gov/DocumentCenter/View/9795/2013-Town-of-Franklin-Charter-Report,https://www.franklinma.gov/357/Elections-ArchiveOffice-of-Campaign-and-,https://www.franklinma.gov/DocumentCenter/View/7540/OFFICIAL-RESULTS---11-4-2025---LOCAL-BIENNIAL-ELECTION-11-5-2025,schema-ready,,Board of Health Member
Franklin,franklin-ma/assessor,Assessor,True,3,at-large,4,True,,https://www.franklinma.gov/DocumentCenter/View/9795/2013-Town-of-Franklin-Charter-Report,https://www.franklinma.gov/357/Elections-ArchiveOffice-of-Campaign-and-,https://www.franklinma.gov/DocumentCenter/View/7540/OFFICIAL-RESULTS---11-4-2025---LOCAL-BIENNIAL-ELECTION-11-5-2025,schema-ready,,Board of Assessors Member
Freetown,freetown-ma/select-board-member,Select Board Member,True,3,at-large,3,True,,https://www.freetownma.gov/1296/Elected-Officials-Federal-State-Local,https://www.freetownma.gov/DocumentCenter/View/1510/Annual-Census-Newsletter,https://www.freetownma.gov/1294/Election-Results,schema-ready,,Board of Selectmen / Personnel Board Member
Freetown,freetown-ma/assessor,Assessor,True,3,at-large,3,True,,https://www.freetownma.gov/1296/Elected-Officials-Federal-State-Local,https://www.freetownma.gov/DocumentCenter/View/1510/Annual-Census-Newsletter,https://www.freetownma.gov/1294/Election-Results,schema-ready,,Board of Assessors Member
Freetown,freetown-ma/board-of-health-member,Board of Health Member,True,3,at-large,3,True,,https://www.freetownma.gov/1296/Elected-Officials-Federal-State-Local,https://www.freetownma.gov/DocumentCenter/View/1510/Annual-Census-Newsletter,https://www.freetownma.gov/1294/Election-Results,schema-ready,,Board of Health Member
Freetown,freetown-ma/cemetery-commissioner,Cemetery Commissioner,True,3,at-large,3,True,,https://www.freetownma.gov/1296/Elected-Officials-Federal-State-Local,https://www.freetownma.gov/DocumentCenter/View/1510/Annual-Census-Newsletter,https://www.freetownma.gov/1294/Election-Results,schema-ready,,Cemetery Commissioner
Freetown,freetown-ma/finance-committee-member,Finance Committee Member,True,7,at-large,3,True,,https://www.freetownma.gov/1296/Elected-Officials-Federal-State-Local,https://www.freetownma.gov/DocumentCenter/View/1510/Annual-Census-Newsletter,https://www.freetownma.gov/1294/Election-Results,schema-ready,Seven current elected members; 2026 ballot included two regular three-year seats and one one-year unexpired seat.,Finance Committee Member
Freetown,freetown-ma/highway-surveyor,Surveyor,True,1,at-large,,False,,https://www.freetownma.gov/1296/Elected-Officials-Federal-State-Local,https://www.freetownma.gov/1296/Elected-Officials-Federal-State-Local,https://www.freetownma.gov/1294/Election-Results,schema-ready,Current official elected-official directory identifies the office as elected; regular term length was not independently normalized in this batch.,Highway Surveyor
Freetown,freetown-ma/housing-authority-member,Housing Authority Member,True,4,at-large,5,True,,https://www.freetownma.gov/1296/Elected-Officials-Federal-State-Local,https://www.freetownma.gov/DocumentCenter/View/1510/Annual-Census-Newsletter,https://www.freetownma.gov/1294/Election-Results,schema-ready,"Current elected-official directory lists four locally elected members, including one current vacancy; state-appointed seat, if any, is not modeled.",Housing Authority Member
Freetown,freetown-ma/library-trustee,Library Trustee,True,6,at-large,3,True,,https://www.freetownma.gov/1296/Elected-Officials-Federal-State-Local,https://www.freetownma.gov/DocumentCenter/View/1510/Annual-Census-Newsletter,https://www.freetownma.gov/1294/Election-Results,schema-ready,,Library Trustee
Freetown,freetown-ma/moderator,Moderator,True,1,at-large,,False,,https://www.freetownma.gov/1296/Elected-Officials-Federal-State-Local,https://www.freetownma.gov/1296/Elected-Officials-Federal-State-Local,https://www.freetownma.gov/1294/Election-Results,schema-ready,,Town Moderator
Freetown,freetown-ma/planning-board-member,Planning Board Member,True,5,at-large,5,True,,https://www.freetownma.gov/1296/Elected-Officials-Federal-State-Local,https://www.freetownma.gov/DocumentCenter/View/1510/Annual-Census-Newsletter,https://www.freetownma.gov/1294/Election-Results,schema-ready,Five regular elected members; separately listed associate member is not modeled because appointment/election status was not independently established.,Planning Board Member
Freetown,freetown-ma/regional-school-committee-member,Regional School Committee Member,True,4,at-large,3,True,,https://www.freetownma.gov/1296/Elected-Officials-Federal-State-Local,https://www.freetownma.gov/DocumentCenter/View/1510/Annual-Census-Newsletter,https://www.freetownma.gov/1294/Election-Results,schema-ready,,Freetown-Lakeville Regional School Committee Member (Freetown)
Freetown,freetown-ma/regional-vocational-school-committee-member,Regional School Committee Member,True,1,at-large,,False,,https://www.freetownma.gov/1296/Elected-Officials-Federal-State-Local,https://www.freetownma.gov/1296/Elected-Officials-Federal-State-Local,,schema-ready,Current elected-official directory identifies one Freetown district representative; regular term length remains unresolved.,Bristol-Plymouth Regional Technical School District Committee Member (Freetown)
Freetown,freetown-ma/town-clerk,Town Clerk,True,1,at-large,,False,,https://www.freetownma.gov/1296/Elected-Officials-Federal-State-Local,https://www.freetownma.gov/1296/Elected-Officials-Federal-State-Local,https://www.freetownma.gov/1294/Election-Results,schema-ready,,Town Clerk
Freetown,freetown-ma/tree-warden,Tree Warden,True,1,at-large,,False,,https://www.freetownma.gov/1296/Elected-Officials-Federal-State-Local,https://www.freetownma.gov/1296/Elected-Officials-Federal-State-Local,https://www.freetownma.gov/1294/Election-Results,schema-ready,,Tree Warden
Freetown,freetown-ma/water-sewer-commissioner,Commissioner,True,3,at-large,3,True,,https://www.freetownma.gov/1296/Elected-Officials-Federal-State-Local,https://www.freetownma.gov/DocumentCenter/View/1510/Annual-Census-Newsletter,https://www.freetownma.gov/1294/Election-Results,schema-ready,,Water & Sewer Commissioner
Gardner,gardner-ma/mayor,Mayor,True,1,at-large,2,False,,https://www.gardner-ma.gov/DocumentCenter/View/274/City-Charter-As-Amended-Jan-2-2025?bidId=,https://www.gardner-ma.gov/1021/Elected-Officials,https://www.gardner-ma.gov/1021/Elected-Officials,schema-ready,,Mayor
Gardner,gardner-ma/city-council-member,Council Member,True,11,mixed,2,False,,https://www.gardner-ma.gov/DocumentCenter/View/274/City-Charter-As-Amended-Jan-2-2025?bidId=,https://www.gardner-ma.gov/1021/Elected-Officials,https://www.gardner-ma.gov/324/City-Council,schema-ready,Eleven-member mixed council: five ward councilors and six at-large councilors.,City Councilor
Gardner,gardner-ma/school-committee-member,School Committee Member,True,6,at-large,2,False,,https://www.gardner-ma.gov/DocumentCenter/View/274/City-Charter-As-Amended-Jan-2-2025?bidId=,https://www.gardner-ma.gov/1021/Elected-Officials,https://www.gardner-ma.gov/431/School-Committee,schema-ready,Six separately elected members serve with the Mayor as School Committee chair ex officio; Mayor is modeled only under the Mayor office.,School Committee Member
Georgetown,georgetown-ma/select-board-member,Select Board Member,True,5,at-large,,True,,https://www.georgetownma.gov/government/boards___commissions/board_of_selectmen/index.php,https://www.georgetownma.gov/departments/town_clerk/elections/index.php,https://www.georgetownma.gov/departments/town_clerk/elections/election_results.php,schema-ready,Current official roster establishes five seats; current regular term length was not independently normalized.,Select Board Member
Georgetown,georgetown-ma/school-committee-member,School Committee Member,True,5,at-large,,True,,https://georgetownma.gov/government/boards___commissions/school_committee/index.php,https://www.georgetownma.gov/departments/town_clerk/elections/index.php,https://www.georgetownma.gov/departments/town_clerk/elections/election_results.php,schema-ready,,School Committee Member
Georgetown,georgetown-ma/planning-board-member,Planning Board Member,True,5,at-large,,True,,https://www.georgetownma.gov/government/boards___commissions/planning_board/index.php,https://www.georgetownma.gov/departments/town_clerk/elections/index.php,https://www.georgetownma.gov/departments/town_clerk/elections/election_results.php,schema-ready,,Planning Board Member
Georgetown,georgetown-ma/assessor,Assessor,True,3,at-large,,True,,https://www.georgetownma.gov/government/boards___commissions/board_of_assessors/index.php,https://www.georgetownma.gov/departments/town_clerk/elections/index.php,https://www.georgetownma.gov/departments/town_clerk/elections/election_results.php,schema-ready,,Board of Assessors Member
Georgetown,georgetown-ma/library-trustee,Library Trustee,True,6,at-large,3,True,,https://www.georgetownma.gov/government/boards___commissions/library_trustees/index.php,https://www.georgetownma.gov/departments/town_clerk/elections/index.php,https://www.georgetownma.gov/departments/town_clerk/elections/election_results.php,schema-ready,,Library Trustee
Georgetown,georgetown-ma/light-commissioner,Commissioner,True,3,at-large,,True,,https://georgetownma.gov/government/boards___commissions/board_of_light_commissioners/index.php,https://www.georgetownma.gov/departments/town_clerk/elections/index.php,https://www.georgetownma.gov/departments/town_clerk/elections/election_results.php,schema-ready,,Board of Light Commissioners Member
Georgetown,georgetown-ma/water-commissioner,Water Commissioner,True,3,at-large,,True,,https://www.georgetownma.gov/government/boards___commissions/water_commission/index.php,https://www.georgetownma.gov/departments/town_clerk/elections/index.php,https://www.georgetownma.gov/departments/town_clerk/elections/election_results.php,schema-ready,,Water Commissioner
Georgetown,georgetown-ma/housing-authority-member,Housing Authority Member,True,,at-large,,,,https://www.georgetownma.gov/government/boards___commissions/housing_authority.php,https://www.georgetownma.gov/departments/town_clerk/elections/index.php,https://www.georgetownma.gov/departments/town_clerk/elections/election_results.php,elected-status-verified-seat-count-unresolved,"Current official roster lists four commissioners, but the locally elected versus appointed composition was not independently normalized; elected status is retained conservatively from the annual election layer, with seat count unresolved.",Housing Authority Member
Gill,gill-ma/select-board-member,Select Board Member,True,3,at-large,3,True,,https://gillmass.org/g/16/Selectboard,https://gillmass.org/p/36/Town-Clerk,https://gillmass.org/files/GillNews_2026_2SUMMER.pdf,schema-ready,Selectboard members also serve on the Sewer Commission; no separate elected Sewer Commission office is modeled.,Selectboard Member
Gill,gill-ma/assessor,Assessor,True,3,at-large,3,True,,https://gillmass.org/g/2/Board-of-Assessors,https://gillmass.org/p/36/Town-Clerk,https://gillmass.org/files/GillNews_2026_2SUMMER.pdf,schema-ready,,Board of Assessors Member
Gill,gill-ma/cemetery-commissioner,Cemetery Commissioner,True,3,at-large,3,True,,https://gillmass.org/g/4/Cemetery-Commission,https://gillmass.org/p/36/Town-Clerk,https://gillmass.org/files/GillNews_2026_2SUMMER.pdf,schema-ready,,Cemetery Commissioner
Gill,gill-ma/constable,Constable,True,3,at-large,3,True,,https://gillmass.org/p/36/Town-Clerk,https://gillmass.org/p/36/Town-Clerk,https://gillmass.org/files/GillNews_2026_2SUMMER.pdf,schema-ready,,Constable
Gill,gill-ma/library-trustee,Library Trustee,True,2,at-large,3,True,,https://gillmass.org/p/36/Town-Clerk,https://gillmass.org/p/36/Town-Clerk,https://gillmass.org/files/GillNews_2026_2SUMMER.pdf,schema-ready,Town records identify two elected Slate Memorial Library trustees.,Slate Memorial Library Trustee
Gill,gill-ma/board-of-health-member,Board of Health Member,True,3,at-large,3,True,,https://gillmass.org/g/10/Board-of-Health,https://gillmass.org/p/36/Town-Clerk,https://gillmass.org/files/GillNews_2026_2SUMMER.pdf,schema-ready,,Board of Health Member
Gill,gill-ma/tree-warden,Tree Warden,True,1,at-large,3,False,,https://gillmass.org/p/36/Town-Clerk,https://gillmass.org/p/36/Town-Clerk,https://gillmass.org/files/GillNews_2026_2SUMMER.pdf,schema-ready,,Tree Warden
Gill,gill-ma/regional-school-committee-member,Regional School Committee Member,True,1,at-large,,False,,https://gillmass.org/p/36/Town-Clerk,https://gillmass.org/p/36/Town-Clerk,https://gillmass.org/files/GillNews_2026_2SUMMER.pdf,schema-ready,2026 election results show one position 'Representing Gill'; regular term length remains unresolved.,Gill-Montague Regional School Committee Member (Gill)
Gloucester,gloucester-ma/mayor,Mayor,True,1,at-large,2,False,,https://gloucester-ma.gov/documentcenter/view/1254,https://www.gloucester-ma.gov/337/Elections,https://www.gloucester-ma.gov/Archive/ViewFile/Item/19291,schema-ready,,Mayor
Gloucester,gloucester-ma/city-council-member,Council Member,True,9,mixed,2,False,,https://www.gloucester-ma.gov/121/City-Council,https://www.gloucester-ma.gov/337/Elections,https://www.gloucester-ma.gov/Archive/ViewFile/Item/19291,schema-ready,Nine-member mixed council: four at-large and five ward councilors.,City Councilor
Gloucester,gloucester-ma/school-committee-member,School Committee Member,True,6,at-large,2,False,,https://www.gloucester-ma.gov/Archive/ViewFile/Item/19291,https://www.gloucester-ma.gov/337/Elections,https://www.gloucester-ma.gov/Archive/ViewFile/Item/19291,schema-ready,Six separately elected members serve with the Mayor as seventh member ex officio; Mayor is modeled only under the Mayor office.,School Committee Member
Goshen,goshen-ma/select-board-member,Select Board Member,True,3,at-large,3,True,,https://www.goshen-ma.us/departments/select-board/,https://www.goshen-ma.us/elections/,https://www.goshen-ma.us/2026-annual-town-election-results/,schema-ready,,Select Board Member
Goshen,goshen-ma/assessor,Assessor,True,3,at-large,3,True,,https://www.goshen-ma.us/departments/board-of-assessors/,https://www.goshen-ma.us/elections/,https://www.goshen-ma.us/2026-annual-town-election-results/,schema-ready,,Board of Assessors Member
Goshen,goshen-ma/planning-board-member,Planning Board Member,True,5,at-large,,True,,https://www.goshen-ma.us/departments/planning-board/,https://www.goshen-ma.us/elections/,https://www.goshen-ma.us/2026-annual-town-election-results/,schema-ready,Current official board page identifies five members; current regular term length was not independently normalized.,Planning Board Member
Goshen,goshen-ma/moderator,Moderator,True,1,at-large,,False,,https://www.goshen-ma.us/government/,https://www.goshen-ma.us/elections/,https://www.goshen-ma.us/2026-annual-town-election-results/,schema-ready,,Town Moderator
Goshen,goshen-ma/constable,Constable,True,1,at-large,,False,,https://www.goshen-ma.us/elections/,https://www.goshen-ma.us/elections/,https://www.goshen-ma.us/2026-annual-town-election-results/,schema-ready,,Constable
Goshen,goshen-ma/school-committee-member,School Committee Member,True,,at-large,,,,https://www.goshen-ma.us/events/,https://www.goshen-ma.us/elections/,https://www.goshen-ma.us/2026-annual-town-election-results/,elected-status-verified-seat-count-unresolved,Current Town calendar and election layer verify an elected school-committee function; total seats and regular term remain unresolved.,School Committee Member
Gosnold,gosnold-ma/select-board-board-of-health-member,Select Board Member,True,3,at-large,3,True,,https://www.townofgosnold.org/DocumentCenter/View/619/Microsoft-Word---2024-Town-of-Gosnold-Town-Report---fy24_town_report_51125_1,https://www.townofgosnold.org/DocumentCenter/View/619/Microsoft-Word---2024-Town-of-Gosnold-Town-Report---fy24_town_report_51125_1,https://www.townofgosnold.org/DocumentCenter/View/619/Microsoft-Word---2024-Town-of-Gosnold-Town-Report---fy24_town_report_51125_1,schema-ready,"The annual town meeting elects one member per cycle to the three-member Selectboard; the 2024 warrant styles the elected seat as 'Selectboard member, Board of Health member.'",Selectboard / Board of Health Member
Gosnold,gosnold-ma/school-committee-member,School Committee Member,True,,at-large,3,True,,https://www.townofgosnold.org/DocumentCenter/View/619/Microsoft-Word---2024-Town-of-Gosnold-Town-Report---fy24_town_report_51125_1,https://www.townofgosnold.org/DocumentCenter/View/619/Microsoft-Word---2024-Town-of-Gosnold-Town-Report---fy24_town_report_51125_1,https://www.townofgosnold.org/DocumentCenter/View/619/Microsoft-Word---2024-Town-of-Gosnold-Town-Report---fy24_town_report_51125_1,elected-status-verified-seat-count-unresolved,2024 Annual Town Meeting elected two School Committee members for three-year terms; total committee size remains unresolved.,School Committee Member
Gosnold,gosnold-ma/library-trustee,Library Trustee,True,,at-large,3,True,,https://www.townofgosnold.org/DocumentCenter/View/619/Microsoft-Word---2024-Town-of-Gosnold-Town-Report---fy24_town_report_51125_1,https://www.townofgosnold.org/DocumentCenter/View/619/Microsoft-Word---2024-Town-of-Gosnold-Town-Report---fy24_town_report_51125_1,https://www.townofgosnold.org/DocumentCenter/View/619/Microsoft-Word---2024-Town-of-Gosnold-Town-Report---fy24_town_report_51125_1,elected-status-verified-seat-count-unresolved,"2024 Annual Town Meeting elected two library trustees, one for a two-year transitional/unexpired seat and one for a regular three-year seat; total board size remains unresolved.",Public Library Trustee
Gosnold,gosnold-ma/harbor-committee-member,Committee Member,True,,at-large,3,True,,https://www.townofgosnold.org/DocumentCenter/View/619/Microsoft-Word---2024-Town-of-Gosnold-Town-Report---fy24_town_report_51125_1,https://www.townofgosnold.org/DocumentCenter/View/619/Microsoft-Word---2024-Town-of-Gosnold-Town-Report---fy24_town_report_51125_1,https://www.townofgosnold.org/DocumentCenter/View/619/Microsoft-Word---2024-Town-of-Gosnold-Town-Report---fy24_town_report_51125_1,elected-status-verified-seat-count-unresolved,2024 Annual Town Meeting elected two Harbor Committee members for three-year terms; total committee size remains unresolved.,Harbor Committee Member
Grafton,grafton-ma/select-board-member,Select Board Member,True,5,at-large,3,True,,https://www.grafton-ma.gov/1358/Grafton-Home-Rule-Charter-PDF,https://www.grafton-ma.gov/DocumentCenter/View/18915,https://www.grafton-ma.gov/295/Election-Results,schema-ready,,Select Board Member
Grafton,grafton-ma/school-committee-member,School Committee Member,True,5,at-large,3,True,,https://www.grafton-ma.gov/1358/Grafton-Home-Rule-Charter-PDF,https://www.grafton-ma.gov/DocumentCenter/View/18915,https://www.grafton-ma.gov/295/Election-Results,schema-ready,,School Committee Member
Grafton,grafton-ma/library-trustee,Library Trustee,True,7,at-large,3,True,,https://www.grafton-ma.gov/1358/Grafton-Home-Rule-Charter-PDF,https://www.grafton-ma.gov/DocumentCenter/View/18915,https://www.grafton-ma.gov/295/Election-Results,schema-ready,,Board of Library Trustees Member
Grafton,grafton-ma/moderator,Moderator,True,1,at-large,3,False,,https://www.grafton-ma.gov/1358/Grafton-Home-Rule-Charter-PDF,https://www.grafton-ma.gov/DocumentCenter/View/18915,https://www.grafton-ma.gov/295/Election-Results,schema-ready,,Town Moderator
Grafton,grafton-ma/planning-board-member,Planning Board Member,True,5,at-large,3,True,,https://www.grafton-ma.gov/1358/Grafton-Home-Rule-Charter-PDF,https://www.grafton-ma.gov/DocumentCenter/View/18915,https://www.grafton-ma.gov/295/Election-Results,schema-ready,,Planning Board Member
Grafton,grafton-ma/housing-authority-member,Housing Authority Member,True,3,at-large,5,True,,https://www.grafton-ma.gov/DocumentCenter/View/19058/What-is-a-Town-Charter,https://www.grafton-ma.gov/DocumentCenter/View/18915,https://www.grafton-ma.gov/295/Election-Results,schema-ready,Town housing-authority composition is three locally elected members plus a tenant member appointed by the Select Board and one state-appointed member; only the three elected seats are modeled.,Housing Authority Member
Grafton,grafton-ma/regional-vocational-school-committee-member,Regional School Committee Member,True,1,at-large,4,False,,https://www.grafton-ma.gov/611/School-Committee---Blackstone-Valley-Reg,https://www.grafton-ma.gov/295/Election-Results,https://www.grafton-ma.gov/295/Election-Results,schema-ready,District page states members are elected locally every four years; Grafton has one represented seat.,Blackstone Valley Regional Vocational Technical School Committee Member (Grafton)
Granby,granby-ma/select-board-member,Select Board Member,True,3,at-large,,True,,https://www.granby-ma.gov/selectboard,https://www.granby-ma.gov/elections,https://www.granby-ma.gov/elections,schema-ready,Current official site identifies the Selectboard; current elective status retained from municipal election structure. Regular term not independently normalized.,Selectboard Member
Granby,granby-ma/assessor,Assessor,True,3,at-large,,True,,https://www.granby-ma.gov/boardofassessors,https://www.granby-ma.gov/elections,https://www.granby-ma.gov/elections,schema-ready,,Board of Assessors Member
Granby,granby-ma/planning-board-member,Planning Board Member,True,,at-large,,,,https://www.granby-ma.gov/planningboard,https://www.granby-ma.gov/elections,https://www.granby-ma.gov/elections,elected-status-verified-seat-count-unresolved,"Current elected/appointed-officials and election layer support the board's municipal-office status, but elected seat count and term are left unresolved pending better current ballot extraction.",Planning Board Member
Granby,granby-ma/library-trustee,Library Trustee,True,,at-large,,,,https://www.granby-ma.gov/librarytrustees,https://www.granby-ma.gov/elections,https://www.granby-ma.gov/elections,elected-status-verified-seat-count-unresolved,Current official page advertises an unexpired Library Trustee term; elected seat count and regular term remain unresolved.,Granby Free Public Library Trustee
Granby,granby-ma/school-committee-member,School Committee Member,True,,at-large,,,,https://www.granby-ma.gov/electedandappointedofficials,https://www.granby-ma.gov/elections,https://www.granby-ma.gov/elections,elected-status-verified-seat-count-unresolved,Current official municipal site maintains School Committee as a town governing body; exact elected seat count and term remain unresolved in this batch.,School Committee Member
Granville,granville-ma/select-board-member,Select Board Member,True,3,at-large,,True,,https://www.granville-ma.gov/281/Boards-Committees,https://www.granville-ma.gov/370/Elections,https://www.granville-ma.gov/370/Elections,schema-ready,,Select Board Member
Granville,granville-ma/town-clerk,Town Clerk,True,1,at-large,,False,,https://www.granville-ma.gov/364/Town-Clerk,https://www.granville-ma.gov/370/Elections,https://www.granville-ma.gov/370/Elections,schema-ready,Official Town Clerk page explicitly states the Town Clerk is elected; current term length remains unresolved.,Town Clerk
Granville,granville-ma/moderator,Moderator,True,1,at-large,1,False,,https://www.granville-ma.gov/337/Moderator,https://www.granville-ma.gov/370/Elections,https://www.granville-ma.gov/370/Elections,schema-ready,,Town Moderator
Granville,granville-ma/planning-board-member,Planning Board Member,True,5,at-large,3,True,,https://www.granville-ma.gov/341/Planning-Board,https://www.granville-ma.gov/370/Elections,https://www.granville-ma.gov/370/Elections,schema-ready,Official page explicitly describes a five-member elected board; current roster shows overlapping three-year terms.,Planning Board Member
Granville,granville-ma/library-trustee,Library Trustee,True,3,at-large,,True,,https://www.granville-ma.gov/247/Library-Trustees,https://www.granville-ma.gov/370/Elections,https://www.granville-ma.gov/370/Elections,schema-ready,Official page explicitly describes a three-member elected board; regular term length not independently normalized.,Library Trustee
Granville,granville-ma/recreation-commissioner,Commissioner,True,5,at-large,3,True,,https://www.granville-ma.gov/352/Recreation-Commission,https://www.granville-ma.gov/370/Elections,https://www.granville-ma.gov/370/Elections,schema-ready,,Recreation Commission Member
Great Barrington,great-barrington-ma/select-board-member,Select Board Member,True,5,at-large,3,True,,https://www.townofgbma.gov/362/Selectboard,https://www.townofgbma.gov/612/Town-Meetings-Elections-and-Budgets,https://www.townofgbma.gov/DocumentCenter/View/4524/Preliminary-Results-ATE-51226,schema-ready,,Selectboard Member
Great Barrington,great-barrington-ma/planning-board-member,Planning Board Member,True,5,at-large,3,True,,https://www.townofgbma.gov/210/Planning-Board,https://www.townofgbma.gov/612/Town-Meetings-Elections-and-Budgets,https://www.townofgbma.gov/DocumentCenter/View/4524/Preliminary-Results-ATE-51226,schema-ready,Five regular elected members; associate member is appointed and excluded.,Planning Board Member
Great Barrington,great-barrington-ma/library-trustee,Library Trustee,True,6,at-large,3,True,,https://www.townofgbma.gov/391/Library,https://www.townofgbma.gov/612/Town-Meetings-Elections-and-Budgets,https://www.townofgbma.gov/DocumentCenter/View/4524/Preliminary-Results-ATE-51226,schema-ready,,Board of Library Trustees Member
Great Barrington,great-barrington-ma/finance-committee-member,Finance Committee Member,True,,at-large,3,,,https://www.townofgbma.gov/m/NewsFlash,https://www.townofgbma.gov/612/Town-Meetings-Elections-and-Budgets,https://www.townofgbma.gov/DocumentCenter/View/4524/Preliminary-Results-ATE-51226,elected-status-verified-seat-count-unresolved,2026 election materials expressly list Finance Committee among voter-elected offices; total elected membership remains unresolved.,Finance Committee Member
Great Barrington,great-barrington-ma/board-of-health-member,Board of Health Member,True,3,at-large,3,True,,https://www.townofgbma.gov/m/NewsFlash,https://www.townofgbma.gov/612/Town-Meetings-Elections-and-Budgets,https://www.townofgbma.gov/DocumentCenter/View/4524/Preliminary-Results-ATE-51226,schema-ready,,Board of Health Member
Great Barrington,great-barrington-ma/housing-authority-member,Housing Authority Member,True,,at-large,5,,,https://www.townofgbma.gov/m/NewsFlash,https://www.townofgbma.gov/612/Town-Meetings-Elections-and-Budgets,https://www.townofgbma.gov/DocumentCenter/View/4524/Preliminary-Results-ATE-51226,elected-status-verified-seat-count-unresolved,Current election layer confirms voter-filled Housing Authority seat(s); locally elected versus appointed total composition remains unresolved.,Housing Authority Member
Great Barrington,great-barrington-ma/moderator,Moderator,True,1,at-large,,False,,https://www.townofgbma.gov/m/NewsFlash,https://www.townofgbma.gov/612/Town-Meetings-Elections-and-Budgets,https://www.townofgbma.gov/DocumentCenter/View/4524/Preliminary-Results-ATE-51226,schema-ready,,Town Moderator
Greenfield,greenfield-ma/mayor,Mayor,True,1,at-large,4,False,,https://greenfield-ma.gov/government/city_council/index.php,https://greenfield-ma.gov/government/city_council/index.php,https://greenfield-ma.gov/government/mayors_office/mayors_biography.php,schema-ready,,Mayor
Greenfield,greenfield-ma/city-council-member,Council Member,True,13,mixed,4,True,,https://greenfield-ma.gov/government/city_council/index.php,https://greenfield-ma.gov/government/city_council/index.php,https://greenfield-ma.gov/government/city_council/city_council_members.php,schema-ready,Thirteen-member mixed council: four at-large and nine precinct councilors. Current terms are staggered across election cycles.,City Councilor
Greenfield,greenfield-ma/school-committee-member,School Committee Member,True,6,at-large,4,True,,https://greenfield-ma.gov/government/city_council/index.php,https://greenfield-ma.gov/government/city_council/index.php,https://greenfield-ma.gov/government/city_council/index.php,schema-ready,Six separately elected at-large members; Mayor serves as seventh School Committee member ex officio and is modeled only as Mayor.,School Committee Member
Greenfield,greenfield-ma/assessor,Assessor,True,3,at-large,4,True,,https://greenfield-ma.gov/government/boards_and_commissions/board_of_assessors.php,https://greenfield-ma.gov/government/city_council/index.php,https://greenfield-ma.gov/government/boards_and_commissions/board_of_assessors.php,schema-ready,Official page labels assessor seats as elected positions.,Board of Assessors Member
Greenfield,greenfield-ma/regional-vocational-school-committee-member,Regional School Committee Member,True,4,at-large,3,True,,https://greenfield-ma.gov/government/boards_and_commissions/franklin_county_technical_school_committee.php,https://greenfield-ma.gov/government/city_council/index.php,https://greenfield-ma.gov/government/boards_and_commissions/franklin_county_technical_school_committee.php,schema-ready,,Franklin County Technical School Committee Member (Greenfield)
Groton,groton-ma/assessor,Assessor,True,3,at-large,3,True,,https://www.grotonma.gov/election-information/town-election-nominations/,https://www.grotonma.gov/election-information/town-election-nominations/,https://www.grotonma.gov/election-information/scheduled-elections/,schema-ready,,Board of Assessors Member
Groton,groton-ma/board-of-health-member,Board of Health Member,True,3,at-large,3,True,,https://www.grotonma.gov/government/boards-and-committees/board-of-health/,https://www.grotonma.gov/election-information/town-election-nominations/,https://www.grotonma.gov/election-information/scheduled-elections/,schema-ready,,Board of Health Member
Groton,groton-ma/commissioner-of-trust-funds,Commissioner of Trust Funds,True,3,at-large,3,True,,https://www.grotonma.gov/election-information/town-election-nominations/,https://www.grotonma.gov/election-information/town-election-nominations/,https://www.grotonma.gov/election-information/scheduled-elections/,schema-ready,,Commissioner of Trust Funds
Groton,groton-ma/electric-light-commissioner,Commissioner,True,3,at-large,3,True,,https://www.grotonma.gov/election-information/town-election-nominations/,https://www.grotonma.gov/election-information/town-election-nominations/,https://www.grotonma.gov/election-information/scheduled-elections/,schema-ready,,Electric Light Commissioner
Groton,groton-ma/regional-school-committee-member,Regional School Committee Member,True,,at-large,3,,,https://www.grotonma.gov/election-information/town-election-nominations/,https://www.grotonma.gov/election-information/town-election-nominations/,https://www.grotonma.gov/election-information/scheduled-elections/,elected-status-verified-seat-count-unresolved,,Groton-Dunstable Regional School Committee Member (Groton)
Groton,groton-ma/housing-authority-member,Housing Authority Member,True,,at-large,5,,,https://www.grotonma.gov/election-information/town-election-nominations/,https://www.grotonma.gov/election-information/town-election-nominations/,https://www.grotonma.gov/election-information/scheduled-elections/,elected-status-verified-seat-count-unresolved,Current election page verifies an elected five-year Housing Authority seat; total locally elected composition remains unresolved.,Housing Authority Member
Groton,groton-ma/library-trustee,Library Trustee,True,6,at-large,3,True,,https://www.grotonma.gov/election-information/town-election-nominations/,https://www.grotonma.gov/election-information/town-election-nominations/,https://www.grotonma.gov/election-information/scheduled-elections/,schema-ready,,Library Trustee
Groton,groton-ma/park-commissioner,Park Commissioner,True,5,at-large,3,True,,https://www.grotonma.gov/election-information/town-election-nominations/,https://www.grotonma.gov/election-information/town-election-nominations/,https://www.grotonma.gov/election-information/scheduled-elections/,schema-ready,2026 ballot includes two regular three-year seats and one two-year unexpired seat; five-seat total preserved from current town structure.,Park Commissioner
Groton,groton-ma/planning-board-member,Planning Board Member,True,7,at-large,3,True,,https://www.grotonma.gov/government/boards-and-committees/planning-board/,https://www.grotonma.gov/election-information/town-election-nominations/,https://www.grotonma.gov/election-information/scheduled-elections/,schema-ready,,Planning Board Member
Groton,groton-ma/select-board-member,Select Board Member,True,5,at-large,3,True,,https://www.grotonma.gov/government/boards-and-committees/select-board/,https://www.grotonma.gov/election-information/town-election-nominations/,https://www.grotonma.gov/election-information/scheduled-elections/,schema-ready,,Select Board Member
Groton,groton-ma/sewer-commissioner,Commissioner,True,3,at-large,3,True,,https://www.grotonma.gov/election-information/town-election-nominations/,https://www.grotonma.gov/election-information/town-election-nominations/,https://www.grotonma.gov/election-information/scheduled-elections/,schema-ready,,Sewer Commissioner
Groton,groton-ma/water-commissioner,Water Commissioner,True,3,at-large,3,True,,https://www.grotonma.gov/election-information/town-election-nominations/,https://www.grotonma.gov/election-information/town-election-nominations/,https://www.grotonma.gov/election-information/scheduled-elections/,schema-ready,,Water Commissioner
Groveland,groveland-ma/select-board-member,Select Board Member,True,5,at-large,3,True,,https://www.grovelandma.com/government/boards_committees/select_board/index.php,https://www.grovelandma.com/news_detail_T3_R58.php,https://www.grovelandma.com/departments/clerk/elections_voting.php,schema-ready,,Select Board Member
Groveland,groveland-ma/board-of-health-member,Board of Health Member,True,3,at-large,3,True,,https://www.grovelandma.com/news_detail_T3_R58.php,https://www.grovelandma.com/news_detail_T3_R58.php,https://www.grovelandma.com/departments/clerk/elections_voting.php,schema-ready,,Board of Health Member
Groveland,groveland-ma/light-commissioner,Commissioner,True,3,at-large,3,True,,https://www.grovelandma.com/news_detail_T3_R58.php,https://www.grovelandma.com/news_detail_T3_R58.php,https://www.grovelandma.com/departments/clerk/elections_voting.php,schema-ready,,Light Commissioner
Groveland,groveland-ma/library-trustee,Library Trustee,True,6,at-large,3,True,,https://www.grovelandma.com/news_detail_T3_R58.php,https://www.grovelandma.com/news_detail_T3_R58.php,https://www.grovelandma.com/departments/clerk/elections_voting.php,schema-ready,,Board of Library Trustees Member
Groveland,groveland-ma/housing-authority-member,Housing Authority Member,True,,at-large,5,,,https://www.grovelandma.com/news_detail_T3_R58.php,https://www.grovelandma.com/news_detail_T3_R58.php,https://www.grovelandma.com/departments/clerk/elections_voting.php,elected-status-verified-seat-count-unresolved,,Housing Authority Member
Groveland,groveland-ma/school-committee-member,School Committee Member,True,,at-large,3,,,https://www.grovelandma.com/news_detail_T3_R58.php,https://www.grovelandma.com/news_detail_T3_R58.php,https://www.grovelandma.com/departments/clerk/elections_voting.php,elected-status-verified-seat-count-unresolved,,School Committee Member
Groveland,groveland-ma/moderator,Moderator,True,1,at-large,1,False,,https://www.grovelandma.com/news_detail_T3_R58.php,https://www.grovelandma.com/news_detail_T3_R58.php,https://www.grovelandma.com/departments/clerk/elections_voting.php,schema-ready,,Town Moderator
Groveland,groveland-ma/cemetery-commissioner,Cemetery Commissioner,True,3,at-large,3,True,,https://www.grovelandma.com/news_detail_T3_R58.php,https://www.grovelandma.com/news_detail_T3_R58.php,https://www.grovelandma.com/departments/clerk/elections_voting.php,schema-ready,,Cemetery Commissioner
Groveland,groveland-ma/assessor,Assessor,True,3,at-large,3,True,,https://www.grovelandma.com/government/boards_committees/board_of_assessors/index.php,https://www.grovelandma.com/news_detail_T3_R58.php,https://www.grovelandma.com/departments/clerk/elections_voting.php,schema-ready,,Board of Assessors Member
Groveland,groveland-ma/planning-board-member,Planning Board Member,True,5,at-large,5,True,,https://www.grovelandma.com/news_detail_T3_R58.php,https://www.grovelandma.com/news_detail_T3_R58.php,https://www.grovelandma.com/departments/clerk/elections_voting.php,schema-ready,,Planning Board Member
Groveland,groveland-ma/water-sewer-commissioner,Commissioner,True,3,at-large,3,True,,https://www.grovelandma.com/news_detail_T3_R58.php,https://www.grovelandma.com/news_detail_T3_R58.php,https://www.grovelandma.com/departments/clerk/elections_voting.php,schema-ready,,Water & Sewer Commissioner
Hadley,hadley-ma/select-board-member,Select Board Member,True,5,at-large,3,True,,https://www.hadleyma.org/select-board,https://www.hadleyma.org/town-clerk,https://www.hadleyma.org/home/news/annual-town-election-results,schema-ready,,Select Board Member
Hadley,hadley-ma/assessor,Assessor,True,3,at-large,3,True,,https://www.hadleyma.org/board-assessors,https://www.hadleyma.org/town-clerk,https://www.hadleyma.org/home/news/annual-town-election-results,schema-ready,,Board of Assessors Member
Hadley,hadley-ma/board-of-health-member,Board of Health Member,True,3,at-large,3,True,,https://www.hadleyma.org/town-clerk,https://www.hadleyma.org/town-clerk,https://www.hadleyma.org/home/news/annual-town-election-results,schema-ready,,Board of Health Member
Hadley,hadley-ma/planning-board-member,Planning Board Member,True,5,at-large,5,True,,https://www.hadleyma.org/town-clerk,https://www.hadleyma.org/town-clerk,https://www.hadleyma.org/home/news/annual-town-election-results,schema-ready,,Planning Board Member
Hadley,hadley-ma/school-committee-member,School Committee Member,True,5,at-large,3,True,,https://www.hadleyma.org/town-clerk,https://www.hadleyma.org/town-clerk,https://www.hadleyma.org/home/news/annual-town-election-results,schema-ready,,School Committee Member
Hadley,hadley-ma/oliver-smith-will-elector,Elector,True,1,at-large,1,False,,https://www.hadleyma.org/town-clerk,https://www.hadleyma.org/town-clerk,https://www.hadleyma.org/home/news/annual-town-election-results,schema-ready,,Elector Under Oliver Smith Will
Hadley,hadley-ma/library-trustee,Library Trustee,True,,at-large,3,,,https://www.hadleyma.org/town-clerk,https://www.hadleyma.org/town-clerk,https://www.hadleyma.org/home/news/annual-town-election-results,elected-status-verified-seat-count-unresolved,,Library Trustee
Hadley,hadley-ma/moderator,Moderator,True,1,at-large,3,False,,https://www.hadleyma.org/town-clerk,https://www.hadleyma.org/town-clerk,https://www.hadleyma.org/home/news/annual-town-election-results,schema-ready,,Town Moderator
Halifax,halifax-ma/select-board-member,Select Board Member,True,3,at-large,3,True,,https://www.halifaxma.gov/2000/Board-of-Selectmen,https://www.halifaxma.gov/DocumentCenter/View/7649,https://www.halifaxma.gov/2086/Election-Results,schema-ready,,Board of Selectmen Member
Halifax,halifax-ma/assessor,Assessor,True,3,at-large,3,True,,https://www.halifaxma.gov/DocumentCenter/View/7649,https://www.halifaxma.gov/DocumentCenter/View/7649,https://www.halifaxma.gov/2086/Election-Results,schema-ready,,Board of Assessors Member
Halifax,halifax-ma/board-of-health-member,Board of Health Member,True,3,at-large,3,True,,https://www.halifaxma.gov/DocumentCenter/View/7649,https://www.halifaxma.gov/DocumentCenter/View/7649,https://www.halifaxma.gov/2086/Election-Results,schema-ready,,Board of Health Member
Halifax,halifax-ma/housing-authority-member,Housing Authority Member,True,,at-large,3,,,https://www.halifaxma.gov/DocumentCenter/View/7649,https://www.halifaxma.gov/DocumentCenter/View/7649,https://www.halifaxma.gov/2086/Election-Results,elected-status-verified-seat-count-unresolved,2026 warrant includes one regular three-year seat and one two-year unexpired seat; total locally elected/appointed composition remains unresolved.,Halifax Housing Authority Member
Halifax,halifax-ma/library-trustee,Library Trustee,True,6,at-large,3,True,,https://www.halifaxma.gov/DocumentCenter/View/7649,https://www.halifaxma.gov/DocumentCenter/View/7649,https://www.halifaxma.gov/2086/Election-Results,schema-ready,Two regular three-year trustee seats are elected each annual cycle; six-seat total preserved from repeated official election pattern.,Board of Library Trustees Member
Halifax,halifax-ma/park-commissioner,Park Commissioner,True,3,at-large,3,True,,https://www.halifaxma.gov/DocumentCenter/View/7649,https://www.halifaxma.gov/DocumentCenter/View/7649,https://www.halifaxma.gov/2086/Election-Results,schema-ready,,Park Commissioner
Halifax,halifax-ma/planning-board-member,Planning Board Member,True,5,at-large,5,True,,https://www.halifaxma.gov/DocumentCenter/View/7649,https://www.halifaxma.gov/DocumentCenter/View/7649,https://www.halifaxma.gov/2086/Election-Results,schema-ready,,Planning Board Member
Halifax,halifax-ma/elementary-school-committee-member,School Committee Member,True,5,at-large,3,True,,https://www.halifaxma.gov/DocumentCenter/View/7649,https://www.halifaxma.gov/DocumentCenter/View/7649,https://www.halifaxma.gov/2086/Election-Results,schema-ready,,Halifax Elementary School Committee Member
Halifax,halifax-ma/regional-school-committee-member,Regional School Committee Member,True,,at-large,3,,,https://www.halifaxma.gov/DocumentCenter/View/7649,https://www.halifaxma.gov/DocumentCenter/View/7649,https://www.halifaxma.gov/2086/Election-Results,elected-status-verified-seat-count-unresolved,,Silver Lake Regional School Committee Member (Halifax)
Halifax,halifax-ma/water-commissioner,Water Commissioner,True,3,at-large,3,True,,https://www.halifaxma.gov/DocumentCenter/View/7649,https://www.halifaxma.gov/DocumentCenter/View/7649,https://www.halifaxma.gov/2086/Election-Results,schema-ready,The 2026 warrant still elected one three-year commissioner; a separate home-rule petition proposed conversion to appointed status. Current elected office retained pending enacted transition.,Board of Water Commissioners Member
Hamilton,hamilton-ma/select-board-member,Select Board Member,True,5,at-large,3,True,,https://www.hamiltonma.gov/wp-content/uploads/2026/01/2026-Election-Dates-Open-Positions3.pdf,https://www.hamiltonma.gov/wp-content/uploads/2026/01/2026-Election-Dates-Open-Positions3.pdf,https://www.hamiltonma.gov/wp-content/uploads/2026/01/2026-Election-Dates-Open-Positions3.pdf,schema-ready,,Select Board Member
Hamilton,hamilton-ma/moderator,Moderator,True,1,at-large,1,False,,https://www.hamiltonma.gov/wp-content/uploads/2026/01/2026-Election-Dates-Open-Positions3.pdf,https://www.hamiltonma.gov/wp-content/uploads/2026/01/2026-Election-Dates-Open-Positions3.pdf,https://www.hamiltonma.gov/wp-content/uploads/2026/01/2026-Election-Dates-Open-Positions3.pdf,schema-ready,,Town Moderator
Hamilton,hamilton-ma/town-clerk,Town Clerk,True,1,at-large,3,False,,https://www.hamiltonma.gov/wp-content/uploads/2026/01/2026-Election-Dates-Open-Positions3.pdf,https://www.hamiltonma.gov/wp-content/uploads/2026/01/2026-Election-Dates-Open-Positions3.pdf,https://www.hamiltonma.gov/wp-content/uploads/2026/01/2026-Election-Dates-Open-Positions3.pdf,schema-ready,,Town Clerk
Hamilton,hamilton-ma/assessor,Assessor,True,3,at-large,3,True,,https://www.hamiltonma.gov/wp-content/uploads/2026/01/2026-Election-Dates-Open-Positions3.pdf,https://www.hamiltonma.gov/wp-content/uploads/2026/01/2026-Election-Dates-Open-Positions3.pdf,https://www.hamiltonma.gov/wp-content/uploads/2026/01/2026-Election-Dates-Open-Positions3.pdf,schema-ready,,Board of Assessors Member
Hamilton,hamilton-ma/planning-board-member,Planning Board Member,True,7,at-large,3,True,,https://www.hamiltonma.gov/government/planning-board/,https://www.hamiltonma.gov/wp-content/uploads/2026/01/2026-Election-Dates-Open-Positions3.pdf,https://www.hamiltonma.gov/wp-content/uploads/2026/01/2026-Election-Dates-Open-Positions3.pdf,schema-ready,,Planning Board Member
Hamilton,hamilton-ma/library-trustee,Library Trustee,True,,at-large,3,,,https://www.hamiltonma.gov/government/hamilton-wenham-library-trustees/,https://www.hamiltonma.gov/wp-content/uploads/2026/01/2026-Election-Dates-Open-Positions3.pdf,https://www.hamiltonma.gov/wp-content/uploads/2026/01/2026-Election-Dates-Open-Positions3.pdf,elected-status-verified-seat-count-unresolved,"2026 ballot confirms a Hamilton-designated three-year seat. Current joint board page labels multiple Hamilton and at-large-Hamilton members, so municipality-specific elected seat total is left unresolved.",Hamilton-Wenham Library Trustee (Hamilton)
Hamilton,hamilton-ma/housing-authority-member,Housing Authority Member,True,,at-large,5,,,https://www.hamiltonma.gov/wp-content/uploads/2026/01/2026-Election-Dates-Open-Positions3.pdf,https://www.hamiltonma.gov/wp-content/uploads/2026/01/2026-Election-Dates-Open-Positions3.pdf,https://www.hamiltonma.gov/wp-content/uploads/2026/01/2026-Election-Dates-Open-Positions3.pdf,elected-status-verified-seat-count-unresolved,,Hamilton Housing Authority Member
Hamilton,hamilton-ma/regional-school-committee-member,Regional School Committee Member,True,,at-large,3,,,https://www.hamiltonma.gov/government/hamilton-wenham-school-committee/,https://www.hamiltonma.gov/wp-content/uploads/2026/01/2026-Election-Dates-Open-Positions3.pdf,https://www.hamiltonma.gov/wp-content/uploads/2026/01/2026-Election-Dates-Open-Positions3.pdf,elected-status-verified-seat-count-unresolved,2026 election calendar lists two regular three-year and two transitional two-year district seats. Municipality-specific stable allocation is unresolved.,Hamilton-Wenham Regional School Committee Member
Hampden,hampden-ma/moderator,Moderator,True,1,at-large,1,False,,https://hampdenma.gov/DocumentCenter/View/1367/2026-Annual-Election-Warrant-PDF,https://hampdenma.gov/DocumentCenter/View/1367/2026-Annual-Election-Warrant-PDF,https://hampdenma.gov/DocumentCenter/View/1367/2026-Annual-Election-Warrant-PDF,schema-ready,,Town Moderator
Hampden,hampden-ma/select-board-member,Select Board Member,True,3,at-large,3,True,,https://hampdenma.gov/176/Selectboard,https://hampdenma.gov/DocumentCenter/View/1367/2026-Annual-Election-Warrant-PDF,https://hampdenma.gov/DocumentCenter/View/1367/2026-Annual-Election-Warrant-PDF,schema-ready,,Selectboard Member
Hampden,hampden-ma/assessor,Assessor,True,3,at-large,3,True,,https://hampdenma.gov/166/Board-of-Assessors,https://hampdenma.gov/DocumentCenter/View/1367/2026-Annual-Election-Warrant-PDF,https://hampdenma.gov/DocumentCenter/View/1367/2026-Annual-Election-Warrant-PDF,schema-ready,,Board of Assessors Member
Hampden,hampden-ma/regional-school-committee-member,Regional School Committee Member,True,,at-large,3,,,https://hampdenma.gov/DocumentCenter/View/1367/2026-Annual-Election-Warrant-PDF,https://hampdenma.gov/DocumentCenter/View/1367/2026-Annual-Election-Warrant-PDF,https://hampdenma.gov/DocumentCenter/View/1367/2026-Annual-Election-Warrant-PDF,elected-status-verified-seat-count-unresolved,,Hampden-Wilbraham Regional School Committee Member (Hampden)
Hampden,hampden-ma/library-trustee,Library Trustee,True,,at-large,3,,,https://hampdenma.gov/DocumentCenter/View/1367/2026-Annual-Election-Warrant-PDF,https://hampdenma.gov/DocumentCenter/View/1367/2026-Annual-Election-Warrant-PDF,https://hampdenma.gov/DocumentCenter/View/1367/2026-Annual-Election-Warrant-PDF,elected-status-verified-seat-count-unresolved,,Hampden Free Library Trustee
Hampden,hampden-ma/planning-board-member,Planning Board Member,True,5,at-large,5,True,,https://hampdenma.gov/DocumentCenter/View/1367/2026-Annual-Election-Warrant-PDF,https://hampdenma.gov/DocumentCenter/View/1367/2026-Annual-Election-Warrant-PDF,https://hampdenma.gov/DocumentCenter/View/1367/2026-Annual-Election-Warrant-PDF,schema-ready,,Planning Board Member
Hampden,hampden-ma/housing-authority-member,Housing Authority Member,True,,at-large,5,,,https://hampdenma.gov/223/Housing-Authority,https://hampdenma.gov/DocumentCenter/View/1367/2026-Annual-Election-Warrant-PDF,https://hampdenma.gov/DocumentCenter/View/1367/2026-Annual-Election-Warrant-PDF,elected-status-verified-seat-count-unresolved,,Hampden Housing Authority Member
Hancock,hancock-ma/assessor,Assessor,True,3,at-large,,True,,https://town.hancock.ma.us/files/2026/04/Hancock-Annual-Report-2025.pdf,https://town.hancock.ma.us/files/2026/04/Hancock-Annual-Report-2025.pdf,https://town.hancock.ma.us/files/2026/04/Hancock-Annual-Report-2025.pdf,schema-ready,,Board of Assessors Member
Hancock,hancock-ma/board-of-health-member,Board of Health Member,True,5,at-large,3,True,,https://town.hancock.ma.us/files/2026/04/Hancock-Annual-Report-2025.pdf,https://town.hancock.ma.us/files/2026/04/Hancock-Annual-Report-2025.pdf,https://town.hancock.ma.us/files/2026/04/Hancock-Annual-Report-2025.pdf,schema-ready,,Board of Health Member
Hancock,hancock-ma/select-board-member,Select Board Member,True,3,at-large,3,True,,https://town.hancock.ma.us/files/2026/04/Hancock-Annual-Report-2025.pdf,https://town.hancock.ma.us/files/2026/04/Hancock-Annual-Report-2025.pdf,https://town.hancock.ma.us/files/2026/04/Hancock-Annual-Report-2025.pdf,schema-ready,,Board of Selectmen Member
Hancock,hancock-ma/cemetery-commissioner,Cemetery Commissioner,True,3,at-large,3,True,,https://town.hancock.ma.us/files/2026/04/Hancock-Annual-Report-2025.pdf,https://town.hancock.ma.us/files/2026/04/Hancock-Annual-Report-2025.pdf,https://town.hancock.ma.us/files/2026/04/Hancock-Annual-Report-2025.pdf,schema-ready,,Cemetery Commissioner
Hancock,hancock-ma/constable,Constable,True,1,at-large,,False,,https://town.hancock.ma.us/files/2026/04/Hancock-Annual-Report-2025.pdf,https://town.hancock.ma.us/files/2026/04/Hancock-Annual-Report-2025.pdf,https://town.hancock.ma.us/files/2026/04/Hancock-Annual-Report-2025.pdf,schema-ready,,Constable
Hancock,hancock-ma/finance-committee-member,Finance Committee Member,True,3,at-large,3,True,,https://town.hancock.ma.us/files/2026/04/Hancock-Annual-Report-2025.pdf,https://town.hancock.ma.us/files/2026/04/Hancock-Annual-Report-2025.pdf,https://town.hancock.ma.us/files/2026/04/Hancock-Annual-Report-2025.pdf,schema-ready,,Finance Committee Member
Hancock,hancock-ma/library-trustee,Library Trustee,True,3,at-large,3,True,,https://town.hancock.ma.us/files/2026/04/Hancock-Annual-Report-2025.pdf,https://town.hancock.ma.us/files/2026/04/Hancock-Annual-Report-2025.pdf,https://town.hancock.ma.us/files/2026/04/Hancock-Annual-Report-2025.pdf,schema-ready,,Library Trustee
Hancock,hancock-ma/moderator,Moderator,True,1,at-large,1,False,,https://town.hancock.ma.us/files/2026/04/Hancock-Annual-Report-2025.pdf,https://town.hancock.ma.us/files/2026/04/Hancock-Annual-Report-2025.pdf,https://town.hancock.ma.us/files/2026/04/Hancock-Annual-Report-2025.pdf,schema-ready,,Town Moderator
Hancock,hancock-ma/planning-board-member,Planning Board Member,True,5,at-large,3,True,,https://town.hancock.ma.us/files/2026/04/Hancock-Annual-Report-2025.pdf,https://town.hancock.ma.us/files/2026/04/Hancock-Annual-Report-2025.pdf,https://town.hancock.ma.us/files/2026/04/Hancock-Annual-Report-2025.pdf,schema-ready,,Planning Board Member
Hancock,hancock-ma/school-committee-member,School Committee Member,True,5,at-large,3,True,,https://town.hancock.ma.us/files/2026/04/Hancock-Annual-Report-2025.pdf,https://town.hancock.ma.us/files/2026/04/Hancock-Annual-Report-2025.pdf,https://town.hancock.ma.us/files/2026/04/Hancock-Annual-Report-2025.pdf,schema-ready,,School Committee Member
Hancock,hancock-ma/tax-collector,Collector,True,1,at-large,,False,,https://town.hancock.ma.us/files/2026/04/Hancock-Annual-Report-2025.pdf,https://town.hancock.ma.us/files/2026/04/Hancock-Annual-Report-2025.pdf,https://town.hancock.ma.us/files/2026/04/Hancock-Annual-Report-2025.pdf,schema-ready,,Tax Collector
Hancock,hancock-ma/town-clerk,Town Clerk,True,1,at-large,,False,,https://town.hancock.ma.us/files/2026/04/Hancock-Annual-Report-2025.pdf,https://town.hancock.ma.us/files/2026/04/Hancock-Annual-Report-2025.pdf,https://town.hancock.ma.us/files/2026/04/Hancock-Annual-Report-2025.pdf,schema-ready,,Town Clerk
Hancock,hancock-ma/treasurer,Treasurer,True,1,at-large,,False,,https://town.hancock.ma.us/files/2026/04/Hancock-Annual-Report-2025.pdf,https://town.hancock.ma.us/files/2026/04/Hancock-Annual-Report-2025.pdf,https://town.hancock.ma.us/files/2026/04/Hancock-Annual-Report-2025.pdf,schema-ready,,Town Treasurer
Hanover,hanover-ma/select-board-member,Select Board Member,True,5,at-large,3,True,,https://www.hanover-ma.gov/finance-department/town-clerk/news/nomination-papers-are-now-available-for-the-hanover-2026-annual,https://www.hanover-ma.gov/finance-department/town-clerk/news/nomination-papers-are-now-available-for-the-hanover-2026-annual,https://www.hanover-ma.gov/finance-department/town-clerk/pages/election-results-and-election-workers,schema-ready,,Select Board Member
Hanover,hanover-ma/school-committee-member,School Committee Member,True,5,at-large,3,True,,https://www.hanover-ma.gov/school-committee,https://www.hanover-ma.gov/finance-department/town-clerk/news/nomination-papers-are-now-available-for-the-hanover-2026-annual,https://www.hanover-ma.gov/finance-department/town-clerk/pages/election-results-and-election-workers,schema-ready,,School Committee Member
Hanover,hanover-ma/assessor,Assessor,True,3,at-large,3,True,,https://www.hanover-ma.gov/finance-department/town-clerk/news/nomination-papers-are-now-available-for-the-hanover-2026-annual,https://www.hanover-ma.gov/finance-department/town-clerk/news/nomination-papers-are-now-available-for-the-hanover-2026-annual,https://www.hanover-ma.gov/finance-department/town-clerk/pages/election-results-and-election-workers,schema-ready,,Board of Assessors Member
Hanover,hanover-ma/planning-board-member,Planning Board Member,True,7,at-large,5,True,,https://www.hanover-ma.gov/finance-department/town-clerk/news/nomination-papers-are-now-available-for-the-hanover-2026-annual,https://www.hanover-ma.gov/finance-department/town-clerk/news/nomination-papers-are-now-available-for-the-hanover-2026-annual,https://www.hanover-ma.gov/finance-department/town-clerk/pages/election-results-and-election-workers,schema-ready,,Planning Board Member
Hanover,hanover-ma/board-of-health-member,Board of Health Member,True,3,at-large,3,True,,https://www.hanover-ma.gov/finance-department/town-clerk/news/nomination-papers-are-now-available-for-the-hanover-2026-annual,https://www.hanover-ma.gov/finance-department/town-clerk/news/nomination-papers-are-now-available-for-the-hanover-2026-annual,https://www.hanover-ma.gov/finance-department/town-clerk/pages/election-results-and-election-workers,schema-ready,,Board of Health Member
Hanover,hanover-ma/library-trustee,Library Trustee,True,3,at-large,3,True,,https://www.hanover-ma.gov/finance-department/town-clerk/news/nomination-papers-are-now-available-for-the-hanover-2026-annual,https://www.hanover-ma.gov/finance-department/town-clerk/news/nomination-papers-are-now-available-for-the-hanover-2026-annual,https://www.hanover-ma.gov/finance-department/town-clerk/pages/election-results-and-election-workers,schema-ready,,Trustee of the Public Library
Hanover,hanover-ma/moderator,Moderator,True,1,at-large,1,False,,https://www.hanover-ma.gov/finance-department/town-clerk/news/nomination-papers-are-now-available-for-the-hanover-2026-annual,https://www.hanover-ma.gov/finance-department/town-clerk/news/nomination-papers-are-now-available-for-the-hanover-2026-annual,https://www.hanover-ma.gov/finance-department/town-clerk/pages/election-results-and-election-workers,schema-ready,,Town Moderator
Hanover,hanover-ma/town-clerk,Town Clerk,True,1,at-large,3,False,,https://www.hanover-ma.gov/home/news/nomination-papers-are-now-available-for-the-upcoming-hanover-2025-annual-town-election,https://www.hanover-ma.gov/finance-department/town-clerk/pages/election-results-and-election-workers,https://www.hanover-ma.gov/finance-department/town-clerk/pages/election-results-and-election-workers,schema-ready,Town Clerk was a three-year elected office on the 2025 annual ballot and remains modeled absent evidence of subsequent conversion.,Town Clerk
Hanson,hanson-ma/select-board-member,Select Board Member,True,5,at-large,3,True,,https://www.hanson-ma.gov/select-board,https://www.hanson-ma.gov/town-clerk/pages/town-meeting-and-election-schedule-2026,https://www.hanson-ma.gov/town-clerk/pages/election-results,schema-ready,,Select Board Member
Hanson,hanson-ma/planning-board-member,Planning Board Member,True,5,at-large,5,True,,https://www.hanson-ma.gov/planning-boarddepartment,https://www.hanson-ma.gov/town-clerk/pages/town-meeting-and-election-schedule-2026,https://www.hanson-ma.gov/town-clerk/pages/election-results,schema-ready,,Planning Board Member
Hanson,hanson-ma/board-of-health-member,Board of Health Member,True,3,at-large,3,True,,https://www.hanson-ma.gov/board-health,https://www.hanson-ma.gov/town-clerk/pages/town-meeting-and-election-schedule-2026,https://www.hanson-ma.gov/town-clerk/pages/election-results,schema-ready,,Board of Health Member
Hanson,hanson-ma/assessor,Assessor,True,3,at-large,3,True,,https://www.hanson-ma.gov/board-assessors,https://www.hanson-ma.gov/town-clerk/pages/town-meeting-and-election-schedule-2026,https://www.hanson-ma.gov/town-clerk/pages/election-results,schema-ready,,Board of Assessors Member
Hanson,hanson-ma/regional-school-committee-member,Regional School Committee Member,True,,at-large,3,,,https://www.hanson-ma.gov/school-committee-whrsd,https://www.hanson-ma.gov/town-clerk/pages/town-meeting-and-election-schedule-2026,https://www.hanson-ma.gov/town-clerk/pages/election-results,elected-status-verified-seat-count-unresolved,Hanson-designated regional seats are elected; total Hanson allocation remains unresolved in this batch.,Whitman-Hanson Regional School Committee Member (Hanson)
Hanson,hanson-ma/regional-vocational-school-committee-member,Regional School Committee Member,True,1,at-large,,False,,https://www.hanson-ma.gov/school-committee-south-shore-regional,https://www.hanson-ma.gov/town-clerk/pages/town-meeting-and-election-schedule-2026,https://www.hanson-ma.gov/town-clerk/pages/election-results,schema-ready,,South Shore Regional Vocational Technical School Committee Member (Hanson)
Hanson,hanson-ma/library-trustee,Library Trustee,True,,at-large,3,,,https://www.hanson-ma.gov/boards,https://www.hanson-ma.gov/town-clerk/pages/town-meeting-and-election-schedule-2026,https://www.hanson-ma.gov/town-clerk/pages/election-results,elected-status-verified-seat-count-unresolved,Library Trustees are carried as voter-elected based on the annual election layer; total current elected seat count remains unresolved.,Library Trustee
Hardwick,hardwick-ma/select-board-member,Select Board Member,True,3,at-large,3,True,,https://www.hardwick-ma.gov/home-page/page/2026-annual-town-election-information,https://www.hardwick-ma.gov/home-page/page/2026-annual-town-election-information,https://www.hardwick-ma.gov/home-page/page/2026-annual-town-election-results,schema-ready,,Select Board Member
Hardwick,hardwick-ma/planning-board-member,Planning Board Member,True,5,at-large,3,True,,https://www.hardwick-ma.gov/home-page/page/2026-annual-town-election-information,https://www.hardwick-ma.gov/home-page/page/2026-annual-town-election-information,https://www.hardwick-ma.gov/home-page/page/2026-annual-town-election-results,schema-ready,Three-year Planning Board terms are confirmed by the 2025 official election results; five-member total retained from current town board structure.,Planning Board Member
Hardwick,hardwick-ma/library-trustee,Library Trustee,True,,at-large,3,,,https://www.hardwick-ma.gov/town-clerk/page/election-files-0,https://www.hardwick-ma.gov/home-page/page/2026-annual-town-election-information,https://www.hardwick-ma.gov/home-page/page/2026-annual-town-election-results,elected-status-verified-seat-count-unresolved,Official election archive confirms voter-elected Paige Memorial Library Trustee seats; total current elected board size remains unresolved.,Paige Memorial Library Trustee
Harvard,harvard-ma/moderator,Moderator,True,1,at-large,,False,,https://www.harvard-ma.gov/761/Volunteer-Handbook,https://www.harvard-ma.gov/373/Elected-Officials---Town,https://www.harvard-ma.gov/373/Elected-Officials---Town,schema-ready,,Town Moderator
Harvard,harvard-ma/select-board-member,Select Board Member,True,5,at-large,3,True,,https://www.harvard-ma.gov/761/Volunteer-Handbook,https://www.harvard-ma.gov/373/Elected-Officials---Town,https://www.harvard-ma.gov/373/Elected-Officials---Town,schema-ready,,Select Board Member
Harvard,harvard-ma/library-trustee,Library Trustee,True,6,at-large,3,True,,https://www.harvard-ma.gov/761/Volunteer-Handbook,https://www.harvard-ma.gov/373/Elected-Officials---Town,https://www.harvard-ma.gov/373/Elected-Officials---Town,schema-ready,,Harvard Public Library Trustee
Harvard,harvard-ma/school-committee-member,School Committee Member,True,5,at-large,3,True,,https://www.harvard-ma.gov/761/Volunteer-Handbook,https://www.harvard-ma.gov/373/Elected-Officials---Town,https://www.harvard-ma.gov/373/Elected-Officials---Town,schema-ready,Five elected members; one additional Devens Educational Advisory Committee appointee is excluded.,School Committee Member
Harvard,harvard-ma/warner-free-lecture-trustee,Trustee,True,6,at-large,3,True,,https://www.harvard-ma.gov/761/Volunteer-Handbook,https://www.harvard-ma.gov/373/Elected-Officials---Town,https://www.harvard-ma.gov/373/Elected-Officials---Town,schema-ready,,Warner Free Lecture Trustee
Harwich,harwich-ma/select-board-member,Select Board Member,True,5,at-large,3,True,,https://www.harwich-ma.gov/select-board,https://www.harwich-ma.gov/election-information,https://www.harwich-ma.gov/town-clerk,schema-ready,,Select Board Member
Harwich,harwich-ma/library-trustee,Library Trustee,True,7,at-large,3,True,,https://www.harwich-ma.gov/boards-committees,https://www.harwich-ma.gov/election-information,https://www.harwich-ma.gov/town-clerk,schema-ready,,Brooks Free Library Trustee
Harwich,harwich-ma/water-wastewater-commissioner,Commissioner,True,5,at-large,3,True,,https://www.harwich-ma.gov/board-of-water-wastewater-commissioners,https://www.harwich-ma.gov/election-information,https://www.harwich-ma.gov/town-clerk,schema-ready,,Water/Wastewater Commissioner
Hatfield,hatfield-ma/select-board-member,Select Board Member,True,3,at-large,3,True,,https://www.townofhatfield.org/395/Select-Board,https://www.townofhatfield.org/371/Annual-Town-Meeting-Election-Information,https://www.townofhatfield.org/DocumentCenter/View/3578,schema-ready,,Select Board Member
Hatfield,hatfield-ma/assessor,Assessor,True,,at-large,3,,,https://www.townofhatfield.org/DocumentCenter/View/3578,https://www.townofhatfield.org/371/Annual-Town-Meeting-Election-Information,https://www.townofhatfield.org/DocumentCenter/View/3578,elected-status-verified-seat-count-unresolved,,Assessor
Hatfield,hatfield-ma/school-committee-member,School Committee Member,True,,at-large,3,,,https://www.townofhatfield.org/DocumentCenter/View/3578,https://www.townofhatfield.org/371/Annual-Town-Meeting-Election-Information,https://www.townofhatfield.org/DocumentCenter/View/3578,elected-status-verified-seat-count-unresolved,2026 ballot includes one regular three-year seat and one two-year seat; total committee size remains unresolved.,School Committee Member
Hatfield,hatfield-ma/oliver-smith-will-elector,Elector,True,1,at-large,1,False,,https://www.townofhatfield.org/DocumentCenter/View/3578,https://www.townofhatfield.org/371/Annual-Town-Meeting-Election-Information,https://www.townofhatfield.org/DocumentCenter/View/3578,schema-ready,,Elector Under the Will of Oliver Smith
Hatfield,hatfield-ma/cemetery-commissioner,Cemetery Commissioner,True,,at-large,3,,,https://www.townofhatfield.org/DocumentCenter/View/3578,https://www.townofhatfield.org/371/Annual-Town-Meeting-Election-Information,https://www.townofhatfield.org/DocumentCenter/View/3578,elected-status-verified-seat-count-unresolved,,Cemetery Commissioner
Hatfield,hatfield-ma/board-of-health-member,Board of Health Member,True,,at-large,3,,,https://www.townofhatfield.org/DocumentCenter/View/3578,https://www.townofhatfield.org/371/Annual-Town-Meeting-Election-Information,https://www.townofhatfield.org/DocumentCenter/View/3578,elected-status-verified-seat-count-unresolved,,Board of Health Member
Hatfield,hatfield-ma/library-trustee,Library Trustee,True,,at-large,3,,,https://www.townofhatfield.org/DocumentCenter/View/3578,https://www.townofhatfield.org/371/Annual-Town-Meeting-Election-Information,https://www.townofhatfield.org/DocumentCenter/View/3578,elected-status-verified-seat-count-unresolved,,Library Trustee
Hatfield,hatfield-ma/planning-board-member,Planning Board Member,True,,at-large,5,,,https://www.townofhatfield.org/DocumentCenter/View/3578,https://www.townofhatfield.org/371/Annual-Town-Meeting-Election-Information,https://www.townofhatfield.org/DocumentCenter/View/3578,elected-status-verified-seat-count-unresolved,,Planning Board Member
Hatfield,hatfield-ma/housing-authority-member,Housing Authority Member,True,,at-large,5,,,https://www.townofhatfield.org/DocumentCenter/View/3578,https://www.townofhatfield.org/371/Annual-Town-Meeting-Election-Information,https://www.townofhatfield.org/DocumentCenter/View/3578,elected-status-verified-seat-count-unresolved,,Housing Authority Member
Hatfield,hatfield-ma/moderator,Moderator,True,1,at-large,3,False,,https://www.townofhatfield.org/DocumentCenter/View/3578,https://www.townofhatfield.org/371/Annual-Town-Meeting-Election-Information,https://www.townofhatfield.org/DocumentCenter/View/3578,schema-ready,,Town Moderator
Hatfield,hatfield-ma/town-clerk,Town Clerk,True,1,at-large,3,False,,https://www.townofhatfield.org/DocumentCenter/View/3578,https://www.townofhatfield.org/371/Annual-Town-Meeting-Election-Information,https://www.townofhatfield.org/DocumentCenter/View/3578,schema-ready,,Town Clerk
Haverhill,haverhill-ma/mayor,Mayor,True,1,at-large,2,False,,https://www.haverhillma.gov/government/elections/elected-officials/,https://www.haverhillma.gov/government/elections/candidate-municipal-information/,https://www.haverhillma.gov/media/twxlnjtg/haverhill-general-municipal-election-unofficial-results.pdf,schema-ready,,Mayor
Haverhill,haverhill-ma/city-council-member,Council Member,True,11,mixed,2,False,,https://www.haverhillma.gov/government/elections/ward-based-elections/,https://www.haverhillma.gov/government/elections/candidate-municipal-information/,https://www.haverhillma.gov/government/mayor-and-council/city-councilors/,schema-ready,Eleven-member mixed council: four at-large and seven ward councilors.,City Councilor
Haverhill,haverhill-ma/school-committee-member,School Committee Member,True,10,mixed,2,False,,https://www.haverhillma.gov/government/elections/ward-based-elections/,https://www.haverhillma.gov/government/elections/candidate-municipal-information/,https://www.haverhill-ps.org/school-committee/,schema-ready,Ten separately elected members: three at-large and seven ward. The Mayor serves ex officio as chair and is modeled only under Mayor.,School Committee Member
Hawley,hawley-ma/select-board-member,Select Board Member,True,3,at-large,3,True,,https://townofhawley.com/officials-boards-committees/select-board/,https://townofhawley.com/a-cold-snap/,https://townofhawley.com/town-meeting-is-coming/,schema-ready,The three elected Selectmen also serve as the local Board of Health and Zoning Board of Appeals; those ex-officio functions are not modeled as separate elected offices.,Selectman / ZBA / Board of Health Member
Hawley,hawley-ma/auditor,Auditor,True,1,at-large,,False,,https://townofhawley.com/a-cold-snap/,https://townofhawley.com/a-cold-snap/,https://townofhawley.com/town-meeting-is-coming/,schema-ready,,Town Auditor
Hawley,hawley-ma/assessor,Assessor,True,3,at-large,3,True,,https://townofhawley.com/hawley-assessors/,https://townofhawley.com/a-cold-snap/,https://townofhawley.com/town-meeting-is-coming/,schema-ready,,Assessor
Hawley,hawley-ma/hawlemont-school-committee-member,Regional School Committee Member,True,3,at-large,3,True,,https://townofhawley.com/reps-hawlemont-school-com/,https://townofhawley.com/a-cold-snap/,https://townofhawley.com/town-meeting-is-coming/,schema-ready,,Hawlemont Regional School Committee Member (Hawley)
Hawley,hawley-ma/mohawk-trail-school-committee-member,Regional School Committee Member,True,2,at-large,3,True,,https://townofhawley.com/mtrsd-schl-comm/,https://townofhawley.com/a-cold-snap/,https://townofhawley.com/town-meeting-is-coming/,schema-ready,,Mohawk Trail Regional School Committee Member (Hawley)
Hawley,hawley-ma/moderator,Moderator,True,1,at-large,1,False,,https://townofhawley.com/other-town-officials/,https://townofhawley.com/a-cold-snap/,https://townofhawley.com/town-meeting-is-coming/,schema-ready,,Town Moderator
Heath,heath-ma/select-board-member,Select Board Member,True,3,at-large,3,True,,https://townofheath.org/g/46/Select-Board,https://townofheath.org/k/1/2026-Annual-Town-Elections,https://townofheath.org/k/1/2026-Annual-Town-Elections,schema-ready,,Select Board Member
Heath,heath-ma/assessor,Assessor,True,3,at-large,3,True,,https://townofheath.org/g/47/Board-of-Assessors,https://townofheath.org/k/1/2026-Annual-Town-Elections,https://townofheath.org/k/1/2026-Annual-Town-Elections,schema-ready,,Board of Assessors Member
Heath,heath-ma/finance-committee-member,Finance Committee Member,True,5,at-large,3,True,,https://townofheath.org/g/42/Finance-Committee,https://townofheath.org/k/1/2026-Annual-Town-Elections,https://townofheath.org/k/1/2026-Annual-Town-Elections,schema-ready,,Finance Committee Member
Heath,heath-ma/planning-board-member,Planning Board Member,True,5,at-large,5,True,,https://townofheath.org/g/40/Planning-Board,https://townofheath.org/k/1/2026-Annual-Town-Elections,https://townofheath.org/k/1/2026-Annual-Town-Elections,schema-ready,,Planning Board Member
Heath,heath-ma/library-trustee,Library Trustee,True,,at-large,3,,,https://townofheath.org/g/39/Library-Trustees,https://townofheath.org/k/1/2026-Annual-Town-Elections,https://townofheath.org/k/1/2026-Annual-Town-Elections,elected-status-verified-seat-count-unresolved,,Library Trustee
Heath,heath-ma/school-committee-member,School Committee Member,True,,at-large,3,,,https://townofheath.org/p/50/Volunteering,https://townofheath.org/k/1/2026-Annual-Town-Elections,https://townofheath.org/k/1/2026-Annual-Town-Elections,elected-status-verified-seat-count-unresolved,2026 ballot included a two-year remainder of a regular three-year term; total elected committee size remains unresolved.,School Committee Member
Heath,heath-ma/municipal-light-board-member,Commissioner,True,5,at-large,3,True,,https://townofheath.org/g/44/Municipal-Light-Board,https://townofheath.org/k/1/2026-Annual-Town-Elections,https://townofheath.org/k/1/2026-Annual-Town-Elections,schema-ready,,Municipal Light Board Member
Heath,heath-ma/constable,Constable,True,1,at-large,3,False,,https://townofheath.org/k/1/2026-Annual-Town-Elections,https://townofheath.org/k/1/2026-Annual-Town-Elections,https://townofheath.org/k/1/2026-Annual-Town-Elections,schema-ready,,Constable
Heath,heath-ma/moderator,Moderator,True,1,at-large,3,False,,https://townofheath.org/files/2026_Annual_Town_Meeting_Minutes.pdf,https://townofheath.org/k/1/2026-Annual-Town-Elections,https://townofheath.org/files/2026_Annual_Town_Meeting_Minutes.pdf,schema-ready,,Town Moderator
Heath,heath-ma/fence-viewer,Fence Viewer,True,3,at-large,1,False,,https://townofheath.org/files/2026_Annual_Town_Meeting_Minutes.pdf,https://townofheath.org/files/2026_Annual_Town_Meeting_Minutes.pdf,https://townofheath.org/files/2026_Annual_Town_Meeting_Minutes.pdf,schema-ready,,Fence Viewer
Heath,heath-ma/tree-warden,Tree Warden,True,1,at-large,1,False,,https://townofheath.org/files/2026_Annual_Town_Meeting_Minutes.pdf,https://townofheath.org/files/2026_Annual_Town_Meeting_Minutes.pdf,https://townofheath.org/files/2026_Annual_Town_Meeting_Minutes.pdf,schema-ready,,Tree Warden
Heath,heath-ma/measurer-wood-bark,Measurer,True,2,at-large,1,False,,https://townofheath.org/files/2026_Annual_Town_Meeting_Minutes.pdf,https://townofheath.org/files/2026_Annual_Town_Meeting_Minutes.pdf,https://townofheath.org/files/2026_Annual_Town_Meeting_Minutes.pdf,schema-ready,,Measurer of Wood & Bark
Heath,heath-ma/field-driver,Field Driver,True,4,at-large,1,False,,https://townofheath.org/files/2026_Annual_Town_Meeting_Minutes.pdf,https://townofheath.org/files/2026_Annual_Town_Meeting_Minutes.pdf,https://townofheath.org/files/2026_Annual_Town_Meeting_Minutes.pdf,schema-ready,,Field Driver
Heath,heath-ma/sexton,Sexton,True,1,at-large,1,False,,https://townofheath.org/files/2026_Annual_Town_Meeting_Minutes.pdf,https://townofheath.org/files/2026_Annual_Town_Meeting_Minutes.pdf,https://townofheath.org/files/2026_Annual_Town_Meeting_Minutes.pdf,schema-ready,,Sexton
Hingham,hingham-ma/moderator,Moderator,True,1,at-large,1,False,,https://www.hingham-ma.gov/CivicAlerts.asp?AID=2191&ARC=3459,https://www.hingham-ma.gov/CivicAlerts.asp?AID=2191&ARC=3459,https://www.hingham-ma.gov/DocumentCenter/View/27908/2026-Town-Election-Results,schema-ready,,Town Moderator
Hingham,hingham-ma/select-board-member,Select Board Member,True,3,at-large,3,True,,https://www.hingham-ma.gov/224/Select-Board,https://www.hingham-ma.gov/CivicAlerts.asp?AID=2191&ARC=3459,https://www.hingham-ma.gov/DocumentCenter/View/27908/2026-Town-Election-Results,schema-ready,,Select Board Member
Hingham,hingham-ma/assessor,Assessor,True,3,at-large,3,True,,https://www.hingham-ma.gov/626/Board-of-Assessors,https://www.hingham-ma.gov/CivicAlerts.asp?AID=2191&ARC=3459,https://www.hingham-ma.gov/DocumentCenter/View/27908/2026-Town-Election-Results,schema-ready,,Board of Assessors Member
Hingham,hingham-ma/board-of-health-member,Board of Health Member,True,3,at-large,3,True,,https://www.hingham-ma.gov/625/Board-of-Health,https://www.hingham-ma.gov/CivicAlerts.asp?AID=2191&ARC=3459,https://www.hingham-ma.gov/DocumentCenter/View/27908/2026-Town-Election-Results,schema-ready,,Board of Health Member
Hingham,hingham-ma/municipal-light-board-member,Commissioner,True,3,at-large,3,True,,https://www.hingham-ma.gov/DocumentCenter/View/27981/June-24-2026-Meeting-Packet,https://www.hingham-ma.gov/CivicAlerts.asp?AID=2191&ARC=3459,https://www.hingham-ma.gov/DocumentCenter/View/27908/2026-Town-Election-Results,schema-ready,,Municipal Light Board Member
Hingham,hingham-ma/school-committee-member,School Committee Member,True,6,at-large,3,True,,https://www.hingham-ma.gov/627/Elected-Boards,https://www.hingham-ma.gov/CivicAlerts.asp?AID=2191&ARC=3459,https://www.hingham-ma.gov/DocumentCenter/View/27908/2026-Town-Election-Results,schema-ready,Two regular three-year seats are elected in the 2026 cycle; six-seat structure is maintained on a staggered cycle.,School Committee Member
Hingham,hingham-ma/planning-board-member,Planning Board Member,True,5,at-large,5,True,,https://www.hingham-ma.gov/631/Planning-Board,https://www.hingham-ma.gov/CivicAlerts.asp?AID=2191&ARC=3459,https://www.hingham-ma.gov/DocumentCenter/View/27908/2026-Town-Election-Results,schema-ready,,Planning Board Member
Hingham,hingham-ma/sewer-commissioner,Commissioner,True,3,at-large,3,True,,https://www.hingham-ma.gov/636/Sewer-Commission,https://www.hingham-ma.gov/CivicAlerts.asp?AID=2191&ARC=3459,https://www.hingham-ma.gov/DocumentCenter/View/27908/2026-Town-Election-Results,schema-ready,,Sewer Commissioner
Hingham,hingham-ma/recreation-commissioner,Commissioner,True,5,at-large,5,True,,https://www.hingham-ma.gov/634/Recreation-Commission,https://www.hingham-ma.gov/CivicAlerts.asp?AID=2191&ARC=3459,https://www.hingham-ma.gov/DocumentCenter/View/27908/2026-Town-Election-Results,schema-ready,,Recreation Commissioner
Hingham,hingham-ma/town-clerk,Town Clerk,True,1,at-large,3,False,,https://www.hingham-ma.gov/409/Town-Clerk,https://www.hingham-ma.gov/CivicAlerts.asp?AID=2191&ARC=3459,https://www.hingham-ma.gov/DocumentCenter/View/27908/2026-Town-Election-Results,schema-ready,,Town Clerk
Hingham,hingham-ma/housing-authority-member,Housing Authority Member,True,,at-large,3,,,https://www.hingham-ma.gov/627/Elected-Boards,https://www.hingham-ma.gov/CivicAlerts.asp?AID=2191&ARC=3459,https://www.hingham-ma.gov/DocumentCenter/View/27908/2026-Town-Election-Results,elected-status-verified-seat-count-unresolved,"Housing Authority is listed as an elected board, but locally elected versus appointed seat composition remains unresolved.",Housing Authority Member
Hinsdale,hinsdale-ma/select-board-member,Select Board Member,True,3,at-large,3,True,,https://www.hinsdalemass.com/1379/Elected-Officials,https://www.hinsdalemass.com/DocumentCenter/View/3336,https://www.hinsdalemass.com/DocumentCenter/View/3336,schema-ready,,Select Board Member
Hinsdale,hinsdale-ma/town-clerk,Town Clerk,True,1,at-large,3,False,,https://www.hinsdalemass.com/DocumentCenter/View/494/Town-Bylaws,https://www.hinsdalemass.com/DocumentCenter/View/3336,https://www.hinsdalemass.com/DocumentCenter/View/3336,schema-ready,,Town Clerk
Hinsdale,hinsdale-ma/assessor,Assessor,True,3,at-large,3,True,,https://www.hinsdalemass.com/1379/Elected-Officials,https://www.hinsdalemass.com/DocumentCenter/View/3336,https://www.hinsdalemass.com/DocumentCenter/View/3336,schema-ready,,Board of Assessors Member
Hinsdale,hinsdale-ma/finance-committee-member,Finance Committee Member,True,9,at-large,3,True,,https://www.hinsdalemass.com/DocumentCenter/View/494/Town-Bylaws,https://www.hinsdalemass.com/DocumentCenter/View/3336,https://www.hinsdalemass.com/DocumentCenter/View/3336,schema-ready,"Bylaw establishes nine elected members, three elected annually for three-year terms. Current web roster and June 2026 minutes differ on membership; holder conflict is preserved.",Finance Committee Member
Hinsdale,hinsdale-ma/planning-board-member,Planning Board Member,True,5,at-large,5,True,,https://www.hinsdalemass.com/DocumentCenter/View/494/Town-Bylaws,https://www.hinsdalemass.com/DocumentCenter/View/3336,https://www.hinsdalemass.com/DocumentCenter/View/3336,schema-ready,Town bylaws/annual reports establish a five-member elected board. Current web page exposes three names amid vacancy/reorganization history; no silent reduction to three seats is assumed.,Planning Board Member
Hinsdale,hinsdale-ma/moderator,Moderator,True,1,at-large,3,False,,https://www.hinsdalemass.com/1379/Elected-Officials,https://www.hinsdalemass.com/DocumentCenter/View/3336,https://www.hinsdalemass.com/DocumentCenter/View/3336,schema-ready,,Town Moderator
Hinsdale,hinsdale-ma/tree-warden,Tree Warden,True,1,at-large,3,False,,https://www.hinsdalemass.com/1379/Elected-Officials,https://www.hinsdalemass.com/DocumentCenter/View/3336,https://www.hinsdalemass.com/DocumentCenter/View/3336,schema-ready,,Tree Warden
Hinsdale,hinsdale-ma/regional-school-committee-member,Regional School Committee Member,True,2,at-large,4,True,,https://www.hinsdalemass.com/1246/School-Committee,https://www.hinsdalemass.com/1379/Elected-Officials,https://www.hinsdalemass.com/1246/School-Committee,schema-ready,Historical/current Town sources identify two Hinsdale CBRSD representatives on four-year cycles; current second representative remains unresolved.,Central Berkshire Regional School Committee Member (Hinsdale)
Holbrook,holbrook-ma/select-board-member,Select Board Member,True,5,at-large,3,True,,https://www.holbrookma.gov/Directory.aspx,https://holbrookma.gov/DocumentCenter/View/1609,https://holbrookma.gov/DocumentCenter/View/1609,schema-ready,,Select Board Member
Holbrook,holbrook-ma/moderator,Moderator,True,1,at-large,3,False,,https://www.holbrookma.gov/Directory.aspx,https://holbrookma.gov/DocumentCenter/View/1609,https://holbrookma.gov/DocumentCenter/View/1609,schema-ready,,Town Moderator
Holbrook,holbrook-ma/town-clerk,Town Clerk,True,1,at-large,3,False,,https://www.holbrookma.gov/101/Departments,https://holbrookma.gov/DocumentCenter/View/1609,https://holbrookma.gov/DocumentCenter/View/1609,schema-ready,,Town Clerk
Holbrook,holbrook-ma/board-of-health-member,Board of Health Member,True,5,at-large,3,True,,https://www.holbrookma.gov/Directory.aspx,https://holbrookma.gov/DocumentCenter/View/1609,https://holbrookma.gov/DocumentCenter/View/1609,schema-ready,,Board of Health Member
Holbrook,holbrook-ma/planning-board-member,Planning Board Member,True,5,at-large,5,True,,https://www.holbrookma.gov/305/Planning-Board,https://holbrookma.gov/DocumentCenter/View/1609,https://holbrookma.gov/DocumentCenter/View/1609,schema-ready,,Planning Board Member
Holbrook,holbrook-ma/school-committee-member,School Committee Member,True,,at-large,3,,,https://www.holbrookma.gov/228/Elections-Voting,https://holbrookma.gov/DocumentCenter/View/1609,https://holbrookma.gov/DocumentCenter/View/1609,elected-status-verified-seat-count-unresolved,2026 ballot verifies two three-year School Committee seats; total current elected committee size remains unresolved.,School Committee Member
Holbrook,holbrook-ma/library-trustee,Library Trustee,True,,at-large,3,,,https://www.holbrookma.gov/Directory.aspx,https://holbrookma.gov/DocumentCenter/View/1609,https://holbrookma.gov/DocumentCenter/View/1609,elected-status-verified-seat-count-unresolved,Current Town directory and annual-election layer establish voter-filled library trustees; total current elected seat count remains unresolved.,Library Board of Trustees Member
Holbrook,holbrook-ma/assessor,Assessor,True,3,at-large,3,True,,https://www.holbrookma.gov/255/Board-of-Assessors,https://holbrookma.gov/DocumentCenter/View/1609,https://holbrookma.gov/DocumentCenter/View/1609,schema-ready,,Board of Assessors Member
Holbrook,holbrook-ma/housing-authority-member,Housing Authority Member,True,,at-large,,,,https://www.holbrookma.gov/27/Boards-Committees,https://holbrookma.gov/DocumentCenter/View/1609,https://holbrookma.gov/DocumentCenter/View/1609,elected-status-verified-seat-count-unresolved,"Housing Authority appears in the current municipal board/election layer, but locally elected versus appointed composition remains unresolved.",Housing Authority Member
Holden,holden-ma/moderator,Moderator,True,1,at-large,3,False,,https://www.holdenma.gov/AgendaCenter/ViewFile/Minutes/_02022026-938,https://www.holdenma.gov/home/news/511-annual-town-election-voter-registration-and-absentee-ballot-information,https://www.holdenma.gov/AgendaCenter/ViewFile/Minutes/_02022026-938,schema-ready,,Town Moderator
Holden,holden-ma/select-board-member,Select Board Member,True,5,at-large,3,True,,https://www.holdenma.gov/510/Board-of-Selectmen,https://www.holdenma.gov/home/news/511-annual-town-election-voter-registration-and-absentee-ballot-information,https://www.holdenma.gov/AgendaCenter/ViewFile/Minutes/_02022026-938,schema-ready,,Board of Selectmen Member
Holden,holden-ma/library-trustee,Library Trustee,True,6,at-large,3,True,,https://www.holdenma.gov/AgendaCenter/ViewFile/Minutes/_02022026-938,https://www.holdenma.gov/home/news/511-annual-town-election-voter-registration-and-absentee-ballot-information,https://www.holdenma.gov/AgendaCenter/ViewFile/Minutes/_02022026-938,schema-ready,Two trustee seats are elected annually on the staggered three-year cycle; six-seat total is preserved.,Trustee of Damon Memorial Library
Holden,holden-ma/regional-school-committee-member,Regional School Committee Member,True,,at-large,3,,,https://www.holdenma.gov/AgendaCenter/ViewFile/Minutes/_02022026-938,https://www.holdenma.gov/home/news/511-annual-town-election-voter-registration-and-absentee-ballot-information,https://www.holdenma.gov/AgendaCenter/ViewFile/Minutes/_02022026-938,elected-status-verified-seat-count-unresolved,2026 election notice lists two three-year WRSD seats; Holden-specific total allocation remains unresolved.,Wachusett Regional School District Committee Member (Holden)
Holden,holden-ma/housing-authority-member,Housing Authority Member,True,,at-large,5,,,https://www.holdenma.gov/AgendaCenter/ViewFile/Minutes/_02022026-938,https://www.holdenma.gov/home/news/511-annual-town-election-voter-registration-and-absentee-ballot-information,https://www.holdenma.gov/AgendaCenter/ViewFile/Minutes/_02022026-938,elected-status-verified-seat-count-unresolved,2026 election notice lists one five-year elected Housing Authority seat; total locally elected composition remains unresolved.,Holden Housing Authority Member
Holland,holland-ma/select-board-member,Select Board Member,True,3,at-large,,True,,https://www.town.holland.ma.us/select-board,https://www.town.holland.ma.us/sites/g/files/vyhlif3266/f/alerts/election_6.30.2020_town_results.pdf,https://www.town.holland.ma.us/,schema-ready,Official election archive confirms voter election of Select Board seats; current regular term length was not re-normalized from a current ballot.,Select Board Member
Holland,holland-ma/planning-board-member,Planning Board Member,True,5,at-large,,True,,https://www.town.holland.ma.us/sites/g/files/vyhlif3266/f/uploads/town_of_holland_bylaws_2024.pdf,https://www.town.holland.ma.us/sites/g/files/vyhlif3266/f/alerts/election_6.30.2020_town_results.pdf,https://www.town.holland.ma.us/,schema-ready,Current bylaws explicitly provide for five elected Planning Board members; regular term length remains unresolved in this batch.,Planning Board Member
Holland,holland-ma/cemetery-commissioner,Cemetery Commissioner,True,,at-large,3,,,https://www.town.holland.ma.us/sites/g/files/vyhlif3266/f/alerts/election_6.30.2020_town_results.pdf,https://www.town.holland.ma.us/sites/g/files/vyhlif3266/f/alerts/election_6.30.2020_town_results.pdf,https://www.town.holland.ma.us/,elected-status-verified-seat-count-unresolved,Official election archive verifies voter-elected Cemetery Commissioner seats; total commission size remains unresolved.,Cemetery Commissioner
Holland,holland-ma/town-clerk,Town Clerk,True,1,at-large,,False,,https://www.town.holland.ma.us/,https://www.town.holland.ma.us/,https://www.town.holland.ma.us/,schema-ready,"Current municipal election administration is headed by Town Clerk Valerie Lundin; the FY2025 annual report has a dedicated Elected Officials section, but current term length was not safely extracted.",Town Clerk
Holliston,holliston-ma/moderator,Moderator,True,1,at-large,3,False,,https://www.townofholliston.us/Archive/ViewFile/Item/284,https://www.townofholliston.us/CivicAlerts.aspx?CID=1,https://www.townofholliston.us/Archive/ViewFile/Item/284,schema-ready,,Town Moderator
Holliston,holliston-ma/town-clerk,Town Clerk,True,1,at-large,3,False,,https://www.townofholliston.us/Archive/ViewFile/Item/284,https://www.townofholliston.us/CivicAlerts.aspx?CID=1,https://www.townofholliston.us/Archive/ViewFile/Item/284,schema-ready,,Town Clerk
Holliston,holliston-ma/select-board-highway-surveyor,Select Board Member,True,3,at-large,3,True,,https://www.townofholliston.us/Archive/ViewFile/Item/284,https://www.townofholliston.us/CivicAlerts.aspx?CID=1,https://www.townofholliston.us/Archive/ViewFile/Item/284,schema-ready,The Town styles the same three elected officeholders as Select Board and Highway Surveyors; no duplicate office is created.,Select Board Member / Highway Surveyor
Holliston,holliston-ma/assessor,Assessor,True,3,at-large,3,True,,https://www.townofholliston.us/Archive/ViewFile/Item/284,https://www.townofholliston.us/CivicAlerts.aspx?CID=1,https://www.townofholliston.us/Archive/ViewFile/Item/284,schema-ready,,Board of Assessors Member
Holliston,holliston-ma/finance-committee-member,Finance Committee Member,True,7,at-large,3,True,,https://www.townofholliston.us/Archive/ViewFile/Item/284,https://www.townofholliston.us/CivicAlerts.aspx?CID=1,https://www.townofholliston.us/Archive/ViewFile/Item/284,schema-ready,,Finance Committee Member
Holliston,holliston-ma/board-of-health-member,Board of Health Member,True,3,at-large,3,True,,https://www.townofholliston.us/Archive/ViewFile/Item/284,https://www.townofholliston.us/CivicAlerts.aspx?CID=1,https://www.townofholliston.us/Archive/ViewFile/Item/284,schema-ready,,Board of Health Member
Holliston,holliston-ma/housing-authority-member,Housing Authority Member,True,3,at-large,5,True,,https://www.townofholliston.us/Archive/ViewFile/Item/284,https://www.townofholliston.us/CivicAlerts.aspx?CID=1,https://www.townofholliston.us/Archive/ViewFile/Item/284,schema-ready,Five-member authority includes one state appointee and one resident appointee; only the remaining three voter-elected seats are modeled.,Housing Authority Member
Holliston,holliston-ma/library-trustee,Library Trustee,True,6,at-large,3,True,,https://www.townofholliston.us/Archive/ViewFile/Item/284,https://www.townofholliston.us/CivicAlerts.aspx?CID=1,https://www.townofholliston.us/Archive/ViewFile/Item/284,schema-ready,,Library Trustee
Holliston,holliston-ma/park-commissioner,Park Commissioner,True,5,at-large,3,True,,https://www.townofholliston.us/Archive/ViewFile/Item/284,https://www.townofholliston.us/CivicAlerts.aspx?CID=1,https://www.townofholliston.us/Archive/ViewFile/Item/284,schema-ready,,Park Commissioner
Holliston,holliston-ma/planning-board-member,Planning Board Member,True,5,at-large,5,True,,https://www.townofholliston.us/Archive/ViewFile/Item/284,https://www.townofholliston.us/CivicAlerts.aspx?CID=1,https://www.townofholliston.us/Archive/ViewFile/Item/284,schema-ready,Five regular elected members; associate member is appointed by Planning Board and excluded.,Planning Board Member
Holliston,holliston-ma/school-committee-member,School Committee Member,True,7,at-large,3,True,,https://www.townofholliston.us/Archive/ViewFile/Item/284,https://www.townofholliston.us/CivicAlerts.aspx?CID=1,https://www.townofholliston.us/Archive/ViewFile/Item/284,schema-ready,,School Committee Member
Holyoke,holyoke-ma/mayor,Mayor,True,1,at-large,4,False,,https://www.holyoke.org/departments/mayors-office/,https://www.holyoke.org/holyoke-city-clerk-brenna-murphy-leary-announces-preliminary-and-municipal-election-races/,https://www.holyoke.org/departments/mayors-office/,schema-ready,,Mayor
Holyoke,holyoke-ma/city-council-member,Council Member,True,13,mixed,2,False,,https://www.holyoke.org/departments/city-council/,https://www.holyoke.org/holyoke-city-clerk-brenna-murphy-leary-announces-preliminary-and-municipal-election-races/,https://www.holyoke.org/city-council-members/,schema-ready,Thirteen-member mixed council: seven ward and six at-large councilors.,City Councilor
Holyoke,holyoke-ma/school-committee-member,School Committee Member,True,8,mixed,4,True,,https://www.holyoke.org/holyoke-city-clerk-brenna-murphy-leary-announces-preliminary-and-municipal-election-races/,https://www.holyoke.org/holyoke-city-clerk-brenna-murphy-leary-announces-preliminary-and-municipal-election-races/,https://www.holyoke.org/people?filter_categories%5B%5D=57,schema-ready,Eight separately elected School Committee seats: one at-large plus seven ward seats. Mayor serves ex officio and is modeled only under Mayor.,School Committee Member
Holyoke,holyoke-ma/city-clerk,City Clerk,True,1,at-large,4,False,,https://www.holyoke.org/departments/city-clerk/,https://www.holyoke.org/holyoke-city-clerk-brenna-murphy-leary-announces-preliminary-and-municipal-election-races/,https://www.holyoke.org/departments/city-clerk/,schema-ready,,City Clerk
Hopedale,hopedale-ma/board-of-health-member,Board of Health Member,True,3,at-large,3,True,,https://www.hopedale-ma.gov/1220/Board-of-Health,https://www.hopedale-ma.gov/DocumentCenter/View/5564,https://www.hopedale-ma.gov/DocumentCenter/View/5564,schema-ready,,Board of Health Member
Hopedale,hopedale-ma/housing-authority-member,Housing Authority Member,True,,at-large,5,,,https://www.hopedale-ma.gov/DocumentCenter/View/5564,https://www.hopedale-ma.gov/DocumentCenter/View/5564,https://www.hopedale-ma.gov/DocumentCenter/View/5564,elected-status-verified-seat-count-unresolved,,Housing Authority Member
Hopedale,hopedale-ma/library-trustee,Library Trustee,True,,at-large,3,,,https://www.hopedale-ma.gov/DocumentCenter/View/5564,https://www.hopedale-ma.gov/DocumentCenter/View/5564,https://www.hopedale-ma.gov/DocumentCenter/View/5564,elected-status-verified-seat-count-unresolved,,Library Trustee
Hopedale,hopedale-ma/park-commissioner,Park Commissioner,True,,at-large,3,,,https://www.hopedale-ma.gov/DocumentCenter/View/5564,https://www.hopedale-ma.gov/DocumentCenter/View/5564,https://www.hopedale-ma.gov/DocumentCenter/View/5564,elected-status-verified-seat-count-unresolved,,Park Commissioner
Hopedale,hopedale-ma/planning-board-member,Planning Board Member,True,,at-large,5,,,https://www.hopedale-ma.gov/DocumentCenter/View/5564,https://www.hopedale-ma.gov/DocumentCenter/View/5564,https://www.hopedale-ma.gov/DocumentCenter/View/5564,elected-status-verified-seat-count-unresolved,,Planning Board Member
Hopedale,hopedale-ma/road-commissioner,Commissioner,True,,at-large,3,,,https://www.hopedale-ma.gov/DocumentCenter/View/5564,https://www.hopedale-ma.gov/DocumentCenter/View/5564,https://www.hopedale-ma.gov/DocumentCenter/View/5564,elected-status-verified-seat-count-unresolved,,Road Commissioner
Hopedale,hopedale-ma/school-committee-member,School Committee Member,True,,at-large,3,,,https://www.hopedale-ma.gov/DocumentCenter/View/5564,https://www.hopedale-ma.gov/DocumentCenter/View/5564,https://www.hopedale-ma.gov/DocumentCenter/View/5564,elected-status-verified-seat-count-unresolved,,School Committee Member
Hopedale,hopedale-ma/select-board-member,Select Board Member,True,3,at-large,3,True,,https://hopedale-ma.gov/1223/Administrator,https://www.hopedale-ma.gov/DocumentCenter/View/5564,https://www.hopedale-ma.gov/DocumentCenter/View/5564,schema-ready,,Select Board Member
Hopedale,hopedale-ma/water-sewer-commissioner,Commissioner,True,,at-large,3,,,https://www.hopedale-ma.gov/DocumentCenter/View/5564,https://www.hopedale-ma.gov/DocumentCenter/View/5564,https://www.hopedale-ma.gov/DocumentCenter/View/5564,elected-status-verified-seat-count-unresolved,,Water & Sewer Commissioner
Hopkinton,hopkinton-ma/select-board-member,Select Board Member,True,5,at-large,3,True,,https://www.hopkintonma.gov/departments/town_manager___select_board/index.php,https://www.hopkintonma.gov/departments/town_clerk/election_information.php,https://www.hopkintonma.gov/departments/town_clerk/election_information.php,schema-ready,,Select Board Member
Hopkinton,hopkinton-ma/assessor,Assessor,True,,at-large,3,,,https://www.hopkintonma.gov/departments/town_clerk/election_information.php,https://www.hopkintonma.gov/departments/town_clerk/election_information.php,https://www.hopkintonma.gov/departments/town_clerk/election_information.php,elected-status-verified-seat-count-unresolved,,Board of Assessors Member
Hopkinton,hopkinton-ma/board-of-health-member,Board of Health Member,True,,at-large,3,,,https://www.hopkintonma.gov/departments/town_clerk/election_information.php,https://www.hopkintonma.gov/departments/town_clerk/election_information.php,https://www.hopkintonma.gov/departments/town_clerk/election_information.php,elected-status-verified-seat-count-unresolved,,Board of Health Member
Hopkinton,hopkinton-ma/library-trustee,Library Trustee,True,5,at-large,3,True,,https://www.hopkintonma.gov/depts___directory/library_trustees/index.php,https://www.hopkintonma.gov/departments/town_clerk/election_information.php,https://www.hopkintonma.gov/departments/town_clerk/election_information.php,schema-ready,,Board of Library Trustees Member
Hopkinton,hopkinton-ma/cemetery-commissioner,Cemetery Commissioner,True,3,at-large,3,True,,https://www.hopkintonma.gov/departments/department_of_public_works/cemeteries.php,https://www.hopkintonma.gov/departments/town_clerk/election_information.php,https://www.hopkintonma.gov/departments/town_clerk/election_information.php,schema-ready,,Cemetery Commissioner
Hopkinton,hopkinton-ma/commissioner-of-trust-funds,Commissioner of Trust Funds,True,,at-large,3,,,https://www.hopkintonma.gov/departments/town_clerk/election_information.php,https://www.hopkintonma.gov/departments/town_clerk/election_information.php,https://www.hopkintonma.gov/departments/town_clerk/election_information.php,elected-status-verified-seat-count-unresolved,,Commissioner of Trust Funds
Hopkinton,hopkinton-ma/constable,Constable,True,,at-large,3,,,https://www.hopkintonma.gov/departments/town_clerk/election_information.php,https://www.hopkintonma.gov/departments/town_clerk/election_information.php,https://www.hopkintonma.gov/departments/town_clerk/election_information.php,elected-status-verified-seat-count-unresolved,,Constable
Hopkinton,hopkinton-ma/housing-authority-member,Housing Authority Member,True,,at-large,5,,,https://www.hopkintonma.gov/departments/town_clerk/election_information.php,https://www.hopkintonma.gov/departments/town_clerk/election_information.php,https://www.hopkintonma.gov/departments/town_clerk/election_information.php,elected-status-verified-seat-count-unresolved,,Housing Authority Member
Hopkinton,hopkinton-ma/parks-recreation-commissioner,Commissioner,True,,at-large,3,,,https://www.hopkintonma.gov/departments/town_clerk/election_information.php,https://www.hopkintonma.gov/departments/town_clerk/election_information.php,https://www.hopkintonma.gov/departments/town_clerk/election_information.php,elected-status-verified-seat-count-unresolved,,Parks & Recreation Commissioner
Hopkinton,hopkinton-ma/planning-board-member,Planning Board Member,True,9,at-large,5,True,,https://www.hopkintonma.gov/boards___committees/e_-_p/planning_board.php,https://www.hopkintonma.gov/departments/town_clerk/election_information.php,https://www.hopkintonma.gov/departments/town_clerk/election_information.php,schema-ready,,Planning Board Member
Hopkinton,hopkinton-ma/school-committee-member,School Committee Member,True,,at-large,3,,,https://www.hopkintonma.gov/departments/town_clerk/election_information.php,https://www.hopkintonma.gov/departments/town_clerk/election_information.php,https://www.hopkintonma.gov/departments/town_clerk/election_information.php,elected-status-verified-seat-count-unresolved,,School Committee Member
Hubbardston,hubbardston-ma/select-board-member,Select Board Member,True,,at-large,3,True,,https://www.hubbardstonma.gov/349/How-to-Pull-Nomination-Papers-for-Annual,https://www.hubbardstonma.gov/349/How-to-Pull-Nomination-Papers-for-Annual,https://www.hubbardstonma.gov/DocumentCenter/View/1516,elected-status-verified-seat-count-unresolved,,Select Board Member
Hubbardston,hubbardston-ma/assessor,Assessor,True,,at-large,3,True,,https://www.hubbardstonma.gov/349/How-to-Pull-Nomination-Papers-for-Annual,https://www.hubbardstonma.gov/349/How-to-Pull-Nomination-Papers-for-Annual,https://www.hubbardstonma.gov/DocumentCenter/View/1516,elected-status-verified-seat-count-unresolved,,Board of Assessors Member
Hubbardston,hubbardston-ma/library-trustee,Library Trustee,True,,at-large,3,True,,https://www.hubbardstonma.gov/349/How-to-Pull-Nomination-Papers-for-Annual,https://www.hubbardstonma.gov/349/How-to-Pull-Nomination-Papers-for-Annual,https://www.hubbardstonma.gov/DocumentCenter/View/1516,elected-status-verified-seat-count-unresolved,,Board of Library Trustees Member
Hubbardston,hubbardston-ma/cemetery-commissioner,Cemetery Commissioner,True,,at-large,3,True,,https://www.hubbardstonma.gov/349/How-to-Pull-Nomination-Papers-for-Annual,https://www.hubbardstonma.gov/349/How-to-Pull-Nomination-Papers-for-Annual,https://www.hubbardstonma.gov/DocumentCenter/View/1516,elected-status-verified-seat-count-unresolved,,Cemetery Commissioner
Hubbardston,hubbardston-ma/planning-board-member,Planning Board Member,True,,at-large,5,True,,https://www.hubbardstonma.gov/349/How-to-Pull-Nomination-Papers-for-Annual,https://www.hubbardstonma.gov/349/How-to-Pull-Nomination-Papers-for-Annual,https://www.hubbardstonma.gov/DocumentCenter/View/1516,elected-status-verified-seat-count-unresolved,,Planning Board Member
Hubbardston,hubbardston-ma/finance-committee-member,Finance Committee Member,True,,at-large,3,True,,https://www.hubbardstonma.gov/349/How-to-Pull-Nomination-Papers-for-Annual,https://www.hubbardstonma.gov/349/How-to-Pull-Nomination-Papers-for-Annual,https://www.hubbardstonma.gov/DocumentCenter/View/1516,elected-status-verified-seat-count-unresolved,,Finance Committee Member
Hubbardston,hubbardston-ma/board-of-health-member,Board of Health Member,True,,at-large,3,True,,https://www.hubbardstonma.gov/349/How-to-Pull-Nomination-Papers-for-Annual,https://www.hubbardstonma.gov/349/How-to-Pull-Nomination-Papers-for-Annual,https://www.hubbardstonma.gov/DocumentCenter/View/1516,elected-status-verified-seat-count-unresolved,,Board of Health Member
Hubbardston,hubbardston-ma/regional-school-committee-member,Regional School Committee Member,True,,at-large,3,True,,https://www.hubbardstonma.gov/349/How-to-Pull-Nomination-Papers-for-Annual,https://www.hubbardstonma.gov/349/How-to-Pull-Nomination-Papers-for-Annual,https://www.hubbardstonma.gov/DocumentCenter/View/1516,elected-status-verified-seat-count-unresolved,,Quabbin Regional School Committee Member (Hubbardston)
Hubbardston,hubbardston-ma/park-commissioner,Park Commissioner,True,,at-large,3,True,,https://www.hubbardstonma.gov/349/How-to-Pull-Nomination-Papers-for-Annual,https://www.hubbardstonma.gov/349/How-to-Pull-Nomination-Papers-for-Annual,https://www.hubbardstonma.gov/DocumentCenter/View/1516,elected-status-verified-seat-count-unresolved,,Board of Parks Commissioners Member
Hubbardston,hubbardston-ma/moderator,Moderator,True,1,at-large,3,False,,https://www.hubbardstonma.gov/273/Town-Meeting,https://www.hubbardstonma.gov/349/How-to-Pull-Nomination-Papers-for-Annual,https://www.hubbardstonma.gov/DocumentCenter/View/1516,schema-ready,,Town Moderator
Hudson,hudson-ma/select-board-member,Select Board Member,True,,at-large,3,True,,https://www.townofhudson.org/682/Select-Board,https://www.townofhudson.org/DocumentCenter/View/6617/Specimen-Ballot--May-11-2026,https://www.townofhudson.org/DocumentCenter/View/6617/Specimen-Ballot--May-11-2026,elected-status-verified-seat-count-unresolved,,Select Board Member
Hudson,hudson-ma/moderator,Moderator,True,1,at-large,1,False,,https://www.townofhudson.org/DocumentCenter/View/6617/Specimen-Ballot--May-11-2026,https://www.townofhudson.org/DocumentCenter/View/6617/Specimen-Ballot--May-11-2026,https://www.townofhudson.org/DocumentCenter/View/6617/Specimen-Ballot--May-11-2026,schema-ready,,Town Moderator
Hudson,hudson-ma/school-committee-member,School Committee Member,True,7,at-large,3,True,,https://www.townofhudson.org/639/Hudson-Public-School-Committee,https://www.townofhudson.org/DocumentCenter/View/6617/Specimen-Ballot--May-11-2026,https://www.townofhudson.org/DocumentCenter/View/6617/Specimen-Ballot--May-11-2026,schema-ready,,School Committee Member
Hudson,hudson-ma/benevolent-funds-trustee,Trustee,True,,at-large,3,,,https://www.townofhudson.org/DocumentCenter/View/6617/Specimen-Ballot--May-11-2026,https://www.townofhudson.org/DocumentCenter/View/6617/Specimen-Ballot--May-11-2026,https://www.townofhudson.org/DocumentCenter/View/6617/Specimen-Ballot--May-11-2026,elected-status-verified-seat-count-unresolved,,Trustee of Benevolent Funds
Hudson,hudson-ma/housing-authority-member,Housing Authority Member,True,,at-large,5,,,https://www.townofhudson.org/DocumentCenter/View/6617/Specimen-Ballot--May-11-2026,https://www.townofhudson.org/DocumentCenter/View/6617/Specimen-Ballot--May-11-2026,https://www.townofhudson.org/DocumentCenter/View/6617/Specimen-Ballot--May-11-2026,elected-status-verified-seat-count-unresolved,,Housing Authority Member
Hudson,hudson-ma/municipal-light-board-member,Commissioner,True,,at-large,3,,,https://www.townofhudson.org/DocumentCenter/View/6617/Specimen-Ballot--May-11-2026,https://www.townofhudson.org/DocumentCenter/View/6617/Specimen-Ballot--May-11-2026,https://www.townofhudson.org/DocumentCenter/View/6617/Specimen-Ballot--May-11-2026,elected-status-verified-seat-count-unresolved,,Municipal Light Board Member
Hudson,hudson-ma/park-commissioner,Park Commissioner,True,,at-large,3,,,https://www.townofhudson.org/DocumentCenter/View/6617/Specimen-Ballot--May-11-2026,https://www.townofhudson.org/DocumentCenter/View/6617/Specimen-Ballot--May-11-2026,https://www.townofhudson.org/DocumentCenter/View/6617/Specimen-Ballot--May-11-2026,elected-status-verified-seat-count-unresolved,,Park Commissioner
Hudson,hudson-ma/board-of-health-member,Board of Health Member,True,,at-large,3,,,https://www.townofhudson.org/DocumentCenter/View/6617/Specimen-Ballot--May-11-2026,https://www.townofhudson.org/DocumentCenter/View/6617/Specimen-Ballot--May-11-2026,https://www.townofhudson.org/DocumentCenter/View/6617/Specimen-Ballot--May-11-2026,elected-status-verified-seat-count-unresolved,,Board of Health Member
Hudson,hudson-ma/library-trustee,Library Trustee,True,,at-large,3,,,https://www.townofhudson.org/DocumentCenter/View/6617/Specimen-Ballot--May-11-2026,https://www.townofhudson.org/DocumentCenter/View/6617/Specimen-Ballot--May-11-2026,https://www.townofhudson.org/DocumentCenter/View/6617/Specimen-Ballot--May-11-2026,elected-status-verified-seat-count-unresolved,,Library Trustee
Hudson,hudson-ma/planning-board-member,Planning Board Member,True,5,at-large,3,True,,https://www.townofhudson.org/674/Planning-Board,https://www.townofhudson.org/DocumentCenter/View/6617/Specimen-Ballot--May-11-2026,https://www.townofhudson.org/DocumentCenter/View/6617/Specimen-Ballot--May-11-2026,schema-ready,,Planning Board Member
Hudson,hudson-ma/cemetery-commissioner,Cemetery Commissioner,True,,at-large,3,,,https://www.townofhudson.org/DocumentCenter/View/6617/Specimen-Ballot--May-11-2026,https://www.townofhudson.org/DocumentCenter/View/6617/Specimen-Ballot--May-11-2026,https://www.townofhudson.org/DocumentCenter/View/6617/Specimen-Ballot--May-11-2026,elected-status-verified-seat-count-unresolved,,Cemetery Commissioner
Hudson,hudson-ma/constable,Constable,True,,at-large,3,,,https://www.townofhudson.org/DocumentCenter/View/6617/Specimen-Ballot--May-11-2026,https://www.townofhudson.org/DocumentCenter/View/6617/Specimen-Ballot--May-11-2026,https://www.townofhudson.org/DocumentCenter/View/6617/Specimen-Ballot--May-11-2026,elected-status-verified-seat-count-unresolved,,Constable
Hudson,hudson-ma/assessor,Assessor,True,,at-large,3,,,https://www.townofhudson.org/DocumentCenter/View/6617/Specimen-Ballot--May-11-2026,https://www.townofhudson.org/DocumentCenter/View/6617/Specimen-Ballot--May-11-2026,https://www.townofhudson.org/DocumentCenter/View/6617/Specimen-Ballot--May-11-2026,elected-status-verified-seat-count-unresolved,,Board of Assessors Member
Hull,hull-ma/select-board-member,Select Board Member,True,5,at-large,3,True,,https://www.town.hull.ma.us/464/Select-Board,https://www.town.hull.ma.us/DocumentCenter/View/2877/2026-Annual-Town-Election-Official-Results-PDF,https://www.town.hull.ma.us/DocumentCenter/View/2877/2026-Annual-Town-Election-Official-Results-PDF,schema-ready,,Select Board Member
Hull,hull-ma/assessor,Assessor,True,,at-large,3,,,https://www.town.hull.ma.us/DocumentCenter/View/2877/2026-Annual-Town-Election-Official-Results-PDF,https://www.town.hull.ma.us/DocumentCenter/View/2877/2026-Annual-Town-Election-Official-Results-PDF,https://www.town.hull.ma.us/DocumentCenter/View/2877/2026-Annual-Town-Election-Official-Results-PDF,elected-status-verified-seat-count-unresolved,,Board of Assessors Member
Hull,hull-ma/housing-authority-member,Housing Authority Member,True,,at-large,5,,,https://www.town.hull.ma.us/DocumentCenter/View/2877/2026-Annual-Town-Election-Official-Results-PDF,https://www.town.hull.ma.us/DocumentCenter/View/2877/2026-Annual-Town-Election-Official-Results-PDF,https://www.town.hull.ma.us/DocumentCenter/View/2877/2026-Annual-Town-Election-Official-Results-PDF,elected-status-verified-seat-count-unresolved,,Housing Authority Member
Hull,hull-ma/redevelopment-authority-member,Authority Member,True,,at-large,5,,,https://www.town.hull.ma.us/DocumentCenter/View/2877/2026-Annual-Town-Election-Official-Results-PDF,https://www.town.hull.ma.us/DocumentCenter/View/2877/2026-Annual-Town-Election-Official-Results-PDF,https://www.town.hull.ma.us/DocumentCenter/View/2877/2026-Annual-Town-Election-Official-Results-PDF,elected-status-verified-seat-count-unresolved,2026 election included both a regular five-year seat and a three-year vacancy/unexpired contest; total authority size remains unresolved.,Hull Redevelopment Authority Member
Hull,hull-ma/municipal-light-board-member,Commissioner,True,,at-large,3,,,https://www.town.hull.ma.us/DocumentCenter/View/2877/2026-Annual-Town-Election-Official-Results-PDF,https://www.town.hull.ma.us/DocumentCenter/View/2877/2026-Annual-Town-Election-Official-Results-PDF,https://www.town.hull.ma.us/DocumentCenter/View/2877/2026-Annual-Town-Election-Official-Results-PDF,elected-status-verified-seat-count-unresolved,,Municipal Light Board Member
Hull,hull-ma/planning-board-member,Planning Board Member,True,7,at-large,5,True,,https://www.town.hull.ma.us/583/Planning-Board,https://www.town.hull.ma.us/DocumentCenter/View/2877/2026-Annual-Town-Election-Official-Results-PDF,https://www.town.hull.ma.us/DocumentCenter/View/2877/2026-Annual-Town-Election-Official-Results-PDF,schema-ready,,Planning Board Member
Hull,hull-ma/school-committee-member,School Committee Member,True,,at-large,3,,,https://www.town.hull.ma.us/DocumentCenter/View/2877/2026-Annual-Town-Election-Official-Results-PDF,https://www.town.hull.ma.us/DocumentCenter/View/2877/2026-Annual-Town-Election-Official-Results-PDF,https://www.town.hull.ma.us/DocumentCenter/View/2877/2026-Annual-Town-Election-Official-Results-PDF,elected-status-verified-seat-count-unresolved,,School Committee Member
Hull,hull-ma/library-trustee,Library Trustee,True,,at-large,3,,,https://www.town.hull.ma.us/DocumentCenter/View/2877/2026-Annual-Town-Election-Official-Results-PDF,https://www.town.hull.ma.us/DocumentCenter/View/2877/2026-Annual-Town-Election-Official-Results-PDF,https://www.town.hull.ma.us/DocumentCenter/View/2877/2026-Annual-Town-Election-Official-Results-PDF,elected-status-verified-seat-count-unresolved,,Trustee of Public Library
Hull,hull-ma/town-clerk,Town Clerk,True,1,at-large,3,False,,https://www.town.hull.ma.us/169/Town-Clerk,https://www.town.hull.ma.us/DocumentCenter/View/2877/2026-Annual-Town-Election-Official-Results-PDF,https://www.town.hull.ma.us/DocumentCenter/View/2877/2026-Annual-Town-Election-Official-Results-PDF,schema-ready,,Town Clerk
Huntington,huntington-ma/select-board-member,Select Board Member,True,3,at-large,3,True,,https://www.huntingtonma.us/selectboard,https://www.huntingtonma.us/town-clerk/page/annual-town-election-nomination-papers-available,https://www.huntingtonma.us/town-clerk/page/elections,schema-ready,,Board of Selectmen Member
Huntington,huntington-ma/board-of-health-member,Board of Health Member,True,,at-large,3,,,https://www.huntingtonma.us/town-clerk/page/annual-town-election-nomination-papers-available,https://www.huntingtonma.us/town-clerk/page/annual-town-election-nomination-papers-available,https://www.huntingtonma.us/town-clerk/page/elections,elected-status-verified-seat-count-unresolved,,Board of Health Member
Huntington,huntington-ma/assessor,Assessor,True,,at-large,3,,,https://www.huntingtonma.us/town-clerk/page/annual-town-election-nomination-papers-available,https://www.huntingtonma.us/town-clerk/page/annual-town-election-nomination-papers-available,https://www.huntingtonma.us/town-clerk/page/elections,elected-status-verified-seat-count-unresolved,,Board of Assessors Member
Huntington,huntington-ma/water-sewer-commissioner,Commissioner,True,,at-large,3,,,https://www.huntingtonma.us/town-clerk/page/annual-town-election-nomination-papers-available,https://www.huntingtonma.us/town-clerk/page/annual-town-election-nomination-papers-available,https://www.huntingtonma.us/town-clerk/page/elections,elected-status-verified-seat-count-unresolved,,Water & Sewer Commissioner
Huntington,huntington-ma/regional-school-committee-member,Regional School Committee Member,True,,at-large,3,,,https://www.huntingtonma.us/town-clerk/page/annual-town-election-nomination-papers-available,https://www.huntingtonma.us/town-clerk/page/annual-town-election-nomination-papers-available,https://www.huntingtonma.us/town-clerk/page/elections,elected-status-verified-seat-count-unresolved,,Regional School Committee Member (Huntington)
Huntington,huntington-ma/tree-warden,Tree Warden,True,1,at-large,1,False,,https://www.huntingtonma.us/town-clerk/page/annual-town-election-nomination-papers-available,https://www.huntingtonma.us/town-clerk/page/annual-town-election-nomination-papers-available,https://www.huntingtonma.us/town-clerk/page/elections,schema-ready,,Tree Warden
Huntington,huntington-ma/moderator,Moderator,True,1,at-large,1,False,,https://www.huntingtonma.us/town-clerk/page/annual-town-election-nomination-papers-available,https://www.huntingtonma.us/town-clerk/page/annual-town-election-nomination-papers-available,https://www.huntingtonma.us/town-clerk/page/elections,schema-ready,,Town Moderator
Huntington,huntington-ma/pettis-fund-trustee,Trustee,True,,at-large,3,,,https://www.huntingtonma.us/town-clerk/page/annual-town-election-nomination-papers-available,https://www.huntingtonma.us/town-clerk/page/annual-town-election-nomination-papers-available,https://www.huntingtonma.us/town-clerk/page/elections,elected-status-verified-seat-count-unresolved,,Trustee of Alphonso P. Pettis Fund
Huntington,huntington-ma/constable,Constable,True,,at-large,3,,,https://www.huntingtonma.us/town-clerk/page/annual-town-election-nomination-papers-available,https://www.huntingtonma.us/town-clerk/page/annual-town-election-nomination-papers-available,https://www.huntingtonma.us/town-clerk/page/elections,elected-status-verified-seat-count-unresolved,,Constable
Huntington,huntington-ma/library-trustee,Library Trustee,True,,at-large,3,,,https://www.huntingtonma.us/town-clerk/page/annual-town-election-nomination-papers-available,https://www.huntingtonma.us/town-clerk/page/annual-town-election-nomination-papers-available,https://www.huntingtonma.us/town-clerk/page/elections,elected-status-verified-seat-count-unresolved,,Huntington Library Trustee
Huntington,huntington-ma/whiting-street-fund-trustee,Trustee,True,,at-large,3,,,https://www.huntingtonma.us/town-clerk/page/annual-town-election-nomination-papers-available,https://www.huntingtonma.us/town-clerk/page/annual-town-election-nomination-papers-available,https://www.huntingtonma.us/town-clerk/page/elections,elected-status-verified-seat-count-unresolved,,Trustee of Whiting Street Fund
Ipswich,ipswich-ma/select-board-member,Select Board Member,True,5,at-large,3,True,,https://www.ipswichma.gov/DocumentCenter/View/18804/2026-04-06_Ipswich_ATM_Warrant_DRAFT?bidId=,https://www.ipswichma.gov/DocumentCenter/View/18925/May-19-2026-Annual-Town-Election-DRAFT-Results,https://www.ipswichma.gov/Directory.aspx?did=29,schema-ready,,Select Board Member
Ipswich,ipswich-ma/moderator,Moderator,True,1,at-large,1,False,,https://www.ipswichma.gov/DocumentCenter/View/18804/2026-04-06_Ipswich_ATM_Warrant_DRAFT?bidId=,https://www.ipswichma.gov/DocumentCenter/View/18925/May-19-2026-Annual-Town-Election-DRAFT-Results,https://www.ipswichma.gov/DocumentCenter/View/18925/May-19-2026-Annual-Town-Election-DRAFT-Results,schema-ready,,Town Moderator
Ipswich,ipswich-ma/constable,Constable,True,1,at-large,,False,,https://www.ipswichma.gov/DocumentCenter/View/18804/2026-04-06_Ipswich_ATM_Warrant_DRAFT?bidId=,https://www.ipswichma.gov/DocumentCenter/View/18925/May-19-2026-Annual-Town-Election-DRAFT-Results,https://www.ipswichma.gov/DocumentCenter/View/18925/May-19-2026-Annual-Town-Election-DRAFT-Results,schema-ready,,Constable
Ipswich,ipswich-ma/electric-light-commissioner,Commissioner,True,5,at-large,,True,,https://www.ipswichma.gov/DocumentCenter/View/18804/2026-04-06_Ipswich_ATM_Warrant_DRAFT?bidId=,https://www.ipswichma.gov/DocumentCenter/View/18804/2026-04-06_Ipswich_ATM_Warrant_DRAFT?bidId=,https://www.ipswichma.gov/DocumentCenter/View/18925/May-19-2026-Annual-Town-Election-DRAFT-Results,schema-ready,Charter text provides for five elected commissioners. 2026 Town Meeting records also describe a governance transition to an independently elected commission; current seating/transition timing remains unresolved.,Electric Light Commissioner
Ipswich,ipswich-ma/school-committee-member,School Committee Member,True,7,at-large,3,True,,https://www.ipswichma.gov/DocumentCenter/View/18804/2026-04-06_Ipswich_ATM_Warrant_DRAFT?bidId=,https://www.ipswichma.gov/DocumentCenter/View/18925/May-19-2026-Annual-Town-Election-DRAFT-Results,https://www.ipswichma.gov/DocumentCenter/View/1177/Master-Boards--Committees-Listing-?bidId=,schema-ready,,School Committee Member
Ipswich,ipswich-ma/housing-authority-member,Housing Authority Member,True,5,at-large,5,True,,https://www.ipswichma.gov/DocumentCenter/View/18804/2026-04-06_Ipswich_ATM_Warrant_DRAFT?bidId=,https://www.ipswichma.gov/DocumentCenter/View/18925/May-19-2026-Annual-Town-Election-DRAFT-Results,https://www.ipswichma.gov/DocumentCenter/View/1177/Master-Boards--Committees-Listing-?bidId=,schema-ready,,Ipswich Housing Authority Member
Kingston,kingston-ma/assessor,Assessor,True,,at-large,3,,,https://kingstonma.gov/207/Voting-Election-Information,https://kingstonma.gov/207/Voting-Election-Information,https://kingstonma.gov/207/Voting-Election-Information,elected-status-verified-seat-count-unresolved,,Board of Assessors Member
Kingston,kingston-ma/select-board-member,Select Board Member,True,5,at-large,3,True,,https://kingstonma.gov/Directory.aspx?did=30,https://kingstonma.gov/207/Voting-Election-Information,https://kingstonma.gov/207/Voting-Election-Information,schema-ready,,Board of Selectmen Member
Kingston,kingston-ma/town-clerk,Town Clerk,True,1,at-large,3,False,,https://kingstonma.gov/207/Voting-Election-Information,https://kingstonma.gov/207/Voting-Election-Information,https://kingstonma.gov/207/Voting-Election-Information,schema-ready,,Town Clerk
Kingston,kingston-ma/moderator,Moderator,True,1,at-large,3,False,,https://kingstonma.gov/207/Voting-Election-Information,https://kingstonma.gov/207/Voting-Election-Information,https://kingstonma.gov/207/Voting-Election-Information,schema-ready,,Town Moderator
Kingston,kingston-ma/planning-board-member,Planning Board Member,True,5,at-large,5,True,,https://kingstonma.gov/269/Planning-Board,https://kingstonma.gov/207/Voting-Election-Information,https://kingstonma.gov/207/Voting-Election-Information,schema-ready,,Planning Board Member
Kingston,kingston-ma/elementary-school-committee-member,School Committee Member,True,,at-large,3,,,https://kingstonma.gov/207/Voting-Election-Information,https://kingstonma.gov/207/Voting-Election-Information,https://kingstonma.gov/207/Voting-Election-Information,elected-status-verified-seat-count-unresolved,,Kingston Elementary School Committee Member
Kingston,kingston-ma/water-commissioner,Water Commissioner,True,,at-large,3,,,https://kingstonma.gov/207/Voting-Election-Information,https://kingstonma.gov/207/Voting-Election-Information,https://kingstonma.gov/207/Voting-Election-Information,elected-status-verified-seat-count-unresolved,,Water Commissioner
Kingston,kingston-ma/housing-authority-member,Housing Authority Member,True,,at-large,5,,,https://kingstonma.gov/207/Voting-Election-Information,https://kingstonma.gov/207/Voting-Election-Information,https://kingstonma.gov/207/Voting-Election-Information,elected-status-verified-seat-count-unresolved,,Housing Authority Member
Kingston,kingston-ma/board-of-health-member,Board of Health Member,True,,at-large,3,,,https://kingstonma.gov/207/Voting-Election-Information,https://kingstonma.gov/207/Voting-Election-Information,https://kingstonma.gov/207/Voting-Election-Information,elected-status-verified-seat-count-unresolved,,Board of Health Member
Kingston,kingston-ma/library-trustee,Library Trustee,True,,at-large,3,,,https://kingstonma.gov/207/Voting-Election-Information,https://kingstonma.gov/207/Voting-Election-Information,https://kingstonma.gov/207/Voting-Election-Information,elected-status-verified-seat-count-unresolved,,Library Trustee
Kingston,kingston-ma/recreation-commissioner,Commissioner,True,,at-large,3,,,https://kingstonma.gov/207/Voting-Election-Information,https://kingstonma.gov/207/Voting-Election-Information,https://kingstonma.gov/207/Voting-Election-Information,elected-status-verified-seat-count-unresolved,,Recreation Commissioner
Kingston,kingston-ma/sewer-commissioner,Commissioner,True,,at-large,3,,,https://kingstonma.gov/207/Voting-Election-Information,https://kingstonma.gov/207/Voting-Election-Information,https://kingstonma.gov/207/Voting-Election-Information,elected-status-verified-seat-count-unresolved,,Sewer Commissioner
Lakeville,lakeville-ma/moderator,Moderator,True,1,at-large,,False,,https://www.lakevillema.org/678/Election-Elected-Town-Officials,https://www.lakevillema.org/678/Election-Elected-Town-Officials,https://www.lakevillema.org/678/Election-Elected-Town-Officials,schema-ready,,Town Moderator
Lakeville,lakeville-ma/select-board-member,Select Board Member,True,5,at-large,3,True,,https://www.lakevillema.org/678/Election-Elected-Town-Officials,https://www.lakevillema.org/678/Election-Elected-Town-Officials,https://www.lakevillema.org/678/Election-Elected-Town-Officials,schema-ready,,Select Board Member
Lakeville,lakeville-ma/assessor,Assessor,True,3,at-large,3,True,,https://www.lakevillema.org/678/Election-Elected-Town-Officials,https://www.lakevillema.org/678/Election-Elected-Town-Officials,https://www.lakevillema.org/678/Election-Elected-Town-Officials,schema-ready,,Board of Assessors Member
Lakeville,lakeville-ma/board-of-health-member,Board of Health Member,True,3,at-large,3,True,,https://www.lakevillema.org/183/Board-of-Health,https://www.lakevillema.org/678/Election-Elected-Town-Officials,https://www.lakevillema.org/678/Election-Elected-Town-Officials,schema-ready,,Board of Health Member
Lakeville,lakeville-ma/library-trustee,Library Trustee,True,3,at-large,3,True,,https://www.lakevillema.org/678/Election-Elected-Town-Officials,https://www.lakevillema.org/678/Election-Elected-Town-Officials,https://www.lakevillema.org/678/Election-Elected-Town-Officials,schema-ready,,Library Trustee
Lakeville,lakeville-ma/planning-board-member,Planning Board Member,True,5,at-large,5,True,,https://www.lakevillema.org/196/Planning-Board,https://www.lakevillema.org/678/Election-Elected-Town-Officials,https://www.lakevillema.org/678/Election-Elected-Town-Officials,schema-ready,Current five-member board includes one temporary appointee filling an elected seat until the next election.,Planning Board Member
Lakeville,lakeville-ma/finance-committee-member,Finance Committee Member,True,5,at-large,3,True,,https://www.lakevillema.org/678/Election-Elected-Town-Officials,https://www.lakevillema.org/678/Election-Elected-Town-Officials,https://www.lakevillema.org/678/Election-Elected-Town-Officials,schema-ready,,Finance Committee Member
Lakeville,lakeville-ma/park-commissioner,Park Commissioner,True,5,at-large,3,True,,https://www.lakevillema.org/678/Election-Elected-Town-Officials,https://www.lakevillema.org/678/Election-Elected-Town-Officials,https://www.lakevillema.org/678/Election-Elected-Town-Officials,schema-ready,,Park Commissioner
Lakeville,lakeville-ma/cemetery-commissioner,Cemetery Commissioner,True,3,at-large,3,True,,https://www.lakevillema.org/678/Election-Elected-Town-Officials,https://www.lakevillema.org/678/Election-Elected-Town-Officials,https://www.lakevillema.org/678/Election-Elected-Town-Officials,schema-ready,,Cemetery Commissioner
Lakeville,lakeville-ma/regional-school-committee-member,Regional School Committee Member,True,4,at-large,3,True,,https://www.lakevillema.org/678/Election-Elected-Town-Officials,https://www.lakevillema.org/678/Election-Elected-Town-Officials,https://www.lakevillema.org/678/Election-Elected-Town-Officials,schema-ready,Current official elected-officials directory identifies four Lakeville-designated seats and four Freetown-designated seats.,Freetown-Lakeville Regional School District Committee Member (Lakeville)
Lakeville,lakeville-ma/town-clerk,Town Clerk,True,1,at-large,3,False,,https://www.lakevillema.org/678/Election-Elected-Town-Officials,https://www.lakevillema.org/678/Election-Elected-Town-Officials,https://www.lakevillema.org/678/Election-Elected-Town-Officials,schema-ready,,Town Clerk
Lancaster,lancaster-ma/select-board-member,Select Board Member,True,3,at-large,3,True,,https://www.ci.lancaster.ma.us/418/Select-Board,https://www.ci.lancaster.ma.us/DocumentCenter/View/3849/May-11-2026-Annual-Town-Election-Sample-Ballot,https://www.ci.lancaster.ma.us/DocumentCenter/View/4008/2026-May-11-Annual-Town-Election-Final-Results,schema-ready,,Select Board Member
Lancaster,lancaster-ma/board-of-health-member,Board of Health Member,True,,at-large,3,,,https://www.ci.lancaster.ma.us/DocumentCenter/View/3849/May-11-2026-Annual-Town-Election-Sample-Ballot,https://www.ci.lancaster.ma.us/DocumentCenter/View/3849/May-11-2026-Annual-Town-Election-Sample-Ballot,https://www.ci.lancaster.ma.us/DocumentCenter/View/4008/2026-May-11-Annual-Town-Election-Final-Results,elected-status-verified-seat-count-unresolved,,Board of Health Member
Lancaster,lancaster-ma/regional-school-committee-member,Regional School Committee Member,True,,at-large,3,,,https://www.ci.lancaster.ma.us/DocumentCenter/View/3849/May-11-2026-Annual-Town-Election-Sample-Ballot,https://www.ci.lancaster.ma.us/DocumentCenter/View/3849/May-11-2026-Annual-Town-Election-Sample-Ballot,https://www.ci.lancaster.ma.us/DocumentCenter/View/4008/2026-May-11-Annual-Town-Election-Final-Results,elected-status-verified-seat-count-unresolved,,Nashoba Regional School District Committee Member (Lancaster)
Lancaster,lancaster-ma/board-of-public-works-member,Commissioner,True,3,at-large,3,True,,https://www.ci.lancaster.ma.us/276/Board-of-Public-Works,https://www.ci.lancaster.ma.us/DocumentCenter/View/3849/May-11-2026-Annual-Town-Election-Sample-Ballot,https://www.ci.lancaster.ma.us/DocumentCenter/View/4008/2026-May-11-Annual-Town-Election-Final-Results,schema-ready,,Board of Public Works Member
Lancaster,lancaster-ma/finance-committee-member,Finance Committee Member,True,5,at-large,3,True,,https://www.ci.lancaster.ma.us/359/Finance-Committee,https://www.ci.lancaster.ma.us/DocumentCenter/View/3849/May-11-2026-Annual-Town-Election-Sample-Ballot,https://www.ci.lancaster.ma.us/DocumentCenter/View/4008/2026-May-11-Annual-Town-Election-Final-Results,schema-ready,,Finance Committee Member
Lancaster,lancaster-ma/planning-board-member,Planning Board Member,True,5,at-large,5,True,,https://www.ci.lancaster.ma.us/392/Planning-Board,https://www.ci.lancaster.ma.us/DocumentCenter/View/3849/May-11-2026-Annual-Town-Election-Sample-Ballot,https://www.ci.lancaster.ma.us/DocumentCenter/View/4008/2026-May-11-Annual-Town-Election-Final-Results,schema-ready,,Planning Board Member
Lancaster,lancaster-ma/moderator,Moderator,True,1,at-large,3,False,,https://www.ci.lancaster.ma.us/DocumentCenter/View/3849/May-11-2026-Annual-Town-Election-Sample-Ballot,https://www.ci.lancaster.ma.us/DocumentCenter/View/3849/May-11-2026-Annual-Town-Election-Sample-Ballot,https://www.ci.lancaster.ma.us/DocumentCenter/View/4008/2026-May-11-Annual-Town-Election-Final-Results,schema-ready,,Town Moderator
Lancaster,lancaster-ma/library-trustee,Library Trustee,True,6,at-large,3,True,,https://www.ci.lancaster.ma.us/467/Board-of-Library-Trustees,https://www.ci.lancaster.ma.us/DocumentCenter/View/3849/May-11-2026-Annual-Town-Election-Sample-Ballot,https://www.ci.lancaster.ma.us/DocumentCenter/View/4008/2026-May-11-Annual-Town-Election-Final-Results,schema-ready,,Board of Library Trustees Member
Lanesborough,lanesborough-ma/select-board-member,Select Board Member,True,5,at-large,3,True,,https://malegislature.gov/Laws/SessionLaws/Acts/2025/Chapter51,https://ecode360.com/34365847,https://cms5.revize.com/revize/lanesboroughma/2024%20Lanesborough%20Town%20Report%20Revised%20post%20print%20copy.pdf,schema-ready,Acts 2025 c.51 expands the Select Board from three to five members beginning with the 2026 election; regular terms thereafter are three years.,Select Board Member
Lanesborough,lanesborough-ma/finance-committee-member,Finance Committee Member,True,5,at-large,3,True,,https://cms5.revize.com/revize/lanesboroughma/2024%20Lanesborough%20Town%20Report%20Revised%20post%20print%20copy.pdf,https://ecode360.com/34365847,https://cms5.revize.com/revize/lanesboroughma/2024%20Lanesborough%20Town%20Report%20Revised%20post%20print%20copy.pdf,schema-ready,,Finance Committee Member
Lanesborough,lanesborough-ma/moderator,Moderator,True,1,at-large,3,False,,https://cms5.revize.com/revize/lanesboroughma/2024%20Lanesborough%20Town%20Report%20Revised%20post%20print%20copy.pdf,https://ecode360.com/34365847,https://cms5.revize.com/revize/lanesboroughma/2024%20Lanesborough%20Town%20Report%20Revised%20post%20print%20copy.pdf,schema-ready,,Town Moderator
Lanesborough,lanesborough-ma/regional-school-committee-member,Regional School Committee Member,True,3,at-large,4,True,,https://www.mgrhs.org/page/school-committee,https://ecode360.com/34365847,https://www.mgrhs.org/page/school-committee,schema-ready,,Mount Greylock Regional School Committee Member (Lanesborough)
Lanesborough,lanesborough-ma/regional-vocational-school-committee-member,Regional School Committee Member,True,1,at-large,3,False,,https://mccanntech.org/school-committee/,https://ecode360.com/34365847,https://mccanntech.org/school-committee/,schema-ready,,Northern Berkshire Vocational Regional School District Committee Member (Lanesborough)
Lanesborough,lanesborough-ma/library-trustee,Library Trustee,True,3,at-large,3,True,,https://cms5.revize.com/revize/lanesboroughma/2024%20Lanesborough%20Town%20Report%20Revised%20post%20print%20copy.pdf,https://ecode360.com/34365847,https://cms5.revize.com/revize/lanesboroughma/2024%20Lanesborough%20Town%20Report%20Revised%20post%20print%20copy.pdf,schema-ready,,Library Trustee
Lanesborough,lanesborough-ma/planning-board-member,Planning Board Member,True,5,at-large,5,True,,https://cms5.revize.com/revize/lanesboroughma/2024%20Lanesborough%20Town%20Report%20Revised%20post%20print%20copy.pdf,https://ecode360.com/34365847,https://cms5.revize.com/revize/lanesboroughma/2024%20Lanesborough%20Town%20Report%20Revised%20post%20print%20copy.pdf,schema-ready,,Planning Board Member
Lawrence,lawrence-ma/mayor,Mayor,True,1,at-large,4,False,,https://www.cityoflawrence.com/DocumentCenter/View/448/Lawrence-City-Charter-PDF,https://www.cityoflawrence.com/351/Election-Results,https://www.cityoflawrence.com/694/Elected-Officials,schema-ready,,Mayor
Lawrence,lawrence-ma/city-council-member,Council Member,True,9,mixed,2,False,,https://www.cityoflawrence.com/DocumentCenter/View/448/Lawrence-City-Charter-PDF,https://www.cityoflawrence.com/351/Election-Results,https://www.cityoflawrence.com/694/Elected-Officials,schema-ready,Nine-member mixed council: three at-large and six district councilors.,City Councilor
Lawrence,lawrence-ma/school-committee-member,School Committee Member,True,3,at-large,2,False,,https://malegislature.gov/Laws/SessionLaws/Acts/2024/Chapter314,https://www.cityoflawrence.com/351/Election-Results,https://www.cityoflawrence.com/694/Elected-Officials,schema-ready,"Acts 2024 c.314, effective January 2, 2025, establishes three elected at-large members, three members appointed by the City Council, and the Mayor ex officio. Only the three voter-elected seats are modeled.",Lawrence School Committee Member
Lawrence,lawrence-ma/regional-vocational-school-committee-member,Regional School Committee Member,True,3,at-large,,True,,https://www.glts.net/apps/pages/index.jsp?uREC_ID=1804538&type=d&pREC_ID=2013589,https://www.cityoflawrence.com/351/Election-Results,https://www.glts.net/apps/pages/index.jsp?uREC_ID=1804538&type=d&pREC_ID=2013589,schema-ready,Current district roster confirms three Lawrence-designated members; regular term length remains unresolved.,Greater Lawrence Technical School Committee Member (Lawrence)
Lee,lee-ma/moderator,Moderator,True,1,at-large,1,False,,https://www.lee.ma.us/sites/g/files/vyhlif12726/f/uploads/fy23_annual_town_report_final.pdf,https://www.lee.ma.us/town-clerk/pages/election-results,https://www.lee.ma.us/town-clerk/pages/election-results,schema-ready,,Town Moderator
Lee,lee-ma/select-board-member,Select Board Member,True,3,at-large,3,True,,https://www.lee.ma.us/sites/g/files/vyhlif12726/f/uploads/fy23_annual_town_report_final.pdf,https://www.lee.ma.us/town-clerk/pages/election-results,https://www.lee.ma.us/town-clerk/pages/election-results,schema-ready,,Select Board Member
Lee,lee-ma/constable,Constable,True,4,at-large,3,True,,https://www.lee.ma.us/sites/g/files/vyhlif12726/f/uploads/fy23_annual_town_report_final.pdf,https://www.lee.ma.us/town-clerk/pages/election-results,https://www.lee.ma.us/town-clerk/pages/election-results,schema-ready,,Constable
Lee,lee-ma/housing-authority-member,Housing Authority Member,True,,at-large,5,,,https://www.lee.ma.us/sites/g/files/vyhlif12726/f/uploads/fy23_annual_town_report_final.pdf,https://www.lee.ma.us/town-clerk/pages/election-results,https://www.lee.ma.us/town-clerk/pages/election-results,elected-status-verified-seat-count-unresolved,Elected status and five-year cycle are supported by Town election materials; locally elected versus appointed composition remains unresolved.,Lee Housing Authority Member
Lee,lee-ma/planning-board-member,Planning Board Member,True,5,at-large,5,True,,https://www.lee.ma.us/planning-board,https://www.lee.ma.us/town-clerk/pages/election-results,https://www.lee.ma.us/planning-board,schema-ready,,Planning Board Member
Lee,lee-ma/school-committee-member,School Committee Member,True,7,at-large,3,True,,https://www.lee.ma.us/sites/g/files/vyhlif12726/f/uploads/fy23_annual_town_report_final.pdf,https://www.lee.ma.us/town-clerk/pages/election-results,https://www.lee.ma.us/town-clerk/pages/election-results,schema-ready,,School Committee Member
Leicester,leicester-ma/assessor,Assessor,True,3,at-large,3,True,,https://www.leicesterma.org/222/Board-of-Assessors,https://www.leicesterma.org/DocumentCenter/View/4408/Elected-Town-Officials-2025,https://www.leicesterma.org/222/Board-of-Assessors,schema-ready,,Board of Assessors Member
Leicester,leicester-ma/board-of-health-member,Board of Health Member,True,3,at-large,3,True,,https://www.leicesterma.org/223/Board-of-Health,https://www.leicesterma.org/DocumentCenter/View/4408/Elected-Town-Officials-2025,https://www.leicesterma.org/223/Board-of-Health,schema-ready,,Board of Health Member
Leicester,leicester-ma/housing-authority-member,Housing Authority Member,True,,at-large,5,,,https://www.leicesterma.org/DocumentCenter/View/4408/Elected-Town-Officials-2025,https://www.leicesterma.org/DocumentCenter/View/4408/Elected-Town-Officials-2025,https://www.leicesterma.org/DocumentCenter/View/4408/Elected-Town-Officials-2025,elected-status-verified-seat-count-unresolved,"Current elected-official list confirms elected Housing Authority positions, but stable locally elected seat count remains unresolved.",Housing Authority Member
Leicester,leicester-ma/moderator,Moderator,True,1,at-large,1,False,,https://www.leicesterma.org/DocumentCenter/View/4408/Elected-Town-Officials-2025,https://www.leicesterma.org/DocumentCenter/View/4408/Elected-Town-Officials-2025,https://www.leicesterma.org/DocumentCenter/View/4408/Elected-Town-Officials-2025,schema-ready,,Town Moderator
Leicester,leicester-ma/school-committee-member,School Committee Member,True,5,at-large,3,True,,https://www.leicesterma.org/DocumentCenter/View/4408/Elected-Town-Officials-2025,https://www.leicesterma.org/DocumentCenter/View/4408/Elected-Town-Officials-2025,https://www.leicesterma.org/DocumentCenter/View/4408/Elected-Town-Officials-2025,schema-ready,,School Committee Member
Leicester,leicester-ma/select-board-member,Select Board Member,True,5,at-large,3,True,,https://www.leicesterma.org/227/Select-Board,https://www.leicesterma.org/DocumentCenter/View/4408/Elected-Town-Officials-2025,https://www.leicesterma.org/227/Select-Board,schema-ready,,Select Board Member
Leicester,leicester-ma/town-clerk,Town Clerk,True,1,at-large,3,False,,https://www.leicesterma.org/229/Town-Clerk,https://www.leicesterma.org/DocumentCenter/View/4408/Elected-Town-Officials-2025,https://www.leicesterma.org/229/Town-Clerk,schema-ready,,Town Clerk
Leicester,leicester-ma/planning-board-member,Planning Board Member,True,5,at-large,3,True,,https://www.leicesterma.org/225/Planning-Board,https://www.leicesterma.org/DocumentCenter/View/4408/Elected-Town-Officials-2025,https://www.leicesterma.org/225/Planning-Board,schema-ready,Five regular elected members; associate member is appointed and excluded.,Planning Board Member
Leicester,leicester-ma/library-trustee,Library Trustee,True,7,at-large,3,True,,https://www.leicesterma.org/230/Library-Trustees,https://www.leicesterma.org/DocumentCenter/View/4408/Elected-Town-Officials-2025,https://www.leicesterma.org/230/Library-Trustees,schema-ready,,Library Trustee
Lenox,lenox-ma/moderator,Moderator,True,1,at-large,1,False,,https://www.townoflenox.com/DocumentCenter/View/5875/May-4-2026-Annual-Town-Election-Results,https://www.townoflenox.com/DocumentCenter/View/5875/May-4-2026-Annual-Town-Election-Results,https://www.townoflenox.com/DocumentCenter/View/5875/May-4-2026-Annual-Town-Election-Results,schema-ready,,Town Moderator
Lenox,lenox-ma/select-board-member,Select Board Member,True,5,at-large,3,True,,https://www.townoflenox.com/164/Select-Board,https://www.townoflenox.com/DocumentCenter/View/5875/May-4-2026-Annual-Town-Election-Results,https://www.townoflenox.com/164/Select-Board,schema-ready,,Select Board Member
Lenox,lenox-ma/board-of-health-member,Board of Health Member,True,,at-large,3,,,https://www.townoflenox.com/DocumentCenter/View/5875/May-4-2026-Annual-Town-Election-Results,https://www.townoflenox.com/DocumentCenter/View/5875/May-4-2026-Annual-Town-Election-Results,https://www.townoflenox.com/DocumentCenter/View/5875/May-4-2026-Annual-Town-Election-Results,elected-status-verified-seat-count-unresolved,2026 election confirms a regular three-year elected Board of Health seat; total elected board size remains unresolved.,Board of Health Member
Lenox,lenox-ma/assessor,Assessor,True,3,at-large,3,True,,https://www.townoflenox.com/150/Board-of-Assessors,https://www.townoflenox.com/DocumentCenter/View/5875/May-4-2026-Annual-Town-Election-Results,https://www.townoflenox.com/150/Board-of-Assessors,schema-ready,,Board of Assessors Member
Lenox,lenox-ma/school-committee-member,School Committee Member,True,7,at-large,3,True,,https://www.townoflenox.com/170/School-Committee,https://www.townoflenox.com/DocumentCenter/View/5875/May-4-2026-Annual-Town-Election-Results,https://www.townoflenox.com/170/School-Committee,schema-ready,,School Committee Member
Lenox,lenox-ma/planning-board-member,Planning Board Member,True,5,at-large,5,True,,https://www.townoflenox.com/166/Planning-Board,https://www.townoflenox.com/DocumentCenter/View/5875/May-4-2026-Annual-Town-Election-Results,https://www.townoflenox.com/166/Planning-Board,schema-ready,,Planning Board Member
Lenox,lenox-ma/housing-authority-member,Housing Authority Member,True,4,at-large,5,True,,https://www.townoflenox.com/157/Housing-Authority,https://www.townoflenox.com/DocumentCenter/View/5875/May-4-2026-Annual-Town-Election-Results,https://www.townoflenox.com/157/Housing-Authority,schema-ready,Five-member authority includes four voter-elected members plus one tenant appointee; only the four elected seats are modeled.,Housing Authority Member
Ludlow,ludlow-ma/assessor,Assessor,True,3,at-large,3,True,,https://ludlow.ma.us/wp-content/uploads/sites/2/2025/12/All-openings-available-2026-updated-2025-12-08-pdf.pdf,https://ludlow.ma.us/wp-content/uploads/sites/2/2025/12/All-openings-available-2026-updated-2025-12-08-pdf.pdf,https://ludlow.ma.us/wp-content/uploads/sites/2/2026/03/March-23-2026-Official-Local-Election-Results-1.pdf,schema-ready,2026 annual-election openings establish elected status and term; current municipal rosters establish board size.,Assessor
Ludlow,ludlow-ma/board-of-health-member,Board of Health Member,True,3,at-large,3,True,,https://ludlow.ma.us/wp-content/uploads/sites/2/2025/12/All-openings-available-2026-updated-2025-12-08-pdf.pdf,https://ludlow.ma.us/wp-content/uploads/sites/2/2025/12/All-openings-available-2026-updated-2025-12-08-pdf.pdf,https://ludlow.ma.us/wp-content/uploads/sites/2/2026/03/March-23-2026-Official-Local-Election-Results-1.pdf,schema-ready,2026 annual-election openings establish elected status and term; current municipal rosters establish board size.,Board of Health Member
Ludlow,ludlow-ma/housing-authority-member,Housing Authority Member,True,3,at-large,5,True,,https://malegislature.gov/Laws/GeneralLaws/PartI/TitleXVII/Chapter121B/Section5,https://ludlow.ma.us/wp-content/uploads/sites/2/2025/12/All-openings-available-2026-updated-2025-12-08-pdf.pdf,https://ludlow.ma.us/wp-content/uploads/sites/2/2026/03/March-23-2026-Official-Local-Election-Results-1.pdf,schema-ready,"M.G.L. c.121B §5 provides three voter-elected housing-authority seats in a town, each with five-year successor terms.",Housing Authority Member
Ludlow,ludlow-ma/library-trustee,Library Trustee,True,3,at-large,3,True,,https://ludlow.ma.us/wp-content/uploads/sites/2/2025/12/All-openings-available-2026-updated-2025-12-08-pdf.pdf,https://ludlow.ma.us/wp-content/uploads/sites/2/2025/12/All-openings-available-2026-updated-2025-12-08-pdf.pdf,https://ludlow.ma.us/wp-content/uploads/sites/2/2026/03/March-23-2026-Official-Local-Election-Results-1.pdf,schema-ready,2026 annual-election openings establish elected status and term; current municipal rosters establish board size.,Library Trustee
Ludlow,ludlow-ma/planning-board-member,Planning Board Member,True,5,at-large,5,True,,https://ludlow.ma.us/wp-content/uploads/sites/2/2025/12/All-openings-available-2026-updated-2025-12-08-pdf.pdf,https://ludlow.ma.us/wp-content/uploads/sites/2/2025/12/All-openings-available-2026-updated-2025-12-08-pdf.pdf,https://ludlow.ma.us/wp-content/uploads/sites/2/2026/03/March-23-2026-Official-Local-Election-Results-1.pdf,schema-ready,2026 annual-election openings establish elected status and term; current municipal rosters establish board size.,Planning Board Member
Ludlow,ludlow-ma/recreation-commissioner,Recreation Commissioner,True,3,at-large,3,True,,https://ludlow.ma.us/wp-content/uploads/sites/2/2025/12/All-openings-available-2026-updated-2025-12-08-pdf.pdf,https://ludlow.ma.us/wp-content/uploads/sites/2/2025/12/All-openings-available-2026-updated-2025-12-08-pdf.pdf,https://ludlow.ma.us/wp-content/uploads/sites/2/2026/03/March-23-2026-Official-Local-Election-Results-1.pdf,schema-ready,2026 annual-election openings establish elected status and term; current municipal rosters establish board size.,Recreation Commissioner
Ludlow,ludlow-ma/school-committee-member,School Committee Member,True,5,at-large,3,True,,https://ludlow.ma.us/wp-content/uploads/sites/2/2025/12/All-openings-available-2026-updated-2025-12-08-pdf.pdf,https://ludlow.ma.us/wp-content/uploads/sites/2/2025/12/All-openings-available-2026-updated-2025-12-08-pdf.pdf,https://ludlow.ma.us/wp-content/uploads/sites/2/2026/03/March-23-2026-Official-Local-Election-Results-1.pdf,schema-ready,2026 annual-election openings establish elected status and term; current municipal rosters establish board size.,School Committee Member
Ludlow,ludlow-ma/select-board-member,Select Board Member,True,5,at-large,3,True,,https://ludlow.ma.us/wp-content/uploads/sites/2/2025/12/All-openings-available-2026-updated-2025-12-08-pdf.pdf,https://ludlow.ma.us/wp-content/uploads/sites/2/2025/12/All-openings-available-2026-updated-2025-12-08-pdf.pdf,https://ludlow.ma.us/wp-content/uploads/sites/2/2026/03/March-23-2026-Official-Local-Election-Results-1.pdf,schema-ready,2026 annual-election openings establish elected status and term; current municipal rosters establish board size.,Select Board Member
Ludlow,ludlow-ma/town-clerk,Town Clerk,True,1,at-large,3,False,,https://ludlow.ma.us/wp-content/uploads/sites/2/2025/12/All-openings-available-2026-updated-2025-12-08-pdf.pdf,https://ludlow.ma.us/wp-content/uploads/sites/2/2025/12/All-openings-available-2026-updated-2025-12-08-pdf.pdf,https://ludlow.ma.us/wp-content/uploads/sites/2/2026/03/March-23-2026-Official-Local-Election-Results-1.pdf,schema-ready,2026 annual-election openings establish elected status and term; current municipal rosters establish board size.,Town Clerk
Ludlow,ludlow-ma/moderator,Moderator,True,1,at-large,3,False,,https://ludlow.ma.us/wp-content/uploads/sites/2/2025/12/All-openings-available-2026-updated-2025-12-08-pdf.pdf,https://ludlow.ma.us/wp-content/uploads/sites/2/2025/12/All-openings-available-2026-updated-2025-12-08-pdf.pdf,https://ludlow.ma.us/wp-content/uploads/sites/2/2026/03/March-23-2026-Official-Local-Election-Results-1.pdf,schema-ready,2026 annual-election openings establish elected status and term; current municipal rosters establish board size.,Moderator
Ludlow,ludlow-ma/representative-town-meeting-member,Representative Town Meeting Member,True,90,precinct,3,True,,https://ludlow.ma.us/wp-content/uploads/sites/2/2025/12/All-openings-available-2026-updated-2025-12-08-pdf.pdf,https://ludlow.ma.us/wp-content/uploads/sites/2/2025/12/All-openings-available-2026-updated-2025-12-08-pdf.pdf,https://ludlow.ma.us/wp-content/uploads/sites/2/2026/03/March-23-2026-Official-Local-Election-Results-1.pdf,schema-ready,Six precincts each elect five three-year members annually; 15 continuing seats per precinct yields 90 elected precinct seats. Members-at-large/ex officio are not counted as voter-elected precinct posts.,Representative Town Meeting Member
Lunenburg,lunenburg-ma/assessor,Assessor,True,3,at-large,3,True,,https://ecode360.com/29816400,https://lunenburgma.gov/DocumentCenter/View/4247/5162026-Annual-Town-Election-Official-Results-PDF,https://lunenburgma.gov/DocumentCenter/View/4247/5162026-Annual-Town-Election-Official-Results-PDF,schema-ready,Lunenburg charter enumerates the office; current official board/committee rosters and 2026 election materials reconcile composition and term.,Assessor
Lunenburg,lunenburg-ma/board-of-health-member,Board of Health Member,True,5,at-large,3,True,,https://ecode360.com/29816400,https://lunenburgma.gov/DocumentCenter/View/4247/5162026-Annual-Town-Election-Official-Results-PDF,https://lunenburgma.gov/DocumentCenter/View/4247/5162026-Annual-Town-Election-Official-Results-PDF,schema-ready,Lunenburg charter enumerates the office; current official board/committee rosters and 2026 election materials reconcile composition and term.,Board of Health Member
Lunenburg,lunenburg-ma/cemetery-commissioner,Cemetery Commissioner,True,3,at-large,3,True,,https://ecode360.com/29816400,https://lunenburgma.gov/DocumentCenter/View/4247/5162026-Annual-Town-Election-Official-Results-PDF,https://lunenburgma.gov/DocumentCenter/View/4247/5162026-Annual-Town-Election-Official-Results-PDF,schema-ready,Lunenburg charter enumerates the office; current official board/committee rosters and 2026 election materials reconcile composition and term.,Cemetery Commissioner
Lunenburg,lunenburg-ma/commissioner-of-trust-funds,Commissioner of Trust Funds,True,3,at-large,3,True,,https://ecode360.com/29816400,https://lunenburgma.gov/DocumentCenter/View/4247/5162026-Annual-Town-Election-Official-Results-PDF,https://lunenburgma.gov/DocumentCenter/View/4247/5162026-Annual-Town-Election-Official-Results-PDF,schema-ready,Lunenburg charter enumerates the office; current official board/committee rosters and 2026 election materials reconcile composition and term.,Commissioner of Trust Funds
Lunenburg,lunenburg-ma/housing-authority-member,Housing Authority Member,True,3,at-large,5,True,,https://malegislature.gov/Laws/GeneralLaws/PartI/TitleXVII/Chapter121B/Section5,https://lunenburgma.gov/DocumentCenter/View/4247/5162026-Annual-Town-Election-Official-Results-PDF,https://lunenburgma.gov/DocumentCenter/View/4247/5162026-Annual-Town-Election-Official-Results-PDF,schema-ready,Charter recognizes the Housing Authority as an elected office as applicable; M.G.L. c.121B §5 controls the three voter-elected town seats and five-year successor terms.,Housing Authority Member
Lunenburg,lunenburg-ma/library-trustee,Library Trustee,True,7,at-large,3,True,,https://ecode360.com/29816400,https://lunenburgma.gov/DocumentCenter/View/4247/5162026-Annual-Town-Election-Official-Results-PDF,https://lunenburgma.gov/DocumentCenter/View/4247/5162026-Annual-Town-Election-Official-Results-PDF,schema-ready,Lunenburg charter enumerates the office; current official board/committee rosters and 2026 election materials reconcile composition and term.,Library Trustee
Lunenburg,lunenburg-ma/moderator,Moderator,True,1,at-large,3,False,,https://ecode360.com/29816400,https://lunenburgma.gov/DocumentCenter/View/4247/5162026-Annual-Town-Election-Official-Results-PDF,https://lunenburgma.gov/DocumentCenter/View/4247/5162026-Annual-Town-Election-Official-Results-PDF,schema-ready,Lunenburg charter enumerates the office; current official board/committee rosters and 2026 election materials reconcile composition and term.,Moderator
Lunenburg,lunenburg-ma/park-commissioner,Park Commissioner,True,5,at-large,3,True,,https://ecode360.com/29816400,https://lunenburgma.gov/DocumentCenter/View/4247/5162026-Annual-Town-Election-Official-Results-PDF,https://lunenburgma.gov/DocumentCenter/View/4247/5162026-Annual-Town-Election-Official-Results-PDF,schema-ready,Lunenburg charter enumerates the office; current official board/committee rosters and 2026 election materials reconcile composition and term.,Park Commissioner
Lunenburg,lunenburg-ma/planning-board-member,Planning Board Member,True,5,at-large,5,True,,https://ecode360.com/29816400,https://lunenburgma.gov/DocumentCenter/View/4247/5162026-Annual-Town-Election-Official-Results-PDF,https://lunenburgma.gov/DocumentCenter/View/4247/5162026-Annual-Town-Election-Official-Results-PDF,schema-ready,Lunenburg charter enumerates the office; current official board/committee rosters and 2026 election materials reconcile composition and term.,Planning Board Member
Lunenburg,lunenburg-ma/school-committee-member,School Committee Member,True,5,at-large,3,True,,https://ecode360.com/29816400,https://lunenburgma.gov/DocumentCenter/View/4247/5162026-Annual-Town-Election-Official-Results-PDF,https://lunenburgma.gov/DocumentCenter/View/4247/5162026-Annual-Town-Election-Official-Results-PDF,schema-ready,Current 2026 School Committee materials confirm five members; older municipal profile text stating seven members is stale.,School Committee Member
Lunenburg,lunenburg-ma/select-board-member,Select Board Member,True,5,at-large,3,True,,https://ecode360.com/29816400,https://lunenburgma.gov/DocumentCenter/View/4247/5162026-Annual-Town-Election-Official-Results-PDF,https://lunenburgma.gov/DocumentCenter/View/4247/5162026-Annual-Town-Election-Official-Results-PDF,schema-ready,Lunenburg charter enumerates the office; current official board/committee rosters and 2026 election materials reconcile composition and term.,Select Board Member
Lunenburg,lunenburg-ma/sewer-commissioner,Sewer Commissioner,True,5,at-large,3,True,,https://ecode360.com/29816400,https://lunenburgma.gov/DocumentCenter/View/4247/5162026-Annual-Town-Election-Official-Results-PDF,https://lunenburgma.gov/DocumentCenter/View/4247/5162026-Annual-Town-Election-Official-Results-PDF,schema-ready,Lunenburg charter enumerates the office; current official board/committee rosters and 2026 election materials reconcile composition and term.,Sewer Commissioner
Lunenburg,lunenburg-ma/town-clerk,Town Clerk,True,1,at-large,3,False,,https://ecode360.com/29816400,https://lunenburgma.gov/DocumentCenter/View/4247/5162026-Annual-Town-Election-Official-Results-PDF,https://lunenburgma.gov/DocumentCenter/View/4247/5162026-Annual-Town-Election-Official-Results-PDF,schema-ready,Lunenburg charter enumerates the office; current official board/committee rosters and 2026 election materials reconcile composition and term.,Town Clerk
Lunenburg,lunenburg-ma/constable,Constable,True,1,at-large,3,False,,https://ecode360.com/29816400,https://lunenburgma.gov/DocumentCenter/View/4247/5162026-Annual-Town-Election-Official-Results-PDF,https://lunenburgma.gov/DocumentCenter/View/4247/5162026-Annual-Town-Election-Official-Results-PDF,current-election-practice-verified-legal-authority-conflict,"Authority conflict: charter §3-2(d) places constables among Select Board appointments and §3-1 omits constable from the elected-office list, while official annual-election materials and the FY2025 annual report treat a three-year Constable as elected. Preserved as research-only pending legal reconciliation.",Constable
Lynn,lynn-ma/mayor,Mayor,True,1,at-large,4,False,,https://malegislature.gov/Laws/SessionLaws/Acts/2025/Chapter84,https://www.lynnma.gov/city_government/cityclerk/elections,,schema-ready,Acts of 2025 c.84 establishes the current city charter structure.,Mayor
Lynn,lynn-ma/city-council-member,Council Member,True,11,mixed,2,False,,https://malegislature.gov/Laws/SessionLaws/Acts/2025/Chapter84,https://www.lynnma.gov/city_government/cityclerk/elections,,schema-ready,Acts of 2025 c.84 establishes the current city charter structure. Council consists of four at-large and seven ward seats.,City Councilor
Lynn,lynn-ma/school-committee-member,School Committee Member,True,6,at-large,2,False,,https://malegislature.gov/Laws/SessionLaws/Acts/2025/Chapter84,https://www.lynnma.gov/city_government/cityclerk/elections,,schema-ready,Acts of 2025 c.84 establishes the current city charter structure. Six members are voter-elected at large; the Mayor's ex officio chair role is not counted as an additional elected School Committee post.,School Committee Member
Lynnfield,lynnfield-ma/select-board-member,Select Board Member,True,3,at-large,3,True,False,https://ecode360.com/28618395,https://ecode360.com/28618464,https://www.lynnfieldma.gov/AgendaCenter/ViewFile/Minutes/_04142026-1487,schema-ready,Lynnfield charter/election provisions establish a nonpartisan elected office and term.,Select Board Member
Lynnfield,lynnfield-ma/school-committee-member,School Committee Member,True,5,at-large,3,True,False,https://ecode360.com/28618409,https://ecode360.com/28618464,https://www.lynnfieldma.gov/AgendaCenter/ViewFile/Minutes/_04142026-1487,schema-ready,Lynnfield charter/election provisions establish a nonpartisan elected office and term.,School Committee Member
Lynnfield,lynnfield-ma/planning-board-member,Planning Board Member,True,5,at-large,5,True,False,https://ecode360.com/28618409,https://ecode360.com/28618464,https://www.lynnfieldma.gov/AgendaCenter/ViewFile/Minutes/_04142026-1487,schema-ready,Lynnfield charter/election provisions establish a nonpartisan elected office and term.,Planning Board Member
Lynnfield,lynnfield-ma/assessor,Assessor,True,3,at-large,3,True,False,https://ecode360.com/28618409,https://ecode360.com/28618464,https://www.lynnfieldma.gov/AgendaCenter/ViewFile/Minutes/_04142026-1487,schema-ready,Lynnfield charter/election provisions establish a nonpartisan elected office and term.,Assessor
Lynnfield,lynnfield-ma/library-trustee,Library Trustee,True,5,at-large,3,True,False,https://ecode360.com/28618409,https://ecode360.com/28618464,https://www.lynnfieldma.gov/AgendaCenter/ViewFile/Minutes/_04142026-1487,schema-ready,Lynnfield charter/election provisions establish a nonpartisan elected office and term.,Library Trustee
Lynnfield,lynnfield-ma/housing-authority-member,Housing Authority Member,True,3,at-large,5,True,False,https://malegislature.gov/Laws/GeneralLaws/PartI/TitleXVII/Chapter121B/Section5,https://ecode360.com/28618464,https://www.lynnfieldma.gov/AgendaCenter/ViewFile/Minutes/_04142026-1487,schema-ready,M.G.L. c.121B §5 establishes three voter-elected town Housing Authority seats with five-year successor terms.,Housing Authority Member
Lynnfield,lynnfield-ma/moderator,Moderator,True,1,at-large,1,False,False,https://ecode360.com/28618365,https://ecode360.com/28618464,https://www.lynnfieldma.gov/AgendaCenter/ViewFile/Minutes/_04142026-1487,schema-ready,Lynnfield charter/election provisions establish a nonpartisan elected office and term.,Moderator
Malden,malden-ma/mayor,Mayor,True,1,at-large,4,False,,https://www.cityofmalden.org/197/City-Charter,https://www.cityofmalden.org/259/Elected-Officials,,schema-ready,Current official elected-officials page confirms a voter-elected Mayor serving a four-year term.,Mayor
Malden,malden-ma/city-council-member,Council Member,True,11,mixed,2,False,,https://www.cityofmalden.org/197/City-Charter,https://www.cityofmalden.org/259/Elected-Officials,,schema-ready,"Eleven elected councillors: eight ward seats and three citywide at-large seats, all two-year terms.",City Councillor
Malden,malden-ma/school-committee-member,School Committee Member,True,8,ward,2,False,,https://www.cityofmalden.org/197/City-Charter,https://www.cityofmalden.org/259/Elected-Officials,,schema-ready,Eight voter-elected ward members serve two-year terms. The Mayor is ex officio chair and is not counted as a ninth voter-elected School Committee post.,School Committee Member
Malden,malden-ma/regional-vocational-school-committee-member,Regional Vocational School Committee Member,True,1,municipal-representative,,False,,https://www.cityofmalden.org/259/Elected-Officials,https://www.cityofmalden.org/DocumentCenter/View/11665/2026-State-Election-Candidates-English-PDF,https://www.cityofmalden.org/DocumentCenter/View/9312/Election-Results-Nov-5-2024-PDF,schema-ready,Malden's Northeast Metropolitan Regional Vocational School Committee representative is a voter-elected state-election office. Term length left unresolved rather than inferred because 2026 materials show a current vacancy successor/candidate cycle.,Regional Vocational School Committee Member
Manchester-by-the-Sea,manchester-by-the-sea-ma/constable,Constable,True,3,at-large,3,False,False,https://www.manchester.ma.us/DocumentCenter/View/8219/How-to-Run-for-Office-2026?bidId=,https://www.manchester.ma.us/DocumentCenter/View/8219/How-to-Run-for-Office-2026?bidId=,https://www.manchester.ma.us/DocumentCenter/View/9524/Annual-Town-Report-2025,schema-ready,Current 2026 guide enumerates three elected Constables serving three-year terms.,Constable
Manchester-by-the-Sea,manchester-by-the-sea-ma/select-board-member,Select Board Member,True,5,at-large,3,True,False,https://www.manchester.ma.us/DocumentCenter/View/8219/How-to-Run-for-Office-2026?bidId=,https://www.manchester.ma.us/DocumentCenter/View/8219/How-to-Run-for-Office-2026?bidId=,https://www.manchester.ma.us/DocumentCenter/View/9727/2026-May-19-Annual-Town-Election-Results,schema-ready,,Select Board Member
Manchester-by-the-Sea,manchester-by-the-sea-ma/moderator,Moderator,True,1,at-large,1,False,False,https://www.manchester.ma.us/DocumentCenter/View/8219/How-to-Run-for-Office-2026?bidId=,https://www.manchester.ma.us/DocumentCenter/View/8219/How-to-Run-for-Office-2026?bidId=,https://www.manchester.ma.us/DocumentCenter/View/9727/2026-May-19-Annual-Town-Election-Results,schema-ready,,Moderator
Manchester-by-the-Sea,manchester-by-the-sea-ma/regional-school-committee-member,Regional School Committee Member,True,4,district,3,True,False,https://www.manchester.ma.us/DocumentCenter/View/8219/How-to-Run-for-Office-2026?bidId=,https://www.manchester.ma.us/DocumentCenter/View/8219/How-to-Run-for-Office-2026?bidId=,https://www.manchester.ma.us/DocumentCenter/View/9727/2026-May-19-Annual-Town-Election-Results,schema-ready,Four Manchester representatives serve on the regional School Committee.,Regional School Committee Member
Manchester-by-the-Sea,manchester-by-the-sea-ma/planning-board-member,Planning Board Member,True,7,at-large,3,True,False,https://www.manchester.ma.us/DocumentCenter/View/8219/How-to-Run-for-Office-2026?bidId=,https://www.manchester.ma.us/DocumentCenter/View/8219/How-to-Run-for-Office-2026?bidId=,https://www.manchester.ma.us/DocumentCenter/View/9727/2026-May-19-Annual-Town-Election-Results,schema-ready,,Planning Board Member
Manchester-by-the-Sea,manchester-by-the-sea-ma/housing-authority-member,Housing Authority Member,True,,at-large,5,,False,https://malegislature.gov/Laws/GeneralLaws/PartI/TitleXVII/Chapter121b/Section5,https://www.manchester.ma.us/DocumentCenter/View/8219/How-to-Run-for-Office-2026?bidId=,https://www.manchester.ma.us/DocumentCenter/View/9727/2026-May-19-Annual-Town-Election-Results,local-election-practice-verified-statutory-composition-conflict,"The 2026 local guide and ballot continue to describe/operate four elected seats plus one state appointee, while current M.G.L. c.121B §5 mandates three elected, one tenant-appointed, and one state-appointed member. Current elected-seat identity is not serialized pending transition reconciliation.",Housing Authority Member
Manchester-by-the-Sea,manchester-by-the-sea-ma/library-trustee,Library Trustee,True,3,at-large,3,True,False,https://www.manchester.ma.us/DocumentCenter/View/8219/How-to-Run-for-Office-2026?bidId=,https://www.manchester.ma.us/DocumentCenter/View/8219/How-to-Run-for-Office-2026?bidId=,https://www.manchester.ma.us/DocumentCenter/View/9727/2026-May-19-Annual-Town-Election-Results,schema-ready,,Library Trustee
Mansfield,mansfield-ma/housing-authority-member,Housing Authority Member,True,,at-large,5,,False,https://malegislature.gov/Laws/GeneralLaws/PartI/TitleXVII/Chapter121b/Section5,https://www.mansfieldma.com/DocumentCenter/View/13029/Nomination-Papers-Available-PDF,https://www.mansfieldma.com/DocumentCenter/View/14694/Unofficial-Results-5-12-26-ATE,statutory-transition-seat-classification-unresolved,"Current municipal Housing Authority materials retain four local non-state seats and local elections continued in 2026, while current M.G.L. c.121B §5 requires three elected plus a tenant appointee and state appointee. Which current local seat is the tenant-transition seat is unresolved; no Post is serialized.",Housing Authority Member
Mansfield,mansfield-ma/moderator,Moderator,True,1,at-large,1,False,False,https://ecode360.com/28866340,https://www.mansfieldma.com/DocumentCenter/View/13029/Nomination-Papers-Available-PDF,https://www.mansfieldma.com/DocumentCenter/View/14694/Unofficial-Results-5-12-26-ATE,schema-ready,,Moderator
Mansfield,mansfield-ma/regional-school-representative,Regional School Representative,True,1,district,4,False,False,https://www.mansfieldma.com/DocumentCenter/View/11487/Annual-Town-Report-2024-PDF,https://www.mansfieldma.com/DocumentCenter/View/11487/Annual-Town-Report-2024-PDF,https://www.mansfieldma.com/DocumentCenter/View/11487/Annual-Town-Report-2024-PDF,schema-ready,Mansfield elects one representative to the Southeastern Regional Vocational Technical High School Committee; the 2024 annual report records the current term through 2028.,Regional School Representative
Mansfield,mansfield-ma/school-committee-member,School Committee Member,True,5,at-large,3,True,False,https://ecode360.com/28866340,https://www.mansfieldma.com/DocumentCenter/View/13029/Nomination-Papers-Available-PDF,https://www.mansfieldma.com/DocumentCenter/View/14694/Unofficial-Results-5-12-26-ATE,schema-ready,,School Committee Member
Mansfield,mansfield-ma/select-board-member,Select Board Member,True,5,at-large,3,True,False,https://ecode360.com/28866340,https://www.mansfieldma.com/DocumentCenter/View/13029/Nomination-Papers-Available-PDF,https://www.mansfieldma.com/DocumentCenter/View/14694/Unofficial-Results-5-12-26-ATE,schema-ready,,Select Board Member
Marblehead,marblehead-ma/select-board-member,Select Board Member,True,5,at-large,3,True,False,https://marbleheadma.gov/wp-content/uploads/2026/04/Annual-Town-Report-2025.pdf,https://marbleheadma.gov/wp-content/uploads/2026/06/Town-election-official-results-June-9-2026.pdf,https://marbleheadma.gov/wp-content/uploads/2026/06/Town-election-official-results-June-9-2026.pdf,schema-ready,,Select Board Member
Marblehead,marblehead-ma/moderator,Moderator,True,1,at-large,1,False,False,https://marbleheadma.gov/wp-content/uploads/2026/04/Annual-Town-Report-2025.pdf,https://marbleheadma.gov/wp-content/uploads/2026/06/Town-election-official-results-June-9-2026.pdf,https://marbleheadma.gov/wp-content/uploads/2026/06/Town-election-official-results-June-9-2026.pdf,schema-ready,,Moderator
Marblehead,marblehead-ma/town-clerk,Town Clerk,True,1,at-large,3,False,False,https://marbleheadma.gov/wp-content/uploads/2026/04/Annual-Town-Report-2025.pdf,https://marbleheadma.gov/wp-content/uploads/2026/06/Town-election-official-results-June-9-2026.pdf,https://marbleheadma.gov/wp-content/uploads/2026/06/Town-election-official-results-June-9-2026.pdf,schema-ready,,Town Clerk
Marblehead,marblehead-ma/assessor,Assessor,True,3,at-large,3,True,False,https://marbleheadma.gov/wp-content/uploads/2026/04/Annual-Town-Report-2025.pdf,https://marbleheadma.gov/wp-content/uploads/2026/06/Town-election-official-results-June-9-2026.pdf,https://marbleheadma.gov/wp-content/uploads/2026/06/Town-election-official-results-June-9-2026.pdf,schema-ready,,Assessor
Marblehead,marblehead-ma/cemetery-commissioner,Cemetery Commissioner,True,3,at-large,3,True,False,https://marbleheadma.gov/wp-content/uploads/2026/04/Annual-Town-Report-2025.pdf,https://marbleheadma.gov/wp-content/uploads/2026/06/Town-election-official-results-June-9-2026.pdf,https://marbleheadma.gov/wp-content/uploads/2026/06/Town-election-official-results-June-9-2026.pdf,schema-ready,,Cemetery Commissioner
Marblehead,marblehead-ma/board-of-health-member,Board of Health Member,True,5,at-large,3,True,False,https://malegislature.gov/Laws/SessionLaws/Acts/2025/Chapter90,https://marbleheadma.gov/wp-content/uploads/2026/06/Town-election-official-results-June-9-2026.pdf,https://marbleheadma.gov/wp-content/uploads/2026/06/Town-election-official-results-June-9-2026.pdf,schema-ready,"Acts 2025 c.90 expands the elected Board of Health from three to five; the June 9, 2026 election filled three seats during the transition to staggered three-year terms.",Board of Health Member
Marblehead,marblehead-ma/housing-authority-member,Housing Authority Member,True,3,at-large,5,True,False,https://malegislature.gov/Laws/GeneralLaws/PartI/TitleXVII/Chapter121b/Section5,https://marbleheadma.gov/wp-content/uploads/2026/06/Town-election-official-results-June-9-2026.pdf,https://marbleheadma.gov/wp-content/uploads/2026/06/Town-election-official-results-June-9-2026.pdf,schema-ready,Three voter-elected town Housing Authority seats are modeled under current M.G.L. c.121B §5; tenant/state appointed seats are excluded.,Housing Authority Member
Marblehead,marblehead-ma/library-trustee,Library Trustee,True,6,at-large,3,True,False,https://marbleheadma.gov/wp-content/uploads/2026/04/Annual-Town-Report-2025.pdf,https://marbleheadma.gov/wp-content/uploads/2026/06/Town-election-official-results-June-9-2026.pdf,https://marbleheadma.gov/wp-content/uploads/2026/06/Town-election-official-results-June-9-2026.pdf,schema-ready,,Abbot Public Library Trustee
Marblehead,marblehead-ma/municipal-light-commissioner,Municipal Light Commissioner,True,5,at-large,3,True,False,https://marbleheadma.gov/wp-content/uploads/2026/04/Annual-Town-Report-2025.pdf,https://marbleheadma.gov/wp-content/uploads/2026/06/Town-election-official-results-June-9-2026.pdf,https://marbleheadma.gov/wp-content/uploads/2026/06/Town-election-official-results-June-9-2026.pdf,schema-ready,,Municipal Light Commissioner
Marblehead,marblehead-ma/planning-board-member,Planning Board Member,True,5,at-large,3,True,False,https://marbleheadma.gov/wp-content/uploads/2026/04/Annual-Town-Report-2025.pdf,https://marbleheadma.gov/wp-content/uploads/2026/06/Town-election-official-results-June-9-2026.pdf,https://marbleheadma.gov/wp-content/uploads/2026/06/Town-election-official-results-June-9-2026.pdf,schema-ready,,Planning Board Member
Marblehead,marblehead-ma/recreation-parks-commissioner,Recreation & Parks Commissioner,True,5,at-large,1,False,False,https://marbleheadma.gov/wp-content/uploads/2026/04/Annual-Town-Report-2025.pdf,https://marbleheadma.gov/wp-content/uploads/2026/06/Town-election-official-results-June-9-2026.pdf,https://marbleheadma.gov/wp-content/uploads/2026/06/Town-election-official-results-June-9-2026.pdf,schema-ready,,Recreation & Parks Commissioner
Marblehead,marblehead-ma/school-committee-member,School Committee Member,True,5,at-large,3,True,False,https://marbleheadma.gov/wp-content/uploads/2026/04/Annual-Town-Report-2025.pdf,https://marbleheadma.gov/wp-content/uploads/2026/06/Town-election-official-results-June-9-2026.pdf,https://marbleheadma.gov/wp-content/uploads/2026/06/Town-election-official-results-June-9-2026.pdf,schema-ready,,School Committee Member
Marblehead,marblehead-ma/water-sewer-commissioner,Water & Sewer Commissioner,True,5,at-large,3,True,False,https://marbleheadma.gov/wp-content/uploads/2026/04/Annual-Town-Report-2025.pdf,https://marbleheadma.gov/wp-content/uploads/2026/06/Town-election-official-results-June-9-2026.pdf,https://marbleheadma.gov/wp-content/uploads/2026/06/Town-election-official-results-June-9-2026.pdf,schema-ready,,Water & Sewer Commissioner
Marion,marion-ma/select-board-member,Select Board Member,True,3,at-large,3,True,False,https://www.marionma.gov/DocumentCenter/View/2345/Annual-Report-2024-PDF?bidId=,https://www.marionma.gov/762/Town-Meeting-Information,https://marionma.gov/DocumentCenter/View/2746/Copy-of-Unofficial-ATE-Results?bidId=,schema-ready,,Select Board Member
Marion,marion-ma/assessor,Assessor,True,3,at-large,3,True,False,https://www.marionma.gov/DocumentCenter/View/2345/Annual-Report-2024-PDF?bidId=,https://www.marionma.gov/762/Town-Meeting-Information,https://marionma.gov/DocumentCenter/View/2746/Copy-of-Unofficial-ATE-Results?bidId=,schema-ready,,Assessor
Marion,marion-ma/board-of-health-member,Board of Health Member,True,3,at-large,3,True,False,https://www.marionma.gov/DocumentCenter/View/2345/Annual-Report-2024-PDF?bidId=,https://www.marionma.gov/762/Town-Meeting-Information,https://marionma.gov/DocumentCenter/View/2746/Copy-of-Unofficial-ATE-Results?bidId=,schema-ready,,Board of Health Member
Marion,marion-ma/planning-board-member,Planning Board Member,True,7,at-large,3,True,False,https://www.marionma.gov/DocumentCenter/View/2345/Annual-Report-2024-PDF?bidId=,https://www.marionma.gov/762/Town-Meeting-Information,https://marionma.gov/DocumentCenter/View/2746/Copy-of-Unofficial-ATE-Results?bidId=,schema-ready,,Planning Board Member
Marion,marion-ma/open-space-acquisition-commission-member,Open Space Acquisition Commission Member,True,5,at-large,3,True,False,https://www.marionma.gov/DocumentCenter/View/2345/Annual-Report-2024-PDF?bidId=,https://www.marionma.gov/762/Town-Meeting-Information,https://marionma.gov/DocumentCenter/View/2746/Copy-of-Unofficial-ATE-Results?bidId=,schema-ready,,Open Space Acquisition Commission Member
Marion,marion-ma/moderator,Moderator,True,1,at-large,,False,False,https://www.marionma.gov/DocumentCenter/View/2345/Annual-Report-2024-PDF?bidId=,https://www.marionma.gov/762/Town-Meeting-Information,https://marionma.gov/DocumentCenter/View/2746/Copy-of-Unofficial-ATE-Results?bidId=,schema-ready,Current elected Moderator and seat count are established; exact current term length is left null rather than inferred.,Moderator
Marion,marion-ma/school-committee-member,Marion School Committee Member,True,5,at-large,3,True,False,https://www.marionma.gov/DocumentCenter/View/2345/Annual-Report-2024-PDF?bidId=,https://www.marionma.gov/762/Town-Meeting-Information,https://marionma.gov/DocumentCenter/View/2746/Copy-of-Unofficial-ATE-Results?bidId=,schema-ready,,Marion School Committee Member
Marion,marion-ma/old-rochester-regional-school-committee-member,Old Rochester Regional School Committee Member,True,3,district,3,True,False,https://www.marionma.gov/DocumentCenter/View/2345/Annual-Report-2024-PDF?bidId=,https://www.marionma.gov/762/Town-Meeting-Information,https://marionma.gov/DocumentCenter/View/2746/Copy-of-Unofficial-ATE-Results?bidId=,schema-ready,Three Marion seats are represented on the current ORR committee; one current holder is appointed to an elected-seat vacancy and is preserved with how_seated=appointed.,Old Rochester Regional School Committee Member
Marion,marion-ma/upper-cape-cod-regional-vocational-school-committee-member,Upper Cape Cod Regional Vocational Technical School Committee Member,True,1,district,4,False,False,https://www.marionma.gov/DocumentCenter/View/2345/Annual-Report-2024-PDF?bidId=,https://www.marionma.gov/DocumentCenter/View/2345/Annual-Report-2024-PDF?bidId=,https://www.marionma.gov/DocumentCenter/View/2345/Annual-Report-2024-PDF?bidId=,schema-ready,The annual report records Marion’s elected regional vocational-school representative with a November 2028 term; the seat is retained despite not appearing on the May 2026 annual town-election ballot because it follows a separate cycle.,Upper Cape Cod Regional Vocational Technical School Committee Member
Marlborough,marlborough-ma/mayor,Mayor,True,1,at-large,2,False,False,https://www.marlborough-ma.gov/CivicAlerts.aspx?AID=86,https://www.marlborough-ma.gov/CivicAlerts.aspx?AID=86,https://www.marlborough-ma.gov/DocumentCenter/View/3476/2025-11-04-Municipal-Election-Results,schema-ready,,Mayor
Marlborough,marlborough-ma/city-council-member,City Council Member,True,11,mixed,2,False,False,https://www.marlborough-ma.gov/387/City-Council,https://www.marlborough-ma.gov/CivicAlerts.aspx?AID=86,https://www.marlborough-ma.gov/DocumentCenter/View/3476/2025-11-04-Municipal-Election-Results,schema-ready,Eleven elected councilors: four at-large and seven ward members.,City Council Member
Marlborough,marlborough-ma/school-committee-member,School Committee Member,True,6,at-large,4,True,False,https://www.mps-edu.org/page/school-committee,https://www.marlborough-ma.gov/CivicAlerts.aspx?AID=86,https://www.marlborough-ma.gov/DocumentCenter/View/3476/2025-11-04-Municipal-Election-Results,schema-ready,Six voter-elected School Committee seats are modeled. The Mayor serves ex officio as chair and is excluded from this six-seat elected Post.,School Committee Member
Marshfield,marshfield-ma/select-board-member,Select Board Member,True,3,at-large,3,True,False,https://ecode360.com/30029163,https://959watd.com/blog/2026/05/smith-wins-marshfield-select-board-seat/,https://www.southshore.news/p/new-leadership-for-marshfield-select,schema-ready,Current charter still specifies a three-member Select Board. The May 2026 Town Meeting expansion vote is not treated as operative until the required legal/charter change is completed.,Select Board Member
Marshfield,marshfield-ma/assessor,Assessor,True,3,at-large,3,True,False,https://ecode360.com/30029163,https://959watd.com/blog/2026/05/smith-wins-marshfield-select-board-seat/,https://www.southshore.news/p/new-leadership-for-marshfield-select,schema-ready,,Assessor
Marshfield,marshfield-ma/board-of-health-member,Board of Health Member,True,3,at-large,3,True,False,https://ecode360.com/30029163,https://959watd.com/blog/2026/05/smith-wins-marshfield-select-board-seat/,https://www.southshore.news/p/new-leadership-for-marshfield-select,schema-ready,,Board of Health Member
Marshfield,marshfield-ma/board-of-public-works-member,Board of Public Works Member,True,3,at-large,3,True,False,https://ecode360.com/30029163,https://959watd.com/blog/2026/05/smith-wins-marshfield-select-board-seat/,https://www.southshore.news/p/new-leadership-for-marshfield-select,schema-ready,,Board of Public Works Member
Marshfield,marshfield-ma/planning-board-member,Planning Board Member,True,5,at-large,5,True,False,https://ecode360.com/30029163,https://959watd.com/blog/2026/05/smith-wins-marshfield-select-board-seat/,https://www.southshore.news/p/new-leadership-for-marshfield-select,schema-ready,,Planning Board Member
Marshfield,marshfield-ma/school-committee-member,School Committee Member,True,5,at-large,3,True,False,https://ecode360.com/30029163,https://959watd.com/blog/2026/05/smith-wins-marshfield-select-board-seat/,https://www.southshore.news/p/new-leadership-for-marshfield-select,schema-ready,Current charter controls at five elected members; older annual-report roster counts are not used to override the current charter.,School Committee Member
Marshfield,marshfield-ma/veterans-memorial-trustee,Veterans Memorial Trustee,True,5,at-large,,True,False,https://ecode360.com/30029163,https://959watd.com/blog/2026/05/smith-wins-marshfield-select-board-seat/,https://www.southshore.news/p/new-leadership-for-marshfield-select,schema-ready,,Veterans Memorial Trustee
Marshfield,marshfield-ma/moderator,Moderator,True,1,at-large,3,False,False,https://ecode360.com/30029163,https://959watd.com/blog/2026/05/smith-wins-marshfield-select-board-seat/,https://www.marshfield-ma.gov/Documents/Government/Boards%20Commissions/Town%20Meeting/marshfield_tr_23_web_cc.pdf,schema-ready,Reverified 2026-08-20: current charter specifies a three-year term.,Moderator
Marshfield,marshfield-ma/town-clerk,Town Clerk,True,1,at-large,3,False,False,https://ecode360.com/30029163,https://959watd.com/blog/2026/05/smith-wins-marshfield-select-board-seat/,https://www.marshfield-ma.gov/Documents/Government/Boards%20Commissions/Town%20Meeting/marshfield_tr_23_web_cc.pdf,schema-ready,Reverified 2026-08-20: current charter specifies a three-year term.,Town Clerk
Marshfield,marshfield-ma/housing-authority-member,Housing Authority Member,True,,at-large,5,,False,https://malegislature.gov/Laws/GeneralLaws/PartI/TitleXVII/Chapter121b/Section5,https://959watd.com/blog/2026/05/smith-wins-marshfield-select-board-seat/,https://www.marshfield-ma.gov/Documents/Government/Boards%20Commissions/Town%20Meeting/marshfield_tr_23_web_cc.pdf,statutory-transition-seat-classification-unresolved,"Older local materials reflect the pre-2024 structure. Current M.G.L. c.121B §5 requires three elected, one tenant-appointed, and one state-appointed member; current elected-seat identity remains transition-unresolved.",Housing Authority Member
Mashpee,mashpee-ma/select-board-member,Select Board Member,True,5,at-large,3,True,False,https://mashpeema.gov/DocumentCenter/View/4928/Charter-as-of-2026,https://www.mashpeema.gov/DocumentCenter/View/4144,https://www.mashpeema.gov/town-clerk/files/may-10-2025-annual-town-election-unofficial-results,schema-ready,,Select Board Member
Mashpee,mashpee-ma/school-committee-member,School Committee Member,True,5,at-large,3,True,False,https://mashpeema.gov/DocumentCenter/View/4928/Charter-as-of-2026,https://www.mashpeema.gov/DocumentCenter/View/4144,https://www.mashpeema.gov/town-clerk/files/may-10-2025-annual-town-election-unofficial-results,schema-ready,,School Committee Member
Mashpee,mashpee-ma/town-clerk,Town Clerk,True,1,at-large,3,False,False,https://mashpeema.gov/DocumentCenter/View/4928/Charter-as-of-2026,https://www.mashpeema.gov/DocumentCenter/View/4144,https://www.mashpeema.gov/town-clerk/files/may-10-2025-annual-town-election-unofficial-results,schema-ready,,Town Clerk
Mashpee,mashpee-ma/library-trustee,Library Trustee,True,7,at-large,3,True,False,https://mashpeema.gov/DocumentCenter/View/4928/Charter-as-of-2026,https://www.mashpeema.gov/DocumentCenter/View/4144,https://www.mashpeema.gov/town-clerk/files/may-10-2025-annual-town-election-unofficial-results,schema-ready,2026 charter explicitly establishes seven elected Library Trustees.,Library Trustee
Mashpee,mashpee-ma/moderator,Moderator,True,1,at-large,3,False,False,https://mashpeema.gov/DocumentCenter/View/4928/Charter-as-of-2026,https://www.mashpeema.gov/DocumentCenter/View/4144,https://www.mashpeema.gov/town-clerk/files/may-10-2025-annual-town-election-unofficial-results,schema-ready,,Moderator
Mashpee,mashpee-ma/planning-board-member,Planning Board Member,True,5,at-large,3,True,False,https://mashpeema.gov/DocumentCenter/View/4928/Charter-as-of-2026,https://www.mashpeema.gov/DocumentCenter/View/4144,https://www.mashpeema.gov/1436/Planning-Board,schema-ready,Charter establishes five elected regular Planning Board members.,Planning Board Member
Mashpee,mashpee-ma/planning-board-associate-member,Planning Board Associate Member,True,1,at-large,3,False,False,https://mashpeema.gov/DocumentCenter/View/4928/Charter-as-of-2026,https://www.mashpeema.gov/DocumentCenter/View/4144,https://www.mashpeema.gov/1436/Planning-Board,schema-ready,Charter establishes one separately elected Planning Board associate member.,Planning Board Associate Member
Mashpee,mashpee-ma/water-commissioner,Water District Commissioner,True,3,district,3,True,False,https://mashpeema.gov/DocumentCenter/View/1296/2007-Annual-Report,https://www.mashpeema.gov/DocumentCenter/View/4144,https://www.mashpeema.gov/town-clerk/files/may-10-2025-annual-town-election-unofficial-results,schema-ready,Mashpee Water District is a three-member elected district board whose election is conducted with the town election.,Water District Commissioner
Mashpee,mashpee-ma/housing-authority-member,Housing Authority Member,True,,at-large,5,,False,https://malegislature.gov/Laws/GeneralLaws/PartI/TitleXVII/Chapter121b/Section5,https://www.mashpeema.gov/DocumentCenter/View/4144,https://www.mashpeema.gov/town-clerk/files/may-10-2025-annual-town-election-unofficial-results,statutory-transition-seat-classification-unresolved,Current state-law transition prevents safe serialization of the local elected-seat identity without a complete transition chain.,Housing Authority Member
Mattapoisett,mattapoisett-ma/town-clerk,Town Clerk,True,1,at-large,3,False,False,https://www.mattapoisett.gov/DocumentCenter/View/2229/Annual-Town-Election-2026-Candidate-List,https://www.mattapoisett.gov/DocumentCenter/View/2229/Annual-Town-Election-2026-Candidate-List,https://www.mattapoisett.gov/584/2026-Annual-Town-Election-Information,schema-ready,,Town Clerk
Mattapoisett,mattapoisett-ma/select-board-member,Select Board Member,True,5,at-large,3,True,False,https://mattapoisett.gov/317/Select-Board,https://www.mattapoisett.gov/DocumentCenter/View/2229/Annual-Town-Election-2026-Candidate-List,https://www.mattapoisett.gov/584/2026-Annual-Town-Election-Information,schema-ready,Acts 2025 c.21 expanded the Select Board; the current roster contains five members. Stale three-member descriptive text is not used to override the current structure.,Select Board Member
Mattapoisett,mattapoisett-ma/assessor,Assessor,True,3,at-large,3,True,False,https://www.mattapoisett.gov/257/Board-of-Assessors,https://www.mattapoisett.gov/DocumentCenter/View/2229/Annual-Town-Election-2026-Candidate-List,https://www.mattapoisett.gov/584/2026-Annual-Town-Election-Information,schema-ready,,Assessor
Mattapoisett,mattapoisett-ma/board-of-health-member,Board of Health Member,True,3,at-large,3,True,False,https://www.mattapoisett.gov/258/Board-of-Health,https://www.mattapoisett.gov/DocumentCenter/View/2229/Annual-Town-Election-2026-Candidate-List,https://www.mattapoisett.gov/584/2026-Annual-Town-Election-Information,schema-ready,,Board of Health Member
Mattapoisett,mattapoisett-ma/school-committee-member,School Committee Member,True,5,at-large,3,True,False,https://www.oldrochester.org/district/sc,https://www.mattapoisett.gov/DocumentCenter/View/2229/Annual-Town-Election-2026-Candidate-List,https://www.mattapoisett.gov/584/2026-Annual-Town-Election-Information,schema-ready,,Mattapoisett School Committee Member
Mattapoisett,mattapoisett-ma/old-rochester-regional-school-committee-member,Old Rochester Regional School Committee Member,True,3,district,3,True,False,https://www.mattapoisett.gov/328/ORR-District-School-Committee,https://www.mattapoisett.gov/DocumentCenter/View/2229/Annual-Town-Election-2026-Candidate-List,https://www.mattapoisett.gov/584/2026-Annual-Town-Election-Information,schema-ready,Three Mattapoisett representatives serve on the nine-member ORR District School Committee.,Old Rochester Regional School Committee Member
Mattapoisett,mattapoisett-ma/library-trustee,Library Trustee,True,6,at-large,3,True,False,https://mattapoisett.gov/314/Library-Trustees,https://www.mattapoisett.gov/DocumentCenter/View/2229/Annual-Town-Election-2026-Candidate-List,https://www.mattapoisett.gov/584/2026-Annual-Town-Election-Information,schema-ready,,Library Trustee
Mattapoisett,mattapoisett-ma/moderator,Moderator,True,1,at-large,1,False,False,https://www.mattapoisett.gov/DocumentCenter/View/2229/Annual-Town-Election-2026-Candidate-List,https://www.mattapoisett.gov/DocumentCenter/View/2229/Annual-Town-Election-2026-Candidate-List,https://www.mattapoisett.gov/584/2026-Annual-Town-Election-Information,schema-ready,,Moderator
Mattapoisett,mattapoisett-ma/water-sewer-commissioner,Water & Sewer Commissioner,True,3,at-large,3,True,False,https://mattapoisett.gov/345/Water-Sewer-Commissioners,https://www.mattapoisett.gov/DocumentCenter/View/2229/Annual-Town-Election-2026-Candidate-List,https://www.mattapoisett.gov/584/2026-Annual-Town-Election-Information,schema-ready,,Water & Sewer Commissioner
Mattapoisett,mattapoisett-ma/planning-board-member,Planning Board Member,True,5,at-large,5,True,False,https://mattapoisett.gov/329/Planning-Board,https://www.mattapoisett.gov/DocumentCenter/View/2229/Annual-Town-Election-2026-Candidate-List,https://www.mattapoisett.gov/584/2026-Annual-Town-Election-Information,schema-ready,,Planning Board Member
Mattapoisett,mattapoisett-ma/community-preservation-committee-elected-member,Community Preservation Committee Elected Member,True,4,at-large,2,True,False,https://www.mattapoisett.gov/263/Community-Preservation-Committee,https://www.mattapoisett.gov/DocumentCenter/View/2229/Annual-Town-Election-2026-Candidate-List,https://www.mattapoisett.gov/584/2026-Annual-Town-Election-Information,schema-ready,Four at-large members are elected; remaining CPC seats are filled by representatives of other boards and are excluded from this elected Post.,Community Preservation Committee Elected Member
Mattapoisett,mattapoisett-ma/highway-surveyor,Highway Surveyor,True,1,at-large,3,False,False,https://www.mattapoisett.gov/188/Highway-Department,https://www.mattapoisett.gov/188/Highway-Department,https://www.mattapoisett.gov/188/Highway-Department,schema-ready,,Highway Surveyor
Mattapoisett,mattapoisett-ma/housing-authority-member,Housing Authority Member,True,,at-large,5,,False,https://malegislature.gov/Laws/GeneralLaws/PartI/TitleXVII/Chapter121b/Section5,https://www.mattapoisett.gov/DocumentCenter/View/2229/Annual-Town-Election-2026-Candidate-List,https://www.mattapoisett.gov/584/2026-Annual-Town-Election-Information,statutory-transition-seat-classification-unresolved,"Current election materials prove the office remains on the ballot, but elected-seat composition is held unresolved pending c.121B transition reconciliation.",Housing Authority Member
Maynard,maynard-ma/select-board-member,Select Board Member,True,5,at-large,3,True,False,https://www.townofmaynard-ma.gov/261/Select-Board,https://www.townofmaynard-ma.gov/m/newsflash/Home/Detail/522,https://www.townofmaynard-ma.gov/m/newsflash/Home/Detail/522,schema-ready,,Select Board Member
Maynard,maynard-ma/school-committee-member,School Committee Member,True,5,at-large,3,True,False,https://townofmaynard-ma.gov/AgendaCenter/ViewFile/Agenda/_07232026-2180,https://www.townofmaynard-ma.gov/m/newsflash/Home/Detail/522,https://www.townofmaynard-ma.gov/m/newsflash/Home/Detail/522,schema-ready,,School Committee Member
Maynard,maynard-ma/library-trustee,Library Trustee,True,3,at-large,3,True,False,https://www.townofmaynard-ma.gov/ArchiveCenter/ViewFile/Item/371,https://www.townofmaynard-ma.gov/m/newsflash/Home/Detail/522,https://www.townofmaynard-ma.gov/m/newsflash/Home/Detail/522,schema-ready,,Library Trustee
Maynard,maynard-ma/moderator,Moderator,True,1,at-large,3,False,False,https://www.townofmaynard-ma.gov/DocumentCenter/View/4386/Presentation-for-Annual-Town-Meeting-May-18-2026,https://www.townofmaynard-ma.gov/m/newsflash/Home/Detail/522,https://www.townofmaynard-ma.gov/m/newsflash/Home/Detail/522,schema-ready,,Moderator
Maynard,maynard-ma/regional-vocational-school-committee-member,Regional Vocational School Committee Member,True,1,district,3,False,False,https://www.townofmaynard-ma.gov/ArchiveCenter/ViewFile/Item/371,https://www.townofmaynard-ma.gov/ArchiveCenter/ViewFile/Item/371,https://www.townofmaynard-ma.gov/ArchiveCenter/ViewFile/Item/371,schema-ready,,Regional Vocational School Committee Member
Maynard,maynard-ma/housing-authority-member,Housing Authority Member,True,3,at-large,5,True,False,https://malegislature.gov/Laws/GeneralLaws/PartI/TitleXVII/Chapter121b/Section5,https://www.townofmaynard-ma.gov/m/newsflash/Home/Detail/522,https://www.townofmaynard-ma.gov/m/newsflash/Home/Detail/522,schema-ready,Three voter-elected seats are modeled under current c.121B §5. Current Maynard roster identifies the tenant representative and state appointee; those two appointed seats are excluded.,Housing Authority Member
Medfield,medfield-ma/moderator,Moderator,True,1,at-large,3,False,False,https://www.town.medfield.net/DocumentCenter/View/9436/Select-Board-Meeting-Packet_03032026,https://www.town.medfield.net/DocumentCenter/View/9436/Select-Board-Meeting-Packet_03032026,https://www.town.medfield.net/2036/Election-Results,schema-ready,,Moderator
Medfield,medfield-ma/select-board-member,Select Board Member,True,3,at-large,3,True,False,https://town.medfield.net/293/Select-Board,https://www.town.medfield.net/DocumentCenter/View/9436/Select-Board-Meeting-Packet_03032026,https://www.town.medfield.net/2036/Election-Results,schema-ready,,Select Board Member
Medfield,medfield-ma/assessor,Assessor,True,3,at-large,3,True,False,https://www.town.medfield.net/257/Board-of-Assessors,https://www.town.medfield.net/DocumentCenter/View/9436/Select-Board-Meeting-Packet_03032026,https://www.town.medfield.net/2036/Election-Results,schema-ready,,Assessor
Medfield,medfield-ma/school-committee-member,School Committee Member,True,5,at-large,3,True,False,https://www.town.medfield.net/DocumentCenter/View/9436/Select-Board-Meeting-Packet_03032026,https://www.town.medfield.net/DocumentCenter/View/9436/Select-Board-Meeting-Packet_03032026,https://www.town.medfield.net/2036/Election-Results,schema-ready,,School Committee Member
Medfield,medfield-ma/library-trustee,Library Trustee,True,6,at-large,3,True,False,https://www.town.medfield.net/DocumentCenter/View/9436/Select-Board-Meeting-Packet_03032026,https://www.town.medfield.net/DocumentCenter/View/9436/Select-Board-Meeting-Packet_03032026,https://www.town.medfield.net/2036/Election-Results,schema-ready,"Two three-year trustee seats are elected each annual cycle, supporting a six-seat staggered elected board.",Library Trustee
Medfield,medfield-ma/park-recreation-commissioner,Park & Recreation Commissioner,True,5,at-large,3,True,False,https://www.town.medfield.net/DocumentCenter/View/9436/Select-Board-Meeting-Packet_03032026,https://www.town.medfield.net/DocumentCenter/View/9436/Select-Board-Meeting-Packet_03032026,https://www.town.medfield.net/2036/Election-Results,schema-ready,2026 warrant includes one regular three-year seat and one two-year vacancy fill; normal commission term is three years.,Park & Recreation Commissioner
Medfield,medfield-ma/planning-board-member,Planning Board Member,True,5,at-large,5,True,False,https://www.town.medfield.net/240/Planning-Board,https://www.town.medfield.net/DocumentCenter/View/9436/Select-Board-Meeting-Packet_03032026,https://www.town.medfield.net/2036/Election-Results,schema-ready,,Planning Board Member
Medfield,medfield-ma/trust-fund-commissioner,Trust Fund Commissioner,True,3,at-large,3,False,False,https://www.town.medfield.net/DocumentCenter/View/9436/Select-Board-Meeting-Packet_03032026,https://www.town.medfield.net/DocumentCenter/View/9436/Select-Board-Meeting-Packet_03032026,https://www.town.medfield.net/2036/Election-Results,schema-ready,,Trust Fund Commissioner
Medfield,medfield-ma/town-clerk,Town Clerk,True,1,at-large,3,False,False,https://www.town.medfield.net/2483/2026-Annual-Town-Meeting,https://www.town.medfield.net/DocumentCenter/View/9436/Select-Board-Meeting-Packet_03032026,https://www.town.medfield.net/2036/Election-Results,schema-ready,Town organizational/election materials identify Town Clerk as a voter-elected office; not on the 2026 ballot because its current term was off-cycle.,Town Clerk
Medfield,medfield-ma/housing-authority-member,Housing Authority Member,True,,at-large,,,False,https://malegislature.gov/Laws/GeneralLaws/PartI/TitleXVII/Chapter121b/Section5,https://www.town.medfield.net/DocumentCenter/View/9436/Select-Board-Meeting-Packet_03032026,https://www.town.medfield.net/2036/Election-Results,statutory-transition-term-classification-unresolved,2026 local warrant labels one Housing Authority seat as a three-year election while current c.121B uses a three-elected/tenant/state structure with transition rules. Current local elected-seat mapping and normal term cycle are held unresolved.,Housing Authority Member
Medford,medford-ma/mayor,Mayor,True,1,at-large,2,False,False,https://www.medfordma.org/boards-commissions/charter-study-committee,https://www.medfordma.org/departments/elections-commission,https://www.medfordma.org/mayors-office/,schema-ready,Current charter structure retained for 2026. The revised charter changes representation beginning with the 2027 municipal election; future structure is not serialized early.,Mayor
Medford,medford-ma/city-council-member,City Council Member,True,7,at-large,2,False,False,https://www.medfordma.org/citycouncil,https://www.medfordma.org/departments/elections-commission,https://www.medfordma.org/citycouncil,schema-ready,"Current charter: seven elected at-large councilors, two-year terms. Revised charter will move to eleven members (eight ward, three at-large) beginning with the 2027 transition.",City Council Member
Medford,medford-ma/school-committee-member,School Committee Member,True,6,at-large,2,False,False,https://www.medfordma.org/boards-commissions/charter-study-committee,https://www.medfordma.org/departments/elections-commission,https://www.mps02155.org/about/school-committee,schema-ready,Six voter-elected at-large members are serialized. The Mayor is an ex-officio committee member/chair under the current charter and is excluded from the six-seat elected Post. Revised charter changes district/at-large composition in 2027.,School Committee Member
Medway,medway-ma/select-board-member,Select Board Member,True,5,at-large,3,True,False,https://storage.googleapis.com/juniper-media-library/117/2024/08/medway_charter_for_posting.pdf,https://medwayma.gov/2026-town-election-nomination-papers/,https://medwayma.gov/select-board/,schema-ready,,Select Board Member
Medway,medway-ma/moderator,Moderator,True,1,at-large,3,False,False,https://storage.googleapis.com/juniper-media-library/117/2024/08/medway_charter_for_posting.pdf,https://medwayma.gov/2026-town-election-nomination-papers/,https://medwayma.gov/news-and-notices/town-election-results/,schema-ready,,Moderator
Medway,medway-ma/school-committee-member,School Committee Member,True,5,at-large,3,True,False,https://storage.googleapis.com/juniper-media-library/117/2024/08/medway_charter_for_posting.pdf,https://medwayma.gov/2026-town-election-nomination-papers/,https://www.medwayschools.org/page/school-committee,schema-ready,,School Committee Member
Medway,medway-ma/library-trustee,Library Trustee,True,5,at-large,3,True,False,https://storage.googleapis.com/juniper-media-library/117/2024/08/medway_charter_for_posting.pdf,https://medwayma.gov/2026-town-election-nomination-papers/,https://www.medwaylib.org/library-trustees/,schema-ready,,Library Trustee
Medway,medway-ma/planning-economic-development-board-member,Planning & Economic Development Board Member,True,5,at-large,3,True,False,https://storage.googleapis.com/juniper-media-library/117/2024/08/medway_charter_for_posting.pdf,https://medwayma.gov/2026-town-election-nomination-papers/,https://medwayma.gov/planning-economic-development-board/,schema-ready,,Planning & Economic Development Board Member
Medway,medway-ma/board-of-health-elected-member,Board of Health Elected Member,True,3,at-large,3,True,False,https://storage.googleapis.com/juniper-media-library/117/2024/08/medway_charter_for_posting.pdf,https://medwayma.gov/2026-town-election-nomination-papers/,https://www.medwayma.gov/board-of-health/,schema-ready,Charter establishes a five-member Board of Health with three elected and two appointed members. Only the three voter-elected seats are serialized.,Board of Health Elected Member
Medway,medway-ma/water-sewer-advisory-board-elected-member,Water & Sewer Advisory Board Elected Member,True,3,at-large,3,True,False,https://storage.googleapis.com/juniper-media-library/117/2024/08/medway_charter_for_posting.pdf,https://medwayma.gov/2026-town-election-nomination-papers/,https://www.medwayma.gov/dpw-water-sewer/,schema-ready,Charter establishes three elected and two appointed members. Only voter-elected seats are serialized.,Water & Sewer Advisory Board Elected Member
Medway,medway-ma/housing-authority-member,Housing Authority Member,True,3,at-large,,True,False,https://malegislature.gov/Laws/GeneralLaws/PartI/TitleXVII/Chapter121b/Section5,https://medwayma.gov/2026-town-election-nomination-papers/,https://medwayma.gov/housing-authority/,schema-ready,Current roster distinguishes three local elected members from the tenant representative and state appointee. Normal local term-cycle normalization is left unspecified during the c.121B transition.,Housing Authority Member
Medway,medway-ma/parks-commission-elected-member,Parks Commission Elected Member,True,3,at-large,3,True,False,https://storage.googleapis.com/juniper-media-library/117/2024/08/medway_charter_for_posting.pdf,https://medwayma.gov/2026-town-election-nomination-papers/,https://medwayma.gov/dpw-parks-commission/,schema-ready,Charter establishes three elected and two appointed Parks Commission seats. Only voter-elected seats are serialized.,Parks Commission Elected Member
Medway,medway-ma/redevelopment-authority-member,Redevelopment Authority Member,True,4,at-large,5,True,False,https://storage.googleapis.com/juniper-media-library/117/2024/08/medway_charter_for_posting.pdf,https://medwayma.gov/2026-town-election-nomination-papers/,https://medwayma.gov/redevelopment-authority/,schema-ready,Four local voter-elected members are serialized; the fifth seat is state-appointed and excluded.,Redevelopment Authority Member
Melrose,melrose-ma/mayor,Mayor,True,1,at-large,4,False,False,https://www.cityofmelrose.org/336/City-of-Melrose-Charter-Administrative-C,https://www.cityofmelrose.org/m/newsflash/home/detail/52,https://www.cityofmelrose.org/196/Mayor,schema-ready,,Mayor
Melrose,melrose-ma/city-council-member,City Council Member,True,11,mixed ward-at-large,2,False,False,https://www.cityofmelrose.org/336/City-of-Melrose-Charter-Administrative-C,https://www.cityofmelrose.org/m/newsflash/home/detail/52,https://www.cityofmelrose.org/513/City-Council,schema-ready,"Eleven voter-elected councilors: four at-large and seven ward seats, all elected every two years.",City Council Member
Melrose,melrose-ma/school-committee-member,School Committee Member,True,6,at-large,4,True,False,https://www.cityofmelrose.org/336/City-of-Melrose-Charter-Administrative-C,https://www.cityofmelrose.org/m/newsflash/home/detail/52,https://www.cityofmelrose.org/m/NewsFlash/Home/Detail/74,schema-ready,Six voter-elected at-large members are serialized. The Mayor serves on the committee ex officio and is excluded from this six-seat voter-elected Post.,School Committee Member
Melrose,melrose-ma/northeast-metropolitan-regional-vocational-school-committee-member,Northeast Metropolitan Regional Vocational School Committee Member,True,1,district,4,False,False,https://northeastmetrotech.com/77018_2,https://www.cityofmelrose.org/m/newsflash/home/detail/52,https://northeastmetrotech.com/77018_2,schema-ready,,Northeast Metropolitan Regional Vocational School Committee Member
Mendon,mendon-ma/moderator,Moderator,True,1,at-large,1,False,False,https://www.mendonma.gov/AgendaCenter/ViewFile/Minutes/_04292026-1515,https://www.mendonma.gov/AgendaCenter/ViewFile/Minutes/_04292026-1515,https://www.mendonma.gov/AgendaCenter/ViewFile/Minutes/_05192026-1520,schema-ready,,Moderator
Mendon,mendon-ma/select-board-member,Select Board Member,True,5,at-large,3,True,False,https://www.mendonma.gov/AgendaCenter/ViewFile/Minutes/_04292026-1515,https://www.mendonma.gov/AgendaCenter/ViewFile/Minutes/_04292026-1515,https://mendonma.gov/210/Select-Board,schema-ready,,Select Board Member
Mendon,mendon-ma/assessor,Assessor,True,3,at-large,3,True,False,https://www.mendonma.gov/AgendaCenter/ViewFile/Minutes/_04292026-1515,https://www.mendonma.gov/AgendaCenter/ViewFile/Minutes/_04292026-1515,https://www.mendonma.gov/227/Board-of-Assessors,schema-ready,,Assessor
Mendon,mendon-ma/board-of-health-member,Board of Health Member,True,3,at-large,3,True,False,https://www.mendonma.gov/AgendaCenter/ViewFile/Minutes/_04292026-1515,https://www.mendonma.gov/AgendaCenter/ViewFile/Minutes/_04292026-1515,https://www.mendonma.gov/226/Board-of-Health,schema-ready,,Board of Health Member
Mendon,mendon-ma/mendon-upton-regional-school-committee-member,Mendon-Upton Regional School Committee Member,True,3,district,3,True,False,https://www.mendonma.gov/AgendaCenter/ViewFile/Minutes/_04292026-1515,https://www.mendonma.gov/AgendaCenter/ViewFile/Minutes/_04292026-1515,https://www.mursd.org/o/mendon-upton-regional-school-district/page/school-committee-members,schema-ready,,Mendon-Upton Regional School Committee Member
Mendon,mendon-ma/blackstone-valley-regional-vocational-school-committee-member,Blackstone Valley Regional Vocational School Committee Member,True,1,district,4,False,False,https://www.mendonma.gov/sites/g/files/vyhlif881/f/pages/2024_annual_town_report.pdf,https://www.mendonma.gov/sites/g/files/vyhlif881/f/pages/2024_annual_town_report.pdf,https://www.valleytech.k12.ma.us/school-committee,schema-ready,,Blackstone Valley Regional Vocational School Committee Member
Mendon,mendon-ma/library-trustee,Taft Library Trustee,True,5,at-large,3,True,False,https://www.mendonma.gov/AgendaCenter/ViewFile/Minutes/_04292026-1515,https://www.mendonma.gov/AgendaCenter/ViewFile/Minutes/_04292026-1515,https://mendonma.gov/207/Taft-Library-Trustees,schema-ready,,Taft Library Trustee
Mendon,mendon-ma/water-commissioner,Water Commissioner,True,3,at-large,3,True,False,https://www.mendonma.gov/AgendaCenter/ViewFile/Minutes/_04292026-1515,https://www.mendonma.gov/AgendaCenter/ViewFile/Minutes/_04292026-1515,https://www.mendonma.gov/204/Water-Commission,schema-ready,,Water Commissioner
Mendon,mendon-ma/parks-commissioner,Parks Commissioner,True,3,at-large,3,True,False,https://www.mendonma.gov/AgendaCenter/ViewFile/Minutes/_04292026-1515,https://www.mendonma.gov/AgendaCenter/ViewFile/Minutes/_04292026-1515,https://www.mendonma.gov/212/Parks-Commission,schema-ready,"The 2026 ballot used one-, two-, and three-year seats to establish/rebalance staggered terms; normal commission terms are three years.",Parks Commissioner
Mendon,mendon-ma/planning-board-member,Planning Board Member,True,5,at-large,5,True,False,https://www.mendonma.gov/AgendaCenter/ViewFile/Minutes/_04292026-1515,https://www.mendonma.gov/AgendaCenter/ViewFile/Minutes/_04292026-1515,https://www.mendonma.gov/211/Planning-Board,schema-ready,,Planning Board Member
Mendon,mendon-ma/town-clerk,Town Clerk,True,1,at-large,3,False,False,https://www.mendonma.gov/sites/g/files/vyhlif881/f/pages/2024_annual_town_report.pdf,https://www.mendonma.gov/sites/g/files/vyhlif881/f/pages/2024_annual_town_report.pdf,https://www.mendonma.gov/sites/g/files/vyhlif881/f/pages/2024_annual_town_report.pdf,schema-ready,Town Clerk remains elected as of 2026; discussion of a future appointed transition has not been treated as enacted.,Town Clerk
Mendon,mendon-ma/tree-warden,Tree Warden,True,1,at-large,3,False,False,https://www.mendonma.gov/161/Tree-Warden,https://www.mendonma.gov/sites/g/files/vyhlif881/f/pages/2024_annual_town_report.pdf,https://www.mendonma.gov/161/Tree-Warden,schema-ready,,Tree Warden
Mendon,mendon-ma/housing-authority-member,Housing Authority Member,True,3,at-large,5,True,False,https://malegislature.gov/Laws/GeneralLaws/PartI/TitleXVII/Chapter121b/Section5,https://www.mendonma.gov/sites/g/files/vyhlif881/f/pages/2024_annual_town_report.pdf,https://mendonma.gov/169/Housing-Authority,schema-ready,Three locally elected seats are serialized; the resident/tenant and state-appointed positions are excluded.,Housing Authority Member
Merrimac,merrimac-ma/select-board-member,Select Board Member,True,5,at-large,3,True,False,https://townofmerrimac.com/wp-content/uploads/2026/05/2025-Annual-Town-Report.pdf,https://townofmerrimac.com/annual-local-election-information/,https://townofmerrimac.com/select-board/,schema-ready,,Select Board Member
Merrimac,merrimac-ma/assessor,Assessor,True,3,at-large,3,True,False,https://townofmerrimac.com/wp-content/uploads/2026/05/2025-Annual-Town-Report.pdf,https://townofmerrimac.com/annual-local-election-information/,https://townofmerrimac.com/wp-content/uploads/2026/05/PCT-1-05042026.pdf,schema-ready,,Assessor
Merrimac,merrimac-ma/board-of-health-member,Board of Health Member,True,3,at-large,3,True,False,https://townofmerrimac.com/wp-content/uploads/2026/05/2025-Annual-Town-Report.pdf,https://townofmerrimac.com/annual-local-election-information/,https://townofmerrimac.com/wp-content/uploads/2026/05/PCT-1-05042026.pdf,schema-ready,,Board of Health Member
Merrimac,merrimac-ma/light-commissioner,Light Commissioner,True,3,at-large,3,True,False,https://townofmerrimac.com/wp-content/uploads/2026/05/2025-Annual-Town-Report.pdf,https://townofmerrimac.com/annual-local-election-information/,https://townofmerrimac.com/wp-content/uploads/2026/05/PCT-1-05042026.pdf,schema-ready,,Light Commissioner
Merrimac,merrimac-ma/cemetery-trustee,Cemetery Trustee,True,3,at-large,3,True,False,https://townofmerrimac.com/wp-content/uploads/2026/05/2025-Annual-Town-Report.pdf,https://townofmerrimac.com/annual-local-election-information/,https://townofmerrimac.com/wp-content/uploads/2026/05/PCT-1-05042026.pdf,schema-ready,,Cemetery Trustee
Merrimac,merrimac-ma/constable,Constable,True,3,at-large,3,True,False,https://townofmerrimac.com/wp-content/uploads/2026/05/2025-Annual-Town-Report.pdf,https://townofmerrimac.com/annual-local-election-information/,https://townofmerrimac.com/wp-content/uploads/2026/05/2025-Annual-Town-Report.pdf,schema-ready,,Constable
Merrimac,merrimac-ma/housing-authority-member,Housing Authority Member,True,3,at-large,5,True,False,https://malegislature.gov/Laws/GeneralLaws/PartI/TitleXVII/Chapter121b/Section5,https://townofmerrimac.com/annual-local-election-information/,https://townofmerrimac.com/wp-content/uploads/2026/05/2025-Annual-Town-Report.pdf,schema-ready,Three locally elected Housing Authority seats are serialized; tenant/resident and state-appointed positions are excluded.,Housing Authority Member
Merrimac,merrimac-ma/library-trustee,Library Trustee,True,6,at-large,3,True,False,https://townofmerrimac.com/wp-content/uploads/2026/05/2025-Annual-Town-Report.pdf,https://townofmerrimac.com/annual-local-election-information/,https://townofmerrimac.com/wp-content/uploads/2026/05/PCT-1-05042026.pdf,schema-ready,,Library Trustee
Merrimac,merrimac-ma/moderator,Moderator,True,1,at-large,1,False,False,https://townofmerrimac.com/wp-content/uploads/2026/01/MERRIMAC.-Election-schedule-2026.pdf,https://townofmerrimac.com/annual-local-election-information/,https://townofmerrimac.com/wp-content/uploads/2026/05/PCT-1-05042026.pdf,schema-ready,,Moderator
Merrimac,merrimac-ma/planning-board-member,Planning Board Member,True,5,at-large,5,True,False,https://townofmerrimac.com/wp-content/uploads/2026/05/2025-Annual-Town-Report.pdf,https://townofmerrimac.com/annual-local-election-information/,https://townofmerrimac.com/wp-content/uploads/2026/05/PCT-1-05042026.pdf,schema-ready,The 2026 ballot included a regular five-year seat and a four-year vacancy fill; normal Planning Board term is five years.,Planning Board Member
Merrimac,merrimac-ma/pentucket-regional-school-committee-member,Pentucket Regional School Committee Member,True,3,district,3,True,False,https://townofmerrimac.com/wp-content/uploads/2026/05/2025-Annual-Town-Report.pdf,https://townofmerrimac.com/annual-local-election-information/,https://townofmerrimac.com/wp-content/uploads/2026/05/PCT-1-05042026.pdf,schema-ready,,Pentucket Regional School Committee Member
Merrimac,merrimac-ma/town-clerk,Town Clerk,True,1,at-large,3,False,False,https://townofmerrimac.com/wp-content/uploads/2026/05/2025-Annual-Town-Report.pdf,https://townofmerrimac.com/annual-local-election-information/,https://townofmerrimac.com/elections-and-voting/,schema-ready,,Town Clerk
Merrimac,merrimac-ma/park-recreation-commissioner,Park & Recreation Commissioner,True,3,at-large,3,True,False,https://townofmerrimac.com/wp-content/uploads/2026/01/MERRIMAC.-Election-schedule-2026.pdf,https://townofmerrimac.com/annual-local-election-information/,https://townofmerrimac.com/wp-content/uploads/2026/05/PCT-1-05042026.pdf,schema-ready,"The 2026 ballot filled one-, two-, and three-year seats to establish/rebalance staggered terms; normal commission term is three years.",Park & Recreation Commissioner
Methuen,methuen-ma/mayor,Mayor,True,1,at-large,2,False,,https://www.cityofmethuen.net/DocumentCenter/View/3804/Methuen-Home-Rule-Charter-as-of-December-12-2024-PDF,https://www.cityofmethuen.net/894/Candidate-Information,https://www.cityofmethuen.net/DocumentCenter/View/4874/Official-Certified-Municipal-Election-Results--11425-PDF?bidId=,schema-ready,Home Rule Charter §3-1 makes the Mayor voter-elected for a two-year term.,Mayor
Methuen,methuen-ma/city-council-member,City Council Member,True,9,mixed district-at-large,2,False,,https://www.cityofmethuen.net/DocumentCenter/View/3804/Methuen-Home-Rule-Charter-as-of-December-12-2024-PDF,https://www.cityofmethuen.net/894/Candidate-Information,https://www.cityofmethuen.net/DocumentCenter/View/4874/Official-Certified-Municipal-Election-Results--11425-PDF?bidId=,schema-ready,"Nine members: three at-large and two from each of East, Central, and West districts; all serve two-year terms.",City Council Member
Methuen,methuen-ma/school-committee-member,School Committee Member,True,6,at-large,2,False,,https://www.cityofmethuen.net/DocumentCenter/View/3804/Methuen-Home-Rule-Charter-as-of-December-12-2024-PDF,https://www.cityofmethuen.net/894/Candidate-Information,https://www.cityofmethuen.net/DocumentCenter/View/4874/Official-Certified-Municipal-Election-Results--11425-PDF?bidId=,schema-ready,Six voter-elected at-large members. The Mayor chairs ex officio and is not counted among these six elected School Committee seats.,School Committee Member
Methuen,methuen-ma/housing-authority-member,Housing Authority Member,True,2,at-large,2,False,,https://www.cityofmethuen.net/894/Candidate-Information,https://www.cityofmethuen.net/894/Candidate-Information,https://www.cityofmethuen.net/DocumentCenter/View/4874/Official-Certified-Municipal-Election-Results--11425-PDF?bidId=,schema-ready,Only the two voter-elected Methuen Housing Authority seats are modeled. Three other authority seats are non-elected.,Housing Authority Member
Methuen,methuen-ma/greater-lawrence-technical-school-committee-member,Greater Lawrence Technical School Committee Member,True,2,at-large,2,False,,https://www.cityofmethuen.net/894/Candidate-Information,https://www.cityofmethuen.net/894/Candidate-Information,https://www.cityofmethuen.net/DocumentCenter/View/4874/Official-Certified-Municipal-Election-Results--11425-PDF?bidId=,schema-ready,Methuen elects two representatives to the Greater Lawrence Technical School District Committee.,Greater Lawrence Technical School Committee Member
Methuen,methuen-ma/nevins-library-trustee,Nevins Memorial Library Trustee,True,2,at-large,2,False,,https://www.cityofmethuen.net/DocumentCenter/View/3804/Methuen-Home-Rule-Charter-as-of-December-12-2024-PDF,https://www.cityofmethuen.net/894/Candidate-Information,https://www.cityofmethuen.net/DocumentCenter/View/4874/Official-Certified-Municipal-Election-Results--11425-PDF?bidId=,schema-ready,Two Nevins Memorial Library trustee seats are filled by Methuen voters for two-year terms; other library trustees are not modeled as voter-elected municipal seats.,Nevins Memorial Library Trustee
Middleborough,middleborough-ma/select-board-member,Select Board Member,True,5,at-large,3,True,,https://ecode360.com/30455948,https://www.middleboroughma.gov/852/Annual-Town-Election,https://www.middleboroughma.gov/DocumentCenter/View/8607/ELECTED-OFFICIALS?bidId=,schema-ready,Charter §2 establishes staggered three-year voter-elected Select Board seats.,Select Board Member
Middleborough,middleborough-ma/municipal-light-board-member,Municipal Light Board Member,True,5,at-large,3,True,,https://ecode360.com/30717659,https://www.middleboroughma.gov/852/Annual-Town-Election,https://www.middleboroughma.gov/DocumentCenter/View/8607/ELECTED-OFFICIALS?bidId=,schema-ready,Charter §3.A establishes a five-member elected Municipal Light Board; current roster is styled Gas & Electric Commission.,Municipal Light Board Member
Middleborough,middleborough-ma/school-committee-member,School Committee Member,True,7,at-large,3,True,,https://www.middleboroughma.gov/852/Annual-Town-Election,https://www.middleboroughma.gov/852/Annual-Town-Election,https://www.middleboroughma.gov/DocumentCenter/View/8607/ELECTED-OFFICIALS?bidId=,schema-ready,Current official elected-official roster confirms seven seats; regular terms are three years.,School Committee Member
Middleborough,middleborough-ma/assessor,Assessor,True,3,at-large,3,True,,https://www.middleboroughma.gov/852/Annual-Town-Election,https://www.middleboroughma.gov/852/Annual-Town-Election,https://www.middleboroughma.gov/DocumentCenter/View/8607/ELECTED-OFFICIALS?bidId=,schema-ready,Current official elected-official roster confirms three elected Assessors with staggered three-year terms.,Assessor
Middleborough,middleborough-ma/moderator,Moderator,True,1,at-large,3,False,,https://www.middleboroughma.gov/852/Annual-Town-Election,https://www.middleboroughma.gov/852/Annual-Town-Election,https://www.middleboroughma.gov/DocumentCenter/View/8607/ELECTED-OFFICIALS?bidId=,schema-ready,Moderator is listed as an elective town office; current term expiration and election cycle support a regular three-year term.,Moderator
Middleborough,middleborough-ma/finance-committee-member,Finance Committee Member,True,7,at-large,3,True,,https://ecode360.com/30717659,https://www.middleboroughma.gov/852/Annual-Town-Election,https://www.middleboroughma.gov/DocumentCenter/View/8607/ELECTED-OFFICIALS?bidId=,schema-ready,Charter §4 establishes seven elected members serving staggered three-year terms.,Finance Committee Member
Middleborough,middleborough-ma/planning-board-member,Planning Board Member,True,5,at-large,5,True,,https://ecode360.com/30718444,https://www.middleboroughma.gov/852/Annual-Town-Election,https://www.middleboroughma.gov/DocumentCenter/View/8607/ELECTED-OFFICIALS?bidId=,schema-ready,Zoning Bylaw §9.3.1 establishes five elected Planning Board members. The separately listed associate member is excluded.,Planning Board Member
Middleborough,middleborough-ma/park-commissioner,Park Commissioner,True,5,at-large,3,True,,https://www.middleboroughma.gov/852/Annual-Town-Election,https://www.middleboroughma.gov/852/Annual-Town-Election,https://www.middleboroughma.gov/DocumentCenter/View/8607/ELECTED-OFFICIALS?bidId=,schema-ready,Current official elected-official roster confirms five elected Park Commissioners with staggered three-year terms.,Park Commissioner
Middleborough,middleborough-ma/housing-authority-member,Housing Authority Member,True,4,at-large,5,True,,https://www.middleboroughma.gov/852/Annual-Town-Election,https://www.middleboroughma.gov/852/Annual-Town-Election,https://www.middleboroughma.gov/DocumentCenter/View/8607/ELECTED-OFFICIALS?bidId=,schema-ready,Current five-person authority roster identifies one State Appointee; only the four locally elected seats are modeled.,Housing Authority Member
Middlefield,middlefield-ma/select-board-member,Select Board Member,True,3,at-large,3,True,,https://www.middlefield-ma.gov/217/Select-Board,https://www.middlefield-ma.gov/CivicAlerts.aspx,https://www.middlefield-ma.gov/m/newsflash/home/detail/36,schema-ready,Current official page states three residents elected for staggered three-year terms.,Select Board Member
Middlefield,middlefield-ma/assessor,Assessor,True,3,at-large,3,True,,https://www.middlefield-ma.gov/DocumentCenter/View/275/Bylaws-Enacted-in-1987-PDF,https://www.middlefield-ma.gov/CivicAlerts.aspx,https://www.middlefield-ma.gov/m/newsflash/home/detail/36,schema-ready,"Regular bylaws establish three elected Assessors, one elected each year for three years; current roster confirms three seats.",Assessor
Middlefield,middlefield-ma/cemetery-commissioner,Cemetery Commissioner,True,3,at-large,3,True,,https://www.middlefield-ma.gov/DocumentCenter/View/275/Bylaws-Enacted-in-1987-PDF,https://www.middlefield-ma.gov/CivicAlerts.aspx,https://www.middlefield-ma.gov/m/newsflash/home/detail/36,schema-ready,"Regular bylaws establish three elected Cemetery Commissioners, one elected each year for three years.",Cemetery Commissioner
Middlefield,middlefield-ma/gateway-regional-school-committee-member,Gateway Regional School Committee Member,True,2,district,3,True,,https://www.middlefield-ma.gov/DocumentCenter/View/280/May-07-2022-Article13-PDF,https://www.middlefield-ma.gov/CivicAlerts.aspx,https://www.middlefield-ma.gov/m/newsflash/home/detail/36,schema-ready,Current Gateway regional agreement allocates two elected committee members to Middlefield.,Gateway Regional School Committee Member
Middlefield,middlefield-ma/finance-committee-member,Finance Committee Member,True,5,at-large,3,True,,https://www.middlefield-ma.gov/DocumentCenter/View/275/Bylaws-Enacted-in-1987-PDF,https://www.middlefield-ma.gov/CivicAlerts.aspx,https://www.middlefield-ma.gov/m/newsflash/home/detail/36,schema-ready,Regular bylaws establish five elected members for rotating three-year terms. The Moderator's ex-officio non-voting Finance Committee role is not counted.,Finance Committee Member
Middlefield,middlefield-ma/library-trustee,Library Trustee,True,3,at-large,3,True,,https://www.middlefield-ma.gov/CivicAlerts.aspx,https://www.middlefield-ma.gov/CivicAlerts.aspx,https://www.middlefield-ma.gov/m/newsflash/home/detail/36,schema-ready,Current election cycle and official trustee roster establish three staggered three-year elected trustee seats.,Library Trustee
Middlefield,middlefield-ma/planning-board-member,Planning Board Member,True,5,at-large,3,True,,https://www.middlefield-ma.gov/DocumentCenter/View/275/Bylaws-Enacted-in-1987-PDF,https://www.middlefield-ma.gov/CivicAlerts.aspx,https://www.middlefield-ma.gov/m/newsflash/home/detail/36,schema-ready,Regular bylaws establish a five-member elected Planning Board for three-year terms; current official page presently names only four members.,Planning Board Member
Middlefield,middlefield-ma/moderator,Moderator,True,1,at-large,1,False,,https://www.middlefield-ma.gov/227/Moderator,https://www.middlefield-ma.gov/CivicAlerts.aspx,https://www.middlefield-ma.gov/m/newsflash/home/detail/36,schema-ready,Current official page states the Moderator is elected annually for one year.,Moderator
Middlefield,middlefield-ma/constable,Constable,True,2,at-large,3,True,,https://www.middlefield-ma.gov/DocumentCenter/View/304/May-04-2024-Election-Results-PDF,https://www.middlefield-ma.gov/DocumentCenter/View/304/May-04-2024-Election-Results-PDF,https://www.middlefield-ma.gov/DocumentCenter/View/304/May-04-2024-Election-Results-PDF,schema-ready,Town warrants identify two compensated elected Constable positions; the 2024 official election elected Curt Robie to a three-year term.,Constable
Middlefield,middlefield-ma/town-clerk,Town Clerk,True,1,at-large,3,False,,https://www.middlefield-ma.gov/230/Town-Clerk,https://www.middlefield-ma.gov/CivicAlerts.aspx,https://www.middlefield-ma.gov/DocumentCenter/View/304/May-04-2024-Election-Results-PDF,schema-ready,Current Town Clerk page states a three-year elected term. This supersedes the obsolete one-year term text still visible in the 1987 bylaw PDF.,Town Clerk
Middleton,middleton-ma/moderator,Moderator,True,1,at-large,3,False,,https://middletonma.gov/537/Town-Officials---Elected,https://middletonma.gov/315/Election-Results,https://middletonma.gov/315/Election-Results,schema-ready,,Moderator
Middleton,middleton-ma/town-clerk,Town Clerk,True,1,at-large,3,False,,https://middletonma.gov/537/Town-Officials---Elected,https://middletonma.gov/315/Election-Results,https://middletonma.gov/315/Election-Results,schema-ready,,Town Clerk
Middleton,middleton-ma/select-board-member,Select Board Member,True,5,at-large,3,True,,https://middletonma.gov/537/Town-Officials---Elected,https://middletonma.gov/315/Election-Results,https://middletonma.gov/315/Election-Results,schema-ready,,Select Board Member
Middleton,middleton-ma/constable,Constable,True,1,at-large,3,False,,https://middletonma.gov/537/Town-Officials---Elected,https://middletonma.gov/315/Election-Results,https://middletonma.gov/315/Election-Results,schema-ready,,Constable
Middleton,middleton-ma/assessor,Assessor,True,3,at-large,3,True,,https://middletonma.gov/537/Town-Officials---Elected,https://middletonma.gov/315/Election-Results,https://middletonma.gov/315/Election-Results,schema-ready,Current elected-official directory lists three elected seats; one seat is explicitly vacant.,Assessor
Middleton,middleton-ma/elementary-school-committee-member,Elementary School Committee Member,True,5,at-large,3,True,,https://middletonma.gov/537/Town-Officials---Elected,https://middletonma.gov/315/Election-Results,https://middletonma.gov/315/Election-Results,schema-ready,,Elementary School Committee Member
Middleton,middleton-ma/regional-school-committee-member,Regional School Committee Member,True,4,district,3,True,,https://middletonma.gov/537/Town-Officials---Elected,https://middletonma.gov/315/Election-Results,https://middletonma.gov/315/Election-Results,schema-ready,,Regional School Committee Member
Middleton,middleton-ma/planning-board-member,Planning Board Member,True,5,at-large,5,True,,https://middletonma.gov/537/Town-Officials---Elected,https://middletonma.gov/315/Election-Results,https://middletonma.gov/315/Election-Results,schema-ready,,Planning Board Member
Middleton,middleton-ma/electric-light-commissioner,Electric Light Commissioner,True,5,at-large,3,True,,https://middletonma.gov/537/Town-Officials---Elected,https://middletonma.gov/315/Election-Results,https://middletonma.gov/315/Election-Results,schema-ready,,Electric Light Commissioner
Middleton,middleton-ma/flint-library-trustee,Flint Public Library Trustee,True,5,at-large,3,True,,https://middletonma.gov/537/Town-Officials---Elected,https://middletonma.gov/315/Election-Results,https://middletonma.gov/315/Election-Results,schema-ready,,Flint Public Library Trustee
Middleton,middleton-ma/housing-authority-member,Housing Authority Member,True,3,at-large,5,True,,https://middletonma.gov/537/Town-Officials---Elected,https://middletonma.gov/315/Election-Results,https://middletonma.gov/315/Election-Results,schema-ready,Only the three locally elected Housing Authority seats are modeled; state-appointed and tenant/resident seats are excluded.,Housing Authority Member
Milford,milford-ma/select-board-member,Select Board Member,True,3,at-large,3,True,,https://milfordma.gov/DocumentCenter/View/297/Town-of-Milford-By-Laws-PDF,https://www.milfordma.gov/475/Election-Results,https://milfordma.gov/DocumentCenter/View/3047/Official-Results-2026-Annual-Town-Election,schema-ready,,Select Board Member
Milford,milford-ma/town-clerk,Town Clerk,True,1,at-large,3,False,,https://milfordma.gov/DocumentCenter/View/297/Town-of-Milford-By-Laws-PDF,https://www.milfordma.gov/475/Election-Results,https://milfordma.gov/DocumentCenter/View/3047/Official-Results-2026-Annual-Town-Election,schema-ready,,Town Clerk
Milford,milford-ma/assessor,Assessor,True,3,at-large,3,True,,https://milfordma.gov/DocumentCenter/View/297/Town-of-Milford-By-Laws-PDF,https://www.milfordma.gov/475/Election-Results,https://milfordma.gov/DocumentCenter/View/3047/Official-Results-2026-Annual-Town-Election,schema-ready,,Assessor
Milford,milford-ma/board-of-health-member,Board of Health Member,True,3,at-large,3,True,,https://milfordma.gov/DocumentCenter/View/297/Town-of-Milford-By-Laws-PDF,https://www.milfordma.gov/475/Election-Results,https://milfordma.gov/DocumentCenter/View/3047/Official-Results-2026-Annual-Town-Election,schema-ready,,Board of Health Member
Milford,milford-ma/library-trustee,Library Trustee,True,6,at-large,3,True,,https://milfordma.gov/DocumentCenter/View/297/Town-of-Milford-By-Laws-PDF,https://www.milfordma.gov/475/Election-Results,https://milfordma.gov/DocumentCenter/View/3047/Official-Results-2026-Annual-Town-Election,schema-ready,,Library Trustee
Milford,milford-ma/park-commissioner,Park Commissioner,True,3,at-large,3,True,,https://milfordma.gov/DocumentCenter/View/297/Town-of-Milford-By-Laws-PDF,https://www.milfordma.gov/475/Election-Results,https://milfordma.gov/DocumentCenter/View/3047/Official-Results-2026-Annual-Town-Election,schema-ready,,Park Commissioner
Milford,milford-ma/planning-board-member,Planning Board Member,True,5,at-large,5,True,,https://milfordma.gov/DocumentCenter/View/297/Town-of-Milford-By-Laws-PDF,https://www.milfordma.gov/475/Election-Results,https://milfordma.gov/DocumentCenter/View/3047/Official-Results-2026-Annual-Town-Election,schema-ready,,Planning Board Member
Milford,milford-ma/sewer-commissioner,Sewer Commissioner,True,3,at-large,3,True,,https://milfordma.gov/DocumentCenter/View/297/Town-of-Milford-By-Laws-PDF,https://www.milfordma.gov/475/Election-Results,https://milfordma.gov/DocumentCenter/View/3047/Official-Results-2026-Annual-Town-Election,schema-ready,,Sewer Commissioner
Milford,milford-ma/moderator,Moderator,True,1,at-large,3,False,,https://milfordma.gov/DocumentCenter/View/297/Town-of-Milford-By-Laws-PDF,https://www.milfordma.gov/475/Election-Results,https://milfordma.gov/DocumentCenter/View/3047/Official-Results-2026-Annual-Town-Election,schema-ready,,Moderator
Milford,milford-ma/tree-warden,Tree Warden,True,1,at-large,3,False,,https://milfordma.gov/DocumentCenter/View/297/Town-of-Milford-By-Laws-PDF,https://www.milfordma.gov/475/Election-Results,https://milfordma.gov/DocumentCenter/View/3047/Official-Results-2026-Annual-Town-Election,schema-ready,,Tree Warden
Milford,milford-ma/school-committee-member,School Committee Member,True,7,at-large,3,True,,https://milfordma.gov/DocumentCenter/View/297/Town-of-Milford-By-Laws-PDF,https://www.milfordma.gov/475/Election-Results,https://milfordma.gov/DocumentCenter/View/3047/Official-Results-2026-Annual-Town-Election,schema-ready,,School Committee Member
Milford,milford-ma/housing-authority-member,Housing Authority Member,True,3,at-large,5,True,,https://milfordma.gov/DocumentCenter/View/297/Town-of-Milford-By-Laws-PDF,https://www.milfordma.gov/475/Election-Results,https://milfordma.gov/DocumentCenter/View/3047/Official-Results-2026-Annual-Town-Election,schema-ready,Only the three locally elected Housing Authority seats are modeled; the state and Select Board appointees are excluded.,Housing Authority Member
Milford,milford-ma/vernon-grove-trustee,Vernon Grove Cemetery Trustee,True,6,at-large,3,True,,https://milfordma.gov/DocumentCenter/View/297/Town-of-Milford-By-Laws-PDF,https://www.milfordma.gov/475/Election-Results,https://milfordma.gov/DocumentCenter/View/3047/Official-Results-2026-Annual-Town-Election,schema-ready,,Vernon Grove Cemetery Trustee
Milford,milford-ma/water-commissioner,Water Commissioner,True,3,at-large,3,True,,https://milfordma.gov/DocumentCenter/View/297/Town-of-Milford-By-Laws-PDF,https://www.milfordma.gov/475/Election-Results,https://milfordma.gov/DocumentCenter/View/3047/Official-Results-2026-Annual-Town-Election,schema-ready,,Water Commissioner
Milford,milford-ma/constable,Constable,True,5,at-large,3,True,,https://milfordma.gov/DocumentCenter/View/297/Town-of-Milford-By-Laws-PDF,https://www.milfordma.gov/475/Election-Results,https://milfordma.gov/DocumentCenter/View/3047/Official-Results-2026-Annual-Town-Election,schema-ready,,Constable
Milford,milford-ma/representative-town-meeting-member,Representative Town Meeting Member,True,240,precinct,3,True,,https://milfordma.gov/DocumentCenter/View/297/Town-of-Milford-By-Laws-PDF,https://www.milfordma.gov/475/Election-Results,https://milfordma.gov/DocumentCenter/View/3047/Official-Results-2026-Annual-Town-Election,schema-ready,"Eight precincts with 30 elected representatives each, staggered in regular three-year cohorts of 10 per precinct. Ex-officio/non-elected participants are not included.",Representative Town Meeting Member
Milford,milford-ma/blackstone-valley-regional-vocational-school-committee-member,Blackstone Valley Regional Vocational School Committee Member,True,1,district,4,False,,https://www.valleytech.k12.ma.us/about/district/schoolcommittee,https://www.milfordma.gov/475/Election-Results,https://milfordma.gov/DocumentCenter/View/3047/Official-Results-2026-Annual-Town-Election,schema-ready,One Milford representative to the Blackstone Valley Regional Vocational Technical School District Committee.,Blackstone Valley Regional Vocational School Committee Member
Millbury,millbury-ma/select-board-member,Select Board Member,True,5,at-large,3,True,,https://www.millburyma.gov/board-selectmen/files/annual-town-report-fy2025,https://www.millburyma.gov/board-selectmen/files/annual-town-report-fy2025,https://www.millburyma.gov/board-selectmen/files/annual-town-report-fy2025,schema-ready,,Select Board Member
Millbury,millbury-ma/assessor,Assessor,True,3,at-large,3,True,,https://www.millburyma.gov/board-selectmen/files/annual-town-report-fy2025,https://www.millburyma.gov/board-selectmen/files/annual-town-report-fy2025,https://www.millburyma.gov/board-selectmen/files/annual-town-report-fy2025,schema-ready,,Assessor
Millbury,millbury-ma/school-committee-member,School Committee Member,True,5,at-large,3,True,,https://www.millburyma.gov/board-selectmen/files/annual-town-report-fy2025,https://www.millburyma.gov/board-selectmen/files/annual-town-report-fy2025,https://www.millburyma.gov/board-selectmen/files/annual-town-report-fy2025,schema-ready,,School Committee Member
Millbury,millbury-ma/redevelopment-authority-member,Redevelopment Authority Member,True,5,at-large,5,True,,https://www.millburyma.gov/board-selectmen/files/annual-town-report-fy2025,https://www.millburyma.gov/board-selectmen/files/annual-town-report-fy2025,https://www.millburyma.gov/board-selectmen/files/annual-town-report-fy2025,schema-ready,Five elected seats; the current holder layer contains one explicit vacancy.,Redevelopment Authority Member
Millbury,millbury-ma/board-of-health-member,Board of Health Member,True,3,at-large,3,True,,https://www.millburyma.gov/board-selectmen/files/annual-town-report-fy2025,https://www.millburyma.gov/board-selectmen/files/annual-town-report-fy2025,https://www.millburyma.gov/board-selectmen/files/annual-town-report-fy2025,schema-ready,,Board of Health Member
Millbury,millbury-ma/housing-authority-member,Housing Authority Member,True,3,at-large,5,True,,https://www.millburyma.gov/board-selectmen/files/annual-town-report-fy2025,https://www.millburyma.gov/board-selectmen/files/annual-town-report-fy2025,https://www.millburyma.gov/board-selectmen/files/annual-town-report-fy2025,schema-ready,Only the three locally elected Housing Authority seats are modeled; the state-appointed member is excluded.,Housing Authority Member
Millbury,millbury-ma/planning-board-member,Planning Board Member,True,5,at-large,3,True,,https://www.millburyma.gov/board-selectmen/files/annual-town-report-fy2025,https://www.millburyma.gov/board-selectmen/files/annual-town-report-fy2025,https://www.millburyma.gov/board-selectmen/files/annual-town-report-fy2025,schema-ready,,Planning Board Member
Millbury,millbury-ma/library-trustee,Library Trustee,True,7,at-large,3,True,,https://www.millburyma.gov/board-selectmen/files/annual-town-report-fy2025,https://www.millburyma.gov/board-selectmen/files/annual-town-report-fy2025,https://www.millburyma.gov/AgendaCenter/ViewFile/Agenda/_06232026-696,schema-ready,,Library Trustee
Millbury,millbury-ma/moderator,Moderator,True,1,at-large,3,False,,https://www.millburyma.gov/board-selectmen/files/annual-town-report-fy2025,https://www.millburyma.gov/board-selectmen/files/annual-town-report-fy2025,https://www.millburyma.gov/board-selectmen/files/annual-town-report-fy2025,schema-ready,,Moderator
Millbury,millbury-ma/blackstone-valley-regional-vocational-school-committee-member,Blackstone Valley Regional Vocational School Committee Member,True,1,district,4,False,,https://www.valleytech.k12.ma.us/about/district/schoolcommittee,https://www.millburyma.gov/board-selectmen/files/annual-town-report-fy2025,https://www.valleytech.k12.ma.us/about/district/schoolcommittee,schema-ready,,Blackstone Valley Regional Vocational School Committee Member
Millis,millis-ma/select-board-member,Select Board Member,True,3,at-large,3,True,,https://www.millisma.gov/home-rule-charter,https://www.millisma.gov/town-clerk/pages/elections-voting,https://www.millisma.gov/sites/g/files/vyhlif901/f/uploads/millis2024_final_tr.pdf,schema-ready,,Select Board Member
Millis,millis-ma/moderator,Moderator,True,1,at-large,1,False,,https://www.millisma.gov/sites/g/files/vyhlif901/f/uploads/millis2024_final_tr.pdf,https://www.millisma.gov/town-clerk/pages/elections-voting,https://www.millisma.gov/sites/g/files/vyhlif901/f/uploads/millis2024_final_tr.pdf,schema-ready,,Moderator
Millis,millis-ma/school-committee-member,School Committee Member,True,5,at-large,3,True,,https://www.millisma.gov/sites/g/files/vyhlif901/f/uploads/millis2024_final_tr.pdf,https://www.millisma.gov/town-clerk/pages/elections-voting,https://www.millisma.gov/sites/g/files/vyhlif901/f/uploads/millis2024_final_tr.pdf,schema-ready,,School Committee Member
Millis,millis-ma/town-clerk,Town Clerk,True,1,at-large,3,False,,https://www.millisma.gov/home-rule-charter,https://www.millisma.gov/town-clerk/pages/elections-voting,https://www.millisma.gov/sites/g/files/vyhlif901/f/uploads/millis2024_final_tr.pdf,schema-ready,Charter/current election framework keeps the Town Clerk as an elected office. A proposed conversion to appointed status was not treated as enacted controlling law.,Town Clerk
Millis,millis-ma/library-trustee,Library Trustee,True,3,at-large,3,True,,https://www.millisma.gov/sites/g/files/vyhlif901/f/uploads/millis2024_final_tr.pdf,https://www.millisma.gov/town-clerk/pages/elections-voting,https://www.millisma.gov/sites/g/files/vyhlif901/f/uploads/millis2024_final_tr.pdf,schema-ready,,Library Trustee
Millis,millis-ma/planning-board-member,Planning Board Member,True,5,at-large,5,True,,https://www.millisma.gov/sites/g/files/vyhlif901/f/uploads/millis2024_final_tr.pdf,https://www.millisma.gov/town-clerk/pages/elections-voting,https://www.millisma.gov/sites/g/files/vyhlif901/f/uploads/millis2024_final_tr.pdf,schema-ready,,Planning Board Member
Millis,millis-ma/housing-authority-member,Housing Authority Member,True,4,at-large,5,True,,https://www.millisma.gov/sites/g/files/vyhlif901/f/uploads/millis2024_final_tr.pdf,https://www.millisma.gov/town-clerk/pages/elections-voting,https://www.millisma.gov/sites/g/files/vyhlif901/f/uploads/millis2024_final_tr.pdf,schema-ready,Only locally elected Housing Authority seats are modeled.,Housing Authority Member
Millis,millis-ma/board-of-health-member,Board of Health Member,True,3,at-large,3,True,,https://www.millisma.gov/sites/g/files/vyhlif901/f/uploads/millis2024_final_tr.pdf,https://www.millisma.gov/town-clerk/pages/elections-voting,https://www.millisma.gov/sites/g/files/vyhlif901/f/uploads/millis2024_final_tr.pdf,schema-ready,,Board of Health Member
Millis,millis-ma/constable,Constable,True,2,at-large,3,True,,https://www.millisma.gov/sites/g/files/vyhlif901/f/uploads/millis2024_final_tr.pdf,https://www.millisma.gov/town-clerk/pages/elections-voting,https://www.millisma.gov/sites/g/files/vyhlif901/f/uploads/millis2024_final_tr.pdf,schema-ready,Constables remain ballot-elected even though they are not among the charter's principal listed elective offices.,Constable
Millville,millville-ma/blackstone-valley-regional-vocational-school-committee-member,Blackstone Valley Regional Vocational School Committee Member,True,1,district,4,False,,https://www.millvillema.org/home/files/2019-annual-town-report,https://www.millvillema.org/home/news/annual-town-election-unofficial-results-positions-specimen-ballot,https://www.millvillema.org/town-clerk/minutes/official-results-local-election,schema-ready,,Blackstone Valley Regional Vocational School Committee Member
Millville,millville-ma/blackstone-millville-regional-school-committee-member,Blackstone-Millville Regional School Committee Member,True,4,district,4,True,,https://www.millvillema.org/home/files/2019-annual-town-report,https://www.millvillema.org/home/news/annual-town-election-unofficial-results-positions-specimen-ballot,https://www.millvillema.org/town-clerk/minutes/official-results-local-election,schema-ready,,Blackstone-Millville Regional School Committee Member
Millville,millville-ma/board-of-health-member,Board of Health Member,True,3,at-large,3,True,,https://www.millvillema.org/home/files/2019-annual-town-report,https://www.millvillema.org/home/news/annual-town-election-unofficial-results-positions-specimen-ballot,https://www.millvillema.org/town-clerk/minutes/official-results-local-election,schema-ready,,Board of Health Member
Millville,millville-ma/select-board-member,Select Board Member,True,5,at-large,3,True,,https://www.millvillema.org/home/files/2019-annual-town-report,https://www.millvillema.org/home/news/annual-town-election-unofficial-results-positions-specimen-ballot,https://www.millvillema.org/town-clerk/minutes/official-results-local-election,schema-ready,,Select Board Member
Millville,millville-ma/constable,Constable,True,4,at-large,3,True,,https://www.millvillema.org/home/files/2019-annual-town-report,https://www.millvillema.org/home/news/annual-town-election-unofficial-results-positions-specimen-ballot,https://www.millvillema.org/town-clerk/minutes/official-results-local-election,schema-ready,,Constable
Millville,millville-ma/highway-surveyor,Highway Surveyor,True,1,at-large,3,False,,https://www.millvillema.org/home/news/annual-town-election-unofficial-results-positions-specimen-ballot,https://www.millvillema.org/home/news/annual-town-election-unofficial-results-positions-specimen-ballot,https://www.millvillema.org/news,elected-status-transition-unresolved,"Research-only transition row. The 2025 ballot filled an elected unexpired term ending April 6, 2026, while a later conversion-to-appointed proposal was subject to voter approval/effective timing. Accessible 2026 materials do not conclusively establish the post-transition elected/appointed status, so no schema Post is serialized.",Highway Surveyor
Millville,millville-ma/library-trustee,Library Trustee,True,3,at-large,3,True,,https://www.millvillema.org/home/files/2019-annual-town-report,https://www.millvillema.org/home/news/annual-town-election-unofficial-results-positions-specimen-ballot,https://www.millvillema.org/town-clerk/minutes/official-results-local-election,schema-ready,,Library Trustee
Millville,millville-ma/planning-board-member,Planning Board Member,True,5,at-large,5,True,,https://www.millvillema.org/home/files/2019-annual-town-report,https://www.millvillema.org/home/news/annual-town-election-unofficial-results-positions-specimen-ballot,https://www.millvillema.org/town-clerk/minutes/official-results-local-election,schema-ready,,Planning Board Member
Millville,millville-ma/town-clerk,Town Clerk,True,1,at-large,3,False,,https://www.millvillema.org/home/files/2019-annual-town-report,https://www.millvillema.org/home/news/annual-town-election-unofficial-results-positions-specimen-ballot,https://www.millvillema.org/town-clerk/minutes/official-results-local-election,schema-ready,,Town Clerk
Millville,millville-ma/tree-warden,Tree Warden,True,1,at-large,3,False,,https://www.millvillema.org/home/news/annual-town-election-unofficial-results-positions-specimen-ballot,https://www.millvillema.org/home/news/annual-town-election-unofficial-results-positions-specimen-ballot,https://www.millvillema.org/town-clerk/minutes/official-results-local-election,schema-ready,"The 2025 election filled an unexpired elected term through April 5, 2027; the current incumbent term is therefore preserved as elected during the transition.",Tree Warden
Millville,millville-ma/moderator,Moderator,True,1,at-large,3,False,,https://www.millvillema.org/home/files/2019-annual-town-report,https://www.millvillema.org/home/news/annual-town-election-unofficial-results-positions-specimen-ballot,https://www.millvillema.org/town-clerk/minutes/official-results-local-election,schema-ready,,Moderator
Millville,millville-ma/veterans-memorial-park-trustee,Trustee of Veterans Memorial Park,True,5,mixed veteran-nonveteran,3,True,,https://www.millvillema.org/home/files/2019-annual-town-report,https://www.millvillema.org/home/news/annual-town-election-unofficial-results-positions-specimen-ballot,https://www.millvillema.org/town-clerk/minutes/official-results-local-election,schema-ready,,Trustee of Veterans Memorial Park
Milton,milton-ma/select-board-member,Select Board Member,True,5,at-large,3,True,,https://www.miltonma.gov/399/Select-Board,https://miltonma.gov/1292/Annual-Town-Election--APRIL-28-2026,https://www.miltonma.gov/DocumentCenter/View/10279/1-Elected-Officials-2026--2027-5182026,schema-ready,Official Town-Wide page styles the office as Select Board & Surveyor of the Highway; one mixed elected Post is used rather than a separate Highway Surveyor Post.,Select Board & Surveyor of the Highway Member
Milton,milton-ma/town-clerk,Town Clerk,True,1,at-large,3,False,,https://www.miltonma.gov/1057/How-to-Run-for-Town-Election,https://miltonma.gov/1292/Annual-Town-Election--APRIL-28-2026,https://www.miltonma.gov/DocumentCenter/View/10279/1-Elected-Officials-2026--2027-5182026,schema-ready,,Town Clerk
Milton,milton-ma/assessor,Assessor,True,3,at-large,3,True,,https://www.miltonma.gov/1057/How-to-Run-for-Town-Election,https://miltonma.gov/1292/Annual-Town-Election--APRIL-28-2026,https://www.miltonma.gov/DocumentCenter/View/10279/1-Elected-Officials-2026--2027-5182026,schema-ready,,Assessor
Milton,milton-ma/school-committee-member,School Committee Member,True,6,at-large,3,True,,https://www.miltonma.gov/1057/How-to-Run-for-Town-Election,https://miltonma.gov/1292/Annual-Town-Election--APRIL-28-2026,https://www.miltonma.gov/DocumentCenter/View/10279/1-Elected-Officials-2026--2027-5182026,schema-ready,,School Committee Member
Milton,milton-ma/blue-hills-regional-technical-school-committee-member,Blue Hills Regional Technical School Committee Member,True,1,district,4,False,,https://www.bluehills.org/administration/district-school-committee/about-the-dsc/,https://miltonma.gov/1292/Annual-Town-Election--APRIL-28-2026,https://www.miltonma.gov/DocumentCenter/View/10279/1-Elected-Officials-2026--2027-5182026,schema-ready,,Blue Hills Regional Technical School Committee Member
Milton,milton-ma/park-commissioner,Park Commissioner,True,3,at-large,3,True,,https://www.miltonma.gov/1057/How-to-Run-for-Town-Election,https://miltonma.gov/1292/Annual-Town-Election--APRIL-28-2026,https://www.miltonma.gov/DocumentCenter/View/10279/1-Elected-Officials-2026--2027-5182026,schema-ready,,Park Commissioner
Milton,milton-ma/board-of-health-member,Board of Health Member,True,3,at-large,3,True,,https://www.miltonma.gov/1057/How-to-Run-for-Town-Election,https://miltonma.gov/1292/Annual-Town-Election--APRIL-28-2026,https://www.miltonma.gov/DocumentCenter/View/10279/1-Elected-Officials-2026--2027-5182026,schema-ready,,Board of Health Member
Milton,milton-ma/library-trustee,Public Library Trustee,True,9,at-large,3,True,,https://www.miltonma.gov/1057/How-to-Run-for-Town-Election,https://miltonma.gov/1292/Annual-Town-Election--APRIL-28-2026,https://www.miltonma.gov/DocumentCenter/View/10279/1-Elected-Officials-2026--2027-5182026,schema-ready,Current elected-official PDF lists nine seats and notes Sean Patrick Bentley resigned in May 2026; that seat is preserved as an explicit vacancy.,Public Library Trustee
Milton,milton-ma/constable,Constable,True,4,at-large,3,True,,https://www.miltonma.gov/1057/How-to-Run-for-Town-Election,https://miltonma.gov/1292/Annual-Town-Election--APRIL-28-2026,https://www.miltonma.gov/DocumentCenter/View/10279/1-Elected-Officials-2026--2027-5182026,schema-ready,,Constable
Milton,milton-ma/cemetery-trustee,Cemetery Trustee,True,5,at-large,5,True,,https://www.miltonma.gov/1057/How-to-Run-for-Town-Election,https://miltonma.gov/1292/Annual-Town-Election--APRIL-28-2026,https://www.miltonma.gov/DocumentCenter/View/10279/1-Elected-Officials-2026--2027-5182026,schema-ready,,Cemetery Trustee
Milton,milton-ma/moderator,Moderator,True,1,at-large,3,False,,https://www.miltonma.gov/1057/How-to-Run-for-Town-Election,https://miltonma.gov/1292/Annual-Town-Election--APRIL-28-2026,https://www.miltonma.gov/DocumentCenter/View/10279/1-Elected-Officials-2026--2027-5182026,schema-ready,,Moderator
Milton,milton-ma/housing-authority-member,Housing Authority Member,True,3,at-large,5,True,,https://www.miltonma.gov/1057/How-to-Run-for-Town-Election,https://miltonma.gov/1292/Annual-Town-Election--APRIL-28-2026,https://www.miltonma.gov/DocumentCenter/View/10279/1-Elected-Officials-2026--2027-5182026,schema-ready,Only the three locally elected Housing Authority seats are modeled.,Housing Authority Member
Milton,milton-ma/planning-board-member,Planning Board Member,True,5,at-large,3,True,,https://miltonma.gov/718/Planning-Board,https://miltonma.gov/1292/Annual-Town-Election--APRIL-28-2026,https://www.miltonma.gov/DocumentCenter/View/10279/1-Elected-Officials-2026--2027-5182026,schema-ready,,Planning Board Member
Milton,milton-ma/representative-town-meeting-member,Representative Town Meeting Member,True,279,precinct,3,True,,https://www.miltonma.gov/478/Town-Meeting,https://miltonma.gov/1292/Annual-Town-Election--APRIL-28-2026,https://www.miltonma.gov/DocumentCenter/View/10279/1-Elected-Officials-2026--2027-5182026,schema-ready,Current official sources state 279 elected representatives across ten precincts. Ex-officio Town Meeting participants are excluded.,Representative Town Meeting Member
Monroe,monroe-ma/select-board-planning-board-board-of-health-member,Select Board / Planning Board / Board of Health Member,True,3,at-large,3,True,,https://recorder.com/2026/05/05/monroe-town-election-results/,https://recorder.com/2026/05/05/monroe-town-election-results/,https://recorder.com/2026/05/05/monroe-town-election-results/,schema-ready,Monroe elects this as one combined office; three seats are reconstructed from successive annual elections with one three-year seat normally filled each year. Mass.gov confirms Monroe has no municipal website.,Select Board / Planning Board / Board of Health Member
Monroe,monroe-ma/school-committee-member,School Committee Member,True,3,at-large,3,True,,https://recorder.com/2026/05/05/monroe-town-election-results/,https://recorder.com/2026/05/05/monroe-town-election-results/,https://recorder.com/2026/05/05/monroe-town-election-results/,schema-ready,,School Committee Member
Monroe,monroe-ma/finance-committee-member,Finance Committee Member,True,3,at-large,3,True,,https://recorder.com/2026/05/05/monroe-town-election-results/,https://recorder.com/2026/05/05/monroe-town-election-results/,https://recorder.com/2026/05/05/monroe-town-election-results/,schema-ready,,Finance Committee Member
Monroe,monroe-ma/library-trustee,Library Trustee,True,3,at-large,3,True,,https://recorder.com/2026/05/05/monroe-town-election-results/,https://recorder.com/2026/05/05/monroe-town-election-results/,https://recorder.com/2026/05/05/monroe-town-election-results/,schema-ready,One 2026 library seat received no candidate or write-in and remains explicitly vacant.,Library Trustee
Monroe,monroe-ma/constable,Constable,True,3,at-large,3,True,,https://recorder.com/2026/05/05/monroe-town-election-results/,https://recorder.com/2026/05/05/monroe-town-election-results/,https://recorder.com/2026/05/05/monroe-town-election-results/,schema-ready,,Constable
Monroe,monroe-ma/moderator,Moderator,True,1,at-large,1,False,,https://recorder.com/2026/05/05/monroe-town-election-results/,https://recorder.com/2026/05/05/monroe-town-election-results/,https://recorder.com/2026/05/05/monroe-town-election-results/,schema-ready,,Moderator
Monroe,monroe-ma/town-clerk,Town Clerk,True,1,at-large,1,False,,https://recorder.com/2026/05/05/monroe-town-election-results/,https://recorder.com/2026/05/05/monroe-town-election-results/,https://recorder.com/2026/05/05/monroe-town-election-results/,schema-ready,,Town Clerk
Monroe,monroe-ma/auditor,Auditor,True,1,at-large,1,False,,https://recorder.com/2026/05/05/monroe-town-election-results/,https://recorder.com/2026/05/05/monroe-town-election-results/,https://recorder.com/2026/05/05/monroe-town-election-results/,schema-ready,,Auditor
Monroe,monroe-ma/tree-warden,Tree Warden,True,1,at-large,1,False,,https://recorder.com/2026/05/05/monroe-town-election-results/,https://recorder.com/2026/05/05/monroe-town-election-results/,https://recorder.com/2026/05/05/monroe-town-election-results/,schema-ready,,Tree Warden
Monson,monson-ma/moderator,Moderator,True,1,at-large,3,False,,https://www.monson-ma.gov/DocumentCenter/View/3022/ELECTED-TOWN-OFFICIALS-2025,https://www.monson-ma.gov/DocumentCenter/View/3715/Annual-Town-Election-Official-Results-06-09-26,https://www.monson-ma.gov/DocumentCenter/View/3715/Annual-Town-Election-Official-Results-06-09-26,schema-ready,,Moderator
Monson,monson-ma/town-clerk,Town Clerk,True,1,at-large,3,False,,https://www.monson-ma.gov/DocumentCenter/View/3022/ELECTED-TOWN-OFFICIALS-2025,https://www.monson-ma.gov/DocumentCenter/View/3715/Annual-Town-Election-Official-Results-06-09-26,https://www.monson-ma.gov/DocumentCenter/View/3715/Annual-Town-Election-Official-Results-06-09-26,schema-ready,,Town Clerk
Monson,monson-ma/select-board-member,Select Board Member,True,5,at-large,3,True,,https://malegislature.gov/Laws/SessionLaws/Acts/2026/Chapter69,https://www.monson-ma.gov/DocumentCenter/View/3715/Annual-Town-Election-Official-Results-06-09-26,https://www.monson-ma.gov/DocumentCenter/View/3715/Annual-Town-Election-Official-Results-06-09-26,schema-ready,Acts 2026 c.69 expands the Select Board from three to five seats. Only three current holders are safely reconciled; two transition seats remain unresolved.,Select Board Member
Monson,monson-ma/assessor,Assessor,True,3,at-large,3,True,,https://www.monson-ma.gov/DocumentCenter/View/3022/ELECTED-TOWN-OFFICIALS-2025,https://www.monson-ma.gov/DocumentCenter/View/3715/Annual-Town-Election-Official-Results-06-09-26,https://www.monson-ma.gov/DocumentCenter/View/3715/Annual-Town-Election-Official-Results-06-09-26,schema-ready,,Assessor
Monson,monson-ma/school-committee-member,School Committee Member,True,5,at-large,3,True,,https://www.monson-ma.gov/DocumentCenter/View/3022/ELECTED-TOWN-OFFICIALS-2025,https://www.monson-ma.gov/DocumentCenter/View/3715/Annual-Town-Election-Official-Results-06-09-26,https://www.monson-ma.gov/DocumentCenter/View/3715/Annual-Town-Election-Official-Results-06-09-26,schema-ready,,School Committee Member
Monson,monson-ma/water-sewer-commissioner,Water/Sewer Commissioner,True,3,at-large,3,True,,https://www.monson-ma.gov/DocumentCenter/View/3022/ELECTED-TOWN-OFFICIALS-2025,https://www.monson-ma.gov/DocumentCenter/View/3715/Annual-Town-Election-Official-Results-06-09-26,https://www.monson-ma.gov/DocumentCenter/View/3715/Annual-Town-Election-Official-Results-06-09-26,schema-ready,,Water/Sewer Commissioner
Monson,monson-ma/highway-surveyor,Highway Surveyor,True,1,at-large,3,False,,https://www.monson-ma.gov/DocumentCenter/View/3022/ELECTED-TOWN-OFFICIALS-2025,https://www.monson-ma.gov/DocumentCenter/View/3715/Annual-Town-Election-Official-Results-06-09-26,https://www.monson-ma.gov/DocumentCenter/View/3715/Annual-Town-Election-Official-Results-06-09-26,schema-ready,,Highway Surveyor
Monson,monson-ma/cemetery-commissioner,Cemetery Commissioner,True,3,at-large,3,True,,https://www.monson-ma.gov/DocumentCenter/View/3022/ELECTED-TOWN-OFFICIALS-2025,https://www.monson-ma.gov/DocumentCenter/View/3715/Annual-Town-Election-Official-Results-06-09-26,https://www.monson-ma.gov/DocumentCenter/View/3715/Annual-Town-Election-Official-Results-06-09-26,schema-ready,,Cemetery Commissioner
Monson,monson-ma/parks-recreation-commissioner,Parks & Recreation Commissioner,True,3,at-large,3,True,,https://www.monson-ma.gov/DocumentCenter/View/3022/ELECTED-TOWN-OFFICIALS-2025,https://www.monson-ma.gov/DocumentCenter/View/3715/Annual-Town-Election-Official-Results-06-09-26,https://www.monson-ma.gov/DocumentCenter/View/3715/Annual-Town-Election-Official-Results-06-09-26,schema-ready,,Parks & Recreation Commissioner
Monson,monson-ma/housing-authority-member,Housing Authority Member,True,4,at-large,5,True,,https://www.monson-ma.gov/DocumentCenter/View/3022/ELECTED-TOWN-OFFICIALS-2025,https://www.monson-ma.gov/DocumentCenter/View/3715/Annual-Town-Election-Official-Results-06-09-26,https://www.monson-ma.gov/DocumentCenter/View/3715/Annual-Town-Election-Official-Results-06-09-26,schema-ready,Only four locally elected seats are modeled; the state representative seat is excluded.,Housing Authority Member
Monson,monson-ma/pathfinder-regional-vocational-school-committee-member,Pathfinder Regional Vocational Technical School Committee Member,True,1,district,4,False,,https://pathfindertech.org/school-committe/,https://www.monson-ma.gov/DocumentCenter/View/3715/Annual-Town-Election-Official-Results-06-09-26,https://pathfindertech.org/school-committe/,schema-ready,,Pathfinder Regional Vocational Technical School Committee Member
Montague,montague-ma/select-board-member,Selectboard Member,True,3,at-large,3,True,,https://montague-ma.gov/files/Nomination_Papers_Due_2026_-NEWSPAPER.pdf,https://montague-ma.gov/files/Nomination_Papers_Due_2026_-NEWSPAPER.pdf,https://montague-ma.gov/files/2026-06-15__Selectboard_Meeting_Materials.pdf,schema-ready,,Selectboard Member
Montague,montague-ma/assessor,Assessor,True,3,at-large,3,True,,https://montague-ma.gov/files/FY2023_ANNUAL_REPORT_-_Final_-_WEBSITE.pdf,https://montague-ma.gov/files/Nomination_Papers_Due_2026_-NEWSPAPER.pdf,https://montague-ma.gov/files/Board_of_Assessors_Minutes_2025-10-2_Minutes.pdf,schema-ready,,Assessor
Montague,montague-ma/board-of-health-member,Board of Health Member,True,3,at-large,3,True,,https://montague-ma.gov/files/FY2023_ANNUAL_REPORT_-_Final_-_WEBSITE.pdf,https://montague-ma.gov/files/Nomination_Papers_Due_2026_-NEWSPAPER.pdf,https://recorder.com/2026/05/20/montague-election-results-2026/,schema-ready,,Board of Health Member
Montague,montague-ma/parks-recreation-commissioner,Parks & Recreation Commissioner,True,3,at-large,3,True,,https://montague-ma.gov/files/FY2023_ANNUAL_REPORT_-_Final_-_WEBSITE.pdf,https://montague-ma.gov/files/Nomination_Papers_Due_2026_-NEWSPAPER.pdf,https://recorder.com/2026/05/20/montague-election-results-2026/,schema-ready,,Parks & Recreation Commissioner
Montague,montague-ma/library-trustee,Library Trustee,True,9,at-large,3,True,,https://montague-ma.gov/files/FY2023_ANNUAL_REPORT_-_Final_-_WEBSITE.pdf,https://montague-ma.gov/files/Nomination_Papers_Due_2026_-NEWSPAPER.pdf,https://recorder.com/2026/05/20/montague-election-results-2026/,schema-ready,,Library Trustee
Montague,montague-ma/moderator,Moderator,True,1,at-large,1,False,,https://montague-ma.gov/files/Nomination_Papers_Due_2026_-NEWSPAPER.pdf,https://montague-ma.gov/files/Nomination_Papers_Due_2026_-NEWSPAPER.pdf,https://recorder.com/2026/05/20/montague-election-results-2026/,schema-ready,,Moderator
Montague,montague-ma/housing-authority-member,Housing Authority Member,True,4,at-large,5,True,,https://montague-ma.gov/files/FY2023_ANNUAL_REPORT_-_Final_-_WEBSITE.pdf,https://montague-ma.gov/files/Nomination_Papers_Due_2026_-NEWSPAPER.pdf,https://montague-ma.gov/files/Town_Election_2025-05-20.pdf,schema-ready,Only the four locally elected Housing Authority seats are modeled.,Housing Authority Member
Montague,montague-ma/soldiers-memorial-trustee-veteran,Soldiers Memorial Trustee — Veteran,True,3,at-large,3,True,,https://montague-ma.gov/files/FY2023_ANNUAL_REPORT_-_Final_-_WEBSITE.pdf,https://montague-ma.gov/files/Nomination_Papers_Due_2026_-NEWSPAPER.pdf,https://recorder.com/2026/05/20/montague-election-results-2026/,schema-ready,,Soldiers Memorial Trustee — Veteran
Montague,montague-ma/soldiers-memorial-trustee-non-veteran,Soldiers Memorial Trustee — Non-Veteran,True,3,at-large,3,True,,https://montague-ma.gov/files/FY2023_ANNUAL_REPORT_-_Final_-_WEBSITE.pdf,https://montague-ma.gov/files/Nomination_Papers_Due_2026_-NEWSPAPER.pdf,https://recorder.com/2026/05/20/montague-election-results-2026/,schema-ready,,Soldiers Memorial Trustee — Non-Veteran
Montague,montague-ma/gill-montague-regional-school-committee-member,Gill-Montague Regional School Committee Member,True,6,district,3,True,,https://www.gmrsd.org/school-committee-2,https://montague-ma.gov/files/Nomination_Papers_Due_2026_-NEWSPAPER.pdf,https://gillmass.org/files/GillNews_2026_2SUMMER.pdf,schema-ready,Six of the nine district committee seats represent Montague; only those six are modeled.,Gill-Montague Regional School Committee Member
Montague,montague-ma/representative-town-meeting-member,Representative Town Meeting Member,True,126,precinct,3,True,,https://montague-ma.gov/files/FY2023_ANNUAL_REPORT_-_Final_-_WEBSITE.pdf,https://montague-ma.gov/files/Nomination_Papers_Due_2026_-NEWSPAPER.pdf,https://montague-ma.gov/,schema-ready,"Six precincts with 21 elected representatives each, staggered with seven regular seats per precinct each year.",Representative Town Meeting Member
Monterey,monterey-ma/board-of-appeals-member,Board of Appeals Member,True,5,at-large,5,True,,https://www.montereyma.gov/sites/g/files/vyhlif3496/f/uploads/monterey_elected_offices_post_on_website.pdf,https://www.montereyma.gov/town-clerk/pages/election-ballots-and-results,https://www.montereyma.gov/town-clerk/pages/election-ballots-and-results,schema-ready,,Board of Appeals Member
Monterey,monterey-ma/assessor,Assessor,True,3,at-large,3,True,,https://www.montereyma.gov/sites/g/files/vyhlif3496/f/uploads/monterey_elected_offices_post_on_website.pdf,https://www.montereyma.gov/town-clerk/pages/election-ballots-and-results,https://www.montereyma.gov/town-clerk/pages/election-ballots-and-results,schema-ready,,Assessor
Monterey,monterey-ma/board-of-health-member,Board of Health Member,True,3,at-large,3,True,,https://www.montereyma.gov/sites/g/files/vyhlif3496/f/uploads/monterey_elected_offices_post_on_website.pdf,https://www.montereyma.gov/town-clerk/pages/election-ballots-and-results,https://www.montereyma.gov/town-clerk/pages/election-ballots-and-results,schema-ready,,Board of Health Member
Monterey,monterey-ma/bylaw-review-committee-member,Bylaw Review Committee Member,True,5,at-large,3,True,,https://www.montereyma.gov/about-monterey/files/fy22-elected-officials,https://www.montereyma.gov/town-clerk/pages/election-ballots-and-results,https://www.montereyma.gov/town-clerk/pages/election-ballots-and-results,schema-ready,,Bylaw Review Committee Member
Monterey,monterey-ma/cemetery-commissioner,Cemetery Commissioner,True,3,at-large,3,True,,https://www.montereyma.gov/sites/g/files/vyhlif3496/f/uploads/monterey_elected_offices_post_on_website.pdf,https://www.montereyma.gov/town-clerk/pages/election-ballots-and-results,https://www.montereyma.gov/town-clerk/pages/election-ballots-and-results,schema-ready,,Cemetery Commissioner
Monterey,monterey-ma/constable,Constable,True,1,at-large,3,False,,https://www.montereyma.gov/sites/g/files/vyhlif3496/f/uploads/monterey_ma_atm_2025_05_03_cover_letter_and_warrant_001.pdf,https://www.montereyma.gov/town-clerk/pages/election-ballots-and-results,https://www.montereyma.gov/town-clerk/pages/election-ballots-and-results,schema-ready,,Constable
Monterey,monterey-ma/finance-committee-member,Finance Committee Member,True,3,at-large,3,True,,https://www.montereyma.gov/sites/g/files/vyhlif3496/f/uploads/monterey_elected_offices_post_on_website.pdf,https://www.montereyma.gov/town-clerk/pages/election-ballots-and-results,https://www.montereyma.gov/town-clerk/pages/election-ballots-and-results,schema-ready,,Finance Committee Member
Monterey,monterey-ma/library-trustee,Library Trustee,True,6,at-large,3,True,,https://www.montereyma.gov/sites/g/files/vyhlif3496/f/uploads/monterey_elected_offices_post_on_website.pdf,https://www.montereyma.gov/town-clerk/pages/election-ballots-and-results,https://www.montereyma.gov/town-clerk/pages/election-ballots-and-results,schema-ready,,Library Trustee
Monterey,monterey-ma/moderator,Moderator,True,1,at-large,1,False,,https://www.montereyma.gov/sites/g/files/vyhlif3496/f/uploads/monterey_elected_offices_post_on_website.pdf,https://www.montereyma.gov/town-clerk/pages/election-ballots-and-results,https://www.montereyma.gov/town-clerk/pages/election-ballots-and-results,schema-ready,,Moderator
Monterey,monterey-ma/park-commissioner,Park Commissioner,True,5,at-large,3,True,,https://www.montereyma.gov/sites/g/files/vyhlif3496/f/uploads/monterey_elected_offices_post_on_website.pdf,https://www.montereyma.gov/town-clerk/pages/election-ballots-and-results,https://www.montereyma.gov/town-clerk/pages/election-ballots-and-results,schema-ready,,Park Commissioner
Monterey,monterey-ma/planning-board-member,Planning Board Member,True,7,at-large,5,True,,https://www.montereyma.gov/about-monterey/files/fy22-elected-officials,https://www.montereyma.gov/town-clerk/pages/election-ballots-and-results,https://www.montereyma.gov/town-clerk/pages/election-ballots-and-results,schema-ready,Seven regular elected Planning Board seats are modeled; the associate position is excluded.,Planning Board Member
Monterey,monterey-ma/select-board-member,Select Board Member,True,3,at-large,3,True,,https://www.montereyma.gov/sites/g/files/vyhlif3496/f/uploads/monterey_elected_offices_post_on_website.pdf,https://www.montereyma.gov/town-clerk/pages/election-ballots-and-results,https://www.montereyma.gov/town-clerk/pages/election-ballots-and-results,schema-ready,,Select Board Member
Monterey,monterey-ma/southern-berkshire-regional-school-committee-member,Southern Berkshire Regional School Committee Member,True,1,district,4,False,,https://www.montereyma.gov/select-board/minutes/select-board-meeting-minutes-070125,https://www.montereyma.gov/town-clerk/pages/election-ballots-and-results,https://www.montereyma.gov/select-board/minutes/select-board-meeting-minutes-070125,schema-ready,,Southern Berkshire Regional School Committee Member
Monterey,monterey-ma/tax-collector,Tax Collector,True,1,at-large,3,False,,https://www.montereyma.gov/sites/g/files/vyhlif3496/f/uploads/monterey_ma_atm_2025_05_03_cover_letter_and_warrant_001.pdf,https://www.montereyma.gov/town-clerk/pages/election-ballots-and-results,https://www.montereyma.gov/town-clerk/pages/election-ballots-and-results,schema-ready,,Tax Collector
Monterey,monterey-ma/tree-warden,Tree Warden,True,1,at-large,1,False,,https://www.montereyma.gov/sites/g/files/vyhlif3496/f/uploads/monterey_elected_offices_post_on_website.pdf,https://www.montereyma.gov/town-clerk/pages/election-ballots-and-results,https://www.montereyma.gov/town-clerk/pages/election-ballots-and-results,schema-ready,,Tree Warden
Nantucket,nantucket-ma/moderator,Moderator,True,1,at-large,,False,False,https://ecode360.com/11766101,https://nantucket-ma.gov/3574/Running-for-Office,https://nantucket-ma.gov/DocumentCenter/View/55809/2026-Annual-Town-Election-Results-PDF,schema-ready,,Moderator
Nantucket,nantucket-ma/select-board-member,Select Board Member,True,5,at-large,3,True,False,https://ecode360.com/11766101,https://nantucket-ma.gov/3574/Running-for-Office,https://nantucket-ma.gov/DocumentCenter/View/55809/2026-Annual-Town-Election-Results-PDF,schema-ready,Charter §2-2; Select Board also serves as county commissioners.,Select Board Member
Nantucket,nantucket-ma/school-committee-member,School Committee Member,True,,at-large,,True,False,https://nantucket-ma.gov/3574/Running-for-Office,https://nantucket-ma.gov/3574/Running-for-Office,https://nantucket-ma.gov/DocumentCenter/View/55809/2026-Annual-Town-Election-Results-PDF,elected-seat-count-unresolved,Elected status and 2026 winner(s) verified; total elected seat count unresolved.,School Committee Member
Nantucket,nantucket-ma/historic-district-commissioner,Historic District Commissioner,True,,at-large,,True,False,https://nantucket-ma.gov/3574/Running-for-Office,https://nantucket-ma.gov/3574/Running-for-Office,https://nantucket-ma.gov/DocumentCenter/View/55809/2026-Annual-Town-Election-Results-PDF,elected-seat-count-unresolved,Elected status and 2026 winner(s) verified; total elected seat count unresolved.,Historic District Commissioner
Nantucket,nantucket-ma/land-bank-commissioner,Land Bank Commissioner,True,,at-large,,True,False,https://nantucket-ma.gov/3574/Running-for-Office,https://nantucket-ma.gov/3574/Running-for-Office,https://nantucket-ma.gov/DocumentCenter/View/55809/2026-Annual-Town-Election-Results-PDF,elected-seat-count-unresolved,Elected status and 2026 winner(s) verified; total elected seat count unresolved.,Land Bank Commissioner
Nantucket,nantucket-ma/harbor-shellfish-advisory-board-member,Harbor and Shellfish Advisory Board Member,True,,at-large,,True,False,https://nantucket-ma.gov/3574/Running-for-Office,https://nantucket-ma.gov/3574/Running-for-Office,https://nantucket-ma.gov/DocumentCenter/View/55809/2026-Annual-Town-Election-Results-PDF,elected-seat-count-unresolved,Elected status and 2026 winner(s) verified; total elected seat count unresolved.,Harbor & Shellfish Advisory Board Member
Nantucket,nantucket-ma/housing-authority-member,Housing Authority Member,True,,at-large,,True,False,https://nantucket-ma.gov/3574/Running-for-Office,https://nantucket-ma.gov/3574/Running-for-Office,https://nantucket-ma.gov/DocumentCenter/View/55809/2026-Annual-Town-Election-Results-PDF,elected-seat-count-unresolved,Elected status and 2026 winner(s) verified; total elected seat count unresolved.,Nantucket Housing Authority Member
Nantucket,nantucket-ma/planning-board-member,Planning Board Member,True,,at-large,,True,False,https://nantucket-ma.gov/3574/Running-for-Office,https://nantucket-ma.gov/3574/Running-for-Office,https://nantucket-ma.gov/DocumentCenter/View/55809/2026-Annual-Town-Election-Results-PDF,elected-seat-count-unresolved,Elected status and 2026 winner(s) verified; total elected seat count unresolved.,Planning Board Member
Nantucket,nantucket-ma/water-commissioner,Water Commissioner,True,,at-large,,True,False,https://nantucket-ma.gov/3574/Running-for-Office,https://nantucket-ma.gov/3574/Running-for-Office,https://nantucket-ma.gov/DocumentCenter/View/55809/2026-Annual-Town-Election-Results-PDF,elected-seat-count-unresolved,Elected status and 2026 winner(s) verified; total elected seat count unresolved.,Nantucket Water Commissioner
Natick,natick-ma/town-meeting-member,Town Meeting Member,True,180,precinct,3,True,False,https://www.natickma.gov/DocumentCenter/View/15009/Complete-Charter-April-2023,https://www.natickma.gov/2299/Annual-Town-Election-3312026,https://www.natickma.gov/2299/Annual-Town-Election-3312026,schema-ready,180 elected seats: 18 per precinct across 10 precincts.,Representative Town Meeting Member
Natick,natick-ma/select-board-member,Select Board Member,True,5,at-large,3,True,False,https://www.natickma.gov/DocumentCenter/View/15009/Complete-Charter-April-2023,https://www.natickma.gov/2299/Annual-Town-Election-3312026,https://www.natickma.gov/2299/Annual-Town-Election-3312026,schema-ready,,Select Board Member
Natick,natick-ma/town-clerk,Town Clerk,True,1,at-large,3,False,False,https://www.natickma.gov/DocumentCenter/View/15009/Complete-Charter-April-2023,https://www.natickma.gov/2299/Annual-Town-Election-3312026,https://www.natickma.gov/2299/Annual-Town-Election-3312026,schema-ready,,Town Clerk
Natick,natick-ma/moderator,Moderator,True,1,at-large,3,False,False,https://www.natickma.gov/DocumentCenter/View/15009/Complete-Charter-April-2023,https://www.natickma.gov/2299/Annual-Town-Election-3312026,https://www.natickma.gov/2299/Annual-Town-Election-3312026,schema-ready,,Moderator
Natick,natick-ma/school-committee-member,School Committee Member,True,7,at-large,3,True,False,https://www.natickma.gov/DocumentCenter/View/15009/Complete-Charter-April-2023,https://www.natickma.gov/2299/Annual-Town-Election-3312026,https://www.natickma.gov/2299/Annual-Town-Election-3312026,schema-ready,,School Committee Member
Natick,natick-ma/assessor,Assessor,True,3,at-large,3,True,False,https://www.natickma.gov/DocumentCenter/View/15009/Complete-Charter-April-2023,https://www.natickma.gov/2299/Annual-Town-Election-3312026,https://www.natickma.gov/2299/Annual-Town-Election-3312026,schema-ready,,Board of Assessors Member
Natick,natick-ma/board-of-health-member,Board of Health Member,True,3,at-large,3,True,False,https://www.natickma.gov/DocumentCenter/View/15009/Complete-Charter-April-2023,https://www.natickma.gov/2299/Annual-Town-Election-3312026,https://www.natickma.gov/2299/Annual-Town-Election-3312026,schema-ready,,Board of Health Member
Natick,natick-ma/constable,Constable,True,6,at-large,3,True,False,https://www.natickma.gov/DocumentCenter/View/15009/Complete-Charter-April-2023,https://www.natickma.gov/2299/Annual-Town-Election-3312026,https://www.natickma.gov/2299/Annual-Town-Election-3312026,schema-ready,,Constable
Natick,natick-ma/housing-authority-member,Housing Authority Member,True,3,at-large,5,True,False,https://www.natickma.gov/DocumentCenter/View/15009/Complete-Charter-April-2023,https://www.natickma.gov/2299/Annual-Town-Election-3312026,https://www.natickma.gov/2299/Annual-Town-Election-3312026,schema-ready,,Housing Authority Member
Natick,natick-ma/library-trustee,Library Trustee,True,5,at-large,5,True,False,https://www.natickma.gov/DocumentCenter/View/15009/Complete-Charter-April-2023,https://www.natickma.gov/2299/Annual-Town-Election-3312026,https://www.natickma.gov/2299/Annual-Town-Election-3312026,schema-ready,,Morse Institute Library Trustee
Natick,natick-ma/planning-board-member,Planning Board Member,True,5,at-large,5,True,False,https://www.natickma.gov/DocumentCenter/View/15009/Complete-Charter-April-2023,https://www.natickma.gov/2299/Annual-Town-Election-3312026,https://www.natickma.gov/2299/Annual-Town-Election-3312026,schema-ready,,Planning Board Member
Natick,natick-ma/recreation-parks-commissioner,Recreation and Parks Commissioner,True,5,at-large,3,True,False,https://www.natickma.gov/DocumentCenter/View/15009/Complete-Charter-April-2023,https://www.natickma.gov/2299/Annual-Town-Election-3312026,https://www.natickma.gov/2299/Annual-Town-Election-3312026,schema-ready,,Recreation and Parks Commissioner
Needham,needham-ma/select-board-member,Select Board Member,True,5,at-large,3,True,False,https://www.needhamma.gov/DocumentCenter/View/1859/General-By-LawsCharter-2021-PDF?bidId=,https://needhamma.gov/5755/2026-Annual-Town-Election-Candidates,https://needhamma.gov/DocumentCenter/View/61963/Final-Tally-4142026-Annual-Town-Election,schema-ready,,Select Board Member
Needham,needham-ma/school-committee-member,School Committee Member,True,7,at-large,3,True,False,https://www.needhamma.gov/DocumentCenter/View/1859/General-By-LawsCharter-2021-PDF?bidId=,https://needhamma.gov/5755/2026-Annual-Town-Election-Candidates,https://needhamma.gov/DocumentCenter/View/61963/Final-Tally-4142026-Annual-Town-Election,schema-ready,,School Committee Member
Needham,needham-ma/moderator,Moderator,True,1,at-large,3,False,False,https://www.needhamma.gov/DocumentCenter/View/1859/General-By-LawsCharter-2021-PDF?bidId=,https://needhamma.gov/5755/2026-Annual-Town-Election-Candidates,https://needhamma.gov/DocumentCenter/View/61963/Final-Tally-4142026-Annual-Town-Election,schema-ready,,Moderator
Needham,needham-ma/town-clerk,Town Clerk,True,1,at-large,3,False,False,https://www.needhamma.gov/DocumentCenter/View/1859/General-By-LawsCharter-2021-PDF?bidId=,https://needhamma.gov/5755/2026-Annual-Town-Election-Candidates,https://needhamma.gov/DocumentCenter/View/61963/Final-Tally-4142026-Annual-Town-Election,schema-ready,,Town Clerk
Needham,needham-ma/park-and-recreation-commissioner,Park and Recreation Commissioner,True,5,at-large,3,True,False,https://www.needhamma.gov/DocumentCenter/View/1859/General-By-LawsCharter-2021-PDF?bidId=,https://needhamma.gov/5755/2026-Annual-Town-Election-Candidates,https://needhamma.gov/DocumentCenter/View/61963/Final-Tally-4142026-Annual-Town-Election,schema-ready,,Park & Recreation Commissioner
Needham,needham-ma/constable,Constable,True,2,at-large,3,True,False,https://www.needhamma.gov/DocumentCenter/View/1859/General-By-LawsCharter-2021-PDF?bidId=,https://needhamma.gov/5755/2026-Annual-Town-Election-Candidates,https://needhamma.gov/DocumentCenter/View/61963/Final-Tally-4142026-Annual-Town-Election,schema-ready,,Constable
Needham,needham-ma/assessor,Board of Assessors Member,True,3,at-large,3,True,False,https://www.needhamma.gov/DocumentCenter/View/1859/General-By-LawsCharter-2021-PDF?bidId=,https://needhamma.gov/5755/2026-Annual-Town-Election-Candidates,https://needhamma.gov/DocumentCenter/View/61963/Final-Tally-4142026-Annual-Town-Election,schema-ready,,Board of Assessors Member
Needham,needham-ma/commissioner-of-trust-funds,Commissioner of Trust Funds,True,3,at-large,3,True,False,https://www.needhamma.gov/DocumentCenter/View/1859/General-By-LawsCharter-2021-PDF?bidId=,https://needhamma.gov/5755/2026-Annual-Town-Election-Candidates,https://needhamma.gov/DocumentCenter/View/61963/Final-Tally-4142026-Annual-Town-Election,schema-ready,Official 2026-08-17 notice confirms one vacancy; identities of the two continuing members unresolved.,Commissioner of Trust Funds
Needham,needham-ma/needham-public-library-trustee,Trustee of the Needham Public Library,True,7,at-large,3,True,False,https://www.needhamma.gov/DocumentCenter/View/1859/General-By-LawsCharter-2021-PDF?bidId=,https://needhamma.gov/5755/2026-Annual-Town-Election-Candidates,https://needhamma.gov/DocumentCenter/View/61963/Final-Tally-4142026-Annual-Town-Election,schema-ready,,Trustee of the Needham Public Library
Needham,needham-ma/memorial-park-trustee,Trustee of Memorial Park,True,5,at-large,3,True,False,https://www.needhamma.gov/DocumentCenter/View/1859/General-By-LawsCharter-2021-PDF?bidId=,https://needhamma.gov/5755/2026-Annual-Town-Election-Candidates,https://needhamma.gov/DocumentCenter/View/61963/Final-Tally-4142026-Annual-Town-Election,schema-ready,Official rosters conflict on the fifth elected member; Select Board designee excluded.,Trustee of Memorial Park
Needham,needham-ma/board-of-health-member,Board of Health Member,True,5,at-large,3,True,False,https://www.needhamma.gov/DocumentCenter/View/1859/General-By-LawsCharter-2021-PDF?bidId=,https://needhamma.gov/5755/2026-Annual-Town-Election-Candidates,https://needhamma.gov/DocumentCenter/View/61963/Final-Tally-4142026-Annual-Town-Election,schema-ready,,Board of Health Member
Needham,needham-ma/planning-board-member,Planning Board Member,True,5,at-large,5,True,False,https://www.needhamma.gov/DocumentCenter/View/1859/General-By-LawsCharter-2021-PDF?bidId=,https://needhamma.gov/5755/2026-Annual-Town-Election-Candidates,https://needhamma.gov/DocumentCenter/View/61963/Final-Tally-4142026-Annual-Town-Election,schema-ready,,Planning Board Member
Needham,needham-ma/needham-housing-authority-member,Needham Housing Authority Member,True,3,at-large,5,True,False,https://www.needhamma.gov/DocumentCenter/View/1859/General-By-LawsCharter-2021-PDF?bidId=,https://needhamma.gov/5755/2026-Annual-Town-Election-Candidates,https://needhamma.gov/DocumentCenter/View/61963/Final-Tally-4142026-Annual-Town-Election,schema-ready,,Needham Housing Authority Member
Needham,needham-ma/town-meeting-member,Town Meeting Member,True,240,precinct,3,True,False,https://www.needhamma.gov/DocumentCenter/View/1859/General-By-LawsCharter-2021-PDF?bidId=,https://needhamma.gov/5755/2026-Annual-Town-Election-Candidates,https://needhamma.gov/DocumentCenter/View/61963/Final-Tally-4142026-Annual-Town-Election,schema-ready,"240 elected seats, 24 per precinct across 10 precincts; authoritative roster found but not fully serialized in this batch.",Town Meeting Member
New Bedford,new-bedford-ma/mayor,Mayor,True,1,at-large,,False,False,https://library.municode.com/ma/new_bedford/codes/code_of_ordinances?nodeId=COOR_CH2AD_ARTIINGE_S2-7ADREFE,https://www.sec.state.ma.us/divisions/elections/voter-resources/find-my-local-election-office.htm,https://stories.opengov.com/newbedfordma/published/nntClIy7M,schema-ready,Direct current charter term source unresolved.,Mayor
New Bedford,new-bedford-ma/city-council-member,City Council Member,True,11,mixed,,False,False,https://library.municode.com/ma/new_bedford/codes/code_of_ordinances?nodeId=COOR_CH2AD_ARTIIICICO_DIV1GE,https://www.sec.state.ma.us/divisions/elections/voter-resources/find-my-local-election-office.htm,https://stories.opengov.com/newbedfordma/published/nntClIy7M,schema-ready,Five at-large and six ward seats; accessible official roster conflicts with later election reporting for two seats.,City Councillor
New Bedford,new-bedford-ma/school-committee-member,School Committee Member,True,6,at-large,4,True,False,https://library.municode.com/ma/new_bedford/codes/code_of_ordinances?nodeId=COOR_CH2AD_ARTIINGE_S2-7ADREFE,https://www.sec.state.ma.us/divisions/elections/voter-resources/find-my-local-election-office.htm,https://newbedford.ss16.sharpschool.com/cms/one.aspx?pageId=159932,schema-ready,Mayor is ex officio and excluded from six elected seats.,School Committee Member
New Braintree,new-braintree-ma/select-board-member,Select Board Member,True,3,at-large,,,False,https://www.newbraintree.org/warrant.html,https://www.newbraintree.org/warrant.html,https://www.newbraintree.org/warrant.html,schema-ready,,Select Board Member
New Braintree,new-braintree-ma/town-moderator,Moderator,True,1,at-large,,,False,https://www.newbraintree.org/warrant.html,https://www.newbraintree.org/warrant.html,https://www.newbraintree.org/warrant.html,schema-ready,,Moderator
New Braintree,new-braintree-ma/town-clerk,Town Clerk,True,1,at-large,,,False,https://www.newbraintree.org/warrant.html,https://www.newbraintree.org/warrant.html,https://www.newbraintree.org/warrant.html,schema-ready,,Town Clerk
New Braintree,new-braintree-ma/town-auditor,Town Auditor,True,1,at-large,,,False,https://www.newbraintree.org/warrant.html,https://www.newbraintree.org/warrant.html,https://www.newbraintree.org/warrant.html,schema-ready,,Town Auditor
New Braintree,new-braintree-ma/town-treasurer,Treasurer,True,1,at-large,,,False,https://www.newbraintree.org/warrant.html,https://www.newbraintree.org/warrant.html,https://www.newbraintree.org/warrant.html,schema-ready,"Warrant has separate elected salary lines, while current roster combines Treasurer/Tax Collector; structure conflict preserved.",Treasurer
New Braintree,new-braintree-ma/tax-collector,Tax Collector,True,1,at-large,,,False,https://www.newbraintree.org/warrant.html,https://www.newbraintree.org/warrant.html,https://www.newbraintree.org/warrant.html,schema-ready,"Warrant has separate elected salary lines, while current roster combines Treasurer/Tax Collector; structure conflict preserved.",Tax Collector
New Braintree,new-braintree-ma/assessor,Assessor,True,3,at-large,,,False,https://www.newbraintree.org/warrant.html,https://www.newbraintree.org/warrant.html,https://www.newbraintree.org/warrant.html,schema-ready,,Assessor
New Braintree,new-braintree-ma/planning-board-member,Planning Board Member,True,,at-large,,,False,https://www.newbraintree.org/warrant.html,https://www.newbraintree.org/warrant.html,https://www.newbraintree.org/warrant.html,elected-seat-count-unresolved,Elected status verified by official failure-to-elect minutes; exact seat count unresolved.,Planning Board Member
New Braintree,new-braintree-ma/pathfinder-regional-vocational-school-committee-member,Regional Vocational School Committee Member,True,1,district,,,False,https://www.newbraintree.org/warrant.html,https://www.newbraintree.org/warrant.html,https://www.newbraintree.org/warrant.html,schema-ready,,Pathfinder Regional Vocational School Committee Member
New Braintree,new-braintree-ma/quabbin-regional-school-committee-member,Regional School Committee Member,True,,district,,,False,https://www.newbraintree.org/warrant.html,https://www.newbraintree.org/warrant.html,https://www.newbraintree.org/warrant.html,elected-seat-count-unresolved,Municipality-seat mapping and elected seat count unresolved; Peggy Thompson not serialized as verified local holder.,Quabbin Regional School Committee Member
