municipality,office_id,seat,person_name,current_status,source_url,retrieved_on,notes
Wayland,wayland-ma/moderator,1,,unresolved,https://www.wayland.ma.us/,2026-08-25,Current holder not safely resolved from post-election official evidence; not presumed vacant.
Wayland,wayland-ma/select-board,1,,unresolved,https://www.wayland.ma.us/,2026-08-25,Current holder not safely resolved from post-election official evidence; not presumed vacant.
Wayland,wayland-ma/select-board,2,,unresolved,https://www.wayland.ma.us/,2026-08-25,Current holder not safely resolved from post-election official evidence; not presumed vacant.
Wayland,wayland-ma/select-board,3,,unresolved,https://www.wayland.ma.us/,2026-08-25,Current holder not safely resolved from post-election official evidence; not presumed vacant.
Wayland,wayland-ma/select-board,4,,unresolved,https://www.wayland.ma.us/,2026-08-25,Current holder not safely resolved from post-election official evidence; not presumed vacant.
Wayland,wayland-ma/select-board,5,,unresolved,https://www.wayland.ma.us/,2026-08-25,Current holder not safely resolved from post-election official evidence; not presumed vacant.
Wayland,wayland-ma/school-committee,1,,unresolved,https://www.wayland.ma.us/,2026-08-25,Current holder not safely resolved from post-election official evidence; not presumed vacant.
Wayland,wayland-ma/school-committee,2,,unresolved,https://www.wayland.ma.us/,2026-08-25,Current holder not safely resolved from post-election official evidence; not presumed vacant.
Wayland,wayland-ma/school-committee,3,,unresolved,https://www.wayland.ma.us/,2026-08-25,Current holder not safely resolved from post-election official evidence; not presumed vacant.
Wayland,wayland-ma/school-committee,4,,unresolved,https://www.wayland.ma.us/,2026-08-25,Current holder not safely resolved from post-election official evidence; not presumed vacant.
Wayland,wayland-ma/school-committee,5,,unresolved,https://www.wayland.ma.us/,2026-08-25,Current holder not safely resolved from post-election official evidence; not presumed vacant.
Wayland,wayland-ma/board-of-assessors,1,,unresolved,https://www.wayland.ma.us/,2026-08-25,Current holder not safely resolved from post-election official evidence; not presumed vacant.
Wayland,wayland-ma/board-of-assessors,2,,unresolved,https://www.wayland.ma.us/,2026-08-25,Current holder not safely resolved from post-election official evidence; not presumed vacant.
Wayland,wayland-ma/board-of-assessors,3,,unresolved,https://www.wayland.ma.us/,2026-08-25,Current holder not safely resolved from post-election official evidence; not presumed vacant.
Wayland,wayland-ma/board-of-assessors,4,,unresolved,https://www.wayland.ma.us/,2026-08-25,Current holder not safely resolved from post-election official evidence; not presumed vacant.
Wayland,wayland-ma/board-of-assessors,5,,unresolved,https://www.wayland.ma.us/,2026-08-25,Current holder not safely resolved from post-election official evidence; not presumed vacant.
Wayland,wayland-ma/library-trustees,1,Aida A. Gennis,verified,https://www.wayland.ma.us/254/Board-of-Library-Trustees,2026-08-25,Current holder supported by recent official result or live official roster.
Wayland,wayland-ma/library-trustees,2,Leah B. Hart,verified,https://www.wayland.ma.us/254/Board-of-Library-Trustees,2026-08-25,Current holder supported by recent official result or live official roster.
Wayland,wayland-ma/library-trustees,3,Emily Weintraub,verified,https://www.wayland.ma.us/254/Board-of-Library-Trustees,2026-08-25,Current holder supported by recent official result or live official roster.
Wayland,wayland-ma/library-trustees,4,Candace Hetzner,verified,https://www.wayland.ma.us/254/Board-of-Library-Trustees,2026-08-25,Current holder supported by recent official result or live official roster.
Wayland,wayland-ma/library-trustees,5,Anna Blazier,verified,https://www.wayland.ma.us/254/Board-of-Library-Trustees,2026-08-25,Current holder supported by recent official result or live official roster.
Wayland,wayland-ma/library-trustees,6,George Winfield Treese,verified,https://www.wayland.ma.us/254/Board-of-Library-Trustees,2026-08-25,Current holder supported by recent official result or live official roster.
Wayland,wayland-ma/board-of-health,1,,unresolved,https://www.wayland.ma.us/,2026-08-25,Current holder not safely resolved from post-election official evidence; not presumed vacant.
Wayland,wayland-ma/board-of-health,2,,unresolved,https://www.wayland.ma.us/,2026-08-25,Current holder not safely resolved from post-election official evidence; not presumed vacant.
Wayland,wayland-ma/board-of-health,3,,unresolved,https://www.wayland.ma.us/,2026-08-25,Current holder not safely resolved from post-election official evidence; not presumed vacant.
Wayland,wayland-ma/board-of-health,4,,unresolved,https://www.wayland.ma.us/,2026-08-25,Current holder not safely resolved from post-election official evidence; not presumed vacant.
Wayland,wayland-ma/board-of-health,5,,unresolved,https://www.wayland.ma.us/,2026-08-25,Current holder not safely resolved from post-election official evidence; not presumed vacant.
Wayland,wayland-ma/planning-board,1,,unresolved,https://www.wayland.ma.us/,2026-08-25,Current holder not safely resolved from post-election official evidence; not presumed vacant.
Wayland,wayland-ma/planning-board,2,,unresolved,https://www.wayland.ma.us/,2026-08-25,Current holder not safely resolved from post-election official evidence; not presumed vacant.
Wayland,wayland-ma/planning-board,3,,unresolved,https://www.wayland.ma.us/,2026-08-25,Current holder not safely resolved from post-election official evidence; not presumed vacant.
Wayland,wayland-ma/planning-board,4,,unresolved,https://www.wayland.ma.us/,2026-08-25,Current holder not safely resolved from post-election official evidence; not presumed vacant.
Wayland,wayland-ma/planning-board,5,,unresolved,https://www.wayland.ma.us/,2026-08-25,Current holder not safely resolved from post-election official evidence; not presumed vacant.
Wayland,wayland-ma/planning-board-associate,1,,unresolved,https://www.wayland.ma.us/,2026-08-25,Current holder not safely resolved from post-election official evidence; not presumed vacant.
Wayland,wayland-ma/board-of-public-works,1,Michael Wegerbauer,verified,https://www.wayland.ma.us/274/Board-of-Public-Works,2026-08-25,Current holder supported by recent official result or live official roster.
Wayland,wayland-ma/board-of-public-works,2,Michael Spelman,verified,https://www.wayland.ma.us/274/Board-of-Public-Works,2026-08-25,Current holder supported by recent official result or live official roster.
Wayland,wayland-ma/board-of-public-works,3,Judy Ling,verified,https://www.wayland.ma.us/274/Board-of-Public-Works,2026-08-25,Current holder supported by recent official result or live official roster.
Wayland,wayland-ma/board-of-public-works,4,Tsung Chiang,verified,https://www.wayland.ma.us/274/Board-of-Public-Works,2026-08-25,Current holder supported by recent official result or live official roster.
Wayland,wayland-ma/board-of-public-works,5,Jonathan Storer,verified,https://www.wayland.ma.us/274/Board-of-Public-Works,2026-08-25,Current holder supported by recent official result or live official roster.
Wayland,wayland-ma/recreation-commission,1,,unresolved,https://www.wayland.ma.us/,2026-08-25,Current holder not safely resolved from post-election official evidence; not presumed vacant.
Wayland,wayland-ma/recreation-commission,2,,unresolved,https://www.wayland.ma.us/,2026-08-25,Current holder not safely resolved from post-election official evidence; not presumed vacant.
Wayland,wayland-ma/recreation-commission,3,,unresolved,https://www.wayland.ma.us/,2026-08-25,Current holder not safely resolved from post-election official evidence; not presumed vacant.
Wayland,wayland-ma/recreation-commission,4,,unresolved,https://www.wayland.ma.us/,2026-08-25,Current holder not safely resolved from post-election official evidence; not presumed vacant.
Wayland,wayland-ma/recreation-commission,5,,unresolved,https://www.wayland.ma.us/,2026-08-25,Current holder not safely resolved from post-election official evidence; not presumed vacant.
Wayland,wayland-ma/trust-fund-commission,1,,unresolved,https://www.wayland.ma.us/,2026-08-25,Current holder not safely resolved from post-election official evidence; not presumed vacant.
Wayland,wayland-ma/trust-fund-commission,2,,unresolved,https://www.wayland.ma.us/,2026-08-25,Current holder not safely resolved from post-election official evidence; not presumed vacant.
Wayland,wayland-ma/trust-fund-commission,3,,unresolved,https://www.wayland.ma.us/,2026-08-25,Current holder not safely resolved from post-election official evidence; not presumed vacant.
Wayland,wayland-ma/housing-authority,1,,unresolved,https://www.wayland.ma.us/,2026-08-25,Current holder not safely resolved from post-election official evidence; not presumed vacant.
Wayland,wayland-ma/housing-authority,2,,unresolved,https://www.wayland.ma.us/,2026-08-25,Current holder not safely resolved from post-election official evidence; not presumed vacant.
Wayland,wayland-ma/housing-authority,3,,unresolved,https://www.wayland.ma.us/,2026-08-25,Current holder not safely resolved from post-election official evidence; not presumed vacant.
Wayland,wayland-ma/housing-authority,4,,unresolved,https://www.wayland.ma.us/,2026-08-25,Current holder not safely resolved from post-election official evidence; not presumed vacant.
Webster,webster-ma/select-board,1,,unresolved,https://www.webster-ma.gov/1238/2026-Sample-Ballot,2026-08-25,Current holder not safely resolved from post-election official evidence; not presumed vacant.
Webster,webster-ma/select-board,2,,unresolved,https://www.webster-ma.gov/1238/2026-Sample-Ballot,2026-08-25,Current holder not safely resolved from post-election official evidence; not presumed vacant.
Webster,webster-ma/select-board,3,,unresolved,https://www.webster-ma.gov/1238/2026-Sample-Ballot,2026-08-25,Current holder not safely resolved from post-election official evidence; not presumed vacant.
Webster,webster-ma/select-board,4,,unresolved,https://www.webster-ma.gov/1238/2026-Sample-Ballot,2026-08-25,Current holder not safely resolved from post-election official evidence; not presumed vacant.
Webster,webster-ma/select-board,5,,unresolved,https://www.webster-ma.gov/1238/2026-Sample-Ballot,2026-08-25,Current holder not safely resolved from post-election official evidence; not presumed vacant.
Webster,webster-ma/moderator,1,,unresolved,https://www.webster-ma.gov/1238/2026-Sample-Ballot,2026-08-25,Current holder not safely resolved from post-election official evidence; not presumed vacant.
Webster,webster-ma/school-committee,1,,unresolved,https://www.webster-ma.gov/1238/2026-Sample-Ballot,2026-08-25,Current holder not safely resolved from post-election official evidence; not presumed vacant.
Webster,webster-ma/school-committee,2,,unresolved,https://www.webster-ma.gov/1238/2026-Sample-Ballot,2026-08-25,Current holder not safely resolved from post-election official evidence; not presumed vacant.
Webster,webster-ma/school-committee,3,,unresolved,https://www.webster-ma.gov/1238/2026-Sample-Ballot,2026-08-25,Current holder not safely resolved from post-election official evidence; not presumed vacant.
Webster,webster-ma/school-committee,4,,unresolved,https://www.webster-ma.gov/1238/2026-Sample-Ballot,2026-08-25,Current holder not safely resolved from post-election official evidence; not presumed vacant.
Webster,webster-ma/school-committee,5,,unresolved,https://www.webster-ma.gov/1238/2026-Sample-Ballot,2026-08-25,Current holder not safely resolved from post-election official evidence; not presumed vacant.
Webster,webster-ma/town-clerk,1,,unresolved,https://www.webster-ma.gov/1238/2026-Sample-Ballot,2026-08-25,Current holder not safely resolved from post-election official evidence; not presumed vacant.
Webster,webster-ma/finance-committee,1,,unresolved,https://www.webster-ma.gov/1238/2026-Sample-Ballot,2026-08-25,Current holder not safely resolved from post-election official evidence; not presumed vacant.
Webster,webster-ma/finance-committee,2,,unresolved,https://www.webster-ma.gov/1238/2026-Sample-Ballot,2026-08-25,Current holder not safely resolved from post-election official evidence; not presumed vacant.
Webster,webster-ma/finance-committee,3,,unresolved,https://www.webster-ma.gov/1238/2026-Sample-Ballot,2026-08-25,Current holder not safely resolved from post-election official evidence; not presumed vacant.
Webster,webster-ma/library-trustees,1,,unresolved,https://www.webster-ma.gov/1238/2026-Sample-Ballot,2026-08-25,Current holder not safely resolved from post-election official evidence; not presumed vacant.
Webster,webster-ma/library-trustees,2,,unresolved,https://www.webster-ma.gov/1238/2026-Sample-Ballot,2026-08-25,Current holder not safely resolved from post-election official evidence; not presumed vacant.
Webster,webster-ma/library-trustees,3,,unresolved,https://www.webster-ma.gov/1238/2026-Sample-Ballot,2026-08-25,Current holder not safely resolved from post-election official evidence; not presumed vacant.
Webster,webster-ma/library-trustees,4,,unresolved,https://www.webster-ma.gov/1238/2026-Sample-Ballot,2026-08-25,Current holder not safely resolved from post-election official evidence; not presumed vacant.
Webster,webster-ma/library-trustees,5,,unresolved,https://www.webster-ma.gov/1238/2026-Sample-Ballot,2026-08-25,Current holder not safely resolved from post-election official evidence; not presumed vacant.
Webster,webster-ma/library-trustees,6,,unresolved,https://www.webster-ma.gov/1238/2026-Sample-Ballot,2026-08-25,Current holder not safely resolved from post-election official evidence; not presumed vacant.
Webster,webster-ma/library-trustees,7,,unresolved,https://www.webster-ma.gov/1238/2026-Sample-Ballot,2026-08-25,Current holder not safely resolved from post-election official evidence; not presumed vacant.
Webster,webster-ma/housing-authority,1,,unresolved,https://www.webster-ma.gov/1238/2026-Sample-Ballot,2026-08-25,Current holder not safely resolved from post-election official evidence; not presumed vacant.
Webster,webster-ma/housing-authority,2,,unresolved,https://www.webster-ma.gov/1238/2026-Sample-Ballot,2026-08-25,Current holder not safely resolved from post-election official evidence; not presumed vacant.
Webster,webster-ma/housing-authority,3,,unresolved,https://www.webster-ma.gov/1238/2026-Sample-Ballot,2026-08-25,Current holder not safely resolved from post-election official evidence; not presumed vacant.
Webster,webster-ma/housing-authority,4,,unresolved,https://www.webster-ma.gov/1238/2026-Sample-Ballot,2026-08-25,Current holder not safely resolved from post-election official evidence; not presumed vacant.
Webster,webster-ma/redevelopment-authority,1,,unresolved,https://www.webster-ma.gov/1238/2026-Sample-Ballot,2026-08-25,Current holder not safely resolved from post-election official evidence; not presumed vacant.
Webster,webster-ma/redevelopment-authority,2,,unresolved,https://www.webster-ma.gov/1238/2026-Sample-Ballot,2026-08-25,Current holder not safely resolved from post-election official evidence; not presumed vacant.
Webster,webster-ma/redevelopment-authority,3,,unresolved,https://www.webster-ma.gov/1238/2026-Sample-Ballot,2026-08-25,Current holder not safely resolved from post-election official evidence; not presumed vacant.
Webster,webster-ma/redevelopment-authority,4,,unresolved,https://www.webster-ma.gov/1238/2026-Sample-Ballot,2026-08-25,Current holder not safely resolved from post-election official evidence; not presumed vacant.
Webster,webster-ma/board-of-health,1,,unresolved,https://www.webster-ma.gov/1238/2026-Sample-Ballot,2026-08-25,Current holder not safely resolved from post-election official evidence; not presumed vacant.
Webster,webster-ma/board-of-health,2,,unresolved,https://www.webster-ma.gov/1238/2026-Sample-Ballot,2026-08-25,Current holder not safely resolved from post-election official evidence; not presumed vacant.
Webster,webster-ma/board-of-health,3,,unresolved,https://www.webster-ma.gov/1238/2026-Sample-Ballot,2026-08-25,Current holder not safely resolved from post-election official evidence; not presumed vacant.
Wellesley,wellesley-ma/town-clerk,1,K.C. Kato,verified,https://www.wellesleyma.gov/313/Elected-Boards-Officials,2026-08-25,Current holder supported by recent official result or live official roster.
Wellesley,wellesley-ma/select-board,1,Marjorie R. Freiman,verified,https://www.wellesleyma.gov/313/Elected-Boards-Officials,2026-08-25,Current holder supported by recent official result or live official roster.
Wellesley,wellesley-ma/select-board,2,Colette E. Aufranc,verified,https://www.wellesleyma.gov/313/Elected-Boards-Officials,2026-08-25,Current holder supported by recent official result or live official roster.
Wellesley,wellesley-ma/select-board,3,Kenneth C. Largess III,verified,https://www.wellesleyma.gov/313/Elected-Boards-Officials,2026-08-25,Current holder supported by recent official result or live official roster.
Wellesley,wellesley-ma/select-board,4,Thomas H. Ulfelder,verified,https://www.wellesleyma.gov/313/Elected-Boards-Officials,2026-08-25,Current holder supported by recent official result or live official roster.
Wellesley,wellesley-ma/select-board,5,Elizabeth Sullivan Woods,verified,https://www.wellesleyma.gov/313/Elected-Boards-Officials,2026-08-25,Current holder supported by recent official result or live official roster.
Wellesley,wellesley-ma/board-of-assessors,1,W. Arthur Garrity III,verified,https://www.wellesleyma.gov/313/Elected-Boards-Officials,2026-08-25,Current holder supported by recent official result or live official roster.
Wellesley,wellesley-ma/board-of-assessors,2,Stephen R. Burtt,verified,https://www.wellesleyma.gov/313/Elected-Boards-Officials,2026-08-25,Current holder supported by recent official result or live official roster.
Wellesley,wellesley-ma/board-of-assessors,3,Stephen D. Mahoney,verified,https://www.wellesleyma.gov/313/Elected-Boards-Officials,2026-08-25,Current holder supported by recent official result or live official roster.
Wellesley,wellesley-ma/board-of-health,1,Marcia Testa Simonson,verified,https://www.wellesleyma.gov/313/Elected-Boards-Officials,2026-08-25,Current holder supported by recent official result or live official roster.
Wellesley,wellesley-ma/board-of-health,2,Susan E. Eklund,verified,https://www.wellesleyma.gov/313/Elected-Boards-Officials,2026-08-25,Current holder supported by recent official result or live official roster.
Wellesley,wellesley-ma/board-of-health,3,Linda Grape,verified,https://www.wellesleyma.gov/313/Elected-Boards-Officials,2026-08-25,Current holder supported by recent official result or live official roster.
Wellesley,wellesley-ma/housing-authority,1,Janice Coduri,verified,https://www.wellesleyma.gov/313/Elected-Boards-Officials,2026-08-25,Current holder supported by recent official result or live official roster.
Wellesley,wellesley-ma/housing-authority,2,Lisa Heyison,verified,https://www.wellesleyma.gov/313/Elected-Boards-Officials,2026-08-25,Current holder supported by recent official result or live official roster.
Wellesley,wellesley-ma/housing-authority,3,Odessa MB Sanchez,verified,https://www.wellesleyma.gov/313/Elected-Boards-Officials,2026-08-25,Current holder supported by recent official result or live official roster.
Wellesley,wellesley-ma/library-trustees,1,Marla L. Robinson,verified,https://www.wellesleyma.gov/313/Elected-Boards-Officials,2026-08-25,Current holder supported by recent official result or live official roster.
Wellesley,wellesley-ma/library-trustees,2,Maria Ashbrook,verified,https://www.wellesleyma.gov/313/Elected-Boards-Officials,2026-08-25,Current holder supported by recent official result or live official roster.
Wellesley,wellesley-ma/library-trustees,3,Aunoy Banerjee,verified,https://www.wellesleyma.gov/313/Elected-Boards-Officials,2026-08-25,Current holder supported by recent official result or live official roster.
Wellesley,wellesley-ma/library-trustees,4,Ann Howley,verified,https://www.wellesleyma.gov/313/Elected-Boards-Officials,2026-08-25,Current holder supported by recent official result or live official roster.
Wellesley,wellesley-ma/library-trustees,5,Maura Murphy,verified,https://www.wellesleyma.gov/313/Elected-Boards-Officials,2026-08-25,Current holder supported by recent official result or live official roster.
Wellesley,wellesley-ma/library-trustees,6,Diane Savage,verified,https://www.wellesleyma.gov/313/Elected-Boards-Officials,2026-08-25,Current holder supported by recent official result or live official roster.
Wellesley,wellesley-ma/moderator,1,Mark Kaplan,verified,https://www.wellesleyma.gov/313/Elected-Boards-Officials,2026-08-25,Current holder supported by recent official result or live official roster.
Wellesley,wellesley-ma/natural-resources-commission,1,Steven Park,verified,https://www.wellesleyma.gov/313/Elected-Boards-Officials,2026-08-25,Current holder supported by recent official result or live official roster.
Wellesley,wellesley-ma/natural-resources-commission,2,Melinda Arias-Voci,verified,https://www.wellesleyma.gov/313/Elected-Boards-Officials,2026-08-25,Current holder supported by recent official result or live official roster.
Wellesley,wellesley-ma/natural-resources-commission,3,Bea Bezmalinovic Dhebar,verified,https://www.wellesleyma.gov/313/Elected-Boards-Officials,2026-08-25,Current holder supported by recent official result or live official roster.
Wellesley,wellesley-ma/natural-resources-commission,4,Thomas Hammond Jr.,verified,https://www.wellesleyma.gov/313/Elected-Boards-Officials,2026-08-25,Current holder supported by recent official result or live official roster.
Wellesley,wellesley-ma/natural-resources-commission,5,Joseph Schott,verified,https://www.wellesleyma.gov/313/Elected-Boards-Officials,2026-08-25,Current holder supported by recent official result or live official roster.
Wellesley,wellesley-ma/planning-board,1,Marc W. Charney,verified,https://www.wellesleyma.gov/313/Elected-Boards-Officials,2026-08-25,Current holder supported by recent official result or live official roster.
Wellesley,wellesley-ma/planning-board,2,Edward Chazen,verified,https://www.wellesleyma.gov/313/Elected-Boards-Officials,2026-08-25,Current holder supported by recent official result or live official roster.
Wellesley,wellesley-ma/planning-board,3,Patricia Mallette,verified,https://www.wellesleyma.gov/313/Elected-Boards-Officials,2026-08-25,Current holder supported by recent official result or live official roster.
Wellesley,wellesley-ma/planning-board,4,James Roberti,verified,https://www.wellesleyma.gov/313/Elected-Boards-Officials,2026-08-25,Current holder supported by recent official result or live official roster.
Wellesley,wellesley-ma/planning-board,5,Thomas Taylor,verified,https://www.wellesleyma.gov/313/Elected-Boards-Officials,2026-08-25,Current holder supported by recent official result or live official roster.
Wellesley,wellesley-ma/board-of-public-works,1,Jeffrey Wechsler,verified,https://www.wellesleyma.gov/313/Elected-Boards-Officials,2026-08-25,Current holder supported by recent official result or live official roster.
Wellesley,wellesley-ma/board-of-public-works,2,Edward Hall,verified,https://www.wellesleyma.gov/313/Elected-Boards-Officials,2026-08-25,Current holder supported by recent official result or live official roster.
Wellesley,wellesley-ma/board-of-public-works,3,Michael McManus,verified,https://www.wellesleyma.gov/313/Elected-Boards-Officials,2026-08-25,Current holder supported by recent official result or live official roster.
Wellesley,wellesley-ma/recreation-commission,1,Paul A. Cramer,verified,https://www.wellesleyma.gov/313/Elected-Boards-Officials,2026-08-25,Current holder supported by recent official result or live official roster.
Wellesley,wellesley-ma/recreation-commission,2,Middleton Ansley Martin,verified,https://www.wellesleyma.gov/313/Elected-Boards-Officials,2026-08-25,Current holder supported by recent official result or live official roster.
Wellesley,wellesley-ma/recreation-commission,3,Garfield Miller,verified,https://www.wellesleyma.gov/313/Elected-Boards-Officials,2026-08-25,Current holder supported by recent official result or live official roster.
Wellesley,wellesley-ma/recreation-commission,4,Laurance Stuntz,verified,https://www.wellesleyma.gov/313/Elected-Boards-Officials,2026-08-25,Current holder supported by recent official result or live official roster.
Wellesley,wellesley-ma/recreation-commission,5,Mark Wolfson,verified,https://www.wellesleyma.gov/313/Elected-Boards-Officials,2026-08-25,Current holder supported by recent official result or live official roster.
Wellesley,wellesley-ma/school-committee,1,Niki Brinkman-Ofenloch,verified,https://www.wellesleyma.gov/313/Elected-Boards-Officials,2026-08-25,Current holder supported by recent official result or live official roster.
Wellesley,wellesley-ma/school-committee,2,Linda Chow,verified,https://www.wellesleyma.gov/313/Elected-Boards-Officials,2026-08-25,Current holder supported by recent official result or live official roster.
Wellesley,wellesley-ma/school-committee,3,Illana Nissenbaum,verified,https://www.wellesleyma.gov/313/Elected-Boards-Officials,2026-08-25,Current holder supported by recent official result or live official roster.
Wellesley,wellesley-ma/school-committee,4,Costas Panagopoulos,verified,https://www.wellesleyma.gov/313/Elected-Boards-Officials,2026-08-25,Current holder supported by recent official result or live official roster.
Wellesley,wellesley-ma/school-committee,5,Robert Edward Sullivan,verified,https://www.wellesleyma.gov/313/Elected-Boards-Officials,2026-08-25,Current holder supported by recent official result or live official roster.
Wellesley,wellesley-ma/representative-town-meeting,1,,unresolved,https://wellesleyma.gov/DocumentCenter/View/50094/2026-Annual-Town-Election---OFFICIAL-RESULTS?bidId=,2026-08-25,Current holder not safely resolved from post-election official evidence; not presumed vacant.
Wellesley,wellesley-ma/representative-town-meeting,2,,unresolved,https://wellesleyma.gov/DocumentCenter/View/50094/2026-Annual-Town-Election---OFFICIAL-RESULTS?bidId=,2026-08-25,Current holder not safely resolved from post-election official evidence; not presumed vacant.
Wellesley,wellesley-ma/representative-town-meeting,3,,unresolved,https://wellesleyma.gov/DocumentCenter/View/50094/2026-Annual-Town-Election---OFFICIAL-RESULTS?bidId=,2026-08-25,Current holder not safely resolved from post-election official evidence; not presumed vacant.
Wellesley,wellesley-ma/representative-town-meeting,4,,unresolved,https://wellesleyma.gov/DocumentCenter/View/50094/2026-Annual-Town-Election---OFFICIAL-RESULTS?bidId=,2026-08-25,Current holder not safely resolved from post-election official evidence; not presumed vacant.
Wellesley,wellesley-ma/representative-town-meeting,5,,unresolved,https://wellesleyma.gov/DocumentCenter/View/50094/2026-Annual-Town-Election---OFFICIAL-RESULTS?bidId=,2026-08-25,Current holder not safely resolved from post-election official evidence; not presumed vacant.
Wellesley,wellesley-ma/representative-town-meeting,6,,unresolved,https://wellesleyma.gov/DocumentCenter/View/50094/2026-Annual-Town-Election---OFFICIAL-RESULTS?bidId=,2026-08-25,Current holder not safely resolved from post-election official evidence; not presumed vacant.
Wellesley,wellesley-ma/representative-town-meeting,7,,unresolved,https://wellesleyma.gov/DocumentCenter/View/50094/2026-Annual-Town-Election---OFFICIAL-RESULTS?bidId=,2026-08-25,Current holder not safely resolved from post-election official evidence; not presumed vacant.
Wellesley,wellesley-ma/representative-town-meeting,8,,unresolved,https://wellesleyma.gov/DocumentCenter/View/50094/2026-Annual-Town-Election---OFFICIAL-RESULTS?bidId=,2026-08-25,Current holder not safely resolved from post-election official evidence; not presumed vacant.
Wellesley,wellesley-ma/representative-town-meeting,9,,unresolved,https://wellesleyma.gov/DocumentCenter/View/50094/2026-Annual-Town-Election---OFFICIAL-RESULTS?bidId=,2026-08-25,Current holder not safely resolved from post-election official evidence; not presumed vacant.
Wellesley,wellesley-ma/representative-town-meeting,10,,unresolved,https://wellesleyma.gov/DocumentCenter/View/50094/2026-Annual-Town-Election---OFFICIAL-RESULTS?bidId=,2026-08-25,Current holder not safely resolved from post-election official evidence; not presumed vacant.
Wellesley,wellesley-ma/representative-town-meeting,11,,unresolved,https://wellesleyma.gov/DocumentCenter/View/50094/2026-Annual-Town-Election---OFFICIAL-RESULTS?bidId=,2026-08-25,Current holder not safely resolved from post-election official evidence; not presumed vacant.
Wellesley,wellesley-ma/representative-town-meeting,12,,unresolved,https://wellesleyma.gov/DocumentCenter/View/50094/2026-Annual-Town-Election---OFFICIAL-RESULTS?bidId=,2026-08-25,Current holder not safely resolved from post-election official evidence; not presumed vacant.
Wellesley,wellesley-ma/representative-town-meeting,13,,unresolved,https://wellesleyma.gov/DocumentCenter/View/50094/2026-Annual-Town-Election---OFFICIAL-RESULTS?bidId=,2026-08-25,Current holder not safely resolved from post-election official evidence; not presumed vacant.
Wellesley,wellesley-ma/representative-town-meeting,14,,unresolved,https://wellesleyma.gov/DocumentCenter/View/50094/2026-Annual-Town-Election---OFFICIAL-RESULTS?bidId=,2026-08-25,Current holder not safely resolved from post-election official evidence; not presumed vacant.
Wellesley,wellesley-ma/representative-town-meeting,15,,unresolved,https://wellesleyma.gov/DocumentCenter/View/50094/2026-Annual-Town-Election---OFFICIAL-RESULTS?bidId=,2026-08-25,Current holder not safely resolved from post-election official evidence; not presumed vacant.
Wellesley,wellesley-ma/representative-town-meeting,16,,unresolved,https://wellesleyma.gov/DocumentCenter/View/50094/2026-Annual-Town-Election---OFFICIAL-RESULTS?bidId=,2026-08-25,Current holder not safely resolved from post-election official evidence; not presumed vacant.
Wellesley,wellesley-ma/representative-town-meeting,17,,unresolved,https://wellesleyma.gov/DocumentCenter/View/50094/2026-Annual-Town-Election---OFFICIAL-RESULTS?bidId=,2026-08-25,Current holder not safely resolved from post-election official evidence; not presumed vacant.
Wellesley,wellesley-ma/representative-town-meeting,18,,unresolved,https://wellesleyma.gov/DocumentCenter/View/50094/2026-Annual-Town-Election---OFFICIAL-RESULTS?bidId=,2026-08-25,Current holder not safely resolved from post-election official evidence; not presumed vacant.
Wellesley,wellesley-ma/representative-town-meeting,19,,unresolved,https://wellesleyma.gov/DocumentCenter/View/50094/2026-Annual-Town-Election---OFFICIAL-RESULTS?bidId=,2026-08-25,Current holder not safely resolved from post-election official evidence; not presumed vacant.
Wellesley,wellesley-ma/representative-town-meeting,20,,unresolved,https://wellesleyma.gov/DocumentCenter/View/50094/2026-Annual-Town-Election---OFFICIAL-RESULTS?bidId=,2026-08-25,Current holder not safely resolved from post-election official evidence; not presumed vacant.
Wellesley,wellesley-ma/representative-town-meeting,21,,unresolved,https://wellesleyma.gov/DocumentCenter/View/50094/2026-Annual-Town-Election---OFFICIAL-RESULTS?bidId=,2026-08-25,Current holder not safely resolved from post-election official evidence; not presumed vacant.
Wellesley,wellesley-ma/representative-town-meeting,22,,unresolved,https://wellesleyma.gov/DocumentCenter/View/50094/2026-Annual-Town-Election---OFFICIAL-RESULTS?bidId=,2026-08-25,Current holder not safely resolved from post-election official evidence; not presumed vacant.
Wellesley,wellesley-ma/representative-town-meeting,23,,unresolved,https://wellesleyma.gov/DocumentCenter/View/50094/2026-Annual-Town-Election---OFFICIAL-RESULTS?bidId=,2026-08-25,Current holder not safely resolved from post-election official evidence; not presumed vacant.
Wellesley,wellesley-ma/representative-town-meeting,24,,unresolved,https://wellesleyma.gov/DocumentCenter/View/50094/2026-Annual-Town-Election---OFFICIAL-RESULTS?bidId=,2026-08-25,Current holder not safely resolved from post-election official evidence; not presumed vacant.
Wellesley,wellesley-ma/representative-town-meeting,25,,unresolved,https://wellesleyma.gov/DocumentCenter/View/50094/2026-Annual-Town-Election---OFFICIAL-RESULTS?bidId=,2026-08-25,Current holder not safely resolved from post-election official evidence; not presumed vacant.
Wellesley,wellesley-ma/representative-town-meeting,26,,unresolved,https://wellesleyma.gov/DocumentCenter/View/50094/2026-Annual-Town-Election---OFFICIAL-RESULTS?bidId=,2026-08-25,Current holder not safely resolved from post-election official evidence; not presumed vacant.
Wellesley,wellesley-ma/representative-town-meeting,27,,unresolved,https://wellesleyma.gov/DocumentCenter/View/50094/2026-Annual-Town-Election---OFFICIAL-RESULTS?bidId=,2026-08-25,Current holder not safely resolved from post-election official evidence; not presumed vacant.
Wellesley,wellesley-ma/representative-town-meeting,28,,unresolved,https://wellesleyma.gov/DocumentCenter/View/50094/2026-Annual-Town-Election---OFFICIAL-RESULTS?bidId=,2026-08-25,Current holder not safely resolved from post-election official evidence; not presumed vacant.
Wellesley,wellesley-ma/representative-town-meeting,29,,unresolved,https://wellesleyma.gov/DocumentCenter/View/50094/2026-Annual-Town-Election---OFFICIAL-RESULTS?bidId=,2026-08-25,Current holder not safely resolved from post-election official evidence; not presumed vacant.
Wellesley,wellesley-ma/representative-town-meeting,30,,unresolved,https://wellesleyma.gov/DocumentCenter/View/50094/2026-Annual-Town-Election---OFFICIAL-RESULTS?bidId=,2026-08-25,Current holder not safely resolved from post-election official evidence; not presumed vacant.
Wellesley,wellesley-ma/representative-town-meeting,31,,unresolved,https://wellesleyma.gov/DocumentCenter/View/50094/2026-Annual-Town-Election---OFFICIAL-RESULTS?bidId=,2026-08-25,Current holder not safely resolved from post-election official evidence; not presumed vacant.
Wellesley,wellesley-ma/representative-town-meeting,32,,unresolved,https://wellesleyma.gov/DocumentCenter/View/50094/2026-Annual-Town-Election---OFFICIAL-RESULTS?bidId=,2026-08-25,Current holder not safely resolved from post-election official evidence; not presumed vacant.
Wellesley,wellesley-ma/representative-town-meeting,33,,unresolved,https://wellesleyma.gov/DocumentCenter/View/50094/2026-Annual-Town-Election---OFFICIAL-RESULTS?bidId=,2026-08-25,Current holder not safely resolved from post-election official evidence; not presumed vacant.
Wellesley,wellesley-ma/representative-town-meeting,34,,unresolved,https://wellesleyma.gov/DocumentCenter/View/50094/2026-Annual-Town-Election---OFFICIAL-RESULTS?bidId=,2026-08-25,Current holder not safely resolved from post-election official evidence; not presumed vacant.
Wellesley,wellesley-ma/representative-town-meeting,35,,unresolved,https://wellesleyma.gov/DocumentCenter/View/50094/2026-Annual-Town-Election---OFFICIAL-RESULTS?bidId=,2026-08-25,Current holder not safely resolved from post-election official evidence; not presumed vacant.
Wellesley,wellesley-ma/representative-town-meeting,36,,unresolved,https://wellesleyma.gov/DocumentCenter/View/50094/2026-Annual-Town-Election---OFFICIAL-RESULTS?bidId=,2026-08-25,Current holder not safely resolved from post-election official evidence; not presumed vacant.
Wellesley,wellesley-ma/representative-town-meeting,37,,unresolved,https://wellesleyma.gov/DocumentCenter/View/50094/2026-Annual-Town-Election---OFFICIAL-RESULTS?bidId=,2026-08-25,Current holder not safely resolved from post-election official evidence; not presumed vacant.
Wellesley,wellesley-ma/representative-town-meeting,38,,unresolved,https://wellesleyma.gov/DocumentCenter/View/50094/2026-Annual-Town-Election---OFFICIAL-RESULTS?bidId=,2026-08-25,Current holder not safely resolved from post-election official evidence; not presumed vacant.
Wellesley,wellesley-ma/representative-town-meeting,39,,unresolved,https://wellesleyma.gov/DocumentCenter/View/50094/2026-Annual-Town-Election---OFFICIAL-RESULTS?bidId=,2026-08-25,Current holder not safely resolved from post-election official evidence; not presumed vacant.
Wellesley,wellesley-ma/representative-town-meeting,40,,unresolved,https://wellesleyma.gov/DocumentCenter/View/50094/2026-Annual-Town-Election---OFFICIAL-RESULTS?bidId=,2026-08-25,Current holder not safely resolved from post-election official evidence; not presumed vacant.
Wellesley,wellesley-ma/representative-town-meeting,41,,unresolved,https://wellesleyma.gov/DocumentCenter/View/50094/2026-Annual-Town-Election---OFFICIAL-RESULTS?bidId=,2026-08-25,Current holder not safely resolved from post-election official evidence; not presumed vacant.
Wellesley,wellesley-ma/representative-town-meeting,42,,unresolved,https://wellesleyma.gov/DocumentCenter/View/50094/2026-Annual-Town-Election---OFFICIAL-RESULTS?bidId=,2026-08-25,Current holder not safely resolved from post-election official evidence; not presumed vacant.
Wellesley,wellesley-ma/representative-town-meeting,43,,unresolved,https://wellesleyma.gov/DocumentCenter/View/50094/2026-Annual-Town-Election---OFFICIAL-RESULTS?bidId=,2026-08-25,Current holder not safely resolved from post-election official evidence; not presumed vacant.
Wellesley,wellesley-ma/representative-town-meeting,44,,unresolved,https://wellesleyma.gov/DocumentCenter/View/50094/2026-Annual-Town-Election---OFFICIAL-RESULTS?bidId=,2026-08-25,Current holder not safely resolved from post-election official evidence; not presumed vacant.
Wellesley,wellesley-ma/representative-town-meeting,45,,unresolved,https://wellesleyma.gov/DocumentCenter/View/50094/2026-Annual-Town-Election---OFFICIAL-RESULTS?bidId=,2026-08-25,Current holder not safely resolved from post-election official evidence; not presumed vacant.
Wellesley,wellesley-ma/representative-town-meeting,46,,unresolved,https://wellesleyma.gov/DocumentCenter/View/50094/2026-Annual-Town-Election---OFFICIAL-RESULTS?bidId=,2026-08-25,Current holder not safely resolved from post-election official evidence; not presumed vacant.
Wellesley,wellesley-ma/representative-town-meeting,47,,unresolved,https://wellesleyma.gov/DocumentCenter/View/50094/2026-Annual-Town-Election---OFFICIAL-RESULTS?bidId=,2026-08-25,Current holder not safely resolved from post-election official evidence; not presumed vacant.
Wellesley,wellesley-ma/representative-town-meeting,48,,unresolved,https://wellesleyma.gov/DocumentCenter/View/50094/2026-Annual-Town-Election---OFFICIAL-RESULTS?bidId=,2026-08-25,Current holder not safely resolved from post-election official evidence; not presumed vacant.
Wellesley,wellesley-ma/representative-town-meeting,49,,unresolved,https://wellesleyma.gov/DocumentCenter/View/50094/2026-Annual-Town-Election---OFFICIAL-RESULTS?bidId=,2026-08-25,Current holder not safely resolved from post-election official evidence; not presumed vacant.
Wellesley,wellesley-ma/representative-town-meeting,50,,unresolved,https://wellesleyma.gov/DocumentCenter/View/50094/2026-Annual-Town-Election---OFFICIAL-RESULTS?bidId=,2026-08-25,Current holder not safely resolved from post-election official evidence; not presumed vacant.
Wellesley,wellesley-ma/representative-town-meeting,51,,unresolved,https://wellesleyma.gov/DocumentCenter/View/50094/2026-Annual-Town-Election---OFFICIAL-RESULTS?bidId=,2026-08-25,Current holder not safely resolved from post-election official evidence; not presumed vacant.
Wellesley,wellesley-ma/representative-town-meeting,52,,unresolved,https://wellesleyma.gov/DocumentCenter/View/50094/2026-Annual-Town-Election---OFFICIAL-RESULTS?bidId=,2026-08-25,Current holder not safely resolved from post-election official evidence; not presumed vacant.
Wellesley,wellesley-ma/representative-town-meeting,53,,unresolved,https://wellesleyma.gov/DocumentCenter/View/50094/2026-Annual-Town-Election---OFFICIAL-RESULTS?bidId=,2026-08-25,Current holder not safely resolved from post-election official evidence; not presumed vacant.
Wellesley,wellesley-ma/representative-town-meeting,54,,unresolved,https://wellesleyma.gov/DocumentCenter/View/50094/2026-Annual-Town-Election---OFFICIAL-RESULTS?bidId=,2026-08-25,Current holder not safely resolved from post-election official evidence; not presumed vacant.
Wellesley,wellesley-ma/representative-town-meeting,55,,unresolved,https://wellesleyma.gov/DocumentCenter/View/50094/2026-Annual-Town-Election---OFFICIAL-RESULTS?bidId=,2026-08-25,Current holder not safely resolved from post-election official evidence; not presumed vacant.
Wellesley,wellesley-ma/representative-town-meeting,56,,unresolved,https://wellesleyma.gov/DocumentCenter/View/50094/2026-Annual-Town-Election---OFFICIAL-RESULTS?bidId=,2026-08-25,Current holder not safely resolved from post-election official evidence; not presumed vacant.
Wellesley,wellesley-ma/representative-town-meeting,57,,unresolved,https://wellesleyma.gov/DocumentCenter/View/50094/2026-Annual-Town-Election---OFFICIAL-RESULTS?bidId=,2026-08-25,Current holder not safely resolved from post-election official evidence; not presumed vacant.
Wellesley,wellesley-ma/representative-town-meeting,58,,unresolved,https://wellesleyma.gov/DocumentCenter/View/50094/2026-Annual-Town-Election---OFFICIAL-RESULTS?bidId=,2026-08-25,Current holder not safely resolved from post-election official evidence; not presumed vacant.
Wellesley,wellesley-ma/representative-town-meeting,59,,unresolved,https://wellesleyma.gov/DocumentCenter/View/50094/2026-Annual-Town-Election---OFFICIAL-RESULTS?bidId=,2026-08-25,Current holder not safely resolved from post-election official evidence; not presumed vacant.
Wellesley,wellesley-ma/representative-town-meeting,60,,unresolved,https://wellesleyma.gov/DocumentCenter/View/50094/2026-Annual-Town-Election---OFFICIAL-RESULTS?bidId=,2026-08-25,Current holder not safely resolved from post-election official evidence; not presumed vacant.
Wellesley,wellesley-ma/representative-town-meeting,61,,unresolved,https://wellesleyma.gov/DocumentCenter/View/50094/2026-Annual-Town-Election---OFFICIAL-RESULTS?bidId=,2026-08-25,Current holder not safely resolved from post-election official evidence; not presumed vacant.
Wellesley,wellesley-ma/representative-town-meeting,62,,unresolved,https://wellesleyma.gov/DocumentCenter/View/50094/2026-Annual-Town-Election---OFFICIAL-RESULTS?bidId=,2026-08-25,Current holder not safely resolved from post-election official evidence; not presumed vacant.
Wellesley,wellesley-ma/representative-town-meeting,63,,unresolved,https://wellesleyma.gov/DocumentCenter/View/50094/2026-Annual-Town-Election---OFFICIAL-RESULTS?bidId=,2026-08-25,Current holder not safely resolved from post-election official evidence; not presumed vacant.
Wellesley,wellesley-ma/representative-town-meeting,64,,unresolved,https://wellesleyma.gov/DocumentCenter/View/50094/2026-Annual-Town-Election---OFFICIAL-RESULTS?bidId=,2026-08-25,Current holder not safely resolved from post-election official evidence; not presumed vacant.
Wellesley,wellesley-ma/representative-town-meeting,65,,unresolved,https://wellesleyma.gov/DocumentCenter/View/50094/2026-Annual-Town-Election---OFFICIAL-RESULTS?bidId=,2026-08-25,Current holder not safely resolved from post-election official evidence; not presumed vacant.
Wellesley,wellesley-ma/representative-town-meeting,66,,unresolved,https://wellesleyma.gov/DocumentCenter/View/50094/2026-Annual-Town-Election---OFFICIAL-RESULTS?bidId=,2026-08-25,Current holder not safely resolved from post-election official evidence; not presumed vacant.
Wellesley,wellesley-ma/representative-town-meeting,67,,unresolved,https://wellesleyma.gov/DocumentCenter/View/50094/2026-Annual-Town-Election---OFFICIAL-RESULTS?bidId=,2026-08-25,Current holder not safely resolved from post-election official evidence; not presumed vacant.
Wellesley,wellesley-ma/representative-town-meeting,68,,unresolved,https://wellesleyma.gov/DocumentCenter/View/50094/2026-Annual-Town-Election---OFFICIAL-RESULTS?bidId=,2026-08-25,Current holder not safely resolved from post-election official evidence; not presumed vacant.
Wellesley,wellesley-ma/representative-town-meeting,69,,unresolved,https://wellesleyma.gov/DocumentCenter/View/50094/2026-Annual-Town-Election---OFFICIAL-RESULTS?bidId=,2026-08-25,Current holder not safely resolved from post-election official evidence; not presumed vacant.
Wellesley,wellesley-ma/representative-town-meeting,70,,unresolved,https://wellesleyma.gov/DocumentCenter/View/50094/2026-Annual-Town-Election---OFFICIAL-RESULTS?bidId=,2026-08-25,Current holder not safely resolved from post-election official evidence; not presumed vacant.
Wellesley,wellesley-ma/representative-town-meeting,71,,unresolved,https://wellesleyma.gov/DocumentCenter/View/50094/2026-Annual-Town-Election---OFFICIAL-RESULTS?bidId=,2026-08-25,Current holder not safely resolved from post-election official evidence; not presumed vacant.
Wellesley,wellesley-ma/representative-town-meeting,72,,unresolved,https://wellesleyma.gov/DocumentCenter/View/50094/2026-Annual-Town-Election---OFFICIAL-RESULTS?bidId=,2026-08-25,Current holder not safely resolved from post-election official evidence; not presumed vacant.
Wellesley,wellesley-ma/representative-town-meeting,73,,unresolved,https://wellesleyma.gov/DocumentCenter/View/50094/2026-Annual-Town-Election---OFFICIAL-RESULTS?bidId=,2026-08-25,Current holder not safely resolved from post-election official evidence; not presumed vacant.
Wellesley,wellesley-ma/representative-town-meeting,74,,unresolved,https://wellesleyma.gov/DocumentCenter/View/50094/2026-Annual-Town-Election---OFFICIAL-RESULTS?bidId=,2026-08-25,Current holder not safely resolved from post-election official evidence; not presumed vacant.
Wellesley,wellesley-ma/representative-town-meeting,75,,unresolved,https://wellesleyma.gov/DocumentCenter/View/50094/2026-Annual-Town-Election---OFFICIAL-RESULTS?bidId=,2026-08-25,Current holder not safely resolved from post-election official evidence; not presumed vacant.
Wellesley,wellesley-ma/representative-town-meeting,76,,unresolved,https://wellesleyma.gov/DocumentCenter/View/50094/2026-Annual-Town-Election---OFFICIAL-RESULTS?bidId=,2026-08-25,Current holder not safely resolved from post-election official evidence; not presumed vacant.
Wellesley,wellesley-ma/representative-town-meeting,77,,unresolved,https://wellesleyma.gov/DocumentCenter/View/50094/2026-Annual-Town-Election---OFFICIAL-RESULTS?bidId=,2026-08-25,Current holder not safely resolved from post-election official evidence; not presumed vacant.
Wellesley,wellesley-ma/representative-town-meeting,78,,unresolved,https://wellesleyma.gov/DocumentCenter/View/50094/2026-Annual-Town-Election---OFFICIAL-RESULTS?bidId=,2026-08-25,Current holder not safely resolved from post-election official evidence; not presumed vacant.
Wellesley,wellesley-ma/representative-town-meeting,79,,unresolved,https://wellesleyma.gov/DocumentCenter/View/50094/2026-Annual-Town-Election---OFFICIAL-RESULTS?bidId=,2026-08-25,Current holder not safely resolved from post-election official evidence; not presumed vacant.
Wellesley,wellesley-ma/representative-town-meeting,80,,unresolved,https://wellesleyma.gov/DocumentCenter/View/50094/2026-Annual-Town-Election---OFFICIAL-RESULTS?bidId=,2026-08-25,Current holder not safely resolved from post-election official evidence; not presumed vacant.
Wellesley,wellesley-ma/representative-town-meeting,81,,unresolved,https://wellesleyma.gov/DocumentCenter/View/50094/2026-Annual-Town-Election---OFFICIAL-RESULTS?bidId=,2026-08-25,Current holder not safely resolved from post-election official evidence; not presumed vacant.
Wellesley,wellesley-ma/representative-town-meeting,82,,unresolved,https://wellesleyma.gov/DocumentCenter/View/50094/2026-Annual-Town-Election---OFFICIAL-RESULTS?bidId=,2026-08-25,Current holder not safely resolved from post-election official evidence; not presumed vacant.
Wellesley,wellesley-ma/representative-town-meeting,83,,unresolved,https://wellesleyma.gov/DocumentCenter/View/50094/2026-Annual-Town-Election---OFFICIAL-RESULTS?bidId=,2026-08-25,Current holder not safely resolved from post-election official evidence; not presumed vacant.
Wellesley,wellesley-ma/representative-town-meeting,84,,unresolved,https://wellesleyma.gov/DocumentCenter/View/50094/2026-Annual-Town-Election---OFFICIAL-RESULTS?bidId=,2026-08-25,Current holder not safely resolved from post-election official evidence; not presumed vacant.
Wellesley,wellesley-ma/representative-town-meeting,85,,unresolved,https://wellesleyma.gov/DocumentCenter/View/50094/2026-Annual-Town-Election---OFFICIAL-RESULTS?bidId=,2026-08-25,Current holder not safely resolved from post-election official evidence; not presumed vacant.
Wellesley,wellesley-ma/representative-town-meeting,86,,unresolved,https://wellesleyma.gov/DocumentCenter/View/50094/2026-Annual-Town-Election---OFFICIAL-RESULTS?bidId=,2026-08-25,Current holder not safely resolved from post-election official evidence; not presumed vacant.
Wellesley,wellesley-ma/representative-town-meeting,87,,unresolved,https://wellesleyma.gov/DocumentCenter/View/50094/2026-Annual-Town-Election---OFFICIAL-RESULTS?bidId=,2026-08-25,Current holder not safely resolved from post-election official evidence; not presumed vacant.
Wellesley,wellesley-ma/representative-town-meeting,88,,unresolved,https://wellesleyma.gov/DocumentCenter/View/50094/2026-Annual-Town-Election---OFFICIAL-RESULTS?bidId=,2026-08-25,Current holder not safely resolved from post-election official evidence; not presumed vacant.
Wellesley,wellesley-ma/representative-town-meeting,89,,unresolved,https://wellesleyma.gov/DocumentCenter/View/50094/2026-Annual-Town-Election---OFFICIAL-RESULTS?bidId=,2026-08-25,Current holder not safely resolved from post-election official evidence; not presumed vacant.
Wellesley,wellesley-ma/representative-town-meeting,90,,unresolved,https://wellesleyma.gov/DocumentCenter/View/50094/2026-Annual-Town-Election---OFFICIAL-RESULTS?bidId=,2026-08-25,Current holder not safely resolved from post-election official evidence; not presumed vacant.
Wellesley,wellesley-ma/representative-town-meeting,91,,unresolved,https://wellesleyma.gov/DocumentCenter/View/50094/2026-Annual-Town-Election---OFFICIAL-RESULTS?bidId=,2026-08-25,Current holder not safely resolved from post-election official evidence; not presumed vacant.
Wellesley,wellesley-ma/representative-town-meeting,92,,unresolved,https://wellesleyma.gov/DocumentCenter/View/50094/2026-Annual-Town-Election---OFFICIAL-RESULTS?bidId=,2026-08-25,Current holder not safely resolved from post-election official evidence; not presumed vacant.
Wellesley,wellesley-ma/representative-town-meeting,93,,unresolved,https://wellesleyma.gov/DocumentCenter/View/50094/2026-Annual-Town-Election---OFFICIAL-RESULTS?bidId=,2026-08-25,Current holder not safely resolved from post-election official evidence; not presumed vacant.
Wellesley,wellesley-ma/representative-town-meeting,94,,unresolved,https://wellesleyma.gov/DocumentCenter/View/50094/2026-Annual-Town-Election---OFFICIAL-RESULTS?bidId=,2026-08-25,Current holder not safely resolved from post-election official evidence; not presumed vacant.
Wellesley,wellesley-ma/representative-town-meeting,95,,unresolved,https://wellesleyma.gov/DocumentCenter/View/50094/2026-Annual-Town-Election---OFFICIAL-RESULTS?bidId=,2026-08-25,Current holder not safely resolved from post-election official evidence; not presumed vacant.
Wellesley,wellesley-ma/representative-town-meeting,96,,unresolved,https://wellesleyma.gov/DocumentCenter/View/50094/2026-Annual-Town-Election---OFFICIAL-RESULTS?bidId=,2026-08-25,Current holder not safely resolved from post-election official evidence; not presumed vacant.
Wellesley,wellesley-ma/representative-town-meeting,97,,unresolved,https://wellesleyma.gov/DocumentCenter/View/50094/2026-Annual-Town-Election---OFFICIAL-RESULTS?bidId=,2026-08-25,Current holder not safely resolved from post-election official evidence; not presumed vacant.
Wellesley,wellesley-ma/representative-town-meeting,98,,unresolved,https://wellesleyma.gov/DocumentCenter/View/50094/2026-Annual-Town-Election---OFFICIAL-RESULTS?bidId=,2026-08-25,Current holder not safely resolved from post-election official evidence; not presumed vacant.
Wellesley,wellesley-ma/representative-town-meeting,99,,unresolved,https://wellesleyma.gov/DocumentCenter/View/50094/2026-Annual-Town-Election---OFFICIAL-RESULTS?bidId=,2026-08-25,Current holder not safely resolved from post-election official evidence; not presumed vacant.
Wellesley,wellesley-ma/representative-town-meeting,100,,unresolved,https://wellesleyma.gov/DocumentCenter/View/50094/2026-Annual-Town-Election---OFFICIAL-RESULTS?bidId=,2026-08-25,Current holder not safely resolved from post-election official evidence; not presumed vacant.
Wellesley,wellesley-ma/representative-town-meeting,101,,unresolved,https://wellesleyma.gov/DocumentCenter/View/50094/2026-Annual-Town-Election---OFFICIAL-RESULTS?bidId=,2026-08-25,Current holder not safely resolved from post-election official evidence; not presumed vacant.
Wellesley,wellesley-ma/representative-town-meeting,102,,unresolved,https://wellesleyma.gov/DocumentCenter/View/50094/2026-Annual-Town-Election---OFFICIAL-RESULTS?bidId=,2026-08-25,Current holder not safely resolved from post-election official evidence; not presumed vacant.
Wellesley,wellesley-ma/representative-town-meeting,103,,unresolved,https://wellesleyma.gov/DocumentCenter/View/50094/2026-Annual-Town-Election---OFFICIAL-RESULTS?bidId=,2026-08-25,Current holder not safely resolved from post-election official evidence; not presumed vacant.
Wellesley,wellesley-ma/representative-town-meeting,104,,unresolved,https://wellesleyma.gov/DocumentCenter/View/50094/2026-Annual-Town-Election---OFFICIAL-RESULTS?bidId=,2026-08-25,Current holder not safely resolved from post-election official evidence; not presumed vacant.
Wellesley,wellesley-ma/representative-town-meeting,105,,unresolved,https://wellesleyma.gov/DocumentCenter/View/50094/2026-Annual-Town-Election---OFFICIAL-RESULTS?bidId=,2026-08-25,Current holder not safely resolved from post-election official evidence; not presumed vacant.
Wellesley,wellesley-ma/representative-town-meeting,106,,unresolved,https://wellesleyma.gov/DocumentCenter/View/50094/2026-Annual-Town-Election---OFFICIAL-RESULTS?bidId=,2026-08-25,Current holder not safely resolved from post-election official evidence; not presumed vacant.
Wellesley,wellesley-ma/representative-town-meeting,107,,unresolved,https://wellesleyma.gov/DocumentCenter/View/50094/2026-Annual-Town-Election---OFFICIAL-RESULTS?bidId=,2026-08-25,Current holder not safely resolved from post-election official evidence; not presumed vacant.
Wellesley,wellesley-ma/representative-town-meeting,108,,unresolved,https://wellesleyma.gov/DocumentCenter/View/50094/2026-Annual-Town-Election---OFFICIAL-RESULTS?bidId=,2026-08-25,Current holder not safely resolved from post-election official evidence; not presumed vacant.
Wellesley,wellesley-ma/representative-town-meeting,109,,unresolved,https://wellesleyma.gov/DocumentCenter/View/50094/2026-Annual-Town-Election---OFFICIAL-RESULTS?bidId=,2026-08-25,Current holder not safely resolved from post-election official evidence; not presumed vacant.
Wellesley,wellesley-ma/representative-town-meeting,110,,unresolved,https://wellesleyma.gov/DocumentCenter/View/50094/2026-Annual-Town-Election---OFFICIAL-RESULTS?bidId=,2026-08-25,Current holder not safely resolved from post-election official evidence; not presumed vacant.
Wellesley,wellesley-ma/representative-town-meeting,111,,unresolved,https://wellesleyma.gov/DocumentCenter/View/50094/2026-Annual-Town-Election---OFFICIAL-RESULTS?bidId=,2026-08-25,Current holder not safely resolved from post-election official evidence; not presumed vacant.
Wellesley,wellesley-ma/representative-town-meeting,112,,unresolved,https://wellesleyma.gov/DocumentCenter/View/50094/2026-Annual-Town-Election---OFFICIAL-RESULTS?bidId=,2026-08-25,Current holder not safely resolved from post-election official evidence; not presumed vacant.
Wellesley,wellesley-ma/representative-town-meeting,113,,unresolved,https://wellesleyma.gov/DocumentCenter/View/50094/2026-Annual-Town-Election---OFFICIAL-RESULTS?bidId=,2026-08-25,Current holder not safely resolved from post-election official evidence; not presumed vacant.
Wellesley,wellesley-ma/representative-town-meeting,114,,unresolved,https://wellesleyma.gov/DocumentCenter/View/50094/2026-Annual-Town-Election---OFFICIAL-RESULTS?bidId=,2026-08-25,Current holder not safely resolved from post-election official evidence; not presumed vacant.
Wellesley,wellesley-ma/representative-town-meeting,115,,unresolved,https://wellesleyma.gov/DocumentCenter/View/50094/2026-Annual-Town-Election---OFFICIAL-RESULTS?bidId=,2026-08-25,Current holder not safely resolved from post-election official evidence; not presumed vacant.
Wellesley,wellesley-ma/representative-town-meeting,116,,unresolved,https://wellesleyma.gov/DocumentCenter/View/50094/2026-Annual-Town-Election---OFFICIAL-RESULTS?bidId=,2026-08-25,Current holder not safely resolved from post-election official evidence; not presumed vacant.
Wellesley,wellesley-ma/representative-town-meeting,117,,unresolved,https://wellesleyma.gov/DocumentCenter/View/50094/2026-Annual-Town-Election---OFFICIAL-RESULTS?bidId=,2026-08-25,Current holder not safely resolved from post-election official evidence; not presumed vacant.
Wellesley,wellesley-ma/representative-town-meeting,118,,unresolved,https://wellesleyma.gov/DocumentCenter/View/50094/2026-Annual-Town-Election---OFFICIAL-RESULTS?bidId=,2026-08-25,Current holder not safely resolved from post-election official evidence; not presumed vacant.
Wellesley,wellesley-ma/representative-town-meeting,119,,unresolved,https://wellesleyma.gov/DocumentCenter/View/50094/2026-Annual-Town-Election---OFFICIAL-RESULTS?bidId=,2026-08-25,Current holder not safely resolved from post-election official evidence; not presumed vacant.
Wellesley,wellesley-ma/representative-town-meeting,120,,unresolved,https://wellesleyma.gov/DocumentCenter/View/50094/2026-Annual-Town-Election---OFFICIAL-RESULTS?bidId=,2026-08-25,Current holder not safely resolved from post-election official evidence; not presumed vacant.
Wellesley,wellesley-ma/representative-town-meeting,121,,unresolved,https://wellesleyma.gov/DocumentCenter/View/50094/2026-Annual-Town-Election---OFFICIAL-RESULTS?bidId=,2026-08-25,Current holder not safely resolved from post-election official evidence; not presumed vacant.
Wellesley,wellesley-ma/representative-town-meeting,122,,unresolved,https://wellesleyma.gov/DocumentCenter/View/50094/2026-Annual-Town-Election---OFFICIAL-RESULTS?bidId=,2026-08-25,Current holder not safely resolved from post-election official evidence; not presumed vacant.
Wellesley,wellesley-ma/representative-town-meeting,123,,unresolved,https://wellesleyma.gov/DocumentCenter/View/50094/2026-Annual-Town-Election---OFFICIAL-RESULTS?bidId=,2026-08-25,Current holder not safely resolved from post-election official evidence; not presumed vacant.
Wellesley,wellesley-ma/representative-town-meeting,124,,unresolved,https://wellesleyma.gov/DocumentCenter/View/50094/2026-Annual-Town-Election---OFFICIAL-RESULTS?bidId=,2026-08-25,Current holder not safely resolved from post-election official evidence; not presumed vacant.
Wellesley,wellesley-ma/representative-town-meeting,125,,unresolved,https://wellesleyma.gov/DocumentCenter/View/50094/2026-Annual-Town-Election---OFFICIAL-RESULTS?bidId=,2026-08-25,Current holder not safely resolved from post-election official evidence; not presumed vacant.
Wellesley,wellesley-ma/representative-town-meeting,126,,unresolved,https://wellesleyma.gov/DocumentCenter/View/50094/2026-Annual-Town-Election---OFFICIAL-RESULTS?bidId=,2026-08-25,Current holder not safely resolved from post-election official evidence; not presumed vacant.
Wellesley,wellesley-ma/representative-town-meeting,127,,unresolved,https://wellesleyma.gov/DocumentCenter/View/50094/2026-Annual-Town-Election---OFFICIAL-RESULTS?bidId=,2026-08-25,Current holder not safely resolved from post-election official evidence; not presumed vacant.
Wellesley,wellesley-ma/representative-town-meeting,128,,unresolved,https://wellesleyma.gov/DocumentCenter/View/50094/2026-Annual-Town-Election---OFFICIAL-RESULTS?bidId=,2026-08-25,Current holder not safely resolved from post-election official evidence; not presumed vacant.
Wellesley,wellesley-ma/representative-town-meeting,129,,unresolved,https://wellesleyma.gov/DocumentCenter/View/50094/2026-Annual-Town-Election---OFFICIAL-RESULTS?bidId=,2026-08-25,Current holder not safely resolved from post-election official evidence; not presumed vacant.
Wellesley,wellesley-ma/representative-town-meeting,130,,unresolved,https://wellesleyma.gov/DocumentCenter/View/50094/2026-Annual-Town-Election---OFFICIAL-RESULTS?bidId=,2026-08-25,Current holder not safely resolved from post-election official evidence; not presumed vacant.
Wellesley,wellesley-ma/representative-town-meeting,131,,unresolved,https://wellesleyma.gov/DocumentCenter/View/50094/2026-Annual-Town-Election---OFFICIAL-RESULTS?bidId=,2026-08-25,Current holder not safely resolved from post-election official evidence; not presumed vacant.
Wellesley,wellesley-ma/representative-town-meeting,132,,unresolved,https://wellesleyma.gov/DocumentCenter/View/50094/2026-Annual-Town-Election---OFFICIAL-RESULTS?bidId=,2026-08-25,Current holder not safely resolved from post-election official evidence; not presumed vacant.
Wellesley,wellesley-ma/representative-town-meeting,133,,unresolved,https://wellesleyma.gov/DocumentCenter/View/50094/2026-Annual-Town-Election---OFFICIAL-RESULTS?bidId=,2026-08-25,Current holder not safely resolved from post-election official evidence; not presumed vacant.
Wellesley,wellesley-ma/representative-town-meeting,134,,unresolved,https://wellesleyma.gov/DocumentCenter/View/50094/2026-Annual-Town-Election---OFFICIAL-RESULTS?bidId=,2026-08-25,Current holder not safely resolved from post-election official evidence; not presumed vacant.
Wellesley,wellesley-ma/representative-town-meeting,135,,unresolved,https://wellesleyma.gov/DocumentCenter/View/50094/2026-Annual-Town-Election---OFFICIAL-RESULTS?bidId=,2026-08-25,Current holder not safely resolved from post-election official evidence; not presumed vacant.
Wellesley,wellesley-ma/representative-town-meeting,136,,unresolved,https://wellesleyma.gov/DocumentCenter/View/50094/2026-Annual-Town-Election---OFFICIAL-RESULTS?bidId=,2026-08-25,Current holder not safely resolved from post-election official evidence; not presumed vacant.
Wellesley,wellesley-ma/representative-town-meeting,137,,unresolved,https://wellesleyma.gov/DocumentCenter/View/50094/2026-Annual-Town-Election---OFFICIAL-RESULTS?bidId=,2026-08-25,Current holder not safely resolved from post-election official evidence; not presumed vacant.
Wellesley,wellesley-ma/representative-town-meeting,138,,unresolved,https://wellesleyma.gov/DocumentCenter/View/50094/2026-Annual-Town-Election---OFFICIAL-RESULTS?bidId=,2026-08-25,Current holder not safely resolved from post-election official evidence; not presumed vacant.
Wellesley,wellesley-ma/representative-town-meeting,139,,unresolved,https://wellesleyma.gov/DocumentCenter/View/50094/2026-Annual-Town-Election---OFFICIAL-RESULTS?bidId=,2026-08-25,Current holder not safely resolved from post-election official evidence; not presumed vacant.
Wellesley,wellesley-ma/representative-town-meeting,140,,unresolved,https://wellesleyma.gov/DocumentCenter/View/50094/2026-Annual-Town-Election---OFFICIAL-RESULTS?bidId=,2026-08-25,Current holder not safely resolved from post-election official evidence; not presumed vacant.
Wellesley,wellesley-ma/representative-town-meeting,141,,unresolved,https://wellesleyma.gov/DocumentCenter/View/50094/2026-Annual-Town-Election---OFFICIAL-RESULTS?bidId=,2026-08-25,Current holder not safely resolved from post-election official evidence; not presumed vacant.
Wellesley,wellesley-ma/representative-town-meeting,142,,unresolved,https://wellesleyma.gov/DocumentCenter/View/50094/2026-Annual-Town-Election---OFFICIAL-RESULTS?bidId=,2026-08-25,Current holder not safely resolved from post-election official evidence; not presumed vacant.
Wellesley,wellesley-ma/representative-town-meeting,143,,unresolved,https://wellesleyma.gov/DocumentCenter/View/50094/2026-Annual-Town-Election---OFFICIAL-RESULTS?bidId=,2026-08-25,Current holder not safely resolved from post-election official evidence; not presumed vacant.
Wellesley,wellesley-ma/representative-town-meeting,144,,unresolved,https://wellesleyma.gov/DocumentCenter/View/50094/2026-Annual-Town-Election---OFFICIAL-RESULTS?bidId=,2026-08-25,Current holder not safely resolved from post-election official evidence; not presumed vacant.
Wellesley,wellesley-ma/representative-town-meeting,145,,unresolved,https://wellesleyma.gov/DocumentCenter/View/50094/2026-Annual-Town-Election---OFFICIAL-RESULTS?bidId=,2026-08-25,Current holder not safely resolved from post-election official evidence; not presumed vacant.
Wellesley,wellesley-ma/representative-town-meeting,146,,unresolved,https://wellesleyma.gov/DocumentCenter/View/50094/2026-Annual-Town-Election---OFFICIAL-RESULTS?bidId=,2026-08-25,Current holder not safely resolved from post-election official evidence; not presumed vacant.
Wellesley,wellesley-ma/representative-town-meeting,147,,unresolved,https://wellesleyma.gov/DocumentCenter/View/50094/2026-Annual-Town-Election---OFFICIAL-RESULTS?bidId=,2026-08-25,Current holder not safely resolved from post-election official evidence; not presumed vacant.
Wellesley,wellesley-ma/representative-town-meeting,148,,unresolved,https://wellesleyma.gov/DocumentCenter/View/50094/2026-Annual-Town-Election---OFFICIAL-RESULTS?bidId=,2026-08-25,Current holder not safely resolved from post-election official evidence; not presumed vacant.
Wellesley,wellesley-ma/representative-town-meeting,149,,unresolved,https://wellesleyma.gov/DocumentCenter/View/50094/2026-Annual-Town-Election---OFFICIAL-RESULTS?bidId=,2026-08-25,Current holder not safely resolved from post-election official evidence; not presumed vacant.
Wellesley,wellesley-ma/representative-town-meeting,150,,unresolved,https://wellesleyma.gov/DocumentCenter/View/50094/2026-Annual-Town-Election---OFFICIAL-RESULTS?bidId=,2026-08-25,Current holder not safely resolved from post-election official evidence; not presumed vacant.
Wellesley,wellesley-ma/representative-town-meeting,151,,unresolved,https://wellesleyma.gov/DocumentCenter/View/50094/2026-Annual-Town-Election---OFFICIAL-RESULTS?bidId=,2026-08-25,Current holder not safely resolved from post-election official evidence; not presumed vacant.
Wellesley,wellesley-ma/representative-town-meeting,152,,unresolved,https://wellesleyma.gov/DocumentCenter/View/50094/2026-Annual-Town-Election---OFFICIAL-RESULTS?bidId=,2026-08-25,Current holder not safely resolved from post-election official evidence; not presumed vacant.
Wellesley,wellesley-ma/representative-town-meeting,153,,unresolved,https://wellesleyma.gov/DocumentCenter/View/50094/2026-Annual-Town-Election---OFFICIAL-RESULTS?bidId=,2026-08-25,Current holder not safely resolved from post-election official evidence; not presumed vacant.
Wellesley,wellesley-ma/representative-town-meeting,154,,unresolved,https://wellesleyma.gov/DocumentCenter/View/50094/2026-Annual-Town-Election---OFFICIAL-RESULTS?bidId=,2026-08-25,Current holder not safely resolved from post-election official evidence; not presumed vacant.
Wellesley,wellesley-ma/representative-town-meeting,155,,unresolved,https://wellesleyma.gov/DocumentCenter/View/50094/2026-Annual-Town-Election---OFFICIAL-RESULTS?bidId=,2026-08-25,Current holder not safely resolved from post-election official evidence; not presumed vacant.
Wellesley,wellesley-ma/representative-town-meeting,156,,unresolved,https://wellesleyma.gov/DocumentCenter/View/50094/2026-Annual-Town-Election---OFFICIAL-RESULTS?bidId=,2026-08-25,Current holder not safely resolved from post-election official evidence; not presumed vacant.
Wellesley,wellesley-ma/representative-town-meeting,157,,unresolved,https://wellesleyma.gov/DocumentCenter/View/50094/2026-Annual-Town-Election---OFFICIAL-RESULTS?bidId=,2026-08-25,Current holder not safely resolved from post-election official evidence; not presumed vacant.
Wellesley,wellesley-ma/representative-town-meeting,158,,unresolved,https://wellesleyma.gov/DocumentCenter/View/50094/2026-Annual-Town-Election---OFFICIAL-RESULTS?bidId=,2026-08-25,Current holder not safely resolved from post-election official evidence; not presumed vacant.
Wellesley,wellesley-ma/representative-town-meeting,159,,unresolved,https://wellesleyma.gov/DocumentCenter/View/50094/2026-Annual-Town-Election---OFFICIAL-RESULTS?bidId=,2026-08-25,Current holder not safely resolved from post-election official evidence; not presumed vacant.
Wellesley,wellesley-ma/representative-town-meeting,160,,unresolved,https://wellesleyma.gov/DocumentCenter/View/50094/2026-Annual-Town-Election---OFFICIAL-RESULTS?bidId=,2026-08-25,Current holder not safely resolved from post-election official evidence; not presumed vacant.
Wellesley,wellesley-ma/representative-town-meeting,161,,unresolved,https://wellesleyma.gov/DocumentCenter/View/50094/2026-Annual-Town-Election---OFFICIAL-RESULTS?bidId=,2026-08-25,Current holder not safely resolved from post-election official evidence; not presumed vacant.
Wellesley,wellesley-ma/representative-town-meeting,162,,unresolved,https://wellesleyma.gov/DocumentCenter/View/50094/2026-Annual-Town-Election---OFFICIAL-RESULTS?bidId=,2026-08-25,Current holder not safely resolved from post-election official evidence; not presumed vacant.
Wellesley,wellesley-ma/representative-town-meeting,163,,unresolved,https://wellesleyma.gov/DocumentCenter/View/50094/2026-Annual-Town-Election---OFFICIAL-RESULTS?bidId=,2026-08-25,Current holder not safely resolved from post-election official evidence; not presumed vacant.
Wellesley,wellesley-ma/representative-town-meeting,164,,unresolved,https://wellesleyma.gov/DocumentCenter/View/50094/2026-Annual-Town-Election---OFFICIAL-RESULTS?bidId=,2026-08-25,Current holder not safely resolved from post-election official evidence; not presumed vacant.
Wellesley,wellesley-ma/representative-town-meeting,165,,unresolved,https://wellesleyma.gov/DocumentCenter/View/50094/2026-Annual-Town-Election---OFFICIAL-RESULTS?bidId=,2026-08-25,Current holder not safely resolved from post-election official evidence; not presumed vacant.
Wellesley,wellesley-ma/representative-town-meeting,166,,unresolved,https://wellesleyma.gov/DocumentCenter/View/50094/2026-Annual-Town-Election---OFFICIAL-RESULTS?bidId=,2026-08-25,Current holder not safely resolved from post-election official evidence; not presumed vacant.
Wellesley,wellesley-ma/representative-town-meeting,167,,unresolved,https://wellesleyma.gov/DocumentCenter/View/50094/2026-Annual-Town-Election---OFFICIAL-RESULTS?bidId=,2026-08-25,Current holder not safely resolved from post-election official evidence; not presumed vacant.
Wellesley,wellesley-ma/representative-town-meeting,168,,unresolved,https://wellesleyma.gov/DocumentCenter/View/50094/2026-Annual-Town-Election---OFFICIAL-RESULTS?bidId=,2026-08-25,Current holder not safely resolved from post-election official evidence; not presumed vacant.
Wellesley,wellesley-ma/representative-town-meeting,169,,unresolved,https://wellesleyma.gov/DocumentCenter/View/50094/2026-Annual-Town-Election---OFFICIAL-RESULTS?bidId=,2026-08-25,Current holder not safely resolved from post-election official evidence; not presumed vacant.
Wellesley,wellesley-ma/representative-town-meeting,170,,unresolved,https://wellesleyma.gov/DocumentCenter/View/50094/2026-Annual-Town-Election---OFFICIAL-RESULTS?bidId=,2026-08-25,Current holder not safely resolved from post-election official evidence; not presumed vacant.
Wellesley,wellesley-ma/representative-town-meeting,171,,unresolved,https://wellesleyma.gov/DocumentCenter/View/50094/2026-Annual-Town-Election---OFFICIAL-RESULTS?bidId=,2026-08-25,Current holder not safely resolved from post-election official evidence; not presumed vacant.
Wellesley,wellesley-ma/representative-town-meeting,172,,unresolved,https://wellesleyma.gov/DocumentCenter/View/50094/2026-Annual-Town-Election---OFFICIAL-RESULTS?bidId=,2026-08-25,Current holder not safely resolved from post-election official evidence; not presumed vacant.
Wellesley,wellesley-ma/representative-town-meeting,173,,unresolved,https://wellesleyma.gov/DocumentCenter/View/50094/2026-Annual-Town-Election---OFFICIAL-RESULTS?bidId=,2026-08-25,Current holder not safely resolved from post-election official evidence; not presumed vacant.
Wellesley,wellesley-ma/representative-town-meeting,174,,unresolved,https://wellesleyma.gov/DocumentCenter/View/50094/2026-Annual-Town-Election---OFFICIAL-RESULTS?bidId=,2026-08-25,Current holder not safely resolved from post-election official evidence; not presumed vacant.
Wellesley,wellesley-ma/representative-town-meeting,175,,unresolved,https://wellesleyma.gov/DocumentCenter/View/50094/2026-Annual-Town-Election---OFFICIAL-RESULTS?bidId=,2026-08-25,Current holder not safely resolved from post-election official evidence; not presumed vacant.
Wellesley,wellesley-ma/representative-town-meeting,176,,unresolved,https://wellesleyma.gov/DocumentCenter/View/50094/2026-Annual-Town-Election---OFFICIAL-RESULTS?bidId=,2026-08-25,Current holder not safely resolved from post-election official evidence; not presumed vacant.
Wellesley,wellesley-ma/representative-town-meeting,177,,unresolved,https://wellesleyma.gov/DocumentCenter/View/50094/2026-Annual-Town-Election---OFFICIAL-RESULTS?bidId=,2026-08-25,Current holder not safely resolved from post-election official evidence; not presumed vacant.
Wellesley,wellesley-ma/representative-town-meeting,178,,unresolved,https://wellesleyma.gov/DocumentCenter/View/50094/2026-Annual-Town-Election---OFFICIAL-RESULTS?bidId=,2026-08-25,Current holder not safely resolved from post-election official evidence; not presumed vacant.
Wellesley,wellesley-ma/representative-town-meeting,179,,unresolved,https://wellesleyma.gov/DocumentCenter/View/50094/2026-Annual-Town-Election---OFFICIAL-RESULTS?bidId=,2026-08-25,Current holder not safely resolved from post-election official evidence; not presumed vacant.
Wellesley,wellesley-ma/representative-town-meeting,180,,unresolved,https://wellesleyma.gov/DocumentCenter/View/50094/2026-Annual-Town-Election---OFFICIAL-RESULTS?bidId=,2026-08-25,Current holder not safely resolved from post-election official evidence; not presumed vacant.
Wellesley,wellesley-ma/representative-town-meeting,181,,unresolved,https://wellesleyma.gov/DocumentCenter/View/50094/2026-Annual-Town-Election---OFFICIAL-RESULTS?bidId=,2026-08-25,Current holder not safely resolved from post-election official evidence; not presumed vacant.
Wellesley,wellesley-ma/representative-town-meeting,182,,unresolved,https://wellesleyma.gov/DocumentCenter/View/50094/2026-Annual-Town-Election---OFFICIAL-RESULTS?bidId=,2026-08-25,Current holder not safely resolved from post-election official evidence; not presumed vacant.
Wellesley,wellesley-ma/representative-town-meeting,183,,unresolved,https://wellesleyma.gov/DocumentCenter/View/50094/2026-Annual-Town-Election---OFFICIAL-RESULTS?bidId=,2026-08-25,Current holder not safely resolved from post-election official evidence; not presumed vacant.
Wellesley,wellesley-ma/representative-town-meeting,184,,unresolved,https://wellesleyma.gov/DocumentCenter/View/50094/2026-Annual-Town-Election---OFFICIAL-RESULTS?bidId=,2026-08-25,Current holder not safely resolved from post-election official evidence; not presumed vacant.
Wellesley,wellesley-ma/representative-town-meeting,185,,unresolved,https://wellesleyma.gov/DocumentCenter/View/50094/2026-Annual-Town-Election---OFFICIAL-RESULTS?bidId=,2026-08-25,Current holder not safely resolved from post-election official evidence; not presumed vacant.
Wellesley,wellesley-ma/representative-town-meeting,186,,unresolved,https://wellesleyma.gov/DocumentCenter/View/50094/2026-Annual-Town-Election---OFFICIAL-RESULTS?bidId=,2026-08-25,Current holder not safely resolved from post-election official evidence; not presumed vacant.
Wellesley,wellesley-ma/representative-town-meeting,187,,unresolved,https://wellesleyma.gov/DocumentCenter/View/50094/2026-Annual-Town-Election---OFFICIAL-RESULTS?bidId=,2026-08-25,Current holder not safely resolved from post-election official evidence; not presumed vacant.
Wellesley,wellesley-ma/representative-town-meeting,188,,unresolved,https://wellesleyma.gov/DocumentCenter/View/50094/2026-Annual-Town-Election---OFFICIAL-RESULTS?bidId=,2026-08-25,Current holder not safely resolved from post-election official evidence; not presumed vacant.
Wellesley,wellesley-ma/representative-town-meeting,189,,unresolved,https://wellesleyma.gov/DocumentCenter/View/50094/2026-Annual-Town-Election---OFFICIAL-RESULTS?bidId=,2026-08-25,Current holder not safely resolved from post-election official evidence; not presumed vacant.
Wellesley,wellesley-ma/representative-town-meeting,190,,unresolved,https://wellesleyma.gov/DocumentCenter/View/50094/2026-Annual-Town-Election---OFFICIAL-RESULTS?bidId=,2026-08-25,Current holder not safely resolved from post-election official evidence; not presumed vacant.
Wellesley,wellesley-ma/representative-town-meeting,191,,unresolved,https://wellesleyma.gov/DocumentCenter/View/50094/2026-Annual-Town-Election---OFFICIAL-RESULTS?bidId=,2026-08-25,Current holder not safely resolved from post-election official evidence; not presumed vacant.
Wellesley,wellesley-ma/representative-town-meeting,192,,unresolved,https://wellesleyma.gov/DocumentCenter/View/50094/2026-Annual-Town-Election---OFFICIAL-RESULTS?bidId=,2026-08-25,Current holder not safely resolved from post-election official evidence; not presumed vacant.
Wellesley,wellesley-ma/representative-town-meeting,193,,unresolved,https://wellesleyma.gov/DocumentCenter/View/50094/2026-Annual-Town-Election---OFFICIAL-RESULTS?bidId=,2026-08-25,Current holder not safely resolved from post-election official evidence; not presumed vacant.
Wellesley,wellesley-ma/representative-town-meeting,194,,unresolved,https://wellesleyma.gov/DocumentCenter/View/50094/2026-Annual-Town-Election---OFFICIAL-RESULTS?bidId=,2026-08-25,Current holder not safely resolved from post-election official evidence; not presumed vacant.
Wellesley,wellesley-ma/representative-town-meeting,195,,unresolved,https://wellesleyma.gov/DocumentCenter/View/50094/2026-Annual-Town-Election---OFFICIAL-RESULTS?bidId=,2026-08-25,Current holder not safely resolved from post-election official evidence; not presumed vacant.
Wellesley,wellesley-ma/representative-town-meeting,196,,unresolved,https://wellesleyma.gov/DocumentCenter/View/50094/2026-Annual-Town-Election---OFFICIAL-RESULTS?bidId=,2026-08-25,Current holder not safely resolved from post-election official evidence; not presumed vacant.
Wellesley,wellesley-ma/representative-town-meeting,197,,unresolved,https://wellesleyma.gov/DocumentCenter/View/50094/2026-Annual-Town-Election---OFFICIAL-RESULTS?bidId=,2026-08-25,Current holder not safely resolved from post-election official evidence; not presumed vacant.
Wellesley,wellesley-ma/representative-town-meeting,198,,unresolved,https://wellesleyma.gov/DocumentCenter/View/50094/2026-Annual-Town-Election---OFFICIAL-RESULTS?bidId=,2026-08-25,Current holder not safely resolved from post-election official evidence; not presumed vacant.
Wellesley,wellesley-ma/representative-town-meeting,199,,unresolved,https://wellesleyma.gov/DocumentCenter/View/50094/2026-Annual-Town-Election---OFFICIAL-RESULTS?bidId=,2026-08-25,Current holder not safely resolved from post-election official evidence; not presumed vacant.
Wellesley,wellesley-ma/representative-town-meeting,200,,unresolved,https://wellesleyma.gov/DocumentCenter/View/50094/2026-Annual-Town-Election---OFFICIAL-RESULTS?bidId=,2026-08-25,Current holder not safely resolved from post-election official evidence; not presumed vacant.
Wellesley,wellesley-ma/representative-town-meeting,201,,unresolved,https://wellesleyma.gov/DocumentCenter/View/50094/2026-Annual-Town-Election---OFFICIAL-RESULTS?bidId=,2026-08-25,Current holder not safely resolved from post-election official evidence; not presumed vacant.
Wellesley,wellesley-ma/representative-town-meeting,202,,unresolved,https://wellesleyma.gov/DocumentCenter/View/50094/2026-Annual-Town-Election---OFFICIAL-RESULTS?bidId=,2026-08-25,Current holder not safely resolved from post-election official evidence; not presumed vacant.
Wellesley,wellesley-ma/representative-town-meeting,203,,unresolved,https://wellesleyma.gov/DocumentCenter/View/50094/2026-Annual-Town-Election---OFFICIAL-RESULTS?bidId=,2026-08-25,Current holder not safely resolved from post-election official evidence; not presumed vacant.
Wellesley,wellesley-ma/representative-town-meeting,204,,unresolved,https://wellesleyma.gov/DocumentCenter/View/50094/2026-Annual-Town-Election---OFFICIAL-RESULTS?bidId=,2026-08-25,Current holder not safely resolved from post-election official evidence; not presumed vacant.
Wellesley,wellesley-ma/representative-town-meeting,205,,unresolved,https://wellesleyma.gov/DocumentCenter/View/50094/2026-Annual-Town-Election---OFFICIAL-RESULTS?bidId=,2026-08-25,Current holder not safely resolved from post-election official evidence; not presumed vacant.
Wellesley,wellesley-ma/representative-town-meeting,206,,unresolved,https://wellesleyma.gov/DocumentCenter/View/50094/2026-Annual-Town-Election---OFFICIAL-RESULTS?bidId=,2026-08-25,Current holder not safely resolved from post-election official evidence; not presumed vacant.
Wellesley,wellesley-ma/representative-town-meeting,207,,unresolved,https://wellesleyma.gov/DocumentCenter/View/50094/2026-Annual-Town-Election---OFFICIAL-RESULTS?bidId=,2026-08-25,Current holder not safely resolved from post-election official evidence; not presumed vacant.
Wellesley,wellesley-ma/representative-town-meeting,208,,unresolved,https://wellesleyma.gov/DocumentCenter/View/50094/2026-Annual-Town-Election---OFFICIAL-RESULTS?bidId=,2026-08-25,Current holder not safely resolved from post-election official evidence; not presumed vacant.
Wellesley,wellesley-ma/representative-town-meeting,209,,unresolved,https://wellesleyma.gov/DocumentCenter/View/50094/2026-Annual-Town-Election---OFFICIAL-RESULTS?bidId=,2026-08-25,Current holder not safely resolved from post-election official evidence; not presumed vacant.
Wellesley,wellesley-ma/representative-town-meeting,210,,unresolved,https://wellesleyma.gov/DocumentCenter/View/50094/2026-Annual-Town-Election---OFFICIAL-RESULTS?bidId=,2026-08-25,Current holder not safely resolved from post-election official evidence; not presumed vacant.
Wellesley,wellesley-ma/representative-town-meeting,211,,unresolved,https://wellesleyma.gov/DocumentCenter/View/50094/2026-Annual-Town-Election---OFFICIAL-RESULTS?bidId=,2026-08-25,Current holder not safely resolved from post-election official evidence; not presumed vacant.
Wellesley,wellesley-ma/representative-town-meeting,212,,unresolved,https://wellesleyma.gov/DocumentCenter/View/50094/2026-Annual-Town-Election---OFFICIAL-RESULTS?bidId=,2026-08-25,Current holder not safely resolved from post-election official evidence; not presumed vacant.
Wellesley,wellesley-ma/representative-town-meeting,213,,unresolved,https://wellesleyma.gov/DocumentCenter/View/50094/2026-Annual-Town-Election---OFFICIAL-RESULTS?bidId=,2026-08-25,Current holder not safely resolved from post-election official evidence; not presumed vacant.
Wellesley,wellesley-ma/representative-town-meeting,214,,unresolved,https://wellesleyma.gov/DocumentCenter/View/50094/2026-Annual-Town-Election---OFFICIAL-RESULTS?bidId=,2026-08-25,Current holder not safely resolved from post-election official evidence; not presumed vacant.
Wellesley,wellesley-ma/representative-town-meeting,215,,unresolved,https://wellesleyma.gov/DocumentCenter/View/50094/2026-Annual-Town-Election---OFFICIAL-RESULTS?bidId=,2026-08-25,Current holder not safely resolved from post-election official evidence; not presumed vacant.
Wellesley,wellesley-ma/representative-town-meeting,216,,unresolved,https://wellesleyma.gov/DocumentCenter/View/50094/2026-Annual-Town-Election---OFFICIAL-RESULTS?bidId=,2026-08-25,Current holder not safely resolved from post-election official evidence; not presumed vacant.
Wellesley,wellesley-ma/representative-town-meeting,217,,unresolved,https://wellesleyma.gov/DocumentCenter/View/50094/2026-Annual-Town-Election---OFFICIAL-RESULTS?bidId=,2026-08-25,Current holder not safely resolved from post-election official evidence; not presumed vacant.
Wellesley,wellesley-ma/representative-town-meeting,218,,unresolved,https://wellesleyma.gov/DocumentCenter/View/50094/2026-Annual-Town-Election---OFFICIAL-RESULTS?bidId=,2026-08-25,Current holder not safely resolved from post-election official evidence; not presumed vacant.
Wellesley,wellesley-ma/representative-town-meeting,219,,unresolved,https://wellesleyma.gov/DocumentCenter/View/50094/2026-Annual-Town-Election---OFFICIAL-RESULTS?bidId=,2026-08-25,Current holder not safely resolved from post-election official evidence; not presumed vacant.
Wellesley,wellesley-ma/representative-town-meeting,220,,unresolved,https://wellesleyma.gov/DocumentCenter/View/50094/2026-Annual-Town-Election---OFFICIAL-RESULTS?bidId=,2026-08-25,Current holder not safely resolved from post-election official evidence; not presumed vacant.
Wellesley,wellesley-ma/representative-town-meeting,221,,unresolved,https://wellesleyma.gov/DocumentCenter/View/50094/2026-Annual-Town-Election---OFFICIAL-RESULTS?bidId=,2026-08-25,Current holder not safely resolved from post-election official evidence; not presumed vacant.
Wellesley,wellesley-ma/representative-town-meeting,222,,unresolved,https://wellesleyma.gov/DocumentCenter/View/50094/2026-Annual-Town-Election---OFFICIAL-RESULTS?bidId=,2026-08-25,Current holder not safely resolved from post-election official evidence; not presumed vacant.
Wellesley,wellesley-ma/representative-town-meeting,223,,unresolved,https://wellesleyma.gov/DocumentCenter/View/50094/2026-Annual-Town-Election---OFFICIAL-RESULTS?bidId=,2026-08-25,Current holder not safely resolved from post-election official evidence; not presumed vacant.
Wellesley,wellesley-ma/representative-town-meeting,224,,unresolved,https://wellesleyma.gov/DocumentCenter/View/50094/2026-Annual-Town-Election---OFFICIAL-RESULTS?bidId=,2026-08-25,Current holder not safely resolved from post-election official evidence; not presumed vacant.
Wellesley,wellesley-ma/representative-town-meeting,225,,unresolved,https://wellesleyma.gov/DocumentCenter/View/50094/2026-Annual-Town-Election---OFFICIAL-RESULTS?bidId=,2026-08-25,Current holder not safely resolved from post-election official evidence; not presumed vacant.
Wellesley,wellesley-ma/representative-town-meeting,226,,unresolved,https://wellesleyma.gov/DocumentCenter/View/50094/2026-Annual-Town-Election---OFFICIAL-RESULTS?bidId=,2026-08-25,Current holder not safely resolved from post-election official evidence; not presumed vacant.
Wellesley,wellesley-ma/representative-town-meeting,227,,unresolved,https://wellesleyma.gov/DocumentCenter/View/50094/2026-Annual-Town-Election---OFFICIAL-RESULTS?bidId=,2026-08-25,Current holder not safely resolved from post-election official evidence; not presumed vacant.
Wellesley,wellesley-ma/representative-town-meeting,228,,unresolved,https://wellesleyma.gov/DocumentCenter/View/50094/2026-Annual-Town-Election---OFFICIAL-RESULTS?bidId=,2026-08-25,Current holder not safely resolved from post-election official evidence; not presumed vacant.
Wellesley,wellesley-ma/representative-town-meeting,229,,unresolved,https://wellesleyma.gov/DocumentCenter/View/50094/2026-Annual-Town-Election---OFFICIAL-RESULTS?bidId=,2026-08-25,Current holder not safely resolved from post-election official evidence; not presumed vacant.
Wellesley,wellesley-ma/representative-town-meeting,230,,unresolved,https://wellesleyma.gov/DocumentCenter/View/50094/2026-Annual-Town-Election---OFFICIAL-RESULTS?bidId=,2026-08-25,Current holder not safely resolved from post-election official evidence; not presumed vacant.
Wellesley,wellesley-ma/representative-town-meeting,231,,unresolved,https://wellesleyma.gov/DocumentCenter/View/50094/2026-Annual-Town-Election---OFFICIAL-RESULTS?bidId=,2026-08-25,Current holder not safely resolved from post-election official evidence; not presumed vacant.
Wellesley,wellesley-ma/representative-town-meeting,232,,unresolved,https://wellesleyma.gov/DocumentCenter/View/50094/2026-Annual-Town-Election---OFFICIAL-RESULTS?bidId=,2026-08-25,Current holder not safely resolved from post-election official evidence; not presumed vacant.
Wellesley,wellesley-ma/representative-town-meeting,233,,unresolved,https://wellesleyma.gov/DocumentCenter/View/50094/2026-Annual-Town-Election---OFFICIAL-RESULTS?bidId=,2026-08-25,Current holder not safely resolved from post-election official evidence; not presumed vacant.
Wellesley,wellesley-ma/representative-town-meeting,234,,unresolved,https://wellesleyma.gov/DocumentCenter/View/50094/2026-Annual-Town-Election---OFFICIAL-RESULTS?bidId=,2026-08-25,Current holder not safely resolved from post-election official evidence; not presumed vacant.
Wellesley,wellesley-ma/representative-town-meeting,235,,unresolved,https://wellesleyma.gov/DocumentCenter/View/50094/2026-Annual-Town-Election---OFFICIAL-RESULTS?bidId=,2026-08-25,Current holder not safely resolved from post-election official evidence; not presumed vacant.
Wellesley,wellesley-ma/representative-town-meeting,236,,unresolved,https://wellesleyma.gov/DocumentCenter/View/50094/2026-Annual-Town-Election---OFFICIAL-RESULTS?bidId=,2026-08-25,Current holder not safely resolved from post-election official evidence; not presumed vacant.
Wellesley,wellesley-ma/representative-town-meeting,237,,unresolved,https://wellesleyma.gov/DocumentCenter/View/50094/2026-Annual-Town-Election---OFFICIAL-RESULTS?bidId=,2026-08-25,Current holder not safely resolved from post-election official evidence; not presumed vacant.
Wellesley,wellesley-ma/representative-town-meeting,238,,unresolved,https://wellesleyma.gov/DocumentCenter/View/50094/2026-Annual-Town-Election---OFFICIAL-RESULTS?bidId=,2026-08-25,Current holder not safely resolved from post-election official evidence; not presumed vacant.
Wellesley,wellesley-ma/representative-town-meeting,239,,unresolved,https://wellesleyma.gov/DocumentCenter/View/50094/2026-Annual-Town-Election---OFFICIAL-RESULTS?bidId=,2026-08-25,Current holder not safely resolved from post-election official evidence; not presumed vacant.
Wellesley,wellesley-ma/representative-town-meeting,240,,unresolved,https://wellesleyma.gov/DocumentCenter/View/50094/2026-Annual-Town-Election---OFFICIAL-RESULTS?bidId=,2026-08-25,Current holder not safely resolved from post-election official evidence; not presumed vacant.
Wellfleet,wellfleet-ma/moderator,1,,unresolved,https://www.wellfleet-ma.gov/sites/g/files/vyhlif16026/f/events/fc_4_29_draft_warrant_-_20260422.pdf,2026-08-25,Current holder not safely resolved from post-election official evidence; not presumed vacant.
Wellfleet,wellfleet-ma/select-board,1,,unresolved,https://www.wellfleet-ma.gov/sites/g/files/vyhlif16026/f/events/fc_4_29_draft_warrant_-_20260422.pdf,2026-08-25,Current holder not safely resolved from post-election official evidence; not presumed vacant.
Wellfleet,wellfleet-ma/select-board,2,,unresolved,https://www.wellfleet-ma.gov/sites/g/files/vyhlif16026/f/events/fc_4_29_draft_warrant_-_20260422.pdf,2026-08-25,Current holder not safely resolved from post-election official evidence; not presumed vacant.
Wellfleet,wellfleet-ma/select-board,3,,unresolved,https://www.wellfleet-ma.gov/sites/g/files/vyhlif16026/f/events/fc_4_29_draft_warrant_-_20260422.pdf,2026-08-25,Current holder not safely resolved from post-election official evidence; not presumed vacant.
Wellfleet,wellfleet-ma/select-board,4,,unresolved,https://www.wellfleet-ma.gov/sites/g/files/vyhlif16026/f/events/fc_4_29_draft_warrant_-_20260422.pdf,2026-08-25,Current holder not safely resolved from post-election official evidence; not presumed vacant.
Wellfleet,wellfleet-ma/select-board,5,,unresolved,https://www.wellfleet-ma.gov/sites/g/files/vyhlif16026/f/events/fc_4_29_draft_warrant_-_20260422.pdf,2026-08-25,Current holder not safely resolved from post-election official evidence; not presumed vacant.
Wellfleet,wellfleet-ma/elementary-school-committee,1,,unresolved,https://www.wellfleet-ma.gov/sites/g/files/vyhlif16026/f/events/fc_4_29_draft_warrant_-_20260422.pdf,2026-08-25,Current holder not safely resolved from post-election official evidence; not presumed vacant.
Wellfleet,wellfleet-ma/elementary-school-committee,2,,unresolved,https://www.wellfleet-ma.gov/sites/g/files/vyhlif16026/f/events/fc_4_29_draft_warrant_-_20260422.pdf,2026-08-25,Current holder not safely resolved from post-election official evidence; not presumed vacant.
Wellfleet,wellfleet-ma/elementary-school-committee,3,,unresolved,https://www.wellfleet-ma.gov/sites/g/files/vyhlif16026/f/events/fc_4_29_draft_warrant_-_20260422.pdf,2026-08-25,Current holder not safely resolved from post-election official evidence; not presumed vacant.
Wellfleet,wellfleet-ma/elementary-school-committee,4,,unresolved,https://www.wellfleet-ma.gov/sites/g/files/vyhlif16026/f/events/fc_4_29_draft_warrant_-_20260422.pdf,2026-08-25,Current holder not safely resolved from post-election official evidence; not presumed vacant.
Wellfleet,wellfleet-ma/elementary-school-committee,5,,unresolved,https://www.wellfleet-ma.gov/sites/g/files/vyhlif16026/f/events/fc_4_29_draft_warrant_-_20260422.pdf,2026-08-25,Current holder not safely resolved from post-election official evidence; not presumed vacant.
Wellfleet,wellfleet-ma/library-trustees,1,,unresolved,https://www.wellfleet-ma.gov/sites/g/files/vyhlif16026/f/events/fc_4_29_draft_warrant_-_20260422.pdf,2026-08-25,Current holder not safely resolved from post-election official evidence; not presumed vacant.
Wellfleet,wellfleet-ma/library-trustees,2,,unresolved,https://www.wellfleet-ma.gov/sites/g/files/vyhlif16026/f/events/fc_4_29_draft_warrant_-_20260422.pdf,2026-08-25,Current holder not safely resolved from post-election official evidence; not presumed vacant.
Wellfleet,wellfleet-ma/library-trustees,3,,unresolved,https://www.wellfleet-ma.gov/sites/g/files/vyhlif16026/f/events/fc_4_29_draft_warrant_-_20260422.pdf,2026-08-25,Current holder not safely resolved from post-election official evidence; not presumed vacant.
Wellfleet,wellfleet-ma/library-trustees,4,,unresolved,https://www.wellfleet-ma.gov/sites/g/files/vyhlif16026/f/events/fc_4_29_draft_warrant_-_20260422.pdf,2026-08-25,Current holder not safely resolved from post-election official evidence; not presumed vacant.
Wellfleet,wellfleet-ma/library-trustees,5,,unresolved,https://www.wellfleet-ma.gov/sites/g/files/vyhlif16026/f/events/fc_4_29_draft_warrant_-_20260422.pdf,2026-08-25,Current holder not safely resolved from post-election official evidence; not presumed vacant.
Wellfleet,wellfleet-ma/library-trustees,6,,unresolved,https://www.wellfleet-ma.gov/sites/g/files/vyhlif16026/f/events/fc_4_29_draft_warrant_-_20260422.pdf,2026-08-25,Current holder not safely resolved from post-election official evidence; not presumed vacant.
Wellfleet,wellfleet-ma/cemetery-commission,1,,unresolved,https://www.wellfleet-ma.gov/sites/g/files/vyhlif16026/f/events/fc_4_29_draft_warrant_-_20260422.pdf,2026-08-25,Current holder not safely resolved from post-election official evidence; not presumed vacant.
Wellfleet,wellfleet-ma/cemetery-commission,2,,unresolved,https://www.wellfleet-ma.gov/sites/g/files/vyhlif16026/f/events/fc_4_29_draft_warrant_-_20260422.pdf,2026-08-25,Current holder not safely resolved from post-election official evidence; not presumed vacant.
Wellfleet,wellfleet-ma/cemetery-commission,3,,unresolved,https://www.wellfleet-ma.gov/sites/g/files/vyhlif16026/f/events/fc_4_29_draft_warrant_-_20260422.pdf,2026-08-25,Current holder not safely resolved from post-election official evidence; not presumed vacant.
Wellfleet,wellfleet-ma/nauset-regional-school-committee,1,,unresolved,https://www.wellfleet-ma.gov/sites/g/files/vyhlif16026/f/events/fc_4_29_draft_warrant_-_20260422.pdf,2026-08-25,Current holder not safely resolved from post-election official evidence; not presumed vacant.
Wellfleet,wellfleet-ma/constables,1,,unresolved,https://www.wellfleet-ma.gov/sites/g/files/vyhlif16026/f/events/fc_4_29_draft_warrant_-_20260422.pdf,2026-08-25,Current holder not safely resolved from post-election official evidence; not presumed vacant.
Wellfleet,wellfleet-ma/constables,2,,unresolved,https://www.wellfleet-ma.gov/sites/g/files/vyhlif16026/f/events/fc_4_29_draft_warrant_-_20260422.pdf,2026-08-25,Current holder not safely resolved from post-election official evidence; not presumed vacant.
Wellfleet,wellfleet-ma/housing-authority,1,,unresolved,https://www.wellfleet-ma.gov/sites/g/files/vyhlif16026/f/events/fc_4_29_draft_warrant_-_20260422.pdf,2026-08-25,Current holder not safely resolved from post-election official evidence; not presumed vacant.
Wellfleet,wellfleet-ma/housing-authority,2,,unresolved,https://www.wellfleet-ma.gov/sites/g/files/vyhlif16026/f/events/fc_4_29_draft_warrant_-_20260422.pdf,2026-08-25,Current holder not safely resolved from post-election official evidence; not presumed vacant.
Wellfleet,wellfleet-ma/housing-authority,3,,unresolved,https://www.wellfleet-ma.gov/sites/g/files/vyhlif16026/f/events/fc_4_29_draft_warrant_-_20260422.pdf,2026-08-25,Current holder not safely resolved from post-election official evidence; not presumed vacant.
Wellfleet,wellfleet-ma/housing-authority,4,,unresolved,https://www.wellfleet-ma.gov/sites/g/files/vyhlif16026/f/events/fc_4_29_draft_warrant_-_20260422.pdf,2026-08-25,Current holder not safely resolved from post-election official evidence; not presumed vacant.
Wellfleet,wellfleet-ma/housing-authority,5,,unresolved,https://www.wellfleet-ma.gov/sites/g/files/vyhlif16026/f/events/fc_4_29_draft_warrant_-_20260422.pdf,2026-08-25,Current holder not safely resolved from post-election official evidence; not presumed vacant.
Wendell,wendell-ma/select-board,1,,unresolved,https://www.wendellmass.us/town-clerk-documents/,2026-08-25,Current holder not safely resolved from post-election official evidence; not presumed vacant.
Wendell,wendell-ma/select-board,2,,unresolved,https://www.wendellmass.us/town-clerk-documents/,2026-08-25,Current holder not safely resolved from post-election official evidence; not presumed vacant.
Wendell,wendell-ma/select-board,3,,unresolved,https://www.wendellmass.us/town-clerk-documents/,2026-08-25,Current holder not safely resolved from post-election official evidence; not presumed vacant.
Wendell,wendell-ma/board-of-assessors,1,,unresolved,https://www.wendellmass.us/town-clerk-documents/,2026-08-25,Current holder not safely resolved from post-election official evidence; not presumed vacant.
Wendell,wendell-ma/board-of-assessors,2,,unresolved,https://www.wendellmass.us/town-clerk-documents/,2026-08-25,Current holder not safely resolved from post-election official evidence; not presumed vacant.
Wendell,wendell-ma/board-of-assessors,3,,unresolved,https://www.wendellmass.us/town-clerk-documents/,2026-08-25,Current holder not safely resolved from post-election official evidence; not presumed vacant.
Wendell,wendell-ma/town-clerk,1,,unresolved,https://www.wendellmass.us/town-clerk-documents/,2026-08-25,Current holder not safely resolved from post-election official evidence; not presumed vacant.
Wendell,wendell-ma/tax-collector,1,,unresolved,https://www.wendellmass.us/town-clerk-documents/,2026-08-25,Current holder not safely resolved from post-election official evidence; not presumed vacant.
Wendell,wendell-ma/treasurer,1,,unresolved,https://www.wendellmass.us/town-clerk-documents/,2026-08-25,Current holder not safely resolved from post-election official evidence; not presumed vacant.
Wendell,wendell-ma/board-of-health,1,,unresolved,https://www.wendellmass.us/town-clerk-documents/,2026-08-25,Current holder not safely resolved from post-election official evidence; not presumed vacant.
Wendell,wendell-ma/board-of-health,2,,unresolved,https://www.wendellmass.us/town-clerk-documents/,2026-08-25,Current holder not safely resolved from post-election official evidence; not presumed vacant.
Wendell,wendell-ma/board-of-health,3,,unresolved,https://www.wendellmass.us/town-clerk-documents/,2026-08-25,Current holder not safely resolved from post-election official evidence; not presumed vacant.
Wendell,wendell-ma/planning-board,1,,unresolved,https://www.wendellmass.us/town-clerk-documents/,2026-08-25,Current holder not safely resolved from post-election official evidence; not presumed vacant.
Wendell,wendell-ma/planning-board,2,,unresolved,https://www.wendellmass.us/town-clerk-documents/,2026-08-25,Current holder not safely resolved from post-election official evidence; not presumed vacant.
Wendell,wendell-ma/planning-board,3,,unresolved,https://www.wendellmass.us/town-clerk-documents/,2026-08-25,Current holder not safely resolved from post-election official evidence; not presumed vacant.
Wendell,wendell-ma/planning-board,4,,unresolved,https://www.wendellmass.us/town-clerk-documents/,2026-08-25,Current holder not safely resolved from post-election official evidence; not presumed vacant.
Wendell,wendell-ma/planning-board,5,,unresolved,https://www.wendellmass.us/town-clerk-documents/,2026-08-25,Current holder not safely resolved from post-election official evidence; not presumed vacant.
Wendell,wendell-ma/planning-board,6,,unresolved,https://www.wendellmass.us/town-clerk-documents/,2026-08-25,Current holder not safely resolved from post-election official evidence; not presumed vacant.
Wendell,wendell-ma/planning-board,7,,unresolved,https://www.wendellmass.us/town-clerk-documents/,2026-08-25,Current holder not safely resolved from post-election official evidence; not presumed vacant.
Wendell,wendell-ma/moderator,1,,unresolved,https://www.wendellmass.us/town-clerk-documents/,2026-08-25,Current holder not safely resolved from post-election official evidence; not presumed vacant.
Wendell,wendell-ma/library-trustees,1,,unresolved,https://www.wendellmass.us/town-clerk-documents/,2026-08-25,Current holder not safely resolved from post-election official evidence; not presumed vacant.
Wendell,wendell-ma/library-trustees,2,,unresolved,https://www.wendellmass.us/town-clerk-documents/,2026-08-25,Current holder not safely resolved from post-election official evidence; not presumed vacant.
Wendell,wendell-ma/library-trustees,3,,unresolved,https://www.wendellmass.us/town-clerk-documents/,2026-08-25,Current holder not safely resolved from post-election official evidence; not presumed vacant.
Wendell,wendell-ma/library-trustees,4,,unresolved,https://www.wendellmass.us/town-clerk-documents/,2026-08-25,Current holder not safely resolved from post-election official evidence; not presumed vacant.
Wendell,wendell-ma/library-trustees,5,,unresolved,https://www.wendellmass.us/town-clerk-documents/,2026-08-25,Current holder not safely resolved from post-election official evidence; not presumed vacant.
Wendell,wendell-ma/library-trustees,6,,unresolved,https://www.wendellmass.us/town-clerk-documents/,2026-08-25,Current holder not safely resolved from post-election official evidence; not presumed vacant.
Wendell,wendell-ma/road-commission,1,,unresolved,https://www.wendellmass.us/town-clerk-documents/,2026-08-25,Current holder not safely resolved from post-election official evidence; not presumed vacant.
Wendell,wendell-ma/road-commission,2,,unresolved,https://www.wendellmass.us/town-clerk-documents/,2026-08-25,Current holder not safely resolved from post-election official evidence; not presumed vacant.
Wendell,wendell-ma/road-commission,3,,unresolved,https://www.wendellmass.us/town-clerk-documents/,2026-08-25,Current holder not safely resolved from post-election official evidence; not presumed vacant.
Wendell,wendell-ma/cemetery-commission,1,,unresolved,https://www.wendellmass.us/town-clerk-documents/,2026-08-25,Current holder not safely resolved from post-election official evidence; not presumed vacant.
Wendell,wendell-ma/cemetery-commission,2,,unresolved,https://www.wendellmass.us/town-clerk-documents/,2026-08-25,Current holder not safely resolved from post-election official evidence; not presumed vacant.
Wendell,wendell-ma/cemetery-commission,3,,unresolved,https://www.wendellmass.us/town-clerk-documents/,2026-08-25,Current holder not safely resolved from post-election official evidence; not presumed vacant.
Wendell,wendell-ma/constable,1,,unresolved,https://www.wendellmass.us/town-clerk-documents/,2026-08-25,Current holder not safely resolved from post-election official evidence; not presumed vacant.
Wendell,wendell-ma/tree-warden,1,,unresolved,https://www.wendellmass.us/town-clerk-documents/,2026-08-25,Current holder not safely resolved from post-election official evidence; not presumed vacant.
Wendell,wendell-ma/swift-river-school-committee,1,,unresolved,https://www.wendellmass.us/town-clerk-documents/,2026-08-25,Current holder not safely resolved from post-election official evidence; not presumed vacant.
Wendell,wendell-ma/swift-river-school-committee,2,,unresolved,https://www.wendellmass.us/town-clerk-documents/,2026-08-25,Current holder not safely resolved from post-election official evidence; not presumed vacant.
Wendell,wendell-ma/swift-river-school-committee,3,,unresolved,https://www.wendellmass.us/town-clerk-documents/,2026-08-25,Current holder not safely resolved from post-election official evidence; not presumed vacant.
Wendell,wendell-ma/swift-river-school-committee,4,,unresolved,https://www.wendellmass.us/town-clerk-documents/,2026-08-25,Current holder not safely resolved from post-election official evidence; not presumed vacant.
Wendell,wendell-ma/swift-river-school-committee,5,,unresolved,https://www.wendellmass.us/town-clerk-documents/,2026-08-25,Current holder not safely resolved from post-election official evidence; not presumed vacant.
Wendell,wendell-ma/municipal-light-board,1,,unresolved,https://www.wendellmass.us/town-clerk-documents/,2026-08-25,Current holder not safely resolved from post-election official evidence; not presumed vacant.
Wendell,wendell-ma/municipal-light-board,2,,unresolved,https://www.wendellmass.us/town-clerk-documents/,2026-08-25,Current holder not safely resolved from post-election official evidence; not presumed vacant.
Wendell,wendell-ma/municipal-light-board,3,,unresolved,https://www.wendellmass.us/town-clerk-documents/,2026-08-25,Current holder not safely resolved from post-election official evidence; not presumed vacant.
