municipality,office_id,seat,person_name,current_status,source_url,retrieved_on,notes
Sunderland,sunderland-ma/select-board,1,Nathaniel Waring,verified-current,https://www.townofsunderland.us/407/Selectboard-Administrator,2026-08-25,Current official municipal roster/source supports holder.
Sunderland,sunderland-ma/select-board,2,Christyl Drake-Tremblay,verified-current,https://www.townofsunderland.us/407/Selectboard-Administrator,2026-08-25,Current official municipal roster/source supports holder.
Sunderland,sunderland-ma/select-board,3,,unresolved,https://www.townofsunderland.us/351/VOTING-INFORMATION,2026-08-25,Current holder not safely resolved from post-election official evidence; not presumed vacant.
Sunderland,sunderland-ma/board-assessors,1,,unresolved,https://www.townofsunderland.us/351/VOTING-INFORMATION,2026-08-25,Current holder not safely resolved from post-election official evidence; not presumed vacant.
Sunderland,sunderland-ma/board-assessors,2,,unresolved,https://www.townofsunderland.us/351/VOTING-INFORMATION,2026-08-25,Current holder not safely resolved from post-election official evidence; not presumed vacant.
Sunderland,sunderland-ma/board-assessors,3,,unresolved,https://www.townofsunderland.us/351/VOTING-INFORMATION,2026-08-25,Current holder not safely resolved from post-election official evidence; not presumed vacant.
Sunderland,sunderland-ma/board-health,1,,unresolved,https://www.townofsunderland.us/351/VOTING-INFORMATION,2026-08-25,Current holder not safely resolved from post-election official evidence; not presumed vacant.
Sunderland,sunderland-ma/board-health,2,,unresolved,https://www.townofsunderland.us/351/VOTING-INFORMATION,2026-08-25,Current holder not safely resolved from post-election official evidence; not presumed vacant.
Sunderland,sunderland-ma/board-health,3,,unresolved,https://www.townofsunderland.us/351/VOTING-INFORMATION,2026-08-25,Current holder not safely resolved from post-election official evidence; not presumed vacant.
Sunderland,sunderland-ma/elementary-school-committee,1,,unresolved,https://www.townofsunderland.us/351/VOTING-INFORMATION,2026-08-25,Current holder not safely resolved from post-election official evidence; not presumed vacant.
Sunderland,sunderland-ma/elementary-school-committee,2,,unresolved,https://www.townofsunderland.us/351/VOTING-INFORMATION,2026-08-25,Current holder not safely resolved from post-election official evidence; not presumed vacant.
Sunderland,sunderland-ma/elementary-school-committee,3,,unresolved,https://www.townofsunderland.us/351/VOTING-INFORMATION,2026-08-25,Current holder not safely resolved from post-election official evidence; not presumed vacant.
Sunderland,sunderland-ma/elementary-school-committee,4,,unresolved,https://www.townofsunderland.us/351/VOTING-INFORMATION,2026-08-25,Current holder not safely resolved from post-election official evidence; not presumed vacant.
Sunderland,sunderland-ma/elementary-school-committee,5,,unresolved,https://www.townofsunderland.us/351/VOTING-INFORMATION,2026-08-25,Current holder not safely resolved from post-election official evidence; not presumed vacant.
Sunderland,sunderland-ma/frontier-regional-school-committee,1,,unresolved,https://www.townofsunderland.us/351/VOTING-INFORMATION,2026-08-25,Current holder not safely resolved from post-election official evidence; not presumed vacant.
Sunderland,sunderland-ma/frontier-regional-school-committee,2,,unresolved,https://www.townofsunderland.us/351/VOTING-INFORMATION,2026-08-25,Current holder not safely resolved from post-election official evidence; not presumed vacant.
Sunderland,sunderland-ma/library-trustee,1,,unresolved,https://www.townofsunderland.us/351/VOTING-INFORMATION,2026-08-25,Current holder not safely resolved from post-election official evidence; not presumed vacant.
Sunderland,sunderland-ma/library-trustee,2,,unresolved,https://www.townofsunderland.us/351/VOTING-INFORMATION,2026-08-25,Current holder not safely resolved from post-election official evidence; not presumed vacant.
Sunderland,sunderland-ma/library-trustee,3,,unresolved,https://www.townofsunderland.us/351/VOTING-INFORMATION,2026-08-25,Current holder not safely resolved from post-election official evidence; not presumed vacant.
Sunderland,sunderland-ma/library-trustee,4,,unresolved,https://www.townofsunderland.us/351/VOTING-INFORMATION,2026-08-25,Current holder not safely resolved from post-election official evidence; not presumed vacant.
Sunderland,sunderland-ma/library-trustee,5,,unresolved,https://www.townofsunderland.us/351/VOTING-INFORMATION,2026-08-25,Current holder not safely resolved from post-election official evidence; not presumed vacant.
Sunderland,sunderland-ma/library-trustee,6,,unresolved,https://www.townofsunderland.us/351/VOTING-INFORMATION,2026-08-25,Current holder not safely resolved from post-election official evidence; not presumed vacant.
Sunderland,sunderland-ma/library-trustee,7,,unresolved,https://www.townofsunderland.us/351/VOTING-INFORMATION,2026-08-25,Current holder not safely resolved from post-election official evidence; not presumed vacant.
Sunderland,sunderland-ma/library-trustee,8,,unresolved,https://www.townofsunderland.us/351/VOTING-INFORMATION,2026-08-25,Current holder not safely resolved from post-election official evidence; not presumed vacant.
Sunderland,sunderland-ma/library-trustee,9,,unresolved,https://www.townofsunderland.us/351/VOTING-INFORMATION,2026-08-25,Current holder not safely resolved from post-election official evidence; not presumed vacant.
Sunderland,sunderland-ma/planning-board,1,,unresolved,https://www.townofsunderland.us/351/VOTING-INFORMATION,2026-08-25,Current holder not safely resolved from post-election official evidence; not presumed vacant.
Sunderland,sunderland-ma/planning-board,2,,unresolved,https://www.townofsunderland.us/351/VOTING-INFORMATION,2026-08-25,Current holder not safely resolved from post-election official evidence; not presumed vacant.
Sunderland,sunderland-ma/planning-board,3,,unresolved,https://www.townofsunderland.us/351/VOTING-INFORMATION,2026-08-25,Current holder not safely resolved from post-election official evidence; not presumed vacant.
Sunderland,sunderland-ma/planning-board,4,,unresolved,https://www.townofsunderland.us/351/VOTING-INFORMATION,2026-08-25,Current holder not safely resolved from post-election official evidence; not presumed vacant.
Sunderland,sunderland-ma/planning-board,5,,unresolved,https://www.townofsunderland.us/351/VOTING-INFORMATION,2026-08-25,Current holder not safely resolved from post-election official evidence; not presumed vacant.
Sunderland,sunderland-ma/riverside-cemetery-trustee,1,,unresolved,https://www.townofsunderland.us/351/VOTING-INFORMATION,2026-08-25,Current holder not safely resolved from post-election official evidence; not presumed vacant.
Sunderland,sunderland-ma/riverside-cemetery-trustee,2,,unresolved,https://www.townofsunderland.us/351/VOTING-INFORMATION,2026-08-25,Current holder not safely resolved from post-election official evidence; not presumed vacant.
Sunderland,sunderland-ma/riverside-cemetery-trustee,3,,unresolved,https://www.townofsunderland.us/351/VOTING-INFORMATION,2026-08-25,Current holder not safely resolved from post-election official evidence; not presumed vacant.
Sunderland,sunderland-ma/town-clerk,1,,unresolved,https://www.townofsunderland.us/351/VOTING-INFORMATION,2026-08-25,Current holder not safely resolved from post-election official evidence; not presumed vacant.
Sunderland,sunderland-ma/moderator,1,,unresolved,https://www.townofsunderland.us/351/VOTING-INFORMATION,2026-08-25,Current holder not safely resolved from post-election official evidence; not presumed vacant.
Sunderland,sunderland-ma/town-park-trustee-direct,1,,unresolved,https://www.townofsunderland.us/351/VOTING-INFORMATION,2026-08-25,Current holder not safely resolved from post-election official evidence; not presumed vacant.
Sutton,sutton-ma/select-board,1,Jesse Limanek,verified-current,https://www.suttonma.org/select-board,2026-08-25,Current official municipal roster/source supports holder.
Sutton,sutton-ma/select-board,2,Jonathan Anderson,verified-current,https://www.suttonma.org/select-board,2026-08-25,Current official municipal roster/source supports holder.
Sutton,sutton-ma/select-board,3,James Ettamarna,verified-current,https://www.suttonma.org/select-board,2026-08-25,Current official municipal roster/source supports holder.
Sutton,sutton-ma/select-board,4,,unresolved,https://www.suttonma.org/node/all/events/year/2026,2026-08-25,Current holder not safely resolved from post-election official evidence; not presumed vacant.
Sutton,sutton-ma/select-board,5,,unresolved,https://www.suttonma.org/node/all/events/year/2026,2026-08-25,Current holder not safely resolved from post-election official evidence; not presumed vacant.
Sutton,sutton-ma/school-committee,1,,unresolved,https://www.suttonma.org/node/all/events/year/2026,2026-08-25,Current holder not safely resolved from post-election official evidence; not presumed vacant.
Sutton,sutton-ma/school-committee,2,,unresolved,https://www.suttonma.org/node/all/events/year/2026,2026-08-25,Current holder not safely resolved from post-election official evidence; not presumed vacant.
Sutton,sutton-ma/school-committee,3,,unresolved,https://www.suttonma.org/node/all/events/year/2026,2026-08-25,Current holder not safely resolved from post-election official evidence; not presumed vacant.
Sutton,sutton-ma/school-committee,4,,unresolved,https://www.suttonma.org/node/all/events/year/2026,2026-08-25,Current holder not safely resolved from post-election official evidence; not presumed vacant.
Sutton,sutton-ma/school-committee,5,,unresolved,https://www.suttonma.org/node/all/events/year/2026,2026-08-25,Current holder not safely resolved from post-election official evidence; not presumed vacant.
Sutton,sutton-ma/regional-vocational-school-committee,1,,unresolved,https://www.suttonma.org/node/all/events/year/2026,2026-08-25,Current holder not safely resolved from post-election official evidence; not presumed vacant.
Sutton,sutton-ma/library-trustee,1,Joanne Geneva,verified-current,https://www.suttonma.org/board-library-trustees,2026-08-25,Current official municipal roster/source supports holder.
Sutton,sutton-ma/library-trustee,2,Margaret Blume,verified-current,https://www.suttonma.org/board-library-trustees,2026-08-25,Current official municipal roster/source supports holder.
Sutton,sutton-ma/library-trustee,3,,unresolved,https://www.suttonma.org/node/all/events/year/2026,2026-08-25,Current holder not safely resolved from post-election official evidence; not presumed vacant.
Sutton,sutton-ma/housing-authority,1,Burton Bjorn,verified-current,https://www.suttonma.org/housing-authority,2026-08-25,Current official municipal roster/source supports holder.
Sutton,sutton-ma/housing-authority,2,Bates Carter,verified-current,https://www.suttonma.org/housing-authority,2026-08-25,Current official municipal roster/source supports holder.
Sutton,sutton-ma/housing-authority,3,,unresolved,https://www.suttonma.org/node/all/events/year/2026,2026-08-25,Current holder not safely resolved from post-election official evidence; not presumed vacant.
Sutton,sutton-ma/moderator,1,,unresolved,https://www.suttonma.org/node/all/events/year/2026,2026-08-25,Current holder not safely resolved from post-election official evidence; not presumed vacant.
Sutton,sutton-ma/planning-board-direct,1,,unresolved,https://www.suttonma.org/node/all/events/year/2026,2026-08-25,Current holder not safely resolved from post-election official evidence; not presumed vacant.
Sutton,sutton-ma/planning-board-direct,2,,unresolved,https://www.suttonma.org/node/all/events/year/2026,2026-08-25,Current holder not safely resolved from post-election official evidence; not presumed vacant.
Sutton,sutton-ma/planning-board-direct,3,,unresolved,https://www.suttonma.org/node/all/events/year/2026,2026-08-25,Current holder not safely resolved from post-election official evidence; not presumed vacant.
Swampscott,swampscott-ma/moderator,1,,unresolved,https://www.swampscottma.gov/1420/Past-Election-Results,2026-08-25,Current holder not safely resolved from post-election official evidence; not presumed vacant.
Swampscott,swampscott-ma/select-board,1,,unresolved,https://www.swampscottma.gov/1420/Past-Election-Results,2026-08-25,Current holder not safely resolved from post-election official evidence; not presumed vacant.
Swampscott,swampscott-ma/select-board,2,,unresolved,https://www.swampscottma.gov/1420/Past-Election-Results,2026-08-25,Current holder not safely resolved from post-election official evidence; not presumed vacant.
Swampscott,swampscott-ma/select-board,3,,unresolved,https://www.swampscottma.gov/1420/Past-Election-Results,2026-08-25,Current holder not safely resolved from post-election official evidence; not presumed vacant.
Swampscott,swampscott-ma/select-board,4,,unresolved,https://www.swampscottma.gov/1420/Past-Election-Results,2026-08-25,Current holder not safely resolved from post-election official evidence; not presumed vacant.
Swampscott,swampscott-ma/select-board,5,,unresolved,https://www.swampscottma.gov/1420/Past-Election-Results,2026-08-25,Current holder not safely resolved from post-election official evidence; not presumed vacant.
Swampscott,swampscott-ma/board-assessors,1,,unresolved,https://www.swampscottma.gov/1420/Past-Election-Results,2026-08-25,Current holder not safely resolved from post-election official evidence; not presumed vacant.
Swampscott,swampscott-ma/board-assessors,2,,unresolved,https://www.swampscottma.gov/1420/Past-Election-Results,2026-08-25,Current holder not safely resolved from post-election official evidence; not presumed vacant.
Swampscott,swampscott-ma/board-assessors,3,,unresolved,https://www.swampscottma.gov/1420/Past-Election-Results,2026-08-25,Current holder not safely resolved from post-election official evidence; not presumed vacant.
Swampscott,swampscott-ma/school-committee,1,,unresolved,https://www.swampscottma.gov/1420/Past-Election-Results,2026-08-25,Current holder not safely resolved from post-election official evidence; not presumed vacant.
Swampscott,swampscott-ma/school-committee,2,,unresolved,https://www.swampscottma.gov/1420/Past-Election-Results,2026-08-25,Current holder not safely resolved from post-election official evidence; not presumed vacant.
Swampscott,swampscott-ma/school-committee,3,,unresolved,https://www.swampscottma.gov/1420/Past-Election-Results,2026-08-25,Current holder not safely resolved from post-election official evidence; not presumed vacant.
Swampscott,swampscott-ma/school-committee,4,,unresolved,https://www.swampscottma.gov/1420/Past-Election-Results,2026-08-25,Current holder not safely resolved from post-election official evidence; not presumed vacant.
Swampscott,swampscott-ma/school-committee,5,,unresolved,https://www.swampscottma.gov/1420/Past-Election-Results,2026-08-25,Current holder not safely resolved from post-election official evidence; not presumed vacant.
Swampscott,swampscott-ma/library-trustee,1,,unresolved,https://www.swampscottma.gov/1420/Past-Election-Results,2026-08-25,Current holder not safely resolved from post-election official evidence; not presumed vacant.
Swampscott,swampscott-ma/library-trustee,2,,unresolved,https://www.swampscottma.gov/1420/Past-Election-Results,2026-08-25,Current holder not safely resolved from post-election official evidence; not presumed vacant.
Swampscott,swampscott-ma/library-trustee,3,,unresolved,https://www.swampscottma.gov/1420/Past-Election-Results,2026-08-25,Current holder not safely resolved from post-election official evidence; not presumed vacant.
Swampscott,swampscott-ma/board-health,1,,unresolved,https://www.swampscottma.gov/1420/Past-Election-Results,2026-08-25,Current holder not safely resolved from post-election official evidence; not presumed vacant.
Swampscott,swampscott-ma/board-health,2,,unresolved,https://www.swampscottma.gov/1420/Past-Election-Results,2026-08-25,Current holder not safely resolved from post-election official evidence; not presumed vacant.
Swampscott,swampscott-ma/board-health,3,,unresolved,https://www.swampscottma.gov/1420/Past-Election-Results,2026-08-25,Current holder not safely resolved from post-election official evidence; not presumed vacant.
Swampscott,swampscott-ma/constable,1,,unresolved,https://www.swampscottma.gov/1420/Past-Election-Results,2026-08-25,Current holder not safely resolved from post-election official evidence; not presumed vacant.
Swampscott,swampscott-ma/constable,2,,unresolved,https://www.swampscottma.gov/1420/Past-Election-Results,2026-08-25,Current holder not safely resolved from post-election official evidence; not presumed vacant.
Swampscott,swampscott-ma/constable,3,,unresolved,https://www.swampscottma.gov/1420/Past-Election-Results,2026-08-25,Current holder not safely resolved from post-election official evidence; not presumed vacant.
Swampscott,swampscott-ma/planning-board,1,,unresolved,https://www.swampscottma.gov/1420/Past-Election-Results,2026-08-25,Current holder not safely resolved from post-election official evidence; not presumed vacant.
Swampscott,swampscott-ma/planning-board,2,,unresolved,https://www.swampscottma.gov/1420/Past-Election-Results,2026-08-25,Current holder not safely resolved from post-election official evidence; not presumed vacant.
Swampscott,swampscott-ma/planning-board,3,,unresolved,https://www.swampscottma.gov/1420/Past-Election-Results,2026-08-25,Current holder not safely resolved from post-election official evidence; not presumed vacant.
Swampscott,swampscott-ma/planning-board,4,,unresolved,https://www.swampscottma.gov/1420/Past-Election-Results,2026-08-25,Current holder not safely resolved from post-election official evidence; not presumed vacant.
Swampscott,swampscott-ma/planning-board,5,,unresolved,https://www.swampscottma.gov/1420/Past-Election-Results,2026-08-25,Current holder not safely resolved from post-election official evidence; not presumed vacant.
Swampscott,swampscott-ma/housing-authority,1,,unresolved,https://www.swampscottma.gov/1420/Past-Election-Results,2026-08-25,Current holder not safely resolved from post-election official evidence; not presumed vacant.
Swampscott,swampscott-ma/housing-authority,2,,unresolved,https://www.swampscottma.gov/1420/Past-Election-Results,2026-08-25,Current holder not safely resolved from post-election official evidence; not presumed vacant.
Swampscott,swampscott-ma/housing-authority,3,,unresolved,https://www.swampscottma.gov/1420/Past-Election-Results,2026-08-25,Current holder not safely resolved from post-election official evidence; not presumed vacant.
Swampscott,swampscott-ma/representative-town-meeting,1,,unresolved,https://www.swampscottma.gov/1420/Past-Election-Results,2026-08-25,Current holder not safely resolved from post-election official evidence; not presumed vacant.
Swampscott,swampscott-ma/representative-town-meeting,2,,unresolved,https://www.swampscottma.gov/1420/Past-Election-Results,2026-08-25,Current holder not safely resolved from post-election official evidence; not presumed vacant.
Swampscott,swampscott-ma/representative-town-meeting,3,,unresolved,https://www.swampscottma.gov/1420/Past-Election-Results,2026-08-25,Current holder not safely resolved from post-election official evidence; not presumed vacant.
Swampscott,swampscott-ma/representative-town-meeting,4,,unresolved,https://www.swampscottma.gov/1420/Past-Election-Results,2026-08-25,Current holder not safely resolved from post-election official evidence; not presumed vacant.
Swampscott,swampscott-ma/representative-town-meeting,5,,unresolved,https://www.swampscottma.gov/1420/Past-Election-Results,2026-08-25,Current holder not safely resolved from post-election official evidence; not presumed vacant.
Swampscott,swampscott-ma/representative-town-meeting,6,,unresolved,https://www.swampscottma.gov/1420/Past-Election-Results,2026-08-25,Current holder not safely resolved from post-election official evidence; not presumed vacant.
Swampscott,swampscott-ma/representative-town-meeting,7,,unresolved,https://www.swampscottma.gov/1420/Past-Election-Results,2026-08-25,Current holder not safely resolved from post-election official evidence; not presumed vacant.
Swampscott,swampscott-ma/representative-town-meeting,8,,unresolved,https://www.swampscottma.gov/1420/Past-Election-Results,2026-08-25,Current holder not safely resolved from post-election official evidence; not presumed vacant.
Swampscott,swampscott-ma/representative-town-meeting,9,,unresolved,https://www.swampscottma.gov/1420/Past-Election-Results,2026-08-25,Current holder not safely resolved from post-election official evidence; not presumed vacant.
Swampscott,swampscott-ma/representative-town-meeting,10,,unresolved,https://www.swampscottma.gov/1420/Past-Election-Results,2026-08-25,Current holder not safely resolved from post-election official evidence; not presumed vacant.
Swampscott,swampscott-ma/representative-town-meeting,11,,unresolved,https://www.swampscottma.gov/1420/Past-Election-Results,2026-08-25,Current holder not safely resolved from post-election official evidence; not presumed vacant.
Swampscott,swampscott-ma/representative-town-meeting,12,,unresolved,https://www.swampscottma.gov/1420/Past-Election-Results,2026-08-25,Current holder not safely resolved from post-election official evidence; not presumed vacant.
Swampscott,swampscott-ma/representative-town-meeting,13,,unresolved,https://www.swampscottma.gov/1420/Past-Election-Results,2026-08-25,Current holder not safely resolved from post-election official evidence; not presumed vacant.
Swampscott,swampscott-ma/representative-town-meeting,14,,unresolved,https://www.swampscottma.gov/1420/Past-Election-Results,2026-08-25,Current holder not safely resolved from post-election official evidence; not presumed vacant.
Swampscott,swampscott-ma/representative-town-meeting,15,,unresolved,https://www.swampscottma.gov/1420/Past-Election-Results,2026-08-25,Current holder not safely resolved from post-election official evidence; not presumed vacant.
Swampscott,swampscott-ma/representative-town-meeting,16,,unresolved,https://www.swampscottma.gov/1420/Past-Election-Results,2026-08-25,Current holder not safely resolved from post-election official evidence; not presumed vacant.
Swampscott,swampscott-ma/representative-town-meeting,17,,unresolved,https://www.swampscottma.gov/1420/Past-Election-Results,2026-08-25,Current holder not safely resolved from post-election official evidence; not presumed vacant.
Swampscott,swampscott-ma/representative-town-meeting,18,,unresolved,https://www.swampscottma.gov/1420/Past-Election-Results,2026-08-25,Current holder not safely resolved from post-election official evidence; not presumed vacant.
Swampscott,swampscott-ma/representative-town-meeting,19,,unresolved,https://www.swampscottma.gov/1420/Past-Election-Results,2026-08-25,Current holder not safely resolved from post-election official evidence; not presumed vacant.
Swampscott,swampscott-ma/representative-town-meeting,20,,unresolved,https://www.swampscottma.gov/1420/Past-Election-Results,2026-08-25,Current holder not safely resolved from post-election official evidence; not presumed vacant.
Swampscott,swampscott-ma/representative-town-meeting,21,,unresolved,https://www.swampscottma.gov/1420/Past-Election-Results,2026-08-25,Current holder not safely resolved from post-election official evidence; not presumed vacant.
Swampscott,swampscott-ma/representative-town-meeting,22,,unresolved,https://www.swampscottma.gov/1420/Past-Election-Results,2026-08-25,Current holder not safely resolved from post-election official evidence; not presumed vacant.
Swampscott,swampscott-ma/representative-town-meeting,23,,unresolved,https://www.swampscottma.gov/1420/Past-Election-Results,2026-08-25,Current holder not safely resolved from post-election official evidence; not presumed vacant.
Swampscott,swampscott-ma/representative-town-meeting,24,,unresolved,https://www.swampscottma.gov/1420/Past-Election-Results,2026-08-25,Current holder not safely resolved from post-election official evidence; not presumed vacant.
Swampscott,swampscott-ma/representative-town-meeting,25,,unresolved,https://www.swampscottma.gov/1420/Past-Election-Results,2026-08-25,Current holder not safely resolved from post-election official evidence; not presumed vacant.
Swampscott,swampscott-ma/representative-town-meeting,26,,unresolved,https://www.swampscottma.gov/1420/Past-Election-Results,2026-08-25,Current holder not safely resolved from post-election official evidence; not presumed vacant.
Swampscott,swampscott-ma/representative-town-meeting,27,,unresolved,https://www.swampscottma.gov/1420/Past-Election-Results,2026-08-25,Current holder not safely resolved from post-election official evidence; not presumed vacant.
Swampscott,swampscott-ma/representative-town-meeting,28,,unresolved,https://www.swampscottma.gov/1420/Past-Election-Results,2026-08-25,Current holder not safely resolved from post-election official evidence; not presumed vacant.
Swampscott,swampscott-ma/representative-town-meeting,29,,unresolved,https://www.swampscottma.gov/1420/Past-Election-Results,2026-08-25,Current holder not safely resolved from post-election official evidence; not presumed vacant.
Swampscott,swampscott-ma/representative-town-meeting,30,,unresolved,https://www.swampscottma.gov/1420/Past-Election-Results,2026-08-25,Current holder not safely resolved from post-election official evidence; not presumed vacant.
Swampscott,swampscott-ma/representative-town-meeting,31,,unresolved,https://www.swampscottma.gov/1420/Past-Election-Results,2026-08-25,Current holder not safely resolved from post-election official evidence; not presumed vacant.
Swampscott,swampscott-ma/representative-town-meeting,32,,unresolved,https://www.swampscottma.gov/1420/Past-Election-Results,2026-08-25,Current holder not safely resolved from post-election official evidence; not presumed vacant.
Swampscott,swampscott-ma/representative-town-meeting,33,,unresolved,https://www.swampscottma.gov/1420/Past-Election-Results,2026-08-25,Current holder not safely resolved from post-election official evidence; not presumed vacant.
Swampscott,swampscott-ma/representative-town-meeting,34,,unresolved,https://www.swampscottma.gov/1420/Past-Election-Results,2026-08-25,Current holder not safely resolved from post-election official evidence; not presumed vacant.
Swampscott,swampscott-ma/representative-town-meeting,35,,unresolved,https://www.swampscottma.gov/1420/Past-Election-Results,2026-08-25,Current holder not safely resolved from post-election official evidence; not presumed vacant.
Swampscott,swampscott-ma/representative-town-meeting,36,,unresolved,https://www.swampscottma.gov/1420/Past-Election-Results,2026-08-25,Current holder not safely resolved from post-election official evidence; not presumed vacant.
Swampscott,swampscott-ma/representative-town-meeting,37,,unresolved,https://www.swampscottma.gov/1420/Past-Election-Results,2026-08-25,Current holder not safely resolved from post-election official evidence; not presumed vacant.
Swampscott,swampscott-ma/representative-town-meeting,38,,unresolved,https://www.swampscottma.gov/1420/Past-Election-Results,2026-08-25,Current holder not safely resolved from post-election official evidence; not presumed vacant.
Swampscott,swampscott-ma/representative-town-meeting,39,,unresolved,https://www.swampscottma.gov/1420/Past-Election-Results,2026-08-25,Current holder not safely resolved from post-election official evidence; not presumed vacant.
Swampscott,swampscott-ma/representative-town-meeting,40,,unresolved,https://www.swampscottma.gov/1420/Past-Election-Results,2026-08-25,Current holder not safely resolved from post-election official evidence; not presumed vacant.
Swampscott,swampscott-ma/representative-town-meeting,41,,unresolved,https://www.swampscottma.gov/1420/Past-Election-Results,2026-08-25,Current holder not safely resolved from post-election official evidence; not presumed vacant.
Swampscott,swampscott-ma/representative-town-meeting,42,,unresolved,https://www.swampscottma.gov/1420/Past-Election-Results,2026-08-25,Current holder not safely resolved from post-election official evidence; not presumed vacant.
Swampscott,swampscott-ma/representative-town-meeting,43,,unresolved,https://www.swampscottma.gov/1420/Past-Election-Results,2026-08-25,Current holder not safely resolved from post-election official evidence; not presumed vacant.
Swampscott,swampscott-ma/representative-town-meeting,44,,unresolved,https://www.swampscottma.gov/1420/Past-Election-Results,2026-08-25,Current holder not safely resolved from post-election official evidence; not presumed vacant.
Swampscott,swampscott-ma/representative-town-meeting,45,,unresolved,https://www.swampscottma.gov/1420/Past-Election-Results,2026-08-25,Current holder not safely resolved from post-election official evidence; not presumed vacant.
Swampscott,swampscott-ma/representative-town-meeting,46,,unresolved,https://www.swampscottma.gov/1420/Past-Election-Results,2026-08-25,Current holder not safely resolved from post-election official evidence; not presumed vacant.
Swampscott,swampscott-ma/representative-town-meeting,47,,unresolved,https://www.swampscottma.gov/1420/Past-Election-Results,2026-08-25,Current holder not safely resolved from post-election official evidence; not presumed vacant.
Swampscott,swampscott-ma/representative-town-meeting,48,,unresolved,https://www.swampscottma.gov/1420/Past-Election-Results,2026-08-25,Current holder not safely resolved from post-election official evidence; not presumed vacant.
Swampscott,swampscott-ma/representative-town-meeting,49,,unresolved,https://www.swampscottma.gov/1420/Past-Election-Results,2026-08-25,Current holder not safely resolved from post-election official evidence; not presumed vacant.
Swampscott,swampscott-ma/representative-town-meeting,50,,unresolved,https://www.swampscottma.gov/1420/Past-Election-Results,2026-08-25,Current holder not safely resolved from post-election official evidence; not presumed vacant.
Swampscott,swampscott-ma/representative-town-meeting,51,,unresolved,https://www.swampscottma.gov/1420/Past-Election-Results,2026-08-25,Current holder not safely resolved from post-election official evidence; not presumed vacant.
Swampscott,swampscott-ma/representative-town-meeting,52,,unresolved,https://www.swampscottma.gov/1420/Past-Election-Results,2026-08-25,Current holder not safely resolved from post-election official evidence; not presumed vacant.
Swampscott,swampscott-ma/representative-town-meeting,53,,unresolved,https://www.swampscottma.gov/1420/Past-Election-Results,2026-08-25,Current holder not safely resolved from post-election official evidence; not presumed vacant.
Swampscott,swampscott-ma/representative-town-meeting,54,,unresolved,https://www.swampscottma.gov/1420/Past-Election-Results,2026-08-25,Current holder not safely resolved from post-election official evidence; not presumed vacant.
Swampscott,swampscott-ma/representative-town-meeting,55,,unresolved,https://www.swampscottma.gov/1420/Past-Election-Results,2026-08-25,Current holder not safely resolved from post-election official evidence; not presumed vacant.
Swampscott,swampscott-ma/representative-town-meeting,56,,unresolved,https://www.swampscottma.gov/1420/Past-Election-Results,2026-08-25,Current holder not safely resolved from post-election official evidence; not presumed vacant.
Swampscott,swampscott-ma/representative-town-meeting,57,,unresolved,https://www.swampscottma.gov/1420/Past-Election-Results,2026-08-25,Current holder not safely resolved from post-election official evidence; not presumed vacant.
Swampscott,swampscott-ma/representative-town-meeting,58,,unresolved,https://www.swampscottma.gov/1420/Past-Election-Results,2026-08-25,Current holder not safely resolved from post-election official evidence; not presumed vacant.
Swampscott,swampscott-ma/representative-town-meeting,59,,unresolved,https://www.swampscottma.gov/1420/Past-Election-Results,2026-08-25,Current holder not safely resolved from post-election official evidence; not presumed vacant.
Swampscott,swampscott-ma/representative-town-meeting,60,,unresolved,https://www.swampscottma.gov/1420/Past-Election-Results,2026-08-25,Current holder not safely resolved from post-election official evidence; not presumed vacant.
Swampscott,swampscott-ma/representative-town-meeting,61,,unresolved,https://www.swampscottma.gov/1420/Past-Election-Results,2026-08-25,Current holder not safely resolved from post-election official evidence; not presumed vacant.
Swampscott,swampscott-ma/representative-town-meeting,62,,unresolved,https://www.swampscottma.gov/1420/Past-Election-Results,2026-08-25,Current holder not safely resolved from post-election official evidence; not presumed vacant.
Swampscott,swampscott-ma/representative-town-meeting,63,,unresolved,https://www.swampscottma.gov/1420/Past-Election-Results,2026-08-25,Current holder not safely resolved from post-election official evidence; not presumed vacant.
Swampscott,swampscott-ma/representative-town-meeting,64,,unresolved,https://www.swampscottma.gov/1420/Past-Election-Results,2026-08-25,Current holder not safely resolved from post-election official evidence; not presumed vacant.
Swampscott,swampscott-ma/representative-town-meeting,65,,unresolved,https://www.swampscottma.gov/1420/Past-Election-Results,2026-08-25,Current holder not safely resolved from post-election official evidence; not presumed vacant.
Swampscott,swampscott-ma/representative-town-meeting,66,,unresolved,https://www.swampscottma.gov/1420/Past-Election-Results,2026-08-25,Current holder not safely resolved from post-election official evidence; not presumed vacant.
Swampscott,swampscott-ma/representative-town-meeting,67,,unresolved,https://www.swampscottma.gov/1420/Past-Election-Results,2026-08-25,Current holder not safely resolved from post-election official evidence; not presumed vacant.
Swampscott,swampscott-ma/representative-town-meeting,68,,unresolved,https://www.swampscottma.gov/1420/Past-Election-Results,2026-08-25,Current holder not safely resolved from post-election official evidence; not presumed vacant.
Swampscott,swampscott-ma/representative-town-meeting,69,,unresolved,https://www.swampscottma.gov/1420/Past-Election-Results,2026-08-25,Current holder not safely resolved from post-election official evidence; not presumed vacant.
Swampscott,swampscott-ma/representative-town-meeting,70,,unresolved,https://www.swampscottma.gov/1420/Past-Election-Results,2026-08-25,Current holder not safely resolved from post-election official evidence; not presumed vacant.
Swampscott,swampscott-ma/representative-town-meeting,71,,unresolved,https://www.swampscottma.gov/1420/Past-Election-Results,2026-08-25,Current holder not safely resolved from post-election official evidence; not presumed vacant.
Swampscott,swampscott-ma/representative-town-meeting,72,,unresolved,https://www.swampscottma.gov/1420/Past-Election-Results,2026-08-25,Current holder not safely resolved from post-election official evidence; not presumed vacant.
Swampscott,swampscott-ma/representative-town-meeting,73,,unresolved,https://www.swampscottma.gov/1420/Past-Election-Results,2026-08-25,Current holder not safely resolved from post-election official evidence; not presumed vacant.
Swampscott,swampscott-ma/representative-town-meeting,74,,unresolved,https://www.swampscottma.gov/1420/Past-Election-Results,2026-08-25,Current holder not safely resolved from post-election official evidence; not presumed vacant.
Swampscott,swampscott-ma/representative-town-meeting,75,,unresolved,https://www.swampscottma.gov/1420/Past-Election-Results,2026-08-25,Current holder not safely resolved from post-election official evidence; not presumed vacant.
Swampscott,swampscott-ma/representative-town-meeting,76,,unresolved,https://www.swampscottma.gov/1420/Past-Election-Results,2026-08-25,Current holder not safely resolved from post-election official evidence; not presumed vacant.
Swampscott,swampscott-ma/representative-town-meeting,77,,unresolved,https://www.swampscottma.gov/1420/Past-Election-Results,2026-08-25,Current holder not safely resolved from post-election official evidence; not presumed vacant.
Swampscott,swampscott-ma/representative-town-meeting,78,,unresolved,https://www.swampscottma.gov/1420/Past-Election-Results,2026-08-25,Current holder not safely resolved from post-election official evidence; not presumed vacant.
Swampscott,swampscott-ma/representative-town-meeting,79,,unresolved,https://www.swampscottma.gov/1420/Past-Election-Results,2026-08-25,Current holder not safely resolved from post-election official evidence; not presumed vacant.
Swampscott,swampscott-ma/representative-town-meeting,80,,unresolved,https://www.swampscottma.gov/1420/Past-Election-Results,2026-08-25,Current holder not safely resolved from post-election official evidence; not presumed vacant.
Swampscott,swampscott-ma/representative-town-meeting,81,,unresolved,https://www.swampscottma.gov/1420/Past-Election-Results,2026-08-25,Current holder not safely resolved from post-election official evidence; not presumed vacant.
Swampscott,swampscott-ma/representative-town-meeting,82,,unresolved,https://www.swampscottma.gov/1420/Past-Election-Results,2026-08-25,Current holder not safely resolved from post-election official evidence; not presumed vacant.
Swampscott,swampscott-ma/representative-town-meeting,83,,unresolved,https://www.swampscottma.gov/1420/Past-Election-Results,2026-08-25,Current holder not safely resolved from post-election official evidence; not presumed vacant.
Swampscott,swampscott-ma/representative-town-meeting,84,,unresolved,https://www.swampscottma.gov/1420/Past-Election-Results,2026-08-25,Current holder not safely resolved from post-election official evidence; not presumed vacant.
Swampscott,swampscott-ma/representative-town-meeting,85,,unresolved,https://www.swampscottma.gov/1420/Past-Election-Results,2026-08-25,Current holder not safely resolved from post-election official evidence; not presumed vacant.
Swampscott,swampscott-ma/representative-town-meeting,86,,unresolved,https://www.swampscottma.gov/1420/Past-Election-Results,2026-08-25,Current holder not safely resolved from post-election official evidence; not presumed vacant.
Swampscott,swampscott-ma/representative-town-meeting,87,,unresolved,https://www.swampscottma.gov/1420/Past-Election-Results,2026-08-25,Current holder not safely resolved from post-election official evidence; not presumed vacant.
Swampscott,swampscott-ma/representative-town-meeting,88,,unresolved,https://www.swampscottma.gov/1420/Past-Election-Results,2026-08-25,Current holder not safely resolved from post-election official evidence; not presumed vacant.
Swampscott,swampscott-ma/representative-town-meeting,89,,unresolved,https://www.swampscottma.gov/1420/Past-Election-Results,2026-08-25,Current holder not safely resolved from post-election official evidence; not presumed vacant.
Swampscott,swampscott-ma/representative-town-meeting,90,,unresolved,https://www.swampscottma.gov/1420/Past-Election-Results,2026-08-25,Current holder not safely resolved from post-election official evidence; not presumed vacant.
Swampscott,swampscott-ma/representative-town-meeting,91,,unresolved,https://www.swampscottma.gov/1420/Past-Election-Results,2026-08-25,Current holder not safely resolved from post-election official evidence; not presumed vacant.
Swampscott,swampscott-ma/representative-town-meeting,92,,unresolved,https://www.swampscottma.gov/1420/Past-Election-Results,2026-08-25,Current holder not safely resolved from post-election official evidence; not presumed vacant.
Swampscott,swampscott-ma/representative-town-meeting,93,,unresolved,https://www.swampscottma.gov/1420/Past-Election-Results,2026-08-25,Current holder not safely resolved from post-election official evidence; not presumed vacant.
Swampscott,swampscott-ma/representative-town-meeting,94,,unresolved,https://www.swampscottma.gov/1420/Past-Election-Results,2026-08-25,Current holder not safely resolved from post-election official evidence; not presumed vacant.
Swampscott,swampscott-ma/representative-town-meeting,95,,unresolved,https://www.swampscottma.gov/1420/Past-Election-Results,2026-08-25,Current holder not safely resolved from post-election official evidence; not presumed vacant.
Swampscott,swampscott-ma/representative-town-meeting,96,,unresolved,https://www.swampscottma.gov/1420/Past-Election-Results,2026-08-25,Current holder not safely resolved from post-election official evidence; not presumed vacant.
Swampscott,swampscott-ma/representative-town-meeting,97,,unresolved,https://www.swampscottma.gov/1420/Past-Election-Results,2026-08-25,Current holder not safely resolved from post-election official evidence; not presumed vacant.
Swampscott,swampscott-ma/representative-town-meeting,98,,unresolved,https://www.swampscottma.gov/1420/Past-Election-Results,2026-08-25,Current holder not safely resolved from post-election official evidence; not presumed vacant.
Swampscott,swampscott-ma/representative-town-meeting,99,,unresolved,https://www.swampscottma.gov/1420/Past-Election-Results,2026-08-25,Current holder not safely resolved from post-election official evidence; not presumed vacant.
Swampscott,swampscott-ma/representative-town-meeting,100,,unresolved,https://www.swampscottma.gov/1420/Past-Election-Results,2026-08-25,Current holder not safely resolved from post-election official evidence; not presumed vacant.
Swampscott,swampscott-ma/representative-town-meeting,101,,unresolved,https://www.swampscottma.gov/1420/Past-Election-Results,2026-08-25,Current holder not safely resolved from post-election official evidence; not presumed vacant.
Swampscott,swampscott-ma/representative-town-meeting,102,,unresolved,https://www.swampscottma.gov/1420/Past-Election-Results,2026-08-25,Current holder not safely resolved from post-election official evidence; not presumed vacant.
Swampscott,swampscott-ma/representative-town-meeting,103,,unresolved,https://www.swampscottma.gov/1420/Past-Election-Results,2026-08-25,Current holder not safely resolved from post-election official evidence; not presumed vacant.
Swampscott,swampscott-ma/representative-town-meeting,104,,unresolved,https://www.swampscottma.gov/1420/Past-Election-Results,2026-08-25,Current holder not safely resolved from post-election official evidence; not presumed vacant.
Swampscott,swampscott-ma/representative-town-meeting,105,,unresolved,https://www.swampscottma.gov/1420/Past-Election-Results,2026-08-25,Current holder not safely resolved from post-election official evidence; not presumed vacant.
Swampscott,swampscott-ma/representative-town-meeting,106,,unresolved,https://www.swampscottma.gov/1420/Past-Election-Results,2026-08-25,Current holder not safely resolved from post-election official evidence; not presumed vacant.
Swampscott,swampscott-ma/representative-town-meeting,107,,unresolved,https://www.swampscottma.gov/1420/Past-Election-Results,2026-08-25,Current holder not safely resolved from post-election official evidence; not presumed vacant.
Swampscott,swampscott-ma/representative-town-meeting,108,,unresolved,https://www.swampscottma.gov/1420/Past-Election-Results,2026-08-25,Current holder not safely resolved from post-election official evidence; not presumed vacant.
Swampscott,swampscott-ma/representative-town-meeting,109,,unresolved,https://www.swampscottma.gov/1420/Past-Election-Results,2026-08-25,Current holder not safely resolved from post-election official evidence; not presumed vacant.
Swampscott,swampscott-ma/representative-town-meeting,110,,unresolved,https://www.swampscottma.gov/1420/Past-Election-Results,2026-08-25,Current holder not safely resolved from post-election official evidence; not presumed vacant.
Swampscott,swampscott-ma/representative-town-meeting,111,,unresolved,https://www.swampscottma.gov/1420/Past-Election-Results,2026-08-25,Current holder not safely resolved from post-election official evidence; not presumed vacant.
Swampscott,swampscott-ma/representative-town-meeting,112,,unresolved,https://www.swampscottma.gov/1420/Past-Election-Results,2026-08-25,Current holder not safely resolved from post-election official evidence; not presumed vacant.
Swampscott,swampscott-ma/representative-town-meeting,113,,unresolved,https://www.swampscottma.gov/1420/Past-Election-Results,2026-08-25,Current holder not safely resolved from post-election official evidence; not presumed vacant.
Swampscott,swampscott-ma/representative-town-meeting,114,,unresolved,https://www.swampscottma.gov/1420/Past-Election-Results,2026-08-25,Current holder not safely resolved from post-election official evidence; not presumed vacant.
Swampscott,swampscott-ma/representative-town-meeting,115,,unresolved,https://www.swampscottma.gov/1420/Past-Election-Results,2026-08-25,Current holder not safely resolved from post-election official evidence; not presumed vacant.
Swampscott,swampscott-ma/representative-town-meeting,116,,unresolved,https://www.swampscottma.gov/1420/Past-Election-Results,2026-08-25,Current holder not safely resolved from post-election official evidence; not presumed vacant.
Swampscott,swampscott-ma/representative-town-meeting,117,,unresolved,https://www.swampscottma.gov/1420/Past-Election-Results,2026-08-25,Current holder not safely resolved from post-election official evidence; not presumed vacant.
Swampscott,swampscott-ma/representative-town-meeting,118,,unresolved,https://www.swampscottma.gov/1420/Past-Election-Results,2026-08-25,Current holder not safely resolved from post-election official evidence; not presumed vacant.
Swampscott,swampscott-ma/representative-town-meeting,119,,unresolved,https://www.swampscottma.gov/1420/Past-Election-Results,2026-08-25,Current holder not safely resolved from post-election official evidence; not presumed vacant.
Swampscott,swampscott-ma/representative-town-meeting,120,,unresolved,https://www.swampscottma.gov/1420/Past-Election-Results,2026-08-25,Current holder not safely resolved from post-election official evidence; not presumed vacant.
Swampscott,swampscott-ma/representative-town-meeting,121,,unresolved,https://www.swampscottma.gov/1420/Past-Election-Results,2026-08-25,Current holder not safely resolved from post-election official evidence; not presumed vacant.
Swampscott,swampscott-ma/representative-town-meeting,122,,unresolved,https://www.swampscottma.gov/1420/Past-Election-Results,2026-08-25,Current holder not safely resolved from post-election official evidence; not presumed vacant.
Swampscott,swampscott-ma/representative-town-meeting,123,,unresolved,https://www.swampscottma.gov/1420/Past-Election-Results,2026-08-25,Current holder not safely resolved from post-election official evidence; not presumed vacant.
Swampscott,swampscott-ma/representative-town-meeting,124,,unresolved,https://www.swampscottma.gov/1420/Past-Election-Results,2026-08-25,Current holder not safely resolved from post-election official evidence; not presumed vacant.
Swampscott,swampscott-ma/representative-town-meeting,125,,unresolved,https://www.swampscottma.gov/1420/Past-Election-Results,2026-08-25,Current holder not safely resolved from post-election official evidence; not presumed vacant.
Swampscott,swampscott-ma/representative-town-meeting,126,,unresolved,https://www.swampscottma.gov/1420/Past-Election-Results,2026-08-25,Current holder not safely resolved from post-election official evidence; not presumed vacant.
Swampscott,swampscott-ma/representative-town-meeting,127,,unresolved,https://www.swampscottma.gov/1420/Past-Election-Results,2026-08-25,Current holder not safely resolved from post-election official evidence; not presumed vacant.
Swampscott,swampscott-ma/representative-town-meeting,128,,unresolved,https://www.swampscottma.gov/1420/Past-Election-Results,2026-08-25,Current holder not safely resolved from post-election official evidence; not presumed vacant.
Swampscott,swampscott-ma/representative-town-meeting,129,,unresolved,https://www.swampscottma.gov/1420/Past-Election-Results,2026-08-25,Current holder not safely resolved from post-election official evidence; not presumed vacant.
Swampscott,swampscott-ma/representative-town-meeting,130,,unresolved,https://www.swampscottma.gov/1420/Past-Election-Results,2026-08-25,Current holder not safely resolved from post-election official evidence; not presumed vacant.
Swampscott,swampscott-ma/representative-town-meeting,131,,unresolved,https://www.swampscottma.gov/1420/Past-Election-Results,2026-08-25,Current holder not safely resolved from post-election official evidence; not presumed vacant.
Swampscott,swampscott-ma/representative-town-meeting,132,,unresolved,https://www.swampscottma.gov/1420/Past-Election-Results,2026-08-25,Current holder not safely resolved from post-election official evidence; not presumed vacant.
Swampscott,swampscott-ma/representative-town-meeting,133,,unresolved,https://www.swampscottma.gov/1420/Past-Election-Results,2026-08-25,Current holder not safely resolved from post-election official evidence; not presumed vacant.
Swampscott,swampscott-ma/representative-town-meeting,134,,unresolved,https://www.swampscottma.gov/1420/Past-Election-Results,2026-08-25,Current holder not safely resolved from post-election official evidence; not presumed vacant.
Swampscott,swampscott-ma/representative-town-meeting,135,,unresolved,https://www.swampscottma.gov/1420/Past-Election-Results,2026-08-25,Current holder not safely resolved from post-election official evidence; not presumed vacant.
Swampscott,swampscott-ma/representative-town-meeting,136,,unresolved,https://www.swampscottma.gov/1420/Past-Election-Results,2026-08-25,Current holder not safely resolved from post-election official evidence; not presumed vacant.
Swampscott,swampscott-ma/representative-town-meeting,137,,unresolved,https://www.swampscottma.gov/1420/Past-Election-Results,2026-08-25,Current holder not safely resolved from post-election official evidence; not presumed vacant.
Swampscott,swampscott-ma/representative-town-meeting,138,,unresolved,https://www.swampscottma.gov/1420/Past-Election-Results,2026-08-25,Current holder not safely resolved from post-election official evidence; not presumed vacant.
Swampscott,swampscott-ma/representative-town-meeting,139,,unresolved,https://www.swampscottma.gov/1420/Past-Election-Results,2026-08-25,Current holder not safely resolved from post-election official evidence; not presumed vacant.
Swampscott,swampscott-ma/representative-town-meeting,140,,unresolved,https://www.swampscottma.gov/1420/Past-Election-Results,2026-08-25,Current holder not safely resolved from post-election official evidence; not presumed vacant.
Swampscott,swampscott-ma/representative-town-meeting,141,,unresolved,https://www.swampscottma.gov/1420/Past-Election-Results,2026-08-25,Current holder not safely resolved from post-election official evidence; not presumed vacant.
Swampscott,swampscott-ma/representative-town-meeting,142,,unresolved,https://www.swampscottma.gov/1420/Past-Election-Results,2026-08-25,Current holder not safely resolved from post-election official evidence; not presumed vacant.
Swampscott,swampscott-ma/representative-town-meeting,143,,unresolved,https://www.swampscottma.gov/1420/Past-Election-Results,2026-08-25,Current holder not safely resolved from post-election official evidence; not presumed vacant.
Swampscott,swampscott-ma/representative-town-meeting,144,,unresolved,https://www.swampscottma.gov/1420/Past-Election-Results,2026-08-25,Current holder not safely resolved from post-election official evidence; not presumed vacant.
Swampscott,swampscott-ma/representative-town-meeting,145,,unresolved,https://www.swampscottma.gov/1420/Past-Election-Results,2026-08-25,Current holder not safely resolved from post-election official evidence; not presumed vacant.
Swampscott,swampscott-ma/representative-town-meeting,146,,unresolved,https://www.swampscottma.gov/1420/Past-Election-Results,2026-08-25,Current holder not safely resolved from post-election official evidence; not presumed vacant.
Swampscott,swampscott-ma/representative-town-meeting,147,,unresolved,https://www.swampscottma.gov/1420/Past-Election-Results,2026-08-25,Current holder not safely resolved from post-election official evidence; not presumed vacant.
Swampscott,swampscott-ma/representative-town-meeting,148,,unresolved,https://www.swampscottma.gov/1420/Past-Election-Results,2026-08-25,Current holder not safely resolved from post-election official evidence; not presumed vacant.
Swampscott,swampscott-ma/representative-town-meeting,149,,unresolved,https://www.swampscottma.gov/1420/Past-Election-Results,2026-08-25,Current holder not safely resolved from post-election official evidence; not presumed vacant.
Swampscott,swampscott-ma/representative-town-meeting,150,,unresolved,https://www.swampscottma.gov/1420/Past-Election-Results,2026-08-25,Current holder not safely resolved from post-election official evidence; not presumed vacant.
Swampscott,swampscott-ma/representative-town-meeting,151,,unresolved,https://www.swampscottma.gov/1420/Past-Election-Results,2026-08-25,Current holder not safely resolved from post-election official evidence; not presumed vacant.
Swampscott,swampscott-ma/representative-town-meeting,152,,unresolved,https://www.swampscottma.gov/1420/Past-Election-Results,2026-08-25,Current holder not safely resolved from post-election official evidence; not presumed vacant.
Swampscott,swampscott-ma/representative-town-meeting,153,,unresolved,https://www.swampscottma.gov/1420/Past-Election-Results,2026-08-25,Current holder not safely resolved from post-election official evidence; not presumed vacant.
Swampscott,swampscott-ma/representative-town-meeting,154,,unresolved,https://www.swampscottma.gov/1420/Past-Election-Results,2026-08-25,Current holder not safely resolved from post-election official evidence; not presumed vacant.
Swampscott,swampscott-ma/representative-town-meeting,155,,unresolved,https://www.swampscottma.gov/1420/Past-Election-Results,2026-08-25,Current holder not safely resolved from post-election official evidence; not presumed vacant.
Swampscott,swampscott-ma/representative-town-meeting,156,,unresolved,https://www.swampscottma.gov/1420/Past-Election-Results,2026-08-25,Current holder not safely resolved from post-election official evidence; not presumed vacant.
Swampscott,swampscott-ma/representative-town-meeting,157,,unresolved,https://www.swampscottma.gov/1420/Past-Election-Results,2026-08-25,Current holder not safely resolved from post-election official evidence; not presumed vacant.
Swampscott,swampscott-ma/representative-town-meeting,158,,unresolved,https://www.swampscottma.gov/1420/Past-Election-Results,2026-08-25,Current holder not safely resolved from post-election official evidence; not presumed vacant.
Swampscott,swampscott-ma/representative-town-meeting,159,,unresolved,https://www.swampscottma.gov/1420/Past-Election-Results,2026-08-25,Current holder not safely resolved from post-election official evidence; not presumed vacant.
Swampscott,swampscott-ma/representative-town-meeting,160,,unresolved,https://www.swampscottma.gov/1420/Past-Election-Results,2026-08-25,Current holder not safely resolved from post-election official evidence; not presumed vacant.
Swampscott,swampscott-ma/representative-town-meeting,161,,unresolved,https://www.swampscottma.gov/1420/Past-Election-Results,2026-08-25,Current holder not safely resolved from post-election official evidence; not presumed vacant.
Swampscott,swampscott-ma/representative-town-meeting,162,,unresolved,https://www.swampscottma.gov/1420/Past-Election-Results,2026-08-25,Current holder not safely resolved from post-election official evidence; not presumed vacant.
Swampscott,swampscott-ma/representative-town-meeting,163,,unresolved,https://www.swampscottma.gov/1420/Past-Election-Results,2026-08-25,Current holder not safely resolved from post-election official evidence; not presumed vacant.
Swampscott,swampscott-ma/representative-town-meeting,164,,unresolved,https://www.swampscottma.gov/1420/Past-Election-Results,2026-08-25,Current holder not safely resolved from post-election official evidence; not presumed vacant.
Swampscott,swampscott-ma/representative-town-meeting,165,,unresolved,https://www.swampscottma.gov/1420/Past-Election-Results,2026-08-25,Current holder not safely resolved from post-election official evidence; not presumed vacant.
Swampscott,swampscott-ma/representative-town-meeting,166,,unresolved,https://www.swampscottma.gov/1420/Past-Election-Results,2026-08-25,Current holder not safely resolved from post-election official evidence; not presumed vacant.
Swampscott,swampscott-ma/representative-town-meeting,167,,unresolved,https://www.swampscottma.gov/1420/Past-Election-Results,2026-08-25,Current holder not safely resolved from post-election official evidence; not presumed vacant.
Swampscott,swampscott-ma/representative-town-meeting,168,,unresolved,https://www.swampscottma.gov/1420/Past-Election-Results,2026-08-25,Current holder not safely resolved from post-election official evidence; not presumed vacant.
Swampscott,swampscott-ma/representative-town-meeting,169,,unresolved,https://www.swampscottma.gov/1420/Past-Election-Results,2026-08-25,Current holder not safely resolved from post-election official evidence; not presumed vacant.
Swampscott,swampscott-ma/representative-town-meeting,170,,unresolved,https://www.swampscottma.gov/1420/Past-Election-Results,2026-08-25,Current holder not safely resolved from post-election official evidence; not presumed vacant.
Swampscott,swampscott-ma/representative-town-meeting,171,,unresolved,https://www.swampscottma.gov/1420/Past-Election-Results,2026-08-25,Current holder not safely resolved from post-election official evidence; not presumed vacant.
Swampscott,swampscott-ma/representative-town-meeting,172,,unresolved,https://www.swampscottma.gov/1420/Past-Election-Results,2026-08-25,Current holder not safely resolved from post-election official evidence; not presumed vacant.
Swampscott,swampscott-ma/representative-town-meeting,173,,unresolved,https://www.swampscottma.gov/1420/Past-Election-Results,2026-08-25,Current holder not safely resolved from post-election official evidence; not presumed vacant.
Swampscott,swampscott-ma/representative-town-meeting,174,,unresolved,https://www.swampscottma.gov/1420/Past-Election-Results,2026-08-25,Current holder not safely resolved from post-election official evidence; not presumed vacant.
Swampscott,swampscott-ma/representative-town-meeting,175,,unresolved,https://www.swampscottma.gov/1420/Past-Election-Results,2026-08-25,Current holder not safely resolved from post-election official evidence; not presumed vacant.
Swampscott,swampscott-ma/representative-town-meeting,176,,unresolved,https://www.swampscottma.gov/1420/Past-Election-Results,2026-08-25,Current holder not safely resolved from post-election official evidence; not presumed vacant.
Swampscott,swampscott-ma/representative-town-meeting,177,,unresolved,https://www.swampscottma.gov/1420/Past-Election-Results,2026-08-25,Current holder not safely resolved from post-election official evidence; not presumed vacant.
Swampscott,swampscott-ma/representative-town-meeting,178,,unresolved,https://www.swampscottma.gov/1420/Past-Election-Results,2026-08-25,Current holder not safely resolved from post-election official evidence; not presumed vacant.
Swampscott,swampscott-ma/representative-town-meeting,179,,unresolved,https://www.swampscottma.gov/1420/Past-Election-Results,2026-08-25,Current holder not safely resolved from post-election official evidence; not presumed vacant.
Swampscott,swampscott-ma/representative-town-meeting,180,,unresolved,https://www.swampscottma.gov/1420/Past-Election-Results,2026-08-25,Current holder not safely resolved from post-election official evidence; not presumed vacant.
Swampscott,swampscott-ma/representative-town-meeting,181,,unresolved,https://www.swampscottma.gov/1420/Past-Election-Results,2026-08-25,Current holder not safely resolved from post-election official evidence; not presumed vacant.
Swampscott,swampscott-ma/representative-town-meeting,182,,unresolved,https://www.swampscottma.gov/1420/Past-Election-Results,2026-08-25,Current holder not safely resolved from post-election official evidence; not presumed vacant.
Swampscott,swampscott-ma/representative-town-meeting,183,,unresolved,https://www.swampscottma.gov/1420/Past-Election-Results,2026-08-25,Current holder not safely resolved from post-election official evidence; not presumed vacant.
Swampscott,swampscott-ma/representative-town-meeting,184,,unresolved,https://www.swampscottma.gov/1420/Past-Election-Results,2026-08-25,Current holder not safely resolved from post-election official evidence; not presumed vacant.
Swampscott,swampscott-ma/representative-town-meeting,185,,unresolved,https://www.swampscottma.gov/1420/Past-Election-Results,2026-08-25,Current holder not safely resolved from post-election official evidence; not presumed vacant.
Swampscott,swampscott-ma/representative-town-meeting,186,,unresolved,https://www.swampscottma.gov/1420/Past-Election-Results,2026-08-25,Current holder not safely resolved from post-election official evidence; not presumed vacant.
Swampscott,swampscott-ma/representative-town-meeting,187,,unresolved,https://www.swampscottma.gov/1420/Past-Election-Results,2026-08-25,Current holder not safely resolved from post-election official evidence; not presumed vacant.
Swampscott,swampscott-ma/representative-town-meeting,188,,unresolved,https://www.swampscottma.gov/1420/Past-Election-Results,2026-08-25,Current holder not safely resolved from post-election official evidence; not presumed vacant.
Swampscott,swampscott-ma/representative-town-meeting,189,,unresolved,https://www.swampscottma.gov/1420/Past-Election-Results,2026-08-25,Current holder not safely resolved from post-election official evidence; not presumed vacant.
Swampscott,swampscott-ma/representative-town-meeting,190,,unresolved,https://www.swampscottma.gov/1420/Past-Election-Results,2026-08-25,Current holder not safely resolved from post-election official evidence; not presumed vacant.
Swampscott,swampscott-ma/representative-town-meeting,191,,unresolved,https://www.swampscottma.gov/1420/Past-Election-Results,2026-08-25,Current holder not safely resolved from post-election official evidence; not presumed vacant.
Swampscott,swampscott-ma/representative-town-meeting,192,,unresolved,https://www.swampscottma.gov/1420/Past-Election-Results,2026-08-25,Current holder not safely resolved from post-election official evidence; not presumed vacant.
Swampscott,swampscott-ma/representative-town-meeting,193,,unresolved,https://www.swampscottma.gov/1420/Past-Election-Results,2026-08-25,Current holder not safely resolved from post-election official evidence; not presumed vacant.
Swampscott,swampscott-ma/representative-town-meeting,194,,unresolved,https://www.swampscottma.gov/1420/Past-Election-Results,2026-08-25,Current holder not safely resolved from post-election official evidence; not presumed vacant.
Swampscott,swampscott-ma/representative-town-meeting,195,,unresolved,https://www.swampscottma.gov/1420/Past-Election-Results,2026-08-25,Current holder not safely resolved from post-election official evidence; not presumed vacant.
Swampscott,swampscott-ma/representative-town-meeting,196,,unresolved,https://www.swampscottma.gov/1420/Past-Election-Results,2026-08-25,Current holder not safely resolved from post-election official evidence; not presumed vacant.
Swampscott,swampscott-ma/representative-town-meeting,197,,unresolved,https://www.swampscottma.gov/1420/Past-Election-Results,2026-08-25,Current holder not safely resolved from post-election official evidence; not presumed vacant.
Swampscott,swampscott-ma/representative-town-meeting,198,,unresolved,https://www.swampscottma.gov/1420/Past-Election-Results,2026-08-25,Current holder not safely resolved from post-election official evidence; not presumed vacant.
Swampscott,swampscott-ma/representative-town-meeting,199,,unresolved,https://www.swampscottma.gov/1420/Past-Election-Results,2026-08-25,Current holder not safely resolved from post-election official evidence; not presumed vacant.
Swampscott,swampscott-ma/representative-town-meeting,200,,unresolved,https://www.swampscottma.gov/1420/Past-Election-Results,2026-08-25,Current holder not safely resolved from post-election official evidence; not presumed vacant.
Swampscott,swampscott-ma/representative-town-meeting,201,,unresolved,https://www.swampscottma.gov/1420/Past-Election-Results,2026-08-25,Current holder not safely resolved from post-election official evidence; not presumed vacant.
Swampscott,swampscott-ma/representative-town-meeting,202,,unresolved,https://www.swampscottma.gov/1420/Past-Election-Results,2026-08-25,Current holder not safely resolved from post-election official evidence; not presumed vacant.
Swampscott,swampscott-ma/representative-town-meeting,203,,unresolved,https://www.swampscottma.gov/1420/Past-Election-Results,2026-08-25,Current holder not safely resolved from post-election official evidence; not presumed vacant.
Swampscott,swampscott-ma/representative-town-meeting,204,,unresolved,https://www.swampscottma.gov/1420/Past-Election-Results,2026-08-25,Current holder not safely resolved from post-election official evidence; not presumed vacant.
Swampscott,swampscott-ma/representative-town-meeting,205,,unresolved,https://www.swampscottma.gov/1420/Past-Election-Results,2026-08-25,Current holder not safely resolved from post-election official evidence; not presumed vacant.
Swampscott,swampscott-ma/representative-town-meeting,206,,unresolved,https://www.swampscottma.gov/1420/Past-Election-Results,2026-08-25,Current holder not safely resolved from post-election official evidence; not presumed vacant.
Swampscott,swampscott-ma/representative-town-meeting,207,,unresolved,https://www.swampscottma.gov/1420/Past-Election-Results,2026-08-25,Current holder not safely resolved from post-election official evidence; not presumed vacant.
Swampscott,swampscott-ma/representative-town-meeting,208,,unresolved,https://www.swampscottma.gov/1420/Past-Election-Results,2026-08-25,Current holder not safely resolved from post-election official evidence; not presumed vacant.
Swampscott,swampscott-ma/representative-town-meeting,209,,unresolved,https://www.swampscottma.gov/1420/Past-Election-Results,2026-08-25,Current holder not safely resolved from post-election official evidence; not presumed vacant.
Swampscott,swampscott-ma/representative-town-meeting,210,,unresolved,https://www.swampscottma.gov/1420/Past-Election-Results,2026-08-25,Current holder not safely resolved from post-election official evidence; not presumed vacant.
Swampscott,swampscott-ma/representative-town-meeting,211,,unresolved,https://www.swampscottma.gov/1420/Past-Election-Results,2026-08-25,Current holder not safely resolved from post-election official evidence; not presumed vacant.
Swampscott,swampscott-ma/representative-town-meeting,212,,unresolved,https://www.swampscottma.gov/1420/Past-Election-Results,2026-08-25,Current holder not safely resolved from post-election official evidence; not presumed vacant.
Swampscott,swampscott-ma/representative-town-meeting,213,,unresolved,https://www.swampscottma.gov/1420/Past-Election-Results,2026-08-25,Current holder not safely resolved from post-election official evidence; not presumed vacant.
Swampscott,swampscott-ma/representative-town-meeting,214,,unresolved,https://www.swampscottma.gov/1420/Past-Election-Results,2026-08-25,Current holder not safely resolved from post-election official evidence; not presumed vacant.
Swampscott,swampscott-ma/representative-town-meeting,215,,unresolved,https://www.swampscottma.gov/1420/Past-Election-Results,2026-08-25,Current holder not safely resolved from post-election official evidence; not presumed vacant.
Swampscott,swampscott-ma/representative-town-meeting,216,,unresolved,https://www.swampscottma.gov/1420/Past-Election-Results,2026-08-25,Current holder not safely resolved from post-election official evidence; not presumed vacant.
Swampscott,swampscott-ma/representative-town-meeting,217,,unresolved,https://www.swampscottma.gov/1420/Past-Election-Results,2026-08-25,Current holder not safely resolved from post-election official evidence; not presumed vacant.
Swampscott,swampscott-ma/representative-town-meeting,218,,unresolved,https://www.swampscottma.gov/1420/Past-Election-Results,2026-08-25,Current holder not safely resolved from post-election official evidence; not presumed vacant.
Swampscott,swampscott-ma/representative-town-meeting,219,,unresolved,https://www.swampscottma.gov/1420/Past-Election-Results,2026-08-25,Current holder not safely resolved from post-election official evidence; not presumed vacant.
Swampscott,swampscott-ma/representative-town-meeting,220,,unresolved,https://www.swampscottma.gov/1420/Past-Election-Results,2026-08-25,Current holder not safely resolved from post-election official evidence; not presumed vacant.
Swampscott,swampscott-ma/representative-town-meeting,221,,unresolved,https://www.swampscottma.gov/1420/Past-Election-Results,2026-08-25,Current holder not safely resolved from post-election official evidence; not presumed vacant.
Swampscott,swampscott-ma/representative-town-meeting,222,,unresolved,https://www.swampscottma.gov/1420/Past-Election-Results,2026-08-25,Current holder not safely resolved from post-election official evidence; not presumed vacant.
Swampscott,swampscott-ma/representative-town-meeting,223,,unresolved,https://www.swampscottma.gov/1420/Past-Election-Results,2026-08-25,Current holder not safely resolved from post-election official evidence; not presumed vacant.
Swampscott,swampscott-ma/representative-town-meeting,224,,unresolved,https://www.swampscottma.gov/1420/Past-Election-Results,2026-08-25,Current holder not safely resolved from post-election official evidence; not presumed vacant.
Swampscott,swampscott-ma/representative-town-meeting,225,,unresolved,https://www.swampscottma.gov/1420/Past-Election-Results,2026-08-25,Current holder not safely resolved from post-election official evidence; not presumed vacant.
Swampscott,swampscott-ma/representative-town-meeting,226,,unresolved,https://www.swampscottma.gov/1420/Past-Election-Results,2026-08-25,Current holder not safely resolved from post-election official evidence; not presumed vacant.
Swampscott,swampscott-ma/representative-town-meeting,227,,unresolved,https://www.swampscottma.gov/1420/Past-Election-Results,2026-08-25,Current holder not safely resolved from post-election official evidence; not presumed vacant.
Swampscott,swampscott-ma/representative-town-meeting,228,,unresolved,https://www.swampscottma.gov/1420/Past-Election-Results,2026-08-25,Current holder not safely resolved from post-election official evidence; not presumed vacant.
Swampscott,swampscott-ma/representative-town-meeting,229,,unresolved,https://www.swampscottma.gov/1420/Past-Election-Results,2026-08-25,Current holder not safely resolved from post-election official evidence; not presumed vacant.
Swampscott,swampscott-ma/representative-town-meeting,230,,unresolved,https://www.swampscottma.gov/1420/Past-Election-Results,2026-08-25,Current holder not safely resolved from post-election official evidence; not presumed vacant.
Swampscott,swampscott-ma/representative-town-meeting,231,,unresolved,https://www.swampscottma.gov/1420/Past-Election-Results,2026-08-25,Current holder not safely resolved from post-election official evidence; not presumed vacant.
Swampscott,swampscott-ma/representative-town-meeting,232,,unresolved,https://www.swampscottma.gov/1420/Past-Election-Results,2026-08-25,Current holder not safely resolved from post-election official evidence; not presumed vacant.
Swampscott,swampscott-ma/representative-town-meeting,233,,unresolved,https://www.swampscottma.gov/1420/Past-Election-Results,2026-08-25,Current holder not safely resolved from post-election official evidence; not presumed vacant.
Swampscott,swampscott-ma/representative-town-meeting,234,,unresolved,https://www.swampscottma.gov/1420/Past-Election-Results,2026-08-25,Current holder not safely resolved from post-election official evidence; not presumed vacant.
Swampscott,swampscott-ma/representative-town-meeting,235,,unresolved,https://www.swampscottma.gov/1420/Past-Election-Results,2026-08-25,Current holder not safely resolved from post-election official evidence; not presumed vacant.
Swampscott,swampscott-ma/representative-town-meeting,236,,unresolved,https://www.swampscottma.gov/1420/Past-Election-Results,2026-08-25,Current holder not safely resolved from post-election official evidence; not presumed vacant.
Swampscott,swampscott-ma/representative-town-meeting,237,,unresolved,https://www.swampscottma.gov/1420/Past-Election-Results,2026-08-25,Current holder not safely resolved from post-election official evidence; not presumed vacant.
Swampscott,swampscott-ma/representative-town-meeting,238,,unresolved,https://www.swampscottma.gov/1420/Past-Election-Results,2026-08-25,Current holder not safely resolved from post-election official evidence; not presumed vacant.
Swampscott,swampscott-ma/representative-town-meeting,239,,unresolved,https://www.swampscottma.gov/1420/Past-Election-Results,2026-08-25,Current holder not safely resolved from post-election official evidence; not presumed vacant.
Swampscott,swampscott-ma/representative-town-meeting,240,,unresolved,https://www.swampscottma.gov/1420/Past-Election-Results,2026-08-25,Current holder not safely resolved from post-election official evidence; not presumed vacant.
Swampscott,swampscott-ma/representative-town-meeting,241,,unresolved,https://www.swampscottma.gov/1420/Past-Election-Results,2026-08-25,Current holder not safely resolved from post-election official evidence; not presumed vacant.
Swampscott,swampscott-ma/representative-town-meeting,242,,unresolved,https://www.swampscottma.gov/1420/Past-Election-Results,2026-08-25,Current holder not safely resolved from post-election official evidence; not presumed vacant.
Swampscott,swampscott-ma/representative-town-meeting,243,,unresolved,https://www.swampscottma.gov/1420/Past-Election-Results,2026-08-25,Current holder not safely resolved from post-election official evidence; not presumed vacant.
Swampscott,swampscott-ma/representative-town-meeting,244,,unresolved,https://www.swampscottma.gov/1420/Past-Election-Results,2026-08-25,Current holder not safely resolved from post-election official evidence; not presumed vacant.
Swampscott,swampscott-ma/representative-town-meeting,245,,unresolved,https://www.swampscottma.gov/1420/Past-Election-Results,2026-08-25,Current holder not safely resolved from post-election official evidence; not presumed vacant.
Swampscott,swampscott-ma/representative-town-meeting,246,,unresolved,https://www.swampscottma.gov/1420/Past-Election-Results,2026-08-25,Current holder not safely resolved from post-election official evidence; not presumed vacant.
Swampscott,swampscott-ma/representative-town-meeting,247,,unresolved,https://www.swampscottma.gov/1420/Past-Election-Results,2026-08-25,Current holder not safely resolved from post-election official evidence; not presumed vacant.
Swampscott,swampscott-ma/representative-town-meeting,248,,unresolved,https://www.swampscottma.gov/1420/Past-Election-Results,2026-08-25,Current holder not safely resolved from post-election official evidence; not presumed vacant.
Swampscott,swampscott-ma/representative-town-meeting,249,,unresolved,https://www.swampscottma.gov/1420/Past-Election-Results,2026-08-25,Current holder not safely resolved from post-election official evidence; not presumed vacant.
Swampscott,swampscott-ma/representative-town-meeting,250,,unresolved,https://www.swampscottma.gov/1420/Past-Election-Results,2026-08-25,Current holder not safely resolved from post-election official evidence; not presumed vacant.
Swampscott,swampscott-ma/representative-town-meeting,251,,unresolved,https://www.swampscottma.gov/1420/Past-Election-Results,2026-08-25,Current holder not safely resolved from post-election official evidence; not presumed vacant.
Swampscott,swampscott-ma/representative-town-meeting,252,,unresolved,https://www.swampscottma.gov/1420/Past-Election-Results,2026-08-25,Current holder not safely resolved from post-election official evidence; not presumed vacant.
Swampscott,swampscott-ma/representative-town-meeting,253,,unresolved,https://www.swampscottma.gov/1420/Past-Election-Results,2026-08-25,Current holder not safely resolved from post-election official evidence; not presumed vacant.
Swampscott,swampscott-ma/representative-town-meeting,254,,unresolved,https://www.swampscottma.gov/1420/Past-Election-Results,2026-08-25,Current holder not safely resolved from post-election official evidence; not presumed vacant.
Swampscott,swampscott-ma/representative-town-meeting,255,,unresolved,https://www.swampscottma.gov/1420/Past-Election-Results,2026-08-25,Current holder not safely resolved from post-election official evidence; not presumed vacant.
Swampscott,swampscott-ma/representative-town-meeting,256,,unresolved,https://www.swampscottma.gov/1420/Past-Election-Results,2026-08-25,Current holder not safely resolved from post-election official evidence; not presumed vacant.
Swampscott,swampscott-ma/representative-town-meeting,257,,unresolved,https://www.swampscottma.gov/1420/Past-Election-Results,2026-08-25,Current holder not safely resolved from post-election official evidence; not presumed vacant.
Swampscott,swampscott-ma/representative-town-meeting,258,,unresolved,https://www.swampscottma.gov/1420/Past-Election-Results,2026-08-25,Current holder not safely resolved from post-election official evidence; not presumed vacant.
Swampscott,swampscott-ma/representative-town-meeting,259,,unresolved,https://www.swampscottma.gov/1420/Past-Election-Results,2026-08-25,Current holder not safely resolved from post-election official evidence; not presumed vacant.
Swampscott,swampscott-ma/representative-town-meeting,260,,unresolved,https://www.swampscottma.gov/1420/Past-Election-Results,2026-08-25,Current holder not safely resolved from post-election official evidence; not presumed vacant.
Swampscott,swampscott-ma/representative-town-meeting,261,,unresolved,https://www.swampscottma.gov/1420/Past-Election-Results,2026-08-25,Current holder not safely resolved from post-election official evidence; not presumed vacant.
Swampscott,swampscott-ma/representative-town-meeting,262,,unresolved,https://www.swampscottma.gov/1420/Past-Election-Results,2026-08-25,Current holder not safely resolved from post-election official evidence; not presumed vacant.
Swampscott,swampscott-ma/representative-town-meeting,263,,unresolved,https://www.swampscottma.gov/1420/Past-Election-Results,2026-08-25,Current holder not safely resolved from post-election official evidence; not presumed vacant.
Swampscott,swampscott-ma/representative-town-meeting,264,,unresolved,https://www.swampscottma.gov/1420/Past-Election-Results,2026-08-25,Current holder not safely resolved from post-election official evidence; not presumed vacant.
Swampscott,swampscott-ma/representative-town-meeting,265,,unresolved,https://www.swampscottma.gov/1420/Past-Election-Results,2026-08-25,Current holder not safely resolved from post-election official evidence; not presumed vacant.
Swampscott,swampscott-ma/representative-town-meeting,266,,unresolved,https://www.swampscottma.gov/1420/Past-Election-Results,2026-08-25,Current holder not safely resolved from post-election official evidence; not presumed vacant.
Swampscott,swampscott-ma/representative-town-meeting,267,,unresolved,https://www.swampscottma.gov/1420/Past-Election-Results,2026-08-25,Current holder not safely resolved from post-election official evidence; not presumed vacant.
Swampscott,swampscott-ma/representative-town-meeting,268,,unresolved,https://www.swampscottma.gov/1420/Past-Election-Results,2026-08-25,Current holder not safely resolved from post-election official evidence; not presumed vacant.
Swampscott,swampscott-ma/representative-town-meeting,269,,unresolved,https://www.swampscottma.gov/1420/Past-Election-Results,2026-08-25,Current holder not safely resolved from post-election official evidence; not presumed vacant.
Swampscott,swampscott-ma/representative-town-meeting,270,,unresolved,https://www.swampscottma.gov/1420/Past-Election-Results,2026-08-25,Current holder not safely resolved from post-election official evidence; not presumed vacant.
Swampscott,swampscott-ma/representative-town-meeting,271,,unresolved,https://www.swampscottma.gov/1420/Past-Election-Results,2026-08-25,Current holder not safely resolved from post-election official evidence; not presumed vacant.
Swampscott,swampscott-ma/representative-town-meeting,272,,unresolved,https://www.swampscottma.gov/1420/Past-Election-Results,2026-08-25,Current holder not safely resolved from post-election official evidence; not presumed vacant.
Swampscott,swampscott-ma/representative-town-meeting,273,,unresolved,https://www.swampscottma.gov/1420/Past-Election-Results,2026-08-25,Current holder not safely resolved from post-election official evidence; not presumed vacant.
Swampscott,swampscott-ma/representative-town-meeting,274,,unresolved,https://www.swampscottma.gov/1420/Past-Election-Results,2026-08-25,Current holder not safely resolved from post-election official evidence; not presumed vacant.
Swampscott,swampscott-ma/representative-town-meeting,275,,unresolved,https://www.swampscottma.gov/1420/Past-Election-Results,2026-08-25,Current holder not safely resolved from post-election official evidence; not presumed vacant.
Swampscott,swampscott-ma/representative-town-meeting,276,,unresolved,https://www.swampscottma.gov/1420/Past-Election-Results,2026-08-25,Current holder not safely resolved from post-election official evidence; not presumed vacant.
Swampscott,swampscott-ma/representative-town-meeting,277,,unresolved,https://www.swampscottma.gov/1420/Past-Election-Results,2026-08-25,Current holder not safely resolved from post-election official evidence; not presumed vacant.
Swampscott,swampscott-ma/representative-town-meeting,278,,unresolved,https://www.swampscottma.gov/1420/Past-Election-Results,2026-08-25,Current holder not safely resolved from post-election official evidence; not presumed vacant.
Swampscott,swampscott-ma/representative-town-meeting,279,,unresolved,https://www.swampscottma.gov/1420/Past-Election-Results,2026-08-25,Current holder not safely resolved from post-election official evidence; not presumed vacant.
Swampscott,swampscott-ma/representative-town-meeting,280,,unresolved,https://www.swampscottma.gov/1420/Past-Election-Results,2026-08-25,Current holder not safely resolved from post-election official evidence; not presumed vacant.
Swampscott,swampscott-ma/representative-town-meeting,281,,unresolved,https://www.swampscottma.gov/1420/Past-Election-Results,2026-08-25,Current holder not safely resolved from post-election official evidence; not presumed vacant.
Swampscott,swampscott-ma/representative-town-meeting,282,,unresolved,https://www.swampscottma.gov/1420/Past-Election-Results,2026-08-25,Current holder not safely resolved from post-election official evidence; not presumed vacant.
Swampscott,swampscott-ma/representative-town-meeting,283,,unresolved,https://www.swampscottma.gov/1420/Past-Election-Results,2026-08-25,Current holder not safely resolved from post-election official evidence; not presumed vacant.
Swampscott,swampscott-ma/representative-town-meeting,284,,unresolved,https://www.swampscottma.gov/1420/Past-Election-Results,2026-08-25,Current holder not safely resolved from post-election official evidence; not presumed vacant.
Swampscott,swampscott-ma/representative-town-meeting,285,,unresolved,https://www.swampscottma.gov/1420/Past-Election-Results,2026-08-25,Current holder not safely resolved from post-election official evidence; not presumed vacant.
Swampscott,swampscott-ma/representative-town-meeting,286,,unresolved,https://www.swampscottma.gov/1420/Past-Election-Results,2026-08-25,Current holder not safely resolved from post-election official evidence; not presumed vacant.
Swampscott,swampscott-ma/representative-town-meeting,287,,unresolved,https://www.swampscottma.gov/1420/Past-Election-Results,2026-08-25,Current holder not safely resolved from post-election official evidence; not presumed vacant.
Swampscott,swampscott-ma/representative-town-meeting,288,,unresolved,https://www.swampscottma.gov/1420/Past-Election-Results,2026-08-25,Current holder not safely resolved from post-election official evidence; not presumed vacant.
Swampscott,swampscott-ma/representative-town-meeting,289,,unresolved,https://www.swampscottma.gov/1420/Past-Election-Results,2026-08-25,Current holder not safely resolved from post-election official evidence; not presumed vacant.
Swampscott,swampscott-ma/representative-town-meeting,290,,unresolved,https://www.swampscottma.gov/1420/Past-Election-Results,2026-08-25,Current holder not safely resolved from post-election official evidence; not presumed vacant.
Swampscott,swampscott-ma/representative-town-meeting,291,,unresolved,https://www.swampscottma.gov/1420/Past-Election-Results,2026-08-25,Current holder not safely resolved from post-election official evidence; not presumed vacant.
Swampscott,swampscott-ma/representative-town-meeting,292,,unresolved,https://www.swampscottma.gov/1420/Past-Election-Results,2026-08-25,Current holder not safely resolved from post-election official evidence; not presumed vacant.
Swampscott,swampscott-ma/representative-town-meeting,293,,unresolved,https://www.swampscottma.gov/1420/Past-Election-Results,2026-08-25,Current holder not safely resolved from post-election official evidence; not presumed vacant.
Swampscott,swampscott-ma/representative-town-meeting,294,,unresolved,https://www.swampscottma.gov/1420/Past-Election-Results,2026-08-25,Current holder not safely resolved from post-election official evidence; not presumed vacant.
Swampscott,swampscott-ma/representative-town-meeting,295,,unresolved,https://www.swampscottma.gov/1420/Past-Election-Results,2026-08-25,Current holder not safely resolved from post-election official evidence; not presumed vacant.
Swampscott,swampscott-ma/representative-town-meeting,296,,unresolved,https://www.swampscottma.gov/1420/Past-Election-Results,2026-08-25,Current holder not safely resolved from post-election official evidence; not presumed vacant.
Swampscott,swampscott-ma/representative-town-meeting,297,,unresolved,https://www.swampscottma.gov/1420/Past-Election-Results,2026-08-25,Current holder not safely resolved from post-election official evidence; not presumed vacant.
Swampscott,swampscott-ma/representative-town-meeting,298,,unresolved,https://www.swampscottma.gov/1420/Past-Election-Results,2026-08-25,Current holder not safely resolved from post-election official evidence; not presumed vacant.
Swampscott,swampscott-ma/representative-town-meeting,299,,unresolved,https://www.swampscottma.gov/1420/Past-Election-Results,2026-08-25,Current holder not safely resolved from post-election official evidence; not presumed vacant.
Swampscott,swampscott-ma/representative-town-meeting,300,,unresolved,https://www.swampscottma.gov/1420/Past-Election-Results,2026-08-25,Current holder not safely resolved from post-election official evidence; not presumed vacant.
Swampscott,swampscott-ma/representative-town-meeting,301,,unresolved,https://www.swampscottma.gov/1420/Past-Election-Results,2026-08-25,Current holder not safely resolved from post-election official evidence; not presumed vacant.
Swampscott,swampscott-ma/representative-town-meeting,302,,unresolved,https://www.swampscottma.gov/1420/Past-Election-Results,2026-08-25,Current holder not safely resolved from post-election official evidence; not presumed vacant.
Swampscott,swampscott-ma/representative-town-meeting,303,,unresolved,https://www.swampscottma.gov/1420/Past-Election-Results,2026-08-25,Current holder not safely resolved from post-election official evidence; not presumed vacant.
Swampscott,swampscott-ma/representative-town-meeting,304,,unresolved,https://www.swampscottma.gov/1420/Past-Election-Results,2026-08-25,Current holder not safely resolved from post-election official evidence; not presumed vacant.
Swampscott,swampscott-ma/representative-town-meeting,305,,unresolved,https://www.swampscottma.gov/1420/Past-Election-Results,2026-08-25,Current holder not safely resolved from post-election official evidence; not presumed vacant.
Swampscott,swampscott-ma/representative-town-meeting,306,,unresolved,https://www.swampscottma.gov/1420/Past-Election-Results,2026-08-25,Current holder not safely resolved from post-election official evidence; not presumed vacant.
Swampscott,swampscott-ma/representative-town-meeting,307,,unresolved,https://www.swampscottma.gov/1420/Past-Election-Results,2026-08-25,Current holder not safely resolved from post-election official evidence; not presumed vacant.
Swampscott,swampscott-ma/representative-town-meeting,308,,unresolved,https://www.swampscottma.gov/1420/Past-Election-Results,2026-08-25,Current holder not safely resolved from post-election official evidence; not presumed vacant.
Swampscott,swampscott-ma/representative-town-meeting,309,,unresolved,https://www.swampscottma.gov/1420/Past-Election-Results,2026-08-25,Current holder not safely resolved from post-election official evidence; not presumed vacant.
Swampscott,swampscott-ma/representative-town-meeting,310,,unresolved,https://www.swampscottma.gov/1420/Past-Election-Results,2026-08-25,Current holder not safely resolved from post-election official evidence; not presumed vacant.
Swampscott,swampscott-ma/representative-town-meeting,311,,unresolved,https://www.swampscottma.gov/1420/Past-Election-Results,2026-08-25,Current holder not safely resolved from post-election official evidence; not presumed vacant.
Swampscott,swampscott-ma/representative-town-meeting,312,,unresolved,https://www.swampscottma.gov/1420/Past-Election-Results,2026-08-25,Current holder not safely resolved from post-election official evidence; not presumed vacant.
Swampscott,swampscott-ma/representative-town-meeting,313,,unresolved,https://www.swampscottma.gov/1420/Past-Election-Results,2026-08-25,Current holder not safely resolved from post-election official evidence; not presumed vacant.
Swampscott,swampscott-ma/representative-town-meeting,314,,unresolved,https://www.swampscottma.gov/1420/Past-Election-Results,2026-08-25,Current holder not safely resolved from post-election official evidence; not presumed vacant.
Swampscott,swampscott-ma/representative-town-meeting,315,,unresolved,https://www.swampscottma.gov/1420/Past-Election-Results,2026-08-25,Current holder not safely resolved from post-election official evidence; not presumed vacant.
Swampscott,swampscott-ma/representative-town-meeting,316,,unresolved,https://www.swampscottma.gov/1420/Past-Election-Results,2026-08-25,Current holder not safely resolved from post-election official evidence; not presumed vacant.
Swampscott,swampscott-ma/representative-town-meeting,317,,unresolved,https://www.swampscottma.gov/1420/Past-Election-Results,2026-08-25,Current holder not safely resolved from post-election official evidence; not presumed vacant.
Swampscott,swampscott-ma/representative-town-meeting,318,,unresolved,https://www.swampscottma.gov/1420/Past-Election-Results,2026-08-25,Current holder not safely resolved from post-election official evidence; not presumed vacant.
Swampscott,swampscott-ma/representative-town-meeting,319,,unresolved,https://www.swampscottma.gov/1420/Past-Election-Results,2026-08-25,Current holder not safely resolved from post-election official evidence; not presumed vacant.
Swampscott,swampscott-ma/representative-town-meeting,320,,unresolved,https://www.swampscottma.gov/1420/Past-Election-Results,2026-08-25,Current holder not safely resolved from post-election official evidence; not presumed vacant.
Swampscott,swampscott-ma/representative-town-meeting,321,,unresolved,https://www.swampscottma.gov/1420/Past-Election-Results,2026-08-25,Current holder not safely resolved from post-election official evidence; not presumed vacant.
Swampscott,swampscott-ma/representative-town-meeting,322,,unresolved,https://www.swampscottma.gov/1420/Past-Election-Results,2026-08-25,Current holder not safely resolved from post-election official evidence; not presumed vacant.
Swampscott,swampscott-ma/representative-town-meeting,323,,unresolved,https://www.swampscottma.gov/1420/Past-Election-Results,2026-08-25,Current holder not safely resolved from post-election official evidence; not presumed vacant.
Swampscott,swampscott-ma/representative-town-meeting,324,,unresolved,https://www.swampscottma.gov/1420/Past-Election-Results,2026-08-25,Current holder not safely resolved from post-election official evidence; not presumed vacant.
Swansea,swansea-ma/select-board,1,,unresolved,https://www.swanseama.gov/swansea%20enews-apr-may%2024.pdf,2026-08-25,Current holder not safely resolved from post-election official evidence; not presumed vacant.
Swansea,swansea-ma/select-board,2,,unresolved,https://www.swanseama.gov/swansea%20enews-apr-may%2024.pdf,2026-08-25,Current holder not safely resolved from post-election official evidence; not presumed vacant.
Swansea,swansea-ma/select-board,3,,unresolved,https://www.swanseama.gov/swansea%20enews-apr-may%2024.pdf,2026-08-25,Current holder not safely resolved from post-election official evidence; not presumed vacant.
Swansea,swansea-ma/town-clerk,1,,unresolved,https://www.swanseama.gov/swansea%20enews-apr-may%2024.pdf,2026-08-25,Current holder not safely resolved from post-election official evidence; not presumed vacant.
Swansea,swansea-ma/treasurer-collector,1,,unresolved,https://www.swanseama.gov/swansea%20enews-apr-may%2024.pdf,2026-08-25,Current holder not safely resolved from post-election official evidence; not presumed vacant.
Swansea,swansea-ma/board-assessors,1,,unresolved,https://www.swanseama.gov/swansea%20enews-apr-may%2024.pdf,2026-08-25,Current holder not safely resolved from post-election official evidence; not presumed vacant.
Swansea,swansea-ma/board-assessors,2,,unresolved,https://www.swanseama.gov/swansea%20enews-apr-may%2024.pdf,2026-08-25,Current holder not safely resolved from post-election official evidence; not presumed vacant.
Swansea,swansea-ma/board-assessors,3,,unresolved,https://www.swanseama.gov/swansea%20enews-apr-may%2024.pdf,2026-08-25,Current holder not safely resolved from post-election official evidence; not presumed vacant.
Swansea,swansea-ma/school-committee,1,,unresolved,https://www.swanseama.gov/swansea%20enews-apr-may%2024.pdf,2026-08-25,Current holder not safely resolved from post-election official evidence; not presumed vacant.
Swansea,swansea-ma/school-committee,2,,unresolved,https://www.swanseama.gov/swansea%20enews-apr-may%2024.pdf,2026-08-25,Current holder not safely resolved from post-election official evidence; not presumed vacant.
Swansea,swansea-ma/school-committee,3,,unresolved,https://www.swanseama.gov/swansea%20enews-apr-may%2024.pdf,2026-08-25,Current holder not safely resolved from post-election official evidence; not presumed vacant.
Swansea,swansea-ma/school-committee,4,,unresolved,https://www.swanseama.gov/swansea%20enews-apr-may%2024.pdf,2026-08-25,Current holder not safely resolved from post-election official evidence; not presumed vacant.
Swansea,swansea-ma/school-committee,5,,unresolved,https://www.swanseama.gov/swansea%20enews-apr-may%2024.pdf,2026-08-25,Current holder not safely resolved from post-election official evidence; not presumed vacant.
Swansea,swansea-ma/diman-regional-school-committee,1,,unresolved,https://www.swanseama.gov/swansea%20enews-apr-may%2024.pdf,2026-08-25,Current holder not safely resolved from post-election official evidence; not presumed vacant.
Swansea,swansea-ma/moderator,1,,unresolved,https://www.swanseama.gov/swansea%20enews-apr-may%2024.pdf,2026-08-25,Current holder not safely resolved from post-election official evidence; not presumed vacant.
Swansea,swansea-ma/tree-warden,1,,unresolved,https://www.swanseama.gov/swansea%20enews-apr-may%2024.pdf,2026-08-25,Current holder not safely resolved from post-election official evidence; not presumed vacant.
Swansea,swansea-ma/library-trustee,1,,unresolved,https://www.swanseama.gov/swansea%20enews-apr-may%2024.pdf,2026-08-25,Current holder not safely resolved from post-election official evidence; not presumed vacant.
Swansea,swansea-ma/library-trustee,2,,unresolved,https://www.swanseama.gov/swansea%20enews-apr-may%2024.pdf,2026-08-25,Current holder not safely resolved from post-election official evidence; not presumed vacant.
Swansea,swansea-ma/library-trustee,3,,unresolved,https://www.swanseama.gov/swansea%20enews-apr-may%2024.pdf,2026-08-25,Current holder not safely resolved from post-election official evidence; not presumed vacant.
Swansea,swansea-ma/library-trustee,4,,unresolved,https://www.swanseama.gov/swansea%20enews-apr-may%2024.pdf,2026-08-25,Current holder not safely resolved from post-election official evidence; not presumed vacant.
Swansea,swansea-ma/library-trustee,5,,unresolved,https://www.swanseama.gov/swansea%20enews-apr-may%2024.pdf,2026-08-25,Current holder not safely resolved from post-election official evidence; not presumed vacant.
Swansea,swansea-ma/library-trustee,6,,unresolved,https://www.swanseama.gov/swansea%20enews-apr-may%2024.pdf,2026-08-25,Current holder not safely resolved from post-election official evidence; not presumed vacant.
Swansea,swansea-ma/planning-board,1,,unresolved,https://www.swanseama.gov/swansea%20enews-apr-may%2024.pdf,2026-08-25,Current holder not safely resolved from post-election official evidence; not presumed vacant.
Swansea,swansea-ma/planning-board,2,,unresolved,https://www.swanseama.gov/swansea%20enews-apr-may%2024.pdf,2026-08-25,Current holder not safely resolved from post-election official evidence; not presumed vacant.
Swansea,swansea-ma/planning-board,3,,unresolved,https://www.swanseama.gov/swansea%20enews-apr-may%2024.pdf,2026-08-25,Current holder not safely resolved from post-election official evidence; not presumed vacant.
Swansea,swansea-ma/planning-board,4,,unresolved,https://www.swanseama.gov/swansea%20enews-apr-may%2024.pdf,2026-08-25,Current holder not safely resolved from post-election official evidence; not presumed vacant.
Swansea,swansea-ma/planning-board,5,,unresolved,https://www.swanseama.gov/swansea%20enews-apr-may%2024.pdf,2026-08-25,Current holder not safely resolved from post-election official evidence; not presumed vacant.
Swansea,swansea-ma/parks-commission,1,,unresolved,https://www.swanseama.gov/swansea%20enews-apr-may%2024.pdf,2026-08-25,Current holder not safely resolved from post-election official evidence; not presumed vacant.
Swansea,swansea-ma/parks-commission,2,,unresolved,https://www.swanseama.gov/swansea%20enews-apr-may%2024.pdf,2026-08-25,Current holder not safely resolved from post-election official evidence; not presumed vacant.
Swansea,swansea-ma/parks-commission,3,,unresolved,https://www.swanseama.gov/swansea%20enews-apr-may%2024.pdf,2026-08-25,Current holder not safely resolved from post-election official evidence; not presumed vacant.
Swansea,swansea-ma/parks-commission,4,,unresolved,https://www.swanseama.gov/swansea%20enews-apr-may%2024.pdf,2026-08-25,Current holder not safely resolved from post-election official evidence; not presumed vacant.
Swansea,swansea-ma/parks-commission,5,,unresolved,https://www.swanseama.gov/swansea%20enews-apr-may%2024.pdf,2026-08-25,Current holder not safely resolved from post-election official evidence; not presumed vacant.
Swansea,swansea-ma/sewer-commission,1,,unresolved,https://www.swanseama.gov/swansea%20enews-apr-may%2024.pdf,2026-08-25,Current holder not safely resolved from post-election official evidence; not presumed vacant.
Swansea,swansea-ma/sewer-commission,2,,unresolved,https://www.swanseama.gov/swansea%20enews-apr-may%2024.pdf,2026-08-25,Current holder not safely resolved from post-election official evidence; not presumed vacant.
Swansea,swansea-ma/sewer-commission,3,,unresolved,https://www.swanseama.gov/swansea%20enews-apr-may%2024.pdf,2026-08-25,Current holder not safely resolved from post-election official evidence; not presumed vacant.
Taunton,taunton-ma/mayor,1,Shaunna O'Connell,verified-current,https://www.taunton-ma.gov/337/Mayors-Office,2026-08-25,Current official municipal roster/source supports holder.
Taunton,taunton-ma/municipal-council,1,Debra A. Botellio,verified-current,https://www.taunton-ma.gov/398/City-Council,2026-08-25,Current official municipal roster/source supports holder.
Taunton,taunton-ma/municipal-council,2,Deborah A. Carr,verified-current,https://www.taunton-ma.gov/398/City-Council,2026-08-25,Current official municipal roster/source supports holder.
Taunton,taunton-ma/municipal-council,3,David F. Chaves,verified-current,https://www.taunton-ma.gov/398/City-Council,2026-08-25,Current official municipal roster/source supports holder.
Taunton,taunton-ma/municipal-council,4,Edward A. Correira,verified-current,https://www.taunton-ma.gov/398/City-Council,2026-08-25,Current official municipal roster/source supports holder.
Taunton,taunton-ma/municipal-council,5,Phillip Duarte,verified-current,https://www.taunton-ma.gov/398/City-Council,2026-08-25,Current official municipal roster/source supports holder.
Taunton,taunton-ma/municipal-council,6,Scott Martin,verified-current,https://www.taunton-ma.gov/398/City-Council,2026-08-25,Current official municipal roster/source supports holder.
Taunton,taunton-ma/municipal-council,7,John M. McCaul,verified-current,https://www.taunton-ma.gov/398/City-Council,2026-08-25,Current official municipal roster/source supports holder.
Taunton,taunton-ma/municipal-council,8,David W. Pottier,verified-current,https://www.taunton-ma.gov/398/City-Council,2026-08-25,Current official municipal roster/source supports holder.
Taunton,taunton-ma/municipal-council,9,Barry C. Sanders,verified-current,https://www.taunton-ma.gov/398/City-Council,2026-08-25,Current official municipal roster/source supports holder.
Taunton,taunton-ma/school-committee,1,,unresolved,https://www.taunton-ma.gov/398/City-Council,2026-08-25,Current holder not safely resolved from post-election official evidence; not presumed vacant.
Taunton,taunton-ma/school-committee,2,,unresolved,https://www.taunton-ma.gov/398/City-Council,2026-08-25,Current holder not safely resolved from post-election official evidence; not presumed vacant.
Taunton,taunton-ma/school-committee,3,,unresolved,https://www.taunton-ma.gov/398/City-Council,2026-08-25,Current holder not safely resolved from post-election official evidence; not presumed vacant.
Taunton,taunton-ma/school-committee,4,,unresolved,https://www.taunton-ma.gov/398/City-Council,2026-08-25,Current holder not safely resolved from post-election official evidence; not presumed vacant.
Taunton,taunton-ma/school-committee,5,,unresolved,https://www.taunton-ma.gov/398/City-Council,2026-08-25,Current holder not safely resolved from post-election official evidence; not presumed vacant.
Taunton,taunton-ma/school-committee,6,,unresolved,https://www.taunton-ma.gov/398/City-Council,2026-08-25,Current holder not safely resolved from post-election official evidence; not presumed vacant.
Taunton,taunton-ma/school-committee,7,,unresolved,https://www.taunton-ma.gov/398/City-Council,2026-08-25,Current holder not safely resolved from post-election official evidence; not presumed vacant.
Taunton,taunton-ma/school-committee,8,,unresolved,https://www.taunton-ma.gov/398/City-Council,2026-08-25,Current holder not safely resolved from post-election official evidence; not presumed vacant.
Taunton,taunton-ma/planning-board,1,Anthony Abreau,verified-current,https://www.taunton-ma.gov/409/Planning-Board,2026-08-25,Current official municipal roster/source supports holder.
Taunton,taunton-ma/planning-board,2,Dennis Ackerman,verified-current,https://www.taunton-ma.gov/409/Planning-Board,2026-08-25,Current official municipal roster/source supports holder.
Taunton,taunton-ma/planning-board,3,John Reardon,verified-current,https://www.taunton-ma.gov/409/Planning-Board,2026-08-25,Current official municipal roster/source supports holder.
Taunton,taunton-ma/planning-board,4,Brian Carr,verified-current,https://www.taunton-ma.gov/409/Planning-Board,2026-08-25,Current official municipal roster/source supports holder.
Taunton,taunton-ma/planning-board,5,George Moniz,verified-current,https://www.taunton-ma.gov/409/Planning-Board,2026-08-25,Current official municipal roster/source supports holder.
Taunton,taunton-ma/planning-board,6,Jordan Fiore,verified-current,https://www.taunton-ma.gov/409/Planning-Board,2026-08-25,Current official municipal roster/source supports holder.
Taunton,taunton-ma/planning-board,7,Peter Thomas,verified-current,https://www.taunton-ma.gov/409/Planning-Board,2026-08-25,Current official municipal roster/source supports holder.
Taunton,taunton-ma/zoning-board-appeals,1,Steve Vieira,verified-current,https://www.taunton-ma.gov/423/Zoning-Board-of-Appeals,2026-08-25,Current official municipal roster/source supports holder.
Taunton,taunton-ma/zoning-board-appeals,2,Craig Faria,verified-current,https://www.taunton-ma.gov/423/Zoning-Board-of-Appeals,2026-08-25,Current official municipal roster/source supports holder.
Taunton,taunton-ma/zoning-board-appeals,3,John Doherty,verified-current,https://www.taunton-ma.gov/423/Zoning-Board-of-Appeals,2026-08-25,Current official municipal roster/source supports holder.
Taunton,taunton-ma/zoning-board-appeals,4,John Joyce,verified-current,https://www.taunton-ma.gov/423/Zoning-Board-of-Appeals,2026-08-25,Current official municipal roster/source supports holder.
Taunton,taunton-ma/zoning-board-appeals,5,Dennis Ackerman,verified-current,https://www.taunton-ma.gov/423/Zoning-Board-of-Appeals,2026-08-25,Current official municipal roster/source supports holder.
Taunton,taunton-ma/zoning-board-appeals,6,Edward Correira,verified-current,https://www.taunton-ma.gov/423/Zoning-Board-of-Appeals,2026-08-25,Current official municipal roster/source supports holder.
Taunton,taunton-ma/zoning-board-appeals,7,Seth Turner,verified-current,https://www.taunton-ma.gov/423/Zoning-Board-of-Appeals,2026-08-25,Current official municipal roster/source supports holder.
Taunton,taunton-ma/tmlp-commission,1,,unresolved,https://www.taunton-ma.gov/398/City-Council,2026-08-25,Current holder not safely resolved from post-election official evidence; not presumed vacant.
Taunton,taunton-ma/tmlp-commission,2,,unresolved,https://www.taunton-ma.gov/398/City-Council,2026-08-25,Current holder not safely resolved from post-election official evidence; not presumed vacant.
Taunton,taunton-ma/tmlp-commission,3,,unresolved,https://www.taunton-ma.gov/398/City-Council,2026-08-25,Current holder not safely resolved from post-election official evidence; not presumed vacant.
